ODB Name,Step,Frame,Part Instance Name,      µ¥Ôª±êÇ©,         IntPt,X,Y,Z,Section Name,Material Name,Section Point,S-Max. In-Plane Principal,S-Min. In-Plane Principal,         S-S11,         S-S22,         S-S12
F:/Desktop/DeepOnet_Abaqus/StaticElasticJob3.odb,Step-1,Increment      1: Step Time =    1.000,"PLATE-1",             1,             1,      -1.75538,   955.946E-03,            0.,"ASSEMBLY_PLATE-1__PICKEDSET2","ROCK","",      -1.00694,      -1.22464,      -1.22396,      -1.00762,  -12.1458E-03
F:/Desktop/DeepOnet_Abaqus/StaticElasticJob3.odb,Step-1,Increment      1: Step Time =    1.000,"PLATE-1",             2,             1,      -1.75634,   257.410E-03,            0.,"ASSEMBLY_PLATE-1__PICKEDSET2","ROCK","",      -1.01752,      -1.21183,      -1.21172,      -1.01762,  -4.52551E-03
F:/Desktop/DeepOnet_Abaqus/StaticElasticJob3.odb,Step-1,Increment      1: Step Time =    1.000,"PLATE-1",             3,             1,      -2.07393,      -1.08534,            0.,"ASSEMBLY_PLATE-1__PICKEDSET2","ROCK","",      -1.00573,      -1.22827,      -1.22789,      -1.00611,   9.24438E-03
F:/Desktop/DeepOnet_Abaqus/StaticElasticJob3.odb,Step-1,Increment      1: Step Time =    1.000,"PLATE-1",             4,             1,       1.43363,       1.77982,            0.,"ASSEMBLY_PLATE-1__PICKEDSET2","ROCK","",      -1.00030,      -1.23720,      -1.23670,      -1.00080,   10.8807E-03
F:/Desktop/DeepOnet_Abaqus/StaticElasticJob3.odb,Step-1,Increment      1: Step Time =    1.000,"PLATE-1",             5,             1,       1.75124,       1.34711,            0.,"ASSEMBLY_PLATE-1__PICKEDSET2","ROCK","",      -1.00448,      -1.23259,      -1.23196,      -1.00511,   11.9145E-03
F:/Desktop/DeepOnet_Abaqus/StaticElasticJob3.odb,Step-1,Increment      1: Step Time =    1.000,"PLATE-1",             6,             1,       1.89577,      -1.66937,            0.,"ASSEMBLY_PLATE-1__PICKEDSET2","ROCK","",      -1.00031,      -1.23256,      -1.23216,      -1.00071,  -9.68119E-03
F:/Desktop/DeepOnet_Abaqus/StaticElasticJob3.odb,Step-1,Increment      1: Step Time =    1.000,"PLATE-1",             7,             1,  -10.7208E-03,       1.82307,            0.,"ASSEMBLY_PLATE-1__PICKEDSET2","ROCK","",  -988.725E-03,      -1.24831,      -1.24828,  -988.752E-03,  -2.67589E-03
F:/Desktop/DeepOnet_Abaqus/StaticElasticJob3.odb,Step-1,Increment      1: Step Time =    1.000,"PLATE-1",             8,             1,  -838.834E-03,      -1.99729,            0.,"ASSEMBLY_PLATE-1__PICKEDSET2","ROCK","",  -997.406E-03,      -1.24021,      -1.24005,  -997.569E-03,   6.28430E-03
F:/Desktop/DeepOnet_Abaqus/StaticElasticJob3.odb,Step-1,Increment      1: Step Time =    1.000,"PLATE-1",             9,             1,       1.91612,      -1.49343,            0.,"ASSEMBLY_PLATE-1__PICKEDSET2","ROCK","",      -1.00093,      -1.23164,      -1.23118,      -1.00139,  -10.2919E-03
F:/Desktop/DeepOnet_Abaqus/StaticElasticJob3.odb,Step-1,Increment      1: Step Time =    1.000,"PLATE-1",            10,             1,      -1.78745,  -504.603E-03,            0.,"ASSEMBLY_PLATE-1__PICKEDSET2","ROCK","",      -1.01228,      -1.22007,      -1.21950,      -1.01285,   10.8533E-03
F:/Desktop/DeepOnet_Abaqus/StaticElasticJob3.odb,Step-1,Increment      1: Step Time =    1.000,"PLATE-1",            11,             1,       1.93542,   614.853E-03,            0.,"ASSEMBLY_PLATE-1__PICKEDSET2","ROCK","",      -1.01263,      -1.22150,      -1.22092,      -1.01321,   10.9811E-03
F:/Desktop/DeepOnet_Abaqus/StaticElasticJob3.odb,Step-1,Increment      1: Step Time =    1.000,"PLATE-1",            12,             1,   233.956E-03,       2.02500,            0.,"ASSEMBLY_PLATE-1__PICKEDSET2","ROCK","",  -991.019E-03,      -1.24635,      -1.24634,  -991.026E-03,   1.33706E-03
F:/Desktop/DeepOnet_Abaqus/StaticElasticJob3.odb,Step-1,Increment      1: Step Time =    1.000,"PLATE-1",            13,             1,       1.96404,      -1.22601,            0.,"ASSEMBLY_PLATE-1__PICKEDSET2","ROCK","",      -1.00330,      -1.22877,      -1.22819,      -1.00389,  -11.4896E-03
F:/Desktop/DeepOnet_Abaqus/StaticElasticJob3.odb,Step-1,Increment      1: Step Time =    1.000,"PLATE-1",            14,             1,      -1.30359,       2.04775,            0.,"ASSEMBLY_PLATE-1__PICKEDSET2","ROCK","",  -998.434E-03,      -1.23598,      -1.23574,  -998.677E-03,  -7.59630E-03
F:/Desktop/DeepOnet_Abaqus/StaticElasticJob3.odb,Step-1,Increment      1: Step Time =    1.000,"PLATE-1",            15,             1,       1.94018,  -895.239E-03,            0.,"ASSEMBLY_PLATE-1__PICKEDSET2","ROCK","",      -1.00714,      -1.22372,      -1.22300,      -1.00787,  -12.5044E-03
F:/Desktop/DeepOnet_Abaqus/StaticElasticJob3.odb,Step-1,Increment      1: Step Time =    1.000,"PLATE-1",            16,             1,   599.622E-03,       2.43406,            0.,"ASSEMBLY_PLATE-1__PICKEDSET2","ROCK","",  -996.142E-03,      -1.24040,      -1.24034,  -996.202E-03,   3.80976E-03
F:/Desktop/DeepOnet_Abaqus/StaticElasticJob3.odb,Step-1,Increment      1: Step Time =    1.000,"PLATE-1",            17,             1,      -2.04501,   302.024E-03,            0.,"ASSEMBLY_PLATE-1__PICKEDSET2","ROCK","",      -1.01328,      -1.21816,      -1.21811,      -1.01334,  -3.20960E-03
F:/Desktop/DeepOnet_Abaqus/StaticElasticJob3.odb,Step-1,Increment      1: Step Time =    1.000,"PLATE-1",            18,             1,       1.32360,      -2.03853,            0.,"ASSEMBLY_PLATE-1__PICKEDSET2","ROCK","",  -996.872E-03,      -1.23741,      -1.23722,  -997.066E-03,  -6.82359E-03
F:/Desktop/DeepOnet_Abaqus/StaticElasticJob3.odb,Step-1,Increment      1: Step Time =    1.000,"PLATE-1",            19,             1,       1.90745,       2.38975,            0.,"ASSEMBLY_PLATE-1__PICKEDSET2","ROCK","",      -1.00118,      -1.23405,      -1.23389,      -1.00133,   6.04450E-03
F:/Desktop/DeepOnet_Abaqus/StaticElasticJob3.odb,Step-1,Increment      1: Step Time =    1.000,"PLATE-1",            20,             1,       2.01432,   263.851E-03,            0.,"ASSEMBLY_PLATE-1__PICKEDSET2","ROCK","",      -1.01645,      -1.21599,      -1.21582,      -1.01662,   5.76474E-03
F:/Desktop/DeepOnet_Abaqus/StaticElasticJob3.odb,Step-1,Increment      1: Step Time =    1.000,"PLATE-1",            21,             1,   610.845E-03,      -2.21010,            0.,"ASSEMBLY_PLATE-1__PICKEDSET2","ROCK","",  -995.234E-03,      -1.24101,      -1.24099,  -995.259E-03,  -2.46784E-03
F:/Desktop/DeepOnet_Abaqus/StaticElasticJob3.odb,Step-1,Increment      1: Step Time =    1.000,"PLATE-1",            22,             1,      -2.52810,      -1.41091,            0.,"ASSEMBLY_PLATE-1__PICKEDSET2","ROCK","",      -1.00445,      -1.22941,      -1.22923,      -1.00462,   6.27876E-03
F:/Desktop/DeepOnet_Abaqus/StaticElasticJob3.odb,Step-1,Increment      1: Step Time =    1.000,"PLATE-1",            23,             1,      -2.33392,   765.089E-03,            0.,"ASSEMBLY_PLATE-1__PICKEDSET2","ROCK","",      -1.00889,      -1.22377,      -1.22359,      -1.00906,  -6.14294E-03
F:/Desktop/DeepOnet_Abaqus/StaticElasticJob3.odb,Step-1,Increment      1: Step Time =    1.000,"PLATE-1",            24,             1,      -2.82853,       1.62928,            0.,"ASSEMBLY_PLATE-1__PICKEDSET2","ROCK","",      -1.00476,      -1.22915,      -1.22905,      -1.00487,  -4.86196E-03
F:/Desktop/DeepOnet_Abaqus/StaticElasticJob3.odb,Step-1,Increment      1: Step Time =    1.000,"PLATE-1",            25,             1,      -1.67005,      -2.67326,            0.,"ASSEMBLY_PLATE-1__PICKEDSET2","ROCK","",      -1.00071,      -1.23343,      -1.23338,      -1.00076,   3.61374E-03
F:/Desktop/DeepOnet_Abaqus/StaticElasticJob3.odb,Step-1,Increment      1: Step Time =    1.000,"PLATE-1",            26,             1,      -1.47178,      -3.12651,            0.,"ASSEMBLY_PLATE-1__PICKEDSET2","ROCK","",      -1.00072,      -1.23352,      -1.23350,      -1.00074,   2.07234E-03
F:/Desktop/DeepOnet_Abaqus/StaticElasticJob3.odb,Step-1,Increment      1: Step Time =    1.000,"PLATE-1",            27,             1,      -1.77630,       1.23284,            0.,"ASSEMBLY_PLATE-1__PICKEDSET2","ROCK","",      -1.00394,      -1.22854,      -1.22798,      -1.00451,  -11.2733E-03
F:/Desktop/DeepOnet_Abaqus/StaticElasticJob3.odb,Step-1,Increment      1: Step Time =    1.000,"PLATE-1",            28,             1,       1.80501,  -583.146E-03,            0.,"ASSEMBLY_PLATE-1__PICKEDSET2","ROCK","",      -1.01165,      -1.21750,      -1.21674,      -1.01242,  -12.5092E-03
F:/Desktop/DeepOnet_Abaqus/StaticElasticJob3.odb,Step-1,Increment      1: Step Time =    1.000,"PLATE-1",            29,             1,       1.88560,  -563.830E-03,            0.,"ASSEMBLY_PLATE-1__PICKEDSET2","ROCK","",      -1.01186,      -1.21758,      -1.21691,      -1.01253,  -11.6842E-03
F:/Desktop/DeepOnet_Abaqus/StaticElasticJob3.odb,Step-1,Increment      1: Step Time =    1.000,"PLATE-1",            30,             1,      -1.97675,      -1.27339,            0.,"ASSEMBLY_PLATE-1__PICKEDSET2","ROCK","",      -1.00397,      -1.23058,      -1.23020,      -1.00435,   9.25705E-03
F:/Desktop/DeepOnet_Abaqus/StaticElasticJob3.odb,Step-1,Increment      1: Step Time =    1.000,"PLATE-1",            31,             1,       1.31656,       2.70784,            0.,"ASSEMBLY_PLATE-1__PICKEDSET2","ROCK","",  -999.405E-03,      -1.23580,      -1.23572,  -999.487E-03,   4.39543E-03
F:/Desktop/DeepOnet_Abaqus/StaticElasticJob3.odb,Step-1,Increment      1: Step Time =    1.000,"PLATE-1",            32,             1,      -1.23390,      -1.90112,            0.,"ASSEMBLY_PLATE-1__PICKEDSET2","ROCK","",  -998.973E-03,      -1.23756,      -1.23733,  -999.209E-03,   7.49671E-03
F:/Desktop/DeepOnet_Abaqus/StaticElasticJob3.odb,Step-1,Increment      1: Step Time =    1.000,"PLATE-1",            33,             1,  -252.328E-03,      -1.90542,            0.,"ASSEMBLY_PLATE-1__PICKEDSET2","ROCK","",  -994.155E-03,      -1.24482,      -1.24476,  -994.220E-03,   4.03807E-03
F:/Desktop/DeepOnet_Abaqus/StaticElasticJob3.odb,Step-1,Increment      1: Step Time =    1.000,"PLATE-1",            34,             1,      -2.04547,  -582.690E-03,            0.,"ASSEMBLY_PLATE-1__PICKEDSET2","ROCK","",      -1.01019,      -1.22219,      -1.22189,      -1.01049,   8.01258E-03
F:/Desktop/DeepOnet_Abaqus/StaticElasticJob3.odb,Step-1,Increment      1: Step Time =    1.000,"PLATE-1",            35,             1,       1.83101,  -416.530E-03,            0.,"ASSEMBLY_PLATE-1__PICKEDSET2","ROCK","",      -1.01441,      -1.21479,      -1.21435,      -1.01485,  -9.39493E-03
F:/Desktop/DeepOnet_Abaqus/StaticElasticJob3.odb,Step-1,Increment      1: Step Time =    1.000,"PLATE-1",            36,             1,      -2.31839,       1.07888,            0.,"ASSEMBLY_PLATE-1__PICKEDSET2","ROCK","",      -1.00695,      -1.22613,      -1.22590,      -1.00718,  -7.14841E-03
F:/Desktop/DeepOnet_Abaqus/StaticElasticJob3.odb,Step-1,Increment      1: Step Time =    1.000,"PLATE-1",            37,             1,       1.83423,   727.655E-03,            0.,"ASSEMBLY_PLATE-1__PICKEDSET2","ROCK","",      -1.01162,      -1.22364,      -1.22277,      -1.01249,   13.5769E-03
F:/Desktop/DeepOnet_Abaqus/StaticElasticJob3.odb,Step-1,Increment      1: Step Time =    1.000,"PLATE-1",            38,             1,       1.68657,       1.90490,            0.,"ASSEMBLY_PLATE-1__PICKEDSET2","ROCK","",      -1.00123,      -1.23513,      -1.23481,      -1.00155,   8.69780E-03
F:/Desktop/DeepOnet_Abaqus/StaticElasticJob3.odb,Step-1,Increment      1: Step Time =    1.000,"PLATE-1",            39,             1,  -314.870E-03,       1.81779,            0.,"ASSEMBLY_PLATE-1__PICKEDSET2","ROCK","",  -991.324E-03,      -1.24563,      -1.24546,  -991.487E-03,  -6.43207E-03
F:/Desktop/DeepOnet_Abaqus/StaticElasticJob3.odb,Step-1,Increment      1: Step Time =    1.000,"PLATE-1",            40,             1,      -2.26738,       1.48092,            0.,"ASSEMBLY_PLATE-1__PICKEDSET2","ROCK","",      -1.00421,      -1.22901,      -1.22877,      -1.00445,  -7.38427E-03
F:/Desktop/DeepOnet_Abaqus/StaticElasticJob3.odb,Step-1,Increment      1: Step Time =    1.000,"PLATE-1",            41,             1,      -2.19183,      -2.14837,            0.,"ASSEMBLY_PLATE-1__PICKEDSET2","ROCK","",      -1.00192,      -1.23208,      -1.23196,      -1.00204,   5.31570E-03
F:/Desktop/DeepOnet_Abaqus/StaticElasticJob3.odb,Step-1,Increment      1: Step Time =    1.000,"PLATE-1",            42,             1,      -1.84227,  -404.444E-03,            0.,"ASSEMBLY_PLATE-1__PICKEDSET2","ROCK","",      -1.01357,      -1.21800,      -1.21765,      -1.01392,   8.51664E-03
F:/Desktop/DeepOnet_Abaqus/StaticElasticJob3.odb,Step-1,Increment      1: Step Time =    1.000,"PLATE-1",            43,             1,       1.68159,      -1.71640,            0.,"ASSEMBLY_PLATE-1__PICKEDSET2","ROCK","",  -998.526E-03,      -1.23449,      -1.23405,  -998.964E-03,  -10.1592E-03
F:/Desktop/DeepOnet_Abaqus/StaticElasticJob3.odb,Step-1,Increment      1: Step Time =    1.000,"PLATE-1",            44,             1,   768.157E-03,      -1.89180,            0.,"ASSEMBLY_PLATE-1__PICKEDSET2","ROCK","",  -993.011E-03,      -1.24299,      -1.24285,  -993.148E-03,  -5.86810E-03
F:/Desktop/DeepOnet_Abaqus/StaticElasticJob3.odb,Step-1,Increment      1: Step Time =    1.000,"PLATE-1",            45,             1,       3.61680,      -3.61601,            0.,"ASSEMBLY_PLATE-1__PICKEDSET2","ROCK","",  -999.678E-03,      -1.22909,      -1.22908,  -999.678E-03,  -324.685E-06
F:/Desktop/DeepOnet_Abaqus/StaticElasticJob3.odb,Step-1,Increment      1: Step Time =    1.000,"PLATE-1",            46,             1,       1.44638,      -1.68581,            0.,"ASSEMBLY_PLATE-1__PICKEDSET2","ROCK","",  -996.757E-03,      -1.23655,      -1.23608,  -997.226E-03,  -10.5922E-03
F:/Desktop/DeepOnet_Abaqus/StaticElasticJob3.odb,Step-1,Increment      1: Step Time =    1.000,"PLATE-1",            47,             1,       1.42806,      -1.85316,            0.,"ASSEMBLY_PLATE-1__PICKEDSET2","ROCK","",  -996.737E-03,      -1.23706,      -1.23673,  -997.075E-03,  -8.99953E-03
F:/Desktop/DeepOnet_Abaqus/StaticElasticJob3.odb,Step-1,Increment      1: Step Time =    1.000,"PLATE-1",            48,             1,  -737.941E-03,      -1.68613,            0.,"ASSEMBLY_PLATE-1__PICKEDSET2","ROCK","",  -995.678E-03,      -1.24343,      -1.24310,  -996.011E-03,   9.07714E-03
F:/Desktop/DeepOnet_Abaqus/StaticElasticJob3.odb,Step-1,Increment      1: Step Time =    1.000,"PLATE-1",            49,             1,      -1.31883,      -1.78900,            0.,"ASSEMBLY_PLATE-1__PICKEDSET2","ROCK","",  -999.406E-03,      -1.23706,      -1.23674,  -999.724E-03,   8.69084E-03
F:/Desktop/DeepOnet_Abaqus/StaticElasticJob3.odb,Step-1,Increment      1: Step Time =    1.000,"PLATE-1",            50,             1,      -1.88467,      -1.63154,            0.,"ASSEMBLY_PLATE-1__PICKEDSET2","ROCK","",      -1.00230,      -1.23242,      -1.23213,      -1.00259,   8.22325E-03
F:/Desktop/DeepOnet_Abaqus/StaticElasticJob3.odb,Step-1,Increment      1: Step Time =    1.000,"PLATE-1",            51,             1,       3.61807,       3.61622,            0.,"ASSEMBLY_PLATE-1__PICKEDSET2","ROCK","",      -1.00014,      -1.22890,      -1.22890,      -1.00014,   141.764E-06
F:/Desktop/DeepOnet_Abaqus/StaticElasticJob3.odb,Step-1,Increment      1: Step Time =    1.000,"PLATE-1",            52,             1,       2.30718,       2.16900,            0.,"ASSEMBLY_PLATE-1__PICKEDSET2","ROCK","",      -1.00231,      -1.23207,      -1.23194,      -1.00243,   5.38218E-03
F:/Desktop/DeepOnet_Abaqus/StaticElasticJob3.odb,Step-1,Increment      1: Step Time =    1.000,"PLATE-1",            53,             1,       1.79172,       1.41776,            0.,"ASSEMBLY_PLATE-1__PICKEDSET2","ROCK","",      -1.00400,      -1.23302,      -1.23246,      -1.00457,   11.3787E-03
F:/Desktop/DeepOnet_Abaqus/StaticElasticJob3.odb,Step-1,Increment      1: Step Time =    1.000,"PLATE-1",            54,             1,       1.65907,       1.34833,            0.,"ASSEMBLY_PLATE-1__PICKEDSET2","ROCK","",      -1.00422,      -1.23338,      -1.23266,      -1.00493,   12.8175E-03
F:/Desktop/DeepOnet_Abaqus/StaticElasticJob3.odb,Step-1,Increment      1: Step Time =    1.000,"PLATE-1",            55,             1,       1.82092,      -1.18868,            0.,"ASSEMBLY_PLATE-1__PICKEDSET2","ROCK","",      -1.00247,      -1.22914,      -1.22838,      -1.00323,  -13.0954E-03
F:/Desktop/DeepOnet_Abaqus/StaticElasticJob3.odb,Step-1,Increment      1: Step Time =    1.000,"PLATE-1",            56,             1,       1.68076,      -1.56854,            0.,"ASSEMBLY_PLATE-1__PICKEDSET2","ROCK","",  -998.817E-03,      -1.23404,      -1.23351,  -999.343E-03,  -11.1189E-03
F:/Desktop/DeepOnet_Abaqus/StaticElasticJob3.odb,Step-1,Increment      1: Step Time =    1.000,"PLATE-1",            57,             1,      -3.62712,       3.62559,            0.,"ASSEMBLY_PLATE-1__PICKEDSET2","ROCK","",      -1.00012,      -1.22888,      -1.22888,      -1.00012,  -122.688E-06
F:/Desktop/DeepOnet_Abaqus/StaticElasticJob3.odb,Step-1,Increment      1: Step Time =    1.000,"PLATE-1",            58,             1,      -2.30900,       3.02602,            0.,"ASSEMBLY_PLATE-1__PICKEDSET2","ROCK","",      -1.00057,      -1.23196,      -1.23192,      -1.00061,  -2.98184E-03
F:/Desktop/DeepOnet_Abaqus/StaticElasticJob3.odb,Step-1,Increment      1: Step Time =    1.000,"PLATE-1",            59,             1,      -1.50243,       1.85095,            0.,"ASSEMBLY_PLATE-1__PICKEDSET2","ROCK","",  -999.370E-03,      -1.23452,      -1.23419,  -999.699E-03,  -8.79329E-03
F:/Desktop/DeepOnet_Abaqus/StaticElasticJob3.odb,Step-1,Increment      1: Step Time =    1.000,"PLATE-1",            60,             1,      -1.34053,       1.65610,            0.,"ASSEMBLY_PLATE-1__PICKEDSET2","ROCK","",  -998.617E-03,      -1.23542,      -1.23492,  -999.117E-03,  -10.8711E-03
F:/Desktop/DeepOnet_Abaqus/StaticElasticJob3.odb,Step-1,Increment      1: Step Time =    1.000,"PLATE-1",            61,             1,       1.35399,       1.80200,            0.,"ASSEMBLY_PLATE-1__PICKEDSET2","ROCK","",  -999.808E-03,      -1.23757,      -1.23706,      -1.00032,   11.0527E-03
F:/Desktop/DeepOnet_Abaqus/StaticElasticJob3.odb,Step-1,Increment      1: Step Time =    1.000,"PLATE-1",            62,             1,       1.50949,       1.85297,            0.,"ASSEMBLY_PLATE-1__PICKEDSET2","ROCK","",      -1.00052,      -1.23629,      -1.23589,      -1.00091,   9.66483E-03
F:/Desktop/DeepOnet_Abaqus/StaticElasticJob3.odb,Step-1,Increment      1: Step Time =    1.000,"PLATE-1",            63,             1,       2.10580,       2.54977,            0.,"ASSEMBLY_PLATE-1__PICKEDSET2","ROCK","",      -1.00131,      -1.23278,      -1.23269,      -1.00140,   4.59709E-03
F:/Desktop/DeepOnet_Abaqus/StaticElasticJob3.odb,Step-1,Increment      1: Step Time =    1.000,"PLATE-1",            64,             1,      -3.58801,      -3.58425,            0.,"ASSEMBLY_PLATE-1__PICKEDSET2","ROCK","",  -998.946E-03,      -1.22912,      -1.22912,  -998.946E-03,   360.493E-06
F:/Desktop/DeepOnet_Abaqus/StaticElasticJob3.odb,Step-1,Increment      1: Step Time =    1.000,"PLATE-1",            65,             1,      -1.93143,      -3.16849,            0.,"ASSEMBLY_PLATE-1__PICKEDSET2","ROCK","",      -1.00087,      -1.23249,      -1.23247,      -1.00088,   2.05239E-03
F:/Desktop/DeepOnet_Abaqus/StaticElasticJob3.odb,Step-1,Increment      1: Step Time =    1.000,"PLATE-1",            66,             1,      -1.68833,      -1.35779,            0.,"ASSEMBLY_PLATE-1__PICKEDSET2","ROCK","",      -1.00263,      -1.23239,      -1.23188,      -1.00314,   10.8057E-03
F:/Desktop/DeepOnet_Abaqus/StaticElasticJob3.odb,Step-1,Increment      1: Step Time =    1.000,"PLATE-1",            67,             1,      -1.90647,  -924.994E-03,            0.,"ASSEMBLY_PLATE-1__PICKEDSET2","ROCK","",      -1.00676,      -1.22702,      -1.22650,      -1.00728,   10.6842E-03
F:/Desktop/DeepOnet_Abaqus/StaticElasticJob3.odb,Step-1,Increment      1: Step Time =    1.000,"PLATE-1",            68,             1,      -1.86359,   536.754E-03,            0.,"ASSEMBLY_PLATE-1__PICKEDSET2","ROCK","",      -1.01248,      -1.21821,      -1.21789,      -1.01280,  -8.08651E-03
F:/Desktop/DeepOnet_Abaqus/StaticElasticJob3.odb,Step-1,Increment      1: Step Time =    1.000,"PLATE-1",            69,             1,      -1.98914,   839.370E-03,            0.,"ASSEMBLY_PLATE-1__PICKEDSET2","ROCK","",      -1.00863,      -1.22318,      -1.22279,      -1.00903,  -9.16604E-03
F:/Desktop/DeepOnet_Abaqus/StaticElasticJob3.odb,Step-1,Increment      1: Step Time =    1.000,"PLATE-1",            70,             1,      -1.91243,       1.56240,            0.,"ASSEMBLY_PLATE-1__PICKEDSET2","ROCK","",      -1.00250,      -1.23056,      -1.23021,      -1.00285,  -8.93191E-03
F:/Desktop/DeepOnet_Abaqus/StaticElasticJob3.odb,Step-1,Increment      1: Step Time =    1.000,"PLATE-1",            71,             1,      -1.77379,       2.87240,            0.,"ASSEMBLY_PLATE-1__PICKEDSET2","ROCK","",  -999.922E-03,      -1.23363,      -1.23357,  -999.981E-03,  -3.69828E-03
F:/Desktop/DeepOnet_Abaqus/StaticElasticJob3.odb,Step-1,Increment      1: Step Time =    1.000,"PLATE-1",            72,             1,      -1.69213,       1.44893,            0.,"ASSEMBLY_PLATE-1__PICKEDSET2","ROCK","",      -1.00195,      -1.23100,      -1.23048,      -1.00247,  -10.8711E-03
F:/Desktop/DeepOnet_Abaqus/StaticElasticJob3.odb,Step-1,Increment      1: Step Time =    1.000,"PLATE-1",            73,             1,      -1.66940,       1.24416,            0.,"ASSEMBLY_PLATE-1__PICKEDSET2","ROCK","",      -1.00341,      -1.22905,      -1.22839,      -1.00407,  -12.1410E-03
F:/Desktop/DeepOnet_Abaqus/StaticElasticJob3.odb,Step-1,Increment      1: Step Time =    1.000,"PLATE-1",            74,             1,      -1.67987,       1.34255,            0.,"ASSEMBLY_PLATE-1__PICKEDSET2","ROCK","",      -1.00246,      -1.23034,      -1.22975,      -1.00305,  -11.6149E-03
F:/Desktop/DeepOnet_Abaqus/StaticElasticJob3.odb,Step-1,Increment      1: Step Time =    1.000,"PLATE-1",            75,             1,      -1.66875,       1.14689,            0.,"ASSEMBLY_PLATE-1__PICKEDSET2","ROCK","",      -1.00419,      -1.22792,      -1.22717,      -1.00494,  -12.9425E-03
F:/Desktop/DeepOnet_Abaqus/StaticElasticJob3.odb,Step-1,Increment      1: Step Time =    1.000,"PLATE-1",            76,             1,      -1.66101,   951.868E-03,            0.,"ASSEMBLY_PLATE-1__PICKEDSET2","ROCK","",      -1.00659,      -1.22480,      -1.22398,      -1.00741,  -13.3879E-03
F:/Desktop/DeepOnet_Abaqus/StaticElasticJob3.odb,Step-1,Increment      1: Step Time =    1.000,"PLATE-1",            77,             1,      -1.66762,   856.888E-03,            0.,"ASSEMBLY_PLATE-1__PICKEDSET2","ROCK","",      -1.00804,      -1.22291,      -1.22207,      -1.00889,  -13.4142E-03
F:/Desktop/DeepOnet_Abaqus/StaticElasticJob3.odb,Step-1,Increment      1: Step Time =    1.000,"PLATE-1",            78,             1,      -1.67939,   757.051E-03,            0.,"ASSEMBLY_PLATE-1__PICKEDSET2","ROCK","",      -1.00970,      -1.22086,      -1.22006,      -1.01050,  -12.9839E-03
F:/Desktop/DeepOnet_Abaqus/StaticElasticJob3.odb,Step-1,Increment      1: Step Time =    1.000,"PLATE-1",            79,             1,      -1.67541,   446.050E-03,            0.,"ASSEMBLY_PLATE-1__PICKEDSET2","ROCK","",      -1.01550,      -1.21373,      -1.21328,      -1.01595,  -9.47482E-03
F:/Desktop/DeepOnet_Abaqus/StaticElasticJob3.odb,Step-1,Increment      1: Step Time =    1.000,"PLATE-1",            80,             1,      -1.66505,   346.889E-03,            0.,"ASSEMBLY_PLATE-1__PICKEDSET2","ROCK","",      -1.01738,      -1.21153,      -1.21123,      -1.01768,  -7.61516E-03
F:/Desktop/DeepOnet_Abaqus/StaticElasticJob3.odb,Step-1,Increment      1: Step Time =    1.000,"PLATE-1",            81,             1,      -1.68793,   41.9735E-03,            0.,"ASSEMBLY_PLATE-1__PICKEDSET2","ROCK","",      -1.01970,      -1.20935,      -1.20934,      -1.01971,   669.549E-06
F:/Desktop/DeepOnet_Abaqus/StaticElasticJob3.odb,Step-1,Increment      1: Step Time =    1.000,"PLATE-1",            82,             1,      -1.67282,  -64.6847E-03,            0.,"ASSEMBLY_PLATE-1__PICKEDSET2","ROCK","",      -1.01974,      -1.20949,      -1.20941,      -1.01982,   3.82109E-03
F:/Desktop/DeepOnet_Abaqus/StaticElasticJob3.odb,Step-1,Increment      1: Step Time =    1.000,"PLATE-1",            83,             1,      -1.65060,  -258.516E-03,            0.,"ASSEMBLY_PLATE-1__PICKEDSET2","ROCK","",      -1.01777,      -1.21233,      -1.21193,      -1.01817,   8.79897E-03
F:/Desktop/DeepOnet_Abaqus/StaticElasticJob3.odb,Step-1,Increment      1: Step Time =    1.000,"PLATE-1",            84,             1,      -1.64441,  -350.999E-03,            0.,"ASSEMBLY_PLATE-1__PICKEDSET2","ROCK","",      -1.01668,      -1.21372,      -1.21313,      -1.01727,   10.8110E-03
F:/Desktop/DeepOnet_Abaqus/StaticElasticJob3.odb,Step-1,Increment      1: Step Time =    1.000,"PLATE-1",            85,             1,      -1.76903,  -198.958E-03,            0.,"ASSEMBLY_PLATE-1__PICKEDSET2","ROCK","",      -1.01681,      -1.21365,      -1.21348,      -1.01698,   5.81657E-03
F:/Desktop/DeepOnet_Abaqus/StaticElasticJob3.odb,Step-1,Increment      1: Step Time =    1.000,"PLATE-1",            86,             1,      -1.65617,  -437.573E-03,            0.,"ASSEMBLY_PLATE-1__PICKEDSET2","ROCK","",      -1.01477,      -1.21636,      -1.21566,      -1.01547,   11.8057E-03
F:/Desktop/DeepOnet_Abaqus/StaticElasticJob3.odb,Step-1,Increment      1: Step Time =    1.000,"PLATE-1",            87,             1,      -1.68339,  -630.315E-03,            0.,"ASSEMBLY_PLATE-1__PICKEDSET2","ROCK","",      -1.01084,      -1.22185,      -1.22101,      -1.01168,   13.2331E-03
F:/Desktop/DeepOnet_Abaqus/StaticElasticJob3.odb,Step-1,Increment      1: Step Time =    1.000,"PLATE-1",            88,             1,      -1.69588,  -728.824E-03,            0.,"ASSEMBLY_PLATE-1__PICKEDSET2","ROCK","",      -1.00904,      -1.22390,      -1.22304,      -1.00991,   13.5891E-03
F:/Desktop/DeepOnet_Abaqus/StaticElasticJob3.odb,Step-1,Increment      1: Step Time =    1.000,"PLATE-1",            89,             1,      -1.70154,  -940.763E-03,            0.,"ASSEMBLY_PLATE-1__PICKEDSET2","ROCK","",      -1.00618,      -1.22780,      -1.22702,      -1.00696,   13.1517E-03
F:/Desktop/DeepOnet_Abaqus/StaticElasticJob3.odb,Step-1,Increment      1: Step Time =    1.000,"PLATE-1",            90,             1,      -1.69920,      -1.04584,            0.,"ASSEMBLY_PLATE-1__PICKEDSET2","ROCK","",      -1.00516,      -1.22926,      -1.22853,      -1.00589,   12.7607E-03
F:/Desktop/DeepOnet_Abaqus/StaticElasticJob3.odb,Step-1,Increment      1: Step Time =    1.000,"PLATE-1",            91,             1,      -1.69284,      -1.14965,            0.,"ASSEMBLY_PLATE-1__PICKEDSET2","ROCK","",      -1.00410,      -1.23049,      -1.22983,      -1.00476,   12.1756E-03
F:/Desktop/DeepOnet_Abaqus/StaticElasticJob3.odb,Step-1,Increment      1: Step Time =    1.000,"PLATE-1",            92,             1,      -1.68841,      -1.25330,            0.,"ASSEMBLY_PLATE-1__PICKEDSET2","ROCK","",      -1.00323,      -1.23174,      -1.23114,      -1.00383,   11.6242E-03
F:/Desktop/DeepOnet_Abaqus/StaticElasticJob3.odb,Step-1,Increment      1: Step Time =    1.000,"PLATE-1",            93,             1,       1.54878,       1.68449,            0.,"ASSEMBLY_PLATE-1__PICKEDSET2","ROCK","",      -1.00164,      -1.23556,      -1.23506,      -1.00214,   10.8035E-03
F:/Desktop/DeepOnet_Abaqus/StaticElasticJob3.odb,Step-1,Increment      1: Step Time =    1.000,"PLATE-1",            94,             1,       1.44533,       1.67095,            0.,"ASSEMBLY_PLATE-1__PICKEDSET2","ROCK","",      -1.00076,      -1.23670,      -1.23614,      -1.00133,   11.5055E-03
F:/Desktop/DeepOnet_Abaqus/StaticElasticJob3.odb,Step-1,Increment      1: Step Time =    1.000,"PLATE-1",            95,             1,       1.34827,       1.66829,            0.,"ASSEMBLY_PLATE-1__PICKEDSET2","ROCK","",      -1.00029,      -1.23766,      -1.23703,      -1.00092,   12.2393E-03
F:/Desktop/DeepOnet_Abaqus/StaticElasticJob3.odb,Step-1,Increment      1: Step Time =    1.000,"PLATE-1",            96,             1,       1.24951,       1.66912,            0.,"ASSEMBLY_PLATE-1__PICKEDSET2","ROCK","",  -999.208E-03,      -1.23883,      -1.23816,  -999.880E-03,   12.6706E-03
F:/Desktop/DeepOnet_Abaqus/StaticElasticJob3.odb,Step-1,Increment      1: Step Time =    1.000,"PLATE-1",            97,             1,       1.15088,       1.67149,            0.,"ASSEMBLY_PLATE-1__PICKEDSET2","ROCK","",  -998.006E-03,      -1.24029,      -1.23958,  -998.712E-03,   13.0667E-03
F:/Desktop/DeepOnet_Abaqus/StaticElasticJob3.odb,Step-1,Increment      1: Step Time =    1.000,"PLATE-1",            98,             1,   953.421E-03,       1.67316,            0.,"ASSEMBLY_PLATE-1__PICKEDSET2","ROCK","",  -994.941E-03,      -1.24338,      -1.24266,  -995.661E-03,   13.3608E-03
F:/Desktop/DeepOnet_Abaqus/StaticElasticJob3.odb,Step-1,Increment      1: Step Time =    1.000,"PLATE-1",            99,             1,   853.389E-03,       1.67589,            0.,"ASSEMBLY_PLATE-1__PICKEDSET2","ROCK","",  -992.800E-03,      -1.24544,      -1.24474,  -993.505E-03,   13.3354E-03
F:/Desktop/DeepOnet_Abaqus/StaticElasticJob3.odb,Step-1,Increment      1: Step Time =    1.000,"PLATE-1",           100,             1,   752.065E-03,       1.67904,            0.,"ASSEMBLY_PLATE-1__PICKEDSET2","ROCK","",  -990.762E-03,      -1.24731,      -1.24671,  -991.361E-03,   12.3869E-03
F:/Desktop/DeepOnet_Abaqus/StaticElasticJob3.odb,Step-1,Increment      1: Step Time =    1.000,"PLATE-1",           101,             1,   545.185E-03,       1.68352,            0.,"ASSEMBLY_PLATE-1__PICKEDSET2","ROCK","",  -986.836E-03,      -1.25074,      -1.25043,  -987.150E-03,   9.10021E-03
F:/Desktop/DeepOnet_Abaqus/StaticElasticJob3.odb,Step-1,Increment      1: Step Time =    1.000,"PLATE-1",           102,             1,   442.648E-03,       1.68068,            0.,"ASSEMBLY_PLATE-1__PICKEDSET2","ROCK","",  -985.420E-03,      -1.25197,      -1.25178,  -985.607E-03,   7.07326E-03
F:/Desktop/DeepOnet_Abaqus/StaticElasticJob3.odb,Step-1,Increment      1: Step Time =    1.000,"PLATE-1",           103,             1,   238.259E-03,       1.67212,            0.,"ASSEMBLY_PLATE-1__PICKEDSET2","ROCK","",  -984.059E-03,      -1.25320,      -1.25319,  -984.068E-03,   1.54581E-03
F:/Desktop/DeepOnet_Abaqus/StaticElasticJob3.odb,Step-1,Increment      1: Step Time =    1.000,"PLATE-1",           104,             1,   139.536E-03,       1.66228,            0.,"ASSEMBLY_PLATE-1__PICKEDSET2","ROCK","",  -984.632E-03,      -1.25272,      -1.25272,  -984.638E-03,  -1.25570E-03
F:/Desktop/DeepOnet_Abaqus/StaticElasticJob3.odb,Step-1,Increment      1: Step Time =    1.000,"PLATE-1",           105,             1,   206.687E-03,       1.82165,            0.,"ASSEMBLY_PLATE-1__PICKEDSET2","ROCK","",  -987.686E-03,      -1.24955,      -1.24955,  -987.690E-03,   1.04166E-03
F:/Desktop/DeepOnet_Abaqus/StaticElasticJob3.odb,Step-1,Increment      1: Step Time =    1.000,"PLATE-1",           106,             1,   42.3546E-03,       1.65180,            0.,"ASSEMBLY_PLATE-1__PICKEDSET2","ROCK","",  -985.269E-03,      -1.25223,      -1.25219,  -985.312E-03,  -3.37435E-03
F:/Desktop/DeepOnet_Abaqus/StaticElasticJob3.odb,Step-1,Increment      1: Step Time =    1.000,"PLATE-1",           107,             1,  -136.603E-03,       1.65434,            0.,"ASSEMBLY_PLATE-1__PICKEDSET2","ROCK","",  -987.855E-03,      -1.25001,      -1.24985,  -988.017E-03,  -6.52482E-03
F:/Desktop/DeepOnet_Abaqus/StaticElasticJob3.odb,Step-1,Increment      1: Step Time =    1.000,"PLATE-1",           108,             1,  -337.461E-03,       1.67221,            0.,"ASSEMBLY_PLATE-1__PICKEDSET2","ROCK","",  -990.309E-03,      -1.24718,      -1.24692,  -990.574E-03,  -8.23619E-03
F:/Desktop/DeepOnet_Abaqus/StaticElasticJob3.odb,Step-1,Increment      1: Step Time =    1.000,"PLATE-1",           109,             1,  -440.090E-03,       1.67322,            0.,"ASSEMBLY_PLATE-1__PICKEDSET2","ROCK","",  -991.219E-03,      -1.24595,      -1.24563,  -991.539E-03,  -9.02670E-03
F:/Desktop/DeepOnet_Abaqus/StaticElasticJob3.odb,Step-1,Increment      1: Step Time =    1.000,"PLATE-1",           110,             1,  -541.747E-03,       1.67576,            0.,"ASSEMBLY_PLATE-1__PICKEDSET2","ROCK","",  -992.346E-03,      -1.24460,      -1.24424,  -992.707E-03,  -9.53565E-03
F:/Desktop/DeepOnet_Abaqus/StaticElasticJob3.odb,Step-1,Increment      1: Step Time =    1.000,"PLATE-1",           111,             1,  -644.150E-03,       1.68015,            0.,"ASSEMBLY_PLATE-1__PICKEDSET2","ROCK","",  -993.141E-03,      -1.24334,      -1.24294,  -993.541E-03,  -9.99530E-03
F:/Desktop/DeepOnet_Abaqus/StaticElasticJob3.odb,Step-1,Increment      1: Step Time =    1.000,"PLATE-1",           112,             1,  -750.631E-03,       1.68708,            0.,"ASSEMBLY_PLATE-1__PICKEDSET2","ROCK","",  -994.144E-03,      -1.24197,      -1.24155,  -994.564E-03,  -10.1967E-03
F:/Desktop/DeepOnet_Abaqus/StaticElasticJob3.odb,Step-1,Increment      1: Step Time =    1.000,"PLATE-1",           113,             1,      -1.06514,       1.64798,            0.,"ASSEMBLY_PLATE-1__PICKEDSET2","ROCK","",  -996.665E-03,      -1.23808,      -1.23755,  -997.193E-03,  -11.2869E-03
F:/Desktop/DeepOnet_Abaqus/StaticElasticJob3.odb,Step-1,Increment      1: Step Time =    1.000,"PLATE-1",           114,             1,      -1.14962,       1.64101,            0.,"ASSEMBLY_PLATE-1__PICKEDSET2","ROCK","",  -997.324E-03,      -1.23718,      -1.23664,  -997.860E-03,  -11.3229E-03
F:/Desktop/DeepOnet_Abaqus/StaticElasticJob3.odb,Step-1,Increment      1: Step Time =    1.000,"PLATE-1",           115,             1,      -1.24270,       1.64997,            0.,"ASSEMBLY_PLATE-1__PICKEDSET2","ROCK","",  -997.824E-03,      -1.23640,      -1.23587,  -998.354E-03,  -11.2332E-03
F:/Desktop/DeepOnet_Abaqus/StaticElasticJob3.odb,Step-1,Increment      1: Step Time =    1.000,"PLATE-1",           116,             1,       1.66387,      -1.45737,            0.,"ASSEMBLY_PLATE-1__PICKEDSET2","ROCK","",  -999.299E-03,      -1.23310,      -1.23246,  -999.934E-03,  -12.1744E-03
F:/Desktop/DeepOnet_Abaqus/StaticElasticJob3.odb,Step-1,Increment      1: Step Time =    1.000,"PLATE-1",           117,             1,       1.66521,      -1.25833,            0.,"ASSEMBLY_PLATE-1__PICKEDSET2","ROCK","",      -1.00046,      -1.23122,      -1.23036,      -1.00132,  -14.0742E-03
F:/Desktop/DeepOnet_Abaqus/StaticElasticJob3.odb,Step-1,Increment      1: Step Time =    1.000,"PLATE-1",           118,             1,       1.65973,      -1.35648,            0.,"ASSEMBLY_PLATE-1__PICKEDSET2","ROCK","",  -999.570E-03,      -1.23260,      -1.23184,      -1.00033,  -13.2813E-03
F:/Desktop/DeepOnet_Abaqus/StaticElasticJob3.odb,Step-1,Increment      1: Step Time =    1.000,"PLATE-1",           119,             1,       1.67175,      -1.16092,            0.,"ASSEMBLY_PLATE-1__PICKEDSET2","ROCK","",      -1.00120,      -1.23011,      -1.22913,      -1.00219,  -14.9778E-03
F:/Desktop/DeepOnet_Abaqus/StaticElasticJob3.odb,Step-1,Increment      1: Step Time =    1.000,"PLATE-1",           120,             1,       1.67945,  -959.449E-03,            0.,"ASSEMBLY_PLATE-1__PICKEDSET2","ROCK","",      -1.00378,      -1.22651,      -1.22533,      -1.00496,  -16.2089E-03
F:/Desktop/DeepOnet_Abaqus/StaticElasticJob3.odb,Step-1,Increment      1: Step Time =    1.000,"PLATE-1",           121,             1,       1.68606,  -853.790E-03,            0.,"ASSEMBLY_PLATE-1__PICKEDSET2","ROCK","",      -1.00539,      -1.22444,      -1.22321,      -1.00662,  -16.3685E-03
F:/Desktop/DeepOnet_Abaqus/StaticElasticJob3.odb,Step-1,Increment      1: Step Time =    1.000,"PLATE-1",           122,             1,       1.70445,  -737.357E-03,            0.,"ASSEMBLY_PLATE-1__PICKEDSET2","ROCK","",      -1.00796,      -1.22125,      -1.22005,      -1.00916,  -15.9687E-03
F:/Desktop/DeepOnet_Abaqus/StaticElasticJob3.odb,Step-1,Increment      1: Step Time =    1.000,"PLATE-1",           123,             1,       1.66349,  -537.555E-03,            0.,"ASSEMBLY_PLATE-1__PICKEDSET2","ROCK","",      -1.01272,      -1.21480,      -1.21356,      -1.01396,  -15.7409E-03
F:/Desktop/DeepOnet_Abaqus/StaticElasticJob3.odb,Step-1,Increment      1: Step Time =    1.000,"PLATE-1",           124,             1,       1.65435,  -444.331E-03,            0.,"ASSEMBLY_PLATE-1__PICKEDSET2","ROCK","",      -1.01494,      -1.21220,      -1.21110,      -1.01603,  -14.6433E-03
F:/Desktop/DeepOnet_Abaqus/StaticElasticJob3.odb,Step-1,Increment      1: Step Time =    1.000,"PLATE-1",           125,             1,       1.66348,  -250.931E-03,            0.,"ASSEMBLY_PLATE-1__PICKEDSET2","ROCK","",      -1.02014,      -1.20664,      -1.20617,      -1.02061,  -9.37933E-03
F:/Desktop/DeepOnet_Abaqus/StaticElasticJob3.odb,Step-1,Increment      1: Step Time =    1.000,"PLATE-1",           126,             1,       1.67230,  -152.034E-03,            0.,"ASSEMBLY_PLATE-1__PICKEDSET2","ROCK","",      -1.02233,      -1.20450,      -1.20428,      -1.02256,  -6.42692E-03
F:/Desktop/DeepOnet_Abaqus/StaticElasticJob3.odb,Step-1,Increment      1: Step Time =    1.000,"PLATE-1",           127,             1,       1.67014,  -51.5191E-03,            0.,"ASSEMBLY_PLATE-1__PICKEDSET2","ROCK","",      -1.02348,      -1.20377,      -1.20372,      -1.02353,  -3.03129E-03
F:/Desktop/DeepOnet_Abaqus/StaticElasticJob3.odb,Step-1,Increment      1: Step Time =    1.000,"PLATE-1",           128,             1,       1.66243,   148.509E-03,            0.,"ASSEMBLY_PLATE-1__PICKEDSET2","ROCK","",      -1.02429,      -1.20460,      -1.20445,      -1.02444,   5.19735E-03
F:/Desktop/DeepOnet_Abaqus/StaticElasticJob3.odb,Step-1,Increment      1: Step Time =    1.000,"PLATE-1",           129,             1,       1.66101,   247.471E-03,            0.,"ASSEMBLY_PLATE-1__PICKEDSET2","ROCK","",      -1.02313,      -1.20683,      -1.20641,      -1.02354,   8.72749E-03
F:/Desktop/DeepOnet_Abaqus/StaticElasticJob3.odb,Step-1,Increment      1: Step Time =    1.000,"PLATE-1",           130,             1,       1.66100,   346.025E-03,            0.,"ASSEMBLY_PLATE-1__PICKEDSET2","ROCK","",      -1.02118,      -1.21034,      -1.20961,      -1.02190,   11.7085E-03
F:/Desktop/DeepOnet_Abaqus/StaticElasticJob3.odb,Step-1,Increment      1: Step Time =    1.000,"PLATE-1",           131,             1,       1.67193,   542.032E-03,            0.,"ASSEMBLY_PLATE-1__PICKEDSET2","ROCK","",      -1.01673,      -1.21738,      -1.21620,      -1.01791,   15.3652E-03
F:/Desktop/DeepOnet_Abaqus/StaticElasticJob3.odb,Step-1,Increment      1: Step Time =    1.000,"PLATE-1",           132,             1,       1.67453,   642.366E-03,            0.,"ASSEMBLY_PLATE-1__PICKEDSET2","ROCK","",      -1.01421,      -1.22084,      -1.21959,      -1.01546,   16.0420E-03
F:/Desktop/DeepOnet_Abaqus/StaticElasticJob3.odb,Step-1,Increment      1: Step Time =    1.000,"PLATE-1",           133,             1,       1.67785,   743.436E-03,            0.,"ASSEMBLY_PLATE-1__PICKEDSET2","ROCK","",      -1.01197,      -1.22420,      -1.22295,      -1.01322,   16.2418E-03
F:/Desktop/DeepOnet_Abaqus/StaticElasticJob3.odb,Step-1,Increment      1: Step Time =    1.000,"PLATE-1",           134,             1,       1.68028,       1.05104,            0.,"ASSEMBLY_PLATE-1__PICKEDSET2","ROCK","",      -1.00716,      -1.23038,      -1.22936,      -1.00817,   15.0173E-03
F:/Desktop/DeepOnet_Abaqus/StaticElasticJob3.odb,Step-1,Increment      1: Step Time =    1.000,"PLATE-1",           135,             1,       1.67537,       1.15366,            0.,"ASSEMBLY_PLATE-1__PICKEDSET2","ROCK","",      -1.00603,      -1.23162,      -1.23072,      -1.00694,   14.2856E-03
F:/Desktop/DeepOnet_Abaqus/StaticElasticJob3.odb,Step-1,Increment      1: Step Time =    1.000,"PLATE-1",           136,             1,       1.66537,       1.25332,            0.,"ASSEMBLY_PLATE-1__PICKEDSET2","ROCK","",      -1.00498,      -1.23271,      -1.23188,      -1.00580,   13.6497E-03
F:/Desktop/DeepOnet_Abaqus/StaticElasticJob3.odb,Step-1,Increment      1: Step Time =    1.000,"PLATE-1",           137,             1,      -1.43884,      -1.67877,            0.,"ASSEMBLY_PLATE-1__PICKEDSET2","ROCK","",      -1.00018,      -1.23584,      -1.23547,      -1.00054,   9.27581E-03
F:/Desktop/DeepOnet_Abaqus/StaticElasticJob3.odb,Step-1,Increment      1: Step Time =    1.000,"PLATE-1",           138,             1,      -1.34067,      -1.66612,            0.,"ASSEMBLY_PLATE-1__PICKEDSET2","ROCK","",  -999.693E-03,      -1.23676,      -1.23636,      -1.00009,   9.65328E-03
F:/Desktop/DeepOnet_Abaqus/StaticElasticJob3.odb,Step-1,Increment      1: Step Time =    1.000,"PLATE-1",           139,             1,      -1.24367,      -1.66318,            0.,"ASSEMBLY_PLATE-1__PICKEDSET2","ROCK","",  -999.075E-03,      -1.23778,      -1.23736,  -999.487E-03,   9.91182E-03
F:/Desktop/DeepOnet_Abaqus/StaticElasticJob3.odb,Step-1,Increment      1: Step Time =    1.000,"PLATE-1",           140,             1,      -1.04700,      -1.66701,            0.,"ASSEMBLY_PLATE-1__PICKEDSET2","ROCK","",  -997.873E-03,      -1.23979,      -1.23940,  -998.271E-03,   9.80541E-03
F:/Desktop/DeepOnet_Abaqus/StaticElasticJob3.odb,Step-1,Increment      1: Step Time =    1.000,"PLATE-1",           141,             1,  -843.952E-03,      -1.68240,            0.,"ASSEMBLY_PLATE-1__PICKEDSET2","ROCK","",  -996.464E-03,      -1.24217,      -1.24180,  -996.834E-03,   9.53182E-03
F:/Desktop/DeepOnet_Abaqus/StaticElasticJob3.odb,Step-1,Increment      1: Step Time =    1.000,"PLATE-1",           142,             1,  -630.218E-03,      -1.68422,            0.,"ASSEMBLY_PLATE-1__PICKEDSET2","ROCK","",  -994.801E-03,      -1.24482,      -1.24452,  -995.099E-03,   8.63144E-03
F:/Desktop/DeepOnet_Abaqus/StaticElasticJob3.odb,Step-1,Increment      1: Step Time =    1.000,"PLATE-1",           143,             1,  -526.730E-03,      -1.67280,            0.,"ASSEMBLY_PLATE-1__PICKEDSET2","ROCK","",  -993.899E-03,      -1.24618,      -1.24591,  -994.166E-03,   8.19709E-03
F:/Desktop/DeepOnet_Abaqus/StaticElasticJob3.odb,Step-1,Increment      1: Step Time =    1.000,"PLATE-1",           144,             1,  -435.703E-03,      -1.65323,            0.,"ASSEMBLY_PLATE-1__PICKEDSET2","ROCK","",  -993.116E-03,      -1.24727,      -1.24705,  -993.344E-03,   7.59425E-03
F:/Desktop/DeepOnet_Abaqus/StaticElasticJob3.odb,Step-1,Increment      1: Step Time =    1.000,"PLATE-1",           145,             1,  -253.286E-03,      -1.65859,            0.,"ASSEMBLY_PLATE-1__PICKEDSET2","ROCK","",  -991.579E-03,      -1.24916,      -1.24903,  -991.707E-03,   5.73737E-03
F:/Desktop/DeepOnet_Abaqus/StaticElasticJob3.odb,Step-1,Increment      1: Step Time =    1.000,"PLATE-1",           146,             1,  -156.408E-03,      -1.65597,            0.,"ASSEMBLY_PLATE-1__PICKEDSET2","ROCK","",  -990.991E-03,      -1.24976,      -1.24967,  -991.080E-03,   4.79760E-03
F:/Desktop/DeepOnet_Abaqus/StaticElasticJob3.odb,Step-1,Increment      1: Step Time =    1.000,"PLATE-1",           147,             1,  -263.245E-03,      -1.78290,            0.,"ASSEMBLY_PLATE-1__PICKEDSET2","ROCK","",  -993.276E-03,      -1.24634,      -1.24625,  -993.362E-03,   4.68217E-03
F:/Desktop/DeepOnet_Abaqus/StaticElasticJob3.odb,Step-1,Increment      1: Step Time =    1.000,"PLATE-1",           148,             1,  -65.9586E-03,      -1.67242,            0.,"ASSEMBLY_PLATE-1__PICKEDSET2","ROCK","",  -990.767E-03,      -1.24964,      -1.24960,  -990.807E-03,   3.21443E-03
F:/Desktop/DeepOnet_Abaqus/StaticElasticJob3.odb,Step-1,Increment      1: Step Time =    1.000,"PLATE-1",           149,             1,   151.919E-03,      -1.69156,            0.,"ASSEMBLY_PLATE-1__PICKEDSET2","ROCK","",  -989.869E-03,      -1.24988,      -1.24988,  -989.869E-03,   51.0039E-06
F:/Desktop/DeepOnet_Abaqus/StaticElasticJob3.odb,Step-1,Increment      1: Step Time =    1.000,"PLATE-1",           150,             1,   344.439E-03,      -1.66767,            0.,"ASSEMBLY_PLATE-1__PICKEDSET2","ROCK","",  -989.495E-03,      -1.24920,      -1.24916,  -989.537E-03,  -3.29353E-03
F:/Desktop/DeepOnet_Abaqus/StaticElasticJob3.odb,Step-1,Increment      1: Step Time =    1.000,"PLATE-1",           151,             1,   440.771E-03,      -1.67982,            0.,"ASSEMBLY_PLATE-1__PICKEDSET2","ROCK","",  -989.642E-03,      -1.24867,      -1.24860,  -989.709E-03,  -4.14690E-03
F:/Desktop/DeepOnet_Abaqus/StaticElasticJob3.odb,Step-1,Increment      1: Step Time =    1.000,"PLATE-1",           152,             1,   544.588E-03,      -1.68185,            0.,"ASSEMBLY_PLATE-1__PICKEDSET2","ROCK","",  -990.091E-03,      -1.24749,      -1.24738,  -990.204E-03,  -5.40845E-03
F:/Desktop/DeepOnet_Abaqus/StaticElasticJob3.odb,Step-1,Increment      1: Step Time =    1.000,"PLATE-1",           153,             1,   651.226E-03,      -1.68624,            0.,"ASSEMBLY_PLATE-1__PICKEDSET2","ROCK","",  -990.657E-03,      -1.24618,      -1.24600,  -990.836E-03,  -6.76195E-03
F:/Desktop/DeepOnet_Abaqus/StaticElasticJob3.odb,Step-1,Increment      1: Step Time =    1.000,"PLATE-1",           154,             1,       1.04860,      -1.65697,            0.,"ASSEMBLY_PLATE-1__PICKEDSET2","ROCK","",  -993.009E-03,      -1.24160,      -1.24117,  -993.439E-03,  -10.3325E-03
F:/Desktop/DeepOnet_Abaqus/StaticElasticJob3.odb,Step-1,Increment      1: Step Time =    1.000,"PLATE-1",           155,             1,       1.14684,      -1.65609,            0.,"ASSEMBLY_PLATE-1__PICKEDSET2","ROCK","",  -993.917E-03,      -1.24038,      -1.23993,  -994.366E-03,  -10.5067E-03
F:/Desktop/DeepOnet_Abaqus/StaticElasticJob3.odb,Step-1,Increment      1: Step Time =    1.000,"PLATE-1",           156,             1,       1.34368,      -1.67447,            0.,"ASSEMBLY_PLATE-1__PICKEDSET2","ROCK","",  -995.903E-03,      -1.23771,      -1.23723,  -996.382E-03,  -10.7477E-03
F:/Desktop/DeepOnet_Abaqus/StaticElasticJob3.odb,Step-1,Increment      1: Step Time =    1.000,"PLATE-1",           157,             1,       1.55202,      -1.69621,            0.,"ASSEMBLY_PLATE-1__PICKEDSET2","ROCK","",  -997.736E-03,      -1.23550,      -1.23504,  -998.194E-03,  -10.4219E-03
F:/Desktop/DeepOnet_Abaqus/StaticElasticJob3.odb,Step-1,Increment      1: Step Time =    1.000,"PLATE-1",           158,             1,      -1.70099,  -833.284E-03,            0.,"ASSEMBLY_PLATE-1__PICKEDSET2","ROCK","",      -1.00785,      -1.22569,      -1.22486,      -1.00867,   13.3850E-03
F:/Desktop/DeepOnet_Abaqus/StaticElasticJob3.odb,Step-1,Increment      1: Step Time =    1.000,"PLATE-1",           159,             1,      -1.81392,   188.749E-03,            0.,"ASSEMBLY_PLATE-1__PICKEDSET2","ROCK","",      -1.01699,      -1.21286,      -1.21282,      -1.01703,  -2.65862E-03
F:/Desktop/DeepOnet_Abaqus/StaticElasticJob3.odb,Step-1,Increment      1: Step Time =    1.000,"PLATE-1",           160,             1,       1.66612,   443.779E-03,            0.,"ASSEMBLY_PLATE-1__PICKEDSET2","ROCK","",      -1.01879,      -1.21387,      -1.21289,      -1.01976,   13.7533E-03
F:/Desktop/DeepOnet_Abaqus/StaticElasticJob3.odb,Step-1,Increment      1: Step Time =    1.000,"PLATE-1",           161,             1,       1.82242,   520.596E-03,            0.,"ASSEMBLY_PLATE-1__PICKEDSET2","ROCK","",      -1.01556,      -1.21785,      -1.21715,      -1.01625,   11.8287E-03
F:/Desktop/DeepOnet_Abaqus/StaticElasticJob3.odb,Step-1,Increment      1: Step Time =    1.000,"PLATE-1",           162,             1,      -1.66556,       1.04777,            0.,"ASSEMBLY_PLATE-1__PICKEDSET2","ROCK","",      -1.00508,      -1.22675,      -1.22594,      -1.00589,  -13.3535E-03
F:/Desktop/DeepOnet_Abaqus/StaticElasticJob3.odb,Step-1,Increment      1: Step Time =    1.000,"PLATE-1",           163,             1,      -1.79545,   888.148E-03,            0.,"ASSEMBLY_PLATE-1__PICKEDSET2","ROCK","",      -1.00792,      -1.22347,      -1.22283,      -1.00856,  -11.7484E-03
F:/Desktop/DeepOnet_Abaqus/StaticElasticJob3.odb,Step-1,Increment      1: Step Time =    1.000,"PLATE-1",           164,             1,      -1.83632,   784.361E-03,            0.,"ASSEMBLY_PLATE-1__PICKEDSET2","ROCK","",      -1.00926,      -1.22193,      -1.22138,      -1.00981,  -10.8139E-03
F:/Desktop/DeepOnet_Abaqus/StaticElasticJob3.odb,Step-1,Increment      1: Step Time =    1.000,"PLATE-1",           165,             1,      -1.68724,   653.112E-03,            0.,"ASSEMBLY_PLATE-1__PICKEDSET2","ROCK","",      -1.01167,      -1.21837,      -1.21765,      -1.01239,  -12.2072E-03
F:/Desktop/DeepOnet_Abaqus/StaticElasticJob3.odb,Step-1,Increment      1: Step Time =    1.000,"PLATE-1",           166,             1,      -1.73015,  -375.097E-03,            0.,"ASSEMBLY_PLATE-1__PICKEDSET2","ROCK","",      -1.01523,      -1.21589,      -1.21540,      -1.01573,   9.93460E-03
F:/Desktop/DeepOnet_Abaqus/StaticElasticJob3.odb,Step-1,Increment      1: Step Time =    1.000,"PLATE-1",           167,             1,      -1.66353,   251.735E-03,            0.,"ASSEMBLY_PLATE-1__PICKEDSET2","ROCK","",      -1.01861,      -1.21018,      -1.21003,      -1.01876,  -5.37235E-03
F:/Desktop/DeepOnet_Abaqus/StaticElasticJob3.odb,Step-1,Increment      1: Step Time =    1.000,"PLATE-1",           168,             1,      -1.65910,  -162.769E-03,            0.,"ASSEMBLY_PLATE-1__PICKEDSET2","ROCK","",      -1.01893,      -1.21064,      -1.21043,      -1.01914,   6.32186E-03
F:/Desktop/DeepOnet_Abaqus/StaticElasticJob3.odb,Step-1,Increment      1: Step Time =    1.000,"PLATE-1",           169,             1,      -1.67412,  -530.869E-03,            0.,"ASSEMBLY_PLATE-1__PICKEDSET2","ROCK","",      -1.01279,      -1.21890,      -1.21814,      -1.01355,   12.4944E-03
F:/Desktop/DeepOnet_Abaqus/StaticElasticJob3.odb,Step-1,Increment      1: Step Time =    1.000,"PLATE-1",           170,             1,      -1.90394,  -796.517E-03,            0.,"ASSEMBLY_PLATE-1__PICKEDSET2","ROCK","",      -1.00836,      -1.22498,      -1.22447,      -1.00887,   10.4895E-03
F:/Desktop/DeepOnet_Abaqus/StaticElasticJob3.odb,Step-1,Increment      1: Step Time =    1.000,"PLATE-1",           171,             1,      -1.83746,  -572.537E-03,            0.,"ASSEMBLY_PLATE-1__PICKEDSET2","ROCK","",      -1.01151,      -1.22054,      -1.21998,      -1.01207,   10.7671E-03
F:/Desktop/DeepOnet_Abaqus/StaticElasticJob3.odb,Step-1,Increment      1: Step Time =    1.000,"PLATE-1",           172,             1,      -1.89321,  -672.955E-03,            0.,"ASSEMBLY_PLATE-1__PICKEDSET2","ROCK","",      -1.01010,      -1.22288,      -1.22239,      -1.01059,   10.2287E-03
F:/Desktop/DeepOnet_Abaqus/StaticElasticJob3.odb,Step-1,Increment      1: Step Time =    1.000,"PLATE-1",           173,             1,       1.05280,       1.67288,            0.,"ASSEMBLY_PLATE-1__PICKEDSET2","ROCK","",  -996.494E-03,      -1.24180,      -1.24106,  -997.235E-03,   13.4592E-03
F:/Desktop/DeepOnet_Abaqus/StaticElasticJob3.odb,Step-1,Increment      1: Step Time =    1.000,"PLATE-1",           174,             1,   962.527E-03,       1.81853,            0.,"ASSEMBLY_PLATE-1__PICKEDSET2","ROCK","",  -995.052E-03,      -1.24270,      -1.24220,  -995.553E-03,   11.1383E-03
F:/Desktop/DeepOnet_Abaqus/StaticElasticJob3.odb,Step-1,Increment      1: Step Time =    1.000,"PLATE-1",           175,             1,   864.421E-03,       1.83038,            0.,"ASSEMBLY_PLATE-1__PICKEDSET2","ROCK","",  -993.962E-03,      -1.24374,      -1.24328,  -994.422E-03,   10.7023E-03
F:/Desktop/DeepOnet_Abaqus/StaticElasticJob3.odb,Step-1,Increment      1: Step Time =    1.000,"PLATE-1",           176,             1,   549.912E-03,       2.02539,            0.,"ASSEMBLY_PLATE-1__PICKEDSET2","ROCK","",  -992.268E-03,      -1.24457,      -1.24445,  -992.384E-03,   5.40651E-03
F:/Desktop/DeepOnet_Abaqus/StaticElasticJob3.odb,Step-1,Increment      1: Step Time =    1.000,"PLATE-1",           177,             1,   648.669E-03,       1.68201,            0.,"ASSEMBLY_PLATE-1__PICKEDSET2","ROCK","",  -988.658E-03,      -1.24916,      -1.24868,  -989.135E-03,   11.1437E-03
F:/Desktop/DeepOnet_Abaqus/StaticElasticJob3.odb,Step-1,Increment      1: Step Time =    1.000,"PLATE-1",           178,             1,   649.642E-03,       1.84420,            0.,"ASSEMBLY_PLATE-1__PICKEDSET2","ROCK","",  -991.198E-03,      -1.24622,      -1.24593,  -991.480E-03,   8.48092E-03
F:/Desktop/DeepOnet_Abaqus/StaticElasticJob3.odb,Step-1,Increment      1: Step Time =    1.000,"PLATE-1",           179,             1,   532.751E-03,       1.85738,            0.,"ASSEMBLY_PLATE-1__PICKEDSET2","ROCK","",  -990.006E-03,      -1.24735,      -1.24717,  -990.190E-03,   6.87438E-03
F:/Desktop/DeepOnet_Abaqus/StaticElasticJob3.odb,Step-1,Increment      1: Step Time =    1.000,"PLATE-1",           180,             1,   339.742E-03,       1.67685,            0.,"ASSEMBLY_PLATE-1__PICKEDSET2","ROCK","",  -984.566E-03,      -1.25271,      -1.25265,  -984.628E-03,   4.06541E-03
F:/Desktop/DeepOnet_Abaqus/StaticElasticJob3.odb,Step-1,Increment      1: Step Time =    1.000,"PLATE-1",           181,             1,   17.7231E-03,       1.74957,            0.,"ASSEMBLY_PLATE-1__PICKEDSET2","ROCK","",  -987.755E-03,      -1.24955,      -1.24952,  -987.791E-03,  -3.07862E-03
F:/Desktop/DeepOnet_Abaqus/StaticElasticJob3.odb,Step-1,Increment      1: Step Time =    1.000,"PLATE-1",           182,             1,  -231.988E-03,       1.67100,            0.,"ASSEMBLY_PLATE-1__PICKEDSET2","ROCK","",  -988.944E-03,      -1.24849,      -1.24827,  -989.158E-03,  -7.46000E-03
F:/Desktop/DeepOnet_Abaqus/StaticElasticJob3.odb,Step-1,Increment      1: Step Time =    1.000,"PLATE-1",           183,             1,  -300.944E-03,       1.96258,            0.,"ASSEMBLY_PLATE-1__PICKEDSET2","ROCK","",  -992.358E-03,      -1.24437,      -1.24426,  -992.472E-03,  -5.35257E-03
F:/Desktop/DeepOnet_Abaqus/StaticElasticJob3.odb,Step-1,Increment      1: Step Time =    1.000,"PLATE-1",           184,             1,  -710.235E-03,       1.99682,            0.,"ASSEMBLY_PLATE-1__PICKEDSET2","ROCK","",  -995.166E-03,      -1.24069,      -1.24048,  -995.374E-03,  -7.15216E-03
F:/Desktop/DeepOnet_Abaqus/StaticElasticJob3.odb,Step-1,Increment      1: Step Time =    1.000,"PLATE-1",           185,             1,  -523.060E-03,       1.82588,            0.,"ASSEMBLY_PLATE-1__PICKEDSET2","ROCK","",  -992.936E-03,      -1.24360,      -1.24336,  -993.183E-03,  -7.86030E-03
F:/Desktop/DeepOnet_Abaqus/StaticElasticJob3.odb,Step-1,Increment      1: Step Time =    1.000,"PLATE-1",           186,             1,  -626.874E-03,       1.83588,            0.,"ASSEMBLY_PLATE-1__PICKEDSET2","ROCK","",  -993.836E-03,      -1.24250,      -1.24223,  -994.101E-03,  -8.11766E-03
F:/Desktop/DeepOnet_Abaqus/StaticElasticJob3.odb,Step-1,Increment      1: Step Time =    1.000,"PLATE-1",           187,             1,  -865.929E-03,       1.69701,            0.,"ASSEMBLY_PLATE-1__PICKEDSET2","ROCK","",  -995.056E-03,      -1.24050,      -1.24005,  -995.505E-03,  -10.4823E-03
F:/Desktop/DeepOnet_Abaqus/StaticElasticJob3.odb,Step-1,Increment      1: Step Time =    1.000,"PLATE-1",           188,             1,  -739.607E-03,       1.85267,            0.,"ASSEMBLY_PLATE-1__PICKEDSET2","ROCK","",  -994.637E-03,      -1.24126,      -1.24098,  -994.926E-03,  -8.43423E-03
F:/Desktop/DeepOnet_Abaqus/StaticElasticJob3.odb,Step-1,Increment      1: Step Time =    1.000,"PLATE-1",           189,             1,  -975.756E-03,       1.68163,            0.,"ASSEMBLY_PLATE-1__PICKEDSET2","ROCK","",  -995.943E-03,      -1.23924,      -1.23876,  -996.418E-03,  -10.7394E-03
F:/Desktop/DeepOnet_Abaqus/StaticElasticJob3.odb,Step-1,Increment      1: Step Time =    1.000,"PLATE-1",           190,             1,      -1.06712,       1.80678,            0.,"ASSEMBLY_PLATE-1__PICKEDSET2","ROCK","",  -996.736E-03,      -1.23820,      -1.23783,  -997.114E-03,  -9.54175E-03
F:/Desktop/DeepOnet_Abaqus/StaticElasticJob3.odb,Step-1,Increment      1: Step Time =    1.000,"PLATE-1",           191,             1,       1.67643,      -1.06174,            0.,"ASSEMBLY_PLATE-1__PICKEDSET2","ROCK","",      -1.00221,      -1.22864,      -1.22755,      -1.00330,  -15.6802E-03
F:/Desktop/DeepOnet_Abaqus/StaticElasticJob3.odb,Step-1,Increment      1: Step Time =    1.000,"PLATE-1",           192,             1,       1.83207,  -978.326E-03,            0.,"ASSEMBLY_PLATE-1__PICKEDSET2","ROCK","",      -1.00463,      -1.22627,      -1.22539,      -1.00552,  -13.9866E-03
F:/Desktop/DeepOnet_Abaqus/StaticElasticJob3.odb,Step-1,Increment      1: Step Time =    1.000,"PLATE-1",           193,             1,       1.84032,  -871.999E-03,            0.,"ASSEMBLY_PLATE-1__PICKEDSET2","ROCK","",      -1.00652,      -1.22393,      -1.22302,      -1.00743,  -14.0078E-03
F:/Desktop/DeepOnet_Abaqus/StaticElasticJob3.odb,Step-1,Increment      1: Step Time =    1.000,"PLATE-1",           194,             1,       1.75546,  -349.511E-03,            0.,"ASSEMBLY_PLATE-1__PICKEDSET2","ROCK","",      -1.01697,      -1.21089,      -1.21031,      -1.01754,  -10.5154E-03
F:/Desktop/DeepOnet_Abaqus/StaticElasticJob3.odb,Step-1,Increment      1: Step Time =    1.000,"PLATE-1",           195,             1,       1.69387,  -629.315E-03,            0.,"ASSEMBLY_PLATE-1__PICKEDSET2","ROCK","",      -1.01051,      -1.21818,      -1.21699,      -1.01169,  -15.6346E-03
F:/Desktop/DeepOnet_Abaqus/StaticElasticJob3.odb,Step-1,Increment      1: Step Time =    1.000,"PLATE-1",           196,             1,       1.65446,  -348.225E-03,            0.,"ASSEMBLY_PLATE-1__PICKEDSET2","ROCK","",      -1.01754,      -1.20934,      -1.20852,      -1.01836,  -12.5013E-03
F:/Desktop/DeepOnet_Abaqus/StaticElasticJob3.odb,Step-1,Increment      1: Step Time =    1.000,"PLATE-1",           197,             1,       1.88427,   355.222E-03,            0.,"ASSEMBLY_PLATE-1__PICKEDSET2","ROCK","",      -1.01732,      -1.21530,      -1.21488,      -1.01774,   9.09158E-03
F:/Desktop/DeepOnet_Abaqus/StaticElasticJob3.odb,Step-1,Increment      1: Step Time =    1.000,"PLATE-1",           198,             1,       1.77872,   337.670E-03,            0.,"ASSEMBLY_PLATE-1__PICKEDSET2","ROCK","",      -1.01929,      -1.21234,      -1.21186,      -1.01978,   9.66149E-03
F:/Desktop/DeepOnet_Abaqus/StaticElasticJob3.odb,Step-1,Increment      1: Step Time =    1.000,"PLATE-1",           199,             1,       1.81586,  -43.0055E-03,            0.,"ASSEMBLY_PLATE-1__PICKEDSET2","ROCK","",      -1.02018,      -1.20903,      -1.20902,      -1.02019,  -1.47202E-03
F:/Desktop/DeepOnet_Abaqus/StaticElasticJob3.odb,Step-1,Increment      1: Step Time =    1.000,"PLATE-1",           200,             1,       1.82235,   626.694E-03,            0.,"ASSEMBLY_PLATE-1__PICKEDSET2","ROCK","",      -1.01338,      -1.22133,      -1.22053,      -1.01419,   12.9056E-03
F:/Desktop/DeepOnet_Abaqus/StaticElasticJob3.odb,Step-1,Increment      1: Step Time =    1.000,"PLATE-1",           201,             1,       1.68113,   844.973E-03,            0.,"ASSEMBLY_PLATE-1__PICKEDSET2","ROCK","",      -1.01014,      -1.22662,      -1.22542,      -1.01134,   16.0854E-03
F:/Desktop/DeepOnet_Abaqus/StaticElasticJob3.odb,Step-1,Increment      1: Step Time =    1.000,"PLATE-1",           202,             1,       2.02294,   817.213E-03,            0.,"ASSEMBLY_PLATE-1__PICKEDSET2","ROCK","",      -1.01020,      -1.22504,      -1.22443,      -1.01081,   11.4982E-03
F:/Desktop/DeepOnet_Abaqus/StaticElasticJob3.odb,Step-1,Increment      1: Step Time =    1.000,"PLATE-1",           203,             1,       1.84616,   944.628E-03,            0.,"ASSEMBLY_PLATE-1__PICKEDSET2","ROCK","",      -1.00871,      -1.22755,      -1.22674,      -1.00952,   13.2720E-03
F:/Desktop/DeepOnet_Abaqus/StaticElasticJob3.odb,Step-1,Increment      1: Step Time =    1.000,"PLATE-1",           204,             1,  -946.429E-03,      -1.67418,            0.,"ASSEMBLY_PLATE-1__PICKEDSET2","ROCK","",  -997.144E-03,      -1.24104,      -1.24066,  -997.523E-03,   9.61653E-03
F:/Desktop/DeepOnet_Abaqus/StaticElasticJob3.odb,Step-1,Increment      1: Step Time =    1.000,"PLATE-1",           205,             1,  -717.458E-03,      -1.86026,            0.,"ASSEMBLY_PLATE-1__PICKEDSET2","ROCK","",  -996.238E-03,      -1.24226,      -1.24206,  -996.436E-03,   6.98506E-03
F:/Desktop/DeepOnet_Abaqus/StaticElasticJob3.odb,Step-1,Increment      1: Step Time =    1.000,"PLATE-1",           206,             1,  -586.076E-03,      -1.85552,            0.,"ASSEMBLY_PLATE-1__PICKEDSET2","ROCK","",  -995.469E-03,      -1.24342,      -1.24324,  -995.644E-03,   6.58500E-03
F:/Desktop/DeepOnet_Abaqus/StaticElasticJob3.odb,Step-1,Increment      1: Step Time =    1.000,"PLATE-1",           207,             1,  -348.840E-03,      -1.64988,            0.,"ASSEMBLY_PLATE-1__PICKEDSET2","ROCK","",  -992.224E-03,      -1.24837,      -1.24821,  -992.387E-03,   6.45632E-03
F:/Desktop/DeepOnet_Abaqus/StaticElasticJob3.odb,Step-1,Increment      1: Step Time =    1.000,"PLATE-1",           208,             1,   253.088E-03,      -1.67054,            0.,"ASSEMBLY_PLATE-1__PICKEDSET2","ROCK","",  -989.730E-03,      -1.24959,      -1.24958,  -989.738E-03,  -1.45162E-03
F:/Desktop/DeepOnet_Abaqus/StaticElasticJob3.odb,Step-1,Increment      1: Step Time =    1.000,"PLATE-1",           209,             1,   573.369E-03,      -1.97160,            0.,"ASSEMBLY_PLATE-1__PICKEDSET2","ROCK","",  -993.098E-03,      -1.24372,      -1.24367,  -993.149E-03,  -3.55466E-03
F:/Desktop/DeepOnet_Abaqus/StaticElasticJob3.odb,Step-1,Increment      1: Step Time =    1.000,"PLATE-1",           210,             1,   534.942E-03,      -1.83638,            0.,"ASSEMBLY_PLATE-1__PICKEDSET2","ROCK","",  -991.836E-03,      -1.24545,      -1.24539,  -991.899E-03,  -4.01054E-03
F:/Desktop/DeepOnet_Abaqus/StaticElasticJob3.odb,Step-1,Increment      1: Step Time =    1.000,"PLATE-1",           211,             1,   763.204E-03,      -1.69312,            0.,"ASSEMBLY_PLATE-1__PICKEDSET2","ROCK","",  -991.308E-03,      -1.24482,      -1.24458,  -991.554E-03,  -7.89844E-03
F:/Desktop/DeepOnet_Abaqus/StaticElasticJob3.odb,Step-1,Increment      1: Step Time =    1.000,"PLATE-1",           212,             1,   641.272E-03,      -1.84807,            0.,"ASSEMBLY_PLATE-1__PICKEDSET2","ROCK","",  -992.299E-03,      -1.24435,      -1.24425,  -992.398E-03,  -5.00636E-03
F:/Desktop/DeepOnet_Abaqus/StaticElasticJob3.odb,Step-1,Increment      1: Step Time =    1.000,"PLATE-1",           213,             1,       1.05938,      -1.89087,            0.,"ASSEMBLY_PLATE-1__PICKEDSET2","ROCK","",  -994.762E-03,      -1.23992,      -1.23968,  -995.000E-03,  -7.64266E-03
F:/Desktop/DeepOnet_Abaqus/StaticElasticJob3.odb,Step-1,Increment      1: Step Time =    1.000,"PLATE-1",           214,             1,   953.691E-03,      -1.65514,            0.,"ASSEMBLY_PLATE-1__PICKEDSET2","ROCK","",  -992.342E-03,      -1.24270,      -1.24230,  -992.739E-03,  -9.95826E-03
F:/Desktop/DeepOnet_Abaqus/StaticElasticJob3.odb,Step-1,Increment      1: Step Time =    1.000,"PLATE-1",           215,             1,   936.032E-03,      -1.76052,            0.,"ASSEMBLY_PLATE-1__PICKEDSET2","ROCK","",  -992.693E-03,      -1.24265,      -1.24237,  -992.971E-03,  -8.32896E-03
F:/Desktop/DeepOnet_Abaqus/StaticElasticJob3.odb,Step-1,Increment      1: Step Time =    1.000,"PLATE-1",           216,             1,       1.04512,      -1.77010,            0.,"ASSEMBLY_PLATE-1__PICKEDSET2","ROCK","",  -993.676E-03,      -1.24122,      -1.24092,  -993.975E-03,  -8.58913E-03
F:/Desktop/DeepOnet_Abaqus/StaticElasticJob3.odb,Step-1,Increment      1: Step Time =    1.000,"PLATE-1",           217,             1,   919.679E-03,      -1.90945,            0.,"ASSEMBLY_PLATE-1__PICKEDSET2","ROCK","",  -993.873E-03,      -1.24156,      -1.24139,  -994.044E-03,  -6.50200E-03
F:/Desktop/DeepOnet_Abaqus/StaticElasticJob3.odb,Step-1,Increment      1: Step Time =    1.000,"PLATE-1",           218,             1,      -1.68119,   151.648E-03,            0.,"ASSEMBLY_PLATE-1__PICKEDSET2","ROCK","",      -1.01927,      -1.20961,      -1.20958,      -1.01930,  -2.31495E-03
F:/Desktop/DeepOnet_Abaqus/StaticElasticJob3.odb,Step-1,Increment      1: Step Time =    1.000,"PLATE-1",           219,             1,      -1.84653,  -659.220E-06,            0.,"ASSEMBLY_PLATE-1__PICKEDSET2","ROCK","",      -1.01702,      -1.21317,      -1.21315,      -1.01704,   1.66537E-03
F:/Desktop/DeepOnet_Abaqus/StaticElasticJob3.odb,Step-1,Increment      1: Step Time =    1.000,"PLATE-1",           220,             1,   422.262E-03,       1.84422,            0.,"ASSEMBLY_PLATE-1__PICKEDSET2","ROCK","",  -989.060E-03,      -1.24821,      -1.24811,  -989.155E-03,   4.95749E-03
F:/Desktop/DeepOnet_Abaqus/StaticElasticJob3.odb,Step-1,Increment      1: Step Time =    1.000,"PLATE-1",           221,             1,  -50.4099E-03,       1.64289,            0.,"ASSEMBLY_PLATE-1__PICKEDSET2","ROCK","",  -985.879E-03,      -1.25162,      -1.25150,  -985.999E-03,  -5.65129E-03
F:/Desktop/DeepOnet_Abaqus/StaticElasticJob3.odb,Step-1,Increment      1: Step Time =    1.000,"PLATE-1",           222,             1,  -602.924E-03,       1.98714,            0.,"ASSEMBLY_PLATE-1__PICKEDSET2","ROCK","",  -994.451E-03,      -1.24161,      -1.24143,  -994.637E-03,  -6.77205E-03
F:/Desktop/DeepOnet_Abaqus/StaticElasticJob3.odb,Step-1,Increment      1: Step Time =    1.000,"PLATE-1",           223,             1,  -266.961E-03,       2.10982,            0.,"ASSEMBLY_PLATE-1__PICKEDSET2","ROCK","",  -993.477E-03,      -1.24293,      -1.24287,  -993.537E-03,  -3.87391E-03
F:/Desktop/DeepOnet_Abaqus/StaticElasticJob3.odb,Step-1,Increment      1: Step Time =    1.000,"PLATE-1",           224,             1,  -74.4143E-03,       1.72292,            0.,"ASSEMBLY_PLATE-1__PICKEDSET2","ROCK","",  -987.726E-03,      -1.24952,      -1.24942,  -987.823E-03,  -5.03402E-03
F:/Desktop/DeepOnet_Abaqus/StaticElasticJob3.odb,Step-1,Increment      1: Step Time =    1.000,"PLATE-1",           225,             1,       1.83386,  -159.181E-03,            0.,"ASSEMBLY_PLATE-1__PICKEDSET2","ROCK","",      -1.01918,      -1.20969,      -1.20959,      -1.01929,  -4.46450E-03
F:/Desktop/DeepOnet_Abaqus/StaticElasticJob3.odb,Step-1,Increment      1: Step Time =    1.000,"PLATE-1",           226,             1,       1.66446,   48.5326E-03,            0.,"ASSEMBLY_PLATE-1__PICKEDSET2","ROCK","",      -1.02417,      -1.20381,      -1.20380,      -1.02418,   1.27760E-03
F:/Desktop/DeepOnet_Abaqus/StaticElasticJob3.odb,Step-1,Increment      1: Step Time =    1.000,"PLATE-1",           227,             1,       1.98019,   523.446E-03,            0.,"ASSEMBLY_PLATE-1__PICKEDSET2","ROCK","",      -1.01414,      -1.21974,      -1.21929,      -1.01459,   9.67615E-03
F:/Desktop/DeepOnet_Abaqus/StaticElasticJob3.odb,Step-1,Increment      1: Step Time =    1.000,"PLATE-1",           228,             1,       1.78876,   50.2830E-03,            0.,"ASSEMBLY_PLATE-1__PICKEDSET2","ROCK","",      -1.02152,      -1.20783,      -1.20781,      -1.02153,   1.65138E-03
F:/Desktop/DeepOnet_Abaqus/StaticElasticJob3.odb,Step-1,Increment      1: Step Time =    1.000,"PLATE-1",           229,             1,   25.6462E-03,      -1.90132,            0.,"ASSEMBLY_PLATE-1__PICKEDSET2","ROCK","",  -993.021E-03,      -1.24568,      -1.24567,  -993.029E-03,   1.34086E-03
F:/Desktop/DeepOnet_Abaqus/StaticElasticJob3.odb,Step-1,Increment      1: Step Time =    1.000,"PLATE-1",           230,             1,   37.1497E-03,      -1.69603,            0.,"ASSEMBLY_PLATE-1__PICKEDSET2","ROCK","",  -990.397E-03,      -1.24966,      -1.24965,  -990.406E-03,   1.57364E-03
F:/Desktop/DeepOnet_Abaqus/StaticElasticJob3.odb,Step-1,Increment      1: Step Time =    1.000,"PLATE-1",           231,             1,  -141.500E-03,      -1.76221,            0.,"ASSEMBLY_PLATE-1__PICKEDSET2","ROCK","",  -992.198E-03,      -1.24760,      -1.24756,  -992.246E-03,   3.47015E-03
F:/Desktop/DeepOnet_Abaqus/StaticElasticJob3.odb,Step-1,Increment      1: Step Time =    1.000,"PLATE-1",           232,             1,      -1.82156,   423.953E-03,            0.,"ASSEMBLY_PLATE-1__PICKEDSET2","ROCK","",      -1.01447,      -1.21576,      -1.21553,      -1.01470,  -6.83016E-03
F:/Desktop/DeepOnet_Abaqus/StaticElasticJob3.odb,Step-1,Increment      1: Step Time =    1.000,"PLATE-1",           233,             1,      -1.78495,   326.537E-03,            0.,"ASSEMBLY_PLATE-1__PICKEDSET2","ROCK","",      -1.01627,      -1.21341,      -1.21326,      -1.01643,  -5.49979E-03
F:/Desktop/DeepOnet_Abaqus/StaticElasticJob3.odb,Step-1,Increment      1: Step Time =    1.000,"PLATE-1",           234,             1,      -1.89386,   271.452E-03,            0.,"ASSEMBLY_PLATE-1__PICKEDSET2","ROCK","",      -1.01540,      -1.21500,      -1.21493,      -1.01547,  -3.52359E-03
F:/Desktop/DeepOnet_Abaqus/StaticElasticJob3.odb,Step-1,Increment      1: Step Time =    1.000,"PLATE-1",           235,             1,      -1.84976,  -278.305E-03,            0.,"ASSEMBLY_PLATE-1__PICKEDSET2","ROCK","",      -1.01483,      -1.21627,      -1.21605,      -1.01505,   6.67214E-03
F:/Desktop/DeepOnet_Abaqus/StaticElasticJob3.odb,Step-1,Increment      1: Step Time =    1.000,"PLATE-1",           236,             1,       1.77566,  -509.973E-03,            0.,"ASSEMBLY_PLATE-1__PICKEDSET2","ROCK","",      -1.01276,      -1.21587,      -1.21500,      -1.01362,  -13.2516E-03
F:/Desktop/DeepOnet_Abaqus/StaticElasticJob3.odb,Step-1,Increment      1: Step Time =    1.000,"PLATE-1",           237,             1,       1.75667,  -431.015E-03,            0.,"ASSEMBLY_PLATE-1__PICKEDSET2","ROCK","",      -1.01490,      -1.21346,      -1.21277,      -1.01559,  -11.7020E-03
F:/Desktop/DeepOnet_Abaqus/StaticElasticJob3.odb,Step-1,Increment      1: Step Time =    1.000,"PLATE-1",           238,             1,  -459.185E-03,      -1.81947,            0.,"ASSEMBLY_PLATE-1__PICKEDSET2","ROCK","",  -994.606E-03,      -1.24471,      -1.24456,  -994.760E-03,   6.21154E-03
F:/Desktop/DeepOnet_Abaqus/StaticElasticJob3.odb,Step-1,Increment      1: Step Time =    1.000,"PLATE-1",           239,             1,      -1.70187,       1.56513,            0.,"ASSEMBLY_PLATE-1__PICKEDSET2","ROCK","",      -1.00140,      -1.23188,      -1.23145,      -1.00183,  -9.98003E-03
F:/Desktop/DeepOnet_Abaqus/StaticElasticJob3.odb,Step-1,Increment      1: Step Time =    1.000,"PLATE-1",           240,             1,      -1.83473,       1.30648,            0.,"ASSEMBLY_PLATE-1__PICKEDSET2","ROCK","",      -1.00360,      -1.22905,      -1.22855,      -1.00410,  -10.6425E-03
F:/Desktop/DeepOnet_Abaqus/StaticElasticJob3.odb,Step-1,Increment      1: Step Time =    1.000,"PLATE-1",           241,             1,      -1.91473,   962.347E-03,            0.,"ASSEMBLY_PLATE-1__PICKEDSET2","ROCK","",      -1.00717,      -1.22475,      -1.22426,      -1.00766,  -10.3132E-03
F:/Desktop/DeepOnet_Abaqus/StaticElasticJob3.odb,Step-1,Increment      1: Step Time =    1.000,"PLATE-1",           242,             1,      -1.90600,      -1.04503,            0.,"ASSEMBLY_PLATE-1__PICKEDSET2","ROCK","",      -1.00557,      -1.22844,      -1.22793,      -1.00608,   10.6860E-03
F:/Desktop/DeepOnet_Abaqus/StaticElasticJob3.odb,Step-1,Increment      1: Step Time =    1.000,"PLATE-1",           243,             1,      -1.87263,      -1.15828,            0.,"ASSEMBLY_PLATE-1__PICKEDSET2","ROCK","",      -1.00466,      -1.22977,      -1.22926,      -1.00517,   10.7424E-03
F:/Desktop/DeepOnet_Abaqus/StaticElasticJob3.odb,Step-1,Increment      1: Step Time =    1.000,"PLATE-1",           244,             1,      -1.69092,      -1.46657,            0.,"ASSEMBLY_PLATE-1__PICKEDSET2","ROCK","",      -1.00211,      -1.23303,      -1.23259,      -1.00255,   10.0280E-03
F:/Desktop/DeepOnet_Abaqus/StaticElasticJob3.odb,Step-1,Increment      1: Step Time =    1.000,"PLATE-1",           245,             1,      -1.85574,      -1.26246,            0.,"ASSEMBLY_PLATE-1__PICKEDSET2","ROCK","",      -1.00390,      -1.23053,      -1.23006,      -1.00437,   10.2942E-03
F:/Desktop/DeepOnet_Abaqus/StaticElasticJob3.odb,Step-1,Increment      1: Step Time =    1.000,"PLATE-1",           246,             1,      -1.69352,      -1.58478,            0.,"ASSEMBLY_PLATE-1__PICKEDSET2","ROCK","",      -1.00167,      -1.23352,      -1.23315,      -1.00204,   9.24445E-03
F:/Desktop/DeepOnet_Abaqus/StaticElasticJob3.odb,Step-1,Increment      1: Step Time =    1.000,"PLATE-1",           247,             1,   660.762E-03,       1.99676,            0.,"ASSEMBLY_PLATE-1__PICKEDSET2","ROCK","",  -992.912E-03,      -1.24431,      -1.24409,  -993.138E-03,   7.54042E-03
F:/Desktop/DeepOnet_Abaqus/StaticElasticJob3.odb,Step-1,Increment      1: Step Time =    1.000,"PLATE-1",           248,             1,       1.25278,       1.80369,            0.,"ASSEMBLY_PLATE-1__PICKEDSET2","ROCK","",  -999.197E-03,      -1.23835,      -1.23783,  -999.717E-03,   11.1364E-03
F:/Desktop/DeepOnet_Abaqus/StaticElasticJob3.odb,Step-1,Increment      1: Step Time =    1.000,"PLATE-1",           249,             1,       1.15737,       1.82086,            0.,"ASSEMBLY_PLATE-1__PICKEDSET2","ROCK","",  -997.913E-03,      -1.23958,      -1.23908,  -998.413E-03,   10.9844E-03
F:/Desktop/DeepOnet_Abaqus/StaticElasticJob3.odb,Step-1,Increment      1: Step Time =    1.000,"PLATE-1",           250,             1,   882.897E-03,       1.99354,            0.,"ASSEMBLY_PLATE-1__PICKEDSET2","ROCK","",  -995.278E-03,      -1.24184,      -1.24155,  -995.575E-03,   8.55660E-03
F:/Desktop/DeepOnet_Abaqus/StaticElasticJob3.odb,Step-1,Increment      1: Step Time =    1.000,"PLATE-1",           251,             1,  -828.956E-03,       2.05081,            0.,"ASSEMBLY_PLATE-1__PICKEDSET2","ROCK","",  -995.788E-03,      -1.23976,      -1.23956,  -995.987E-03,  -6.96182E-03
F:/Desktop/DeepOnet_Abaqus/StaticElasticJob3.odb,Step-1,Increment      1: Step Time =    1.000,"PLATE-1",           252,             1,      -1.22213,       1.75264,            0.,"ASSEMBLY_PLATE-1__PICKEDSET2","ROCK","",  -997.699E-03,      -1.23677,      -1.23633,  -998.134E-03,  -10.1832E-03
F:/Desktop/DeepOnet_Abaqus/StaticElasticJob3.odb,Step-1,Increment      1: Step Time =    1.000,"PLATE-1",           253,             1,      -1.43922,       1.66759,            0.,"ASSEMBLY_PLATE-1__PICKEDSET2","ROCK","",  -999.249E-03,      -1.23452,      -1.23406,  -999.708E-03,  -10.3819E-03
F:/Desktop/DeepOnet_Abaqus/StaticElasticJob3.odb,Step-1,Increment      1: Step Time =    1.000,"PLATE-1",           254,             1,      -1.31881,       1.76268,            0.,"ASSEMBLY_PLATE-1__PICKEDSET2","ROCK","",  -998.236E-03,      -1.23597,      -1.23555,  -998.651E-03,  -9.92299E-03
F:/Desktop/DeepOnet_Abaqus/StaticElasticJob3.odb,Step-1,Increment      1: Step Time =    1.000,"PLATE-1",           255,             1,      -1.51917,       2.12653,            0.,"ASSEMBLY_PLATE-1__PICKEDSET2","ROCK","",  -999.351E-03,      -1.23474,      -1.23454,  -999.556E-03,  -6.94027E-03
F:/Desktop/DeepOnet_Abaqus/StaticElasticJob3.odb,Step-1,Increment      1: Step Time =    1.000,"PLATE-1",           256,             1,      -1.54463,       1.68771,            0.,"ASSEMBLY_PLATE-1__PICKEDSET2","ROCK","",      -1.00006,      -1.23361,      -1.23320,      -1.00047,  -9.83961E-03
F:/Desktop/DeepOnet_Abaqus/StaticElasticJob3.odb,Step-1,Increment      1: Step Time =    1.000,"PLATE-1",           257,             1,       1.77808,      -1.45659,            0.,"ASSEMBLY_PLATE-1__PICKEDSET2","ROCK","",  -999.911E-03,      -1.23262,      -1.23202,      -1.00050,  -11.7354E-03
F:/Desktop/DeepOnet_Abaqus/StaticElasticJob3.odb,Step-1,Increment      1: Step Time =    1.000,"PLATE-1",           258,             1,       1.97227,  -979.340E-03,            0.,"ASSEMBLY_PLATE-1__PICKEDSET2","ROCK","",      -1.00605,      -1.22539,      -1.22475,      -1.00669,  -11.7972E-03
F:/Desktop/DeepOnet_Abaqus/StaticElasticJob3.odb,Step-1,Increment      1: Step Time =    1.000,"PLATE-1",           259,             1,       1.79750,      -1.28246,            0.,"ASSEMBLY_PLATE-1__PICKEDSET2","ROCK","",      -1.00137,      -1.23062,      -1.22989,      -1.00210,  -12.9261E-03
F:/Desktop/DeepOnet_Abaqus/StaticElasticJob3.odb,Step-1,Increment      1: Step Time =    1.000,"PLATE-1",           260,             1,       1.83218,      -1.08712,            0.,"ASSEMBLY_PLATE-1__PICKEDSET2","ROCK","",      -1.00358,      -1.22764,      -1.22679,      -1.00442,  -13.7294E-03
F:/Desktop/DeepOnet_Abaqus/StaticElasticJob3.odb,Step-1,Increment      1: Step Time =    1.000,"PLATE-1",           261,             1,       1.84227,       1.05838,            0.,"ASSEMBLY_PLATE-1__PICKEDSET2","ROCK","",      -1.00729,      -1.22929,      -1.22855,      -1.00803,   12.7612E-03
F:/Desktop/DeepOnet_Abaqus/StaticElasticJob3.odb,Step-1,Increment      1: Step Time =    1.000,"PLATE-1",           262,             1,       1.82996,       1.17389,            0.,"ASSEMBLY_PLATE-1__PICKEDSET2","ROCK","",      -1.00604,      -1.23086,      -1.23016,      -1.00675,   12.5689E-03
F:/Desktop/DeepOnet_Abaqus/StaticElasticJob3.odb,Step-1,Increment      1: Step Time =    1.000,"PLATE-1",           263,             1,       1.66516,       1.44407,            0.,"ASSEMBLY_PLATE-1__PICKEDSET2","ROCK","",      -1.00337,      -1.23401,      -1.23337,      -1.00401,   12.0989E-03
F:/Desktop/DeepOnet_Abaqus/StaticElasticJob3.odb,Step-1,Increment      1: Step Time =    1.000,"PLATE-1",           264,             1,       1.97914,       1.51689,            0.,"ASSEMBLY_PLATE-1__PICKEDSET2","ROCK","",      -1.00419,      -1.23211,      -1.23170,      -1.00459,   9.61952E-03
F:/Desktop/DeepOnet_Abaqus/StaticElasticJob3.odb,Step-1,Increment      1: Step Time =    1.000,"PLATE-1",           265,             1,       1.67622,       1.54942,            0.,"ASSEMBLY_PLATE-1__PICKEDSET2","ROCK","",      -1.00304,      -1.23415,      -1.23360,      -1.00360,   11.2920E-03
F:/Desktop/DeepOnet_Abaqus/StaticElasticJob3.odb,Step-1,Increment      1: Step Time =    1.000,"PLATE-1",           266,             1,      -1.54282,      -1.70266,            0.,"ASSEMBLY_PLATE-1__PICKEDSET2","ROCK","",      -1.00070,      -1.23493,      -1.23460,      -1.00103,   8.81849E-03
F:/Desktop/DeepOnet_Abaqus/StaticElasticJob3.odb,Step-1,Increment      1: Step Time =    1.000,"PLATE-1",           267,             1,      -1.49370,      -1.89466,            0.,"ASSEMBLY_PLATE-1__PICKEDSET2","ROCK","",      -1.00026,      -1.23534,      -1.23510,      -1.00050,   7.47085E-03
F:/Desktop/DeepOnet_Abaqus/StaticElasticJob3.odb,Step-1,Increment      1: Step Time =    1.000,"PLATE-1",           268,             1,      -1.14627,      -1.66431,            0.,"ASSEMBLY_PLATE-1__PICKEDSET2","ROCK","",  -998.537E-03,      -1.23877,      -1.23835,  -998.957E-03,   10.0344E-03
F:/Desktop/DeepOnet_Abaqus/StaticElasticJob3.odb,Step-1,Increment      1: Step Time =    1.000,"PLATE-1",           269,             1,      -1.23336,      -1.79025,            0.,"ASSEMBLY_PLATE-1__PICKEDSET2","ROCK","",  -999.089E-03,      -1.23767,      -1.23735,  -999.409E-03,   8.73766E-03
F:/Desktop/DeepOnet_Abaqus/StaticElasticJob3.odb,Step-1,Increment      1: Step Time =    1.000,"PLATE-1",           270,             1,      -1.01937,      -1.92608,            0.,"ASSEMBLY_PLATE-1__PICKEDSET2","ROCK","",  -998.230E-03,      -1.23891,      -1.23868,  -998.461E-03,   7.44060E-03
F:/Desktop/DeepOnet_Abaqus/StaticElasticJob3.odb,Step-1,Increment      1: Step Time =    1.000,"PLATE-1",           271,             1,       1.24468,      -1.66169,            0.,"ASSEMBLY_PLATE-1__PICKEDSET2","ROCK","",  -994.940E-03,      -1.23885,      -1.23837,  -995.419E-03,  -10.7965E-03
F:/Desktop/DeepOnet_Abaqus/StaticElasticJob3.odb,Step-1,Increment      1: Step Time =    1.000,"PLATE-1",           272,             1,       1.14122,      -1.76091,            0.,"ASSEMBLY_PLATE-1__PICKEDSET2","ROCK","",  -994.416E-03,      -1.23993,      -1.23958,  -994.769E-03,  -9.29848E-03
F:/Desktop/DeepOnet_Abaqus/StaticElasticJob3.odb,Step-1,Increment      1: Step Time =    1.000,"PLATE-1",           273,             1,       1.31664,      -1.82370,            0.,"ASSEMBLY_PLATE-1__PICKEDSET2","ROCK","",  -996.020E-03,      -1.23785,      -1.23750,  -996.367E-03,  -9.15666E-03
F:/Desktop/DeepOnet_Abaqus/StaticElasticJob3.odb,Step-1,Increment      1: Step Time =    1.000,"PLATE-1",           274,             1,      -1.90335,      -1.82859,            0.,"ASSEMBLY_PLATE-1__PICKEDSET2","ROCK","",      -1.00177,      -1.23288,      -1.23266,      -1.00199,   7.12230E-03
F:/Desktop/DeepOnet_Abaqus/StaticElasticJob3.odb,Step-1,Increment      1: Step Time =    1.000,"PLATE-1",           275,             1,       1.82338,       1.52940,            0.,"ASSEMBLY_PLATE-1__PICKEDSET2","ROCK","",      -1.00350,      -1.23331,      -1.23280,      -1.00401,   10.8124E-03
F:/Desktop/DeepOnet_Abaqus/StaticElasticJob3.odb,Step-1,Increment      1: Step Time =    1.000,"PLATE-1",           276,             1,      -1.70347,       1.72708,            0.,"ASSEMBLY_PLATE-1__PICKEDSET2","ROCK","",      -1.00069,      -1.23268,      -1.23232,      -1.00105,  -9.11604E-03
F:/Desktop/DeepOnet_Abaqus/StaticElasticJob3.odb,Step-1,Increment      1: Step Time =    1.000,"PLATE-1",           277,             1,      -2.04401,       1.45248,            0.,"ASSEMBLY_PLATE-1__PICKEDSET2","ROCK","",      -1.00346,      -1.22941,      -1.22908,      -1.00380,  -8.71290E-03
F:/Desktop/DeepOnet_Abaqus/StaticElasticJob3.odb,Step-1,Increment      1: Step Time =    1.000,"PLATE-1",           278,             1,      -1.69053,      -1.76069,            0.,"ASSEMBLY_PLATE-1__PICKEDSET2","ROCK","",      -1.00121,      -1.23399,      -1.23371,      -1.00149,   8.12124E-03
F:/Desktop/DeepOnet_Abaqus/StaticElasticJob3.odb,Step-1,Increment      1: Step Time =    1.000,"PLATE-1",           279,             1,      -1.39921,      -1.81911,            0.,"ASSEMBLY_PLATE-1__PICKEDSET2","ROCK","",  -999.844E-03,      -1.23628,      -1.23600,      -1.00013,   8.17529E-03
F:/Desktop/DeepOnet_Abaqus/StaticElasticJob3.odb,Step-1,Increment      1: Step Time =    1.000,"PLATE-1",           280,             1,      -1.65513,       1.93323,            0.,"ASSEMBLY_PLATE-1__PICKEDSET2","ROCK","",      -1.00010,      -1.23362,      -1.23335,      -1.00037,  -7.92978E-03
F:/Desktop/DeepOnet_Abaqus/StaticElasticJob3.odb,Step-1,Increment      1: Step Time =    1.000,"PLATE-1",           281,             1,      -1.86727,      -1.48803,            0.,"ASSEMBLY_PLATE-1__PICKEDSET2","ROCK","",      -1.00279,      -1.23193,      -1.23155,      -1.00316,   9.23834E-03
F:/Desktop/DeepOnet_Abaqus/StaticElasticJob3.odb,Step-1,Increment      1: Step Time =    1.000,"PLATE-1",           282,             1,      -2.03221,      -1.48473,            0.,"ASSEMBLY_PLATE-1__PICKEDSET2","ROCK","",      -1.00331,      -1.23114,      -1.23081,      -1.00364,   8.63301E-03
F:/Desktop/DeepOnet_Abaqus/StaticElasticJob3.odb,Step-1,Increment      1: Step Time =    1.000,"PLATE-1",           283,             1,       1.87696,       1.66168,            0.,"ASSEMBLY_PLATE-1__PICKEDSET2","ROCK","",      -1.00333,      -1.23294,      -1.23256,      -1.00370,   9.31093E-03
F:/Desktop/DeepOnet_Abaqus/StaticElasticJob3.odb,Step-1,Increment      1: Step Time =    1.000,"PLATE-1",           284,             1,       1.69319,       1.69639,            0.,"ASSEMBLY_PLATE-1__PICKEDSET2","ROCK","",      -1.00225,      -1.23444,      -1.23400,      -1.00269,   10.0784E-03
F:/Desktop/DeepOnet_Abaqus/StaticElasticJob3.odb,Step-1,Increment      1: Step Time =    1.000,"PLATE-1",           285,             1,       1.54589,      -1.89206,            0.,"ASSEMBLY_PLATE-1__PICKEDSET2","ROCK","",  -997.679E-03,      -1.23582,      -1.23551,  -997.990E-03,  -8.60047E-03
F:/Desktop/DeepOnet_Abaqus/StaticElasticJob3.odb,Step-1,Increment      1: Step Time =    1.000,"PLATE-1",           286,             1,   806.646E-03,       2.13422,            0.,"ASSEMBLY_PLATE-1__PICKEDSET2","ROCK","",  -995.321E-03,      -1.24166,      -1.24146,  -995.518E-03,   6.97397E-03
F:/Desktop/DeepOnet_Abaqus/StaticElasticJob3.odb,Step-1,Increment      1: Step Time =    1.000,"PLATE-1",           287,             1,      -1.94158,       1.75269,            0.,"ASSEMBLY_PLATE-1__PICKEDSET2","ROCK","",      -1.00188,      -1.23143,      -1.23115,      -1.00216,  -8.04872E-03
F:/Desktop/DeepOnet_Abaqus/StaticElasticJob3.odb,Step-1,Increment      1: Step Time =    1.000,"PLATE-1",           288,             1,      -1.95056,       1.20251,            0.,"ASSEMBLY_PLATE-1__PICKEDSET2","ROCK","",      -1.00484,      -1.22767,      -1.22724,      -1.00528,  -9.86459E-03
F:/Desktop/DeepOnet_Abaqus/StaticElasticJob3.odb,Step-1,Increment      1: Step Time =    1.000,"PLATE-1",           289,             1,      -1.87229,       1.42759,            0.,"ASSEMBLY_PLATE-1__PICKEDSET2","ROCK","",      -1.00314,      -1.22978,      -1.22934,      -1.00358,  -9.97338E-03
F:/Desktop/DeepOnet_Abaqus/StaticElasticJob3.odb,Step-1,Increment      1: Step Time =    1.000,"PLATE-1",           290,             1,      -1.14755,      -1.93924,            0.,"ASSEMBLY_PLATE-1__PICKEDSET2","ROCK","",  -998.698E-03,      -1.23822,      -1.23798,  -998.936E-03,   7.54299E-03
F:/Desktop/DeepOnet_Abaqus/StaticElasticJob3.odb,Step-1,Increment      1: Step Time =    1.000,"PLATE-1",           291,             1,       1.77237,      -2.15820,            0.,"ASSEMBLY_PLATE-1__PICKEDSET2","ROCK","",  -998.918E-03,      -1.23460,      -1.23440,  -999.108E-03,  -6.69560E-03
F:/Desktop/DeepOnet_Abaqus/StaticElasticJob3.odb,Step-1,Increment      1: Step Time =    1.000,"PLATE-1",           292,             1,       2.14794,   598.243E-03,            0.,"ASSEMBLY_PLATE-1__PICKEDSET2","ROCK","",      -1.01165,      -1.22258,      -1.22225,      -1.01198,   8.36169E-03
F:/Desktop/DeepOnet_Abaqus/StaticElasticJob3.odb,Step-1,Increment      1: Step Time =    1.000,"PLATE-1",           293,             1,       1.87879,  -475.433E-03,            0.,"ASSEMBLY_PLATE-1__PICKEDSET2","ROCK","",      -1.01323,      -1.21658,      -1.21604,      -1.01377,  -10.4818E-03
F:/Desktop/DeepOnet_Abaqus/StaticElasticJob3.odb,Step-1,Increment      1: Step Time =    1.000,"PLATE-1",           294,             1,      -1.17812,       2.00817,            0.,"ASSEMBLY_PLATE-1__PICKEDSET2","ROCK","",  -997.759E-03,      -1.23693,      -1.23667,  -998.016E-03,  -7.82708E-03
F:/Desktop/DeepOnet_Abaqus/StaticElasticJob3.odb,Step-1,Increment      1: Step Time =    1.000,"PLATE-1",           295,             1,       1.12966,      -2.15392,            0.,"ASSEMBLY_PLATE-1__PICKEDSET2","ROCK","",  -995.922E-03,      -1.23892,      -1.23880,  -996.044E-03,  -5.42266E-03
F:/Desktop/DeepOnet_Abaqus/StaticElasticJob3.odb,Step-1,Increment      1: Step Time =    1.000,"PLATE-1",           296,             1,      -2.23171,  -990.259E-03,            0.,"ASSEMBLY_PLATE-1__PICKEDSET2","ROCK","",      -1.00647,      -1.22732,      -1.22701,      -1.00678,   8.29786E-03
F:/Desktop/DeepOnet_Abaqus/StaticElasticJob3.odb,Step-1,Increment      1: Step Time =    1.000,"PLATE-1",           297,             1,       1.06021,       1.82593,            0.,"ASSEMBLY_PLATE-1__PICKEDSET2","ROCK","",  -996.830E-03,      -1.24077,      -1.24029,  -997.313E-03,   10.8444E-03
F:/Desktop/DeepOnet_Abaqus/StaticElasticJob3.odb,Step-1,Increment      1: Step Time =    1.000,"PLATE-1",           298,             1,       1.22759,       1.92945,            0.,"ASSEMBLY_PLATE-1__PICKEDSET2","ROCK","",  -998.486E-03,      -1.23858,      -1.23818,  -998.891E-03,   9.84541E-03
F:/Desktop/DeepOnet_Abaqus/StaticElasticJob3.odb,Step-1,Increment      1: Step Time =    1.000,"PLATE-1",           299,             1,  -420.545E-03,       1.81915,            0.,"ASSEMBLY_PLATE-1__PICKEDSET2","ROCK","",  -992.299E-03,      -1.24455,      -1.24434,  -992.507E-03,  -7.23151E-03
F:/Desktop/DeepOnet_Abaqus/StaticElasticJob3.odb,Step-1,Increment      1: Step Time =    1.000,"PLATE-1",           300,             1,       1.80055,   423.078E-03,            0.,"ASSEMBLY_PLATE-1__PICKEDSET2","ROCK","",      -1.01753,      -1.21526,      -1.21463,      -1.01816,   11.1317E-03
F:/Desktop/DeepOnet_Abaqus/StaticElasticJob3.odb,Step-1,Increment      1: Step Time =    1.000,"PLATE-1",           301,             1,       1.98761,   691.607E-03,            0.,"ASSEMBLY_PLATE-1__PICKEDSET2","ROCK","",      -1.01135,      -1.22357,      -1.22296,      -1.01196,   11.3894E-03
F:/Desktop/DeepOnet_Abaqus/StaticElasticJob3.odb,Step-1,Increment      1: Step Time =    1.000,"PLATE-1",           302,             1,  -842.829E-03,      -1.85406,            0.,"ASSEMBLY_PLATE-1__PICKEDSET2","ROCK","",  -997.045E-03,      -1.24094,      -1.24072,  -997.268E-03,   7.37424E-03
F:/Desktop/DeepOnet_Abaqus/StaticElasticJob3.odb,Step-1,Increment      1: Step Time =    1.000,"PLATE-1",           303,             1,  -717.155E-03,      -2.04068,            0.,"ASSEMBLY_PLATE-1__PICKEDSET2","ROCK","",  -997.056E-03,      -1.24074,      -1.24060,  -997.193E-03,   5.78181E-03
F:/Desktop/DeepOnet_Abaqus/StaticElasticJob3.odb,Step-1,Increment      1: Step Time =    1.000,"PLATE-1",           304,             1,   300.100E-03,      -1.79542,            0.,"ASSEMBLY_PLATE-1__PICKEDSET2","ROCK","",  -991.374E-03,      -1.24697,      -1.24696,  -991.386E-03,  -1.77085E-03
F:/Desktop/DeepOnet_Abaqus/StaticElasticJob3.odb,Step-1,Increment      1: Step Time =    1.000,"PLATE-1",           305,             1,   271.570E-03,      -2.11951,            0.,"ASSEMBLY_PLATE-1__PICKEDSET2","ROCK","",  -994.372E-03,      -1.24297,      -1.24297,  -994.374E-03,  -563.703E-06
F:/Desktop/DeepOnet_Abaqus/StaticElasticJob3.odb,Step-1,Increment      1: Step Time =    1.000,"PLATE-1",           306,             1,   315.981E-03,       1.83054,            0.,"ASSEMBLY_PLATE-1__PICKEDSET2","ROCK","",  -987.863E-03,      -1.24940,      -1.24937,  -987.896E-03,   2.95780E-03
F:/Desktop/DeepOnet_Abaqus/StaticElasticJob3.odb,Step-1,Increment      1: Step Time =    1.000,"PLATE-1",           307,             1,  -204.918E-03,       1.81895,            0.,"ASSEMBLY_PLATE-1__PICKEDSET2","ROCK","",  -990.163E-03,      -1.24700,      -1.24689,  -990.272E-03,  -5.27924E-03
F:/Desktop/DeepOnet_Abaqus/StaticElasticJob3.odb,Step-1,Increment      1: Step Time =    1.000,"PLATE-1",           308,             1,  -759.309E-03,       2.18412,            0.,"ASSEMBLY_PLATE-1__PICKEDSET2","ROCK","",  -995.856E-03,      -1.23980,      -1.23966,  -995.996E-03,  -5.83987E-03
F:/Desktop/DeepOnet_Abaqus/StaticElasticJob3.odb,Step-1,Increment      1: Step Time =    1.000,"PLATE-1",           309,             1,       1.78833,   147.419E-03,            0.,"ASSEMBLY_PLATE-1__PICKEDSET2","ROCK","",      -1.02108,      -1.20891,      -1.20881,      -1.02118,   4.35061E-03
F:/Desktop/DeepOnet_Abaqus/StaticElasticJob3.odb,Step-1,Increment      1: Step Time =    1.000,"PLATE-1",           310,             1,   695.677E-03,      -2.07676,            0.,"ASSEMBLY_PLATE-1__PICKEDSET2","ROCK","",  -994.339E-03,      -1.24172,      -1.24166,  -994.397E-03,  -3.81381E-03
F:/Desktop/DeepOnet_Abaqus/StaticElasticJob3.odb,Step-1,Increment      1: Step Time =    1.000,"PLATE-1",           311,             1,      -2.04350,      -1.19413,            0.,"ASSEMBLY_PLATE-1__PICKEDSET2","ROCK","",      -1.00488,      -1.22911,      -1.22872,      -1.00527,   9.33344E-03
F:/Desktop/DeepOnet_Abaqus/StaticElasticJob3.odb,Step-1,Increment      1: Step Time =    1.000,"PLATE-1",           312,             1,      -1.81209,  -110.593E-03,            0.,"ASSEMBLY_PLATE-1__PICKEDSET2","ROCK","",      -1.01725,      -1.21293,      -1.21286,      -1.01732,   3.77587E-03
F:/Desktop/DeepOnet_Abaqus/StaticElasticJob3.odb,Step-1,Increment      1: Step Time =    1.000,"PLATE-1",           313,             1,      -1.99503,  -37.0877E-03,            0.,"ASSEMBLY_PLATE-1__PICKEDSET2","ROCK","",      -1.01468,      -1.21660,      -1.21658,      -1.01470,   2.03646E-03
F:/Desktop/DeepOnet_Abaqus/StaticElasticJob3.odb,Step-1,Increment      1: Step Time =    1.000,"PLATE-1",           314,             1,   107.605E-03,       1.78341,            0.,"ASSEMBLY_PLATE-1__PICKEDSET2","ROCK","",  -987.304E-03,      -1.24986,      -1.24986,  -987.306E-03,  -732.413E-06
F:/Desktop/DeepOnet_Abaqus/StaticElasticJob3.odb,Step-1,Increment      1: Step Time =    1.000,"PLATE-1",           315,             1,  -403.755E-03,       1.96158,            0.,"ASSEMBLY_PLATE-1__PICKEDSET2","ROCK","",  -992.801E-03,      -1.24379,      -1.24366,  -992.932E-03,  -5.72162E-03
F:/Desktop/DeepOnet_Abaqus/StaticElasticJob3.odb,Step-1,Increment      1: Step Time =    1.000,"PLATE-1",           316,             1,  -92.7103E-03,       1.82470,            0.,"ASSEMBLY_PLATE-1__PICKEDSET2","ROCK","",  -989.426E-03,      -1.24778,      -1.24771,  -989.495E-03,  -4.23136E-03
F:/Desktop/DeepOnet_Abaqus/StaticElasticJob3.odb,Step-1,Increment      1: Step Time =    1.000,"PLATE-1",           317,             1,       1.79123,  -267.909E-03,            0.,"ASSEMBLY_PLATE-1__PICKEDSET2","ROCK","",      -1.01800,      -1.21050,      -1.21020,      -1.01830,  -7.65196E-03
F:/Desktop/DeepOnet_Abaqus/StaticElasticJob3.odb,Step-1,Increment      1: Step Time =    1.000,"PLATE-1",           318,             1,  -67.2410E-03,      -2.06749,            0.,"ASSEMBLY_PLATE-1__PICKEDSET2","ROCK","",  -994.719E-03,      -1.24334,      -1.24332,  -994.733E-03,   1.85442E-03
F:/Desktop/DeepOnet_Abaqus/StaticElasticJob3.odb,Step-1,Increment      1: Step Time =    1.000,"PLATE-1",           319,             1,  -365.524E-03,      -1.98314,            0.,"ASSEMBLY_PLATE-1__PICKEDSET2","ROCK","",  -995.161E-03,      -1.24343,      -1.24335,  -995.239E-03,   4.42482E-03
F:/Desktop/DeepOnet_Abaqus/StaticElasticJob3.odb,Step-1,Increment      1: Step Time =    1.000,"PLATE-1",           320,             1,      -1.95268,   367.691E-03,            0.,"ASSEMBLY_PLATE-1__PICKEDSET2","ROCK","",      -1.01386,      -1.21697,      -1.21687,      -1.01396,  -4.50202E-03
F:/Desktop/DeepOnet_Abaqus/StaticElasticJob3.odb,Step-1,Increment      1: Step Time =    1.000,"PLATE-1",           321,             1,       1.97485,  -369.841E-03,            0.,"ASSEMBLY_PLATE-1__PICKEDSET2","ROCK","",      -1.01441,      -1.21581,      -1.21554,      -1.01468,  -7.33988E-03
F:/Desktop/DeepOnet_Abaqus/StaticElasticJob3.odb,Step-1,Increment      1: Step Time =    1.000,"PLATE-1",           322,             1,       2.12340,  -767.074E-03,            0.,"ASSEMBLY_PLATE-1__PICKEDSET2","ROCK","",      -1.00873,      -1.22288,      -1.22243,      -1.00918,  -9.85166E-03
F:/Desktop/DeepOnet_Abaqus/StaticElasticJob3.odb,Step-1,Increment      1: Step Time =    1.000,"PLATE-1",           323,             1,   410.874E-03,       2.10913,            0.,"ASSEMBLY_PLATE-1__PICKEDSET2","ROCK","",  -992.819E-03,      -1.24422,      -1.24417,  -992.874E-03,   3.69832E-03
F:/Desktop/DeepOnet_Abaqus/StaticElasticJob3.odb,Step-1,Increment      1: Step Time =    1.000,"PLATE-1",           324,             1,  -641.733E-03,       2.10781,            0.,"ASSEMBLY_PLATE-1__PICKEDSET2","ROCK","",  -995.054E-03,      -1.24081,      -1.24066,  -995.205E-03,  -6.07966E-03
F:/Desktop/DeepOnet_Abaqus/StaticElasticJob3.odb,Step-1,Increment      1: Step Time =    1.000,"PLATE-1",           325,             1,  -127.062E-03,      -1.90102,            0.,"ASSEMBLY_PLATE-1__PICKEDSET2","ROCK","",  -993.572E-03,      -1.24553,      -1.24549,  -993.612E-03,   3.15281E-03
F:/Desktop/DeepOnet_Abaqus/StaticElasticJob3.odb,Step-1,Increment      1: Step Time =    1.000,"PLATE-1",           326,             1,   180.020E-03,      -1.89316,            0.,"ASSEMBLY_PLATE-1__PICKEDSET2","ROCK","",  -992.530E-03,      -1.24594,      -1.24594,  -992.530E-03,  -112.686E-06
F:/Desktop/DeepOnet_Abaqus/StaticElasticJob3.odb,Step-1,Increment      1: Step Time =    1.000,"PLATE-1",           327,             1,      -1.92845,   91.5376E-03,            0.,"ASSEMBLY_PLATE-1__PICKEDSET2","ROCK","",      -1.01562,      -1.21503,      -1.21503,      -1.01562,  -185.393E-06
F:/Desktop/DeepOnet_Abaqus/StaticElasticJob3.odb,Step-1,Increment      1: Step Time =    1.000,"PLATE-1",           328,             1,       1.78401,   245.514E-03,            0.,"ASSEMBLY_PLATE-1__PICKEDSET2","ROCK","",      -1.02031,      -1.21073,      -1.21043,      -1.02061,   7.47412E-03
F:/Desktop/DeepOnet_Abaqus/StaticElasticJob3.odb,Step-1,Increment      1: Step Time =    1.000,"PLATE-1",           329,             1,  -950.178E-03,      -2.09987,            0.,"ASSEMBLY_PLATE-1__PICKEDSET2","ROCK","",  -998.263E-03,      -1.23866,      -1.23852,  -998.403E-03,   5.80202E-03
F:/Desktop/DeepOnet_Abaqus/StaticElasticJob3.odb,Step-1,Increment      1: Step Time =    1.000,"PLATE-1",           330,             1,       1.77166,      -1.37071,            0.,"ASSEMBLY_PLATE-1__PICKEDSET2","ROCK","",      -1.00081,      -1.23130,      -1.23065,      -1.00146,  -12.2353E-03
F:/Desktop/DeepOnet_Abaqus/StaticElasticJob3.odb,Step-1,Increment      1: Step Time =    1.000,"PLATE-1",           331,             1,      -1.81003,       1.14759,            0.,"ASSEMBLY_PLATE-1__PICKEDSET2","ROCK","",      -1.00501,      -1.22726,      -1.22668,      -1.00559,  -11.2998E-03
F:/Desktop/DeepOnet_Abaqus/StaticElasticJob3.odb,Step-1,Increment      1: Step Time =    1.000,"PLATE-1",           332,             1,      -1.85715,      -1.36868,            0.,"ASSEMBLY_PLATE-1__PICKEDSET2","ROCK","",      -1.00318,      -1.23154,      -1.23112,      -1.00360,   9.84337E-03
F:/Desktop/DeepOnet_Abaqus/StaticElasticJob3.odb,Step-1,Increment      1: Step Time =    1.000,"PLATE-1",           333,             1,      -1.01654,       1.94631,            0.,"ASSEMBLY_PLATE-1__PICKEDSET2","ROCK","",  -996.622E-03,      -1.23845,      -1.23817,  -996.906E-03,  -8.28598E-03
F:/Desktop/DeepOnet_Abaqus/StaticElasticJob3.odb,Step-1,Increment      1: Step Time =    1.000,"PLATE-1",           334,             1,      -1.12521,       1.71967,            0.,"ASSEMBLY_PLATE-1__PICKEDSET2","ROCK","",  -997.034E-03,      -1.23762,      -1.23715,  -997.503E-03,  -10.6118E-03
F:/Desktop/DeepOnet_Abaqus/StaticElasticJob3.odb,Step-1,Increment      1: Step Time =    1.000,"PLATE-1",           335,             1,      -1.32566,       1.86457,            0.,"ASSEMBLY_PLATE-1__PICKEDSET2","ROCK","",  -998.367E-03,      -1.23597,      -1.23563,  -998.705E-03,  -8.95393E-03
F:/Desktop/DeepOnet_Abaqus/StaticElasticJob3.odb,Step-1,Increment      1: Step Time =    1.000,"PLATE-1",           336,             1,       2.00224,  -830.840E-03,            0.,"ASSEMBLY_PLATE-1__PICKEDSET2","ROCK","",      -1.00819,      -1.22284,      -1.22220,      -1.00883,  -11.6933E-03
F:/Desktop/DeepOnet_Abaqus/StaticElasticJob3.odb,Step-1,Increment      1: Step Time =    1.000,"PLATE-1",           337,             1,       2.00567,       1.06570,            0.,"ASSEMBLY_PLATE-1__PICKEDSET2","ROCK","",      -1.00711,      -1.22892,      -1.22838,      -1.00765,   10.9294E-03
F:/Desktop/DeepOnet_Abaqus/StaticElasticJob3.odb,Step-1,Increment      1: Step Time =    1.000,"PLATE-1",           338,             1,       1.79324,       1.27903,            0.,"ASSEMBLY_PLATE-1__PICKEDSET2","ROCK","",      -1.00526,      -1.23178,      -1.23111,      -1.00594,   12.3275E-03
F:/Desktop/DeepOnet_Abaqus/StaticElasticJob3.odb,Step-1,Increment      1: Step Time =    1.000,"PLATE-1",           339,             1,       2.00451,       1.21977,            0.,"ASSEMBLY_PLATE-1__PICKEDSET2","ROCK","",      -1.00594,      -1.23027,      -1.22975,      -1.00646,   10.7982E-03
F:/Desktop/DeepOnet_Abaqus/StaticElasticJob3.odb,Step-1,Increment      1: Step Time =    1.000,"PLATE-1",           340,             1,      -1.04536,      -1.79803,            0.,"ASSEMBLY_PLATE-1__PICKEDSET2","ROCK","",  -998.148E-03,      -1.23929,      -1.23898,  -998.461E-03,   8.68639E-03
F:/Desktop/DeepOnet_Abaqus/StaticElasticJob3.odb,Step-1,Increment      1: Step Time =    1.000,"PLATE-1",           341,             1,  -951.289E-03,      -1.82405,            0.,"ASSEMBLY_PLATE-1__PICKEDSET2","ROCK","",  -997.666E-03,      -1.23994,      -1.23967,  -997.934E-03,   8.03826E-03
F:/Desktop/DeepOnet_Abaqus/StaticElasticJob3.odb,Step-1,Increment      1: Step Time =    1.000,"PLATE-1",           342,             1,       1.22446,      -1.77507,            0.,"ASSEMBLY_PLATE-1__PICKEDSET2","ROCK","",  -995.142E-03,      -1.23904,      -1.23868,  -995.495E-03,  -9.28290E-03
F:/Desktop/DeepOnet_Abaqus/StaticElasticJob3.odb,Step-1,Increment      1: Step Time =    1.000,"PLATE-1",           343,             1,       1.99837,      -1.12437,            0.,"ASSEMBLY_PLATE-1__PICKEDSET2","ROCK","",      -1.00427,      -1.22763,      -1.22702,      -1.00487,  -11.6268E-03
F:/Desktop/DeepOnet_Abaqus/StaticElasticJob3.odb,Step-1,Increment      1: Step Time =    1.000,"PLATE-1",           344,             1,       1.90255,   27.5653E-03,            0.,"ASSEMBLY_PLATE-1__PICKEDSET2","ROCK","",      -1.01881,      -1.21154,      -1.21154,      -1.01881,   587.775E-06
F:/Desktop/DeepOnet_Abaqus/StaticElasticJob3.odb,Step-1,Increment      1: Step Time =    1.000,"PLATE-1",           345,             1,       1.84855,  -340.207E-03,            0.,"ASSEMBLY_PLATE-1__PICKEDSET2","ROCK","",      -1.01655,      -1.21265,      -1.21233,      -1.01688,  -7.99916E-03
F:/Desktop/DeepOnet_Abaqus/StaticElasticJob3.odb,Step-1,Increment      1: Step Time =    1.000,"PLATE-1",           346,             1,       2.23557,       1.22085,            0.,"ASSEMBLY_PLATE-1__PICKEDSET2","ROCK","",      -1.00637,      -1.22934,      -1.22898,      -1.00674,   9.00550E-03
F:/Desktop/DeepOnet_Abaqus/StaticElasticJob3.odb,Step-1,Increment      1: Step Time =    1.000,"PLATE-1",           347,             1,      -2.01371,      -1.36051,            0.,"ASSEMBLY_PLATE-1__PICKEDSET2","ROCK","",      -1.00365,      -1.23071,      -1.23033,      -1.00402,   9.20719E-03
F:/Desktop/DeepOnet_Abaqus/StaticElasticJob3.odb,Step-1,Increment      1: Step Time =    1.000,"PLATE-1",           348,             1,      -2.20703,   161.713E-03,            0.,"ASSEMBLY_PLATE-1__PICKEDSET2","ROCK","",      -1.01272,      -1.21930,      -1.21930,      -1.01272,  -836.810E-06
F:/Desktop/DeepOnet_Abaqus/StaticElasticJob3.odb,Step-1,Increment      1: Step Time =    1.000,"PLATE-1",           349,             1,      -1.74772,  -280.480E-03,            0.,"ASSEMBLY_PLATE-1__PICKEDSET2","ROCK","",      -1.01604,      -1.21466,      -1.21432,      -1.01638,   8.18747E-03
F:/Desktop/DeepOnet_Abaqus/StaticElasticJob3.odb,Step-1,Increment      1: Step Time =    1.000,"PLATE-1",           350,             1,      -2.07717,  -838.360E-03,            0.,"ASSEMBLY_PLATE-1__PICKEDSET2","ROCK","",      -1.00765,      -1.22584,      -1.22545,      -1.00803,   9.20303E-03
F:/Desktop/DeepOnet_Abaqus/StaticElasticJob3.odb,Step-1,Increment      1: Step Time =    1.000,"PLATE-1",           351,             1,      -2.03907,   706.762E-03,            0.,"ASSEMBLY_PLATE-1__PICKEDSET2","ROCK","",      -1.01002,      -1.22165,      -1.22135,      -1.01032,  -7.95848E-03
F:/Desktop/DeepOnet_Abaqus/StaticElasticJob3.odb,Step-1,Increment      1: Step Time =    1.000,"PLATE-1",           352,             1,      -1.79954,       1.03309,            0.,"ASSEMBLY_PLATE-1__PICKEDSET2","ROCK","",      -1.00608,      -1.22581,      -1.22519,      -1.00670,  -11.6393E-03
F:/Desktop/DeepOnet_Abaqus/StaticElasticJob3.odb,Step-1,Increment      1: Step Time =    1.000,"PLATE-1",           353,             1,       1.24083,      -1.94866,            0.,"ASSEMBLY_PLATE-1__PICKEDSET2","ROCK","",  -995.970E-03,      -1.23828,      -1.23804,  -996.206E-03,  -7.55828E-03
F:/Desktop/DeepOnet_Abaqus/StaticElasticJob3.odb,Step-1,Increment      1: Step Time =    1.000,"PLATE-1",           354,             1,   412.442E-03,      -1.84814,            0.,"ASSEMBLY_PLATE-1__PICKEDSET2","ROCK","",  -991.773E-03,      -1.24597,      -1.24593,  -991.804E-03,  -2.81012E-03
F:/Desktop/DeepOnet_Abaqus/StaticElasticJob3.odb,Step-1,Increment      1: Step Time =    1.000,"PLATE-1",           355,             1,      -1.37603,      -2.78625,            0.,"ASSEMBLY_PLATE-1__PICKEDSET2","ROCK","",      -1.00031,      -1.23444,      -1.23440,      -1.00035,   3.09596E-03
F:/Desktop/DeepOnet_Abaqus/StaticElasticJob3.odb,Step-1,Increment      1: Step Time =    1.000,"PLATE-1",           356,             1,       1.13198,       2.09980,            0.,"ASSEMBLY_PLATE-1__PICKEDSET2","ROCK","",  -997.655E-03,      -1.23908,      -1.23880,  -997.935E-03,   8.20993E-03
F:/Desktop/DeepOnet_Abaqus/StaticElasticJob3.odb,Step-1,Increment      1: Step Time =    1.000,"PLATE-1",           357,             1,      -1.88241,       2.01441,            0.,"ASSEMBLY_PLATE-1__PICKEDSET2","ROCK","",      -1.00087,      -1.23246,      -1.23224,      -1.00108,  -7.03907E-03
F:/Desktop/DeepOnet_Abaqus/StaticElasticJob3.odb,Step-1,Increment      1: Step Time =    1.000,"PLATE-1",           358,             1,      -1.40021,       1.97434,            0.,"ASSEMBLY_PLATE-1__PICKEDSET2","ROCK","",  -998.717E-03,      -1.23549,      -1.23521,  -998.996E-03,  -8.11838E-03
F:/Desktop/DeepOnet_Abaqus/StaticElasticJob3.odb,Step-1,Increment      1: Step Time =    1.000,"PLATE-1",           359,             1,      -2.15192,   597.261E-03,            0.,"ASSEMBLY_PLATE-1__PICKEDSET2","ROCK","",      -1.01029,      -1.22173,      -1.22155,      -1.01047,  -6.14953E-03
F:/Desktop/DeepOnet_Abaqus/StaticElasticJob3.odb,Step-1,Increment      1: Step Time =    1.000,"PLATE-1",           360,             1,       1.88486,  -755.809E-03,            0.,"ASSEMBLY_PLATE-1__PICKEDSET2","ROCK","",      -1.00861,      -1.22152,      -1.22068,      -1.00944,  -13.2737E-03
F:/Desktop/DeepOnet_Abaqus/StaticElasticJob3.odb,Step-1,Increment      1: Step Time =    1.000,"PLATE-1",           361,             1,       2.10671,  -910.954E-03,            0.,"ASSEMBLY_PLATE-1__PICKEDSET2","ROCK","",      -1.00751,      -1.22427,      -1.22379,      -1.00800,  -10.2327E-03
F:/Desktop/DeepOnet_Abaqus/StaticElasticJob3.odb,Step-1,Increment      1: Step Time =    1.000,"PLATE-1",           362,             1,       2.16755,       1.00653,            0.,"ASSEMBLY_PLATE-1__PICKEDSET2","ROCK","",      -1.00794,      -1.22759,      -1.22718,      -1.00835,   9.42824E-03
F:/Desktop/DeepOnet_Abaqus/StaticElasticJob3.odb,Step-1,Increment      1: Step Time =    1.000,"PLATE-1",           363,             1,   770.335E-03,       1.98761,            0.,"ASSEMBLY_PLATE-1__PICKEDSET2","ROCK","",  -993.567E-03,      -1.24364,      -1.24339,  -993.818E-03,   7.92268E-03
F:/Desktop/DeepOnet_Abaqus/StaticElasticJob3.odb,Step-1,Increment      1: Step Time =    1.000,"PLATE-1",           364,             1,  -525.919E-03,       2.23665,            0.,"ASSEMBLY_PLATE-1__PICKEDSET2","ROCK","",  -995.352E-03,      -1.24064,      -1.24056,  -995.433E-03,  -4.45072E-03
F:/Desktop/DeepOnet_Abaqus/StaticElasticJob3.odb,Step-1,Increment      1: Step Time =    1.000,"PLATE-1",           365,             1,  -500.907E-03,       1.97715,            0.,"ASSEMBLY_PLATE-1__PICKEDSET2","ROCK","",  -993.992E-03,      -1.24235,      -1.24220,  -994.145E-03,  -6.15628E-03
F:/Desktop/DeepOnet_Abaqus/StaticElasticJob3.odb,Step-1,Increment      1: Step Time =    1.000,"PLATE-1",           366,             1,  -266.302E-03,      -2.18797,            0.,"ASSEMBLY_PLATE-1__PICKEDSET2","ROCK","",  -996.192E-03,      -1.24145,      -1.24142,  -996.222E-03,   2.72982E-03
F:/Desktop/DeepOnet_Abaqus/StaticElasticJob3.odb,Step-1,Increment      1: Step Time =    1.000,"PLATE-1",           367,             1,       1.16659,      -2.31591,            0.,"ASSEMBLY_PLATE-1__PICKEDSET2","ROCK","",  -996.734E-03,      -1.23793,      -1.23783,  -996.831E-03,  -4.82816E-03
F:/Desktop/DeepOnet_Abaqus/StaticElasticJob3.odb,Step-1,Increment      1: Step Time =    1.000,"PLATE-1",           368,             1,       1.16554,      -1.85207,            0.,"ASSEMBLY_PLATE-1__PICKEDSET2","ROCK","",  -994.917E-03,      -1.23957,      -1.23928,  -995.209E-03,  -8.45425E-03
F:/Desktop/DeepOnet_Abaqus/StaticElasticJob3.odb,Step-1,Increment      1: Step Time =    1.000,"PLATE-1",           369,             1,      -1.98057,  -467.460E-03,            0.,"ASSEMBLY_PLATE-1__PICKEDSET2","ROCK","",      -1.01176,      -1.22073,      -1.22042,      -1.01207,   8.05436E-03
F:/Desktop/DeepOnet_Abaqus/StaticElasticJob3.odb,Step-1,Increment      1: Step Time =    1.000,"PLATE-1",           370,             1,       1.00251,       1.95834,            0.,"ASSEMBLY_PLATE-1__PICKEDSET2","ROCK","",  -996.188E-03,      -1.24098,      -1.24063,  -996.542E-03,   9.30116E-03
F:/Desktop/DeepOnet_Abaqus/StaticElasticJob3.odb,Step-1,Increment      1: Step Time =    1.000,"PLATE-1",           371,             1,  -879.678E-03,       2.29172,            0.,"ASSEMBLY_PLATE-1__PICKEDSET2","ROCK","",  -996.939E-03,      -1.23834,      -1.23821,  -997.063E-03,  -5.46521E-03
F:/Desktop/DeepOnet_Abaqus/StaticElasticJob3.odb,Step-1,Increment      1: Step Time =    1.000,"PLATE-1",           372,             1,  -980.214E-03,       2.13764,            0.,"ASSEMBLY_PLATE-1__PICKEDSET2","ROCK","",  -996.891E-03,      -1.23830,      -1.23812,  -997.071E-03,  -6.59056E-03
F:/Desktop/DeepOnet_Abaqus/StaticElasticJob3.odb,Step-1,Increment      1: Step Time =    1.000,"PLATE-1",           373,             1,       1.91207,   145.972E-03,            0.,"ASSEMBLY_PLATE-1__PICKEDSET2","ROCK","",      -1.01830,      -1.21290,      -1.21282,      -1.01838,   3.91140E-03
F:/Desktop/DeepOnet_Abaqus/StaticElasticJob3.odb,Step-1,Increment      1: Step Time =    1.000,"PLATE-1",           374,             1,       2.24178,   801.120E-03,            0.,"ASSEMBLY_PLATE-1__PICKEDSET2","ROCK","",      -1.00950,      -1.22540,      -1.22503,      -1.00987,   8.84096E-03
F:/Desktop/DeepOnet_Abaqus/StaticElasticJob3.odb,Step-1,Increment      1: Step Time =    1.000,"PLATE-1",           375,             1,       1.99098,  -631.000E-03,            0.,"ASSEMBLY_PLATE-1__PICKEDSET2","ROCK","",      -1.01067,      -1.22005,      -1.21952,      -1.01120,  -10.5150E-03
F:/Desktop/DeepOnet_Abaqus/StaticElasticJob3.odb,Step-1,Increment      1: Step Time =    1.000,"PLATE-1",           376,             1,       2.04103,   164.278E-03,            0.,"ASSEMBLY_PLATE-1__PICKEDSET2","ROCK","",      -1.01668,      -1.21541,      -1.21530,      -1.01678,   4.59940E-03
F:/Desktop/DeepOnet_Abaqus/StaticElasticJob3.odb,Step-1,Increment      1: Step Time =    1.000,"PLATE-1",           377,             1,   141.103E-03,       1.96952,            0.,"ASSEMBLY_PLATE-1__PICKEDSET2","ROCK","",  -990.178E-03,      -1.24672,      -1.24671,  -990.179E-03,   627.888E-06
F:/Desktop/DeepOnet_Abaqus/StaticElasticJob3.odb,Step-1,Increment      1: Step Time =    1.000,"PLATE-1",           378,             1,  -65.5417E-03,       1.97410,            0.,"ASSEMBLY_PLATE-1__PICKEDSET2","ROCK","",  -991.440E-03,      -1.24537,      -1.24534,  -991.465E-03,  -2.49854E-03
F:/Desktop/DeepOnet_Abaqus/StaticElasticJob3.odb,Step-1,Increment      1: Step Time =    1.000,"PLATE-1",           379,             1,   341.222E-03,       1.96140,            0.,"ASSEMBLY_PLATE-1__PICKEDSET2","ROCK","",  -990.255E-03,      -1.24654,      -1.24650,  -990.289E-03,   2.94118E-03
F:/Desktop/DeepOnet_Abaqus/StaticElasticJob3.odb,Step-1,Increment      1: Step Time =    1.000,"PLATE-1",           380,             1,   647.127E-03,       2.14670,            0.,"ASSEMBLY_PLATE-1__PICKEDSET2","ROCK","",  -994.563E-03,      -1.24226,      -1.24212,  -994.696E-03,   5.72395E-03
F:/Desktop/DeepOnet_Abaqus/StaticElasticJob3.odb,Step-1,Increment      1: Step Time =    1.000,"PLATE-1",           381,             1,   43.8104E-03,       1.89017,            0.,"ASSEMBLY_PLATE-1__PICKEDSET2","ROCK","",  -989.702E-03,      -1.24742,      -1.24741,  -989.709E-03,  -1.38794E-03
F:/Desktop/DeepOnet_Abaqus/StaticElasticJob3.odb,Step-1,Increment      1: Step Time =    1.000,"PLATE-1",           382,             1,  -418.556E-03,       2.10135,            0.,"ASSEMBLY_PLATE-1__PICKEDSET2","ROCK","",  -994.016E-03,      -1.24225,      -1.24216,  -994.104E-03,  -4.68134E-03
F:/Desktop/DeepOnet_Abaqus/StaticElasticJob3.odb,Step-1,Increment      1: Step Time =    1.000,"PLATE-1",           383,             1,  -190.929E-03,       1.98345,            0.,"ASSEMBLY_PLATE-1__PICKEDSET2","ROCK","",  -992.320E-03,      -1.24444,      -1.24438,  -992.377E-03,  -3.78790E-03
F:/Desktop/DeepOnet_Abaqus/StaticElasticJob3.odb,Step-1,Increment      1: Step Time =    1.000,"PLATE-1",           384,             1,   449.786E-03,      -2.22479,            0.,"ASSEMBLY_PLATE-1__PICKEDSET2","ROCK","",  -995.146E-03,      -1.24142,      -1.24141,  -995.153E-03,  -1.38887E-03
F:/Desktop/DeepOnet_Abaqus/StaticElasticJob3.odb,Step-1,Increment      1: Step Time =    1.000,"PLATE-1",           385,             1,   137.579E-03,      -2.53977,            0.,"ASSEMBLY_PLATE-1__PICKEDSET2","ROCK","",  -997.001E-03,      -1.23935,      -1.23935,  -997.002E-03,   356.770E-06
F:/Desktop/DeepOnet_Abaqus/StaticElasticJob3.odb,Step-1,Increment      1: Step Time =    1.000,"PLATE-1",           386,             1,      -1.24137,       2.36939,            0.,"ASSEMBLY_PLATE-1__PICKEDSET2","ROCK","",  -998.367E-03,      -1.23624,      -1.23610,  -998.503E-03,  -5.67678E-03
F:/Desktop/DeepOnet_Abaqus/StaticElasticJob3.odb,Step-1,Increment      1: Step Time =    1.000,"PLATE-1",           387,             1,      -2.05739,       1.05655,            0.,"ASSEMBLY_PLATE-1__PICKEDSET2","ROCK","",      -1.00673,      -1.22569,      -1.22533,      -1.00709,  -8.90548E-03
F:/Desktop/DeepOnet_Abaqus/StaticElasticJob3.odb,Step-1,Increment      1: Step Time =    1.000,"PLATE-1",           388,             1,      -2.19863,   740.139E-03,            0.,"ASSEMBLY_PLATE-1__PICKEDSET2","ROCK","",      -1.00902,      -1.22334,      -1.22313,      -1.00923,  -6.71953E-03
F:/Desktop/DeepOnet_Abaqus/StaticElasticJob3.odb,Step-1,Increment      1: Step Time =    1.000,"PLATE-1",           389,             1,       1.69205,      -1.90596,            0.,"ASSEMBLY_PLATE-1__PICKEDSET2","ROCK","",  -998.439E-03,      -1.23502,      -1.23472,  -998.740E-03,  -8.43317E-03
F:/Desktop/DeepOnet_Abaqus/StaticElasticJob3.odb,Step-1,Increment      1: Step Time =    1.000,"PLATE-1",           390,             1,       1.94174,      -1.32039,            0.,"ASSEMBLY_PLATE-1__PICKEDSET2","ROCK","",      -1.00248,      -1.22958,      -1.22901,      -1.00305,  -11.3489E-03
F:/Desktop/DeepOnet_Abaqus/StaticElasticJob3.odb,Step-1,Increment      1: Step Time =    1.000,"PLATE-1",           391,             1,       2.21150,      -1.07958,            0.,"ASSEMBLY_PLATE-1__PICKEDSET2","ROCK","",      -1.00593,      -1.22640,      -1.22597,      -1.00635,  -9.69816E-03
F:/Desktop/DeepOnet_Abaqus/StaticElasticJob3.odb,Step-1,Increment      1: Step Time =    1.000,"PLATE-1",           392,             1,       1.92103,       1.35486,            0.,"ASSEMBLY_PLATE-1__PICKEDSET2","ROCK","",      -1.00497,      -1.23150,      -1.23100,      -1.00547,   10.6346E-03
F:/Desktop/DeepOnet_Abaqus/StaticElasticJob3.odb,Step-1,Increment      1: Step Time =    1.000,"PLATE-1",           393,             1,      -1.31332,      -1.90170,            0.,"ASSEMBLY_PLATE-1__PICKEDSET2","ROCK","",  -999.386E-03,      -1.23689,      -1.23664,  -999.631E-03,   7.62194E-03
F:/Desktop/DeepOnet_Abaqus/StaticElasticJob3.odb,Step-1,Increment      1: Step Time =    1.000,"PLATE-1",           394,             1,      -1.22778,      -2.43429,            0.,"ASSEMBLY_PLATE-1__PICKEDSET2","ROCK","",  -999.705E-03,      -1.23595,      -1.23587,  -999.792E-03,   4.54356E-03
F:/Desktop/DeepOnet_Abaqus/StaticElasticJob3.odb,Step-1,Increment      1: Step Time =    1.000,"PLATE-1",           395,             1,      -1.20272,       1.86827,            0.,"ASSEMBLY_PLATE-1__PICKEDSET2","ROCK","",  -997.648E-03,      -1.23689,      -1.23655,  -997.987E-03,  -8.99271E-03
F:/Desktop/DeepOnet_Abaqus/StaticElasticJob3.odb,Step-1,Increment      1: Step Time =    1.000,"PLATE-1",           396,             1,      -1.36453,      -2.04893,            0.,"ASSEMBLY_PLATE-1__PICKEDSET2","ROCK","",  -999.721E-03,      -1.23626,      -1.23607,  -999.903E-03,   6.56663E-03
F:/Desktop/DeepOnet_Abaqus/StaticElasticJob3.odb,Step-1,Increment      1: Step Time =    1.000,"PLATE-1",           397,             1,      -1.50418,      -2.24614,            0.,"ASSEMBLY_PLATE-1__PICKEDSET2","ROCK","",      -1.00021,      -1.23499,      -1.23486,      -1.00034,   5.44509E-03
F:/Desktop/DeepOnet_Abaqus/StaticElasticJob3.odb,Step-1,Increment      1: Step Time =    1.000,"PLATE-1",           398,             1,      -2.07552,      -1.62146,            0.,"ASSEMBLY_PLATE-1__PICKEDSET2","ROCK","",      -1.00304,      -1.23129,      -1.23103,      -1.00330,   7.63140E-03
F:/Desktop/DeepOnet_Abaqus/StaticElasticJob3.odb,Step-1,Increment      1: Step Time =    1.000,"PLATE-1",           399,             1,      -2.15844,   346.631E-03,            0.,"ASSEMBLY_PLATE-1__PICKEDSET2","ROCK","",      -1.01220,      -1.21965,      -1.21960,      -1.01225,  -3.15329E-03
F:/Desktop/DeepOnet_Abaqus/StaticElasticJob3.odb,Step-1,Increment      1: Step Time =    1.000,"PLATE-1",           400,             1,       1.86021,      -1.41529,            0.,"ASSEMBLY_PLATE-1__PICKEDSET2","ROCK","",      -1.00100,      -1.23150,      -1.23097,      -1.00153,  -11.0427E-03
F:/Desktop/DeepOnet_Abaqus/StaticElasticJob3.odb,Step-1,Increment      1: Step Time =    1.000,"PLATE-1",           401,             1,       1.94106,       1.87068,            0.,"ASSEMBLY_PLATE-1__PICKEDSET2","ROCK","",      -1.00231,      -1.23333,      -1.23307,      -1.00257,   7.72536E-03
F:/Desktop/DeepOnet_Abaqus/StaticElasticJob3.odb,Step-1,Increment      1: Step Time =    1.000,"PLATE-1",           402,             1,      -2.05776,       2.42980,            0.,"ASSEMBLY_PLATE-1__PICKEDSET2","ROCK","",      -1.00070,      -1.23240,      -1.23228,      -1.00081,  -5.07153E-03
F:/Desktop/DeepOnet_Abaqus/StaticElasticJob3.odb,Step-1,Increment      1: Step Time =    1.000,"PLATE-1",           403,             1,       1.65406,       2.16317,            0.,"ASSEMBLY_PLATE-1__PICKEDSET2","ROCK","",      -1.00066,      -1.23521,      -1.23498,      -1.00088,   7.24941E-03
F:/Desktop/DeepOnet_Abaqus/StaticElasticJob3.odb,Step-1,Increment      1: Step Time =    1.000,"PLATE-1",           404,             1,       1.82287,      -1.79871,            0.,"ASSEMBLY_PLATE-1__PICKEDSET2","ROCK","",  -999.436E-03,      -1.23367,      -1.23332,  -999.783E-03,  -9.00403E-03
F:/Desktop/DeepOnet_Abaqus/StaticElasticJob3.odb,Step-1,Increment      1: Step Time =    1.000,"PLATE-1",           405,             1,       2.06913,      -1.68801,            0.,"ASSEMBLY_PLATE-1__PICKEDSET2","ROCK","",      -1.00138,      -1.23151,      -1.23118,      -1.00172,  -8.71252E-03
F:/Desktop/DeepOnet_Abaqus/StaticElasticJob3.odb,Step-1,Increment      1: Step Time =    1.000,"PLATE-1",           406,             1,       2.67718,       1.87210,            0.,"ASSEMBLY_PLATE-1__PICKEDSET2","ROCK","",      -1.00366,      -1.23076,      -1.23064,      -1.00378,   5.25889E-03
F:/Desktop/DeepOnet_Abaqus/StaticElasticJob3.odb,Step-1,Increment      1: Step Time =    1.000,"PLATE-1",           407,             1,      -2.18949,       2.05822,            0.,"ASSEMBLY_PLATE-1__PICKEDSET2","ROCK","",      -1.00176,      -1.23149,      -1.23133,      -1.00192,  -6.11687E-03
F:/Desktop/DeepOnet_Abaqus/StaticElasticJob3.odb,Step-1,Increment      1: Step Time =    1.000,"PLATE-1",           408,             1,       1.45440,      -2.00881,            0.,"ASSEMBLY_PLATE-1__PICKEDSET2","ROCK","",  -997.327E-03,      -1.23642,      -1.23617,  -997.578E-03,  -7.74176E-03
F:/Desktop/DeepOnet_Abaqus/StaticElasticJob3.odb,Step-1,Increment      1: Step Time =    1.000,"PLATE-1",           409,             1,      -2.02076,   195.568E-03,            0.,"ASSEMBLY_PLATE-1__PICKEDSET2","ROCK","",      -1.01422,      -1.21687,      -1.21686,      -1.01423,  -1.81548E-03
F:/Desktop/DeepOnet_Abaqus/StaticElasticJob3.odb,Step-1,Increment      1: Step Time =    1.000,"PLATE-1",           410,             1,      -1.64387,      -1.99555,            0.,"ASSEMBLY_PLATE-1__PICKEDSET2","ROCK","",      -1.00074,      -1.23440,      -1.23420,      -1.00094,   6.78646E-03
F:/Desktop/DeepOnet_Abaqus/StaticElasticJob3.odb,Step-1,Increment      1: Step Time =    1.000,"PLATE-1",           411,             1,       1.11453,      -2.01706,            0.,"ASSEMBLY_PLATE-1__PICKEDSET2","ROCK","",  -995.298E-03,      -1.23950,      -1.23931,  -995.482E-03,  -6.69592E-03
F:/Desktop/DeepOnet_Abaqus/StaticElasticJob3.odb,Step-1,Increment      1: Step Time =    1.000,"PLATE-1",           412,             1,       1.49630,      -2.23369,            0.,"ASSEMBLY_PLATE-1__PICKEDSET2","ROCK","",  -997.943E-03,      -1.23604,      -1.23589,  -998.092E-03,  -5.95968E-03
F:/Desktop/DeepOnet_Abaqus/StaticElasticJob3.odb,Step-1,Increment      1: Step Time =    1.000,"PLATE-1",           413,             1,      -1.87085,      -2.08781,            0.,"ASSEMBLY_PLATE-1__PICKEDSET2","ROCK","",      -1.00122,      -1.23346,      -1.23329,      -1.00138,   6.16837E-03
F:/Desktop/DeepOnet_Abaqus/StaticElasticJob3.odb,Step-1,Increment      1: Step Time =    1.000,"PLATE-1",           414,             1,      -2.75441,      -1.82175,            0.,"ASSEMBLY_PLATE-1__PICKEDSET2","ROCK","",      -1.00336,      -1.23004,      -1.22994,      -1.00346,   4.77613E-03
F:/Desktop/DeepOnet_Abaqus/StaticElasticJob3.odb,Step-1,Increment      1: Step Time =    1.000,"PLATE-1",           415,             1,       1.38180,       1.94855,            0.,"ASSEMBLY_PLATE-1__PICKEDSET2","ROCK","",  -999.591E-03,      -1.23730,      -1.23693,  -999.963E-03,   9.39222E-03
F:/Desktop/DeepOnet_Abaqus/StaticElasticJob3.odb,Step-1,Increment      1: Step Time =    1.000,"PLATE-1",           416,             1,       1.03642,       2.77990,            0.,"ASSEMBLY_PLATE-1__PICKEDSET2","ROCK","",  -998.704E-03,      -1.23679,      -1.23673,  -998.771E-03,   3.99718E-03
F:/Desktop/DeepOnet_Abaqus/StaticElasticJob3.odb,Step-1,Increment      1: Step Time =    1.000,"PLATE-1",           417,             1,      -1.72548,       2.30083,            0.,"ASSEMBLY_PLATE-1__PICKEDSET2","ROCK","",  -999.946E-03,      -1.23378,      -1.23363,      -1.00010,  -5.96240E-03
F:/Desktop/DeepOnet_Abaqus/StaticElasticJob3.odb,Step-1,Increment      1: Step Time =    1.000,"PLATE-1",           418,             1,       2.00954,   946.574E-03,            0.,"ASSEMBLY_PLATE-1__PICKEDSET2","ROCK","",      -1.00894,      -1.22662,      -1.22607,      -1.00950,   11.0212E-03
F:/Desktop/DeepOnet_Abaqus/StaticElasticJob3.odb,Step-1,Increment      1: Step Time =    1.000,"PLATE-1",           419,             1,  -504.441E-03,      -2.27121,            0.,"ASSEMBLY_PLATE-1__PICKEDSET2","ROCK","",  -997.343E-03,      -1.23987,      -1.23981,  -997.400E-03,   3.73578E-03
F:/Desktop/DeepOnet_Abaqus/StaticElasticJob3.odb,Step-1,Increment      1: Step Time =    1.000,"PLATE-1",           420,             1,      -2.18229,      -1.31695,            0.,"ASSEMBLY_PLATE-1__PICKEDSET2","ROCK","",      -1.00437,      -1.22977,      -1.22947,      -1.00467,   8.19236E-03
F:/Desktop/DeepOnet_Abaqus/StaticElasticJob3.odb,Step-1,Increment      1: Step Time =    1.000,"PLATE-1",           421,             1,      -2.50063,   651.506E-03,            0.,"ASSEMBLY_PLATE-1__PICKEDSET2","ROCK","",      -1.00887,      -1.22436,      -1.22427,      -1.00895,  -4.34171E-03
F:/Desktop/DeepOnet_Abaqus/StaticElasticJob3.odb,Step-1,Increment      1: Step Time =    1.000,"PLATE-1",           422,             1,      -2.03306,   475.412E-03,            0.,"ASSEMBLY_PLATE-1__PICKEDSET2","ROCK","",      -1.01196,      -1.21958,      -1.21943,      -1.01211,  -5.60878E-03
F:/Desktop/DeepOnet_Abaqus/StaticElasticJob3.odb,Step-1,Increment      1: Step Time =    1.000,"PLATE-1",           423,             1,       2.29714,  -254.958E-03,            0.,"ASSEMBLY_PLATE-1__PICKEDSET2","ROCK","",      -1.01328,      -1.21916,      -1.21912,      -1.01332,  -2.78790E-03
F:/Desktop/DeepOnet_Abaqus/StaticElasticJob3.odb,Step-1,Increment      1: Step Time =    1.000,"PLATE-1",           424,             1,      -1.15369,       2.18279,            0.,"ASSEMBLY_PLATE-1__PICKEDSET2","ROCK","",  -997.629E-03,      -1.23723,      -1.23706,  -997.803E-03,  -6.45830E-03
F:/Desktop/DeepOnet_Abaqus/StaticElasticJob3.odb,Step-1,Increment      1: Step Time =    1.000,"PLATE-1",           425,             1,   985.231E-03,      -2.08832,            0.,"ASSEMBLY_PLATE-1__PICKEDSET2","ROCK","",  -995.049E-03,      -1.24014,      -1.24002,  -995.167E-03,  -5.38892E-03
F:/Desktop/DeepOnet_Abaqus/StaticElasticJob3.odb,Step-1,Increment      1: Step Time =    1.000,"PLATE-1",           426,             1,       2.54275,  -438.003E-03,            0.,"ASSEMBLY_PLATE-1__PICKEDSET2","ROCK","",      -1.01104,      -1.22279,      -1.22273,      -1.01110,  -3.56022E-03
F:/Desktop/DeepOnet_Abaqus/StaticElasticJob3.odb,Step-1,Increment      1: Step Time =    1.000,"PLATE-1",           427,             1,       1.90507,   252.843E-03,            0.,"ASSEMBLY_PLATE-1__PICKEDSET2","ROCK","",      -1.01771,      -1.21400,      -1.21377,      -1.01793,   6.61508E-03
F:/Desktop/DeepOnet_Abaqus/StaticElasticJob3.odb,Step-1,Increment      1: Step Time =    1.000,"PLATE-1",           428,             1,       2.23341,   392.883E-03,            0.,"ASSEMBLY_PLATE-1__PICKEDSET2","ROCK","",      -1.01306,      -1.22071,      -1.22054,      -1.01324,   6.04782E-03
F:/Desktop/DeepOnet_Abaqus/StaticElasticJob3.odb,Step-1,Increment      1: Step Time =    1.000,"PLATE-1",           429,             1,   9.64160E-03,       2.57706,            0.,"ASSEMBLY_PLATE-1__PICKEDSET2","ROCK","",  -996.213E-03,      -1.24003,      -1.24003,  -996.214E-03,  -202.357E-06
F:/Desktop/DeepOnet_Abaqus/StaticElasticJob3.odb,Step-1,Increment      1: Step Time =    1.000,"PLATE-1",           430,             1,  -705.141E-03,       2.32322,            0.,"ASSEMBLY_PLATE-1__PICKEDSET2","ROCK","",  -996.508E-03,      -1.23903,      -1.23894,  -996.596E-03,  -4.62371E-03
F:/Desktop/DeepOnet_Abaqus/StaticElasticJob3.odb,Step-1,Increment      1: Step Time =    1.000,"PLATE-1",           431,             1,  -151.356E-03,       2.30915,            0.,"ASSEMBLY_PLATE-1__PICKEDSET2","ROCK","",  -994.657E-03,      -1.24174,      -1.24172,  -994.671E-03,  -1.85781E-03
F:/Desktop/DeepOnet_Abaqus/StaticElasticJob3.odb,Step-1,Increment      1: Step Time =    1.000,"PLATE-1",           432,             1,   35.8525E-03,       2.13442,            0.,"ASSEMBLY_PLATE-1__PICKEDSET2","ROCK","",  -992.876E-03,      -1.24384,      -1.24384,  -992.879E-03,  -781.958E-06
F:/Desktop/DeepOnet_Abaqus/StaticElasticJob3.odb,Step-1,Increment      1: Step Time =    1.000,"PLATE-1",           433,             1,   621.306E-03,      -2.79727,            0.,"ASSEMBLY_PLATE-1__PICKEDSET2","ROCK","",  -997.717E-03,      -1.23760,      -1.23760,  -997.724E-03,  -1.22067E-03
F:/Desktop/DeepOnet_Abaqus/StaticElasticJob3.odb,Step-1,Increment      1: Step Time =    1.000,"PLATE-1",           434,             1,   515.451E-03,       2.28495,            0.,"ASSEMBLY_PLATE-1__PICKEDSET2","ROCK","",  -994.814E-03,      -1.24162,      -1.24155,  -994.880E-03,   4.03351E-03
F:/Desktop/DeepOnet_Abaqus/StaticElasticJob3.odb,Step-1,Increment      1: Step Time =    1.000,"PLATE-1",           435,             1,   221.868E-03,       2.18613,            0.,"ASSEMBLY_PLATE-1__PICKEDSET2","ROCK","",  -993.170E-03,      -1.24342,      -1.24342,  -993.176E-03,   1.21202E-03
F:/Desktop/DeepOnet_Abaqus/StaticElasticJob3.odb,Step-1,Increment      1: Step Time =    1.000,"PLATE-1",           436,             1,      -2.65237,  -539.121E-03,            0.,"ASSEMBLY_PLATE-1__PICKEDSET2","ROCK","",      -1.00870,      -1.22551,      -1.22543,      -1.00878,   4.07963E-03
F:/Desktop/DeepOnet_Abaqus/StaticElasticJob3.odb,Step-1,Increment      1: Step Time =    1.000,"PLATE-1",           437,             1,       2.04755,      -1.45255,            0.,"ASSEMBLY_PLATE-1__PICKEDSET2","ROCK","",      -1.00237,      -1.23011,      -1.22965,      -1.00283,  -10.2040E-03
F:/Desktop/DeepOnet_Abaqus/StaticElasticJob3.odb,Step-1,Increment      1: Step Time =    1.000,"PLATE-1",           438,             1,      -1.15475,      -2.14414,            0.,"ASSEMBLY_PLATE-1__PICKEDSET2","ROCK","",  -999.064E-03,      -1.23722,      -1.23708,  -999.208E-03,   5.84182E-03
F:/Desktop/DeepOnet_Abaqus/StaticElasticJob3.odb,Step-1,Increment      1: Step Time =    1.000,"PLATE-1",           439,             1,   716.205E-03,      -2.35376,            0.,"ASSEMBLY_PLATE-1__PICKEDSET2","ROCK","",  -996.047E-03,      -1.23956,      -1.23953,  -996.078E-03,  -2.75669E-03
F:/Desktop/DeepOnet_Abaqus/StaticElasticJob3.odb,Step-1,Increment      1: Step Time =    1.000,"PLATE-1",           440,             1,   848.173E-03,      -2.20410,            0.,"ASSEMBLY_PLATE-1__PICKEDSET2","ROCK","",  -995.282E-03,      -1.24019,      -1.24011,  -995.361E-03,  -4.37385E-03
F:/Desktop/DeepOnet_Abaqus/StaticElasticJob3.odb,Step-1,Increment      1: Step Time =    1.000,"PLATE-1",           441,             1,   939.917E-03,       2.28514,            0.,"ASSEMBLY_PLATE-1__PICKEDSET2","ROCK","",  -996.794E-03,      -1.23961,      -1.23945,  -996.954E-03,   6.23497E-03
F:/Desktop/DeepOnet_Abaqus/StaticElasticJob3.odb,Step-1,Increment      1: Step Time =    1.000,"PLATE-1",           442,             1,      -2.39619,      -1.20607,            0.,"ASSEMBLY_PLATE-1__PICKEDSET2","ROCK","",      -1.00513,      -1.22871,      -1.22849,      -1.00535,   7.00020E-03
F:/Desktop/DeepOnet_Abaqus/StaticElasticJob3.odb,Step-1,Increment      1: Step Time =    1.000,"PLATE-1",           443,             1,       2.21111,       1.80774,            0.,"ASSEMBLY_PLATE-1__PICKEDSET2","ROCK","",      -1.00344,      -1.23195,      -1.23172,      -1.00367,   7.25321E-03
F:/Desktop/DeepOnet_Abaqus/StaticElasticJob3.odb,Step-1,Increment      1: Step Time =    1.000,"PLATE-1",           444,             1,       2.48877,  -924.814E-03,            0.,"ASSEMBLY_PLATE-1__PICKEDSET2","ROCK","",      -1.00764,      -1.22564,      -1.22542,      -1.00787,  -7.03688E-03
F:/Desktop/DeepOnet_Abaqus/StaticElasticJob3.odb,Step-1,Increment      1: Step Time =    1.000,"PLATE-1",           445,             1,      -2.56750,       1.70407,            0.,"ASSEMBLY_PLATE-1__PICKEDSET2","ROCK","",      -1.00405,      -1.22951,      -1.22937,      -1.00419,  -5.57442E-03
F:/Desktop/DeepOnet_Abaqus/StaticElasticJob3.odb,Step-1,Increment      1: Step Time =    1.000,"PLATE-1",           446,             1,       1.86711,      -3.15099,            0.,"ASSEMBLY_PLATE-1__PICKEDSET2","ROCK","",  -999.926E-03,      -1.23335,      -1.23332,  -999.951E-03,  -2.40341E-03
F:/Desktop/DeepOnet_Abaqus/StaticElasticJob3.odb,Step-1,Increment      1: Step Time =    1.000,"PLATE-1",           447,             1,       2.04896,  -173.965E-03,            0.,"ASSEMBLY_PLATE-1__PICKEDSET2","ROCK","",      -1.01607,      -1.21489,      -1.21485,      -1.01611,  -2.92015E-03
F:/Desktop/DeepOnet_Abaqus/StaticElasticJob3.odb,Step-1,Increment      1: Step Time =    1.000,"PLATE-1",           448,             1,       2.06073,   12.3622E-03,            0.,"ASSEMBLY_PLATE-1__PICKEDSET2","ROCK","",      -1.01633,      -1.21524,      -1.21524,      -1.01634,   649.160E-06
F:/Desktop/DeepOnet_Abaqus/StaticElasticJob3.odb,Step-1,Increment      1: Step Time =    1.000,"PLATE-1",           449,             1,       2.32051,  -658.161E-03,            0.,"ASSEMBLY_PLATE-1__PICKEDSET2","ROCK","",      -1.01002,      -1.22262,      -1.22239,      -1.01025,  -7.01759E-03
F:/Desktop/DeepOnet_Abaqus/StaticElasticJob3.odb,Step-1,Increment      1: Step Time =    1.000,"PLATE-1",           450,             1,      -2.20295,      -1.50615,            0.,"ASSEMBLY_PLATE-1__PICKEDSET2","ROCK","",      -1.00373,      -1.23049,      -1.23023,      -1.00399,   7.67921E-03
F:/Desktop/DeepOnet_Abaqus/StaticElasticJob3.odb,Step-1,Increment      1: Step Time =    1.000,"PLATE-1",           451,             1,      -2.21380,  -644.932E-03,            0.,"ASSEMBLY_PLATE-1__PICKEDSET2","ROCK","",      -1.00923,      -1.22418,      -1.22394,      -1.00947,   7.22351E-03
F:/Desktop/DeepOnet_Abaqus/StaticElasticJob3.odb,Step-1,Increment      1: Step Time =    1.000,"PLATE-1",           452,             1,      -2.11408,  -290.978E-03,            0.,"ASSEMBLY_PLATE-1__PICKEDSET2","ROCK","",      -1.01230,      -1.22002,      -1.21989,      -1.01243,   5.18315E-03
F:/Desktop/DeepOnet_Abaqus/StaticElasticJob3.odb,Step-1,Increment      1: Step Time =    1.000,"PLATE-1",           453,             1,      -1.94586,  -189.749E-03,            0.,"ASSEMBLY_PLATE-1__PICKEDSET2","ROCK","",      -1.01465,      -1.21668,      -1.21658,      -1.01475,   4.62671E-03
F:/Desktop/DeepOnet_Abaqus/StaticElasticJob3.odb,Step-1,Increment      1: Step Time =    1.000,"PLATE-1",           454,             1,      -2.09494,       1.28609,            0.,"ASSEMBLY_PLATE-1__PICKEDSET2","ROCK","",      -1.00491,      -1.22796,      -1.22763,      -1.00524,  -8.57436E-03
F:/Desktop/DeepOnet_Abaqus/StaticElasticJob3.odb,Step-1,Increment      1: Step Time =    1.000,"PLATE-1",           455,             1,      -2.19348,       1.15599,            0.,"ASSEMBLY_PLATE-1__PICKEDSET2","ROCK","",      -1.00614,      -1.22664,      -1.22637,      -1.00642,  -7.81993E-03
F:/Desktop/DeepOnet_Abaqus/StaticElasticJob3.odb,Step-1,Increment      1: Step Time =    1.000,"PLATE-1",           456,             1,   77.4044E-03,      -2.26242,            0.,"ASSEMBLY_PLATE-1__PICKEDSET2","ROCK","",  -995.523E-03,      -1.24175,      -1.24175,  -995.525E-03,   627.596E-06
F:/Desktop/DeepOnet_Abaqus/StaticElasticJob3.odb,Step-1,Increment      1: Step Time =    1.000,"PLATE-1",           457,             1,       1.36547,       2.16901,            0.,"ASSEMBLY_PLATE-1__PICKEDSET2","ROCK","",  -999.176E-03,      -1.23712,      -1.23687,  -999.420E-03,   7.61295E-03
F:/Desktop/DeepOnet_Abaqus/StaticElasticJob3.odb,Step-1,Increment      1: Step Time =    1.000,"PLATE-1",           458,             1,      -1.33526,       2.19418,            0.,"ASSEMBLY_PLATE-1__PICKEDSET2","ROCK","",  -998.680E-03,      -1.23567,      -1.23549,  -998.863E-03,  -6.58945E-03
F:/Desktop/DeepOnet_Abaqus/StaticElasticJob3.odb,Step-1,Increment      1: Step Time =    1.000,"PLATE-1",           459,             1,      -1.46503,       2.59158,            0.,"ASSEMBLY_PLATE-1__PICKEDSET2","ROCK","",  -999.242E-03,      -1.23508,      -1.23499,  -999.337E-03,  -4.74878E-03
F:/Desktop/DeepOnet_Abaqus/StaticElasticJob3.odb,Step-1,Increment      1: Step Time =    1.000,"PLATE-1",           460,             1,       1.95373,       2.15871,            0.,"ASSEMBLY_PLATE-1__PICKEDSET2","ROCK","",      -1.00146,      -1.23378,      -1.23359,      -1.00164,   6.50870E-03
F:/Desktop/DeepOnet_Abaqus/StaticElasticJob3.odb,Step-1,Increment      1: Step Time =    1.000,"PLATE-1",           461,             1,       2.30169,      -1.36797,            0.,"ASSEMBLY_PLATE-1__PICKEDSET2","ROCK","",      -1.00412,      -1.22874,      -1.22841,      -1.00445,  -8.60138E-03
F:/Desktop/DeepOnet_Abaqus/StaticElasticJob3.odb,Step-1,Increment      1: Step Time =    1.000,"PLATE-1",           462,             1,      -2.58780,      -3.02809,            0.,"ASSEMBLY_PLATE-1__PICKEDSET2","ROCK","",      -1.00119,      -1.23060,      -1.23058,      -1.00121,   2.14970E-03
F:/Desktop/DeepOnet_Abaqus/StaticElasticJob3.odb,Step-1,Increment      1: Step Time =    1.000,"PLATE-1",           463,             1,       2.63303,      -1.26282,            0.,"ASSEMBLY_PLATE-1__PICKEDSET2","ROCK","",      -1.00583,      -1.22769,      -1.22748,      -1.00604,  -6.76359E-03
F:/Desktop/DeepOnet_Abaqus/StaticElasticJob3.odb,Step-1,Increment      1: Step Time =    1.000,"PLATE-1",           464,             1,       3.29235,       1.30246,            0.,"ASSEMBLY_PLATE-1__PICKEDSET2","ROCK","",      -1.00668,      -1.22876,      -1.22870,      -1.00674,   3.70135E-03
F:/Desktop/DeepOnet_Abaqus/StaticElasticJob3.odb,Step-1,Increment      1: Step Time =    1.000,"PLATE-1",           465,             1,       2.55310,   778.107E-03,            0.,"ASSEMBLY_PLATE-1__PICKEDSET2","ROCK","",      -1.00902,      -1.22603,      -1.22584,      -1.00921,   6.45914E-03
F:/Desktop/DeepOnet_Abaqus/StaticElasticJob3.odb,Step-1,Increment      1: Step Time =    1.000,"PLATE-1",           466,             1,       2.02118,   374.734E-03,            0.,"ASSEMBLY_PLATE-1__PICKEDSET2","ROCK","",      -1.01553,      -1.21712,      -1.21683,      -1.01582,   7.59105E-03
F:/Desktop/DeepOnet_Abaqus/StaticElasticJob3.odb,Step-1,Increment      1: Step Time =    1.000,"PLATE-1",           467,             1,      -2.33969,   452.021E-03,            0.,"ASSEMBLY_PLATE-1__PICKEDSET2","ROCK","",      -1.01053,      -1.22217,      -1.22212,      -1.01059,  -3.47543E-03
F:/Desktop/DeepOnet_Abaqus/StaticElasticJob3.odb,Step-1,Increment      1: Step Time =    1.000,"PLATE-1",           468,             1,  -542.197E-03,      -2.04346,            0.,"ASSEMBLY_PLATE-1__PICKEDSET2","ROCK","",  -996.376E-03,      -1.24170,      -1.24160,  -996.477E-03,   4.96744E-03
F:/Desktop/DeepOnet_Abaqus/StaticElasticJob3.odb,Step-1,Increment      1: Step Time =    1.000,"PLATE-1",           469,             1,   279.777E-03,       2.41132,            0.,"ASSEMBLY_PLATE-1__PICKEDSET2","ROCK","",  -995.249E-03,      -1.24134,      -1.24133,  -995.258E-03,   1.46385E-03
F:/Desktop/DeepOnet_Abaqus/StaticElasticJob3.odb,Step-1,Increment      1: Step Time =    1.000,"PLATE-1",           470,             1,  -643.000E-03,       3.23178,            0.,"ASSEMBLY_PLATE-1__PICKEDSET2","ROCK","",  -999.057E-03,      -1.23653,      -1.23652,  -999.065E-03,  -1.34901E-03
F:/Desktop/DeepOnet_Abaqus/StaticElasticJob3.odb,Step-1,Increment      1: Step Time =    1.000,"PLATE-1",           471,             1,       2.52329,   371.519E-03,            0.,"ASSEMBLY_PLATE-1__PICKEDSET2","ROCK","",      -1.01134,      -1.22306,      -1.22297,      -1.01143,   4.36105E-03
F:/Desktop/DeepOnet_Abaqus/StaticElasticJob3.odb,Step-1,Increment      1: Step Time =    1.000,"PLATE-1",           472,             1,  -410.180E-03,       2.45732,            0.,"ASSEMBLY_PLATE-1__PICKEDSET2","ROCK","",  -996.203E-03,      -1.23968,      -1.23964,  -996.237E-03,  -2.88043E-03
F:/Desktop/DeepOnet_Abaqus/StaticElasticJob3.odb,Step-1,Increment      1: Step Time =    1.000,"PLATE-1",           473,             1,  -682.313E-03,       2.84799,            0.,"ASSEMBLY_PLATE-1__PICKEDSET2","ROCK","",  -998.147E-03,      -1.23725,      -1.23722,  -998.174E-03,  -2.55820E-03
F:/Desktop/DeepOnet_Abaqus/StaticElasticJob3.odb,Step-1,Increment      1: Step Time =    1.000,"PLATE-1",           474,             1,   439.756E-03,       2.60970,            0.,"ASSEMBLY_PLATE-1__PICKEDSET2","ROCK","",  -996.650E-03,      -1.23950,      -1.23948,  -996.673E-03,   2.40093E-03
F:/Desktop/DeepOnet_Abaqus/StaticElasticJob3.odb,Step-1,Increment      1: Step Time =    1.000,"PLATE-1",           475,             1,      -2.35456,  -399.258E-03,            0.,"ASSEMBLY_PLATE-1__PICKEDSET2","ROCK","",      -1.01034,      -1.22271,      -1.22261,      -1.01045,   4.68770E-03
F:/Desktop/DeepOnet_Abaqus/StaticElasticJob3.odb,Step-1,Increment      1: Step Time =    1.000,"PLATE-1",           476,             1,      -2.14992,   902.923E-03,            0.,"ASSEMBLY_PLATE-1__PICKEDSET2","ROCK","",      -1.00803,      -1.22432,      -1.22402,      -1.00832,  -7.95654E-03
F:/Desktop/DeepOnet_Abaqus/StaticElasticJob3.odb,Step-1,Increment      1: Step Time =    1.000,"PLATE-1",           477,             1,      -2.45711,   192.382E-03,            0.,"ASSEMBLY_PLATE-1__PICKEDSET2","ROCK","",      -1.01077,      -1.22234,      -1.22234,      -1.01077,  -656.527E-06
F:/Desktop/DeepOnet_Abaqus/StaticElasticJob3.odb,Step-1,Increment      1: Step Time =    1.000,"PLATE-1",           478,             1,       1.16908,      -2.95939,            0.,"ASSEMBLY_PLATE-1__PICKEDSET2","ROCK","",  -998.533E-03,      -1.23578,      -1.23576,  -998.554E-03,  -2.22263E-03
F:/Desktop/DeepOnet_Abaqus/StaticElasticJob3.odb,Step-1,Increment      1: Step Time =    1.000,"PLATE-1",           479,             1,      -2.66838,      -1.03356,            0.,"ASSEMBLY_PLATE-1__PICKEDSET2","ROCK","",      -1.00612,      -1.22779,      -1.22765,      -1.00626,   5.67457E-03
F:/Desktop/DeepOnet_Abaqus/StaticElasticJob3.odb,Step-1,Increment      1: Step Time =    1.000,"PLATE-1",           480,             1,       1.32841,       2.45550,            0.,"ASSEMBLY_PLATE-1__PICKEDSET2","ROCK","",  -999.124E-03,      -1.23635,      -1.23621,  -999.261E-03,   5.68569E-03
F:/Desktop/DeepOnet_Abaqus/StaticElasticJob3.odb,Step-1,Increment      1: Step Time =    1.000,"PLATE-1",           481,             1,   781.323E-03,       2.48338,            0.,"ASSEMBLY_PLATE-1__PICKEDSET2","ROCK","",  -996.705E-03,      -1.23945,      -1.23937,  -996.784E-03,   4.39615E-03
F:/Desktop/DeepOnet_Abaqus/StaticElasticJob3.odb,Step-1,Increment      1: Step Time =    1.000,"PLATE-1",           482,             1,  -379.318E-03,      -3.36315,            0.,"ASSEMBLY_PLATE-1__PICKEDSET2","ROCK","",  -999.549E-03,      -1.23570,      -1.23570,  -999.551E-03,   714.359E-06
F:/Desktop/DeepOnet_Abaqus/StaticElasticJob3.odb,Step-1,Increment      1: Step Time =    1.000,"PLATE-1",           483,             1,  -773.054E-03,      -2.25025,            0.,"ASSEMBLY_PLATE-1__PICKEDSET2","ROCK","",  -998.030E-03,      -1.23893,      -1.23884,  -998.118E-03,   4.60864E-03
F:/Desktop/DeepOnet_Abaqus/StaticElasticJob3.odb,Step-1,Increment      1: Step Time =    1.000,"PLATE-1",           484,             1,      -2.41654,      -1.65054,            0.,"ASSEMBLY_PLATE-1__PICKEDSET2","ROCK","",      -1.00344,      -1.23041,      -1.23024,      -1.00361,   6.25396E-03
F:/Desktop/DeepOnet_Abaqus/StaticElasticJob3.odb,Step-1,Increment      1: Step Time =    1.000,"PLATE-1",           485,             1,      -2.19107,  -63.3560E-03,            0.,"ASSEMBLY_PLATE-1__PICKEDSET2","ROCK","",      -1.01263,      -1.21946,      -1.21944,      -1.01265,   1.89527E-03
F:/Desktop/DeepOnet_Abaqus/StaticElasticJob3.odb,Step-1,Increment      1: Step Time =    1.000,"PLATE-1",           486,             1,       2.19918,   138.576E-03,            0.,"ASSEMBLY_PLATE-1__PICKEDSET2","ROCK","",      -1.01478,      -1.21771,      -1.21768,      -1.01481,   2.66117E-03
F:/Desktop/DeepOnet_Abaqus/StaticElasticJob3.odb,Step-1,Increment      1: Step Time =    1.000,"PLATE-1",           487,             1,       2.14645,  -477.365E-03,            0.,"ASSEMBLY_PLATE-1__PICKEDSET2","ROCK","",      -1.01257,      -1.21888,      -1.21865,      -1.01280,  -6.91658E-03
F:/Desktop/DeepOnet_Abaqus/StaticElasticJob3.odb,Step-1,Increment      1: Step Time =    1.000,"PLATE-1",           488,             1,      -2.26422,       1.28685,            0.,"ASSEMBLY_PLATE-1__PICKEDSET2","ROCK","",      -1.00520,      -1.22790,      -1.22766,      -1.00544,  -7.36927E-03
F:/Desktop/DeepOnet_Abaqus/StaticElasticJob3.odb,Step-1,Increment      1: Step Time =    1.000,"PLATE-1",           489,             1,  -132.505E-03,      -2.43437,            0.,"ASSEMBLY_PLATE-1__PICKEDSET2","ROCK","",  -997.129E-03,      -1.23964,      -1.23963,  -997.140E-03,   1.62288E-03
F:/Desktop/DeepOnet_Abaqus/StaticElasticJob3.odb,Step-1,Increment      1: Step Time =    1.000,"PLATE-1",           490,             1,      -2.75775,   200.336E-03,            0.,"ASSEMBLY_PLATE-1__PICKEDSET2","ROCK","",      -1.00950,      -1.22478,      -1.22478,      -1.00950,  -326.142E-06
F:/Desktop/DeepOnet_Abaqus/StaticElasticJob3.odb,Step-1,Increment      1: Step Time =    1.000,"PLATE-1",           491,             1,      -2.45033,  -799.612E-03,            0.,"ASSEMBLY_PLATE-1__PICKEDSET2","ROCK","",      -1.00752,      -1.22641,      -1.22624,      -1.00769,   6.13510E-03
F:/Desktop/DeepOnet_Abaqus/StaticElasticJob3.odb,Step-1,Increment      1: Step Time =    1.000,"PLATE-1",           492,             1,      -2.45166,  -115.248E-03,            0.,"ASSEMBLY_PLATE-1__PICKEDSET2","ROCK","",      -1.01092,      -1.22236,      -1.22234,      -1.01094,   2.13754E-03
F:/Desktop/DeepOnet_Abaqus/StaticElasticJob3.odb,Step-1,Increment      1: Step Time =    1.000,"PLATE-1",           493,             1,       1.34755,      -2.49735,            0.,"ASSEMBLY_PLATE-1__PICKEDSET2","ROCK","",  -997.814E-03,      -1.23638,      -1.23630,  -997.899E-03,  -4.50139E-03
F:/Desktop/DeepOnet_Abaqus/StaticElasticJob3.odb,Step-1,Increment      1: Step Time =    1.000,"PLATE-1",           494,             1,       2.34142,      -1.70281,            0.,"ASSEMBLY_PLATE-1__PICKEDSET2","ROCK","",      -1.00259,      -1.23035,      -1.23010,      -1.00284,  -7.53716E-03
F:/Desktop/DeepOnet_Abaqus/StaticElasticJob3.odb,Step-1,Increment      1: Step Time =    1.000,"PLATE-1",           495,             1,       2.89131,       1.27513,            0.,"ASSEMBLY_PLATE-1__PICKEDSET2","ROCK","",      -1.00629,      -1.22876,      -1.22863,      -1.00641,   5.19722E-03
F:/Desktop/DeepOnet_Abaqus/StaticElasticJob3.odb,Step-1,Increment      1: Step Time =    1.000,"PLATE-1",           496,             1,       2.19249,       1.52357,            0.,"ASSEMBLY_PLATE-1__PICKEDSET2","ROCK","",      -1.00450,      -1.23122,      -1.23092,      -1.00480,   8.27305E-03
F:/Desktop/DeepOnet_Abaqus/StaticElasticJob3.odb,Step-1,Increment      1: Step Time =    1.000,"PLATE-1",           497,             1,      -1.95576,      -2.76774,            0.,"ASSEMBLY_PLATE-1__PICKEDSET2","ROCK","",      -1.00105,      -1.23251,      -1.23245,      -1.00111,   3.52353E-03
F:/Desktop/DeepOnet_Abaqus/StaticElasticJob3.odb,Step-1,Increment      1: Step Time =    1.000,"PLATE-1",           498,             1,      -2.18150,      -1.83149,            0.,"ASSEMBLY_PLATE-1__PICKEDSET2","ROCK","",      -1.00251,      -1.23165,      -1.23147,      -1.00269,   6.38754E-03
F:/Desktop/DeepOnet_Abaqus/StaticElasticJob3.odb,Step-1,Increment      1: Step Time =    1.000,"PLATE-1",           499,             1,       1.61937,       2.73188,            0.,"ASSEMBLY_PLATE-1__PICKEDSET2","ROCK","",  -999.973E-03,      -1.23446,      -1.23438,      -1.00005,   4.37488E-03
F:/Desktop/DeepOnet_Abaqus/StaticElasticJob3.odb,Step-1,Increment      1: Step Time =    1.000,"PLATE-1",           500,             1,      -3.00451,       2.98446,            0.,"ASSEMBLY_PLATE-1__PICKEDSET2","ROCK","",      -1.00128,      -1.23017,      -1.23015,      -1.00130,  -1.98259E-03
F:/Desktop/DeepOnet_Abaqus/StaticElasticJob3.odb,Step-1,Increment      1: Step Time =    1.000,"PLATE-1",           501,             1,      -2.45863,       1.17114,            0.,"ASSEMBLY_PLATE-1__PICKEDSET2","ROCK","",      -1.00624,      -1.22697,      -1.22678,      -1.00643,  -6.44762E-03
F:/Desktop/DeepOnet_Abaqus/StaticElasticJob3.odb,Step-1,Increment      1: Step Time =    1.000,"PLATE-1",           502,             1,       1.99051,      -1.93868,            0.,"ASSEMBLY_PLATE-1__PICKEDSET2","ROCK","",      -1.00037,      -1.23279,      -1.23255,      -1.00061,  -7.49310E-03
F:/Desktop/DeepOnet_Abaqus/StaticElasticJob3.odb,Step-1,Increment      1: Step Time =    1.000,"PLATE-1",           503,             1,       2.43397,       1.60864,            0.,"ASSEMBLY_PLATE-1__PICKEDSET2","ROCK","",      -1.00450,      -1.23087,      -1.23065,      -1.00472,   7.01303E-03
F:/Desktop/DeepOnet_Abaqus/StaticElasticJob3.odb,Step-1,Increment      1: Step Time =    1.000,"PLATE-1",           504,             1,       3.10523,       2.06005,            0.,"ASSEMBLY_PLATE-1__PICKEDSET2","ROCK","",      -1.00350,      -1.22990,      -1.22984,      -1.00356,   3.52216E-03
F:/Desktop/DeepOnet_Abaqus/StaticElasticJob3.odb,Step-1,Increment      1: Step Time =    1.000,"PLATE-1",           505,             1,       2.43289,   28.9473E-03,            0.,"ASSEMBLY_PLATE-1__PICKEDSET2","ROCK","",      -1.01302,      -1.22055,      -1.22055,      -1.01303,   961.762E-06
F:/Desktop/DeepOnet_Abaqus/StaticElasticJob3.odb,Step-1,Increment      1: Step Time =    1.000,"PLATE-1",           506,             1,      -2.56066,   934.188E-03,            0.,"ASSEMBLY_PLATE-1__PICKEDSET2","ROCK","",      -1.00739,      -1.22617,      -1.22605,      -1.00752,  -5.29014E-03
F:/Desktop/DeepOnet_Abaqus/StaticElasticJob3.odb,Step-1,Increment      1: Step Time =    1.000,"PLATE-1",           507,             1,       2.25013,      -2.07574,            0.,"ASSEMBLY_PLATE-1__PICKEDSET2","ROCK","",      -1.00126,      -1.23181,      -1.23163,      -1.00144,  -6.45365E-03
F:/Desktop/DeepOnet_Abaqus/StaticElasticJob3.odb,Step-1,Increment      1: Step Time =    1.000,"PLATE-1",           508,             1,  -984.624E-03,       2.50016,            0.,"ASSEMBLY_PLATE-1__PICKEDSET2","ROCK","",  -997.844E-03,      -1.23722,      -1.23713,  -997.933E-03,  -4.61981E-03
F:/Desktop/DeepOnet_Abaqus/StaticElasticJob3.odb,Step-1,Increment      1: Step Time =    1.000,"PLATE-1",           509,             1,       1.32734,       3.71100,            0.,"ASSEMBLY_PLATE-1__PICKEDSET2","ROCK","",  -999.963E-03,      -1.23427,      -1.23426,  -999.968E-03,   1.06806E-03
F:/Desktop/DeepOnet_Abaqus/StaticElasticJob3.odb,Step-1,Increment      1: Step Time =    1.000,"PLATE-1",           510,             1,       2.54060,       1.21670,            0.,"ASSEMBLY_PLATE-1__PICKEDSET2","ROCK","",      -1.00620,      -1.22904,      -1.22881,      -1.00643,   7.07038E-03
F:/Desktop/DeepOnet_Abaqus/StaticElasticJob3.odb,Step-1,Increment      1: Step Time =    1.000,"PLATE-1",           511,             1,      -3.21492,      -1.25998,            0.,"ASSEMBLY_PLATE-1__PICKEDSET2","ROCK","",      -1.00559,      -1.22874,      -1.22868,      -1.00565,   3.53356E-03
F:/Desktop/DeepOnet_Abaqus/StaticElasticJob3.odb,Step-1,Increment      1: Step Time =    1.000,"PLATE-1",           512,             1,      -2.79889,      -1.37929,            0.,"ASSEMBLY_PLATE-1__PICKEDSET2","ROCK","",      -1.00474,      -1.22890,      -1.22878,      -1.00487,   5.30521E-03
F:/Desktop/DeepOnet_Abaqus/StaticElasticJob3.odb,Step-1,Increment      1: Step Time =    1.000,"PLATE-1",           513,             1,       1.19558,      -3.74632,            0.,"ASSEMBLY_PLATE-1__PICKEDSET2","ROCK","",  -999.380E-03,      -1.23484,      -1.23483,  -999.381E-03,  -422.685E-06
F:/Desktop/DeepOnet_Abaqus/StaticElasticJob3.odb,Step-1,Increment      1: Step Time =    1.000,"PLATE-1",           514,             1,       1.99265,      -2.44631,            0.,"ASSEMBLY_PLATE-1__PICKEDSET2","ROCK","",  -999.794E-03,      -1.23361,      -1.23350,  -999.905E-03,  -5.09784E-03
F:/Desktop/DeepOnet_Abaqus/StaticElasticJob3.odb,Step-1,Increment      1: Step Time =    1.000,"PLATE-1",           515,             1,      -1.74863,      -2.38926,            0.,"ASSEMBLY_PLATE-1__PICKEDSET2","ROCK","",      -1.00085,      -1.23363,      -1.23353,      -1.00095,   4.80143E-03
F:/Desktop/DeepOnet_Abaqus/StaticElasticJob3.odb,Step-1,Increment      1: Step Time =    1.000,"PLATE-1",           516,             1,      -3.18564,  -261.563E-03,            0.,"ASSEMBLY_PLATE-1__PICKEDSET2","ROCK","",      -1.00875,      -1.22695,      -1.22694,      -1.00877,   1.59634E-03
F:/Desktop/DeepOnet_Abaqus/StaticElasticJob3.odb,Step-1,Increment      1: Step Time =    1.000,"PLATE-1",           517,             1,   299.921E-03,      -3.32211,            0.,"ASSEMBLY_PLATE-1__PICKEDSET2","ROCK","",  -998.922E-03,      -1.23627,      -1.23627,  -998.922E-03,  -43.4291E-06
F:/Desktop/DeepOnet_Abaqus/StaticElasticJob3.odb,Step-1,Increment      1: Step Time =    1.000,"PLATE-1",           518,             1,   493.460E-03,      -2.47725,            0.,"ASSEMBLY_PLATE-1__PICKEDSET2","ROCK","",  -996.571E-03,      -1.23940,      -1.23939,  -996.578E-03,  -1.31968E-03
F:/Desktop/DeepOnet_Abaqus/StaticElasticJob3.odb,Step-1,Increment      1: Step Time =    1.000,"PLATE-1",           519,             1,  -846.659E-03,      -2.54146,            0.,"ASSEMBLY_PLATE-1__PICKEDSET2","ROCK","",  -998.995E-03,      -1.23703,      -1.23698,  -999.043E-03,   3.38439E-03
F:/Desktop/DeepOnet_Abaqus/StaticElasticJob3.odb,Step-1,Increment      1: Step Time =    1.000,"PLATE-1",           520,             1,   163.392E-03,      -2.90298,            0.,"ASSEMBLY_PLATE-1__PICKEDSET2","ROCK","",  -998.157E-03,      -1.23760,      -1.23760,  -998.157E-03,   181.439E-06
F:/Desktop/DeepOnet_Abaqus/StaticElasticJob3.odb,Step-1,Increment      1: Step Time =    1.000,"PLATE-1",           521,             1,       3.06943,  -389.316E-03,            0.,"ASSEMBLY_PLATE-1__PICKEDSET2","ROCK","",      -1.01041,      -1.22611,      -1.22610,      -1.01043,  -1.64965E-03
F:/Desktop/DeepOnet_Abaqus/StaticElasticJob3.odb,Step-1,Increment      1: Step Time =    1.000,"PLATE-1",           522,             1,      -2.33274,   930.472E-03,            0.,"ASSEMBLY_PLATE-1__PICKEDSET2","ROCK","",      -1.00769,      -1.22499,      -1.22478,      -1.00791,  -6.75636E-03
F:/Desktop/DeepOnet_Abaqus/StaticElasticJob3.odb,Step-1,Increment      1: Step Time =    1.000,"PLATE-1",           523,             1,  -911.730E-03,      -2.90414,            0.,"ASSEMBLY_PLATE-1__PICKEDSET2","ROCK","",  -999.655E-03,      -1.23583,      -1.23580,  -999.680E-03,   2.40671E-03
F:/Desktop/DeepOnet_Abaqus/StaticElasticJob3.odb,Step-1,Increment      1: Step Time =    1.000,"PLATE-1",           524,             1,  -691.565E-03,       2.54041,            0.,"ASSEMBLY_PLATE-1__PICKEDSET2","ROCK","",  -997.208E-03,      -1.23828,      -1.23822,  -997.265E-03,  -3.69091E-03
F:/Desktop/DeepOnet_Abaqus/StaticElasticJob3.odb,Step-1,Increment      1: Step Time =    1.000,"PLATE-1",           525,             1,  -157.848E-03,       3.09221,            0.,"ASSEMBLY_PLATE-1__PICKEDSET2","ROCK","",  -998.428E-03,      -1.23773,      -1.23772,  -998.429E-03,  -415.986E-06
F:/Desktop/DeepOnet_Abaqus/StaticElasticJob3.odb,Step-1,Increment      1: Step Time =    1.000,"PLATE-1",           526,             1,       1.00939,      -2.66547,            0.,"ASSEMBLY_PLATE-1__PICKEDSET2","ROCK","",  -997.668E-03,      -1.23707,      -1.23704,  -997.702E-03,  -2.87663E-03
F:/Desktop/DeepOnet_Abaqus/StaticElasticJob3.odb,Step-1,Increment      1: Step Time =    1.000,"PLATE-1",           527,             1,   928.599E-03,      -2.40577,            0.,"ASSEMBLY_PLATE-1__PICKEDSET2","ROCK","",  -996.484E-03,      -1.23862,      -1.23857,  -996.537E-03,  -3.59940E-03
F:/Desktop/DeepOnet_Abaqus/StaticElasticJob3.odb,Step-1,Increment      1: Step Time =    1.000,"PLATE-1",           528,             1,       3.25884,   62.7097E-03,            0.,"ASSEMBLY_PLATE-1__PICKEDSET2","ROCK","",      -1.01024,      -1.22690,      -1.22690,      -1.01024,   623.397E-06
F:/Desktop/DeepOnet_Abaqus/StaticElasticJob3.odb,Step-1,Increment      1: Step Time =    1.000,"PLATE-1",           529,             1,      -3.67196,       2.86823,            0.,"ASSEMBLY_PLATE-1__PICKEDSET2","ROCK","",      -1.00116,      -1.22911,      -1.22911,      -1.00117,  -704.873E-06
F:/Desktop/DeepOnet_Abaqus/StaticElasticJob3.odb,Step-1,Increment      1: Step Time =    1.000,"PLATE-1",           530,             1,       2.92911,   730.784E-03,            0.,"ASSEMBLY_PLATE-1__PICKEDSET2","ROCK","",      -1.00861,      -1.22705,      -1.22696,      -1.00869,   4.31437E-03
F:/Desktop/DeepOnet_Abaqus/StaticElasticJob3.odb,Step-1,Increment      1: Step Time =    1.000,"PLATE-1",           531,             1,       3.01510,      -1.08097,            0.,"ASSEMBLY_PLATE-1__PICKEDSET2","ROCK","",      -1.00731,      -1.22766,      -1.22757,      -1.00740,  -4.39156E-03
F:/Desktop/DeepOnet_Abaqus/StaticElasticJob3.odb,Step-1,Increment      1: Step Time =    1.000,"PLATE-1",           532,             1,   921.965E-03,       3.16893,            0.,"ASSEMBLY_PLATE-1__PICKEDSET2","ROCK","",  -999.236E-03,      -1.23600,      -1.23598,  -999.261E-03,   2.41390E-03
F:/Desktop/DeepOnet_Abaqus/StaticElasticJob3.odb,Step-1,Increment      1: Step Time =    1.000,"PLATE-1",           533,             1,   195.096E-03,       2.84799,            0.,"ASSEMBLY_PLATE-1__PICKEDSET2","ROCK","",  -997.782E-03,      -1.23862,      -1.23862,  -997.785E-03,   810.653E-06
F:/Desktop/DeepOnet_Abaqus/StaticElasticJob3.odb,Step-1,Increment      1: Step Time =    1.000,"PLATE-1",           534,             1,      -3.26744,   685.603E-03,            0.,"ASSEMBLY_PLATE-1__PICKEDSET2","ROCK","",      -1.00832,      -1.22757,      -1.22755,      -1.00833,  -1.72932E-03
F:/Desktop/DeepOnet_Abaqus/StaticElasticJob3.odb,Step-1,Increment      1: Step Time =    1.000,"PLATE-1",           535,             1,       1.03864,       2.49596,            0.,"ASSEMBLY_PLATE-1__PICKEDSET2","ROCK","",  -998.129E-03,      -1.23793,      -1.23781,  -998.252E-03,   5.42023E-03
F:/Desktop/DeepOnet_Abaqus/StaticElasticJob3.odb,Step-1,Increment      1: Step Time =    1.000,"PLATE-1",           536,             1,   681.538E-03,       2.74451,            0.,"ASSEMBLY_PLATE-1__PICKEDSET2","ROCK","",  -997.815E-03,      -1.23808,      -1.23804,  -997.854E-03,   3.02975E-03
F:/Desktop/DeepOnet_Abaqus/StaticElasticJob3.odb,Step-1,Increment      1: Step Time =    1.000,"PLATE-1",           537,             1,       3.69072,      -1.35061,            0.,"ASSEMBLY_PLATE-1__PICKEDSET2","ROCK","",      -1.00838,      -1.22875,      -1.22874,      -1.00839,  -1.59628E-03
F:/Desktop/DeepOnet_Abaqus/StaticElasticJob3.odb,Step-1,Increment      1: Step Time =    1.000,"PLATE-1",           538,             1,       3.65146,       2.83341,            0.,"ASSEMBLY_PLATE-1__PICKEDSET2","ROCK","",      -1.00104,      -1.22906,      -1.22906,      -1.00105,   639.961E-06
F:/Desktop/DeepOnet_Abaqus/StaticElasticJob3.odb,Step-1,Increment      1: Step Time =    1.000,"PLATE-1",           539,             1,      -2.51717,       2.45125,            0.,"ASSEMBLY_PLATE-1__PICKEDSET2","ROCK","",      -1.00162,      -1.23115,      -1.23107,      -1.00170,  -4.36062E-03
F:/Desktop/DeepOnet_Abaqus/StaticElasticJob3.odb,Step-1,Increment      1: Step Time =    1.000,"PLATE-1",           540,             1,      -2.57270,       2.02194,            0.,"ASSEMBLY_PLATE-1__PICKEDSET2","ROCK","",      -1.00267,      -1.23028,      -1.23017,      -1.00279,  -5.09947E-03
F:/Desktop/DeepOnet_Abaqus/StaticElasticJob3.odb,Step-1,Increment      1: Step Time =    1.000,"PLATE-1",           541,             1,       2.08902,       3.68086,            0.,"ASSEMBLY_PLATE-1__PICKEDSET2","ROCK","",      -1.00016,      -1.23150,      -1.23149,      -1.00017,   956.549E-06
F:/Desktop/DeepOnet_Abaqus/StaticElasticJob3.odb,Step-1,Increment      1: Step Time =    1.000,"PLATE-1",           542,             1,      -3.69112,       2.08689,            0.,"ASSEMBLY_PLATE-1__PICKEDSET2","ROCK","",      -1.00394,      -1.22893,      -1.22893,      -1.00395,  -1.32298E-03
F:/Desktop/DeepOnet_Abaqus/StaticElasticJob3.odb,Step-1,Increment      1: Step Time =    1.000,"PLATE-1",           543,             1,   799.294E-03,      -3.14559,            0.,"ASSEMBLY_PLATE-1__PICKEDSET2","ROCK","",  -998.635E-03,      -1.23616,      -1.23616,  -998.639E-03,  -1.02466E-03
F:/Desktop/DeepOnet_Abaqus/StaticElasticJob3.odb,Step-1,Increment      1: Step Time =    1.000,"PLATE-1",           544,             1,      -1.10132,       2.80059,            0.,"ASSEMBLY_PLATE-1__PICKEDSET2","ROCK","",  -998.732E-03,      -1.23603,      -1.23598,  -998.788E-03,  -3.63683E-03
F:/Desktop/DeepOnet_Abaqus/StaticElasticJob3.odb,Step-1,Increment      1: Step Time =    1.000,"PLATE-1",           545,             1,       2.00151,      -3.68352,            0.,"ASSEMBLY_PLATE-1__PICKEDSET2","ROCK","",      -1.00024,      -1.23265,      -1.23265,      -1.00024,  -964.110E-06
F:/Desktop/DeepOnet_Abaqus/StaticElasticJob3.odb,Step-1,Increment      1: Step Time =    1.000,"PLATE-1",           546,             1,      -3.03737,      -2.56737,            0.,"ASSEMBLY_PLATE-1__PICKEDSET2","ROCK","",      -1.00166,      -1.22979,      -1.22976,      -1.00169,   2.56947E-03
F:/Desktop/DeepOnet_Abaqus/StaticElasticJob3.odb,Step-1,Increment      1: Step Time =    1.000,"PLATE-1",           547,             1,       2.86952,   254.570E-03,            0.,"ASSEMBLY_PLATE-1__PICKEDSET2","ROCK","",      -1.01055,      -1.22499,      -1.22496,      -1.01058,   2.35440E-03
F:/Desktop/DeepOnet_Abaqus/StaticElasticJob3.odb,Step-1,Increment      1: Step Time =    1.000,"PLATE-1",           548,             1,       2.37248,      -2.73456,            0.,"ASSEMBLY_PLATE-1__PICKEDSET2","ROCK","",      -1.00078,      -1.23198,      -1.23192,      -1.00084,  -3.74661E-03
F:/Desktop/DeepOnet_Abaqus/StaticElasticJob3.odb,Step-1,Increment      1: Step Time =    1.000,"PLATE-1",           549,             1,       3.75617,       1.24793,            0.,"ASSEMBLY_PLATE-1__PICKEDSET2","ROCK","",      -1.00733,      -1.22876,      -1.22876,      -1.00733,   1.43385E-03
F:/Desktop/DeepOnet_Abaqus/StaticElasticJob3.odb,Step-1,Increment      1: Step Time =    1.000,"PLATE-1",           550,             1,       3.13447,      -1.57990,            0.,"ASSEMBLY_PLATE-1__PICKEDSET2","ROCK","",      -1.00528,      -1.22878,      -1.22869,      -1.00537,  -4.46876E-03
F:/Desktop/DeepOnet_Abaqus/StaticElasticJob3.odb,Step-1,Increment      1: Step Time =    1.000,"PLATE-1",           551,             1,  -378.769E-03,      -2.94424,            0.,"ASSEMBLY_PLATE-1__PICKEDSET2","ROCK","",  -998.887E-03,      -1.23685,      -1.23684,  -998.896E-03,   1.43101E-03
F:/Desktop/DeepOnet_Abaqus/StaticElasticJob3.odb,Step-1,Increment      1: Step Time =    1.000,"PLATE-1",           552,             1,  -434.328E-03,      -2.56689,            0.,"ASSEMBLY_PLATE-1__PICKEDSET2","ROCK","",  -998.036E-03,      -1.23850,      -1.23848,  -998.058E-03,   2.31273E-03
F:/Desktop/DeepOnet_Abaqus/StaticElasticJob3.odb,Step-1,Increment      1: Step Time =    1.000,"PLATE-1",           553,             1,       1.59972,      -2.76331,            0.,"ASSEMBLY_PLATE-1__PICKEDSET2","ROCK","",  -998.943E-03,      -1.23488,      -1.23482,  -999.004E-03,  -3.77462E-03
F:/Desktop/DeepOnet_Abaqus/StaticElasticJob3.odb,Step-1,Increment      1: Step Time =    1.000,"PLATE-1",           554,             1,       3.65813,      -2.84682,            0.,"ASSEMBLY_PLATE-1__PICKEDSET2","ROCK","",      -1.00110,      -1.22900,      -1.22900,      -1.00110,  -931.877E-06
F:/Desktop/DeepOnet_Abaqus/StaticElasticJob3.odb,Step-1,Increment      1: Step Time =    1.000,"PLATE-1",           555,             1,      -1.96052,      -3.70604,            0.,"ASSEMBLY_PLATE-1__PICKEDSET2","ROCK","",      -1.00103,      -1.23218,      -1.23218,      -1.00103,   722.936E-06
F:/Desktop/DeepOnet_Abaqus/StaticElasticJob3.odb,Step-1,Increment      1: Step Time =    1.000,"PLATE-1",           556,             1,      -2.05450,      -2.46952,            0.,"ASSEMBLY_PLATE-1__PICKEDSET2","ROCK","",      -1.00144,      -1.23237,      -1.23229,      -1.00152,   4.34242E-03
F:/Desktop/DeepOnet_Abaqus/StaticElasticJob3.odb,Step-1,Increment      1: Step Time =    1.000,"PLATE-1",           557,             1,      -2.55686,       1.39663,            0.,"ASSEMBLY_PLATE-1__PICKEDSET2","ROCK","",      -1.00530,      -1.22814,      -1.22799,      -1.00546,  -5.93370E-03
F:/Desktop/DeepOnet_Abaqus/StaticElasticJob3.odb,Step-1,Increment      1: Step Time =    1.000,"PLATE-1",           558,             1,      -3.70878,  -349.513E-03,            0.,"ASSEMBLY_PLATE-1__PICKEDSET2","ROCK","",      -1.00947,      -1.22833,      -1.22833,      -1.00947,   756.528E-06
F:/Desktop/DeepOnet_Abaqus/StaticElasticJob3.odb,Step-1,Increment      1: Step Time =    1.000,"PLATE-1",           559,             1,   96.1296E-03,       3.47939,            0.,"ASSEMBLY_PLATE-1__PICKEDSET2","ROCK","",  -999.459E-03,      -1.23726,      -1.23726,  -999.459E-03,   312.335E-06
F:/Desktop/DeepOnet_Abaqus/StaticElasticJob3.odb,Step-1,Increment      1: Step Time =    1.000,"PLATE-1",           560,             1,      -2.08048,       3.67059,            0.,"ASSEMBLY_PLATE-1__PICKEDSET2","ROCK","",      -1.00008,      -1.23232,      -1.23231,      -1.00009,  -1.15273E-03
F:/Desktop/DeepOnet_Abaqus/StaticElasticJob3.odb,Step-1,Increment      1: Step Time =    1.000,"PLATE-1",           561,             1,      -2.99199,  -775.422E-03,            0.,"ASSEMBLY_PLATE-1__PICKEDSET2","ROCK","",      -1.00732,      -1.22769,      -1.22763,      -1.00738,   3.63447E-03
F:/Desktop/DeepOnet_Abaqus/StaticElasticJob3.odb,Step-1,Increment      1: Step Time =    1.000,"PLATE-1",           562,             1,      -2.77371,  -183.191E-03,            0.,"ASSEMBLY_PLATE-1__PICKEDSET2","ROCK","",      -1.00948,      -1.22447,      -1.22445,      -1.00950,   2.09899E-03
F:/Desktop/DeepOnet_Abaqus/StaticElasticJob3.odb,Step-1,Increment      1: Step Time =    1.000,"PLATE-1",           563,             1,       2.69193,      -1.68212,            0.,"ASSEMBLY_PLATE-1__PICKEDSET2","ROCK","",      -1.00400,      -1.22941,      -1.22924,      -1.00417,  -6.13169E-03
F:/Desktop/DeepOnet_Abaqus/StaticElasticJob3.odb,Step-1,Increment      1: Step Time =    1.000,"PLATE-1",           564,             1,       2.79079,  -707.777E-03,            0.,"ASSEMBLY_PLATE-1__PICKEDSET2","ROCK","",      -1.00942,      -1.22566,      -1.22558,      -1.00949,  -4.09072E-03
F:/Desktop/DeepOnet_Abaqus/StaticElasticJob3.odb,Step-1,Increment      1: Step Time =    1.000,"PLATE-1",           565,             1,       2.73416,  -136.138E-03,            0.,"ASSEMBLY_PLATE-1__PICKEDSET2","ROCK","",      -1.01124,      -1.22353,      -1.22353,      -1.01124,  -407.005E-06
F:/Desktop/DeepOnet_Abaqus/StaticElasticJob3.odb,Step-1,Increment      1: Step Time =    1.000,"PLATE-1",           566,             1,      -1.04241,      -3.29372,            0.,"ASSEMBLY_PLATE-1__PICKEDSET2","ROCK","",      -1.00021,      -1.23461,      -1.23460,      -1.00022,   1.53487E-03
F:/Desktop/DeepOnet_Abaqus/StaticElasticJob3.odb,Step-1,Increment      1: Step Time =    1.000,"PLATE-1",           567,             1,       3.73366,  -227.273E-03,            0.,"ASSEMBLY_PLATE-1__PICKEDSET2","ROCK","",      -1.01199,      -1.22842,      -1.22842,      -1.01200,  -183.160E-06
F:/Desktop/DeepOnet_Abaqus/StaticElasticJob3.odb,Step-1,Increment      1: Step Time =    1.000,"PLATE-1",           568,             1,  -304.338E-03,       2.75372,            0.,"ASSEMBLY_PLATE-1__PICKEDSET2","ROCK","",  -997.348E-03,      -1.23862,      -1.23861,  -997.358E-03,  -1.52382E-03
F:/Desktop/DeepOnet_Abaqus/StaticElasticJob3.odb,Step-1,Increment      1: Step Time =    1.000,"PLATE-1",           569,             1,      -1.26768,       3.69935,            0.,"ASSEMBLY_PLATE-1__PICKEDSET2","ROCK","",  -999.854E-03,      -1.23490,      -1.23489,  -999.859E-03,  -1.04245E-03
F:/Desktop/DeepOnet_Abaqus/StaticElasticJob3.odb,Step-1,Increment      1: Step Time =    1.000,"PLATE-1",           570,             1,       1.52488,       3.15597,            0.,"ASSEMBLY_PLATE-1__PICKEDSET2","ROCK","",  -999.824E-03,      -1.23441,      -1.23437,  -999.862E-03,   2.96206E-03
F:/Desktop/DeepOnet_Abaqus/StaticElasticJob3.odb,Step-1,Increment      1: Step Time =    1.000,"PLATE-1",           571,             1,      -2.77011,      -3.63442,            0.,"ASSEMBLY_PLATE-1__PICKEDSET2","ROCK","",      -1.00071,      -1.23016,      -1.23016,      -1.00071,   785.356E-06
F:/Desktop/DeepOnet_Abaqus/StaticElasticJob3.odb,Step-1,Increment      1: Step Time =    1.000,"PLATE-1",           572,             1,   477.728E-03,       3.06765,            0.,"ASSEMBLY_PLATE-1__PICKEDSET2","ROCK","",  -998.565E-03,      -1.23747,      -1.23745,  -998.576E-03,   1.63095E-03
F:/Desktop/DeepOnet_Abaqus/StaticElasticJob3.odb,Step-1,Increment      1: Step Time =    1.000,"PLATE-1",           573,             1,      -2.88366,       1.31548,            0.,"ASSEMBLY_PLATE-1__PICKEDSET2","ROCK","",      -1.00584,      -1.22818,      -1.22809,      -1.00593,  -4.63328E-03
F:/Desktop/DeepOnet_Abaqus/StaticElasticJob3.odb,Step-1,Increment      1: Step Time =    1.000,"PLATE-1",           574,             1,       1.22319,      -3.30181,            0.,"ASSEMBLY_PLATE-1__PICKEDSET2","ROCK","",  -999.071E-03,      -1.23511,      -1.23510,  -999.079E-03,  -1.30692E-03
F:/Desktop/DeepOnet_Abaqus/StaticElasticJob3.odb,Step-1,Increment      1: Step Time =    1.000,"PLATE-1",           575,             1,       3.10877,      -2.19433,            0.,"ASSEMBLY_PLATE-1__PICKEDSET2","ROCK","",      -1.00330,      -1.22967,      -1.22961,      -1.00337,  -3.93834E-03
F:/Desktop/DeepOnet_Abaqus/StaticElasticJob3.odb,Step-1,Increment      1: Step Time =    1.000,"PLATE-1",           576,             1,      -3.72303,      -1.18596,            0.,"ASSEMBLY_PLATE-1__PICKEDSET2","ROCK","",      -1.00659,      -1.22873,      -1.22872,      -1.00660,   1.35622E-03
F:/Desktop/DeepOnet_Abaqus/StaticElasticJob3.odb,Step-1,Increment      1: Step Time =    1.000,"PLATE-1",           577,             1,      -3.72609,      -1.97888,            0.,"ASSEMBLY_PLATE-1__PICKEDSET2","ROCK","",      -1.00267,      -1.22892,      -1.22892,      -1.00267,   1.15714E-03
F:/Desktop/DeepOnet_Abaqus/StaticElasticJob3.odb,Step-1,Increment      1: Step Time =    1.000,"PLATE-1",           578,             1,       2.21306,       3.01250,            0.,"ASSEMBLY_PLATE-1__PICKEDSET2","ROCK","",      -1.00075,      -1.23220,      -1.23216,      -1.00080,   3.06410E-03
F:/Desktop/DeepOnet_Abaqus/StaticElasticJob3.odb,Step-1,Increment      1: Step Time =    1.000,"PLATE-1",           579,             1,       3.70167,       2.03514,            0.,"ASSEMBLY_PLATE-1__PICKEDSET2","ROCK","",      -1.00330,      -1.22894,      -1.22894,      -1.00331,   1.19716E-03
F:/Desktop/DeepOnet_Abaqus/StaticElasticJob3.odb,Step-1,Increment      1: Step Time =    1.000,"PLATE-1",           580,             1,      -3.21123,      -1.91817,            0.,"ASSEMBLY_PLATE-1__PICKEDSET2","ROCK","",      -1.00313,      -1.22935,      -1.22931,      -1.00318,   3.13580E-03
F:/Desktop/DeepOnet_Abaqus/StaticElasticJob3.odb,Step-1,Increment      1: Step Time =    1.000,"PLATE-1",           581,             1,       2.95403,      -2.88962,            0.,"ASSEMBLY_PLATE-1__PICKEDSET2","ROCK","",      -1.00147,      -1.23029,      -1.23026,      -1.00150,  -2.62256E-03
F:/Desktop/DeepOnet_Abaqus/StaticElasticJob3.odb,Step-1,Increment      1: Step Time =    1.000,"PLATE-1",           582,             1,       2.61783,      -2.18126,            0.,"ASSEMBLY_PLATE-1__PICKEDSET2","ROCK","",      -1.00211,      -1.23070,      -1.23058,      -1.00223,  -5.21717E-03
F:/Desktop/DeepOnet_Abaqus/StaticElasticJob3.odb,Step-1,Increment      1: Step Time =    1.000,"PLATE-1",           583,             1,       3.46131,  -768.595E-03,            0.,"ASSEMBLY_PLATE-1__PICKEDSET2","ROCK","",      -1.01016,      -1.22794,      -1.22793,      -1.01017,  -1.80652E-03
F:/Desktop/DeepOnet_Abaqus/StaticElasticJob3.odb,Step-1,Increment      1: Step Time =    1.000,"PLATE-1",           584,             1,      -3.25501,       1.33387,            0.,"ASSEMBLY_PLATE-1__PICKEDSET2","ROCK","",      -1.00620,      -1.22856,      -1.22851,      -1.00624,  -3.16064E-03
F:/Desktop/DeepOnet_Abaqus/StaticElasticJob3.odb,Step-1,Increment      1: Step Time =    1.000,"PLATE-1",           585,             1,  -504.970E-03,       3.72126,            0.,"ASSEMBLY_PLATE-1__PICKEDSET2","ROCK","",  -999.727E-03,      -1.23690,      -1.23690,  -999.727E-03,  -384.631E-06
F:/Desktop/DeepOnet_Abaqus/StaticElasticJob3.odb,Step-1,Increment      1: Step Time =    1.000,"PLATE-1",           586,             1,      -1.25145,       3.18357,            0.,"ASSEMBLY_PLATE-1__PICKEDSET2","ROCK","",  -999.511E-03,      -1.23503,      -1.23500,  -999.539E-03,  -2.52054E-03
F:/Desktop/DeepOnet_Abaqus/StaticElasticJob3.odb,Step-1,Increment      1: Step Time =    1.000,"PLATE-1",           587,             1,      -2.87093,       3.66480,            0.,"ASSEMBLY_PLATE-1__PICKEDSET2","ROCK","",      -1.00034,      -1.22990,      -1.22990,      -1.00034,  -685.814E-06
F:/Desktop/DeepOnet_Abaqus/StaticElasticJob3.odb,Step-1,Increment      1: Step Time =    1.000,"PLATE-1",           588,             1,      -2.99276,       1.82086,            0.,"ASSEMBLY_PLATE-1__PICKEDSET2","ROCK","",      -1.00423,      -1.22930,      -1.22923,      -1.00430,  -4.07643E-03
F:/Desktop/DeepOnet_Abaqus/StaticElasticJob3.odb,Step-1,Increment      1: Step Time =    1.000,"PLATE-1",           589,             1,      -2.32323,      -2.64976,            0.,"ASSEMBLY_PLATE-1__PICKEDSET2","ROCK","",      -1.00145,      -1.23172,      -1.23167,      -1.00151,   3.52911E-03
F:/Desktop/DeepOnet_Abaqus/StaticElasticJob3.odb,Step-1,Increment      1: Step Time =    1.000,"PLATE-1",           590,             1,  -391.607E-03,      -3.78654,            0.,"ASSEMBLY_PLATE-1__PICKEDSET2","ROCK","",  -999.781E-03,      -1.23536,      -1.23536,  -999.782E-03,   268.294E-06
F:/Desktop/DeepOnet_Abaqus/StaticElasticJob3.odb,Step-1,Increment      1: Step Time =    1.000,"PLATE-1",           591,             1,      -1.16676,      -3.74714,            0.,"ASSEMBLY_PLATE-1__PICKEDSET2","ROCK","",      -1.00049,      -1.23391,      -1.23391,      -1.00049,   502.724E-06
F:/Desktop/DeepOnet_Abaqus/StaticElasticJob3.odb,Step-1,Increment      1: Step Time =    1.000,"PLATE-1",           592,             1,      -3.07460,   275.360E-03,            0.,"ASSEMBLY_PLATE-1__PICKEDSET2","ROCK","",      -1.00895,      -1.22681,      -1.22681,      -1.00895,  -641.500E-06
F:/Desktop/DeepOnet_Abaqus/StaticElasticJob3.odb,Step-1,Increment      1: Step Time =    1.000,"PLATE-1",           593,             1,      -3.73637,   478.892E-03,            0.,"ASSEMBLY_PLATE-1__PICKEDSET2","ROCK","",      -1.01023,      -1.22833,      -1.22833,      -1.01023,  -460.346E-06
F:/Desktop/DeepOnet_Abaqus/StaticElasticJob3.odb,Step-1,Increment      1: Step Time =    1.000,"PLATE-1",           594,             1,      -2.78570,   518.164E-03,            0.,"ASSEMBLY_PLATE-1__PICKEDSET2","ROCK","",      -1.00894,      -1.22539,      -1.22535,      -1.00897,  -2.64020E-03
F:/Desktop/DeepOnet_Abaqus/StaticElasticJob3.odb,Step-1,Increment      1: Step Time =    1.000,"PLATE-1",           595,             1,   396.266E-03,      -3.76940,            0.,"ASSEMBLY_PLATE-1__PICKEDSET2","ROCK","",  -999.245E-03,      -1.23567,      -1.23567,  -999.245E-03,  -100.264E-06
F:/Desktop/DeepOnet_Abaqus/StaticElasticJob3.odb,Step-1,Increment      1: Step Time =    1.000,"PLATE-1",           596,             1,       3.77068,   488.998E-03,            0.,"ASSEMBLY_PLATE-1__PICKEDSET2","ROCK","",      -1.01133,      -1.22850,      -1.22850,      -1.01133,   888.940E-06
F:/Desktop/DeepOnet_Abaqus/StaticElasticJob3.odb,Step-1,Increment      1: Step Time =    1.000,"PLATE-1",           597,             1,      -3.72451,       1.28313,            0.,"ASSEMBLY_PLATE-1__PICKEDSET2","ROCK","",      -1.00749,      -1.22870,      -1.22869,      -1.00750,  -1.38828E-03
F:/Desktop/DeepOnet_Abaqus/StaticElasticJob3.odb,Step-1,Increment      1: Step Time =    1.000,"PLATE-1",           598,             1,      -2.87687,   876.083E-03,            0.,"ASSEMBLY_PLATE-1__PICKEDSET2","ROCK","",      -1.00743,      -1.22654,      -1.22647,      -1.00750,  -3.84595E-03
F:/Desktop/DeepOnet_Abaqus/StaticElasticJob3.odb,Step-1,Increment      1: Step Time =    1.000,"PLATE-1",           599,             1,      -3.08483,       2.29878,            0.,"ASSEMBLY_PLATE-1__PICKEDSET2","ROCK","",      -1.00288,      -1.22974,      -1.22970,      -1.00292,  -3.25022E-03
F:/Desktop/DeepOnet_Abaqus/StaticElasticJob3.odb,Step-1,Increment      1: Step Time =    1.000,"PLATE-1",           600,             1,       2.82226,      -3.62734,            0.,"ASSEMBLY_PLATE-1__PICKEDSET2","ROCK","",      -1.00079,      -1.23058,      -1.23058,      -1.00080,  -991.041E-06
F:/Desktop/DeepOnet_Abaqus/StaticElasticJob3.odb,Step-1,Increment      1: Step Time =    1.000,"PLATE-1",           601,             1,   603.221E-03,       3.70327,            0.,"ASSEMBLY_PLATE-1__PICKEDSET2","ROCK","",  -999.808E-03,      -1.23652,      -1.23652,  -999.810E-03,   668.947E-06
F:/Desktop/DeepOnet_Abaqus/StaticElasticJob3.odb,Step-1,Increment      1: Step Time =    1.000,"PLATE-1",           602,             1,       2.93656,       2.87868,            0.,"ASSEMBLY_PLATE-1__PICKEDSET2","ROCK","",      -1.00145,      -1.23042,      -1.23040,      -1.00147,   2.16476E-03
F:/Desktop/DeepOnet_Abaqus/StaticElasticJob3.odb,Step-1,Increment      1: Step Time =    1.000,"PLATE-1",           603,             1,       3.33040,   638.881E-03,            0.,"ASSEMBLY_PLATE-1__PICKEDSET2","ROCK","",      -1.00907,      -1.22792,      -1.22788,      -1.00910,   2.66195E-03
F:/Desktop/DeepOnet_Abaqus/StaticElasticJob3.odb,Step-1,Increment      1: Step Time =    1.000,"PLATE-1",           604,             1,       2.85343,       3.64548,            0.,"ASSEMBLY_PLATE-1__PICKEDSET2","ROCK","",      -1.00020,      -1.22967,      -1.22967,      -1.00021,   525.758E-06
F:/Desktop/DeepOnet_Abaqus/StaticElasticJob3.odb,Step-1,Increment      1: Step Time =    1.000,"PLATE-1",           605,             1,      -2.58524,      -2.28631,            0.,"ASSEMBLY_PLATE-1__PICKEDSET2","ROCK","",      -1.00221,      -1.23093,      -1.23086,      -1.00229,   4.15950E-03
F:/Desktop/DeepOnet_Abaqus/StaticElasticJob3.odb,Step-1,Increment      1: Step Time =    1.000,"PLATE-1",           606,             1,      -3.64170,      -2.76670,            0.,"ASSEMBLY_PLATE-1__PICKEDSET2","ROCK","",      -1.00002,      -1.22886,      -1.22886,      -1.00002,   813.908E-06
F:/Desktop/DeepOnet_Abaqus/StaticElasticJob3.odb,Step-1,Increment      1: Step Time =    1.000,"PLATE-1",           607,             1,       3.69442,      -2.08363,            0.,"ASSEMBLY_PLATE-1__PICKEDSET2","ROCK","",      -1.00419,      -1.22895,      -1.22894,      -1.00420,  -1.44582E-03
F:/Desktop/DeepOnet_Abaqus/StaticElasticJob3.odb,Step-1,Increment      1: Step Time =    1.000,"PLATE-1",           608,             1,   759.870E-03,       1.83606,            0.,"ASSEMBLY_PLATE-1__PICKEDSET2","ROCK","",  -992.580E-03,      -1.24500,      -1.24460,  -992.975E-03,   9.98211E-03
F:/Desktop/DeepOnet_Abaqus/StaticElasticJob3.odb,Step-1,Increment      1: Step Time =    1.000,"PLATE-1",           609,             1,       1.68189,   947.662E-03,            0.,"ASSEMBLY_PLATE-1__PICKEDSET2","ROCK","",      -1.00855,      -1.22869,      -1.22758,      -1.00966,   15.5506E-03
F:/Desktop/DeepOnet_Abaqus/StaticElasticJob3.odb,Step-1,Increment      1: Step Time =    1.000,"PLATE-1",           610,             1,       1.84618,   833.479E-03,            0.,"ASSEMBLY_PLATE-1__PICKEDSET2","ROCK","",      -1.01012,      -1.22572,      -1.22488,      -1.01097,   13.4735E-03
F:/Desktop/DeepOnet_Abaqus/StaticElasticJob3.odb,Step-1,Increment      1: Step Time =    1.000,"PLATE-1",           611,             1,   864.620E-03,      -1.67400,            0.,"ASSEMBLY_PLATE-1__PICKEDSET2","ROCK","",  -991.846E-03,      -1.24368,      -1.24337,  -992.165E-03,  -8.95054E-03
F:/Desktop/DeepOnet_Abaqus/StaticElasticJob3.odb,Step-1,Increment      1: Step Time =    1.000,"PLATE-1",           612,             1,      -1.68542,   548.644E-03,            0.,"ASSEMBLY_PLATE-1__PICKEDSET2","ROCK","",      -1.01351,      -1.21615,      -1.21554,      -1.01413,  -11.1446E-03
F:/Desktop/DeepOnet_Abaqus/StaticElasticJob3.odb,Step-1,Increment      1: Step Time =    1.000,"PLATE-1",           613,             1,      -1.87006,   662.786E-03,            0.,"ASSEMBLY_PLATE-1__PICKEDSET2","ROCK","",      -1.01082,      -1.22021,      -1.21978,      -1.01125,  -9.41547E-03
F:/Desktop/DeepOnet_Abaqus/StaticElasticJob3.odb,Step-1,Increment      1: Step Time =    1.000,"PLATE-1",           614,             1,      -1.40353,       1.78905,            0.,"ASSEMBLY_PLATE-1__PICKEDSET2","ROCK","",  -998.901E-03,      -1.23517,      -1.23478,  -999.283E-03,  -9.49036E-03
F:/Desktop/DeepOnet_Abaqus/StaticElasticJob3.odb,Step-1,Increment      1: Step Time =    1.000,"PLATE-1",           615,             1,      -2.23962,       1.74561,            0.,"ASSEMBLY_PLATE-1__PICKEDSET2","ROCK","",      -1.00289,      -1.23019,      -1.22998,      -1.00311,  -6.94615E-03
F:/Desktop/DeepOnet_Abaqus/StaticElasticJob3.odb,Step-1,Increment      1: Step Time =    1.000,"PLATE-1",           616,             1,      -1.14107,      -1.79627,            0.,"ASSEMBLY_PLATE-1__PICKEDSET2","ROCK","",  -998.533E-03,      -1.23855,      -1.23823,  -998.847E-03,   8.67181E-03
F:/Desktop/DeepOnet_Abaqus/StaticElasticJob3.odb,Step-1,Increment      1: Step Time =    1.000,"PLATE-1",           617,             1,  -373.074E-03,      -1.74593,            0.,"ASSEMBLY_PLATE-1__PICKEDSET2","ROCK","",  -993.612E-03,      -1.24623,      -1.24608,  -993.757E-03,   6.04776E-03
F:/Desktop/DeepOnet_Abaqus/StaticElasticJob3.odb,Step-1,Increment      1: Step Time =    1.000,"PLATE-1",           618,             1,  -868.269E-03,       1.88418,            0.,"ASSEMBLY_PLATE-1__PICKEDSET2","ROCK","",  -995.743E-03,      -1.23977,      -1.23948,  -996.037E-03,  -8.47684E-03
F:/Desktop/DeepOnet_Abaqus/StaticElasticJob3.odb,Step-1,Increment      1: Step Time =    1.000,"PLATE-1",           619,             1,       1.83241,      -1.55889,            0.,"ASSEMBLY_PLATE-1__PICKEDSET2","ROCK","",  -999.985E-03,      -1.23264,      -1.23216,      -1.00046,  -10.5210E-03
F:/Desktop/DeepOnet_Abaqus/StaticElasticJob3.odb,Step-1,Increment      1: Step Time =    1.000,"PLATE-1",           620,             1,       1.64190,       2.43889,            0.,"ASSEMBLY_PLATE-1__PICKEDSET2","ROCK","",      -1.00048,      -1.23472,      -1.23457,      -1.00063,   5.94035E-03
F:/Desktop/DeepOnet_Abaqus/StaticElasticJob3.odb,Step-1,Increment      1: Step Time =    1.000,"PLATE-1",           621,             1,       1.29017,      -2.17712,            0.,"ASSEMBLY_PLATE-1__PICKEDSET2","ROCK","",  -996.634E-03,      -1.23767,      -1.23753,  -996.780E-03,  -5.92610E-03
F:/Desktop/DeepOnet_Abaqus/StaticElasticJob3.odb,Step-1,Increment      1: Step Time =    1.000,"PLATE-1",           622,             1,   432.040E-03,      -2.02906,            0.,"ASSEMBLY_PLATE-1__PICKEDSET2","ROCK","",  -993.313E-03,      -1.24394,      -1.24391,  -993.334E-03,  -2.25820E-03
F:/Desktop/DeepOnet_Abaqus/StaticElasticJob3.odb,Step-1,Increment      1: Step Time =    1.000,"PLATE-1",           623,             1,      -1.28886,   979.171E-03,            0.,"ASSEMBLY_PLATE-1__PICKEDSET2","ROCK","",      -1.00223,      -1.22891,      -1.22711,      -1.00403,  -20.1255E-03
F:/Desktop/DeepOnet_Abaqus/StaticElasticJob3.odb,Step-1,Increment      1: Step Time =    1.000,"PLATE-1",           624,             1,  -575.143E-03,      -1.17613,            0.,"ASSEMBLY_PLATE-1__PICKEDSET2","ROCK","",  -990.186E-03,      -1.25357,      -1.25222,  -991.533E-03,   18.7870E-03
F:/Desktop/DeepOnet_Abaqus/StaticElasticJob3.odb,Step-1,Increment      1: Step Time =    1.000,"PLATE-1",           625,             1,      -1.34577,  -934.048E-03,            0.,"ASSEMBLY_PLATE-1__PICKEDSET2","ROCK","",      -1.00444,      -1.23112,      -1.22956,      -1.00600,   18.7413E-03
F:/Desktop/DeepOnet_Abaqus/StaticElasticJob3.odb,Step-1,Increment      1: Step Time =    1.000,"PLATE-1",           626,             1,       1.14041,       1.19524,            0.,"ASSEMBLY_PLATE-1__PICKEDSET2","ROCK","",      -1.00212,      -1.24004,      -1.23809,      -1.00407,   21.4692E-03
F:/Desktop/DeepOnet_Abaqus/StaticElasticJob3.odb,Step-1,Increment      1: Step Time =    1.000,"PLATE-1",           627,             1,  -289.644E-03,       1.30242,            0.,"ASSEMBLY_PLATE-1__PICKEDSET2","ROCK","",  -988.001E-03,      -1.25424,      -1.25344,  -988.804E-03,  -14.5951E-03
F:/Desktop/DeepOnet_Abaqus/StaticElasticJob3.odb,Step-1,Increment      1: Step Time =    1.000,"PLATE-1",           628,             1,       1.06900,       1.07218,            0.,"ASSEMBLY_PLATE-1__PICKEDSET2","ROCK","",      -1.00258,      -1.24035,      -1.23759,      -1.00534,   25.4628E-03
F:/Desktop/DeepOnet_Abaqus/StaticElasticJob3.odb,Step-1,Increment      1: Step Time =    1.000,"PLATE-1",           629,             1,       1.08539,   693.704E-03,            0.,"ASSEMBLY_PLATE-1__PICKEDSET2","ROCK","",      -1.00924,      -1.23334,      -1.22757,      -1.01501,   35.5052E-03
F:/Desktop/DeepOnet_Abaqus/StaticElasticJob3.odb,Step-1,Increment      1: Step Time =    1.000,"PLATE-1",           630,             1,   381.040E-03,   258.737E-03,            0.,"ASSEMBLY_PLATE-1__PICKEDSET2","ROCK","",  -698.795E-03,      -1.44245,      -1.25799,  -883.258E-03,   321.171E-03
F:/Desktop/DeepOnet_Abaqus/StaticElasticJob3.odb,Step-1,Increment      1: Step Time =    1.000,"PLATE-1",           631,             1,  -543.909E-03,      -1.26467,            0.,"ASSEMBLY_PLATE-1__PICKEDSET2","ROCK","",  -990.284E-03,      -1.25255,      -1.25161,  -991.218E-03,   15.6241E-03
F:/Desktop/DeepOnet_Abaqus/StaticElasticJob3.odb,Step-1,Increment      1: Step Time =    1.000,"PLATE-1",           632,             1,  -669.133E-03,      -1.24125,            0.,"ASSEMBLY_PLATE-1__PICKEDSET2","ROCK","",  -992.366E-03,      -1.24985,      -1.24868,  -993.539E-03,   17.3409E-03
F:/Desktop/DeepOnet_Abaqus/StaticElasticJob3.odb,Step-1,Increment      1: Step Time =    1.000,"PLATE-1",           633,             1,   112.814E-03,   174.312E-03,            0.,"ASSEMBLY_PLATE-1__PICKEDSET2","ROCK","",  -133.415E-03,      -2.25554,      -1.42970,  -959.259E-03,       1.03466
F:/Desktop/DeepOnet_Abaqus/StaticElasticJob3.odb,Step-1,Increment      1: Step Time =    1.000,"PLATE-1",           634,             1,  -152.615E-03,  -339.589E-03,            0.,"ASSEMBLY_PLATE-1__PICKEDSET2","ROCK","",  -746.125E-03,      -1.58666,      -1.47990,  -852.885E-03,   279.888E-03
F:/Desktop/DeepOnet_Abaqus/StaticElasticJob3.odb,Step-1,Increment      1: Step Time =    1.000,"PLATE-1",           635,             1,   313.947E-06,   322.823E-03,            0.,"ASSEMBLY_PLATE-1__PICKEDSET2","ROCK","",  -849.699E-03,      -1.72427,      -1.72414,  -849.831E-03,   10.7087E-03
F:/Desktop/DeepOnet_Abaqus/StaticElasticJob3.odb,Step-1,Increment      1: Step Time =    1.000,"PLATE-1",           636,             1,   345.557E-03,  -190.586E-03,            0.,"ASSEMBLY_PLATE-1__PICKEDSET2","ROCK","",  -848.072E-03,      -1.34813,      -1.10656,      -1.08964,  -249.886E-03
F:/Desktop/DeepOnet_Abaqus/StaticElasticJob3.odb,Step-1,Increment      1: Step Time =    1.000,"PLATE-1",           637,             1,  -9.87283E-03,  -373.217E-03,            0.,"ASSEMBLY_PLATE-1__PICKEDSET2","ROCK","",  -652.561E-03,      -1.60752,      -1.60633,  -653.756E-03,   33.7574E-03
F:/Desktop/DeepOnet_Abaqus/StaticElasticJob3.odb,Step-1,Increment      1: Step Time =    1.000,"PLATE-1",           638,             1,   745.652E-03,   232.406E-03,            0.,"ASSEMBLY_PLATE-1__PICKEDSET2","ROCK","",      -1.05381,      -1.09656,      -1.09313,      -1.05724,   11.6175E-03
F:/Desktop/DeepOnet_Abaqus/StaticElasticJob3.odb,Step-1,Increment      1: Step Time =    1.000,"PLATE-1",           639,             1,   826.557E-03,   237.280E-03,            0.,"ASSEMBLY_PLATE-1__PICKEDSET2","ROCK","",      -1.07586,      -1.11628,      -1.11383,      -1.07831,   9.64820E-03
F:/Desktop/DeepOnet_Abaqus/StaticElasticJob3.odb,Step-1,Increment      1: Step Time =    1.000,"PLATE-1",           640,             1,  -154.638E-03,  -487.778E-03,            0.,"ASSEMBLY_PLATE-1__PICKEDSET2","ROCK","",  -867.247E-03,      -1.41754,      -1.39240,  -892.386E-03,   114.901E-03
F:/Desktop/DeepOnet_Abaqus/StaticElasticJob3.odb,Step-1,Increment      1: Step Time =    1.000,"PLATE-1",           641,             1,   655.853E-03,   725.003E-03,            0.,"ASSEMBLY_PLATE-1__PICKEDSET2","ROCK","",  -969.706E-03,      -1.29058,      -1.26062,  -999.665E-03,   93.3575E-03
F:/Desktop/DeepOnet_Abaqus/StaticElasticJob3.odb,Step-1,Increment      1: Step Time =    1.000,"PLATE-1",           642,             1,  -157.747E-03,   531.110E-03,            0.,"ASSEMBLY_PLATE-1__PICKEDSET2","ROCK","",  -942.456E-03,      -1.36495,      -1.36299,  -944.422E-03,  -28.7490E-03
F:/Desktop/DeepOnet_Abaqus/StaticElasticJob3.odb,Step-1,Increment      1: Step Time =    1.000,"PLATE-1",           643,             1,  -644.944E-03,   240.558E-03,            0.,"ASSEMBLY_PLATE-1__PICKEDSET2","ROCK","",      -1.00632,      -1.18441,      -1.12810,      -1.06262,  -82.8070E-03
F:/Desktop/DeepOnet_Abaqus/StaticElasticJob3.odb,Step-1,Increment      1: Step Time =    1.000,"PLATE-1",           644,             1,  -198.754E-03,   537.672E-03,            0.,"ASSEMBLY_PLATE-1__PICKEDSET2","ROCK","",  -943.994E-03,      -1.35396,      -1.34962,  -948.330E-03,  -41.9416E-03
F:/Desktop/DeepOnet_Abaqus/StaticElasticJob3.odb,Step-1,Increment      1: Step Time =    1.000,"PLATE-1",           645,             1,  -734.211E-03,  -18.9223E-03,            0.,"ASSEMBLY_PLATE-1__PICKEDSET2","ROCK","",      -1.08055,      -1.11879,      -1.11391,      -1.08543,   12.7636E-03
F:/Desktop/DeepOnet_Abaqus/StaticElasticJob3.odb,Step-1,Increment      1: Step Time =    1.000,"PLATE-1",           646,             1,  -52.4313E-03,  -685.776E-03,            0.,"ASSEMBLY_PLATE-1__PICKEDSET2","ROCK","",  -925.536E-03,      -1.33850,      -1.33744,  -926.597E-03,   20.8989E-03
F:/Desktop/DeepOnet_Abaqus/StaticElasticJob3.odb,Step-1,Increment      1: Step Time =    1.000,"PLATE-1",           647,             1,  -344.516E-03,   674.877E-03,            0.,"ASSEMBLY_PLATE-1__PICKEDSET2","ROCK","",  -962.663E-03,      -1.29307,      -1.28780,  -967.939E-03,  -41.4178E-03
F:/Desktop/DeepOnet_Abaqus/StaticElasticJob3.odb,Step-1,Increment      1: Step Time =    1.000,"PLATE-1",           648,             1,  -378.175E-03,   786.516E-03,            0.,"ASSEMBLY_PLATE-1__PICKEDSET2","ROCK","",  -975.992E-03,      -1.27223,      -1.26893,  -979.293E-03,  -31.0968E-03
F:/Desktop/DeepOnet_Abaqus/StaticElasticJob3.odb,Step-1,Increment      1: Step Time =    1.000,"PLATE-1",           649,             1,   716.047E-03,  -426.578E-03,            0.,"ASSEMBLY_PLATE-1__PICKEDSET2","ROCK","",  -978.768E-03,      -1.23686,      -1.21330,      -1.00233,  -74.3314E-03
F:/Desktop/DeepOnet_Abaqus/StaticElasticJob3.odb,Step-1,Increment      1: Step Time =    1.000,"PLATE-1",           650,             1,   349.246E-03,  -801.517E-03,            0.,"ASSEMBLY_PLATE-1__PICKEDSET2","ROCK","",  -959.012E-03,      -1.28660,      -1.28316,  -962.457E-03,  -33.4150E-03
F:/Desktop/DeepOnet_Abaqus/StaticElasticJob3.odb,Step-1,Increment      1: Step Time =    1.000,"PLATE-1",           651,             1,   709.154E-03,      -1.09521,            0.,"ASSEMBLY_PLATE-1__PICKEDSET2","ROCK","",  -982.180E-03,      -1.25359,      -1.25179,  -983.978E-03,  -22.0124E-03
F:/Desktop/DeepOnet_Abaqus/StaticElasticJob3.odb,Step-1,Increment      1: Step Time =    1.000,"PLATE-1",           652,             1,  -228.489E-03,       1.29678,            0.,"ASSEMBLY_PLATE-1__PICKEDSET2","ROCK","",  -988.124E-03,      -1.25569,      -1.25498,  -988.828E-03,  -13.7070E-03
F:/Desktop/DeepOnet_Abaqus/StaticElasticJob3.odb,Step-1,Increment      1: Step Time =    1.000,"PLATE-1",           653,             1,  -616.810E-03,  -726.384E-03,            0.,"ASSEMBLY_PLATE-1__PICKEDSET2","ROCK","",  -988.310E-03,      -1.25810,      -1.25042,  -995.992E-03,   44.8728E-03
F:/Desktop/DeepOnet_Abaqus/StaticElasticJob3.odb,Step-1,Increment      1: Step Time =    1.000,"PLATE-1",           654,             1,       1.07256,  -760.572E-03,            0.,"ASSEMBLY_PLATE-1__PICKEDSET2","ROCK","",  -994.109E-03,      -1.23249,      -1.22769,  -998.911E-03,  -33.4920E-03
F:/Desktop/DeepOnet_Abaqus/StaticElasticJob3.odb,Step-1,Increment      1: Step Time =    1.000,"PLATE-1",           655,             1,      -1.47114,       1.43153,            0.,"ASSEMBLY_PLATE-1__PICKEDSET2","ROCK","",      -1.00019,      -1.23299,      -1.23233,      -1.00086,  -12.3931E-03
F:/Desktop/DeepOnet_Abaqus/StaticElasticJob3.odb,Step-1,Increment      1: Step Time =    1.000,"PLATE-1",           656,             1,      -1.46940,      -1.16866,            0.,"ASSEMBLY_PLATE-1__PICKEDSET2","ROCK","",      -1.00270,      -1.23287,      -1.23196,      -1.00360,   14.3774E-03
F:/Desktop/DeepOnet_Abaqus/StaticElasticJob3.odb,Step-1,Increment      1: Step Time =    1.000,"PLATE-1",           657,             1,       1.16407,      -1.48731,            0.,"ASSEMBLY_PLATE-1__PICKEDSET2","ROCK","",  -993.575E-03,      -1.24026,      -1.23956,  -994.274E-03,  -13.1204E-03
F:/Desktop/DeepOnet_Abaqus/StaticElasticJob3.odb,Step-1,Increment      1: Step Time =    1.000,"PLATE-1",           658,             1,  -988.830E-03,   289.641E-03,            0.,"ASSEMBLY_PLATE-1__PICKEDSET2","ROCK","",      -1.03095,      -1.18581,      -1.17959,      -1.03717,  -30.3906E-03
F:/Desktop/DeepOnet_Abaqus/StaticElasticJob3.odb,Step-1,Increment      1: Step Time =    1.000,"PLATE-1",           659,             1,   138.052E-03,      -1.09265,            0.,"ASSEMBLY_PLATE-1__PICKEDSET2","ROCK","",  -973.276E-03,      -1.27341,      -1.27337,  -973.314E-03,  -3.36883E-03
F:/Desktop/DeepOnet_Abaqus/StaticElasticJob3.odb,Step-1,Increment      1: Step Time =    1.000,"PLATE-1",           660,             1,       1.17986,  -903.497E-03,            0.,"ASSEMBLY_PLATE-1__PICKEDSET2","ROCK","",  -995.105E-03,      -1.23389,      -1.23097,  -998.023E-03,  -26.2354E-03
F:/Desktop/DeepOnet_Abaqus/StaticElasticJob3.odb,Step-1,Increment      1: Step Time =    1.000,"PLATE-1",           661,             1,       1.46120,      -1.42430,            0.,"ASSEMBLY_PLATE-1__PICKEDSET2","ROCK","",  -997.193E-03,      -1.23536,      -1.23458,  -997.972E-03,  -13.5986E-03
F:/Desktop/DeepOnet_Abaqus/StaticElasticJob3.odb,Step-1,Increment      1: Step Time =    1.000,"PLATE-1",           662,             1,   385.109E-03,       1.16795,            0.,"ASSEMBLY_PLATE-1__PICKEDSET2","ROCK","",  -956.073E-03,      -1.27727,      -1.27705,  -956.298E-03,   8.50527E-03
F:/Desktop/DeepOnet_Abaqus/StaticElasticJob3.odb,Step-1,Increment      1: Step Time =    1.000,"PLATE-1",           663,             1,   493.714E-03,   897.257E-03,            0.,"ASSEMBLY_PLATE-1__PICKEDSET2","ROCK","",  -913.451E-03,      -1.32539,      -1.31670,  -922.139E-03,   59.1891E-03
F:/Desktop/DeepOnet_Abaqus/StaticElasticJob3.odb,Step-1,Increment      1: Step Time =    1.000,"PLATE-1",           664,             1,   297.568E-03,       1.16971,            0.,"ASSEMBLY_PLATE-1__PICKEDSET2","ROCK","",  -954.791E-03,      -1.27447,      -1.27446,  -954.802E-03,  -1.89679E-03
F:/Desktop/DeepOnet_Abaqus/StaticElasticJob3.odb,Step-1,Increment      1: Step Time =    1.000,"PLATE-1",           665,             1,       1.28698,   257.390E-03,            0.,"ASSEMBLY_PLATE-1__PICKEDSET2","ROCK","",      -1.03671,      -1.19001,      -1.18834,      -1.03838,   15.8997E-03
F:/Desktop/DeepOnet_Abaqus/StaticElasticJob3.odb,Step-1,Increment      1: Step Time =    1.000,"PLATE-1",           666,             1,       1.31439,   859.932E-03,            0.,"ASSEMBLY_PLATE-1__PICKEDSET2","ROCK","",      -1.01048,      -1.23167,      -1.22911,      -1.01304,   23.6725E-03
F:/Desktop/DeepOnet_Abaqus/StaticElasticJob3.odb,Step-1,Increment      1: Step Time =    1.000,"PLATE-1",           667,             1,       1.01089,  -194.009E-03,            0.,"ASSEMBLY_PLATE-1__PICKEDSET2","ROCK","",      -1.02399,      -1.18210,      -1.17225,      -1.03384,  -38.2147E-03
F:/Desktop/DeepOnet_Abaqus/StaticElasticJob3.odb,Step-1,Increment      1: Step Time =    1.000,"PLATE-1",           668,             1,   498.543E-03,       1.04036,            0.,"ASSEMBLY_PLATE-1__PICKEDSET2","ROCK","",  -946.745E-03,      -1.29133,      -1.28693,  -951.149E-03,   38.7064E-03
F:/Desktop/DeepOnet_Abaqus/StaticElasticJob3.odb,Step-1,Increment      1: Step Time =    1.000,"PLATE-1",           669,             1,      -1.27875,      -1.12340,            0.,"ASSEMBLY_PLATE-1__PICKEDSET2","ROCK","",      -1.00133,      -1.23483,      -1.23364,      -1.00252,   16.6500E-03
F:/Desktop/DeepOnet_Abaqus/StaticElasticJob3.odb,Step-1,Increment      1: Step Time =    1.000,"PLATE-1",           670,             1,      -1.08648,  -452.038E-03,            0.,"ASSEMBLY_PLATE-1__PICKEDSET2","ROCK","",      -1.01689,      -1.21321,      -1.20828,      -1.02183,   30.7319E-03
F:/Desktop/DeepOnet_Abaqus/StaticElasticJob3.odb,Step-1,Increment      1: Step Time =    1.000,"PLATE-1",           671,             1,      -1.02778,   912.672E-03,            0.,"ASSEMBLY_PLATE-1__PICKEDSET2","ROCK","",  -997.828E-03,      -1.23403,      -1.23106,      -1.00080,  -26.3342E-03
F:/Desktop/DeepOnet_Abaqus/StaticElasticJob3.odb,Step-1,Increment      1: Step Time =    1.000,"PLATE-1",           672,             1,  -228.250E-03,  -19.0724E-03,            0.,"ASSEMBLY_PLATE-1__PICKEDSET2","ROCK","",  -154.116E-03,      -1.47144,  -159.353E-03,      -1.46620,  -82.8954E-03
F:/Desktop/DeepOnet_Abaqus/StaticElasticJob3.odb,Step-1,Increment      1: Step Time =    1.000,"PLATE-1",           673,             1,  -61.1762E-03,   220.090E-03,            0.,"ASSEMBLY_PLATE-1__PICKEDSET2","ROCK","",  -411.263E-03,      -2.35833,      -2.20256,  -567.031E-03,  -528.231E-03
F:/Desktop/DeepOnet_Abaqus/StaticElasticJob3.odb,Step-1,Increment      1: Step Time =    1.000,"PLATE-1",           674,             1,      -1.26212,       1.37628,            0.,"ASSEMBLY_PLATE-1__PICKEDSET2","ROCK","",  -998.918E-03,      -1.23453,      -1.23368,  -999.771E-03,  -14.1524E-03
F:/Desktop/DeepOnet_Abaqus/StaticElasticJob3.odb,Step-1,Increment      1: Step Time =    1.000,"PLATE-1",           675,             1,  -270.091E-03,  -82.3377E-03,            0.,"ASSEMBLY_PLATE-1__PICKEDSET2","ROCK","",  -507.580E-03,      -1.46533,  -596.583E-03,      -1.37632,   278.067E-03
F:/Desktop/DeepOnet_Abaqus/StaticElasticJob3.odb,Step-1,Increment      1: Step Time =    1.000,"PLATE-1",           676,             1,   272.629E-03,  -19.8321E-03,            0.,"ASSEMBLY_PLATE-1__PICKEDSET2","ROCK","",  -399.512E-03,      -1.42871,  -405.250E-03,      -1.42297,   76.6387E-03
F:/Desktop/DeepOnet_Abaqus/StaticElasticJob3.odb,Step-1,Increment      1: Step Time =    1.000,"PLATE-1",           677,             1,  -189.129E-03,   226.912E-03,            0.,"ASSEMBLY_PLATE-1__PICKEDSET2","ROCK","",  -586.956E-03,      -1.63149,      -1.36352,  -854.926E-03,  -456.174E-03
F:/Desktop/DeepOnet_Abaqus/StaticElasticJob3.odb,Step-1,Increment      1: Step Time =    1.000,"PLATE-1",           678,             1,  -266.864E-03,  -130.341E-03,            0.,"ASSEMBLY_PLATE-1__PICKEDSET2","ROCK","",  -496.222E-03,      -1.77242,  -873.835E-03,      -1.39481,   582.510E-03
F:/Desktop/DeepOnet_Abaqus/StaticElasticJob3.odb,Step-1,Increment      1: Step Time =    1.000,"PLATE-1",           679,             1,   207.546E-03,   255.447E-03,            0.,"ASSEMBLY_PLATE-1__PICKEDSET2","ROCK","",  -694.214E-03,      -1.64468,      -1.41265,  -926.246E-03,   408.289E-03
F:/Desktop/DeepOnet_Abaqus/StaticElasticJob3.odb,Step-1,Increment      1: Step Time =    1.000,"PLATE-1",           680,             1,   182.727E-03,  -361.039E-03,            0.,"ASSEMBLY_PLATE-1__PICKEDSET2","ROCK","",  -814.223E-03,      -1.48820,      -1.40831,  -894.107E-03,  -217.848E-03
F:/Desktop/DeepOnet_Abaqus/StaticElasticJob3.odb,Step-1,Increment      1: Step Time =    1.000,"PLATE-1",           681,             1,   118.480E-03,   279.654E-03,            0.,"ASSEMBLY_PLATE-1__PICKEDSET2","ROCK","",  -747.073E-03,      -1.75077,      -1.66235,  -835.488E-03,   284.472E-03
F:/Desktop/DeepOnet_Abaqus/StaticElasticJob3.odb,Step-1,Increment      1: Step Time =    1.000,"PLATE-1",           682,             1,  -294.007E-03,  -90.9643E-03,            0.,"ASSEMBLY_PLATE-1__PICKEDSET2","ROCK","",  -605.068E-03,      -1.51927,  -721.701E-03,      -1.40264,   304.997E-03
F:/Desktop/DeepOnet_Abaqus/StaticElasticJob3.odb,Step-1,Increment      1: Step Time =    1.000,"PLATE-1",           683,             1,   54.3207E-03,   336.917E-03,            0.,"ASSEMBLY_PLATE-1__PICKEDSET2","ROCK","",  -879.243E-03,      -1.68234,      -1.67149,  -890.086E-03,   92.6870E-03
F:/Desktop/DeepOnet_Abaqus/StaticElasticJob3.odb,Step-1,Increment      1: Step Time =    1.000,"PLATE-1",           684,             1,  -322.832E-03,      -1.29946,            0.,"ASSEMBLY_PLATE-1__PICKEDSET2","ROCK","",  -986.899E-03,      -1.25749,      -1.25699,  -987.396E-03,   11.5863E-03
F:/Desktop/DeepOnet_Abaqus/StaticElasticJob3.odb,Step-1,Increment      1: Step Time =    1.000,"PLATE-1",           685,             1,  -56.2978E-03,  -244.664E-03,            0.,"ASSEMBLY_PLATE-1__PICKEDSET2","ROCK","",  -310.587E-03,      -1.88743,      -1.84808,  -349.939E-03,   245.975E-03
F:/Desktop/DeepOnet_Abaqus/StaticElasticJob3.odb,Step-1,Increment      1: Step Time =    1.000,"PLATE-1",           686,             1,   164.521E-03,  -329.936E-03,            0.,"ASSEMBLY_PLATE-1__PICKEDSET2","ROCK","",  -743.829E-03,      -1.58913,      -1.46830,  -864.651E-03,  -295.860E-03
F:/Desktop/DeepOnet_Abaqus/StaticElasticJob3.odb,Step-1,Increment      1: Step Time =    1.000,"PLATE-1",           687,             1,   291.685E-03,  -205.362E-03,            0.,"ASSEMBLY_PLATE-1__PICKEDSET2","ROCK","",  -806.842E-03,      -1.48083,      -1.19984,      -1.08783,  -332.306E-03
F:/Desktop/DeepOnet_Abaqus/StaticElasticJob3.odb,Step-1,Increment      1: Step Time =    1.000,"PLATE-1",           688,             1,       1.30500,   326.386E-03,            0.,"ASSEMBLY_PLATE-1__PICKEDSET2","ROCK","",      -1.03225,      -1.19665,      -1.19417,      -1.03473,   20.0238E-03
F:/Desktop/DeepOnet_Abaqus/StaticElasticJob3.odb,Step-1,Increment      1: Step Time =    1.000,"PLATE-1",           689,             1,   149.221E-03,   246.293E-03,            0.,"ASSEMBLY_PLATE-1__PICKEDSET2","ROCK","",  -671.925E-03,      -1.77064,      -1.58813,  -854.433E-03,   408.919E-03
F:/Desktop/DeepOnet_Abaqus/StaticElasticJob3.odb,Step-1,Increment      1: Step Time =    1.000,"PLATE-1",           690,             1,   132.671E-03,  -337.088E-03,            0.,"ASSEMBLY_PLATE-1__PICKEDSET2","ROCK","",  -685.064E-03,      -1.60934,      -1.52516,  -769.248E-03,  -265.938E-03
F:/Desktop/DeepOnet_Abaqus/StaticElasticJob3.odb,Step-1,Increment      1: Step Time =    1.000,"PLATE-1",           691,             1,   247.983E-03,   150.877E-03,            0.,"ASSEMBLY_PLATE-1__PICKEDSET2","ROCK","",  -488.845E-03,      -1.56272,  -966.579E-03,      -1.08499,   533.664E-03
F:/Desktop/DeepOnet_Abaqus/StaticElasticJob3.odb,Step-1,Increment      1: Step Time =    1.000,"PLATE-1",           692,             1,  -371.138E-03,   23.3899E-03,            0.,"ASSEMBLY_PLATE-1__PICKEDSET2","ROCK","",  -743.098E-03,      -1.29418,  -751.656E-03,      -1.28562,  -68.1372E-03
F:/Desktop/DeepOnet_Abaqus/StaticElasticJob3.odb,Step-1,Increment      1: Step Time =    1.000,"PLATE-1",           693,             1,  -273.434E-03,   184.613E-03,            0.,"ASSEMBLY_PLATE-1__PICKEDSET2","ROCK","",  -640.002E-03,      -1.44515,      -1.06058,      -1.02457,  -402.171E-03
F:/Desktop/DeepOnet_Abaqus/StaticElasticJob3.odb,Step-1,Increment      1: Step Time =    1.000,"PLATE-1",           694,             1,       1.12026,      -1.18036,            0.,"ASSEMBLY_PLATE-1__PICKEDSET2","ROCK","",  -992.437E-03,      -1.23978,      -1.23825,  -993.966E-03,  -19.3875E-03
F:/Desktop/DeepOnet_Abaqus/StaticElasticJob3.odb,Step-1,Increment      1: Step Time =    1.000,"PLATE-1",           695,             1,  -132.709E-03,   366.976E-03,            0.,"ASSEMBLY_PLATE-1__PICKEDSET2","ROCK","",  -855.463E-03,      -1.52104,      -1.50458,  -871.926E-03,  -103.374E-03
F:/Desktop/DeepOnet_Abaqus/StaticElasticJob3.odb,Step-1,Increment      1: Step Time =    1.000,"PLATE-1",           696,             1,  -445.848E-03,   97.4030E-03,            0.,"ASSEMBLY_PLATE-1__PICKEDSET2","ROCK","",  -879.596E-03,      -1.22532,  -927.430E-03,      -1.17749,  -119.372E-03
F:/Desktop/DeepOnet_Abaqus/StaticElasticJob3.odb,Step-1,Increment      1: Step Time =    1.000,"PLATE-1",           697,             1,  -470.609E-03,  -240.577E-03,            0.,"ASSEMBLY_PLATE-1__PICKEDSET2","ROCK","",  -954.721E-03,      -1.27293,      -1.15423,      -1.07342,   153.887E-03
F:/Desktop/DeepOnet_Abaqus/StaticElasticJob3.odb,Step-1,Increment      1: Step Time =    1.000,"PLATE-1",           698,             1,  -33.0506E-03,   328.527E-03,            0.,"ASSEMBLY_PLATE-1__PICKEDSET2","ROCK","",  -846.648E-03,      -1.69354,      -1.69287,  -847.324E-03,  -23.9194E-03
F:/Desktop/DeepOnet_Abaqus/StaticElasticJob3.odb,Step-1,Increment      1: Step Time =    1.000,"PLATE-1",           699,             1,  -41.9719E-03,   318.495E-03,            0.,"ASSEMBLY_PLATE-1__PICKEDSET2","ROCK","",  -820.308E-03,      -1.74658,      -1.74447,  -822.415E-03,  -44.1297E-03
F:/Desktop/DeepOnet_Abaqus/StaticElasticJob3.odb,Step-1,Increment      1: Step Time =    1.000,"PLATE-1",           700,             1,      -1.04288,       1.02865,            0.,"ASSEMBLY_PLATE-1__PICKEDSET2","ROCK","",  -997.033E-03,      -1.23620,      -1.23400,  -999.234E-03,  -22.8415E-03
F:/Desktop/DeepOnet_Abaqus/StaticElasticJob3.odb,Step-1,Increment      1: Step Time =    1.000,"PLATE-1",           701,             1,   507.198E-03,  -161.418E-03,            0.,"ASSEMBLY_PLATE-1__PICKEDSET2","ROCK","",  -967.662E-03,      -1.19586,      -1.09188,      -1.07165,  -113.652E-03
F:/Desktop/DeepOnet_Abaqus/StaticElasticJob3.odb,Step-1,Increment      1: Step Time =    1.000,"PLATE-1",           702,             1,       1.06057,   421.518E-03,            0.,"ASSEMBLY_PLATE-1__PICKEDSET2","ROCK","",      -1.03378,      -1.20556,      -1.19452,      -1.04481,   42.1170E-03
F:/Desktop/DeepOnet_Abaqus/StaticElasticJob3.odb,Step-1,Increment      1: Step Time =    1.000,"PLATE-1",           703,             1,  -505.051E-03,   147.207E-03,            0.,"ASSEMBLY_PLATE-1__PICKEDSET2","ROCK","",  -948.573E-03,      -1.20662,      -1.03167,      -1.12352,  -120.574E-03
F:/Desktop/DeepOnet_Abaqus/StaticElasticJob3.odb,Step-1,Increment      1: Step Time =    1.000,"PLATE-1",           704,             1,      -1.07412,  -872.549E-03,            0.,"ASSEMBLY_PLATE-1__PICKEDSET2","ROCK","",      -1.00120,      -1.23591,      -1.23311,      -1.00399,   25.4514E-03
F:/Desktop/DeepOnet_Abaqus/StaticElasticJob3.odb,Step-1,Increment      1: Step Time =    1.000,"PLATE-1",           705,             1,  -196.188E-03,  -297.269E-03,            0.,"ASSEMBLY_PLATE-1__PICKEDSET2","ROCK","",  -813.756E-03,      -1.55502,      -1.39929,  -969.495E-03,   301.976E-03
F:/Desktop/DeepOnet_Abaqus/StaticElasticJob3.odb,Step-1,Increment      1: Step Time =    1.000,"PLATE-1",           706,             1,  -560.463E-03,  -171.174E-03,            0.,"ASSEMBLY_PLATE-1__PICKEDSET2","ROCK","",      -1.00680,      -1.19956,      -1.10602,      -1.10035,   96.3382E-03
F:/Desktop/DeepOnet_Abaqus/StaticElasticJob3.odb,Step-1,Increment      1: Step Time =    1.000,"PLATE-1",           707,             1,   305.867E-03,      -1.07781,            0.,"ASSEMBLY_PLATE-1__PICKEDSET2","ROCK","",  -973.464E-03,      -1.27062,      -1.27015,  -973.933E-03,  -11.8010E-03
F:/Desktop/DeepOnet_Abaqus/StaticElasticJob3.odb,Step-1,Increment      1: Step Time =    1.000,"PLATE-1",           708,             1,  -155.423E-03,   424.873E-03,            0.,"ASSEMBLY_PLATE-1__PICKEDSET2","ROCK","",  -906.498E-03,      -1.43377,      -1.42638,  -913.883E-03,  -61.9642E-03
F:/Desktop/DeepOnet_Abaqus/StaticElasticJob3.odb,Step-1,Increment      1: Step Time =    1.000,"PLATE-1",           709,             1,  -90.9412E-03,   468.705E-03,            0.,"ASSEMBLY_PLATE-1__PICKEDSET2","ROCK","",  -939.125E-03,      -1.42162,      -1.42126,  -939.480E-03,  -13.0923E-03
F:/Desktop/DeepOnet_Abaqus/StaticElasticJob3.odb,Step-1,Increment      1: Step Time =    1.000,"PLATE-1",           710,             1,   755.236E-03,      -1.06318,            0.,"ASSEMBLY_PLATE-1__PICKEDSET2","ROCK","",  -983.069E-03,      -1.25198,      -1.24995,  -985.104E-03,  -23.3068E-03
F:/Desktop/DeepOnet_Abaqus/StaticElasticJob3.odb,Step-1,Increment      1: Step Time =    1.000,"PLATE-1",           711,             1,   73.8125E-03,  -519.039E-03,            0.,"ASSEMBLY_PLATE-1__PICKEDSET2","ROCK","",  -854.289E-03,      -1.41642,      -1.41375,  -856.961E-03,  -38.6670E-03
F:/Desktop/DeepOnet_Abaqus/StaticElasticJob3.odb,Step-1,Increment      1: Step Time =    1.000,"PLATE-1",           712,             1,  -470.053E-03,   967.012E-03,            0.,"ASSEMBLY_PLATE-1__PICKEDSET2","ROCK","",  -983.020E-03,      -1.25881,      -1.25666,  -985.173E-03,  -24.2744E-03
F:/Desktop/DeepOnet_Abaqus/StaticElasticJob3.odb,Step-1,Increment      1: Step Time =    1.000,"PLATE-1",           713,             1,  -433.852E-03,   490.357E-03,            0.,"ASSEMBLY_PLATE-1__PICKEDSET2","ROCK","",  -940.358E-03,      -1.29566,      -1.26809,  -967.928E-03,  -95.0554E-03
F:/Desktop/DeepOnet_Abaqus/StaticElasticJob3.odb,Step-1,Increment      1: Step Time =    1.000,"PLATE-1",           714,             1,  -674.106E-03,   131.392E-03,            0.,"ASSEMBLY_PLATE-1__PICKEDSET2","ROCK","",      -1.04475,      -1.14457,      -1.09779,      -1.09153,  -49.8121E-03
F:/Desktop/DeepOnet_Abaqus/StaticElasticJob3.odb,Step-1,Increment      1: Step Time =    1.000,"PLATE-1",           715,             1,   280.394E-03,  -703.198E-03,            0.,"ASSEMBLY_PLATE-1__PICKEDSET2","ROCK","",  -943.639E-03,      -1.30799,      -1.30279,  -948.839E-03,  -43.2153E-03
F:/Desktop/DeepOnet_Abaqus/StaticElasticJob3.odb,Step-1,Increment      1: Step Time =    1.000,"PLATE-1",           716,             1,   358.505E-03,  -675.970E-03,            0.,"ASSEMBLY_PLATE-1__PICKEDSET2","ROCK","",  -949.805E-03,      -1.29778,      -1.29025,  -957.337E-03,  -50.6363E-03
F:/Desktop/DeepOnet_Abaqus/StaticElasticJob3.odb,Step-1,Increment      1: Step Time =    1.000,"PLATE-1",           717,             1,   859.464E-03,  -503.092E-03,            0.,"ASSEMBLY_PLATE-1__PICKEDSET2","ROCK","",  -990.509E-03,      -1.22884,      -1.21610,      -1.00325,  -53.6192E-03
F:/Desktop/DeepOnet_Abaqus/StaticElasticJob3.odb,Step-1,Increment      1: Step Time =    1.000,"PLATE-1",           718,             1,   657.974E-03,  -787.401E-03,            0.,"ASSEMBLY_PLATE-1__PICKEDSET2","ROCK","",  -973.794E-03,      -1.26018,      -1.25425,  -979.722E-03,  -40.7755E-03
F:/Desktop/DeepOnet_Abaqus/StaticElasticJob3.odb,Step-1,Increment      1: Step Time =    1.000,"PLATE-1",           719,             1,      -1.54742,       1.54750,            0.,"ASSEMBLY_PLATE-1__PICKEDSET2","ROCK","",      -1.00039,      -1.23289,      -1.23236,      -1.00092,  -11.1040E-03
F:/Desktop/DeepOnet_Abaqus/StaticElasticJob3.odb,Step-1,Increment      1: Step Time =    1.000,"PLATE-1",           720,             1,      -1.44607,       1.55263,            0.,"ASSEMBLY_PLATE-1__PICKEDSET2","ROCK","",  -999.842E-03,      -1.23376,      -1.23322,      -1.00039,  -11.2703E-03
F:/Desktop/DeepOnet_Abaqus/StaticElasticJob3.odb,Step-1,Increment      1: Step Time =    1.000,"PLATE-1",           721,             1,      -1.34935,       1.55945,            0.,"ASSEMBLY_PLATE-1__PICKEDSET2","ROCK","",  -998.899E-03,      -1.23485,      -1.23427,  -999.486E-03,  -11.7570E-03
F:/Desktop/DeepOnet_Abaqus/StaticElasticJob3.odb,Step-1,Increment      1: Step Time =    1.000,"PLATE-1",           722,             1,      -1.14831,       1.54887,            0.,"ASSEMBLY_PLATE-1__PICKEDSET2","ROCK","",  -997.245E-03,      -1.23707,      -1.23643,  -997.890E-03,  -12.4176E-03
F:/Desktop/DeepOnet_Abaqus/StaticElasticJob3.odb,Step-1,Increment      1: Step Time =    1.000,"PLATE-1",           723,             1,      -1.25061,       1.55239,            0.,"ASSEMBLY_PLATE-1__PICKEDSET2","ROCK","",  -998.184E-03,      -1.23588,      -1.23526,  -998.802E-03,  -12.1072E-03
F:/Desktop/DeepOnet_Abaqus/StaticElasticJob3.odb,Step-1,Increment      1: Step Time =    1.000,"PLATE-1",           724,             1,      -1.54831,       1.44634,            0.,"ASSEMBLY_PLATE-1__PICKEDSET2","ROCK","",      -1.00086,      -1.23240,      -1.23180,      -1.00145,  -11.7057E-03
F:/Desktop/DeepOnet_Abaqus/StaticElasticJob3.odb,Step-1,Increment      1: Step Time =    1.000,"PLATE-1",           725,             1,      -1.36639,       1.42994,            0.,"ASSEMBLY_PLATE-1__PICKEDSET2","ROCK","",  -999.638E-03,      -1.23373,      -1.23300,      -1.00037,  -13.0358E-03
F:/Desktop/DeepOnet_Abaqus/StaticElasticJob3.odb,Step-1,Increment      1: Step Time =    1.000,"PLATE-1",           726,             1,      -1.31167,       1.20481,            0.,"ASSEMBLY_PLATE-1__PICKEDSET2","ROCK","",      -1.00004,      -1.23277,      -1.23164,      -1.00117,  -16.1749E-03
F:/Desktop/DeepOnet_Abaqus/StaticElasticJob3.odb,Step-1,Increment      1: Step Time =    1.000,"PLATE-1",           727,             1,      -1.10649,       1.02853,            0.,"ASSEMBLY_PLATE-1__PICKEDSET2","ROCK","",  -998.448E-03,      -1.23363,      -1.23152,      -1.00056,  -22.1734E-03
F:/Desktop/DeepOnet_Abaqus/StaticElasticJob3.odb,Step-1,Increment      1: Step Time =    1.000,"PLATE-1",           728,             1,      -1.03261,   828.306E-03,            0.,"ASSEMBLY_PLATE-1__PICKEDSET2","ROCK","",      -1.00000,      -1.23035,      -1.22678,      -1.00358,  -28.4856E-03
F:/Desktop/DeepOnet_Abaqus/StaticElasticJob3.odb,Step-1,Increment      1: Step Time =    1.000,"PLATE-1",           729,             1,  -866.283E-03,   748.078E-03,            0.,"ASSEMBLY_PLATE-1__PICKEDSET2","ROCK","",  -995.051E-03,      -1.23498,      -1.22911,      -1.00092,  -37.0755E-03
F:/Desktop/DeepOnet_Abaqus/StaticElasticJob3.odb,Step-1,Increment      1: Step Time =    1.000,"PLATE-1",           730,             1,  -641.644E-03,   522.807E-03,            0.,"ASSEMBLY_PLATE-1__PICKEDSET2","ROCK","",  -978.330E-03,      -1.24617,      -1.22548,  -999.017E-03,  -71.5040E-03
F:/Desktop/DeepOnet_Abaqus/StaticElasticJob3.odb,Step-1,Increment      1: Step Time =    1.000,"PLATE-1",           731,             1,  -177.646E-03,   163.279E-03,            0.,"ASSEMBLY_PLATE-1__PICKEDSET2","ROCK","",  -349.252E-03,      -1.71186,      -1.07849,  -982.623E-03,  -679.617E-03
F:/Desktop/DeepOnet_Abaqus/StaticElasticJob3.odb,Step-1,Increment      1: Step Time =    1.000,"PLATE-1",           732,             1,  -174.159E-03,   102.395E-03,            0.,"ASSEMBLY_PLATE-1__PICKEDSET2","ROCK","",  -150.481E-03,      -1.61333,  -554.382E-03,      -1.20943,  -653.995E-03
F:/Desktop/DeepOnet_Abaqus/StaticElasticJob3.odb,Step-1,Increment      1: Step Time =    1.000,"PLATE-1",           733,             1,  -159.680E-03,   121.699E-03,            0.,"ASSEMBLY_PLATE-1__PICKEDSET2","ROCK","",  -133.292E-03,      -1.69885,  -695.177E-03,      -1.13696,  -750.964E-03
F:/Desktop/DeepOnet_Abaqus/StaticElasticJob3.odb,Step-1,Increment      1: Step Time =    1.000,"PLATE-1",           734,             1,  -133.979E-03,   157.014E-03,            0.,"ASSEMBLY_PLATE-1__PICKEDSET2","ROCK","",  -208.083E-03,      -1.93607,      -1.12929,      -1.01485,  -862.094E-03
F:/Desktop/DeepOnet_Abaqus/StaticElasticJob3.odb,Step-1,Increment      1: Step Time =    1.000,"PLATE-1",           735,             1,  -6.19394E-03,   210.208E-03,            0.,"ASSEMBLY_PLATE-1__PICKEDSET2","ROCK","",  -229.910E-03,      -2.97122,      -2.96720,  -233.931E-03,  -104.911E-03
F:/Desktop/DeepOnet_Abaqus/StaticElasticJob3.odb,Step-1,Increment      1: Step Time =    1.000,"PLATE-1",           736,             1,  -18.1881E-03,   208.112E-03,            0.,"ASSEMBLY_PLATE-1__PICKEDSET2","ROCK","",  -177.636E-03,      -2.96700,      -2.92408,  -220.559E-03,  -343.345E-03
F:/Desktop/DeepOnet_Abaqus/StaticElasticJob3.odb,Step-1,Increment      1: Step Time =    1.000,"PLATE-1",           737,             1,   83.5467E-03,   189.880E-03,            0.,"ASSEMBLY_PLATE-1__PICKEDSET2","ROCK","",  -222.292E-03,      -2.47274,      -1.91568,  -779.353E-03,   971.247E-03
F:/Desktop/DeepOnet_Abaqus/StaticElasticJob3.odb,Step-1,Increment      1: Step Time =    1.000,"PLATE-1",           738,             1,   94.4103E-03,   179.159E-03,            0.,"ASSEMBLY_PLATE-1__PICKEDSET2","ROCK","",  -149.735E-03,      -2.38002,      -1.65642,  -873.330E-03,       1.04414
F:/Desktop/DeepOnet_Abaqus/StaticElasticJob3.odb,Step-1,Increment      1: Step Time =    1.000,"PLATE-1",           739,             1,   153.472E-03,   121.741E-03,            0.,"ASSEMBLY_PLATE-1__PICKEDSET2","ROCK","",  -117.907E-03,      -1.85257,  -740.628E-03,      -1.22985,   832.124E-03
F:/Desktop/DeepOnet_Abaqus/StaticElasticJob3.odb,Step-1,Increment      1: Step Time =    1.000,"PLATE-1",           740,             1,   187.803E-03,   65.2122E-03,            0.,"ASSEMBLY_PLATE-1__PICKEDSET2","ROCK","",  -114.116E-03,      -1.57790,  -341.166E-03,      -1.35085,   529.906E-03
F:/Desktop/DeepOnet_Abaqus/StaticElasticJob3.odb,Step-1,Increment      1: Step Time =    1.000,"PLATE-1",           741,             1,   194.297E-03,   44.3558E-03,            0.,"ASSEMBLY_PLATE-1__PICKEDSET2","ROCK","",  -121.569E-03,      -1.50753,  -269.262E-03,      -1.35983,   427.648E-03
F:/Desktop/DeepOnet_Abaqus/StaticElasticJob3.odb,Step-1,Increment      1: Step Time =    1.000,"PLATE-1",           742,             1,   205.222E-03,  -100.406E-03,            0.,"ASSEMBLY_PLATE-1__PICKEDSET2","ROCK","",  -185.306E-03,      -1.71961,  -274.655E-03,      -1.63027,  -359.312E-03
F:/Desktop/DeepOnet_Abaqus/StaticElasticJob3.odb,Step-1,Increment      1: Step Time =    1.000,"PLATE-1",           743,             1,   201.989E-03,  -121.618E-03,            0.,"ASSEMBLY_PLATE-1__PICKEDSET2","ROCK","",  -235.119E-03,      -1.94929,  -446.151E-03,      -1.73826,  -563.214E-03
F:/Desktop/DeepOnet_Abaqus/StaticElasticJob3.odb,Step-1,Increment      1: Step Time =    1.000,"PLATE-1",           744,             1,   89.6942E-03,  -196.105E-03,            0.,"ASSEMBLY_PLATE-1__PICKEDSET2","ROCK","",  -31.4383E-03,      -2.06870,      -1.94366,  -156.482E-03,  -488.990E-03
F:/Desktop/DeepOnet_Abaqus/StaticElasticJob3.odb,Step-1,Increment      1: Step Time =    1.000,"PLATE-1",           745,             1,   68.3901E-03,  -204.366E-03,            0.,"ASSEMBLY_PLATE-1__PICKEDSET2","ROCK","",  -72.4726E-03,      -2.02947,      -1.95559,  -146.347E-03,  -372.979E-03
F:/Desktop/DeepOnet_Abaqus/StaticElasticJob3.odb,Step-1,Increment      1: Step Time =    1.000,"PLATE-1",           746,             1,   41.1246E-03,  -251.670E-03,            0.,"ASSEMBLY_PLATE-1__PICKEDSET2","ROCK","",  -274.611E-03,      -1.90104,      -1.87896,  -296.684E-03,  -188.186E-03
F:/Desktop/DeepOnet_Abaqus/StaticElasticJob3.odb,Step-1,Increment      1: Step Time =    1.000,"PLATE-1",           747,             1,  -79.3388E-03,  -888.961E-03,            0.,"ASSEMBLY_PLATE-1__PICKEDSET2","ROCK","",  -959.418E-03,      -1.29507,      -1.29447,  -960.024E-03,   14.2467E-03
F:/Desktop/DeepOnet_Abaqus/StaticElasticJob3.odb,Step-1,Increment      1: Step Time =    1.000,"PLATE-1",           748,             1,   35.8382E-03,      -1.10821,            0.,"ASSEMBLY_PLATE-1__PICKEDSET2","ROCK","",  -974.072E-03,      -1.27340,      -1.27338,  -974.090E-03,   2.34102E-03
F:/Desktop/DeepOnet_Abaqus/StaticElasticJob3.odb,Step-1,Increment      1: Step Time =    1.000,"PLATE-1",           749,             1,   43.7326E-03,      -1.46926,            0.,"ASSEMBLY_PLATE-1__PICKEDSET2","ROCK","",  -986.594E-03,      -1.25534,      -1.25533,  -986.607E-03,   1.84573E-03
F:/Desktop/DeepOnet_Abaqus/StaticElasticJob3.odb,Step-1,Increment      1: Step Time =    1.000,"PLATE-1",           750,             1,   47.3445E-03,      -1.55704,            0.,"ASSEMBLY_PLATE-1__PICKEDSET2","ROCK","",  -987.976E-03,      -1.25321,      -1.25320,  -987.986E-03,   1.66152E-03
F:/Desktop/DeepOnet_Abaqus/StaticElasticJob3.odb,Step-1,Increment      1: Step Time =    1.000,"PLATE-1",           751,             1,   144.808E-03,      -1.55725,            0.,"ASSEMBLY_PLATE-1__PICKEDSET2","ROCK","",  -987.913E-03,      -1.25283,      -1.25283,  -987.913E-03,   110.862E-06
F:/Desktop/DeepOnet_Abaqus/StaticElasticJob3.odb,Step-1,Increment      1: Step Time =    1.000,"PLATE-1",           752,             1,   134.693E-03,      -1.47090,            0.,"ASSEMBLY_PLATE-1__PICKEDSET2","ROCK","",  -986.111E-03,      -1.25534,      -1.25534,  -986.112E-03,  -140.471E-06
F:/Desktop/DeepOnet_Abaqus/StaticElasticJob3.odb,Step-1,Increment      1: Step Time =    1.000,"PLATE-1",           753,             1,   126.273E-03,      -1.38434,            0.,"ASSEMBLY_PLATE-1__PICKEDSET2","ROCK","",  -984.168E-03,      -1.25824,      -1.25824,  -984.168E-03,  -189.208E-06
F:/Desktop/DeepOnet_Abaqus/StaticElasticJob3.odb,Step-1,Increment      1: Step Time =    1.000,"PLATE-1",           754,             1,   126.086E-03,      -1.29871,            0.,"ASSEMBLY_PLATE-1__PICKEDSET2","ROCK","",  -981.404E-03,      -1.26209,      -1.26208,  -981.405E-03,  -520.287E-06
F:/Desktop/DeepOnet_Abaqus/StaticElasticJob3.odb,Step-1,Increment      1: Step Time =    1.000,"PLATE-1",           755,             1,   170.424E-03,      -1.13000,            0.,"ASSEMBLY_PLATE-1__PICKEDSET2","ROCK","",  -974.878E-03,      -1.27033,      -1.27028,  -974.937E-03,  -4.15763E-03
F:/Desktop/DeepOnet_Abaqus/StaticElasticJob3.odb,Step-1,Increment      1: Step Time =    1.000,"PLATE-1",           756,             1,   176.871E-03,  -904.719E-03,            0.,"ASSEMBLY_PLATE-1__PICKEDSET2","ROCK","",  -960.074E-03,      -1.28978,      -1.28935,  -960.501E-03,  -11.8491E-03
F:/Desktop/DeepOnet_Abaqus/StaticElasticJob3.odb,Step-1,Increment      1: Step Time =    1.000,"PLATE-1",           757,             1,   106.128E-03,  -881.757E-03,            0.,"ASSEMBLY_PLATE-1__PICKEDSET2","ROCK","",  -956.583E-03,      -1.29580,      -1.29570,  -956.680E-03,  -5.75802E-03
F:/Desktop/DeepOnet_Abaqus/StaticElasticJob3.odb,Step-1,Increment      1: Step Time =    1.000,"PLATE-1",           758,             1,      -1.54985,       1.34827,            0.,"ASSEMBLY_PLATE-1__PICKEDSET2","ROCK","",      -1.00158,      -1.23125,      -1.23057,      -1.00227,  -12.5384E-03
F:/Desktop/DeepOnet_Abaqus/StaticElasticJob3.odb,Step-1,Increment      1: Step Time =    1.000,"PLATE-1",           759,             1,      -1.45436,       1.35463,            0.,"ASSEMBLY_PLATE-1__PICKEDSET2","ROCK","",      -1.00071,      -1.23234,      -1.23159,      -1.00146,  -13.1130E-03
F:/Desktop/DeepOnet_Abaqus/StaticElasticJob3.odb,Step-1,Increment      1: Step Time =    1.000,"PLATE-1",           760,             1,      -1.39799,       1.17620,            0.,"ASSEMBLY_PLATE-1__PICKEDSET2","ROCK","",      -1.00160,      -1.23076,      -1.22971,      -1.00265,  -15.4949E-03
F:/Desktop/DeepOnet_Abaqus/StaticElasticJob3.odb,Step-1,Increment      1: Step Time =    1.000,"PLATE-1",           761,             1,      -1.12788,   881.933E-03,            0.,"ASSEMBLY_PLATE-1__PICKEDSET2","ROCK","",      -1.00154,      -1.22914,      -1.22643,      -1.00425,  -24.6842E-03
F:/Desktop/DeepOnet_Abaqus/StaticElasticJob3.odb,Step-1,Increment      1: Step Time =    1.000,"PLATE-1",           762,             1,  -930.234E-03,   679.214E-03,            0.,"ASSEMBLY_PLATE-1__PICKEDSET2","ROCK","",  -999.647E-03,      -1.22824,      -1.22190,      -1.00599,  -37.5377E-03
F:/Desktop/DeepOnet_Abaqus/StaticElasticJob3.odb,Step-1,Increment      1: Step Time =    1.000,"PLATE-1",           763,             1,  -786.493E-03,   579.447E-03,            0.,"ASSEMBLY_PLATE-1__PICKEDSET2","ROCK","",  -993.802E-03,      -1.23142,      -1.21943,      -1.00579,  -52.0170E-03
F:/Desktop/DeepOnet_Abaqus/StaticElasticJob3.odb,Step-1,Increment      1: Step Time =    1.000,"PLATE-1",           764,             1,  -562.254E-03,   345.897E-03,            0.,"ASSEMBLY_PLATE-1__PICKEDSET2","ROCK","",  -963.743E-03,      -1.23941,      -1.18033,      -1.02283,  -113.123E-03
F:/Desktop/DeepOnet_Abaqus/StaticElasticJob3.odb,Step-1,Increment      1: Step Time =    1.000,"PLATE-1",           765,             1,  -204.056E-03,  -20.2961E-03,            0.,"ASSEMBLY_PLATE-1__PICKEDSET2","ROCK","",  -93.2021E-03,      -1.39912,  -100.473E-03,      -1.39185,  -97.1687E-03
F:/Desktop/DeepOnet_Abaqus/StaticElasticJob3.odb,Step-1,Increment      1: Step Time =    1.000,"PLATE-1",           766,             1,  -200.165E-03,   192.615E-06,            0.,"ASSEMBLY_PLATE-1__PICKEDSET2","ROCK","",  -78.9925E-03,      -1.38474,  -107.105E-03,      -1.35663,  -189.518E-03
F:/Desktop/DeepOnet_Abaqus/StaticElasticJob3.odb,Step-1,Increment      1: Step Time =    1.000,"PLATE-1",           767,             1,  -214.728E-03,   43.3430E-03,            0.,"ASSEMBLY_PLATE-1__PICKEDSET2","ROCK","",  -155.985E-03,      -1.45210,  -262.886E-03,      -1.34520,  -356.551E-03
F:/Desktop/DeepOnet_Abaqus/StaticElasticJob3.odb,Step-1,Increment      1: Step Time =    1.000,"PLATE-1",           768,             1,      -1.54325,       1.24743,            0.,"ASSEMBLY_PLATE-1__PICKEDSET2","ROCK","",      -1.00227,      -1.23027,      -1.22947,      -1.00307,  -13.4303E-03
F:/Desktop/DeepOnet_Abaqus/StaticElasticJob3.odb,Step-1,Increment      1: Step Time =    1.000,"PLATE-1",           769,             1,      -1.54681,       1.14503,            0.,"ASSEMBLY_PLATE-1__PICKEDSET2","ROCK","",      -1.00326,      -1.22890,      -1.22801,      -1.00415,  -14.1598E-03
F:/Desktop/DeepOnet_Abaqus/StaticElasticJob3.odb,Step-1,Increment      1: Step Time =    1.000,"PLATE-1",           770,             1,      -1.55402,       1.04599,            0.,"ASSEMBLY_PLATE-1__PICKEDSET2","ROCK","",      -1.00456,      -1.22710,      -1.22611,      -1.00555,  -14.7865E-03
F:/Desktop/DeepOnet_Abaqus/StaticElasticJob3.odb,Step-1,Increment      1: Step Time =    1.000,"PLATE-1",           771,             1,      -1.54859,   946.341E-03,            0.,"ASSEMBLY_PLATE-1__PICKEDSET2","ROCK","",      -1.00594,      -1.22523,      -1.22417,      -1.00700,  -15.1686E-03
F:/Desktop/DeepOnet_Abaqus/StaticElasticJob3.odb,Step-1,Increment      1: Step Time =    1.000,"PLATE-1",           772,             1,      -1.54829,   844.130E-03,            0.,"ASSEMBLY_PLATE-1__PICKEDSET2","ROCK","",      -1.00767,      -1.22295,      -1.22183,      -1.00879,  -15.4832E-03
F:/Desktop/DeepOnet_Abaqus/StaticElasticJob3.odb,Step-1,Increment      1: Step Time =    1.000,"PLATE-1",           773,             1,      -1.55377,   743.264E-03,            0.,"ASSEMBLY_PLATE-1__PICKEDSET2","ROCK","",      -1.00993,      -1.21994,      -1.21881,      -1.01106,  -15.3693E-03
F:/Desktop/DeepOnet_Abaqus/StaticElasticJob3.odb,Step-1,Increment      1: Step Time =    1.000,"PLATE-1",           774,             1,      -1.46326,   728.936E-03,            0.,"ASSEMBLY_PLATE-1__PICKEDSET2","ROCK","",      -1.00958,      -1.22001,      -1.21859,      -1.01101,  -17.2752E-03
F:/Desktop/DeepOnet_Abaqus/StaticElasticJob3.odb,Step-1,Increment      1: Step Time =    1.000,"PLATE-1",           775,             1,      -1.46392,   540.089E-03,            0.,"ASSEMBLY_PLATE-1__PICKEDSET2","ROCK","",      -1.01476,      -1.21343,      -1.21219,      -1.01600,  -15.6373E-03
F:/Desktop/DeepOnet_Abaqus/StaticElasticJob3.odb,Step-1,Increment      1: Step Time =    1.000,"PLATE-1",           776,             1,      -1.22969,   472.280E-03,            0.,"ASSEMBLY_PLATE-1__PICKEDSET2","ROCK","",      -1.01732,      -1.20802,      -1.20519,      -1.02015,  -23.0397E-03
F:/Desktop/DeepOnet_Abaqus/StaticElasticJob3.odb,Step-1,Increment      1: Step Time =    1.000,"PLATE-1",           777,             1,  -968.177E-03,   156.008E-03,            0.,"ASSEMBLY_PLATE-1__PICKEDSET2","ROCK","",      -1.04641,      -1.16760,      -1.16488,      -1.04913,  -17.9518E-03
F:/Desktop/DeepOnet_Abaqus/StaticElasticJob3.odb,Step-1,Increment      1: Step Time =    1.000,"PLATE-1",           778,             1,  -792.003E-03,   28.6423E-03,            0.,"ASSEMBLY_PLATE-1__PICKEDSET2","ROCK","",      -1.07711,      -1.12661,      -1.12661,      -1.07711,  -373.949E-06
F:/Desktop/DeepOnet_Abaqus/StaticElasticJob3.odb,Step-1,Increment      1: Step Time =    1.000,"PLATE-1",           779,             1,  -514.849E-03,  -261.749E-03,            0.,"ASSEMBLY_PLATE-1__PICKEDSET2","ROCK","",  -973.734E-03,      -1.25793,      -1.16506,      -1.06660,   133.298E-03
F:/Desktop/DeepOnet_Abaqus/StaticElasticJob3.odb,Step-1,Increment      1: Step Time =    1.000,"PLATE-1",           780,             1,  -437.673E-03,  -453.816E-03,            0.,"ASSEMBLY_PLATE-1__PICKEDSET2","ROCK","",  -963.888E-03,      -1.30101,      -1.26387,      -1.00103,   105.549E-03
F:/Desktop/DeepOnet_Abaqus/StaticElasticJob3.odb,Step-1,Increment      1: Step Time =    1.000,"PLATE-1",           781,             1,  -847.652E-03,   206.443E-03,            0.,"ASSEMBLY_PLATE-1__PICKEDSET2","ROCK","",      -1.04337,      -1.16512,      -1.15358,      -1.05490,  -35.6566E-03
F:/Desktop/DeepOnet_Abaqus/StaticElasticJob3.odb,Step-1,Increment      1: Step Time =    1.000,"PLATE-1",           782,             1,  -958.063E-03,   374.604E-03,            0.,"ASSEMBLY_PLATE-1__PICKEDSET2","ROCK","",      -1.02181,      -1.19669,      -1.18829,      -1.03021,  -37.3884E-03
F:/Desktop/DeepOnet_Abaqus/StaticElasticJob3.odb,Step-1,Increment      1: Step Time =    1.000,"PLATE-1",           783,             1,      -1.07912,   560.449E-03,            0.,"ASSEMBLY_PLATE-1__PICKEDSET2","ROCK","",      -1.01105,      -1.21408,      -1.20899,      -1.01614,  -31.7396E-03
F:/Desktop/DeepOnet_Abaqus/StaticElasticJob3.odb,Step-1,Increment      1: Step Time =    1.000,"PLATE-1",           784,             1,      -1.32527,   574.221E-03,            0.,"ASSEMBLY_PLATE-1__PICKEDSET2","ROCK","",      -1.01378,      -1.21362,      -1.21157,      -1.01583,  -20.1307E-03
F:/Desktop/DeepOnet_Abaqus/StaticElasticJob3.odb,Step-1,Increment      1: Step Time =    1.000,"PLATE-1",           785,             1,      -1.36656,   787.674E-03,            0.,"ASSEMBLY_PLATE-1__PICKEDSET2","ROCK","",      -1.00755,      -1.22214,      -1.22032,      -1.00937,  -19.6801E-03
F:/Desktop/DeepOnet_Abaqus/StaticElasticJob3.odb,Step-1,Increment      1: Step Time =    1.000,"PLATE-1",           786,             1,      -1.46023,   634.890E-03,            0.,"ASSEMBLY_PLATE-1__PICKEDSET2","ROCK","",      -1.01232,      -1.21638,      -1.21497,      -1.01374,  -16.9459E-03
F:/Desktop/DeepOnet_Abaqus/StaticElasticJob3.odb,Step-1,Increment      1: Step Time =    1.000,"PLATE-1",           787,             1,      -1.55454,   644.636E-03,            0.,"ASSEMBLY_PLATE-1__PICKEDSET2","ROCK","",      -1.01201,      -1.21739,      -1.21634,      -1.01306,  -14.6595E-03
F:/Desktop/DeepOnet_Abaqus/StaticElasticJob3.odb,Step-1,Increment      1: Step Time =    1.000,"PLATE-1",           788,             1,      -1.55577,   547.000E-03,            0.,"ASSEMBLY_PLATE-1__PICKEDSET2","ROCK","",      -1.01419,      -1.21463,      -1.21371,      -1.01511,  -13.5768E-03
F:/Desktop/DeepOnet_Abaqus/StaticElasticJob3.odb,Step-1,Increment      1: Step Time =    1.000,"PLATE-1",           789,             1,      -1.35152,   419.328E-03,            0.,"ASSEMBLY_PLATE-1__PICKEDSET2","ROCK","",      -1.01976,      -1.20628,      -1.20478,      -1.02127,  -16.6850E-03
F:/Desktop/DeepOnet_Abaqus/StaticElasticJob3.odb,Step-1,Increment      1: Step Time =    1.000,"PLATE-1",           790,             1,      -1.24058,   381.667E-03,            0.,"ASSEMBLY_PLATE-1__PICKEDSET2","ROCK","",      -1.02239,      -1.20187,      -1.19970,      -1.02456,  -19.6127E-03
F:/Desktop/DeepOnet_Abaqus/StaticElasticJob3.odb,Step-1,Increment      1: Step Time =    1.000,"PLATE-1",           791,             1,  -912.817E-03,   73.7470E-03,            0.,"ASSEMBLY_PLATE-1__PICKEDSET2","ROCK","",      -1.05761,      -1.15394,      -1.15336,      -1.05819,  -7.45412E-03
F:/Desktop/DeepOnet_Abaqus/StaticElasticJob3.odb,Step-1,Increment      1: Step Time =    1.000,"PLATE-1",           792,             1,  -835.091E-03,  -86.2587E-03,            0.,"ASSEMBLY_PLATE-1__PICKEDSET2","ROCK","",      -1.05792,      -1.15369,      -1.14654,      -1.06507,   25.1804E-03
F:/Desktop/DeepOnet_Abaqus/StaticElasticJob3.odb,Step-1,Increment      1: Step Time =    1.000,"PLATE-1",           793,             1,  -651.252E-03,  -217.514E-03,            0.,"ASSEMBLY_PLATE-1__PICKEDSET2","ROCK","",      -1.01935,      -1.19518,      -1.14620,      -1.06833,   78.8163E-03
F:/Desktop/DeepOnet_Abaqus/StaticElasticJob3.odb,Step-1,Increment      1: Step Time =    1.000,"PLATE-1",           794,             1,  -398.823E-03,  -530.906E-03,            0.,"ASSEMBLY_PLATE-1__PICKEDSET2","ROCK","",  -962.092E-03,      -1.30381,      -1.27839,  -987.513E-03,   89.6690E-03
F:/Desktop/DeepOnet_Abaqus/StaticElasticJob3.odb,Step-1,Increment      1: Step Time =    1.000,"PLATE-1",           795,             1,  -98.5307E-03,  -838.426E-03,            0.,"ASSEMBLY_PLATE-1__PICKEDSET2","ROCK","",  -955.073E-03,      -1.30156,      -1.30058,  -956.053E-03,   18.4039E-03
F:/Desktop/DeepOnet_Abaqus/StaticElasticJob3.odb,Step-1,Increment      1: Step Time =    1.000,"PLATE-1",           796,             1,      -1.55758,   448.511E-03,            0.,"ASSEMBLY_PLATE-1__PICKEDSET2","ROCK","",      -1.01658,      -1.21178,      -1.21105,      -1.01731,  -11.9393E-03
F:/Desktop/DeepOnet_Abaqus/StaticElasticJob3.odb,Step-1,Increment      1: Step Time =    1.000,"PLATE-1",           797,             1,      -1.55629,   349.720E-03,            0.,"ASSEMBLY_PLATE-1__PICKEDSET2","ROCK","",      -1.01879,      -1.20923,      -1.20877,      -1.01924,  -9.29803E-03
F:/Desktop/DeepOnet_Abaqus/StaticElasticJob3.odb,Step-1,Increment      1: Step Time =    1.000,"PLATE-1",           798,             1,      -1.55642,   153.536E-03,            0.,"ASSEMBLY_PLATE-1__PICKEDSET2","ROCK","",      -1.02207,      -1.20561,      -1.20555,      -1.02213,  -3.18075E-03
F:/Desktop/DeepOnet_Abaqus/StaticElasticJob3.odb,Step-1,Increment      1: Step Time =    1.000,"PLATE-1",           799,             1,      -1.55703,   55.5988E-03,            0.,"ASSEMBLY_PLATE-1__PICKEDSET2","ROCK","",      -1.02266,      -1.20506,      -1.20506,      -1.02266,  -83.1210E-06
F:/Desktop/DeepOnet_Abaqus/StaticElasticJob3.odb,Step-1,Increment      1: Step Time =    1.000,"PLATE-1",           800,             1,      -1.47076,   67.3816E-03,            0.,"ASSEMBLY_PLATE-1__PICKEDSET2","ROCK","",      -1.02482,      -1.20199,      -1.20199,      -1.02482,  -557.511E-06
F:/Desktop/DeepOnet_Abaqus/StaticElasticJob3.odb,Step-1,Increment      1: Step Time =    1.000,"PLATE-1",           801,             1,      -1.37270,  -73.8280E-03,            0.,"ASSEMBLY_PLATE-1__PICKEDSET2","ROCK","",      -1.02738,      -1.19885,      -1.19861,      -1.02762,   6.37736E-03
F:/Desktop/DeepOnet_Abaqus/StaticElasticJob3.odb,Step-1,Increment      1: Step Time =    1.000,"PLATE-1",           802,             1,      -1.24994,  -244.128E-03,            0.,"ASSEMBLY_PLATE-1__PICKEDSET2","ROCK","",      -1.02617,      -1.20051,      -1.19877,      -1.02791,   17.2846E-03
F:/Desktop/DeepOnet_Abaqus/StaticElasticJob3.odb,Step-1,Increment      1: Step Time =    1.000,"PLATE-1",           803,             1,      -1.08645,  -404.622E-03,            0.,"ASSEMBLY_PLATE-1__PICKEDSET2","ROCK","",      -1.01930,      -1.20975,      -1.20467,      -1.02438,   30.7045E-03
F:/Desktop/DeepOnet_Abaqus/StaticElasticJob3.odb,Step-1,Increment      1: Step Time =    1.000,"PLATE-1",           804,             1,  -932.136E-03,  -543.469E-03,            0.,"ASSEMBLY_PLATE-1__PICKEDSET2","ROCK","",      -1.00793,      -1.22608,      -1.21838,      -1.01564,   40.2780E-03
F:/Desktop/DeepOnet_Abaqus/StaticElasticJob3.odb,Step-1,Increment      1: Step Time =    1.000,"PLATE-1",           805,             1,  -799.840E-03,  -734.201E-03,            0.,"ASSEMBLY_PLATE-1__PICKEDSET2","ROCK","",  -996.463E-03,      -1.24406,      -1.23790,      -1.00262,   38.5629E-03
F:/Desktop/DeepOnet_Abaqus/StaticElasticJob3.odb,Step-1,Increment      1: Step Time =    1.000,"PLATE-1",           806,             1,  -643.901E-03,  -828.618E-03,            0.,"ASSEMBLY_PLATE-1__PICKEDSET2","ROCK","",  -989.193E-03,      -1.25625,      -1.25082,  -994.620E-03,   37.6818E-03
F:/Desktop/DeepOnet_Abaqus/StaticElasticJob3.odb,Step-1,Increment      1: Step Time =    1.000,"PLATE-1",           807,             1,  -522.706E-03,  -906.234E-03,            0.,"ASSEMBLY_PLATE-1__PICKEDSET2","ROCK","",  -984.132E-03,      -1.26399,      -1.26019,  -987.926E-03,   32.3647E-03
F:/Desktop/DeepOnet_Abaqus/StaticElasticJob3.odb,Step-1,Increment      1: Step Time =    1.000,"PLATE-1",           808,             1,  -378.154E-03,      -1.07573,            0.,"ASSEMBLY_PLATE-1__PICKEDSET2","ROCK","",  -982.653E-03,      -1.26478,      -1.26329,  -984.140E-03,   20.4297E-03
F:/Desktop/DeepOnet_Abaqus/StaticElasticJob3.odb,Step-1,Increment      1: Step Time =    1.000,"PLATE-1",           809,             1,  -328.742E-03,      -1.24194,            0.,"ASSEMBLY_PLATE-1__PICKEDSET2","ROCK","",  -985.747E-03,      -1.25906,      -1.25844,  -986.371E-03,   13.0526E-03
F:/Desktop/DeepOnet_Abaqus/StaticElasticJob3.odb,Step-1,Increment      1: Step Time =    1.000,"PLATE-1",           810,             1,  -37.6503E-03,      -1.27823,            0.,"ASSEMBLY_PLATE-1__PICKEDSET2","ROCK","",  -981.890E-03,      -1.26284,      -1.26275,  -981.971E-03,   4.75798E-03
F:/Desktop/DeepOnet_Abaqus/StaticElasticJob3.odb,Step-1,Increment      1: Step Time =    1.000,"PLATE-1",           811,             1,  -110.358E-03,      -1.17591,            0.,"ASSEMBLY_PLATE-1__PICKEDSET2","ROCK","",  -979.413E-03,      -1.26724,      -1.26698,  -979.671E-03,   8.60955E-03
F:/Desktop/DeepOnet_Abaqus/StaticElasticJob3.odb,Step-1,Increment      1: Step Time =    1.000,"PLATE-1",           812,             1,  -322.434E-03,  -913.629E-03,            0.,"ASSEMBLY_PLATE-1__PICKEDSET2","ROCK","",  -974.134E-03,      -1.27828,      -1.27551,  -976.904E-03,   28.8948E-03
F:/Desktop/DeepOnet_Abaqus/StaticElasticJob3.odb,Step-1,Increment      1: Step Time =    1.000,"PLATE-1",           813,             1,  -457.046E-03,  -772.483E-03,            0.,"ASSEMBLY_PLATE-1__PICKEDSET2","ROCK","",  -977.208E-03,      -1.27602,      -1.26904,  -984.184E-03,   45.1195E-03
F:/Desktop/DeepOnet_Abaqus/StaticElasticJob3.odb,Step-1,Increment      1: Step Time =    1.000,"PLATE-1",           814,             1,  -536.704E-03,  -735.761E-03,            0.,"ASSEMBLY_PLATE-1__PICKEDSET2","ROCK","",  -982.660E-03,      -1.26750,      -1.25935,  -990.817E-03,   47.5084E-03
F:/Desktop/DeepOnet_Abaqus/StaticElasticJob3.odb,Step-1,Increment      1: Step Time =    1.000,"PLATE-1",           815,             1,  -671.265E-03,  -624.365E-03,            0.,"ASSEMBLY_PLATE-1__PICKEDSET2","ROCK","",  -991.832E-03,      -1.25214,      -1.24075,      -1.00322,   53.2473E-03
F:/Desktop/DeepOnet_Abaqus/StaticElasticJob3.odb,Step-1,Increment      1: Step Time =    1.000,"PLATE-1",           816,             1,  -787.932E-03,  -451.926E-03,            0.,"ASSEMBLY_PLATE-1__PICKEDSET2","ROCK","",      -1.00692,      -1.22695,      -1.21225,      -1.02162,   54.9440E-03
F:/Desktop/DeepOnet_Abaqus/StaticElasticJob3.odb,Step-1,Increment      1: Step Time =    1.000,"PLATE-1",           817,             1,      -1.03337,  -216.675E-03,            0.,"ASSEMBLY_PLATE-1__PICKEDSET2","ROCK","",      -1.03400,      -1.18903,      -1.18463,      -1.03840,   25.7477E-03
F:/Desktop/DeepOnet_Abaqus/StaticElasticJob3.odb,Step-1,Increment      1: Step Time =    1.000,"PLATE-1",           818,             1,      -1.14430,  -128.669E-03,            0.,"ASSEMBLY_PLATE-1__PICKEDSET2","ROCK","",      -1.03542,      -1.18758,      -1.18636,      -1.03664,   13.5582E-03
F:/Desktop/DeepOnet_Abaqus/StaticElasticJob3.odb,Step-1,Increment      1: Step Time =    1.000,"PLATE-1",           819,             1,      -1.25431,   4.57023E-03,            0.,"ASSEMBLY_PLATE-1__PICKEDSET2","ROCK","",      -1.03260,      -1.19121,      -1.19117,      -1.03265,   2.79656E-03
F:/Desktop/DeepOnet_Abaqus/StaticElasticJob3.odb,Step-1,Increment      1: Step Time =    1.000,"PLATE-1",           820,             1,      -1.38567,   75.7303E-03,            0.,"ASSEMBLY_PLATE-1__PICKEDSET2","ROCK","",      -1.02742,      -1.19824,      -1.19823,      -1.02743,  -1.36733E-03
F:/Desktop/DeepOnet_Abaqus/StaticElasticJob3.odb,Step-1,Increment      1: Step Time =    1.000,"PLATE-1",           821,             1,      -1.38652,  -3.41260E-03,            0.,"ASSEMBLY_PLATE-1__PICKEDSET2","ROCK","",      -1.02749,      -1.19847,      -1.19842,      -1.02754,   2.86092E-03
F:/Desktop/DeepOnet_Abaqus/StaticElasticJob3.odb,Step-1,Increment      1: Step Time =    1.000,"PLATE-1",           822,             1,      -1.55484,  -42.5772E-03,            0.,"ASSEMBLY_PLATE-1__PICKEDSET2","ROCK","",      -1.02236,      -1.20572,      -1.20566,      -1.02242,   3.25532E-03
F:/Desktop/DeepOnet_Abaqus/StaticElasticJob3.odb,Step-1,Increment      1: Step Time =    1.000,"PLATE-1",           823,             1,      -1.44916,  -113.216E-03,            0.,"ASSEMBLY_PLATE-1__PICKEDSET2","ROCK","",      -1.02420,      -1.20326,      -1.20298,      -1.02448,   7.11378E-03
F:/Desktop/DeepOnet_Abaqus/StaticElasticJob3.odb,Step-1,Increment      1: Step Time =    1.000,"PLATE-1",           824,             1,      -1.35316,  -288.850E-03,            0.,"ASSEMBLY_PLATE-1__PICKEDSET2","ROCK","",      -1.02236,      -1.20584,      -1.20451,      -1.02369,   15.5472E-03
F:/Desktop/DeepOnet_Abaqus/StaticElasticJob3.odb,Step-1,Increment      1: Step Time =    1.000,"PLATE-1",           825,             1,      -1.30360,  -439.396E-03,            0.,"ASSEMBLY_PLATE-1__PICKEDSET2","ROCK","",      -1.01742,      -1.21269,      -1.21052,      -1.01959,   20.4655E-03
F:/Desktop/DeepOnet_Abaqus/StaticElasticJob3.odb,Step-1,Increment      1: Step Time =    1.000,"PLATE-1",           826,             1,      -1.11927,  -498.020E-03,            0.,"ASSEMBLY_PLATE-1__PICKEDSET2","ROCK","",      -1.01451,      -1.21648,      -1.21202,      -1.01897,   29.6830E-03
F:/Desktop/DeepOnet_Abaqus/StaticElasticJob3.odb,Step-1,Increment      1: Step Time =    1.000,"PLATE-1",           827,             1,      -1.01138,  -600.491E-03,            0.,"ASSEMBLY_PLATE-1__PICKEDSET2","ROCK","",      -1.00762,      -1.22660,      -1.22109,      -1.01312,   34.2858E-03
F:/Desktop/DeepOnet_Abaqus/StaticElasticJob3.odb,Step-1,Increment      1: Step Time =    1.000,"PLATE-1",           828,             1,  -808.025E-03,  -879.848E-03,            0.,"ASSEMBLY_PLATE-1__PICKEDSET2","ROCK","",  -994.726E-03,      -1.24667,      -1.24277,  -998.620E-03,   31.0815E-03
F:/Desktop/DeepOnet_Abaqus/StaticElasticJob3.odb,Step-1,Increment      1: Step Time =    1.000,"PLATE-1",           829,             1,  -671.763E-03,  -905.788E-03,            0.,"ASSEMBLY_PLATE-1__PICKEDSET2","ROCK","",  -990.374E-03,      -1.25396,      -1.25010,  -994.234E-03,   31.6658E-03
F:/Desktop/DeepOnet_Abaqus/StaticElasticJob3.odb,Step-1,Increment      1: Step Time =    1.000,"PLATE-1",           830,             1,  -441.436E-03,      -1.28811,            0.,"ASSEMBLY_PLATE-1__PICKEDSET2","ROCK","",  -988.532E-03,      -1.25520,      -1.25443,  -989.297E-03,   14.2582E-03
F:/Desktop/DeepOnet_Abaqus/StaticElasticJob3.odb,Step-1,Increment      1: Step Time =    1.000,"PLATE-1",           831,             1,  -277.406E-03,      -1.32377,            0.,"ASSEMBLY_PLATE-1__PICKEDSET2","ROCK","",  -986.514E-03,      -1.25752,      -1.25712,  -986.910E-03,   10.3593E-03
F:/Desktop/DeepOnet_Abaqus/StaticElasticJob3.odb,Step-1,Increment      1: Step Time =    1.000,"PLATE-1",           832,             1,  -48.3231E-03,      -1.46406,            0.,"ASSEMBLY_PLATE-1__PICKEDSET2","ROCK","",  -986.984E-03,      -1.25530,      -1.25525,  -987.038E-03,   3.81270E-03
F:/Desktop/DeepOnet_Abaqus/StaticElasticJob3.odb,Step-1,Increment      1: Step Time =    1.000,"PLATE-1",           833,             1,  -140.832E-03,      -1.45526,            0.,"ASSEMBLY_PLATE-1__PICKEDSET2","ROCK","",  -987.657E-03,      -1.25488,      -1.25477,  -987.774E-03,   5.59192E-03
F:/Desktop/DeepOnet_Abaqus/StaticElasticJob3.odb,Step-1,Increment      1: Step Time =    1.000,"PLATE-1",           834,             1,      -1.54463,  -248.014E-03,            0.,"ASSEMBLY_PLATE-1__PICKEDSET2","ROCK","",      -1.01988,      -1.20932,      -1.20879,      -1.02041,   9.99476E-03
F:/Desktop/DeepOnet_Abaqus/StaticElasticJob3.odb,Step-1,Increment      1: Step Time =    1.000,"PLATE-1",           835,             1,      -1.55208,  -350.256E-03,            0.,"ASSEMBLY_PLATE-1__PICKEDSET2","ROCK","",      -1.01755,      -1.21262,      -1.21184,      -1.01833,   12.3301E-03
F:/Desktop/DeepOnet_Abaqus/StaticElasticJob3.odb,Step-1,Increment      1: Step Time =    1.000,"PLATE-1",           836,             1,      -1.55447,  -546.887E-03,            0.,"ASSEMBLY_PLATE-1__PICKEDSET2","ROCK","",      -1.01300,      -1.21891,      -1.21780,      -1.01411,   15.0717E-03
F:/Desktop/DeepOnet_Abaqus/StaticElasticJob3.odb,Step-1,Increment      1: Step Time =    1.000,"PLATE-1",           837,             1,      -1.55204,  -644.140E-03,            0.,"ASSEMBLY_PLATE-1__PICKEDSET2","ROCK","",      -1.01072,      -1.22158,      -1.22039,      -1.01191,   15.7597E-03
F:/Desktop/DeepOnet_Abaqus/StaticElasticJob3.odb,Step-1,Increment      1: Step Time =    1.000,"PLATE-1",           838,             1,      -1.45773,  -628.993E-03,            0.,"ASSEMBLY_PLATE-1__PICKEDSET2","ROCK","",      -1.01129,      -1.22120,      -1.21971,      -1.01278,   17.6378E-03
F:/Desktop/DeepOnet_Abaqus/StaticElasticJob3.odb,Step-1,Increment      1: Step Time =    1.000,"PLATE-1",           839,             1,      -1.39309,  -771.286E-03,            0.,"ASSEMBLY_PLATE-1__PICKEDSET2","ROCK","",      -1.00749,      -1.22617,      -1.22450,      -1.00916,   19.0308E-03
F:/Desktop/DeepOnet_Abaqus/StaticElasticJob3.odb,Step-1,Increment      1: Step Time =    1.000,"PLATE-1",           840,             1,      -1.21795,  -963.672E-03,            0.,"ASSEMBLY_PLATE-1__PICKEDSET2","ROCK","",      -1.00257,      -1.23359,      -1.23175,      -1.00442,   20.5516E-03
F:/Desktop/DeepOnet_Abaqus/StaticElasticJob3.odb,Step-1,Increment      1: Step Time =    1.000,"PLATE-1",           841,             1,      -1.15849,      -1.13043,            0.,"ASSEMBLY_PLATE-1__PICKEDSET2","ROCK","",  -999.979E-03,      -1.23728,      -1.23591,      -1.00135,   18.0052E-03
F:/Desktop/DeepOnet_Abaqus/StaticElasticJob3.odb,Step-1,Increment      1: Step Time =    1.000,"PLATE-1",           842,             1,  -994.776E-03,      -1.20365,            0.,"ASSEMBLY_PLATE-1__PICKEDSET2","ROCK","",  -997.348E-03,      -1.24149,      -1.24020,  -998.640E-03,   17.7120E-03
F:/Desktop/DeepOnet_Abaqus/StaticElasticJob3.odb,Step-1,Increment      1: Step Time =    1.000,"PLATE-1",           843,             1,  -744.920E-03,      -1.37463,            0.,"ASSEMBLY_PLATE-1__PICKEDSET2","ROCK","",  -994.216E-03,      -1.24636,      -1.24555,  -995.022E-03,   14.2288E-03
F:/Desktop/DeepOnet_Abaqus/StaticElasticJob3.odb,Step-1,Increment      1: Step Time =    1.000,"PLATE-1",           844,             1,  -655.994E-03,      -1.46622,            0.,"ASSEMBLY_PLATE-1__PICKEDSET2","ROCK","",  -993.683E-03,      -1.24703,      -1.24646,  -994.255E-03,   12.0318E-03
F:/Desktop/DeepOnet_Abaqus/StaticElasticJob3.odb,Step-1,Increment      1: Step Time =    1.000,"PLATE-1",           845,             1,  -554.650E-03,      -1.55511,            0.,"ASSEMBLY_PLATE-1__PICKEDSET2","ROCK","",  -993.394E-03,      -1.24725,      -1.24687,  -993.782E-03,   9.92125E-03
F:/Desktop/DeepOnet_Abaqus/StaticElasticJob3.odb,Step-1,Increment      1: Step Time =    1.000,"PLATE-1",           846,             1,  -456.806E-03,      -1.55208,            0.,"ASSEMBLY_PLATE-1__PICKEDSET2","ROCK","",  -992.358E-03,      -1.24867,      -1.24835,  -992.679E-03,   9.06988E-03
F:/Desktop/DeepOnet_Abaqus/StaticElasticJob3.odb,Step-1,Increment      1: Step Time =    1.000,"PLATE-1",           847,             1,  -355.729E-03,      -1.54372,            0.,"ASSEMBLY_PLATE-1__PICKEDSET2","ROCK","",  -991.112E-03,      -1.25039,      -1.25014,  -991.361E-03,   8.03545E-03
F:/Desktop/DeepOnet_Abaqus/StaticElasticJob3.odb,Step-1,Increment      1: Step Time =    1.000,"PLATE-1",           848,             1,  -148.916E-03,      -1.55131,            0.,"ASSEMBLY_PLATE-1__PICKEDSET2","ROCK","",  -989.476E-03,      -1.25208,      -1.25198,  -989.573E-03,   5.04508E-03
F:/Desktop/DeepOnet_Abaqus/StaticElasticJob3.odb,Step-1,Increment      1: Step Time =    1.000,"PLATE-1",           849,             1,      -1.54318,  -743.924E-03,            0.,"ASSEMBLY_PLATE-1__PICKEDSET2","ROCK","",      -1.00896,      -1.22435,      -1.22314,      -1.01017,   16.0985E-03
F:/Desktop/DeepOnet_Abaqus/StaticElasticJob3.odb,Step-1,Increment      1: Step Time =    1.000,"PLATE-1",           850,             1,      -1.53927,  -846.755E-03,            0.,"ASSEMBLY_PLATE-1__PICKEDSET2","ROCK","",      -1.00685,      -1.22692,      -1.22574,      -1.00803,   16.0392E-03
F:/Desktop/DeepOnet_Abaqus/StaticElasticJob3.odb,Step-1,Increment      1: Step Time =    1.000,"PLATE-1",           851,             1,      -1.12371,      -1.20593,            0.,"ASSEMBLY_PLATE-1__PICKEDSET2","ROCK","",  -998.985E-03,      -1.23873,      -1.23757,      -1.00015,   16.6437E-03
F:/Desktop/DeepOnet_Abaqus/StaticElasticJob3.odb,Step-1,Increment      1: Step Time =    1.000,"PLATE-1",           852,             1,  -749.139E-03,      -1.46266,            0.,"ASSEMBLY_PLATE-1__PICKEDSET2","ROCK","",  -994.702E-03,      -1.24543,      -1.24481,  -995.324E-03,   12.4749E-03
F:/Desktop/DeepOnet_Abaqus/StaticElasticJob3.odb,Step-1,Increment      1: Step Time =    1.000,"PLATE-1",           853,             1,  -652.339E-03,      -1.55563,            0.,"ASSEMBLY_PLATE-1__PICKEDSET2","ROCK","",  -994.233E-03,      -1.24597,      -1.24552,  -994.680E-03,   10.5943E-03
F:/Desktop/DeepOnet_Abaqus/StaticElasticJob3.odb,Step-1,Increment      1: Step Time =    1.000,"PLATE-1",           854,             1,      -1.54175,  -947.960E-03,            0.,"ASSEMBLY_PLATE-1__PICKEDSET2","ROCK","",      -1.00563,      -1.22885,      -1.22777,      -1.00670,   15.4394E-03
F:/Desktop/DeepOnet_Abaqus/StaticElasticJob3.odb,Step-1,Increment      1: Step Time =    1.000,"PLATE-1",           855,             1,      -1.53614,      -1.04966,            0.,"ASSEMBLY_PLATE-1__PICKEDSET2","ROCK","",      -1.00411,      -1.23060,      -1.22966,      -1.00506,   14.5968E-03
F:/Desktop/DeepOnet_Abaqus/StaticElasticJob3.odb,Step-1,Increment      1: Step Time =    1.000,"PLATE-1",           856,             1,      -1.54278,      -1.15151,            0.,"ASSEMBLY_PLATE-1__PICKEDSET2","ROCK","",      -1.00330,      -1.23194,      -1.23111,      -1.00412,   13.7436E-03
F:/Desktop/DeepOnet_Abaqus/StaticElasticJob3.odb,Step-1,Increment      1: Step Time =    1.000,"PLATE-1",           857,             1,      -1.55489,      -1.24937,            0.,"ASSEMBLY_PLATE-1__PICKEDSET2","ROCK","",      -1.00259,      -1.23266,      -1.23198,      -1.00327,   12.4986E-03
F:/Desktop/DeepOnet_Abaqus/StaticElasticJob3.odb,Step-1,Increment      1: Step Time =    1.000,"PLATE-1",           858,             1,      -1.55340,      -1.34595,            0.,"ASSEMBLY_PLATE-1__PICKEDSET2","ROCK","",      -1.00197,      -1.23353,      -1.23293,      -1.00258,   11.8556E-03
F:/Desktop/DeepOnet_Abaqus/StaticElasticJob3.odb,Step-1,Increment      1: Step Time =    1.000,"PLATE-1",           859,             1,      -1.46197,      -1.33140,            0.,"ASSEMBLY_PLATE-1__PICKEDSET2","ROCK","",      -1.00151,      -1.23428,      -1.23361,      -1.00218,   12.4160E-03
F:/Desktop/DeepOnet_Abaqus/StaticElasticJob3.odb,Step-1,Increment      1: Step Time =    1.000,"PLATE-1",           860,             1,      -1.40299,      -1.48045,            0.,"ASSEMBLY_PLATE-1__PICKEDSET2","ROCK","",      -1.00056,      -1.23562,      -1.23508,      -1.00110,   11.2574E-03
F:/Desktop/DeepOnet_Abaqus/StaticElasticJob3.odb,Step-1,Increment      1: Step Time =    1.000,"PLATE-1",           861,             1,      -1.34563,      -1.56628,            0.,"ASSEMBLY_PLATE-1__PICKEDSET2","ROCK","",  -999.836E-03,      -1.23663,      -1.23616,      -1.00031,   10.5604E-03
F:/Desktop/DeepOnet_Abaqus/StaticElasticJob3.odb,Step-1,Increment      1: Step Time =    1.000,"PLATE-1",           862,             1,      -1.25111,      -1.56592,            0.,"ASSEMBLY_PLATE-1__PICKEDSET2","ROCK","",  -999.336E-03,      -1.23753,      -1.23704,  -999.826E-03,   10.7940E-03
F:/Desktop/DeepOnet_Abaqus/StaticElasticJob3.odb,Step-1,Increment      1: Step Time =    1.000,"PLATE-1",           863,             1,      -1.15738,      -1.55710,            0.,"ASSEMBLY_PLATE-1__PICKEDSET2","ROCK","",  -998.628E-03,      -1.23868,      -1.23816,  -999.150E-03,   11.1771E-03
F:/Desktop/DeepOnet_Abaqus/StaticElasticJob3.odb,Step-1,Increment      1: Step Time =    1.000,"PLATE-1",           864,             1,      -1.05944,      -1.54159,            0.,"ASSEMBLY_PLATE-1__PICKEDSET2","ROCK","",  -997.765E-03,      -1.24022,      -1.23967,  -998.310E-03,   11.4826E-03
F:/Desktop/DeepOnet_Abaqus/StaticElasticJob3.odb,Step-1,Increment      1: Step Time =    1.000,"PLATE-1",           865,             1,  -849.758E-03,      -1.55001,            0.,"ASSEMBLY_PLATE-1__PICKEDSET2","ROCK","",  -995.941E-03,      -1.24322,      -1.24271,  -996.449E-03,   11.1942E-03
F:/Desktop/DeepOnet_Abaqus/StaticElasticJob3.odb,Step-1,Increment      1: Step Time =    1.000,"PLATE-1",           866,             1,      -1.54583,      -1.44470,            0.,"ASSEMBLY_PLATE-1__PICKEDSET2","ROCK","",      -1.00145,      -1.23414,      -1.23363,      -1.00197,   10.9076E-03
F:/Desktop/DeepOnet_Abaqus/StaticElasticJob3.odb,Step-1,Increment      1: Step Time =    1.000,"PLATE-1",           867,             1,      -1.54534,      -1.54773,            0.,"ASSEMBLY_PLATE-1__PICKEDSET2","ROCK","",      -1.00113,      -1.23455,      -1.23410,      -1.00157,   10.2047E-03
F:/Desktop/DeepOnet_Abaqus/StaticElasticJob3.odb,Step-1,Increment      1: Step Time =    1.000,"PLATE-1",           868,             1,      -1.44160,      -1.55482,            0.,"ASSEMBLY_PLATE-1__PICKEDSET2","ROCK","",      -1.00052,      -1.23547,      -1.23501,      -1.00098,   10.3643E-03
F:/Desktop/DeepOnet_Abaqus/StaticElasticJob3.odb,Step-1,Increment      1: Step Time =    1.000,"PLATE-1",           869,             1,   242.542E-03,      -1.55455,            0.,"ASSEMBLY_PLATE-1__PICKEDSET2","ROCK","",  -987.583E-03,      -1.25256,      -1.25254,  -987.595E-03,  -1.79662E-03
F:/Desktop/DeepOnet_Abaqus/StaticElasticJob3.odb,Step-1,Increment      1: Step Time =    1.000,"PLATE-1",           870,             1,   342.893E-03,      -1.54523,            0.,"ASSEMBLY_PLATE-1__PICKEDSET2","ROCK","",  -987.578E-03,      -1.25190,      -1.25184,  -987.632E-03,  -3.80046E-03
F:/Desktop/DeepOnet_Abaqus/StaticElasticJob3.odb,Step-1,Increment      1: Step Time =    1.000,"PLATE-1",           871,             1,   549.196E-03,      -1.55094,            0.,"ASSEMBLY_PLATE-1__PICKEDSET2","ROCK","",  -988.211E-03,      -1.24965,      -1.24944,  -988.419E-03,  -7.36225E-03
F:/Desktop/DeepOnet_Abaqus/StaticElasticJob3.odb,Step-1,Increment      1: Step Time =    1.000,"PLATE-1",           872,             1,   648.898E-03,      -1.55257,            0.,"ASSEMBLY_PLATE-1__PICKEDSET2","ROCK","",  -988.917E-03,      -1.24810,      -1.24781,  -989.207E-03,  -8.66060E-03
F:/Desktop/DeepOnet_Abaqus/StaticElasticJob3.odb,Step-1,Increment      1: Step Time =    1.000,"PLATE-1",           873,             1,   646.352E-03,      -1.46025,            0.,"ASSEMBLY_PLATE-1__PICKEDSET2","ROCK","",  -987.449E-03,      -1.24978,      -1.24939,  -987.838E-03,  -10.0885E-03
F:/Desktop/DeepOnet_Abaqus/StaticElasticJob3.odb,Step-1,Increment      1: Step Time =    1.000,"PLATE-1",           874,             1,   639.752E-03,      -1.37953,            0.,"ASSEMBLY_PLATE-1__PICKEDSET2","ROCK","",  -986.446E-03,      -1.25085,      -1.25036,  -986.934E-03,  -11.3446E-03
F:/Desktop/DeepOnet_Abaqus/StaticElasticJob3.odb,Step-1,Increment      1: Step Time =    1.000,"PLATE-1",           875,             1,   720.134E-03,      -1.22797,            0.,"ASSEMBLY_PLATE-1__PICKEDSET2","ROCK","",  -984.831E-03,      -1.25148,      -1.25044,  -985.873E-03,  -16.6386E-03
F:/Desktop/DeepOnet_Abaqus/StaticElasticJob3.odb,Step-1,Increment      1: Step Time =    1.000,"PLATE-1",           876,             1,   655.798E-03,      -1.11487,            0.,"ASSEMBLY_PLATE-1__PICKEDSET2","ROCK","",  -981.146E-03,      -1.25575,      -1.25422,  -982.679E-03,  -20.4613E-03
F:/Desktop/DeepOnet_Abaqus/StaticElasticJob3.odb,Step-1,Increment      1: Step Time =    1.000,"PLATE-1",           877,             1,   768.875E-03,  -976.957E-03,            0.,"ASSEMBLY_PLATE-1__PICKEDSET2","ROCK","",  -982.243E-03,      -1.25168,      -1.24882,  -985.108E-03,  -27.6352E-03
F:/Desktop/DeepOnet_Abaqus/StaticElasticJob3.odb,Step-1,Increment      1: Step Time =    1.000,"PLATE-1",           878,             1,   712.129E-03,  -833.907E-03,            0.,"ASSEMBLY_PLATE-1__PICKEDSET2","ROCK","",  -978.920E-03,      -1.25377,      -1.24883,  -983.855E-03,  -36.4959E-03
F:/Desktop/DeepOnet_Abaqus/StaticElasticJob3.odb,Step-1,Increment      1: Step Time =    1.000,"PLATE-1",           879,             1,   727.476E-03,  -654.957E-03,            0.,"ASSEMBLY_PLATE-1__PICKEDSET2","ROCK","",  -977.980E-03,      -1.25023,      -1.24061,  -987.604E-03,  -50.2747E-03
F:/Desktop/DeepOnet_Abaqus/StaticElasticJob3.odb,Step-1,Increment      1: Step Time =    1.000,"PLATE-1",           880,             1,   639.666E-03,  -490.753E-03,            0.,"ASSEMBLY_PLATE-1__PICKEDSET2","ROCK","",  -970.545E-03,      -1.25255,      -1.23175,  -991.344E-03,  -73.7084E-03
F:/Desktop/DeepOnet_Abaqus/StaticElasticJob3.odb,Step-1,Increment      1: Step Time =    1.000,"PLATE-1",           881,             1,   674.001E-03,  -229.317E-03,            0.,"ASSEMBLY_PLATE-1__PICKEDSET2","ROCK","",  -991.263E-03,      -1.19799,      -1.15518,      -1.03407,  -83.7644E-03
F:/Desktop/DeepOnet_Abaqus/StaticElasticJob3.odb,Step-1,Increment      1: Step Time =    1.000,"PLATE-1",           882,             1,   752.532E-03,   11.8302E-03,            0.,"ASSEMBLY_PLATE-1__PICKEDSET2","ROCK","",      -1.03742,      -1.13142,      -1.11344,      -1.05540,  -36.9745E-03
F:/Desktop/DeepOnet_Abaqus/StaticElasticJob3.odb,Step-1,Increment      1: Step Time =    1.000,"PLATE-1",           883,             1,   876.223E-03,   261.477E-03,            0.,"ASSEMBLY_PLATE-1__PICKEDSET2","ROCK","",      -1.06312,      -1.13385,      -1.12698,      -1.07000,   20.9548E-03
F:/Desktop/DeepOnet_Abaqus/StaticElasticJob3.odb,Step-1,Increment      1: Step Time =    1.000,"PLATE-1",           884,             1,   920.675E-03,   461.505E-03,            0.,"ASSEMBLY_PLATE-1__PICKEDSET2","ROCK","",      -1.02909,      -1.21725,      -1.19246,      -1.05387,   63.6294E-03
F:/Desktop/DeepOnet_Abaqus/StaticElasticJob3.odb,Step-1,Increment      1: Step Time =    1.000,"PLATE-1",           885,             1,   994.427E-03,   586.142E-03,            0.,"ASSEMBLY_PLATE-1__PICKEDSET2","ROCK","",      -1.02231,      -1.22993,      -1.21919,      -1.03305,   45.9827E-03
F:/Desktop/DeepOnet_Abaqus/StaticElasticJob3.odb,Step-1,Increment      1: Step Time =    1.000,"PLATE-1",           886,             1,   968.097E-03,   740.241E-03,            0.,"ASSEMBLY_PLATE-1__PICKEDSET2","ROCK","",      -1.01752,      -1.24259,      -1.23487,      -1.02524,   40.9558E-03
F:/Desktop/DeepOnet_Abaqus/StaticElasticJob3.odb,Step-1,Increment      1: Step Time =    1.000,"PLATE-1",           887,             1,   971.206E-03,   926.258E-03,            0.,"ASSEMBLY_PLATE-1__PICKEDSET2","ROCK","",      -1.00563,      -1.24432,      -1.23927,      -1.01068,   34.3423E-03
F:/Desktop/DeepOnet_Abaqus/StaticElasticJob3.odb,Step-1,Increment      1: Step Time =    1.000,"PLATE-1",           888,             1,   971.303E-03,   994.347E-03,            0.,"ASSEMBLY_PLATE-1__PICKEDSET2","ROCK","",      -1.00236,      -1.24400,      -1.23979,      -1.00657,   31.5932E-03
F:/Desktop/DeepOnet_Abaqus/StaticElasticJob3.odb,Step-1,Increment      1: Step Time =    1.000,"PLATE-1",           889,             1,   953.117E-03,       1.16090,            0.,"ASSEMBLY_PLATE-1__PICKEDSET2","ROCK","",  -997.772E-03,      -1.24623,      -1.24314,      -1.00087,   27.5496E-03
F:/Desktop/DeepOnet_Abaqus/StaticElasticJob3.odb,Step-1,Increment      1: Step Time =    1.000,"PLATE-1",           890,             1,   992.571E-03,       1.40510,            0.,"ASSEMBLY_PLATE-1__PICKEDSET2","ROCK","",  -996.180E-03,      -1.24404,      -1.24256,  -997.655E-03,   19.0633E-03
F:/Desktop/DeepOnet_Abaqus/StaticElasticJob3.odb,Step-1,Increment      1: Step Time =    1.000,"PLATE-1",           891,             1,       1.05157,       1.54912,            0.,"ASSEMBLY_PLATE-1__PICKEDSET2","ROCK","",  -996.888E-03,      -1.24222,      -1.24124,  -997.865E-03,   15.4503E-03
F:/Desktop/DeepOnet_Abaqus/StaticElasticJob3.odb,Step-1,Increment      1: Step Time =    1.000,"PLATE-1",           892,             1,   948.342E-03,       1.54963,            0.,"ASSEMBLY_PLATE-1__PICKEDSET2","ROCK","",  -994.530E-03,      -1.24448,      -1.24343,  -995.580E-03,   16.1683E-03
F:/Desktop/DeepOnet_Abaqus/StaticElasticJob3.odb,Step-1,Increment      1: Step Time =    1.000,"PLATE-1",           893,             1,   848.181E-03,       1.55589,            0.,"ASSEMBLY_PLATE-1__PICKEDSET2","ROCK","",  -991.939E-03,      -1.24692,      -1.24594,  -992.918E-03,   15.7710E-03
F:/Desktop/DeepOnet_Abaqus/StaticElasticJob3.odb,Step-1,Increment      1: Step Time =    1.000,"PLATE-1",           894,             1,   651.650E-03,       1.55060,            0.,"ASSEMBLY_PLATE-1__PICKEDSET2","ROCK","",  -986.502E-03,      -1.25167,      -1.25095,  -987.222E-03,   13.8072E-03
F:/Desktop/DeepOnet_Abaqus/StaticElasticJob3.odb,Step-1,Increment      1: Step Time =    1.000,"PLATE-1",           895,             1,   551.910E-03,       1.55080,            0.,"ASSEMBLY_PLATE-1__PICKEDSET2","ROCK","",  -983.652E-03,      -1.25408,      -1.25354,  -984.192E-03,   12.0739E-03
F:/Desktop/DeepOnet_Abaqus/StaticElasticJob3.odb,Step-1,Increment      1: Step Time =    1.000,"PLATE-1",           896,             1,   452.394E-03,       1.55042,            0.,"ASSEMBLY_PLATE-1__PICKEDSET2","ROCK","",  -981.785E-03,      -1.25566,      -1.25539,  -982.055E-03,   8.60246E-03
F:/Desktop/DeepOnet_Abaqus/StaticElasticJob3.odb,Step-1,Increment      1: Step Time =    1.000,"PLATE-1",           897,             1,   353.064E-03,       1.55005,            0.,"ASSEMBLY_PLATE-1__PICKEDSET2","ROCK","",  -980.625E-03,      -1.25655,      -1.25644,  -980.739E-03,   5.59232E-03
F:/Desktop/DeepOnet_Abaqus/StaticElasticJob3.odb,Step-1,Increment      1: Step Time =    1.000,"PLATE-1",           898,             1,   253.917E-03,       1.55087,            0.,"ASSEMBLY_PLATE-1__PICKEDSET2","ROCK","",  -980.582E-03,      -1.25665,      -1.25664,  -980.595E-03,   1.90542E-03
F:/Desktop/DeepOnet_Abaqus/StaticElasticJob3.odb,Step-1,Increment      1: Step Time =    1.000,"PLATE-1",           899,             1,   373.232E-03,       1.34828,            0.,"ASSEMBLY_PLATE-1__PICKEDSET2","ROCK","",  -970.602E-03,      -1.26543,      -1.26523,  -970.795E-03,   7.53796E-03
F:/Desktop/DeepOnet_Abaqus/StaticElasticJob3.odb,Step-1,Increment      1: Step Time =    1.000,"PLATE-1",           900,             1,   268.610E-03,       1.20932,            0.,"ASSEMBLY_PLATE-1__PICKEDSET2","ROCK","",  -960.944E-03,      -1.27500,      -1.27499,  -960.946E-03,   863.234E-06
F:/Desktop/DeepOnet_Abaqus/StaticElasticJob3.odb,Step-1,Increment      1: Step Time =    1.000,"PLATE-1",           901,             1,   280.580E-03,       1.12870,            0.,"ASSEMBLY_PLATE-1__PICKEDSET2","ROCK","",  -952.669E-03,      -1.28198,      -1.28198,  -952.672E-03,   988.691E-06
F:/Desktop/DeepOnet_Abaqus/StaticElasticJob3.odb,Step-1,Increment      1: Step Time =    1.000,"PLATE-1",           902,             1,   286.110E-03,   984.396E-03,            0.,"ASSEMBLY_PLATE-1__PICKEDSET2","ROCK","",  -923.831E-03,      -1.29632,      -1.29592,  -924.230E-03,  -12.1992E-03
F:/Desktop/DeepOnet_Abaqus/StaticElasticJob3.odb,Step-1,Increment      1: Step Time =    1.000,"PLATE-1",           903,             1,   246.667E-03,   847.295E-03,            0.,"ASSEMBLY_PLATE-1__PICKEDSET2","ROCK","",  -914.341E-03,      -1.30137,      -1.29662,  -919.097E-03,  -42.6425E-03
F:/Desktop/DeepOnet_Abaqus/StaticElasticJob3.odb,Step-1,Increment      1: Step Time =    1.000,"PLATE-1",           904,             1,   312.364E-03,   630.930E-03,            0.,"ASSEMBLY_PLATE-1__PICKEDSET2","ROCK","",  -736.579E-03,      -1.35792,      -1.28411,  -810.390E-03,  -201.032E-03
F:/Desktop/DeepOnet_Abaqus/StaticElasticJob3.odb,Step-1,Increment      1: Step Time =    1.000,"PLATE-1",           905,             1,   747.894E-03,      -1.55060,            0.,"ASSEMBLY_PLATE-1__PICKEDSET2","ROCK","",  -989.551E-03,      -1.24673,      -1.24636,  -989.926E-03,  -9.81476E-03
F:/Desktop/DeepOnet_Abaqus/StaticElasticJob3.odb,Step-1,Increment      1: Step Time =    1.000,"PLATE-1",           906,             1,   846.784E-03,      -1.54983,            0.,"ASSEMBLY_PLATE-1__PICKEDSET2","ROCK","",  -990.431E-03,      -1.24526,      -1.24483,  -990.857E-03,  -10.4206E-03
F:/Desktop/DeepOnet_Abaqus/StaticElasticJob3.odb,Step-1,Increment      1: Step Time =    1.000,"PLATE-1",           907,             1,   841.658E-03,      -1.44505,            0.,"ASSEMBLY_PLATE-1__PICKEDSET2","ROCK","",  -989.368E-03,      -1.24610,      -1.24548,  -989.985E-03,  -12.5721E-03
F:/Desktop/DeepOnet_Abaqus/StaticElasticJob3.odb,Step-1,Increment      1: Step Time =    1.000,"PLATE-1",           908,             1,   885.060E-03,      -1.25550,            0.,"ASSEMBLY_PLATE-1__PICKEDSET2","ROCK","",  -987.978E-03,      -1.24649,      -1.24529,  -989.180E-03,  -17.5836E-03
F:/Desktop/DeepOnet_Abaqus/StaticElasticJob3.odb,Step-1,Increment      1: Step Time =    1.000,"PLATE-1",           909,             1,   955.907E-03,      -1.12539,            0.,"ASSEMBLY_PLATE-1__PICKEDSET2","ROCK","",  -988.711E-03,      -1.24421,      -1.24239,  -990.529E-03,  -21.4749E-03
F:/Desktop/DeepOnet_Abaqus/StaticElasticJob3.odb,Step-1,Increment      1: Step Time =    1.000,"PLATE-1",           910,             1,   867.655E-03,  -989.309E-03,            0.,"ASSEMBLY_PLATE-1__PICKEDSET2","ROCK","",  -985.453E-03,      -1.24707,      -1.24426,  -988.268E-03,  -26.9945E-03
F:/Desktop/DeepOnet_Abaqus/StaticElasticJob3.odb,Step-1,Increment      1: Step Time =    1.000,"PLATE-1",           911,             1,   884.828E-03,  -792.447E-03,            0.,"ASSEMBLY_PLATE-1__PICKEDSET2","ROCK","",  -985.786E-03,      -1.24306,      -1.23763,  -991.218E-03,  -36.9857E-03
F:/Desktop/DeepOnet_Abaqus/StaticElasticJob3.odb,Step-1,Increment      1: Step Time =    1.000,"PLATE-1",           912,             1,   902.270E-03,  -655.918E-03,            0.,"ASSEMBLY_PLATE-1__PICKEDSET2","ROCK","",  -988.322E-03,      -1.23667,      -1.22884,  -996.150E-03,  -43.3911E-03
F:/Desktop/DeepOnet_Abaqus/StaticElasticJob3.odb,Step-1,Increment      1: Step Time =    1.000,"PLATE-1",           913,             1,   843.642E-03,  -455.374E-03,            0.,"ASSEMBLY_PLATE-1__PICKEDSET2","ROCK","",  -990.392E-03,      -1.22571,      -1.21047,      -1.00564,  -57.9238E-03
F:/Desktop/DeepOnet_Abaqus/StaticElasticJob3.odb,Step-1,Increment      1: Step Time =    1.000,"PLATE-1",           914,             1,   849.622E-03,  -343.392E-03,            0.,"ASSEMBLY_PLATE-1__PICKEDSET2","ROCK","",  -998.114E-03,      -1.21094,      -1.19199,      -1.01706,  -60.6126E-03
F:/Desktop/DeepOnet_Abaqus/StaticElasticJob3.odb,Step-1,Increment      1: Step Time =    1.000,"PLATE-1",           915,             1,   765.070E-03,  -248.378E-03,            0.,"ASSEMBLY_PLATE-1__PICKEDSET2","ROCK","",      -1.00052,      -1.19645,      -1.16750,      -1.02948,  -69.5363E-03
F:/Desktop/DeepOnet_Abaqus/StaticElasticJob3.odb,Step-1,Increment      1: Step Time =    1.000,"PLATE-1",           916,             1,   904.903E-03,  -144.054E-03,            0.,"ASSEMBLY_PLATE-1__PICKEDSET2","ROCK","",      -1.02582,      -1.17084,      -1.15598,      -1.04068,  -43.9821E-03
F:/Desktop/DeepOnet_Abaqus/StaticElasticJob3.odb,Step-1,Increment      1: Step Time =    1.000,"PLATE-1",           917,             1,   968.483E-03,   13.5669E-03,            0.,"ASSEMBLY_PLATE-1__PICKEDSET2","ROCK","",      -1.04877,      -1.14997,      -1.14602,      -1.05273,  -19.6176E-03
F:/Desktop/DeepOnet_Abaqus/StaticElasticJob3.odb,Step-1,Increment      1: Step Time =    1.000,"PLATE-1",           918,             1,   989.158E-03,   161.304E-03,            0.,"ASSEMBLY_PLATE-1__PICKEDSET2","ROCK","",      -1.06043,      -1.14563,      -1.14543,      -1.06064,   4.17219E-03
F:/Desktop/DeepOnet_Abaqus/StaticElasticJob3.odb,Step-1,Increment      1: Step Time =    1.000,"PLATE-1",           919,             1,   943.779E-03,   291.578E-03,            0.,"ASSEMBLY_PLATE-1__PICKEDSET2","ROCK","",      -1.05914,      -1.15656,      -1.14776,      -1.06794,   27.9224E-03
F:/Desktop/DeepOnet_Abaqus/StaticElasticJob3.odb,Step-1,Increment      1: Step Time =    1.000,"PLATE-1",           920,             1,       1.02662,   458.588E-03,            0.,"ASSEMBLY_PLATE-1__PICKEDSET2","ROCK","",      -1.02898,      -1.20977,      -1.19628,      -1.04247,   47.5128E-03
F:/Desktop/DeepOnet_Abaqus/StaticElasticJob3.odb,Step-1,Increment      1: Step Time =    1.000,"PLATE-1",           921,             1,       1.07912,   605.148E-03,            0.,"ASSEMBLY_PLATE-1__PICKEDSET2","ROCK","",      -1.02046,      -1.22681,      -1.21917,      -1.02811,   38.9719E-03
F:/Desktop/DeepOnet_Abaqus/StaticElasticJob3.odb,Step-1,Increment      1: Step Time =    1.000,"PLATE-1",           922,             1,       1.12213,   814.475E-03,            0.,"ASSEMBLY_PLATE-1__PICKEDSET2","ROCK","",      -1.00914,      -1.23646,      -1.23205,      -1.01355,   31.3402E-03
F:/Desktop/DeepOnet_Abaqus/StaticElasticJob3.odb,Step-1,Increment      1: Step Time =    1.000,"PLATE-1",           923,             1,       1.08853,   987.884E-03,            0.,"ASSEMBLY_PLATE-1__PICKEDSET2","ROCK","",      -1.00534,      -1.24036,      -1.23695,      -1.00875,   28.0811E-03
F:/Desktop/DeepOnet_Abaqus/StaticElasticJob3.odb,Step-1,Increment      1: Step Time =    1.000,"PLATE-1",           924,             1,       1.16767,       1.30290,            0.,"ASSEMBLY_PLATE-1__PICKEDSET2","ROCK","",      -1.00065,      -1.23989,      -1.23840,      -1.00215,   18.8657E-03
F:/Desktop/DeepOnet_Abaqus/StaticElasticJob3.odb,Step-1,Increment      1: Step Time =    1.000,"PLATE-1",           925,             1,       1.07442,       1.45491,            0.,"ASSEMBLY_PLATE-1__PICKEDSET2","ROCK","",  -997.298E-03,      -1.24220,      -1.24099,  -998.508E-03,   17.1737E-03
F:/Desktop/DeepOnet_Abaqus/StaticElasticJob3.odb,Step-1,Increment      1: Step Time =    1.000,"PLATE-1",           926,             1,       1.15251,       1.55944,            0.,"ASSEMBLY_PLATE-1__PICKEDSET2","ROCK","",  -998.359E-03,      -1.24037,      -1.23946,  -999.269E-03,   14.8088E-03
F:/Desktop/DeepOnet_Abaqus/StaticElasticJob3.odb,Step-1,Increment      1: Step Time =    1.000,"PLATE-1",           927,             1,   946.722E-03,      -1.55167,            0.,"ASSEMBLY_PLATE-1__PICKEDSET2","ROCK","",  -991.488E-03,      -1.24344,      -1.24294,  -991.993E-03,  -11.2627E-03
F:/Desktop/DeepOnet_Abaqus/StaticElasticJob3.odb,Step-1,Increment      1: Step Time =    1.000,"PLATE-1",           928,             1,       1.04927,      -1.55152,            0.,"ASSEMBLY_PLATE-1__PICKEDSET2","ROCK","",  -992.554E-03,      -1.24186,      -1.24129,  -993.121E-03,  -11.8669E-03
F:/Desktop/DeepOnet_Abaqus/StaticElasticJob3.odb,Step-1,Increment      1: Step Time =    1.000,"PLATE-1",           929,             1,       1.15043,      -1.55571,            0.,"ASSEMBLY_PLATE-1__PICKEDSET2","ROCK","",  -993.693E-03,      -1.24012,      -1.23952,  -994.293E-03,  -12.1449E-03
F:/Desktop/DeepOnet_Abaqus/StaticElasticJob3.odb,Step-1,Increment      1: Step Time =    1.000,"PLATE-1",           930,             1,       1.24753,      -1.56129,            0.,"ASSEMBLY_PLATE-1__PICKEDSET2","ROCK","",  -994.841E-03,      -1.23884,      -1.23826,  -995.424E-03,  -11.9093E-03
F:/Desktop/DeepOnet_Abaqus/StaticElasticJob3.odb,Step-1,Increment      1: Step Time =    1.000,"PLATE-1",           931,             1,       1.34420,      -1.56021,            0.,"ASSEMBLY_PLATE-1__PICKEDSET2","ROCK","",  -995.663E-03,      -1.23752,      -1.23690,  -996.279E-03,  -12.1882E-03
F:/Desktop/DeepOnet_Abaqus/StaticElasticJob3.odb,Step-1,Increment      1: Step Time =    1.000,"PLATE-1",           932,             1,       1.33131,      -1.48435,            0.,"ASSEMBLY_PLATE-1__PICKEDSET2","ROCK","",  -995.649E-03,      -1.23748,      -1.23677,  -996.354E-03,  -13.0426E-03
F:/Desktop/DeepOnet_Abaqus/StaticElasticJob3.odb,Step-1,Increment      1: Step Time =    1.000,"PLATE-1",           933,             1,       1.44447,      -1.24865,            0.,"ASSEMBLY_PLATE-1__PICKEDSET2","ROCK","",  -997.841E-03,      -1.23387,      -1.23277,  -998.940E-03,  -16.0673E-03
F:/Desktop/DeepOnet_Abaqus/StaticElasticJob3.odb,Step-1,Increment      1: Step Time =    1.000,"PLATE-1",           934,             1,       1.32066,      -1.10301,            0.,"ASSEMBLY_PLATE-1__PICKEDSET2","ROCK","",  -996.669E-03,      -1.23419,      -1.23253,  -998.325E-03,  -19.7612E-03
F:/Desktop/DeepOnet_Abaqus/StaticElasticJob3.odb,Step-1,Increment      1: Step Time =    1.000,"PLATE-1",           935,             1,       1.37683,  -919.886E-03,            0.,"ASSEMBLY_PLATE-1__PICKEDSET2","ROCK","",  -999.831E-03,      -1.22937,      -1.22726,      -1.00194,  -21.9057E-03
F:/Desktop/DeepOnet_Abaqus/StaticElasticJob3.odb,Step-1,Increment      1: Step Time =    1.000,"PLATE-1",           936,             1,       1.35636,  -808.666E-03,            0.,"ASSEMBLY_PLATE-1__PICKEDSET2","ROCK","",      -1.00174,      -1.22603,      -1.22341,      -1.00436,  -24.1027E-03
F:/Desktop/DeepOnet_Abaqus/StaticElasticJob3.odb,Step-1,Increment      1: Step Time =    1.000,"PLATE-1",           937,             1,       1.46136,  -634.365E-03,            0.,"ASSEMBLY_PLATE-1__PICKEDSET2","ROCK","",      -1.00816,      -1.21847,      -1.21614,      -1.01049,  -21.9996E-03
F:/Desktop/DeepOnet_Abaqus/StaticElasticJob3.odb,Step-1,Increment      1: Step Time =    1.000,"PLATE-1",           938,             1,       1.38703,  -433.022E-03,            0.,"ASSEMBLY_PLATE-1__PICKEDSET2","ROCK","",      -1.01469,      -1.20868,      -1.20591,      -1.01746,  -23.0101E-03
F:/Desktop/DeepOnet_Abaqus/StaticElasticJob3.odb,Step-1,Increment      1: Step Time =    1.000,"PLATE-1",           939,             1,       1.39440,  -342.050E-03,            0.,"ASSEMBLY_PLATE-1__PICKEDSET2","ROCK","",      -1.01908,      -1.20352,      -1.20120,      -1.02139,  -20.5220E-03
F:/Desktop/DeepOnet_Abaqus/StaticElasticJob3.odb,Step-1,Increment      1: Step Time =    1.000,"PLATE-1",           940,             1,       1.39847,  -250.840E-03,            0.,"ASSEMBLY_PLATE-1__PICKEDSET2","ROCK","",      -1.02336,      -1.19860,      -1.19689,      -1.02508,  -17.2639E-03
F:/Desktop/DeepOnet_Abaqus/StaticElasticJob3.odb,Step-1,Increment      1: Step Time =    1.000,"PLATE-1",           941,             1,       1.48249,  -62.9359E-03,            0.,"ASSEMBLY_PLATE-1__PICKEDSET2","ROCK","",      -1.02835,      -1.19570,      -1.19550,      -1.02854,  -5.72592E-03
F:/Desktop/DeepOnet_Abaqus/StaticElasticJob3.odb,Step-1,Increment      1: Step Time =    1.000,"PLATE-1",           942,             1,       1.56066,   43.3665E-03,            0.,"ASSEMBLY_PLATE-1__PICKEDSET2","ROCK","",      -1.02727,      -1.19911,      -1.19911,      -1.02727,   454.816E-06
F:/Desktop/DeepOnet_Abaqus/StaticElasticJob3.odb,Step-1,Increment      1: Step Time =    1.000,"PLATE-1",           943,             1,       1.55890,   140.851E-03,            0.,"ASSEMBLY_PLATE-1__PICKEDSET2","ROCK","",      -1.02702,      -1.20045,      -1.20029,      -1.02718,   5.14330E-03
F:/Desktop/DeepOnet_Abaqus/StaticElasticJob3.odb,Step-1,Increment      1: Step Time =    1.000,"PLATE-1",           944,             1,       1.47696,   121.388E-03,            0.,"ASSEMBLY_PLATE-1__PICKEDSET2","ROCK","",      -1.03018,      -1.19579,      -1.19567,      -1.03031,   4.50099E-03
F:/Desktop/DeepOnet_Abaqus/StaticElasticJob3.odb,Step-1,Increment      1: Step Time =    1.000,"PLATE-1",           945,             1,       1.36507,   242.491E-03,            0.,"ASSEMBLY_PLATE-1__PICKEDSET2","ROCK","",      -1.03300,      -1.19368,      -1.19262,      -1.03405,   12.9704E-03
F:/Desktop/DeepOnet_Abaqus/StaticElasticJob3.odb,Step-1,Increment      1: Step Time =    1.000,"PLATE-1",           946,             1,       1.23017,   534.611E-03,            0.,"ASSEMBLY_PLATE-1__PICKEDSET2","ROCK","",      -1.02136,      -1.21651,      -1.21111,      -1.02675,   31.9831E-03
F:/Desktop/DeepOnet_Abaqus/StaticElasticJob3.odb,Step-1,Increment      1: Step Time =    1.000,"PLATE-1",           947,             1,       1.23599,   596.637E-03,            0.,"ASSEMBLY_PLATE-1__PICKEDSET2","ROCK","",      -1.01851,      -1.22209,      -1.21726,      -1.02334,   30.9790E-03
F:/Desktop/DeepOnet_Abaqus/StaticElasticJob3.odb,Step-1,Increment      1: Step Time =    1.000,"PLATE-1",           948,             1,       1.16700,   540.774E-03,            0.,"ASSEMBLY_PLATE-1__PICKEDSET2","ROCK","",      -1.02228,      -1.21872,      -1.21201,      -1.02900,   35.6863E-03
F:/Desktop/DeepOnet_Abaqus/StaticElasticJob3.odb,Step-1,Increment      1: Step Time =    1.000,"PLATE-1",           949,             1,       1.14063,   482.339E-03,            0.,"ASSEMBLY_PLATE-1__PICKEDSET2","ROCK","",      -1.02550,      -1.21217,      -1.20422,      -1.03346,   37.7027E-03
F:/Desktop/DeepOnet_Abaqus/StaticElasticJob3.odb,Step-1,Increment      1: Step Time =    1.000,"PLATE-1",           950,             1,       1.15358,   270.342E-03,            0.,"ASSEMBLY_PLATE-1__PICKEDSET2","ROCK","",      -1.04383,      -1.17956,      -1.17630,      -1.04709,   20.7586E-03
F:/Desktop/DeepOnet_Abaqus/StaticElasticJob3.odb,Step-1,Increment      1: Step Time =    1.000,"PLATE-1",           951,             1,       1.22541,   202.919E-03,            0.,"ASSEMBLY_PLATE-1__PICKEDSET2","ROCK","",      -1.04170,      -1.18049,      -1.17937,      -1.04283,   12.4451E-03
F:/Desktop/DeepOnet_Abaqus/StaticElasticJob3.odb,Step-1,Increment      1: Step Time =    1.000,"PLATE-1",           952,             1,       1.39504,   100.429E-03,            0.,"ASSEMBLY_PLATE-1__PICKEDSET2","ROCK","",      -1.03358,      -1.19032,      -1.19025,      -1.03365,   3.24618E-03
F:/Desktop/DeepOnet_Abaqus/StaticElasticJob3.odb,Step-1,Increment      1: Step Time =    1.000,"PLATE-1",           953,             1,       1.38420,   177.584E-03,            0.,"ASSEMBLY_PLATE-1__PICKEDSET2","ROCK","",      -1.03346,      -1.19194,      -1.19145,      -1.03395,   8.82060E-03
F:/Desktop/DeepOnet_Abaqus/StaticElasticJob3.odb,Step-1,Increment      1: Step Time =    1.000,"PLATE-1",           954,             1,       1.44144,      -1.55135,            0.,"ASSEMBLY_PLATE-1__PICKEDSET2","ROCK","",  -996.922E-03,      -1.23615,      -1.23553,  -997.540E-03,  -12.1393E-03
F:/Desktop/DeepOnet_Abaqus/StaticElasticJob3.odb,Step-1,Increment      1: Step Time =    1.000,"PLATE-1",           955,             1,       1.54497,      -1.54712,            0.,"ASSEMBLY_PLATE-1__PICKEDSET2","ROCK","",  -997.656E-03,      -1.23508,      -1.23448,  -998.261E-03,  -11.9659E-03
F:/Desktop/DeepOnet_Abaqus/StaticElasticJob3.odb,Step-1,Increment      1: Step Time =    1.000,"PLATE-1",           956,             1,       1.54471,      -1.44473,            0.,"ASSEMBLY_PLATE-1__PICKEDSET2","ROCK","",  -997.964E-03,      -1.23461,      -1.23390,  -998.675E-03,  -12.9590E-03
F:/Desktop/DeepOnet_Abaqus/StaticElasticJob3.odb,Step-1,Increment      1: Step Time =    1.000,"PLATE-1",           957,             1,       1.54834,      -1.34639,            0.,"ASSEMBLY_PLATE-1__PICKEDSET2","ROCK","",  -998.667E-03,      -1.23341,      -1.23257,  -999.507E-03,  -14.0199E-03
F:/Desktop/DeepOnet_Abaqus/StaticElasticJob3.odb,Step-1,Increment      1: Step Time =    1.000,"PLATE-1",           958,             1,       1.45036,      -1.34412,            0.,"ASSEMBLY_PLATE-1__PICKEDSET2","ROCK","",  -997.396E-03,      -1.23480,      -1.23391,  -998.290E-03,  -14.5404E-03
F:/Desktop/DeepOnet_Abaqus/StaticElasticJob3.odb,Step-1,Increment      1: Step Time =    1.000,"PLATE-1",           959,             1,       1.54307,      -1.24443,            0.,"ASSEMBLY_PLATE-1__PICKEDSET2","ROCK","",  -999.007E-03,      -1.23266,      -1.23166,      -1.00001,  -15.2725E-03
F:/Desktop/DeepOnet_Abaqus/StaticElasticJob3.odb,Step-1,Increment      1: Step Time =    1.000,"PLATE-1",           960,             1,       1.54513,      -1.14196,            0.,"ASSEMBLY_PLATE-1__PICKEDSET2","ROCK","",  -999.780E-03,      -1.23132,      -1.23013,      -1.00097,  -16.5364E-03
F:/Desktop/DeepOnet_Abaqus/StaticElasticJob3.odb,Step-1,Increment      1: Step Time =    1.000,"PLATE-1",           961,             1,       1.55151,      -1.04333,            0.,"ASSEMBLY_PLATE-1__PICKEDSET2","ROCK","",      -1.00114,      -1.22927,      -1.22791,      -1.00251,  -17.6230E-03
F:/Desktop/DeepOnet_Abaqus/StaticElasticJob3.odb,Step-1,Increment      1: Step Time =    1.000,"PLATE-1",           962,             1,       1.45896,      -1.03036,            0.,"ASSEMBLY_PLATE-1__PICKEDSET2","ROCK","",  -999.949E-03,      -1.23032,      -1.22875,      -1.00152,  -18.9666E-03
F:/Desktop/DeepOnet_Abaqus/StaticElasticJob3.odb,Step-1,Increment      1: Step Time =    1.000,"PLATE-1",           963,             1,       1.54887,  -942.832E-03,            0.,"ASSEMBLY_PLATE-1__PICKEDSET2","ROCK","",      -1.00241,      -1.22742,      -1.22589,      -1.00393,  -18.4596E-03
F:/Desktop/DeepOnet_Abaqus/StaticElasticJob3.odb,Step-1,Increment      1: Step Time =    1.000,"PLATE-1",           964,             1,       1.55170,  -840.748E-03,            0.,"ASSEMBLY_PLATE-1__PICKEDSET2","ROCK","",      -1.00437,      -1.22458,      -1.22288,      -1.00607,  -19.2493E-03
F:/Desktop/DeepOnet_Abaqus/StaticElasticJob3.odb,Step-1,Increment      1: Step Time =    1.000,"PLATE-1",           965,             1,       1.55606,  -741.793E-03,            0.,"ASSEMBLY_PLATE-1__PICKEDSET2","ROCK","",      -1.00660,      -1.22148,      -1.21961,      -1.00847,  -19.9362E-03
F:/Desktop/DeepOnet_Abaqus/StaticElasticJob3.odb,Step-1,Increment      1: Step Time =    1.000,"PLATE-1",           966,             1,       1.46874,  -726.851E-03,            0.,"ASSEMBLY_PLATE-1__PICKEDSET2","ROCK","",      -1.00558,      -1.22189,      -1.21968,      -1.00779,  -21.7572E-03
F:/Desktop/DeepOnet_Abaqus/StaticElasticJob3.odb,Step-1,Increment      1: Step Time =    1.000,"PLATE-1",           967,             1,       1.55531,  -644.708E-03,            0.,"ASSEMBLY_PLATE-1__PICKEDSET2","ROCK","",      -1.00843,      -1.21902,      -1.21725,      -1.01020,  -19.2451E-03
F:/Desktop/DeepOnet_Abaqus/StaticElasticJob3.odb,Step-1,Increment      1: Step Time =    1.000,"PLATE-1",           968,             1,       1.55797,  -448.241E-03,            0.,"ASSEMBLY_PLATE-1__PICKEDSET2","ROCK","",      -1.01502,      -1.21095,      -1.20943,      -1.01654,  -17.1893E-03
F:/Desktop/DeepOnet_Abaqus/StaticElasticJob3.odb,Step-1,Increment      1: Step Time =    1.000,"PLATE-1",           969,             1,       1.55936,  -349.587E-03,            0.,"ASSEMBLY_PLATE-1__PICKEDSET2","ROCK","",      -1.01829,      -1.20725,      -1.20608,      -1.01947,  -14.8385E-03
F:/Desktop/DeepOnet_Abaqus/StaticElasticJob3.odb,Step-1,Increment      1: Step Time =    1.000,"PLATE-1",           970,             1,       1.56037,  -251.014E-03,            0.,"ASSEMBLY_PLATE-1__PICKEDSET2","ROCK","",      -1.02156,      -1.20363,      -1.20283,      -1.02235,  -11.9908E-03
F:/Desktop/DeepOnet_Abaqus/StaticElasticJob3.odb,Step-1,Increment      1: Step Time =    1.000,"PLATE-1",           971,             1,       1.56099,  -152.632E-03,            0.,"ASSEMBLY_PLATE-1__PICKEDSET2","ROCK","",      -1.02426,      -1.20095,      -1.20056,      -1.02465,  -8.30417E-03
F:/Desktop/DeepOnet_Abaqus/StaticElasticJob3.odb,Step-1,Increment      1: Step Time =    1.000,"PLATE-1",           972,             1,       1.55479,   238.095E-03,            0.,"ASSEMBLY_PLATE-1__PICKEDSET2","ROCK","",      -1.02621,      -1.20271,      -1.20219,      -1.02672,   9.49157E-03
F:/Desktop/DeepOnet_Abaqus/StaticElasticJob3.odb,Step-1,Increment      1: Step Time =    1.000,"PLATE-1",           973,             1,       1.54552,   336.248E-03,            0.,"ASSEMBLY_PLATE-1__PICKEDSET2","ROCK","",      -1.02399,      -1.20658,      -1.20555,      -1.02502,   13.6610E-03
F:/Desktop/DeepOnet_Abaqus/StaticElasticJob3.odb,Step-1,Increment      1: Step Time =    1.000,"PLATE-1",           974,             1,       1.55142,   543.286E-03,            0.,"ASSEMBLY_PLATE-1__PICKEDSET2","ROCK","",      -1.01773,      -1.21656,      -1.21483,      -1.01946,   18.4458E-03
F:/Desktop/DeepOnet_Abaqus/StaticElasticJob3.odb,Step-1,Increment      1: Step Time =    1.000,"PLATE-1",           975,             1,       1.55341,   643.444E-03,            0.,"ASSEMBLY_PLATE-1__PICKEDSET2","ROCK","",      -1.01495,      -1.22111,      -1.21933,      -1.01673,   19.1153E-03
F:/Desktop/DeepOnet_Abaqus/StaticElasticJob3.odb,Step-1,Increment      1: Step Time =    1.000,"PLATE-1",           976,             1,       1.46418,   631.774E-03,            0.,"ASSEMBLY_PLATE-1__PICKEDSET2","ROCK","",      -1.01578,      -1.22060,      -1.21830,      -1.01807,   21.5455E-03
F:/Desktop/DeepOnet_Abaqus/StaticElasticJob3.odb,Step-1,Increment      1: Step Time =    1.000,"PLATE-1",           977,             1,       1.25540,   950.753E-03,            0.,"ASSEMBLY_PLATE-1__PICKEDSET2","ROCK","",      -1.00749,      -1.23555,      -1.23302,      -1.01001,   23.8515E-03
F:/Desktop/DeepOnet_Abaqus/StaticElasticJob3.odb,Step-1,Increment      1: Step Time =    1.000,"PLATE-1",           978,             1,       1.23567,   867.755E-03,            0.,"ASSEMBLY_PLATE-1__PICKEDSET2","ROCK","",      -1.00884,      -1.23363,      -1.23053,      -1.01194,   26.2066E-03
F:/Desktop/DeepOnet_Abaqus/StaticElasticJob3.odb,Step-1,Increment      1: Step Time =    1.000,"PLATE-1",           979,             1,       1.26340,   746.006E-03,            0.,"ASSEMBLY_PLATE-1__PICKEDSET2","ROCK","",      -1.01247,      -1.22927,      -1.22562,      -1.01612,   27.8983E-03
F:/Desktop/DeepOnet_Abaqus/StaticElasticJob3.odb,Step-1,Increment      1: Step Time =    1.000,"PLATE-1",           980,             1,       1.38106,   619.795E-03,            0.,"ASSEMBLY_PLATE-1__PICKEDSET2","ROCK","",      -1.01668,      -1.22090,      -1.21792,      -1.01966,   24.4757E-03
F:/Desktop/DeepOnet_Abaqus/StaticElasticJob3.odb,Step-1,Increment      1: Step Time =    1.000,"PLATE-1",           981,             1,       1.37057,   706.822E-03,            0.,"ASSEMBLY_PLATE-1__PICKEDSET2","ROCK","",      -1.01385,      -1.22502,      -1.22219,      -1.01668,   24.3176E-03
F:/Desktop/DeepOnet_Abaqus/StaticElasticJob3.odb,Step-1,Increment      1: Step Time =    1.000,"PLATE-1",           982,             1,       1.45825,   728.251E-03,            0.,"ASSEMBLY_PLATE-1__PICKEDSET2","ROCK","",      -1.01296,      -1.22513,      -1.22289,      -1.01520,   21.6978E-03
F:/Desktop/DeepOnet_Abaqus/StaticElasticJob3.odb,Step-1,Increment      1: Step Time =    1.000,"PLATE-1",           983,             1,       1.55191,   743.184E-03,            0.,"ASSEMBLY_PLATE-1__PICKEDSET2","ROCK","",      -1.01234,      -1.22467,      -1.22295,      -1.01407,   19.0736E-03
F:/Desktop/DeepOnet_Abaqus/StaticElasticJob3.odb,Step-1,Increment      1: Step Time =    1.000,"PLATE-1",           984,             1,       1.54887,   842.544E-03,            0.,"ASSEMBLY_PLATE-1__PICKEDSET2","ROCK","",      -1.01022,      -1.22766,      -1.22607,      -1.01182,   18.5420E-03
F:/Desktop/DeepOnet_Abaqus/StaticElasticJob3.odb,Step-1,Increment      1: Step Time =    1.000,"PLATE-1",           985,             1,       1.34410,   933.935E-03,            0.,"ASSEMBLY_PLATE-1__PICKEDSET2","ROCK","",      -1.00815,      -1.23278,      -1.23052,      -1.01041,   22.4074E-03
F:/Desktop/DeepOnet_Abaqus/StaticElasticJob3.odb,Step-1,Increment      1: Step Time =    1.000,"PLATE-1",           986,             1,       1.20079,       1.12204,            0.,"ASSEMBLY_PLATE-1__PICKEDSET2","ROCK","",      -1.00402,      -1.23812,      -1.23604,      -1.00609,   21.9628E-03
F:/Desktop/DeepOnet_Abaqus/StaticElasticJob3.odb,Step-1,Increment      1: Step Time =    1.000,"PLATE-1",           987,             1,       1.18990,       1.04533,            0.,"ASSEMBLY_PLATE-1__PICKEDSET2","ROCK","",      -1.00480,      -1.23832,      -1.23589,      -1.00723,   23.7077E-03
F:/Desktop/DeepOnet_Abaqus/StaticElasticJob3.odb,Step-1,Increment      1: Step Time =    1.000,"PLATE-1",           988,             1,       1.54811,   942.521E-03,            0.,"ASSEMBLY_PLATE-1__PICKEDSET2","ROCK","",      -1.00852,      -1.22979,      -1.22833,      -1.00998,   17.8701E-03
F:/Desktop/DeepOnet_Abaqus/StaticElasticJob3.odb,Step-1,Increment      1: Step Time =    1.000,"PLATE-1",           989,             1,       1.55005,       1.04336,            0.,"ASSEMBLY_PLATE-1__PICKEDSET2","ROCK","",      -1.00705,      -1.23150,      -1.23022,      -1.00833,   16.9197E-03
F:/Desktop/DeepOnet_Abaqus/StaticElasticJob3.odb,Step-1,Increment      1: Step Time =    1.000,"PLATE-1",           990,             1,       1.55176,       1.14363,            0.,"ASSEMBLY_PLATE-1__PICKEDSET2","ROCK","",      -1.00570,      -1.23282,      -1.23170,      -1.00682,   15.9578E-03
F:/Desktop/DeepOnet_Abaqus/StaticElasticJob3.odb,Step-1,Increment      1: Step Time =    1.000,"PLATE-1",           991,             1,       1.55218,       1.24293,            0.,"ASSEMBLY_PLATE-1__PICKEDSET2","ROCK","",      -1.00477,      -1.23361,      -1.23264,      -1.00574,   14.8496E-03
F:/Desktop/DeepOnet_Abaqus/StaticElasticJob3.odb,Step-1,Increment      1: Step Time =    1.000,"PLATE-1",           992,             1,       1.55077,       1.34159,            0.,"ASSEMBLY_PLATE-1__PICKEDSET2","ROCK","",      -1.00370,      -1.23442,      -1.23357,      -1.00454,   13.9527E-03
F:/Desktop/DeepOnet_Abaqus/StaticElasticJob3.odb,Step-1,Increment      1: Step Time =    1.000,"PLATE-1",           993,             1,       1.45494,       1.32288,            0.,"ASSEMBLY_PLATE-1__PICKEDSET2","ROCK","",      -1.00345,      -1.23533,      -1.23435,      -1.00443,   15.0630E-03
F:/Desktop/DeepOnet_Abaqus/StaticElasticJob3.odb,Step-1,Increment      1: Step Time =    1.000,"PLATE-1",           994,             1,       1.40337,       1.47949,            0.,"ASSEMBLY_PLATE-1__PICKEDSET2","ROCK","",      -1.00169,      -1.23667,      -1.23585,      -1.00251,   13.8112E-03
F:/Desktop/DeepOnet_Abaqus/StaticElasticJob3.odb,Step-1,Increment      1: Step Time =    1.000,"PLATE-1",           995,             1,       1.34475,       1.56516,            0.,"ASSEMBLY_PLATE-1__PICKEDSET2","ROCK","",      -1.00044,      -1.23774,      -1.23699,      -1.00119,   13.3113E-03
F:/Desktop/DeepOnet_Abaqus/StaticElasticJob3.odb,Step-1,Increment      1: Step Time =    1.000,"PLATE-1",           996,             1,       1.24942,       1.56501,            0.,"ASSEMBLY_PLATE-1__PICKEDSET2","ROCK","",  -999.770E-03,      -1.23886,      -1.23805,      -1.00058,   13.8982E-03
F:/Desktop/DeepOnet_Abaqus/StaticElasticJob3.odb,Step-1,Increment      1: Step Time =    1.000,"PLATE-1",           997,             1,       1.54457,       1.44212,            0.,"ASSEMBLY_PLATE-1__PICKEDSET2","ROCK","",      -1.00299,      -1.23496,      -1.23423,      -1.00372,   12.9906E-03
F:/Desktop/DeepOnet_Abaqus/StaticElasticJob3.odb,Step-1,Increment      1: Step Time =    1.000,"PLATE-1",           998,             1,       1.54465,       1.54648,            0.,"ASSEMBLY_PLATE-1__PICKEDSET2","ROCK","",      -1.00210,      -1.23546,      -1.23482,      -1.00273,   12.1770E-03
F:/Desktop/DeepOnet_Abaqus/StaticElasticJob3.odb,Step-1,Increment      1: Step Time =    1.000,"PLATE-1",           999,             1,       1.44089,       1.55347,            0.,"ASSEMBLY_PLATE-1__PICKEDSET2","ROCK","",      -1.00168,      -1.23632,      -1.23564,      -1.00236,   12.6695E-03
F:/Desktop/DeepOnet_Abaqus/StaticElasticJob3.odb,Step-1,Increment      1: Step Time =    1.000,"PLATE-1",          1000,             1,   152.373E-03,       1.54598,            0.,"ASSEMBLY_PLATE-1__PICKEDSET2","ROCK","",  -980.846E-03,      -1.25646,      -1.25645,  -980.854E-03,  -1.49949E-03
F:/Desktop/DeepOnet_Abaqus/StaticElasticJob3.odb,Step-1,Increment      1: Step Time =    1.000,"PLATE-1",          1001,             1,  -146.956E-03,       1.55395,            0.,"ASSEMBLY_PLATE-1__PICKEDSET2","ROCK","",  -986.273E-03,      -1.25149,      -1.25123,  -986.533E-03,  -8.29196E-03
F:/Desktop/DeepOnet_Abaqus/StaticElasticJob3.odb,Step-1,Increment      1: Step Time =    1.000,"PLATE-1",          1002,             1,  -248.444E-03,       1.54498,            0.,"ASSEMBLY_PLATE-1__PICKEDSET2","ROCK","",  -988.103E-03,      -1.25020,      -1.24986,  -988.451E-03,  -9.54050E-03
F:/Desktop/DeepOnet_Abaqus/StaticElasticJob3.odb,Step-1,Increment      1: Step Time =    1.000,"PLATE-1",          1003,             1,  -353.520E-03,       1.54383,            0.,"ASSEMBLY_PLATE-1__PICKEDSET2","ROCK","",  -989.208E-03,      -1.24864,      -1.24823,  -989.620E-03,  -10.3352E-03
F:/Desktop/DeepOnet_Abaqus/StaticElasticJob3.odb,Step-1,Increment      1: Step Time =    1.000,"PLATE-1",          1004,             1,  -300.248E-03,       1.39699,            0.,"ASSEMBLY_PLATE-1__PICKEDSET2","ROCK","",  -987.718E-03,      -1.25150,      -1.25092,  -988.302E-03,  -12.3971E-03
F:/Desktop/DeepOnet_Abaqus/StaticElasticJob3.odb,Step-1,Increment      1: Step Time =    1.000,"PLATE-1",          1005,             1,  -451.157E-03,       1.18432,            0.,"ASSEMBLY_PLATE-1__PICKEDSET2","ROCK","",  -987.448E-03,      -1.25274,      -1.25155,  -988.643E-03,  -17.7648E-03
F:/Desktop/DeepOnet_Abaqus/StaticElasticJob3.odb,Step-1,Increment      1: Step Time =    1.000,"PLATE-1",          1006,             1,  -381.992E-03,       1.01493,            0.,"ASSEMBLY_PLATE-1__PICKEDSET2","ROCK","",  -984.594E-03,      -1.25933,      -1.25766,  -986.255E-03,  -21.2999E-03
F:/Desktop/DeepOnet_Abaqus/StaticElasticJob3.odb,Step-1,Increment      1: Step Time =    1.000,"PLATE-1",          1007,             1,  -438.942E-03,   864.338E-03,            0.,"ASSEMBLY_PLATE-1__PICKEDSET2","ROCK","",  -979.935E-03,      -1.26567,      -1.26268,  -982.918E-03,  -29.0427E-03
F:/Desktop/DeepOnet_Abaqus/StaticElasticJob3.odb,Step-1,Increment      1: Step Time =    1.000,"PLATE-1",          1008,             1,  -340.643E-03,   527.366E-03,            0.,"ASSEMBLY_PLATE-1__PICKEDSET2","ROCK","",  -937.023E-03,      -1.32084,      -1.30523,  -952.637E-03,  -75.8231E-03
F:/Desktop/DeepOnet_Abaqus/StaticElasticJob3.odb,Step-1,Increment      1: Step Time =    1.000,"PLATE-1",          1009,             1,  -249.369E-03,   355.572E-03,            0.,"ASSEMBLY_PLATE-1__PICKEDSET2","ROCK","",  -839.583E-03,      -1.43137,      -1.37381,  -897.142E-03,  -175.355E-03
F:/Desktop/DeepOnet_Abaqus/StaticElasticJob3.odb,Step-1,Increment      1: Step Time =    1.000,"PLATE-1",          1010,             1,  -455.298E-03,       1.55201,            0.,"ASSEMBLY_PLATE-1__PICKEDSET2","ROCK","",  -990.793E-03,      -1.24693,      -1.24647,  -991.250E-03,  -10.8159E-03
F:/Desktop/DeepOnet_Abaqus/StaticElasticJob3.odb,Step-1,Increment      1: Step Time =    1.000,"PLATE-1",          1011,             1,  -553.554E-03,       1.55632,            0.,"ASSEMBLY_PLATE-1__PICKEDSET2","ROCK","",  -991.630E-03,      -1.24549,      -1.24499,  -992.131E-03,  -11.2661E-03
F:/Desktop/DeepOnet_Abaqus/StaticElasticJob3.odb,Step-1,Increment      1: Step Time =    1.000,"PLATE-1",          1012,             1,  -651.353E-03,       1.55846,            0.,"ASSEMBLY_PLATE-1__PICKEDSET2","ROCK","",  -992.764E-03,      -1.24406,      -1.24353,  -993.300E-03,  -11.5985E-03
F:/Desktop/DeepOnet_Abaqus/StaticElasticJob3.odb,Step-1,Increment      1: Step Time =    1.000,"PLATE-1",          1013,             1,  -848.519E-03,       1.55441,            0.,"ASSEMBLY_PLATE-1__PICKEDSET2","ROCK","",  -994.480E-03,      -1.24131,      -1.24069,  -995.104E-03,  -12.3890E-03
F:/Desktop/DeepOnet_Abaqus/StaticElasticJob3.odb,Step-1,Increment      1: Step Time =    1.000,"PLATE-1",          1014,             1,  -947.309E-03,       1.55200,            0.,"ASSEMBLY_PLATE-1__PICKEDSET2","ROCK","",  -995.098E-03,      -1.24017,      -1.23954,  -995.732E-03,  -12.4422E-03
F:/Desktop/DeepOnet_Abaqus/StaticElasticJob3.odb,Step-1,Increment      1: Step Time =    1.000,"PLATE-1",          1015,             1,      -1.04665,       1.55203,            0.,"ASSEMBLY_PLATE-1__PICKEDSET2","ROCK","",  -996.257E-03,      -1.23860,      -1.23798,  -996.883E-03,  -12.3011E-03
F:/Desktop/DeepOnet_Abaqus/StaticElasticJob3.odb,Step-1,Increment      1: Step Time =    1.000,"PLATE-1",          1016,             1,      -1.03908,       1.45841,            0.,"ASSEMBLY_PLATE-1__PICKEDSET2","ROCK","",  -996.034E-03,      -1.23863,      -1.23784,  -996.825E-03,  -13.8276E-03
F:/Desktop/DeepOnet_Abaqus/StaticElasticJob3.odb,Step-1,Increment      1: Step Time =    1.000,"PLATE-1",          1017,             1,      -1.21132,       1.42073,            0.,"ASSEMBLY_PLATE-1__PICKEDSET2","ROCK","",  -998.121E-03,      -1.23569,      -1.23488,  -998.935E-03,  -13.8872E-03
F:/Desktop/DeepOnet_Abaqus/StaticElasticJob3.odb,Step-1,Increment      1: Step Time =    1.000,"PLATE-1",          1018,             1,      -1.09000,       1.19711,            0.,"ASSEMBLY_PLATE-1__PICKEDSET2","ROCK","",  -997.231E-03,      -1.23623,      -1.23481,  -998.651E-03,  -18.3688E-03
F:/Desktop/DeepOnet_Abaqus/StaticElasticJob3.odb,Step-1,Increment      1: Step Time =    1.000,"PLATE-1",          1019,             1,      -1.19249,       1.10298,            0.,"ASSEMBLY_PLATE-1__PICKEDSET2","ROCK","",  -999.309E-03,      -1.23322,      -1.23167,      -1.00085,  -18.9373E-03
F:/Desktop/DeepOnet_Abaqus/StaticElasticJob3.odb,Step-1,Increment      1: Step Time =    1.000,"PLATE-1",          1020,             1,      -1.10811,       1.10925,            0.,"ASSEMBLY_PLATE-1__PICKEDSET2","ROCK","",  -998.013E-03,      -1.23500,      -1.23333,  -999.683E-03,  -19.8226E-03
F:/Desktop/DeepOnet_Abaqus/StaticElasticJob3.odb,Step-1,Increment      1: Step Time =    1.000,"PLATE-1",          1021,             1,      -1.02178,       1.08622,            0.,"ASSEMBLY_PLATE-1__PICKEDSET2","ROCK","",  -996.432E-03,      -1.23676,      -1.23482,  -998.373E-03,  -21.5101E-03
F:/Desktop/DeepOnet_Abaqus/StaticElasticJob3.odb,Step-1,Increment      1: Step Time =    1.000,"PLATE-1",          1022,             1,  -946.653E-03,   973.780E-03,            0.,"ASSEMBLY_PLATE-1__PICKEDSET2","ROCK","",  -995.335E-03,      -1.23774,      -1.23500,  -998.072E-03,  -25.6121E-03
F:/Desktop/DeepOnet_Abaqus/StaticElasticJob3.odb,Step-1,Increment      1: Step Time =    1.000,"PLATE-1",          1023,             1,   770.904E-03,   547.432E-03,            0.,"ASSEMBLY_PLATE-1__PICKEDSET2","ROCK","",      -1.02949,      -1.27061,      -1.24488,      -1.05523,   74.4550E-03
F:/Desktop/DeepOnet_Abaqus/StaticElasticJob3.odb,Step-1,Increment      1: Step Time =    1.000,"PLATE-1",          1024,             1,   917.076E-03,   607.407E-03,            0.,"ASSEMBLY_PLATE-1__PICKEDSET2","ROCK","",      -1.01625,      -1.24280,      -1.22979,      -1.02926,   52.6983E-03
F:/Desktop/DeepOnet_Abaqus/StaticElasticJob3.odb,Step-1,Increment      1: Step Time =    1.000,"PLATE-1",          1025,             1,   846.113E-03,   585.147E-03,            0.,"ASSEMBLY_PLATE-1__PICKEDSET2","ROCK","",      -1.03231,      -1.25351,      -1.23074,      -1.05507,   67.2069E-03
F:/Desktop/DeepOnet_Abaqus/StaticElasticJob3.odb,Step-1,Increment      1: Step Time =    1.000,"PLATE-1",          1026,             1,   768.841E-03,   674.136E-03,            0.,"ASSEMBLY_PLATE-1__PICKEDSET2","ROCK","",      -1.02209,      -1.26669,      -1.24948,      -1.03930,   62.5571E-03
F:/Desktop/DeepOnet_Abaqus/StaticElasticJob3.odb,Step-1,Increment      1: Step Time =    1.000,"PLATE-1",          1027,             1,   803.285E-03,   747.561E-03,            0.,"ASSEMBLY_PLATE-1__PICKEDSET2","ROCK","",      -1.01670,      -1.25869,      -1.24363,      -1.03176,   58.4595E-03
F:/Desktop/DeepOnet_Abaqus/StaticElasticJob3.odb,Step-1,Increment      1: Step Time =    1.000,"PLATE-1",          1028,             1,   971.873E-03,   680.035E-03,            0.,"ASSEMBLY_PLATE-1__PICKEDSET2","ROCK","",      -1.01207,      -1.24230,      -1.23248,      -1.02189,   46.5290E-03
F:/Desktop/DeepOnet_Abaqus/StaticElasticJob3.odb,Step-1,Increment      1: Step Time =    1.000,"PLATE-1",          1029,             1,   588.374E-03,   506.185E-03,            0.,"ASSEMBLY_PLATE-1__PICKEDSET2","ROCK","",  -907.934E-03,      -1.88641,  -972.879E-03,      -1.82147,   243.578E-03
F:/Desktop/DeepOnet_Abaqus/StaticElasticJob3.odb,Step-1,Increment      1: Step Time =    1.000,"PLATE-1",          1030,             1,   512.115E-03,   402.261E-03,            0.,"ASSEMBLY_PLATE-1__PICKEDSET2","ROCK","",  -235.769E-03,      -1.23887,      -1.10608,  -368.561E-03,  -339.956E-03
F:/Desktop/DeepOnet_Abaqus/StaticElasticJob3.odb,Step-1,Increment      1: Step Time =    1.000,"PLATE-1",          1031,             1,   341.050E-03,   400.092E-03,            0.,"ASSEMBLY_PLATE-1__PICKEDSET2","ROCK","",  -453.930E-03,      -2.22757,      -1.76804,  -913.461E-03,   777.095E-03
F:/Desktop/DeepOnet_Abaqus/StaticElasticJob3.odb,Step-1,Increment      1: Step Time =    1.000,"PLATE-1",          1032,             1,   165.477E-03,   569.713E-03,            0.,"ASSEMBLY_PLATE-1__PICKEDSET2","ROCK","",      -1.06258,      -1.24775,      -1.24435,      -1.06598,  -24.8698E-03
F:/Desktop/DeepOnet_Abaqus/StaticElasticJob3.odb,Step-1,Increment      1: Step Time =    1.000,"PLATE-1",          1033,             1,  -23.2256E-03,   670.296E-03,            0.,"ASSEMBLY_PLATE-1__PICKEDSET2","ROCK","",  -991.514E-03,      -1.29778,      -1.29756,  -991.730E-03,  -8.12487E-03
F:/Desktop/DeepOnet_Abaqus/StaticElasticJob3.odb,Step-1,Increment      1: Step Time =    1.000,"PLATE-1",          1034,             1,  -349.308E-03,   915.875E-03,            0.,"ASSEMBLY_PLATE-1__PICKEDSET2","ROCK","",  -981.801E-03,      -1.26576,      -1.26378,  -983.782E-03,  -23.6349E-03
F:/Desktop/DeepOnet_Abaqus/StaticElasticJob3.odb,Step-1,Increment      1: Step Time =    1.000,"PLATE-1",          1035,             1,  -418.056E-03,   942.737E-03,            0.,"ASSEMBLY_PLATE-1__PICKEDSET2","ROCK","",  -984.302E-03,      -1.26184,      -1.25954,  -986.607E-03,  -25.1846E-03
F:/Desktop/DeepOnet_Abaqus/StaticElasticJob3.odb,Step-1,Increment      1: Step Time =    1.000,"PLATE-1",          1036,             1,   570.033E-03,   535.554E-03,            0.,"ASSEMBLY_PLATE-1__PICKEDSET2","ROCK","",  -787.994E-03,      -2.19084,      -1.34496,      -1.63387,   686.386E-03
F:/Desktop/DeepOnet_Abaqus/StaticElasticJob3.odb,Step-1,Increment      1: Step Time =    1.000,"PLATE-1",          1037,             1,  -54.9838E-03,  -205.828E-03,            0.,"ASSEMBLY_PLATE-1__PICKEDSET2","ROCK","",  -56.6884E-03,      -2.03148,      -1.98469,  -103.480E-03,   300.356E-03
F:/Desktop/DeepOnet_Abaqus/StaticElasticJob3.odb,Step-1,Increment      1: Step Time =    1.000,"PLATE-1",          1038,             1,  -66.7790E-03,  -204.403E-03,            0.,"ASSEMBLY_PLATE-1__PICKEDSET2","ROCK","",  -55.4643E-03,      -2.04619,      -1.97661,  -125.046E-03,   365.618E-03
F:/Desktop/DeepOnet_Abaqus/StaticElasticJob3.odb,Step-1,Increment      1: Step Time =    1.000,"PLATE-1",          1039,             1,  -79.1366E-03,  -204.197E-03,            0.,"ASSEMBLY_PLATE-1__PICKEDSET2","ROCK","",  -71.4745E-03,      -2.06819,      -1.97176,  -167.901E-03,   428.063E-03
F:/Desktop/DeepOnet_Abaqus/StaticElasticJob3.odb,Step-1,Increment      1: Step Time =    1.000,"PLATE-1",          1040,             1,  -102.169E-03,  -197.019E-03,            0.,"ASSEMBLY_PLATE-1__PICKEDSET2","ROCK","",  -73.4123E-03,      -2.13625,      -1.95246,  -257.210E-03,   587.676E-03
F:/Desktop/DeepOnet_Abaqus/StaticElasticJob3.odb,Step-1,Increment      1: Step Time =    1.000,"PLATE-1",          1041,             1,  -101.307E-03,  -218.098E-03,            0.,"ASSEMBLY_PLATE-1__PICKEDSET2","ROCK","",  -197.860E-03,      -2.08150,      -1.90920,  -370.156E-03,   543.009E-03
F:/Desktop/DeepOnet_Abaqus/StaticElasticJob3.odb,Step-1,Increment      1: Step Time =    1.000,"PLATE-1",          1042,             1,  -205.232E-03,  -80.8962E-03,            0.,"ASSEMBLY_PLATE-1__PICKEDSET2","ROCK","",  -127.381E-03,      -1.59870,  -156.810E-03,      -1.56927,   205.994E-03
F:/Desktop/DeepOnet_Abaqus/StaticElasticJob3.odb,Step-1,Increment      1: Step Time =    1.000,"PLATE-1",          1043,             1,  -207.194E-03,  -41.7480E-03,            0.,"ASSEMBLY_PLATE-1__PICKEDSET2","ROCK","",  -72.1688E-03,      -1.45241,  -72.1695E-03,      -1.45241,   1.03973E-03
F:/Desktop/DeepOnet_Abaqus/StaticElasticJob3.odb,Step-1,Increment      1: Step Time =    1.000,"PLATE-1",          1044,             1,   397.420E-03,   383.161E-03,            0.,"ASSEMBLY_PLATE-1__PICKEDSET2","ROCK","",  -331.378E-03,      -1.68511,      -1.63532,  -381.171E-03,   254.809E-03
F:/Desktop/DeepOnet_Abaqus/StaticElasticJob3.odb,Step-1,Increment      1: Step Time =    1.000,"PLATE-1",          1045,             1,   682.756E-03,   57.7395E-03,            0.,"ASSEMBLY_PLATE-1__PICKEDSET2","ROCK","",      -1.03757,      -1.11174,      -1.09551,      -1.05379,  -30.6655E-03
F:/Desktop/DeepOnet_Abaqus/StaticElasticJob3.odb,Step-1,Increment      1: Step Time =    1.000,"PLATE-1",          1046,             1,      -1.36619,       1.36717,            0.,"ASSEMBLY_PLATE-1__PICKEDSET2","ROCK","",  -999.730E-03,      -1.23353,      -1.23271,      -1.00055,  -13.7840E-03
F:/Desktop/DeepOnet_Abaqus/StaticElasticJob3.odb,Step-1,Increment      1: Step Time =    1.000,"PLATE-1",          1047,             1,      -1.27070,       1.46934,            0.,"ASSEMBLY_PLATE-1__PICKEDSET2","ROCK","",  -998.449E-03,      -1.23533,      -1.23461,  -999.165E-03,  -13.0068E-03
F:/Desktop/DeepOnet_Abaqus/StaticElasticJob3.odb,Step-1,Increment      1: Step Time =    1.000,"PLATE-1",          1048,             1,      -1.11665,       1.37467,            0.,"ASSEMBLY_PLATE-1__PICKEDSET2","ROCK","",  -996.945E-03,      -1.23716,      -1.23622,  -997.889E-03,  -15.0336E-03
F:/Desktop/DeepOnet_Abaqus/StaticElasticJob3.odb,Step-1,Increment      1: Step Time =    1.000,"PLATE-1",          1049,             1,  -949.628E-03,       1.35304,            0.,"ASSEMBLY_PLATE-1__PICKEDSET2","ROCK","",  -994.927E-03,      -1.24006,      -1.23906,  -995.928E-03,  -15.6303E-03
F:/Desktop/DeepOnet_Abaqus/StaticElasticJob3.odb,Step-1,Increment      1: Step Time =    1.000,"PLATE-1",          1050,             1,  -740.545E-03,       1.40377,            0.,"ASSEMBLY_PLATE-1__PICKEDSET2","ROCK","",  -992.743E-03,      -1.24366,      -1.24283,  -993.571E-03,  -14.3948E-03
F:/Desktop/DeepOnet_Abaqus/StaticElasticJob3.odb,Step-1,Increment      1: Step Time =    1.000,"PLATE-1",          1051,             1,  -562.981E-03,       1.46954,            0.,"ASSEMBLY_PLATE-1__PICKEDSET2","ROCK","",  -991.405E-03,      -1.24618,      -1.24556,  -992.027E-03,  -12.5796E-03
F:/Desktop/DeepOnet_Abaqus/StaticElasticJob3.odb,Step-1,Increment      1: Step Time =    1.000,"PLATE-1",          1052,             1,  -471.314E-03,       1.45814,            0.,"ASSEMBLY_PLATE-1__PICKEDSET2","ROCK","",  -990.154E-03,      -1.24774,      -1.24714,  -990.746E-03,  -12.3317E-03
F:/Desktop/DeepOnet_Abaqus/StaticElasticJob3.odb,Step-1,Increment      1: Step Time =    1.000,"PLATE-1",          1053,             1,  -841.355E-03,       1.46194,            0.,"ASSEMBLY_PLATE-1__PICKEDSET2","ROCK","",  -993.973E-03,      -1.24174,      -1.24096,  -994.747E-03,  -13.8212E-03
F:/Desktop/DeepOnet_Abaqus/StaticElasticJob3.odb,Step-1,Increment      1: Step Time =    1.000,"PLATE-1",          1054,             1,  -940.561E-03,       1.45334,            0.,"ASSEMBLY_PLATE-1__PICKEDSET2","ROCK","",  -995.106E-03,      -1.24017,      -1.23938,  -995.899E-03,  -13.9176E-03
F:/Desktop/DeepOnet_Abaqus/StaticElasticJob3.odb,Step-1,Increment      1: Step Time =    1.000,"PLATE-1",          1055,             1,  -654.333E-03,       1.47668,            0.,"ASSEMBLY_PLATE-1__PICKEDSET2","ROCK","",  -992.169E-03,      -1.24467,      -1.24401,  -992.831E-03,  -12.9104E-03
F:/Desktop/DeepOnet_Abaqus/StaticElasticJob3.odb,Step-1,Increment      1: Step Time =    1.000,"PLATE-1",          1056,             1,  -746.583E-03,       1.47656,            0.,"ASSEMBLY_PLATE-1__PICKEDSET2","ROCK","",  -993.162E-03,      -1.24332,      -1.24261,  -993.864E-03,  -13.2403E-03
F:/Desktop/DeepOnet_Abaqus/StaticElasticJob3.odb,Step-1,Increment      1: Step Time =    1.000,"PLATE-1",          1057,             1,  -413.623E-03,       1.34757,            0.,"ASSEMBLY_PLATE-1__PICKEDSET2","ROCK","",  -988.651E-03,      -1.25037,      -1.24959,  -989.438E-03,  -14.3246E-03
F:/Desktop/DeepOnet_Abaqus/StaticElasticJob3.odb,Step-1,Increment      1: Step Time =    1.000,"PLATE-1",          1058,             1,  -339.725E-03,       1.32016,            0.,"ASSEMBLY_PLATE-1__PICKEDSET2","ROCK","",  -987.458E-03,      -1.25219,      -1.25142,  -988.225E-03,  -14.2306E-03
F:/Desktop/DeepOnet_Abaqus/StaticElasticJob3.odb,Step-1,Increment      1: Step Time =    1.000,"PLATE-1",          1059,             1,  -193.185E-03,       1.37003,            0.,"ASSEMBLY_PLATE-1__PICKEDSET2","ROCK","",  -985.930E-03,      -1.25424,      -1.25369,  -986.485E-03,  -12.1948E-03
F:/Desktop/DeepOnet_Abaqus/StaticElasticJob3.odb,Step-1,Increment      1: Step Time =    1.000,"PLATE-1",          1060,             1,  -31.0278E-03,       1.39814,            0.,"ASSEMBLY_PLATE-1__PICKEDSET2","ROCK","",  -980.695E-03,      -1.25756,      -1.25726,  -980.997E-03,  -9.13217E-03
F:/Desktop/DeepOnet_Abaqus/StaticElasticJob3.odb,Step-1,Increment      1: Step Time =    1.000,"PLATE-1",          1061,             1,   173.548E-03,       1.45040,            0.,"ASSEMBLY_PLATE-1__PICKEDSET2","ROCK","",  -978.386E-03,      -1.25925,      -1.25922,  -978.408E-03,  -2.52478E-03
F:/Desktop/DeepOnet_Abaqus/StaticElasticJob3.odb,Step-1,Increment      1: Step Time =    1.000,"PLATE-1",          1062,             1,  -50.0143E-03,       1.47345,            0.,"ASSEMBLY_PLATE-1__PICKEDSET2","ROCK","",  -983.117E-03,      -1.25478,      -1.25454,  -983.362E-03,  -8.15939E-03
F:/Desktop/DeepOnet_Abaqus/StaticElasticJob3.odb,Step-1,Increment      1: Step Time =    1.000,"PLATE-1",          1063,             1,  -134.327E-03,       1.46517,            0.,"ASSEMBLY_PLATE-1__PICKEDSET2","ROCK","",  -985.322E-03,      -1.25341,      -1.25310,  -985.640E-03,  -9.23423E-03
F:/Desktop/DeepOnet_Abaqus/StaticElasticJob3.odb,Step-1,Increment      1: Step Time =    1.000,"PLATE-1",          1064,             1,  -225.763E-03,       1.44755,            0.,"ASSEMBLY_PLATE-1__PICKEDSET2","ROCK","",  -986.264E-03,      -1.25211,      -1.25165,  -986.729E-03,  -11.1083E-03
F:/Desktop/DeepOnet_Abaqus/StaticElasticJob3.odb,Step-1,Increment      1: Step Time =    1.000,"PLATE-1",          1065,             1,   23.4707E-03,       1.32216,            0.,"ASSEMBLY_PLATE-1__PICKEDSET2","ROCK","",  -978.302E-03,      -1.26086,      -1.26046,  -978.699E-03,  -10.5780E-03
F:/Desktop/DeepOnet_Abaqus/StaticElasticJob3.odb,Step-1,Increment      1: Step Time =    1.000,"PLATE-1",          1066,             1,   28.2059E-03,       1.45669,            0.,"ASSEMBLY_PLATE-1__PICKEDSET2","ROCK","",  -981.604E-03,      -1.25688,      -1.25673,  -981.763E-03,  -6.60878E-03
F:/Desktop/DeepOnet_Abaqus/StaticElasticJob3.odb,Step-1,Increment      1: Step Time =    1.000,"PLATE-1",          1067,             1,   260.963E-03,       1.45606,            0.,"ASSEMBLY_PLATE-1__PICKEDSET2","ROCK","",  -976.233E-03,      -1.26064,      -1.26062,  -976.251E-03,   2.25717E-03
F:/Desktop/DeepOnet_Abaqus/StaticElasticJob3.odb,Step-1,Increment      1: Step Time =    1.000,"PLATE-1",          1068,             1,   469.683E-03,       1.35125,            0.,"ASSEMBLY_PLATE-1__PICKEDSET2","ROCK","",  -973.669E-03,      -1.26334,      -1.26264,  -974.369E-03,   14.2235E-03
F:/Desktop/DeepOnet_Abaqus/StaticElasticJob3.odb,Step-1,Increment      1: Step Time =    1.000,"PLATE-1",          1069,             1,   722.209E-03,       1.30627,            0.,"ASSEMBLY_PLATE-1__PICKEDSET2","ROCK","",  -984.993E-03,      -1.25501,      -1.25293,  -987.074E-03,   23.6093E-03
F:/Desktop/DeepOnet_Abaqus/StaticElasticJob3.odb,Step-1,Increment      1: Step Time =    1.000,"PLATE-1",          1070,             1,   757.000E-03,       1.45620,            0.,"ASSEMBLY_PLATE-1__PICKEDSET2","ROCK","",  -988.437E-03,      -1.25072,      -1.24946,  -989.698E-03,   18.1418E-03
F:/Desktop/DeepOnet_Abaqus/StaticElasticJob3.odb,Step-1,Increment      1: Step Time =    1.000,"PLATE-1",          1071,             1,   921.245E-03,       1.34526,            0.,"ASSEMBLY_PLATE-1__PICKEDSET2","ROCK","",  -993.612E-03,      -1.24681,      -1.24499,  -995.428E-03,   21.3673E-03
F:/Desktop/DeepOnet_Abaqus/StaticElasticJob3.odb,Step-1,Increment      1: Step Time =    1.000,"PLATE-1",          1072,             1,   870.360E-03,       1.40775,            0.,"ASSEMBLY_PLATE-1__PICKEDSET2","ROCK","",  -992.552E-03,      -1.24755,      -1.24598,  -994.121E-03,   19.9417E-03
F:/Desktop/DeepOnet_Abaqus/StaticElasticJob3.odb,Step-1,Increment      1: Step Time =    1.000,"PLATE-1",          1073,             1,   846.481E-03,       1.47455,            0.,"ASSEMBLY_PLATE-1__PICKEDSET2","ROCK","",  -991.527E-03,      -1.24767,      -1.24640,  -992.798E-03,   17.9962E-03
F:/Desktop/DeepOnet_Abaqus/StaticElasticJob3.odb,Step-1,Increment      1: Step Time =    1.000,"PLATE-1",          1074,             1,   555.849E-03,       1.45388,            0.,"ASSEMBLY_PLATE-1__PICKEDSET2","ROCK","",  -980.645E-03,      -1.25716,      -1.25642,  -981.384E-03,   14.2720E-03
F:/Desktop/DeepOnet_Abaqus/StaticElasticJob3.odb,Step-1,Increment      1: Step Time =    1.000,"PLATE-1",          1075,             1,   458.683E-03,       1.45186,            0.,"ASSEMBLY_PLATE-1__PICKEDSET2","ROCK","",  -977.919E-03,      -1.25923,      -1.25880,  -978.343E-03,   10.9131E-03
F:/Desktop/DeepOnet_Abaqus/StaticElasticJob3.odb,Step-1,Increment      1: Step Time =    1.000,"PLATE-1",          1076,             1,   358.028E-03,       1.44834,            0.,"ASSEMBLY_PLATE-1__PICKEDSET2","ROCK","",  -976.780E-03,      -1.26032,      -1.26018,  -976.918E-03,   6.25152E-03
F:/Desktop/DeepOnet_Abaqus/StaticElasticJob3.odb,Step-1,Increment      1: Step Time =    1.000,"PLATE-1",          1077,             1,   792.532E-03,       1.36719,            0.,"ASSEMBLY_PLATE-1__PICKEDSET2","ROCK","",  -988.648E-03,      -1.25099,      -1.24924,  -990.399E-03,   21.3586E-03
F:/Desktop/DeepOnet_Abaqus/StaticElasticJob3.odb,Step-1,Increment      1: Step Time =    1.000,"PLATE-1",          1078,             1,   656.534E-03,       1.44971,            0.,"ASSEMBLY_PLATE-1__PICKEDSET2","ROCK","",  -984.341E-03,      -1.25414,      -1.25300,  -985.481E-03,   17.5005E-03
F:/Desktop/DeepOnet_Abaqus/StaticElasticJob3.odb,Step-1,Increment      1: Step Time =    1.000,"PLATE-1",          1079,             1,       1.33888,       1.44502,            0.,"ASSEMBLY_PLATE-1__PICKEDSET2","ROCK","",      -1.00140,      -1.23734,      -1.23642,      -1.00232,   14.7437E-03
F:/Desktop/DeepOnet_Abaqus/StaticElasticJob3.odb,Step-1,Increment      1: Step Time =    1.000,"PLATE-1",          1080,             1,       1.36047,       1.30572,            0.,"ASSEMBLY_PLATE-1__PICKEDSET2","ROCK","",      -1.00268,      -1.23672,      -1.23555,      -1.00385,   16.4930E-03
F:/Desktop/DeepOnet_Abaqus/StaticElasticJob3.odb,Step-1,Increment      1: Step Time =    1.000,"PLATE-1",          1081,             1,       1.44377,       1.41317,            0.,"ASSEMBLY_PLATE-1__PICKEDSET2","ROCK","",      -1.00235,      -1.23605,      -1.23520,      -1.00320,   14.1321E-03
F:/Desktop/DeepOnet_Abaqus/StaticElasticJob3.odb,Step-1,Increment      1: Step Time =    1.000,"PLATE-1",          1082,             1,       1.35694,       1.38273,            0.,"ASSEMBLY_PLATE-1__PICKEDSET2","ROCK","",      -1.00198,      -1.23712,      -1.23610,      -1.00301,   15.4804E-03
F:/Desktop/DeepOnet_Abaqus/StaticElasticJob3.odb,Step-1,Increment      1: Step Time =    1.000,"PLATE-1",          1083,             1,      -1.33171,       1.28492,            0.,"ASSEMBLY_PLATE-1__PICKEDSET2","ROCK","",  -999.952E-03,      -1.23304,      -1.23209,      -1.00091,  -14.8987E-03
F:/Desktop/DeepOnet_Abaqus/StaticElasticJob3.odb,Step-1,Increment      1: Step Time =    1.000,"PLATE-1",          1084,             1,      -1.17816,       1.35513,            0.,"ASSEMBLY_PLATE-1__PICKEDSET2","ROCK","",  -997.741E-03,      -1.23606,      -1.23510,  -998.701E-03,  -15.0968E-03
F:/Desktop/DeepOnet_Abaqus/StaticElasticJob3.odb,Step-1,Increment      1: Step Time =    1.000,"PLATE-1",          1085,             1,      -1.00052,       1.17168,            0.,"ASSEMBLY_PLATE-1__PICKEDSET2","ROCK","",  -995.682E-03,      -1.23834,      -1.23675,  -997.273E-03,  -19.5811E-03
F:/Desktop/DeepOnet_Abaqus/StaticElasticJob3.odb,Step-1,Increment      1: Step Time =    1.000,"PLATE-1",          1086,             1,  -784.529E-03,       1.27749,            0.,"ASSEMBLY_PLATE-1__PICKEDSET2","ROCK","",  -992.500E-03,      -1.24371,      -1.24253,  -993.688E-03,  -17.2357E-03
F:/Desktop/DeepOnet_Abaqus/StaticElasticJob3.odb,Step-1,Increment      1: Step Time =    1.000,"PLATE-1",          1087,             1,  -752.897E-03,       1.34168,            0.,"ASSEMBLY_PLATE-1__PICKEDSET2","ROCK","",  -992.631E-03,      -1.24385,      -1.24284,  -993.633E-03,  -15.8319E-03
F:/Desktop/DeepOnet_Abaqus/StaticElasticJob3.odb,Step-1,Increment      1: Step Time =    1.000,"PLATE-1",          1088,             1,  -600.315E-03,       1.29295,            0.,"ASSEMBLY_PLATE-1__PICKEDSET2","ROCK","",  -990.560E-03,      -1.24752,      -1.24649,  -991.592E-03,  -16.2550E-03
F:/Desktop/DeepOnet_Abaqus/StaticElasticJob3.odb,Step-1,Increment      1: Step Time =    1.000,"PLATE-1",          1089,             1,  -494.514E-03,       1.36624,            0.,"ASSEMBLY_PLATE-1__PICKEDSET2","ROCK","",  -989.932E-03,      -1.24863,      -1.24786,  -990.702E-03,  -14.0935E-03
F:/Desktop/DeepOnet_Abaqus/StaticElasticJob3.odb,Step-1,Increment      1: Step Time =    1.000,"PLATE-1",          1090,             1,  -975.553E-03,       1.25892,            0.,"ASSEMBLY_PLATE-1__PICKEDSET2","ROCK","",  -995.344E-03,      -1.23919,      -1.23791,  -996.622E-03,  -17.6046E-03
F:/Desktop/DeepOnet_Abaqus/StaticElasticJob3.odb,Step-1,Increment      1: Step Time =    1.000,"PLATE-1",          1091,             1,  -679.752E-03,       1.31931,            0.,"ASSEMBLY_PLATE-1__PICKEDSET2","ROCK","",  -991.605E-03,      -1.24540,      -1.24439,  -992.618E-03,  -16.0018E-03
F:/Desktop/DeepOnet_Abaqus/StaticElasticJob3.odb,Step-1,Increment      1: Step Time =    1.000,"PLATE-1",          1092,             1,  -386.647E-03,       1.17239,            0.,"ASSEMBLY_PLATE-1__PICKEDSET2","ROCK","",  -987.610E-03,      -1.25448,      -1.25329,  -988.792E-03,  -17.7202E-03
F:/Desktop/DeepOnet_Abaqus/StaticElasticJob3.odb,Step-1,Increment      1: Step Time =    1.000,"PLATE-1",          1093,             1,  -116.307E-03,       1.30267,            0.,"ASSEMBLY_PLATE-1__PICKEDSET2","ROCK","",  -982.940E-03,      -1.25776,      -1.25714,  -983.564E-03,  -13.0724E-03
F:/Desktop/DeepOnet_Abaqus/StaticElasticJob3.odb,Step-1,Increment      1: Step Time =    1.000,"PLATE-1",          1094,             1,  -51.7410E-03,       1.25562,            0.,"ASSEMBLY_PLATE-1__PICKEDSET2","ROCK","",  -977.625E-03,      -1.26111,      -1.26045,  -978.285E-03,  -13.6684E-03
F:/Desktop/DeepOnet_Abaqus/StaticElasticJob3.odb,Step-1,Increment      1: Step Time =    1.000,"PLATE-1",          1095,             1,   97.5844E-03,       1.25753,            0.,"ASSEMBLY_PLATE-1__PICKEDSET2","ROCK","",  -970.502E-03,      -1.26573,      -1.26535,  -970.883E-03,  -10.5882E-03
F:/Desktop/DeepOnet_Abaqus/StaticElasticJob3.odb,Step-1,Increment      1: Step Time =    1.000,"PLATE-1",          1096,             1,   160.444E-03,       1.32561,            0.,"ASSEMBLY_PLATE-1__PICKEDSET2","ROCK","",  -972.892E-03,      -1.26484,      -1.26477,  -972.956E-03,  -4.31798E-03
F:/Desktop/DeepOnet_Abaqus/StaticElasticJob3.odb,Step-1,Increment      1: Step Time =    1.000,"PLATE-1",          1097,             1,  -253.393E-03,       1.34017,            0.,"ASSEMBLY_PLATE-1__PICKEDSET2","ROCK","",  -984.732E-03,      -1.25374,      -1.25305,  -985.425E-03,  -13.6273E-03
F:/Desktop/DeepOnet_Abaqus/StaticElasticJob3.odb,Step-1,Increment      1: Step Time =    1.000,"PLATE-1",          1098,             1,   287.783E-03,       1.31755,            0.,"ASSEMBLY_PLATE-1__PICKEDSET2","ROCK","",  -969.738E-03,      -1.26698,      -1.26695,  -969.765E-03,   2.79659E-03
F:/Desktop/DeepOnet_Abaqus/StaticElasticJob3.odb,Step-1,Increment      1: Step Time =    1.000,"PLATE-1",          1099,             1,   545.545E-03,       1.21514,            0.,"ASSEMBLY_PLATE-1__PICKEDSET2","ROCK","",  -969.011E-03,      -1.26808,      -1.26605,  -971.041E-03,   24.5569E-03
F:/Desktop/DeepOnet_Abaqus/StaticElasticJob3.odb,Step-1,Increment      1: Step Time =    1.000,"PLATE-1",          1100,             1,   667.364E-03,       1.23299,            0.,"ASSEMBLY_PLATE-1__PICKEDSET2","ROCK","",  -978.754E-03,      -1.26060,      -1.25789,  -981.469E-03,   27.5308E-03
F:/Desktop/DeepOnet_Abaqus/StaticElasticJob3.odb,Step-1,Increment      1: Step Time =    1.000,"PLATE-1",          1101,             1,   786.782E-03,       1.23933,            0.,"ASSEMBLY_PLATE-1__PICKEDSET2","ROCK","",  -987.693E-03,      -1.25327,      -1.25044,  -990.516E-03,   27.2324E-03
F:/Desktop/DeepOnet_Abaqus/StaticElasticJob3.odb,Step-1,Increment      1: Step Time =    1.000,"PLATE-1",          1102,             1,   974.239E-03,       1.27617,            0.,"ASSEMBLY_PLATE-1__PICKEDSET2","ROCK","",  -996.626E-03,      -1.24510,      -1.24295,  -998.769E-03,   22.9728E-03
F:/Desktop/DeepOnet_Abaqus/StaticElasticJob3.odb,Step-1,Increment      1: Step Time =    1.000,"PLATE-1",          1103,             1,   850.682E-03,       1.29400,            0.,"ASSEMBLY_PLATE-1__PICKEDSET2","ROCK","",  -991.518E-03,      -1.24977,      -1.24746,  -993.830E-03,   24.3244E-03
F:/Desktop/DeepOnet_Abaqus/StaticElasticJob3.odb,Step-1,Increment      1: Step Time =    1.000,"PLATE-1",          1104,             1,   597.764E-03,       1.28634,            0.,"ASSEMBLY_PLATE-1__PICKEDSET2","ROCK","",  -976.499E-03,      -1.26201,      -1.26023,  -978.278E-03,   22.4683E-03
F:/Desktop/DeepOnet_Abaqus/StaticElasticJob3.odb,Step-1,Increment      1: Step Time =    1.000,"PLATE-1",          1105,             1,       1.09969,       1.24988,            0.,"ASSEMBLY_PLATE-1__PICKEDSET2","ROCK","",      -1.00028,      -1.24129,      -1.23936,      -1.00222,   21.5257E-03
F:/Desktop/DeepOnet_Abaqus/StaticElasticJob3.odb,Step-1,Increment      1: Step Time =    1.000,"PLATE-1",          1106,             1,       1.19098,       1.40959,            0.,"ASSEMBLY_PLATE-1__PICKEDSET2","ROCK","",  -999.830E-03,      -1.23974,      -1.23856,      -1.00101,   16.7706E-03
F:/Desktop/DeepOnet_Abaqus/StaticElasticJob3.odb,Step-1,Increment      1: Step Time =    1.000,"PLATE-1",          1107,             1,       1.22417,       1.34894,            0.,"ASSEMBLY_PLATE-1__PICKEDSET2","ROCK","",      -1.00088,      -1.23913,      -1.23781,      -1.00220,   17.6686E-03
F:/Desktop/DeepOnet_Abaqus/StaticElasticJob3.odb,Step-1,Increment      1: Step Time =    1.000,"PLATE-1",          1108,             1,       1.36571,       1.12582,            0.,"ASSEMBLY_PLATE-1__PICKEDSET2","ROCK","",      -1.00514,      -1.23507,      -1.23351,      -1.00671,   18.8935E-03
F:/Desktop/DeepOnet_Abaqus/StaticElasticJob3.odb,Step-1,Increment      1: Step Time =    1.000,"PLATE-1",          1109,             1,      -1.43514,       1.25971,            0.,"ASSEMBLY_PLATE-1__PICKEDSET2","ROCK","",      -1.00127,      -1.23143,      -1.23053,      -1.00217,  -14.3618E-03
F:/Desktop/DeepOnet_Abaqus/StaticElasticJob3.odb,Step-1,Increment      1: Step Time =    1.000,"PLATE-1",          1110,             1,  -854.696E-03,       1.04532,            0.,"ASSEMBLY_PLATE-1__PICKEDSET2","ROCK","",  -992.846E-03,      -1.24182,      -1.23947,  -995.196E-03,  -24.0715E-03
F:/Desktop/DeepOnet_Abaqus/StaticElasticJob3.odb,Step-1,Increment      1: Step Time =    1.000,"PLATE-1",          1111,             1,  -664.104E-03,       1.15197,            0.,"ASSEMBLY_PLATE-1__PICKEDSET2","ROCK","",  -990.061E-03,      -1.24775,      -1.24615,  -991.665E-03,  -20.2676E-03
F:/Desktop/DeepOnet_Abaqus/StaticElasticJob3.odb,Step-1,Increment      1: Step Time =    1.000,"PLATE-1",          1112,             1,  -508.628E-03,       1.10318,            0.,"ASSEMBLY_PLATE-1__PICKEDSET2","ROCK","",  -987.272E-03,      -1.25278,      -1.25122,  -988.831E-03,  -20.2832E-03
F:/Desktop/DeepOnet_Abaqus/StaticElasticJob3.odb,Step-1,Increment      1: Step Time =    1.000,"PLATE-1",          1113,             1,  -571.847E-03,       1.08281,            0.,"ASSEMBLY_PLATE-1__PICKEDSET2","ROCK","",  -988.021E-03,      -1.25182,      -1.25002,  -989.817E-03,  -21.6886E-03
F:/Desktop/DeepOnet_Abaqus/StaticElasticJob3.odb,Step-1,Increment      1: Step Time =    1.000,"PLATE-1",          1114,             1,  -736.484E-03,       1.17630,            0.,"ASSEMBLY_PLATE-1__PICKEDSET2","ROCK","",  -991.172E-03,      -1.24551,      -1.24395,  -992.734E-03,  -19.8711E-03
F:/Desktop/DeepOnet_Abaqus/StaticElasticJob3.odb,Step-1,Increment      1: Step Time =    1.000,"PLATE-1",          1115,             1,  -400.268E-03,       1.10798,            0.,"ASSEMBLY_PLATE-1__PICKEDSET2","ROCK","",  -985.873E-03,      -1.25602,      -1.25466,  -987.240E-03,  -19.1714E-03
F:/Desktop/DeepOnet_Abaqus/StaticElasticJob3.odb,Step-1,Increment      1: Step Time =    1.000,"PLATE-1",          1116,             1,  -237.243E-03,       1.10996,            0.,"ASSEMBLY_PLATE-1__PICKEDSET2","ROCK","",  -985.112E-03,      -1.25921,      -1.25787,  -986.449E-03,  -19.1014E-03
F:/Desktop/DeepOnet_Abaqus/StaticElasticJob3.odb,Step-1,Increment      1: Step Time =    1.000,"PLATE-1",          1117,             1,  -85.8660E-03,       1.14549,            0.,"ASSEMBLY_PLATE-1__PICKEDSET2","ROCK","",  -979.470E-03,      -1.26213,      -1.26112,  -980.479E-03,  -16.8605E-03
F:/Desktop/DeepOnet_Abaqus/StaticElasticJob3.odb,Step-1,Increment      1: Step Time =    1.000,"PLATE-1",          1118,             1,  -16.5855E-03,       1.17902,            0.,"ASSEMBLY_PLATE-1__PICKEDSET2","ROCK","",  -975.556E-03,      -1.26413,      -1.26308,  -976.603E-03,  -17.3505E-03
F:/Desktop/DeepOnet_Abaqus/StaticElasticJob3.odb,Step-1,Increment      1: Step Time =    1.000,"PLATE-1",          1119,             1,   132.907E-03,       1.14408,            0.,"ASSEMBLY_PLATE-1__PICKEDSET2","ROCK","",  -962.299E-03,      -1.27217,      -1.27148,  -962.985E-03,  -14.5722E-03
F:/Desktop/DeepOnet_Abaqus/StaticElasticJob3.odb,Step-1,Increment      1: Step Time =    1.000,"PLATE-1",          1120,             1,   196.338E-03,       1.10799,            0.,"ASSEMBLY_PLATE-1__PICKEDSET2","ROCK","",  -957.835E-03,      -1.27821,      -1.27788,  -958.165E-03,  -10.2758E-03
F:/Desktop/DeepOnet_Abaqus/StaticElasticJob3.odb,Step-1,Increment      1: Step Time =    1.000,"PLATE-1",          1121,             1,  -179.317E-03,       1.15588,            0.,"ASSEMBLY_PLATE-1__PICKEDSET2","ROCK","",  -982.330E-03,      -1.25952,      -1.25849,  -983.359E-03,  -16.8526E-03
F:/Desktop/DeepOnet_Abaqus/StaticElasticJob3.odb,Step-1,Increment      1: Step Time =    1.000,"PLATE-1",          1122,             1,  -143.179E-03,       1.10429,            0.,"ASSEMBLY_PLATE-1__PICKEDSET2","ROCK","",  -982.567E-03,      -1.26173,      -1.26026,  -984.034E-03,  -20.1829E-03
F:/Desktop/DeepOnet_Abaqus/StaticElasticJob3.odb,Step-1,Increment      1: Step Time =    1.000,"PLATE-1",          1123,             1,   46.3239E-03,       1.09822,            0.,"ASSEMBLY_PLATE-1__PICKEDSET2","ROCK","",  -967.860E-03,      -1.26945,      -1.26801,  -969.299E-03,  -20.7877E-03
F:/Desktop/DeepOnet_Abaqus/StaticElasticJob3.odb,Step-1,Increment      1: Step Time =    1.000,"PLATE-1",          1124,             1,   422.780E-03,       1.05107,            0.,"ASSEMBLY_PLATE-1__PICKEDSET2","ROCK","",  -941.299E-03,      -1.29191,      -1.29031,  -942.897E-03,   23.6149E-03
F:/Desktop/DeepOnet_Abaqus/StaticElasticJob3.odb,Step-1,Increment      1: Step Time =    1.000,"PLATE-1",          1125,             1,   396.974E-03,       1.11288,            0.,"ASSEMBLY_PLATE-1__PICKEDSET2","ROCK","",  -946.460E-03,      -1.28438,      -1.28362,  -947.221E-03,   16.0219E-03
F:/Desktop/DeepOnet_Abaqus/StaticElasticJob3.odb,Step-1,Increment      1: Step Time =    1.000,"PLATE-1",          1126,             1,   618.653E-03,       1.16271,            0.,"ASSEMBLY_PLATE-1__PICKEDSET2","ROCK","",  -972.893E-03,      -1.26637,      -1.26286,  -976.402E-03,   31.8993E-03
F:/Desktop/DeepOnet_Abaqus/StaticElasticJob3.odb,Step-1,Increment      1: Step Time =    1.000,"PLATE-1",          1127,             1,   891.946E-03,       1.11625,            0.,"ASSEMBLY_PLATE-1__PICKEDSET2","ROCK","",  -995.095E-03,      -1.24885,      -1.24503,  -998.924E-03,   30.9345E-03
F:/Desktop/DeepOnet_Abaqus/StaticElasticJob3.odb,Step-1,Increment      1: Step Time =    1.000,"PLATE-1",          1128,             1,   992.188E-03,       1.09488,            0.,"ASSEMBLY_PLATE-1__PICKEDSET2","ROCK","",  -999.615E-03,      -1.24442,      -1.24115,      -1.00288,   28.0888E-03
F:/Desktop/DeepOnet_Abaqus/StaticElasticJob3.odb,Step-1,Increment      1: Step Time =    1.000,"PLATE-1",          1129,             1,   905.146E-03,       1.22699,            0.,"ASSEMBLY_PLATE-1__PICKEDSET2","ROCK","",  -994.007E-03,      -1.24791,      -1.24522,  -996.696E-03,   25.9913E-03
F:/Desktop/DeepOnet_Abaqus/StaticElasticJob3.odb,Step-1,Increment      1: Step Time =    1.000,"PLATE-1",          1130,             1,   477.286E-03,       1.08169,            0.,"ASSEMBLY_PLATE-1__PICKEDSET2","ROCK","",  -948.093E-03,      -1.28317,      -1.28069,  -950.575E-03,   28.7327E-03
F:/Desktop/DeepOnet_Abaqus/StaticElasticJob3.odb,Step-1,Increment      1: Step Time =    1.000,"PLATE-1",          1131,             1,   682.531E-03,       1.11351,            0.,"ASSEMBLY_PLATE-1__PICKEDSET2","ROCK","",  -977.655E-03,      -1.26362,      -1.25885,  -982.432E-03,   36.6495E-03
F:/Desktop/DeepOnet_Abaqus/StaticElasticJob3.odb,Step-1,Increment      1: Step Time =    1.000,"PLATE-1",          1132,             1,       1.12699,       1.13345,            0.,"ASSEMBLY_PLATE-1__PICKEDSET2","ROCK","",      -1.00203,      -1.24018,      -1.23791,      -1.00430,   23.1283E-03
F:/Desktop/DeepOnet_Abaqus/StaticElasticJob3.odb,Step-1,Increment      1: Step Time =    1.000,"PLATE-1",          1133,             1,       1.23322,       1.25330,            0.,"ASSEMBLY_PLATE-1__PICKEDSET2","ROCK","",      -1.00199,      -1.23854,      -1.23701,      -1.00352,   18.9743E-03
F:/Desktop/DeepOnet_Abaqus/StaticElasticJob3.odb,Step-1,Increment      1: Step Time =    1.000,"PLATE-1",          1134,             1,       1.27639,       1.19916,            0.,"ASSEMBLY_PLATE-1__PICKEDSET2","ROCK","",      -1.00342,      -1.23719,      -1.23562,      -1.00500,   19.1016E-03
F:/Desktop/DeepOnet_Abaqus/StaticElasticJob3.odb,Step-1,Increment      1: Step Time =    1.000,"PLATE-1",          1135,             1,       1.35948,       1.03187,            0.,"ASSEMBLY_PLATE-1__PICKEDSET2","ROCK","",      -1.00650,      -1.23420,      -1.23242,      -1.00828,   20.0583E-03
F:/Desktop/DeepOnet_Abaqus/StaticElasticJob3.odb,Step-1,Increment      1: Step Time =    1.000,"PLATE-1",          1136,             1,       1.36195,       1.21787,            0.,"ASSEMBLY_PLATE-1__PICKEDSET2","ROCK","",      -1.00383,      -1.23608,      -1.23474,      -1.00517,   17.6118E-03
F:/Desktop/DeepOnet_Abaqus/StaticElasticJob3.odb,Step-1,Increment      1: Step Time =    1.000,"PLATE-1",          1137,             1,      -1.45801,       1.11905,            0.,"ASSEMBLY_PLATE-1__PICKEDSET2","ROCK","",      -1.00273,      -1.22937,      -1.22833,      -1.00378,  -15.3521E-03
F:/Desktop/DeepOnet_Abaqus/StaticElasticJob3.odb,Step-1,Increment      1: Step Time =    1.000,"PLATE-1",          1138,             1,      -1.40364,       1.06503,            0.,"ASSEMBLY_PLATE-1__PICKEDSET2","ROCK","",      -1.00290,      -1.22880,      -1.22754,      -1.00416,  -16.7776E-03
F:/Desktop/DeepOnet_Abaqus/StaticElasticJob3.odb,Step-1,Increment      1: Step Time =    1.000,"PLATE-1",          1139,             1,      -1.26656,   821.229E-03,            0.,"ASSEMBLY_PLATE-1__PICKEDSET2","ROCK","",      -1.00536,      -1.22451,      -1.22230,      -1.00758,  -21.9372E-03
F:/Desktop/DeepOnet_Abaqus/StaticElasticJob3.odb,Step-1,Increment      1: Step Time =    1.000,"PLATE-1",          1140,             1,      -1.05251,   768.749E-03,            0.,"ASSEMBLY_PLATE-1__PICKEDSET2","ROCK","",      -1.00173,      -1.22752,      -1.22357,      -1.00568,  -29.6083E-03
F:/Desktop/DeepOnet_Abaqus/StaticElasticJob3.odb,Step-1,Increment      1: Step Time =    1.000,"PLATE-1",          1141,             1,  -958.238E-03,   559.412E-03,            0.,"ASSEMBLY_PLATE-1__PICKEDSET2","ROCK","",      -1.00620,      -1.21827,      -1.21058,      -1.01389,  -39.6404E-03
F:/Desktop/DeepOnet_Abaqus/StaticElasticJob3.odb,Step-1,Increment      1: Step Time =    1.000,"PLATE-1",          1142,             1,  -791.477E-03,   483.982E-03,            0.,"ASSEMBLY_PLATE-1__PICKEDSET2","ROCK","",  -998.709E-03,      -1.22140,      -1.20495,      -1.01516,  -58.2523E-03
F:/Desktop/DeepOnet_Abaqus/StaticElasticJob3.odb,Step-1,Increment      1: Step Time =    1.000,"PLATE-1",          1143,             1,  -736.141E-03,   217.993E-03,            0.,"ASSEMBLY_PLATE-1__PICKEDSET2","ROCK","",      -1.03348,      -1.16682,      -1.13708,      -1.06322,  -55.5026E-03
F:/Desktop/DeepOnet_Abaqus/StaticElasticJob3.odb,Step-1,Increment      1: Step Time =    1.000,"PLATE-1",          1144,             1,  -777.957E-03,       1.02819,            0.,"ASSEMBLY_PLATE-1__PICKEDSET2","ROCK","",  -990.855E-03,      -1.24479,      -1.24231,  -993.331E-03,  -24.9527E-03
F:/Desktop/DeepOnet_Abaqus/StaticElasticJob3.odb,Step-1,Increment      1: Step Time =    1.000,"PLATE-1",          1145,             1,  -733.585E-03,   802.504E-03,            0.,"ASSEMBLY_PLATE-1__PICKEDSET2","ROCK","",  -988.078E-03,      -1.24562,      -1.24008,  -993.618E-03,  -37.3631E-03
F:/Desktop/DeepOnet_Abaqus/StaticElasticJob3.odb,Step-1,Increment      1: Step Time =    1.000,"PLATE-1",          1146,             1,  -524.521E-03,   736.789E-03,            0.,"ASSEMBLY_PLATE-1__PICKEDSET2","ROCK","",  -975.279E-03,      -1.26640,      -1.25986,  -981.815E-03,  -43.1274E-03
F:/Desktop/DeepOnet_Abaqus/StaticElasticJob3.odb,Step-1,Increment      1: Step Time =    1.000,"PLATE-1",          1147,             1,  -474.859E-03,   800.046E-03,            0.,"ASSEMBLY_PLATE-1__PICKEDSET2","ROCK","",  -977.942E-03,      -1.26644,      -1.26211,  -982.264E-03,  -35.0444E-03
F:/Desktop/DeepOnet_Abaqus/StaticElasticJob3.odb,Step-1,Increment      1: Step Time =    1.000,"PLATE-1",          1148,             1,  -543.423E-03,       1.01121,            0.,"ASSEMBLY_PLATE-1__PICKEDSET2","ROCK","",  -985.904E-03,      -1.25413,      -1.25191,  -988.115E-03,  -24.2547E-03
F:/Desktop/DeepOnet_Abaqus/StaticElasticJob3.odb,Step-1,Increment      1: Step Time =    1.000,"PLATE-1",          1149,             1,  -649.149E-03,   992.694E-03,            0.,"ASSEMBLY_PLATE-1__PICKEDSET2","ROCK","",  -987.694E-03,      -1.25028,      -1.24769,  -990.281E-03,  -25.9359E-03
F:/Desktop/DeepOnet_Abaqus/StaticElasticJob3.odb,Step-1,Increment      1: Step Time =    1.000,"PLATE-1",          1150,             1,  -719.733E-03,   940.371E-03,            0.,"ASSEMBLY_PLATE-1__PICKEDSET2","ROCK","",  -988.629E-03,      -1.24739,      -1.24408,  -991.941E-03,  -29.0848E-03
F:/Desktop/DeepOnet_Abaqus/StaticElasticJob3.odb,Step-1,Increment      1: Step Time =    1.000,"PLATE-1",          1151,             1,  -484.432E-03,       1.02861,            0.,"ASSEMBLY_PLATE-1__PICKEDSET2","ROCK","",  -986.409E-03,      -1.25627,      -1.25431,  -988.377E-03,  -22.9590E-03
F:/Desktop/DeepOnet_Abaqus/StaticElasticJob3.odb,Step-1,Increment      1: Step Time =    1.000,"PLATE-1",          1152,             1,  -322.783E-03,   985.326E-03,            0.,"ASSEMBLY_PLATE-1__PICKEDSET2","ROCK","",  -985.807E-03,      -1.26212,      -1.26037,  -987.559E-03,  -21.9346E-03
F:/Desktop/DeepOnet_Abaqus/StaticElasticJob3.odb,Step-1,Increment      1: Step Time =    1.000,"PLATE-1",          1153,             1,  -208.661E-03,   971.139E-03,            0.,"ASSEMBLY_PLATE-1__PICKEDSET2","ROCK","",  -984.792E-03,      -1.26461,      -1.26308,  -986.313E-03,  -20.5761E-03
F:/Desktop/DeepOnet_Abaqus/StaticElasticJob3.odb,Step-1,Increment      1: Step Time =    1.000,"PLATE-1",          1154,             1,  -11.0255E-03,   967.228E-03,            0.,"ASSEMBLY_PLATE-1__PICKEDSET2","ROCK","",  -972.467E-03,      -1.27022,      -1.26785,  -974.844E-03,  -26.4929E-03
F:/Desktop/DeepOnet_Abaqus/StaticElasticJob3.odb,Step-1,Increment      1: Step Time =    1.000,"PLATE-1",          1155,             1,   82.5488E-03,   950.743E-03,            0.,"ASSEMBLY_PLATE-1__PICKEDSET2","ROCK","",  -961.966E-03,      -1.27834,      -1.27573,  -964.570E-03,  -28.5820E-03
F:/Desktop/DeepOnet_Abaqus/StaticElasticJob3.odb,Step-1,Increment      1: Step Time =    1.000,"PLATE-1",          1156,             1,   87.7474E-03,       1.00984,            0.,"ASSEMBLY_PLATE-1__PICKEDSET2","ROCK","",  -960.850E-03,      -1.27494,      -1.27278,  -963.012E-03,  -25.9674E-03
F:/Desktop/DeepOnet_Abaqus/StaticElasticJob3.odb,Step-1,Increment      1: Step Time =    1.000,"PLATE-1",          1157,             1,  -118.660E-03,   960.665E-03,            0.,"ASSEMBLY_PLATE-1__PICKEDSET2","ROCK","",  -982.071E-03,      -1.26660,      -1.26499,  -983.677E-03,  -21.3142E-03
F:/Desktop/DeepOnet_Abaqus/StaticElasticJob3.odb,Step-1,Increment      1: Step Time =    1.000,"PLATE-1",          1158,             1,   336.722E-03,   945.286E-03,            0.,"ASSEMBLY_PLATE-1__PICKEDSET2","ROCK","",  -914.295E-03,      -1.30837,      -1.30837,  -914.298E-03,   1.17562E-03
F:/Desktop/DeepOnet_Abaqus/StaticElasticJob3.odb,Step-1,Increment      1: Step Time =    1.000,"PLATE-1",          1159,             1,   462.827E-03,       1.00409,            0.,"ASSEMBLY_PLATE-1__PICKEDSET2","ROCK","",  -933.018E-03,      -1.29124,      -1.28866,  -935.601E-03,   30.3090E-03
F:/Desktop/DeepOnet_Abaqus/StaticElasticJob3.odb,Step-1,Increment      1: Step Time =    1.000,"PLATE-1",          1160,             1,   606.028E-03,   976.726E-03,            0.,"ASSEMBLY_PLATE-1__PICKEDSET2","ROCK","",  -958.598E-03,      -1.28144,      -1.27182,  -968.221E-03,   54.8996E-03
F:/Desktop/DeepOnet_Abaqus/StaticElasticJob3.odb,Step-1,Increment      1: Step Time =    1.000,"PLATE-1",          1161,             1,   790.484E-03,       1.02311,            0.,"ASSEMBLY_PLATE-1__PICKEDSET2","ROCK","",  -989.702E-03,      -1.25605,      -1.24982,  -995.926E-03,   40.2361E-03
F:/Desktop/DeepOnet_Abaqus/StaticElasticJob3.odb,Step-1,Increment      1: Step Time =    1.000,"PLATE-1",          1162,             1,   916.932E-03,   961.645E-03,            0.,"ASSEMBLY_PLATE-1__PICKEDSET2","ROCK","",      -1.00329,      -1.24802,      -1.24214,      -1.00917,   37.4561E-03
F:/Desktop/DeepOnet_Abaqus/StaticElasticJob3.odb,Step-1,Increment      1: Step Time =    1.000,"PLATE-1",          1163,             1,   374.959E-03,       1.00371,            0.,"ASSEMBLY_PLATE-1__PICKEDSET2","ROCK","",  -921.911E-03,      -1.29851,      -1.29819,  -922.229E-03,   10.9404E-03
F:/Desktop/DeepOnet_Abaqus/StaticElasticJob3.odb,Step-1,Increment      1: Step Time =    1.000,"PLATE-1",          1164,             1,       1.27232,       1.03632,            0.,"ASSEMBLY_PLATE-1__PICKEDSET2","ROCK","",      -1.00608,      -1.23573,      -1.23357,      -1.00824,   22.1502E-03
F:/Desktop/DeepOnet_Abaqus/StaticElasticJob3.odb,Step-1,Increment      1: Step Time =    1.000,"PLATE-1",          1165,             1,      -1.37815,   951.749E-03,            0.,"ASSEMBLY_PLATE-1__PICKEDSET2","ROCK","",      -1.00409,      -1.22696,      -1.22547,      -1.00559,  -18.1864E-03
F:/Desktop/DeepOnet_Abaqus/StaticElasticJob3.odb,Step-1,Increment      1: Step Time =    1.000,"PLATE-1",          1166,             1,      -1.41284,   891.300E-03,            0.,"ASSEMBLY_PLATE-1__PICKEDSET2","ROCK","",      -1.00574,      -1.22493,      -1.22347,      -1.00721,  -17.8514E-03
F:/Desktop/DeepOnet_Abaqus/StaticElasticJob3.odb,Step-1,Increment      1: Step Time =    1.000,"PLATE-1",          1167,             1,      -1.23708,   728.203E-03,            0.,"ASSEMBLY_PLATE-1__PICKEDSET2","ROCK","",      -1.00704,      -1.22182,      -1.21916,      -1.00970,  -23.7427E-03
F:/Desktop/DeepOnet_Abaqus/StaticElasticJob3.odb,Step-1,Increment      1: Step Time =    1.000,"PLATE-1",          1168,             1,      -1.08590,   631.402E-03,            0.,"ASSEMBLY_PLATE-1__PICKEDSET2","ROCK","",      -1.00754,      -1.21920,      -1.21460,      -1.01214,  -30.8610E-03
F:/Desktop/DeepOnet_Abaqus/StaticElasticJob3.odb,Step-1,Increment      1: Step Time =    1.000,"PLATE-1",          1169,             1,      -1.01706,   376.049E-03,            0.,"ASSEMBLY_PLATE-1__PICKEDSET2","ROCK","",      -1.02291,      -1.19685,      -1.19039,      -1.02937,  -32.8985E-03
F:/Desktop/DeepOnet_Abaqus/StaticElasticJob3.odb,Step-1,Increment      1: Step Time =    1.000,"PLATE-1",          1170,             1,  -780.547E-03,   346.538E-03,            0.,"ASSEMBLY_PLATE-1__PICKEDSET2","ROCK","",      -1.01452,      -1.19688,      -1.17571,      -1.03569,  -58.4150E-03
F:/Desktop/DeepOnet_Abaqus/StaticElasticJob3.odb,Step-1,Increment      1: Step Time =    1.000,"PLATE-1",          1171,             1,  -547.119E-03,   78.7860E-03,            0.,"ASSEMBLY_PLATE-1__PICKEDSET2","ROCK","",  -999.792E-03,      -1.16013,      -1.02345,      -1.13647,  -56.8629E-03
F:/Desktop/DeepOnet_Abaqus/StaticElasticJob3.odb,Step-1,Increment      1: Step Time =    1.000,"PLATE-1",          1172,             1,  -270.650E-03,  -144.620E-03,            0.,"ASSEMBLY_PLATE-1__PICKEDSET2","ROCK","",  -691.093E-03,      -1.63774,      -1.07332,      -1.25551,   464.474E-03
F:/Desktop/DeepOnet_Abaqus/StaticElasticJob3.odb,Step-1,Increment      1: Step Time =    1.000,"PLATE-1",          1173,             1,      -1.30022,   925.407E-03,            0.,"ASSEMBLY_PLATE-1__PICKEDSET2","ROCK","",      -1.00355,      -1.22743,      -1.22562,      -1.00535,  -20.0095E-03
F:/Desktop/DeepOnet_Abaqus/StaticElasticJob3.odb,Step-1,Increment      1: Step Time =    1.000,"PLATE-1",          1174,             1,      -1.09526,   961.640E-03,            0.,"ASSEMBLY_PLATE-1__PICKEDSET2","ROCK","",  -999.291E-03,      -1.23263,      -1.23025,      -1.00167,  -23.4465E-03
F:/Desktop/DeepOnet_Abaqus/StaticElasticJob3.odb,Step-1,Increment      1: Step Time =    1.000,"PLATE-1",          1175,             1,  -789.680E-03,   954.420E-03,            0.,"ASSEMBLY_PLATE-1__PICKEDSET2","ROCK","",  -990.855E-03,      -1.24401,      -1.24085,  -994.016E-03,  -28.1087E-03
F:/Desktop/DeepOnet_Abaqus/StaticElasticJob3.odb,Step-1,Increment      1: Step Time =    1.000,"PLATE-1",          1176,             1,  -865.514E-03,   817.855E-03,            0.,"ASSEMBLY_PLATE-1__PICKEDSET2","ROCK","",  -993.995E-03,      -1.23752,      -1.23278,  -998.728E-03,  -33.6175E-03
F:/Desktop/DeepOnet_Abaqus/StaticElasticJob3.odb,Step-1,Increment      1: Step Time =    1.000,"PLATE-1",          1177,             1,  -681.922E-03,   720.616E-03,            0.,"ASSEMBLY_PLATE-1__PICKEDSET2","ROCK","",  -984.214E-03,      -1.24908,      -1.24117,  -992.123E-03,  -45.0810E-03
F:/Desktop/DeepOnet_Abaqus/StaticElasticJob3.odb,Step-1,Increment      1: Step Time =    1.000,"PLATE-1",          1178,             1,  -420.594E-03,   752.827E-03,            0.,"ASSEMBLY_PLATE-1__PICKEDSET2","ROCK","",  -974.736E-03,      -1.27505,      -1.27051,  -979.286E-03,  -36.6819E-03
F:/Desktop/DeepOnet_Abaqus/StaticElasticJob3.odb,Step-1,Increment      1: Step Time =    1.000,"PLATE-1",          1179,             1,  -370.591E-03,   841.926E-03,            0.,"ASSEMBLY_PLATE-1__PICKEDSET2","ROCK","",  -980.567E-03,      -1.27057,      -1.26775,  -983.378E-03,  -28.4172E-03
F:/Desktop/DeepOnet_Abaqus/StaticElasticJob3.odb,Step-1,Increment      1: Step Time =    1.000,"PLATE-1",          1180,             1,  -301.463E-03,   821.811E-03,            0.,"ASSEMBLY_PLATE-1__PICKEDSET2","ROCK","",  -978.556E-03,      -1.27535,      -1.27324,  -980.666E-03,  -24.9332E-03
F:/Desktop/DeepOnet_Abaqus/StaticElasticJob3.odb,Step-1,Increment      1: Step Time =    1.000,"PLATE-1",          1181,             1,  -213.371E-03,   748.638E-03,            0.,"ASSEMBLY_PLATE-1__PICKEDSET2","ROCK","",  -978.477E-03,      -1.28672,      -1.28461,  -980.588E-03,  -25.4234E-03
F:/Desktop/DeepOnet_Abaqus/StaticElasticJob3.odb,Step-1,Increment      1: Step Time =    1.000,"PLATE-1",          1182,             1,   115.443E-03,   776.639E-03,            0.,"ASSEMBLY_PLATE-1__PICKEDSET2","ROCK","",  -972.216E-03,      -1.27477,      -1.26806,  -978.922E-03,  -44.5421E-03
F:/Desktop/DeepOnet_Abaqus/StaticElasticJob3.odb,Step-1,Increment      1: Step Time =    1.000,"PLATE-1",          1183,             1,   128.762E-03,   889.226E-03,            0.,"ASSEMBLY_PLATE-1__PICKEDSET2","ROCK","",  -952.437E-03,      -1.28469,      -1.28082,  -956.298E-03,  -35.6095E-03
F:/Desktop/DeepOnet_Abaqus/StaticElasticJob3.odb,Step-1,Increment      1: Step Time =    1.000,"PLATE-1",          1184,             1,   297.849E-03,   888.299E-03,            0.,"ASSEMBLY_PLATE-1__PICKEDSET2","ROCK","",  -895.339E-03,      -1.31119,      -1.30970,  -896.829E-03,  -24.8535E-03
F:/Desktop/DeepOnet_Abaqus/StaticElasticJob3.odb,Step-1,Increment      1: Step Time =    1.000,"PLATE-1",          1185,             1,   529.719E-03,   915.658E-03,            0.,"ASSEMBLY_PLATE-1__PICKEDSET2","ROCK","",  -924.741E-03,      -1.30103,      -1.29164,  -934.137E-03,   58.7142E-03
F:/Desktop/DeepOnet_Abaqus/StaticElasticJob3.odb,Step-1,Increment      1: Step Time =    1.000,"PLATE-1",          1186,             1,   629.879E-03,   873.153E-03,            0.,"ASSEMBLY_PLATE-1__PICKEDSET2","ROCK","",  -965.678E-03,      -1.28315,      -1.26531,  -983.518E-03,   73.1113E-03
F:/Desktop/DeepOnet_Abaqus/StaticElasticJob3.odb,Step-1,Increment      1: Step Time =    1.000,"PLATE-1",          1187,             1,   851.498E-03,   809.607E-03,            0.,"ASSEMBLY_PLATE-1__PICKEDSET2","ROCK","",      -1.00736,      -1.25120,      -1.24099,      -1.01757,   48.8401E-03
F:/Desktop/DeepOnet_Abaqus/StaticElasticJob3.odb,Step-1,Increment      1: Step Time =    1.000,"PLATE-1",          1188,             1,   955.691E-03,   805.902E-03,            0.,"ASSEMBLY_PLATE-1__PICKEDSET2","ROCK","",      -1.00920,      -1.24431,      -1.23719,      -1.01632,   40.2764E-03
F:/Desktop/DeepOnet_Abaqus/StaticElasticJob3.odb,Step-1,Increment      1: Step Time =    1.000,"PLATE-1",          1189,             1,   350.051E-03,   848.720E-03,            0.,"ASSEMBLY_PLATE-1__PICKEDSET2","ROCK","",  -876.150E-03,      -1.32887,      -1.32854,  -876.478E-03,  -12.1832E-03
F:/Desktop/DeepOnet_Abaqus/StaticElasticJob3.odb,Step-1,Increment      1: Step Time =    1.000,"PLATE-1",          1190,             1,   542.806E-03,   863.433E-03,            0.,"ASSEMBLY_PLATE-1__PICKEDSET2","ROCK","",  -917.926E-03,      -1.31388,      -1.29757,  -934.241E-03,   78.7001E-03
F:/Desktop/DeepOnet_Abaqus/StaticElasticJob3.odb,Step-1,Increment      1: Step Time =    1.000,"PLATE-1",          1191,             1,   733.669E-03,   898.944E-03,            0.,"ASSEMBLY_PLATE-1__PICKEDSET2","ROCK","",  -988.460E-03,      -1.26316,      -1.25156,      -1.00006,   55.2534E-03
F:/Desktop/DeepOnet_Abaqus/StaticElasticJob3.odb,Step-1,Increment      1: Step Time =    1.000,"PLATE-1",          1192,             1,      -1.29735,   758.157E-03,            0.,"ASSEMBLY_PLATE-1__PICKEDSET2","ROCK","",      -1.00736,      -1.22183,      -1.21959,      -1.00961,  -21.8457E-03
F:/Desktop/DeepOnet_Abaqus/StaticElasticJob3.odb,Step-1,Increment      1: Step Time =    1.000,"PLATE-1",          1193,             1,      -1.11108,   795.941E-03,            0.,"ASSEMBLY_PLATE-1__PICKEDSET2","ROCK","",      -1.00279,      -1.22678,      -1.22344,      -1.00613,  -27.1546E-03
F:/Desktop/DeepOnet_Abaqus/StaticElasticJob3.odb,Step-1,Increment      1: Step Time =    1.000,"PLATE-1",          1194,             1,  -997.920E-03,   873.319E-03,            0.,"ASSEMBLY_PLATE-1__PICKEDSET2","ROCK","",  -997.932E-03,      -1.23335,      -1.22999,      -1.00129,  -27.9034E-03
F:/Desktop/DeepOnet_Abaqus/StaticElasticJob3.odb,Step-1,Increment      1: Step Time =    1.000,"PLATE-1",          1195,             1,  -800.183E-03,   812.381E-03,            0.,"ASSEMBLY_PLATE-1__PICKEDSET2","ROCK","",  -991.246E-03,      -1.24126,      -1.23617,  -996.331E-03,  -35.2907E-03
F:/Desktop/DeepOnet_Abaqus/StaticElasticJob3.odb,Step-1,Increment      1: Step Time =    1.000,"PLATE-1",          1196,             1,  -726.324E-03,   871.168E-03,            0.,"ASSEMBLY_PLATE-1__PICKEDSET2","ROCK","",  -988.234E-03,      -1.24684,      -1.24259,  -992.489E-03,  -32.8963E-03
F:/Desktop/DeepOnet_Abaqus/StaticElasticJob3.odb,Step-1,Increment      1: Step Time =    1.000,"PLATE-1",          1197,             1,  -305.709E-03,   664.974E-03,            0.,"ASSEMBLY_PLATE-1__PICKEDSET2","ROCK","",  -966.361E-03,      -1.29627,      -1.29088,  -971.747E-03,  -41.8099E-03
F:/Desktop/DeepOnet_Abaqus/StaticElasticJob3.odb,Step-1,Increment      1: Step Time =    1.000,"PLATE-1",          1198,             1,  -253.872E-03,   650.409E-03,            0.,"ASSEMBLY_PLATE-1__PICKEDSET2","ROCK","",  -965.063E-03,      -1.30655,      -1.30364,  -967.975E-03,  -31.4002E-03
F:/Desktop/DeepOnet_Abaqus/StaticElasticJob3.odb,Step-1,Increment      1: Step Time =    1.000,"PLATE-1",          1199,             1,  -163.860E-03,   698.367E-03,            0.,"ASSEMBLY_PLATE-1__PICKEDSET2","ROCK","",  -980.747E-03,      -1.29616,      -1.29499,  -981.916E-03,  -19.1637E-03
F:/Desktop/DeepOnet_Abaqus/StaticElasticJob3.odb,Step-1,Increment      1: Step Time =    1.000,"PLATE-1",          1200,             1,   48.5177E-03,   707.692E-03,            0.,"ASSEMBLY_PLATE-1__PICKEDSET2","ROCK","",  -998.597E-03,      -1.27595,      -1.27421,      -1.00034,  -21.9374E-03
F:/Desktop/DeepOnet_Abaqus/StaticElasticJob3.odb,Step-1,Increment      1: Step Time =    1.000,"PLATE-1",          1201,             1,   425.236E-03,   725.198E-03,            0.,"ASSEMBLY_PLATE-1__PICKEDSET2","ROCK","",  -699.211E-03,      -1.41608,      -1.41423,  -701.065E-03,   36.4106E-03
F:/Desktop/DeepOnet_Abaqus/StaticElasticJob3.odb,Step-1,Increment      1: Step Time =    1.000,"PLATE-1",          1202,             1,   525.818E-03,   649.294E-03,            0.,"ASSEMBLY_PLATE-1__PICKEDSET2","ROCK","",  -779.071E-03,      -1.52099,      -1.36947,  -930.591E-03,   299.093E-03
F:/Desktop/DeepOnet_Abaqus/StaticElasticJob3.odb,Step-1,Increment      1: Step Time =    1.000,"PLATE-1",          1203,             1,   668.484E-03,   643.161E-03,            0.,"ASSEMBLY_PLATE-1__PICKEDSET2","ROCK","",      -1.00227,      -1.31504,      -1.26398,      -1.05333,   115.594E-03
F:/Desktop/DeepOnet_Abaqus/StaticElasticJob3.odb,Step-1,Increment      1: Step Time =    1.000,"PLATE-1",          1204,             1,   705.233E-03,   709.412E-03,            0.,"ASSEMBLY_PLATE-1__PICKEDSET2","ROCK","",      -1.01991,      -1.28174,      -1.24825,      -1.05340,   87.4511E-03
F:/Desktop/DeepOnet_Abaqus/StaticElasticJob3.odb,Step-1,Increment      1: Step Time =    1.000,"PLATE-1",          1205,             1,   336.960E-03,   727.223E-03,            0.,"ASSEMBLY_PLATE-1__PICKEDSET2","ROCK","",  -787.282E-03,      -1.35831,      -1.34477,  -800.820E-03,  -86.8735E-03
F:/Desktop/DeepOnet_Abaqus/StaticElasticJob3.odb,Step-1,Increment      1: Step Time =    1.000,"PLATE-1",          1206,             1,   523.890E-03,   753.581E-03,            0.,"ASSEMBLY_PLATE-1__PICKEDSET2","ROCK","",  -885.043E-03,      -1.34808,      -1.30557,  -927.552E-03,   133.702E-03
F:/Desktop/DeepOnet_Abaqus/StaticElasticJob3.odb,Step-1,Increment      1: Step Time =    1.000,"PLATE-1",          1207,             1,      -1.07525,   703.406E-03,            0.,"ASSEMBLY_PLATE-1__PICKEDSET2","ROCK","",      -1.00462,      -1.22350,      -1.21932,      -1.00880,  -29.9767E-03
F:/Desktop/DeepOnet_Abaqus/StaticElasticJob3.odb,Step-1,Increment      1: Step Time =    1.000,"PLATE-1",          1208,             1,      -1.27800,   513.966E-03,            0.,"ASSEMBLY_PLATE-1__PICKEDSET2","ROCK","",      -1.01587,      -1.21049,      -1.20815,      -1.01821,  -21.2232E-03
F:/Desktop/DeepOnet_Abaqus/StaticElasticJob3.odb,Step-1,Increment      1: Step Time =    1.000,"PLATE-1",          1209,             1,      -1.32050,   470.697E-03,            0.,"ASSEMBLY_PLATE-1__PICKEDSET2","ROCK","",      -1.01751,      -1.20873,      -1.20675,      -1.01949,  -19.3504E-03
F:/Desktop/DeepOnet_Abaqus/StaticElasticJob3.odb,Step-1,Increment      1: Step Time =    1.000,"PLATE-1",          1210,             1,  -941.199E-03,   613.870E-03,            0.,"ASSEMBLY_PLATE-1__PICKEDSET2","ROCK","",      -1.00231,      -1.22380,      -1.21646,      -1.00965,  -39.6307E-03
F:/Desktop/DeepOnet_Abaqus/StaticElasticJob3.odb,Step-1,Increment      1: Step Time =    1.000,"PLATE-1",          1211,             1,  -837.276E-03,   627.801E-03,            0.,"ASSEMBLY_PLATE-1__PICKEDSET2","ROCK","",  -995.709E-03,      -1.23134,      -1.22229,      -1.00476,  -45.2902E-03
F:/Desktop/DeepOnet_Abaqus/StaticElasticJob3.odb,Step-1,Increment      1: Step Time =    1.000,"PLATE-1",          1212,             1,  -703.036E-03,   660.375E-03,            0.,"ASSEMBLY_PLATE-1__PICKEDSET2","ROCK","",  -984.953E-03,      -1.24562,      -1.23548,  -995.090E-03,  -50.3944E-03
F:/Desktop/DeepOnet_Abaqus/StaticElasticJob3.odb,Step-1,Increment      1: Step Time =    1.000,"PLATE-1",          1213,             1,  -243.804E-03,   558.288E-03,            0.,"ASSEMBLY_PLATE-1__PICKEDSET2","ROCK","",  -950.805E-03,      -1.33614,      -1.33075,  -956.195E-03,  -45.2536E-03
F:/Desktop/DeepOnet_Abaqus/StaticElasticJob3.odb,Step-1,Increment      1: Step Time =    1.000,"PLATE-1",          1214,             1,   474.953E-03,   684.587E-03,            0.,"ASSEMBLY_PLATE-1__PICKEDSET2","ROCK","",  -677.296E-03,      -1.50665,      -1.45537,  -728.578E-03,   199.753E-03
F:/Desktop/DeepOnet_Abaqus/StaticElasticJob3.odb,Step-1,Increment      1: Step Time =    1.000,"PLATE-1",          1215,             1,       1.23097,   653.416E-03,            0.,"ASSEMBLY_PLATE-1__PICKEDSET2","ROCK","",      -1.01585,      -1.22538,      -1.22074,      -1.02050,   30.8505E-03
F:/Desktop/DeepOnet_Abaqus/StaticElasticJob3.odb,Step-1,Increment      1: Step Time =    1.000,"PLATE-1",          1216,             1,       1.37833,   534.929E-03,            0.,"ASSEMBLY_PLATE-1__PICKEDSET2","ROCK","",      -1.02018,      -1.21496,      -1.21199,      -1.02315,   23.8765E-03
F:/Desktop/DeepOnet_Abaqus/StaticElasticJob3.odb,Step-1,Increment      1: Step Time =    1.000,"PLATE-1",          1217,             1,       1.40016,   351.005E-03,            0.,"ASSEMBLY_PLATE-1__PICKEDSET2","ROCK","",      -1.02745,      -1.20297,      -1.20112,      -1.02930,   17.9040E-03
F:/Desktop/DeepOnet_Abaqus/StaticElasticJob3.odb,Step-1,Increment      1: Step Time =    1.000,"PLATE-1",          1218,             1,      -1.40416,   441.734E-03,            0.,"ASSEMBLY_PLATE-1__PICKEDSET2","ROCK","",      -1.01815,      -1.20890,      -1.20771,      -1.01934,  -15.0658E-03
F:/Desktop/DeepOnet_Abaqus/StaticElasticJob3.odb,Step-1,Increment      1: Step Time =    1.000,"PLATE-1",          1219,             1,  -957.769E-03,   508.958E-03,            0.,"ASSEMBLY_PLATE-1__PICKEDSET2","ROCK","",      -1.00961,      -1.21320,      -1.20483,      -1.01798,  -40.4207E-03
F:/Desktop/DeepOnet_Abaqus/StaticElasticJob3.odb,Step-1,Increment      1: Step Time =    1.000,"PLATE-1",          1220,             1,      -1.12097,   361.252E-03,            0.,"ASSEMBLY_PLATE-1__PICKEDSET2","ROCK","",      -1.02440,      -1.19760,      -1.19404,      -1.02795,  -24.5585E-03
F:/Desktop/DeepOnet_Abaqus/StaticElasticJob3.odb,Step-1,Increment      1: Step Time =    1.000,"PLATE-1",          1221,             1,      -1.17868,   420.596E-03,            0.,"ASSEMBLY_PLATE-1__PICKEDSET2","ROCK","",      -1.02061,      -1.20322,      -1.20007,      -1.02376,  -23.7752E-03
F:/Desktop/DeepOnet_Abaqus/StaticElasticJob3.odb,Step-1,Increment      1: Step Time =    1.000,"PLATE-1",          1222,             1,  -832.918E-03,   534.963E-03,            0.,"ASSEMBLY_PLATE-1__PICKEDSET2","ROCK","",  -999.450E-03,      -1.22364,      -1.21140,      -1.01168,  -50.9163E-03
F:/Desktop/DeepOnet_Abaqus/StaticElasticJob3.odb,Step-1,Increment      1: Step Time =    1.000,"PLATE-1",          1223,             1,  -585.378E-03,   487.110E-03,            0.,"ASSEMBLY_PLATE-1__PICKEDSET2","ROCK","",  -970.610E-03,      -1.25183,      -1.22533,  -997.113E-03,  -82.1630E-03
F:/Desktop/DeepOnet_Abaqus/StaticElasticJob3.odb,Step-1,Increment      1: Step Time =    1.000,"PLATE-1",          1224,             1,   621.009E-03,   459.831E-03,            0.,"ASSEMBLY_PLATE-1__PICKEDSET2","ROCK","",  -990.540E-03,      -1.41508,  -990.946E-03,      -1.41467,   13.1272E-03
F:/Desktop/DeepOnet_Abaqus/StaticElasticJob3.odb,Step-1,Increment      1: Step Time =    1.000,"PLATE-1",          1225,             1,   698.199E-03,   498.056E-03,            0.,"ASSEMBLY_PLATE-1__PICKEDSET2","ROCK","",      -1.00521,      -1.35869,      -1.21298,      -1.15092,   173.999E-03
F:/Desktop/DeepOnet_Abaqus/StaticElasticJob3.odb,Step-1,Increment      1: Step Time =    1.000,"PLATE-1",          1226,             1,       1.07850,   510.705E-03,            0.,"ASSEMBLY_PLATE-1__PICKEDSET2","ROCK","",      -1.02621,      -1.21766,      -1.20800,      -1.03586,   41.8874E-03
F:/Desktop/DeepOnet_Abaqus/StaticElasticJob3.odb,Step-1,Increment      1: Step Time =    1.000,"PLATE-1",          1227,             1,       1.30135,   534.017E-03,            0.,"ASSEMBLY_PLATE-1__PICKEDSET2","ROCK","",      -1.02123,      -1.21549,      -1.21142,      -1.02531,   27.8287E-03
F:/Desktop/DeepOnet_Abaqus/StaticElasticJob3.odb,Step-1,Increment      1: Step Time =    1.000,"PLATE-1",          1228,             1,      -1.39215,   373.695E-03,            0.,"ASSEMBLY_PLATE-1__PICKEDSET2","ROCK","",      -1.02087,      -1.20547,      -1.20448,      -1.02186,  -13.4890E-03
F:/Desktop/DeepOnet_Abaqus/StaticElasticJob3.odb,Step-1,Increment      1: Step Time =    1.000,"PLATE-1",          1229,             1,      -1.36216,   247.951E-03,            0.,"ASSEMBLY_PLATE-1__PICKEDSET2","ROCK","",      -1.02503,      -1.20035,      -1.19979,      -1.02559,  -9.93690E-03
F:/Desktop/DeepOnet_Abaqus/StaticElasticJob3.odb,Step-1,Increment      1: Step Time =    1.000,"PLATE-1",          1230,             1,      -1.19655,   148.310E-03,            0.,"ASSEMBLY_PLATE-1__PICKEDSET2","ROCK","",      -1.03380,      -1.18825,      -1.18786,      -1.03419,  -7.71150E-03
F:/Desktop/DeepOnet_Abaqus/StaticElasticJob3.odb,Step-1,Increment      1: Step Time =    1.000,"PLATE-1",          1231,             1,      -1.05022,   82.8770E-03,            0.,"ASSEMBLY_PLATE-1__PICKEDSET2","ROCK","",      -1.04467,      -1.17297,      -1.17272,      -1.04493,  -5.71556E-03
F:/Desktop/DeepOnet_Abaqus/StaticElasticJob3.odb,Step-1,Increment      1: Step Time =    1.000,"PLATE-1",          1232,             1,  -984.188E-03,  -97.1439E-03,            0.,"ASSEMBLY_PLATE-1__PICKEDSET2","ROCK","",      -1.04621,      -1.17189,      -1.16938,      -1.04872,   17.5797E-03
F:/Desktop/DeepOnet_Abaqus/StaticElasticJob3.odb,Step-1,Increment      1: Step Time =    1.000,"PLATE-1",          1233,             1,  -854.845E-03,  -262.204E-03,            0.,"ASSEMBLY_PLATE-1__PICKEDSET2","ROCK","",      -1.02992,      -1.19271,      -1.17928,      -1.04334,   44.7799E-03
F:/Desktop/DeepOnet_Abaqus/StaticElasticJob3.odb,Step-1,Increment      1: Step Time =    1.000,"PLATE-1",          1234,             1,  -661.539E-03,  -386.102E-03,            0.,"ASSEMBLY_PLATE-1__PICKEDSET2","ROCK","",      -1.00172,      -1.23239,      -1.20406,      -1.03006,   75.7153E-03
F:/Desktop/DeepOnet_Abaqus/StaticElasticJob3.odb,Step-1,Increment      1: Step Time =    1.000,"PLATE-1",          1235,             1,  -549.314E-03,  -549.728E-03,            0.,"ASSEMBLY_PLATE-1__PICKEDSET2","ROCK","",  -982.379E-03,      -1.26860,      -1.24894,      -1.00204,   72.4002E-03
F:/Desktop/DeepOnet_Abaqus/StaticElasticJob3.odb,Step-1,Increment      1: Step Time =    1.000,"PLATE-1",          1236,             1,  -342.504E-03,  -682.628E-03,            0.,"ASSEMBLY_PLATE-1__PICKEDSET2","ROCK","",  -962.376E-03,      -1.29893,      -1.28848,  -972.826E-03,   58.3750E-03
F:/Desktop/DeepOnet_Abaqus/StaticElasticJob3.odb,Step-1,Increment      1: Step Time =    1.000,"PLATE-1",          1237,             1,  -196.406E-03,  -924.572E-03,            0.,"ASSEMBLY_PLATE-1__PICKEDSET2","ROCK","",  -968.724E-03,      -1.28454,      -1.28295,  -970.320E-03,   22.3887E-03
F:/Desktop/DeepOnet_Abaqus/StaticElasticJob3.odb,Step-1,Increment      1: Step Time =    1.000,"PLATE-1",          1238,             1,      -1.30170,   387.211E-03,            0.,"ASSEMBLY_PLATE-1__PICKEDSET2","ROCK","",      -1.02147,      -1.20373,      -1.20205,      -1.02315,  -17.4243E-03
F:/Desktop/DeepOnet_Abaqus/StaticElasticJob3.odb,Step-1,Increment      1: Step Time =    1.000,"PLATE-1",          1239,             1,  -844.569E-03,   444.779E-03,            0.,"ASSEMBLY_PLATE-1__PICKEDSET2","ROCK","",      -1.00811,      -1.21033,      -1.19586,      -1.02257,  -52.1124E-03
F:/Desktop/DeepOnet_Abaqus/StaticElasticJob3.odb,Step-1,Increment      1: Step Time =    1.000,"PLATE-1",          1240,             1,  -975.489E-03,   231.431E-03,            0.,"ASSEMBLY_PLATE-1__PICKEDSET2","ROCK","",      -1.03806,      -1.17745,      -1.17234,      -1.04316,  -26.1875E-03
F:/Desktop/DeepOnet_Abaqus/StaticElasticJob3.odb,Step-1,Increment      1: Step Time =    1.000,"PLATE-1",          1241,             1,  -629.334E-03,   320.873E-03,            0.,"ASSEMBLY_PLATE-1__PICKEDSET2","ROCK","",  -987.071E-03,      -1.21444,      -1.16455,      -1.03697,  -94.1023E-03
F:/Desktop/DeepOnet_Abaqus/StaticElasticJob3.odb,Step-1,Increment      1: Step Time =    1.000,"PLATE-1",          1242,             1,  -11.7714E-03,   228.851E-03,            0.,"ASSEMBLY_PLATE-1__PICKEDSET2","ROCK","",  -449.552E-03,      -2.52702,      -2.52130,  -455.270E-03,  -108.850E-03
F:/Desktop/DeepOnet_Abaqus/StaticElasticJob3.odb,Step-1,Increment      1: Step Time =    1.000,"PLATE-1",          1243,             1,   302.594E-03,   352.896E-03,            0.,"ASSEMBLY_PLATE-1__PICKEDSET2","ROCK","",  -842.104E-03,      -1.57119,      -1.34399,      -1.06931,   337.683E-03
F:/Desktop/DeepOnet_Abaqus/StaticElasticJob3.odb,Step-1,Increment      1: Step Time =    1.000,"PLATE-1",          1244,             1,   611.219E-03,   365.732E-03,            0.,"ASSEMBLY_PLATE-1__PICKEDSET2","ROCK","",  -941.331E-03,      -1.17301,      -1.02080,      -1.09354,  -109.981E-03
F:/Desktop/DeepOnet_Abaqus/StaticElasticJob3.odb,Step-1,Increment      1: Step Time =    1.000,"PLATE-1",          1245,             1,   791.456E-03,   98.8883E-03,            0.,"ASSEMBLY_PLATE-1__PICKEDSET2","ROCK","",      -1.05286,      -1.11788,      -1.11171,      -1.05903,  -19.0533E-03
F:/Desktop/DeepOnet_Abaqus/StaticElasticJob3.odb,Step-1,Increment      1: Step Time =    1.000,"PLATE-1",          1246,             1,   786.471E-03,   271.447E-03,            0.,"ASSEMBLY_PLATE-1__PICKEDSET2","ROCK","",      -1.06971,      -1.11412,      -1.11186,      -1.07197,   9.76237E-03
F:/Desktop/DeepOnet_Abaqus/StaticElasticJob3.odb,Step-1,Increment      1: Step Time =    1.000,"PLATE-1",          1247,             1,   899.357E-03,   202.075E-03,            0.,"ASSEMBLY_PLATE-1__PICKEDSET2","ROCK","",      -1.06784,      -1.13215,      -1.13117,      -1.06881,   7.85192E-03
F:/Desktop/DeepOnet_Abaqus/StaticElasticJob3.odb,Step-1,Increment      1: Step Time =    1.000,"PLATE-1",          1248,             1,       1.54425,   439.399E-03,            0.,"ASSEMBLY_PLATE-1__PICKEDSET2","ROCK","",      -1.02128,      -1.21140,      -1.20994,      -1.02274,   16.5828E-03
F:/Desktop/DeepOnet_Abaqus/StaticElasticJob3.odb,Step-1,Increment      1: Step Time =    1.000,"PLATE-1",          1249,             1,       1.36347,   453.593E-03,            0.,"ASSEMBLY_PLATE-1__PICKEDSET2","ROCK","",      -1.02426,      -1.20915,      -1.20614,      -1.02726,   23.3939E-03
F:/Desktop/DeepOnet_Abaqus/StaticElasticJob3.odb,Step-1,Increment      1: Step Time =    1.000,"PLATE-1",          1250,             1,       1.29556,   213.334E-03,            0.,"ASSEMBLY_PLATE-1__PICKEDSET2","ROCK","",      -1.03700,      -1.18729,      -1.18624,      -1.03805,   12.5468E-03
F:/Desktop/DeepOnet_Abaqus/StaticElasticJob3.odb,Step-1,Increment      1: Step Time =    1.000,"PLATE-1",          1251,             1,       1.24864,   327.899E-03,            0.,"ASSEMBLY_PLATE-1__PICKEDSET2","ROCK","",      -1.03443,      -1.19382,      -1.19074,      -1.03751,   21.9561E-03
F:/Desktop/DeepOnet_Abaqus/StaticElasticJob3.odb,Step-1,Increment      1: Step Time =    1.000,"PLATE-1",          1252,             1,      -1.55520,   251.605E-03,            0.,"ASSEMBLY_PLATE-1__PICKEDSET2","ROCK","",      -1.02044,      -1.20741,      -1.20719,      -1.02066,  -6.39347E-03
F:/Desktop/DeepOnet_Abaqus/StaticElasticJob3.odb,Step-1,Increment      1: Step Time =    1.000,"PLATE-1",          1253,             1,      -1.28504,   151.355E-03,            0.,"ASSEMBLY_PLATE-1__PICKEDSET2","ROCK","",      -1.03009,      -1.19374,      -1.19349,      -1.03035,  -6.47991E-03
F:/Desktop/DeepOnet_Abaqus/StaticElasticJob3.odb,Step-1,Increment      1: Step Time =    1.000,"PLATE-1",          1254,             1,      -1.20080,   6.85040E-03,            0.,"ASSEMBLY_PLATE-1__PICKEDSET2","ROCK","",      -1.03638,      -1.18584,      -1.18580,      -1.03642,   2.30538E-03
F:/Desktop/DeepOnet_Abaqus/StaticElasticJob3.odb,Step-1,Increment      1: Step Time =    1.000,"PLATE-1",          1255,             1,      -1.10049,  -21.8835E-03,            0.,"ASSEMBLY_PLATE-1__PICKEDSET2","ROCK","",      -1.04142,      -1.17880,      -1.17857,      -1.04165,   5.64541E-03
F:/Desktop/DeepOnet_Abaqus/StaticElasticJob3.odb,Step-1,Increment      1: Step Time =    1.000,"PLATE-1",          1256,             1,  -929.280E-03,  -302.291E-03,            0.,"ASSEMBLY_PLATE-1__PICKEDSET2","ROCK","",      -1.02669,      -1.19836,      -1.18884,      -1.03621,   39.2772E-03
F:/Desktop/DeepOnet_Abaqus/StaticElasticJob3.odb,Step-1,Increment      1: Step Time =    1.000,"PLATE-1",          1257,             1,  -843.394E-03,  -436.288E-03,            0.,"ASSEMBLY_PLATE-1__PICKEDSET2","ROCK","",      -1.01138,      -1.22012,      -1.20702,      -1.02449,   50.6357E-03
F:/Desktop/DeepOnet_Abaqus/StaticElasticJob3.odb,Step-1,Increment      1: Step Time =    1.000,"PLATE-1",          1258,             1,  -737.778E-03,  -478.419E-03,            0.,"ASSEMBLY_PLATE-1__PICKEDSET2","ROCK","",      -1.00241,      -1.23395,      -1.21808,      -1.01827,   58.5033E-03
F:/Desktop/DeepOnet_Abaqus/StaticElasticJob3.odb,Step-1,Increment      1: Step Time =    1.000,"PLATE-1",          1259,             1,  -516.990E-03,  -643.490E-03,            0.,"ASSEMBLY_PLATE-1__PICKEDSET2","ROCK","",  -979.749E-03,      -1.27292,      -1.26033,  -992.345E-03,   59.4500E-03
F:/Desktop/DeepOnet_Abaqus/StaticElasticJob3.odb,Step-1,Increment      1: Step Time =    1.000,"PLATE-1",          1260,             1,  -258.417E-03,  -914.578E-03,            0.,"ASSEMBLY_PLATE-1__PICKEDSET2","ROCK","",  -970.995E-03,      -1.28182,      -1.27967,  -973.145E-03,   25.7603E-03
F:/Desktop/DeepOnet_Abaqus/StaticElasticJob3.odb,Step-1,Increment      1: Step Time =    1.000,"PLATE-1",          1261,             1,  -155.498E-03,      -1.07490,            0.,"ASSEMBLY_PLATE-1__PICKEDSET2","ROCK","",  -975.507E-03,      -1.27351,      -1.27296,  -976.052E-03,   12.7292E-03
F:/Desktop/DeepOnet_Abaqus/StaticElasticJob3.odb,Step-1,Increment      1: Step Time =    1.000,"PLATE-1",          1262,             1,  -143.914E-03,      -1.00629,            0.,"ASSEMBLY_PLATE-1__PICKEDSET2","ROCK","",  -971.380E-03,      -1.27964,      -1.27893,  -972.086E-03,   14.7287E-03
F:/Desktop/DeepOnet_Abaqus/StaticElasticJob3.odb,Step-1,Increment      1: Step Time =    1.000,"PLATE-1",          1263,             1,      -1.26964,   232.085E-03,            0.,"ASSEMBLY_PLATE-1__PICKEDSET2","ROCK","",      -1.02852,      -1.19508,      -1.19425,      -1.02935,  -11.7234E-03
F:/Desktop/DeepOnet_Abaqus/StaticElasticJob3.odb,Step-1,Increment      1: Step Time =    1.000,"PLATE-1",          1264,             1,  -685.059E-03,   273.605E-03,            0.,"ASSEMBLY_PLATE-1__PICKEDSET2","ROCK","",      -1.00995,      -1.19011,      -1.14792,      -1.05214,  -76.2946E-03
F:/Desktop/DeepOnet_Abaqus/StaticElasticJob3.odb,Step-1,Increment      1: Step Time =    1.000,"PLATE-1",          1265,             1,  -825.936E-03,   111.027E-03,            0.,"ASSEMBLY_PLATE-1__PICKEDSET2","ROCK","",      -1.06212,      -1.14326,      -1.13789,      -1.06749,  -20.1747E-03
F:/Desktop/DeepOnet_Abaqus/StaticElasticJob3.odb,Step-1,Increment      1: Step Time =    1.000,"PLATE-1",          1266,             1,  -787.797E-03,   167.067E-03,            0.,"ASSEMBLY_PLATE-1__PICKEDSET2","ROCK","",      -1.05189,      -1.14997,      -1.13487,      -1.06699,  -35.3933E-03
F:/Desktop/DeepOnet_Abaqus/StaticElasticJob3.odb,Step-1,Increment      1: Step Time =    1.000,"PLATE-1",          1267,             1,   518.316E-03,  -263.718E-03,            0.,"ASSEMBLY_PLATE-1__PICKEDSET2","ROCK","",  -954.967E-03,      -1.24622,      -1.17299,      -1.02820,  -126.359E-03
F:/Desktop/DeepOnet_Abaqus/StaticElasticJob3.odb,Step-1,Increment      1: Step Time =    1.000,"PLATE-1",          1268,             1,   707.519E-03,  -287.661E-03,            0.,"ASSEMBLY_PLATE-1__PICKEDSET2","ROCK","",  -987.905E-03,      -1.21200,      -1.17835,      -1.02156,  -80.0627E-03
F:/Desktop/DeepOnet_Abaqus/StaticElasticJob3.odb,Step-1,Increment      1: Step Time =    1.000,"PLATE-1",          1269,             1,   529.624E-03,   90.6298E-03,            0.,"ASSEMBLY_PLATE-1__PICKEDSET2","ROCK","",  -995.227E-03,      -1.09657,      -1.06230,      -1.02950,   47.9465E-03
F:/Desktop/DeepOnet_Abaqus/StaticElasticJob3.odb,Step-1,Increment      1: Step Time =    1.000,"PLATE-1",          1270,             1,   716.153E-03,  -124.131E-03,            0.,"ASSEMBLY_PLATE-1__PICKEDSET2","ROCK","",      -1.01204,      -1.16300,      -1.12714,      -1.04790,  -64.2473E-03
F:/Desktop/DeepOnet_Abaqus/StaticElasticJob3.odb,Step-1,Increment      1: Step Time =    1.000,"PLATE-1",          1271,             1,   966.829E-03,   224.218E-03,            0.,"ASSEMBLY_PLATE-1__PICKEDSET2","ROCK","",      -1.06023,      -1.14578,      -1.14336,      -1.06265,   14.1706E-03
F:/Desktop/DeepOnet_Abaqus/StaticElasticJob3.odb,Step-1,Increment      1: Step Time =    1.000,"PLATE-1",          1272,             1,       1.08230,   290.220E-03,            0.,"ASSEMBLY_PLATE-1__PICKEDSET2","ROCK","",      -1.04521,      -1.17646,      -1.17127,      -1.05041,   25.6017E-03
F:/Desktop/DeepOnet_Abaqus/StaticElasticJob3.odb,Step-1,Increment      1: Step Time =    1.000,"PLATE-1",          1273,             1,       1.31721,   4.46026E-03,            0.,"ASSEMBLY_PLATE-1__PICKEDSET2","ROCK","",      -1.03605,      -1.18392,      -1.18375,      -1.03622,  -5.02350E-03
F:/Desktop/DeepOnet_Abaqus/StaticElasticJob3.odb,Step-1,Increment      1: Step Time =    1.000,"PLATE-1",          1274,             1,       1.40083,  -71.3626E-03,            0.,"ASSEMBLY_PLATE-1__PICKEDSET2","ROCK","",      -1.03058,      -1.19139,      -1.19098,      -1.03099,  -8.07596E-03
F:/Desktop/DeepOnet_Abaqus/StaticElasticJob3.odb,Step-1,Increment      1: Step Time =    1.000,"PLATE-1",          1275,             1,       1.48207,  -156.835E-03,            0.,"ASSEMBLY_PLATE-1__PICKEDSET2","ROCK","",      -1.02579,      -1.19786,      -1.19722,      -1.02643,  -10.4161E-03
F:/Desktop/DeepOnet_Abaqus/StaticElasticJob3.odb,Step-1,Increment      1: Step Time =    1.000,"PLATE-1",          1276,             1,      -1.18450,   84.5577E-03,            0.,"ASSEMBLY_PLATE-1__PICKEDSET2","ROCK","",      -1.03526,      -1.18670,      -1.18660,      -1.03536,  -3.96662E-03
F:/Desktop/DeepOnet_Abaqus/StaticElasticJob3.odb,Step-1,Increment      1: Step Time =    1.000,"PLATE-1",          1277,             1,  -770.644E-03,  -109.379E-03,            0.,"ASSEMBLY_PLATE-1__PICKEDSET2","ROCK","",      -1.05620,      -1.15299,      -1.13748,      -1.07171,   35.5025E-03
F:/Desktop/DeepOnet_Abaqus/StaticElasticJob3.odb,Step-1,Increment      1: Step Time =    1.000,"PLATE-1",          1278,             1,   207.100E-03,  -41.6571E-03,            0.,"ASSEMBLY_PLATE-1__PICKEDSET2","ROCK","",  -81.5305E-03,      -1.41964,  -81.6915E-03,      -1.41948,   14.6750E-03
F:/Desktop/DeepOnet_Abaqus/StaticElasticJob3.odb,Step-1,Increment      1: Step Time =    1.000,"PLATE-1",          1279,             1,   684.593E-03,  -383.937E-03,            0.,"ASSEMBLY_PLATE-1__PICKEDSET2","ROCK","",  -978.865E-03,      -1.23265,      -1.20510,      -1.00642,  -78.9495E-03
F:/Desktop/DeepOnet_Abaqus/StaticElasticJob3.odb,Step-1,Increment      1: Step Time =    1.000,"PLATE-1",          1280,             1,   942.284E-03,   74.6505E-03,            0.,"ASSEMBLY_PLATE-1__PICKEDSET2","ROCK","",      -1.05653,      -1.14019,      -1.13806,      -1.05867,  -13.2059E-03
F:/Desktop/DeepOnet_Abaqus/StaticElasticJob3.odb,Step-1,Increment      1: Step Time =    1.000,"PLATE-1",          1281,             1,       1.15386,   132.507E-03,            0.,"ASSEMBLY_PLATE-1__PICKEDSET2","ROCK","",      -1.04769,      -1.16801,      -1.16786,      -1.04784,   4.24035E-03
F:/Desktop/DeepOnet_Abaqus/StaticElasticJob3.odb,Step-1,Increment      1: Step Time =    1.000,"PLATE-1",          1282,             1,       1.09310,   59.5637E-03,            0.,"ASSEMBLY_PLATE-1__PICKEDSET2","ROCK","",      -1.04896,      -1.16096,      -1.16060,      -1.04933,  -6.36221E-03
F:/Desktop/DeepOnet_Abaqus/StaticElasticJob3.odb,Step-1,Increment      1: Step Time =    1.000,"PLATE-1",          1283,             1,       1.31656,  -78.5738E-03,            0.,"ASSEMBLY_PLATE-1__PICKEDSET2","ROCK","",      -1.03281,      -1.18674,      -1.18594,      -1.03361,  -11.0651E-03
F:/Desktop/DeepOnet_Abaqus/StaticElasticJob3.odb,Step-1,Increment      1: Step Time =    1.000,"PLATE-1",          1284,             1,       1.31562,  -249.198E-03,            0.,"ASSEMBLY_PLATE-1__PICKEDSET2","ROCK","",      -1.02400,      -1.19586,      -1.19330,      -1.02656,  -20.8205E-03
F:/Desktop/DeepOnet_Abaqus/StaticElasticJob3.odb,Step-1,Increment      1: Step Time =    1.000,"PLATE-1",          1285,             1,       1.23010,   140.357E-03,            0.,"ASSEMBLY_PLATE-1__PICKEDSET2","ROCK","",      -1.04271,      -1.17726,      -1.17694,      -1.04303,   6.58945E-03
F:/Desktop/DeepOnet_Abaqus/StaticElasticJob3.odb,Step-1,Increment      1: Step Time =    1.000,"PLATE-1",          1286,             1,      -1.19780,  -40.1270E-03,            0.,"ASSEMBLY_PLATE-1__PICKEDSET2","ROCK","",      -1.03603,      -1.18652,      -1.18628,      -1.03627,   6.00797E-03
F:/Desktop/DeepOnet_Abaqus/StaticElasticJob3.odb,Step-1,Increment      1: Step Time =    1.000,"PLATE-1",          1287,             1,      -1.28619,  -165.590E-03,            0.,"ASSEMBLY_PLATE-1__PICKEDSET2","ROCK","",      -1.02788,      -1.19819,      -1.19732,      -1.02875,   12.1461E-03
F:/Desktop/DeepOnet_Abaqus/StaticElasticJob3.odb,Step-1,Increment      1: Step Time =    1.000,"PLATE-1",          1288,             1,      -1.25812,  -121.258E-03,            0.,"ASSEMBLY_PLATE-1__PICKEDSET2","ROCK","",      -1.03036,      -1.19473,      -1.19404,      -1.03105,   10.6284E-03
F:/Desktop/DeepOnet_Abaqus/StaticElasticJob3.odb,Step-1,Increment      1: Step Time =    1.000,"PLATE-1",          1289,             1,  -931.685E-03,   13.0721E-03,            0.,"ASSEMBLY_PLATE-1__PICKEDSET2","ROCK","",      -1.05663,      -1.15631,      -1.15624,      -1.05670,   2.62131E-03
F:/Desktop/DeepOnet_Abaqus/StaticElasticJob3.odb,Step-1,Increment      1: Step Time =    1.000,"PLATE-1",          1290,             1,  -873.216E-03,  -7.13677E-03,            0.,"ASSEMBLY_PLATE-1__PICKEDSET2","ROCK","",      -1.06292,      -1.14789,      -1.14730,      -1.06351,   7.07368E-03
F:/Desktop/DeepOnet_Abaqus/StaticElasticJob3.odb,Step-1,Increment      1: Step Time =    1.000,"PLATE-1",          1291,             1,  -529.730E-03,  -143.276E-03,            0.,"ASSEMBLY_PLATE-1__PICKEDSET2","ROCK","",  -989.217E-03,      -1.20433,      -1.07713,      -1.11642,   105.746E-03
F:/Desktop/DeepOnet_Abaqus/StaticElasticJob3.odb,Step-1,Increment      1: Step Time =    1.000,"PLATE-1",          1292,             1,  -554.928E-03,  -98.3192E-03,            0.,"ASSEMBLY_PLATE-1__PICKEDSET2","ROCK","",      -1.00864,      -1.17890,      -1.05763,      -1.12990,   77.0795E-03
F:/Desktop/DeepOnet_Abaqus/StaticElasticJob3.odb,Step-1,Increment      1: Step Time =    1.000,"PLATE-1",          1293,             1,      -1.39741,  -182.747E-03,            0.,"ASSEMBLY_PLATE-1__PICKEDSET2","ROCK","",      -1.02424,      -1.20330,      -1.20268,      -1.02486,   10.5018E-03
F:/Desktop/DeepOnet_Abaqus/StaticElasticJob3.odb,Step-1,Increment      1: Step Time =    1.000,"PLATE-1",          1294,             1,      -1.04665,  -70.0599E-03,            0.,"ASSEMBLY_PLATE-1__PICKEDSET2","ROCK","",      -1.04356,      -1.17595,      -1.17485,      -1.04466,   12.0188E-03
F:/Desktop/DeepOnet_Abaqus/StaticElasticJob3.odb,Step-1,Increment      1: Step Time =    1.000,"PLATE-1",          1295,             1,      -1.11689,  -268.202E-03,            0.,"ASSEMBLY_PLATE-1__PICKEDSET2","ROCK","",      -1.02806,      -1.19759,      -1.19406,      -1.03159,   24.2002E-03
F:/Desktop/DeepOnet_Abaqus/StaticElasticJob3.odb,Step-1,Increment      1: Step Time =    1.000,"PLATE-1",          1296,             1,      -1.13600,  -332.087E-03,            0.,"ASSEMBLY_PLATE-1__PICKEDSET2","ROCK","",      -1.02380,      -1.20360,      -1.19977,      -1.02763,   25.9463E-03
F:/Desktop/DeepOnet_Abaqus/StaticElasticJob3.odb,Step-1,Increment      1: Step Time =    1.000,"PLATE-1",          1297,             1,  -793.606E-03,  -168.422E-03,            0.,"ASSEMBLY_PLATE-1__PICKEDSET2","ROCK","",      -1.04473,      -1.16942,      -1.15217,      -1.06198,   43.0562E-03
F:/Desktop/DeepOnet_Abaqus/StaticElasticJob3.odb,Step-1,Increment      1: Step Time =    1.000,"PLATE-1",          1298,             1,  -699.743E-03,  -126.428E-03,            0.,"ASSEMBLY_PLATE-1__PICKEDSET2","ROCK","",      -1.04817,      -1.15771,      -1.12283,      -1.08305,   51.0323E-03
F:/Desktop/DeepOnet_Abaqus/StaticElasticJob3.odb,Step-1,Increment      1: Step Time =    1.000,"PLATE-1",          1299,             1,  -429.166E-03,  -250.491E-03,            0.,"ASSEMBLY_PLATE-1__PICKEDSET2","ROCK","",  -938.308E-03,      -1.31037,      -1.17520,      -1.07347,   178.939E-03
F:/Desktop/DeepOnet_Abaqus/StaticElasticJob3.odb,Step-1,Increment      1: Step Time =    1.000,"PLATE-1",          1300,             1,  -433.053E-03,  -314.284E-03,            0.,"ASSEMBLY_PLATE-1__PICKEDSET2","ROCK","",  -953.987E-03,      -1.30463,      -1.21894,      -1.03968,   150.681E-03
F:/Desktop/DeepOnet_Abaqus/StaticElasticJob3.odb,Step-1,Increment      1: Step Time =    1.000,"PLATE-1",          1301,             1,   429.379E-03,  -457.432E-03,            0.,"ASSEMBLY_PLATE-1__PICKEDSET2","ROCK","",  -941.723E-03,      -1.30086,      -1.26843,  -974.161E-03,  -102.946E-03
F:/Desktop/DeepOnet_Abaqus/StaticElasticJob3.odb,Step-1,Increment      1: Step Time =    1.000,"PLATE-1",          1302,             1,   456.669E-03,  -578.974E-03,            0.,"ASSEMBLY_PLATE-1__PICKEDSET2","ROCK","",  -953.320E-03,      -1.28754,      -1.27187,  -968.991E-03,  -70.6551E-03
F:/Desktop/DeepOnet_Abaqus/StaticElasticJob3.odb,Step-1,Increment      1: Step Time =    1.000,"PLATE-1",          1303,             1,   686.536E-03,  -599.284E-03,            0.,"ASSEMBLY_PLATE-1__PICKEDSET2","ROCK","",  -974.259E-03,      -1.25304,      -1.24042,  -986.876E-03,  -57.9501E-03
F:/Desktop/DeepOnet_Abaqus/StaticElasticJob3.odb,Step-1,Increment      1: Step Time =    1.000,"PLATE-1",          1304,             1,   835.647E-03,  -119.879E-03,            0.,"ASSEMBLY_PLATE-1__PICKEDSET2","ROCK","",      -1.02493,      -1.16532,      -1.14554,      -1.04470,  -48.8423E-03
F:/Desktop/DeepOnet_Abaqus/StaticElasticJob3.odb,Step-1,Increment      1: Step Time =    1.000,"PLATE-1",          1305,             1,   942.067E-03,      -1.45553,            0.,"ASSEMBLY_PLATE-1__PICKEDSET2","ROCK","",  -990.731E-03,      -1.24404,      -1.24337,  -991.399E-03,  -12.9892E-03
F:/Desktop/DeepOnet_Abaqus/StaticElasticJob3.odb,Step-1,Increment      1: Step Time =    1.000,"PLATE-1",          1306,             1,       1.14880,  -69.2376E-03,            0.,"ASSEMBLY_PLATE-1__PICKEDSET2","ROCK","",      -1.03777,      -1.17452,      -1.17202,      -1.04027,  -18.3194E-03
F:/Desktop/DeepOnet_Abaqus/StaticElasticJob3.odb,Step-1,Increment      1: Step Time =    1.000,"PLATE-1",          1307,             1,       1.04167,  -284.638E-03,            0.,"ASSEMBLY_PLATE-1__PICKEDSET2","ROCK","",      -1.01701,      -1.19428,      -1.18461,      -1.02668,  -40.2718E-03
F:/Desktop/DeepOnet_Abaqus/StaticElasticJob3.odb,Step-1,Increment      1: Step Time =    1.000,"PLATE-1",          1308,             1,       1.19789,  -475.569E-03,            0.,"ASSEMBLY_PLATE-1__PICKEDSET2","ROCK","",      -1.00918,      -1.21189,      -1.20659,      -1.01448,  -32.3558E-03
F:/Desktop/DeepOnet_Abaqus/StaticElasticJob3.odb,Step-1,Increment      1: Step Time =    1.000,"PLATE-1",          1309,             1,       1.17006,  -543.585E-03,            0.,"ASSEMBLY_PLATE-1__PICKEDSET2","ROCK","",      -1.00496,      -1.21725,      -1.21177,      -1.01044,  -33.6639E-03
F:/Desktop/DeepOnet_Abaqus/StaticElasticJob3.odb,Step-1,Increment      1: Step Time =    1.000,"PLATE-1",          1310,             1,       1.08855,  -721.964E-03,            0.,"ASSEMBLY_PLATE-1__PICKEDSET2","ROCK","",  -995.803E-03,      -1.23002,      -1.22504,      -1.00078,  -33.7852E-03
F:/Desktop/DeepOnet_Abaqus/StaticElasticJob3.odb,Step-1,Increment      1: Step Time =    1.000,"PLATE-1",          1311,             1,       1.16331,  -828.226E-03,            0.,"ASSEMBLY_PLATE-1__PICKEDSET2","ROCK","",  -996.111E-03,      -1.23166,      -1.22811,  -999.661E-03,  -28.7003E-03
F:/Desktop/DeepOnet_Abaqus/StaticElasticJob3.odb,Step-1,Increment      1: Step Time =    1.000,"PLATE-1",          1312,             1,       1.14466,  -993.223E-03,            0.,"ASSEMBLY_PLATE-1__PICKEDSET2","ROCK","",  -993.503E-03,      -1.23673,      -1.23424,  -995.987E-03,  -24.4537E-03
F:/Desktop/DeepOnet_Abaqus/StaticElasticJob3.odb,Step-1,Increment      1: Step Time =    1.000,"PLATE-1",          1313,             1,       1.17041,      -1.16467,            0.,"ASSEMBLY_PLATE-1__PICKEDSET2","ROCK","",  -993.274E-03,      -1.23866,      -1.23711,  -994.830E-03,  -19.4737E-03
F:/Desktop/DeepOnet_Abaqus/StaticElasticJob3.odb,Step-1,Increment      1: Step Time =    1.000,"PLATE-1",          1314,             1,       1.18499,      -1.23345,            0.,"ASSEMBLY_PLATE-1__PICKEDSET2","ROCK","",  -993.646E-03,      -1.23860,      -1.23728,  -994.970E-03,  -17.9602E-03
F:/Desktop/DeepOnet_Abaqus/StaticElasticJob3.odb,Step-1,Increment      1: Step Time =    1.000,"PLATE-1",          1315,             1,       1.17021,      -1.38101,            0.,"ASSEMBLY_PLATE-1__PICKEDSET2","ROCK","",  -993.603E-03,      -1.23955,      -1.23863,  -994.522E-03,  -15.0085E-03
F:/Desktop/DeepOnet_Abaqus/StaticElasticJob3.odb,Step-1,Increment      1: Step Time =    1.000,"PLATE-1",          1316,             1,       1.07739,  -212.497E-03,            0.,"ASSEMBLY_PLATE-1__PICKEDSET2","ROCK","",      -1.02455,      -1.18642,      -1.17923,      -1.03174,  -33.3498E-03
F:/Desktop/DeepOnet_Abaqus/StaticElasticJob3.odb,Step-1,Increment      1: Step Time =    1.000,"PLATE-1",          1317,             1,       1.08849,  -42.7544E-03,            0.,"ASSEMBLY_PLATE-1__PICKEDSET2","ROCK","",      -1.04142,      -1.16675,      -1.16369,      -1.04448,  -19.3352E-03
F:/Desktop/DeepOnet_Abaqus/StaticElasticJob3.odb,Step-1,Increment      1: Step Time =    1.000,"PLATE-1",          1318,             1,       1.31606,  -163.230E-03,            0.,"ASSEMBLY_PLATE-1__PICKEDSET2","ROCK","",      -1.02882,      -1.19057,      -1.18891,      -1.03048,  -16.3000E-03
F:/Desktop/DeepOnet_Abaqus/StaticElasticJob3.odb,Step-1,Increment      1: Step Time =    1.000,"PLATE-1",          1319,             1,       1.23101,  -327.816E-03,            0.,"ASSEMBLY_PLATE-1__PICKEDSET2","ROCK","",      -1.01853,      -1.20021,      -1.19574,      -1.02301,  -28.1471E-03
F:/Desktop/DeepOnet_Abaqus/StaticElasticJob3.odb,Step-1,Increment      1: Step Time =    1.000,"PLATE-1",          1320,             1,       1.30086,  -419.805E-03,            0.,"ASSEMBLY_PLATE-1__PICKEDSET2","ROCK","",      -1.01438,      -1.20740,      -1.20368,      -1.01810,  -26.5371E-03
F:/Desktop/DeepOnet_Abaqus/StaticElasticJob3.odb,Step-1,Increment      1: Step Time =    1.000,"PLATE-1",          1321,             1,       1.26160,  -580.113E-03,            0.,"ASSEMBLY_PLATE-1__PICKEDSET2","ROCK","",      -1.00612,      -1.21778,      -1.21360,      -1.01030,  -29.4549E-03
F:/Desktop/DeepOnet_Abaqus/StaticElasticJob3.odb,Step-1,Increment      1: Step Time =    1.000,"PLATE-1",          1322,             1,       1.22500,  -722.202E-03,            0.,"ASSEMBLY_PLATE-1__PICKEDSET2","ROCK","",      -1.00032,      -1.22594,      -1.22215,      -1.00411,  -28.9750E-03
F:/Desktop/DeepOnet_Abaqus/StaticElasticJob3.odb,Step-1,Increment      1: Step Time =    1.000,"PLATE-1",          1323,             1,       1.26683,  -915.264E-03,            0.,"ASSEMBLY_PLATE-1__PICKEDSET2","ROCK","",  -997.511E-03,      -1.23149,      -1.22895,      -1.00005,  -24.2410E-03
F:/Desktop/DeepOnet_Abaqus/StaticElasticJob3.odb,Step-1,Increment      1: Step Time =    1.000,"PLATE-1",          1324,             1,       1.26334,      -1.02475,            0.,"ASSEMBLY_PLATE-1__PICKEDSET2","ROCK","",  -995.928E-03,      -1.23436,      -1.23231,  -997.974E-03,  -21.9954E-03
F:/Desktop/DeepOnet_Abaqus/StaticElasticJob3.odb,Step-1,Increment      1: Step Time =    1.000,"PLATE-1",          1325,             1,       1.24556,      -1.14202,            0.,"ASSEMBLY_PLATE-1__PICKEDSET2","ROCK","",  -995.012E-03,      -1.23635,      -1.23476,  -996.598E-03,  -19.5024E-03
F:/Desktop/DeepOnet_Abaqus/StaticElasticJob3.odb,Step-1,Increment      1: Step Time =    1.000,"PLATE-1",          1326,             1,       1.26340,      -1.31782,            0.,"ASSEMBLY_PLATE-1__PICKEDSET2","ROCK","",  -994.842E-03,      -1.23762,      -1.23656,  -995.900E-03,  -15.9907E-03
F:/Desktop/DeepOnet_Abaqus/StaticElasticJob3.odb,Step-1,Increment      1: Step Time =    1.000,"PLATE-1",          1327,             1,       1.24179,      -1.48235,            0.,"ASSEMBLY_PLATE-1__PICKEDSET2","ROCK","",  -994.467E-03,      -1.23881,      -1.23808,  -995.188E-03,  -13.2566E-03
F:/Desktop/DeepOnet_Abaqus/StaticElasticJob3.odb,Step-1,Increment      1: Step Time =    1.000,"PLATE-1",          1328,             1,       1.40794,      -1.46291,            0.,"ASSEMBLY_PLATE-1__PICKEDSET2","ROCK","",  -996.563E-03,      -1.23611,      -1.23537,  -997.307E-03,  -13.3293E-03
F:/Desktop/DeepOnet_Abaqus/StaticElasticJob3.odb,Step-1,Increment      1: Step Time =    1.000,"PLATE-1",          1329,             1,       1.01674,  -235.746E-03,            0.,"ASSEMBLY_PLATE-1__PICKEDSET2","ROCK","",      -1.02035,      -1.18866,      -1.17843,      -1.03057,  -40.2026E-03
F:/Desktop/DeepOnet_Abaqus/StaticElasticJob3.odb,Step-1,Increment      1: Step Time =    1.000,"PLATE-1",          1330,             1,   936.338E-03,  -302.346E-03,            0.,"ASSEMBLY_PLATE-1__PICKEDSET2","ROCK","",      -1.00975,      -1.19833,      -1.18360,      -1.02449,  -50.6108E-03
F:/Desktop/DeepOnet_Abaqus/StaticElasticJob3.odb,Step-1,Increment      1: Step Time =    1.000,"PLATE-1",          1331,             1,   976.305E-03,  -391.571E-03,            0.,"ASSEMBLY_PLATE-1__PICKEDSET2","ROCK","",      -1.00485,      -1.20893,      -1.19708,      -1.01670,  -47.7315E-03
F:/Desktop/DeepOnet_Abaqus/StaticElasticJob3.odb,Step-1,Increment      1: Step Time =    1.000,"PLATE-1",          1332,             1,   974.695E-03,  -593.046E-03,            0.,"ASSEMBLY_PLATE-1__PICKEDSET2","ROCK","",  -994.202E-03,      -1.22798,      -1.21977,      -1.00242,  -43.0516E-03
F:/Desktop/DeepOnet_Abaqus/StaticElasticJob3.odb,Step-1,Increment      1: Step Time =    1.000,"PLATE-1",          1333,             1,       1.07925,  -642.223E-03,            0.,"ASSEMBLY_PLATE-1__PICKEDSET2","ROCK","",  -997.467E-03,      -1.22641,      -1.22035,      -1.00353,  -36.7521E-03
F:/Desktop/DeepOnet_Abaqus/StaticElasticJob3.odb,Step-1,Increment      1: Step Time =    1.000,"PLATE-1",          1334,             1,   992.884E-03,  -643.876E-03,            0.,"ASSEMBLY_PLATE-1__PICKEDSET2","ROCK","",  -993.078E-03,      -1.23086,      -1.22370,      -1.00024,  -40.6532E-03
F:/Desktop/DeepOnet_Abaqus/StaticElasticJob3.odb,Step-1,Increment      1: Step Time =    1.000,"PLATE-1",          1335,             1,       1.07449,  -832.610E-03,            0.,"ASSEMBLY_PLATE-1__PICKEDSET2","ROCK","",  -992.972E-03,      -1.23524,      -1.23132,  -996.889E-03,  -30.5553E-03
F:/Desktop/DeepOnet_Abaqus/StaticElasticJob3.odb,Step-1,Increment      1: Step Time =    1.000,"PLATE-1",          1336,             1,   970.436E-03,      -1.01759,            0.,"ASSEMBLY_PLATE-1__PICKEDSET2","ROCK","",  -988.746E-03,      -1.24296,      -1.24044,  -991.265E-03,  -25.1844E-03
F:/Desktop/DeepOnet_Abaqus/StaticElasticJob3.odb,Step-1,Increment      1: Step Time =    1.000,"PLATE-1",          1337,             1,   973.876E-03,      -1.19582,            0.,"ASSEMBLY_PLATE-1__PICKEDSET2","ROCK","",  -989.470E-03,      -1.24381,      -1.24231,  -990.967E-03,  -19.4563E-03
F:/Desktop/DeepOnet_Abaqus/StaticElasticJob3.odb,Step-1,Increment      1: Step Time =    1.000,"PLATE-1",          1338,             1,       1.02920,      -1.37072,            0.,"ASSEMBLY_PLATE-1__PICKEDSET2","ROCK","",  -991.361E-03,      -1.24248,      -1.24156,  -992.287E-03,  -15.2203E-03
F:/Desktop/DeepOnet_Abaqus/StaticElasticJob3.odb,Step-1,Increment      1: Step Time =    1.000,"PLATE-1",          1339,             1,       1.03931,      -1.45773,            0.,"ASSEMBLY_PLATE-1__PICKEDSET2","ROCK","",  -992.032E-03,      -1.24211,      -1.24140,  -992.741E-03,  -13.2968E-03
F:/Desktop/DeepOnet_Abaqus/StaticElasticJob3.odb,Step-1,Increment      1: Step Time =    1.000,"PLATE-1",          1340,             1,      -1.37199,  -364.146E-03,            0.,"ASSEMBLY_PLATE-1__PICKEDSET2","ROCK","",      -1.01956,      -1.20978,      -1.20829,      -1.02105,   16.7394E-03
F:/Desktop/DeepOnet_Abaqus/StaticElasticJob3.odb,Step-1,Increment      1: Step Time =    1.000,"PLATE-1",          1341,             1,      -1.28762,  -501.178E-03,            0.,"ASSEMBLY_PLATE-1__PICKEDSET2","ROCK","",      -1.01481,      -1.21620,      -1.21373,      -1.01727,   22.1507E-03
F:/Desktop/DeepOnet_Abaqus/StaticElasticJob3.odb,Step-1,Increment      1: Step Time =    1.000,"PLATE-1",          1342,             1,      -1.10201,  -658.762E-03,            0.,"ASSEMBLY_PLATE-1__PICKEDSET2","ROCK","",      -1.00746,      -1.22675,      -1.22286,      -1.01136,   28.9702E-03
F:/Desktop/DeepOnet_Abaqus/StaticElasticJob3.odb,Step-1,Increment      1: Step Time =    1.000,"PLATE-1",          1343,             1,  -971.512E-03,  -824.942E-03,            0.,"ASSEMBLY_PLATE-1__PICKEDSET2","ROCK","",      -1.00031,      -1.23752,      -1.23390,      -1.00392,   29.0666E-03
F:/Desktop/DeepOnet_Abaqus/StaticElasticJob3.odb,Step-1,Increment      1: Step Time =    1.000,"PLATE-1",          1344,             1,  -716.187E-03,      -1.05075,            0.,"ASSEMBLY_PLATE-1__PICKEDSET2","ROCK","",  -992.316E-03,      -1.25032,      -1.24806,  -994.578E-03,   24.0537E-03
F:/Desktop/DeepOnet_Abaqus/StaticElasticJob3.odb,Step-1,Increment      1: Step Time =    1.000,"PLATE-1",          1345,             1,  -361.003E-03,      -1.32791,            0.,"ASSEMBLY_PLATE-1__PICKEDSET2","ROCK","",  -987.890E-03,      -1.25577,      -1.25524,  -988.416E-03,   11.8633E-03
F:/Desktop/DeepOnet_Abaqus/StaticElasticJob3.odb,Step-1,Increment      1: Step Time =    1.000,"PLATE-1",          1346,             1,  -234.583E-03,      -1.43851,            0.,"ASSEMBLY_PLATE-1__PICKEDSET2","ROCK","",  -988.359E-03,      -1.25435,      -1.25413,  -988.583E-03,   7.72716E-03
F:/Desktop/DeepOnet_Abaqus/StaticElasticJob3.odb,Step-1,Increment      1: Step Time =    1.000,"PLATE-1",          1347,             1,  -208.069E-03,      -1.34781,            0.,"ASSEMBLY_PLATE-1__PICKEDSET2","ROCK","",  -985.917E-03,      -1.25813,      -1.25787,  -986.180E-03,   8.45208E-03
F:/Desktop/DeepOnet_Abaqus/StaticElasticJob3.odb,Step-1,Increment      1: Step Time =    1.000,"PLATE-1",          1348,             1,      -1.20281,  -320.734E-03,            0.,"ASSEMBLY_PLATE-1__PICKEDSET2","ROCK","",      -1.02343,      -1.20418,      -1.20139,      -1.02622,   22.2806E-03
F:/Desktop/DeepOnet_Abaqus/StaticElasticJob3.odb,Step-1,Increment      1: Step Time =    1.000,"PLATE-1",          1349,             1,  -884.457E-03,  -368.878E-03,            0.,"ASSEMBLY_PLATE-1__PICKEDSET2","ROCK","",      -1.01917,      -1.20867,      -1.19661,      -1.03123,   46.2652E-03
F:/Desktop/DeepOnet_Abaqus/StaticElasticJob3.odb,Step-1,Increment      1: Step Time =    1.000,"PLATE-1",          1350,             1,  -977.418E-03,  -473.720E-03,            0.,"ASSEMBLY_PLATE-1__PICKEDSET2","ROCK","",      -1.01351,      -1.21782,      -1.21038,      -1.02095,   38.2660E-03
F:/Desktop/DeepOnet_Abaqus/StaticElasticJob3.odb,Step-1,Increment      1: Step Time =    1.000,"PLATE-1",          1351,             1,  -961.316E-03,  -415.394E-03,            0.,"ASSEMBLY_PLATE-1__PICKEDSET2","ROCK","",      -1.01730,      -1.21210,      -1.20370,      -1.02570,   39.5793E-03
F:/Desktop/DeepOnet_Abaqus/StaticElasticJob3.odb,Step-1,Increment      1: Step Time =    1.000,"PLATE-1",          1352,             1,  -762.015E-03,  -395.397E-03,            0.,"ASSEMBLY_PLATE-1__PICKEDSET2","ROCK","",      -1.00941,      -1.22196,      -1.20237,      -1.02900,   61.4752E-03
F:/Desktop/DeepOnet_Abaqus/StaticElasticJob3.odb,Step-1,Increment      1: Step Time =    1.000,"PLATE-1",          1353,             1,  -560.289E-03,  -342.172E-03,            0.,"ASSEMBLY_PLATE-1__PICKEDSET2","ROCK","",  -988.123E-03,      -1.24963,      -1.19955,      -1.03821,   102.903E-03
F:/Desktop/DeepOnet_Abaqus/StaticElasticJob3.odb,Step-1,Increment      1: Step Time =    1.000,"PLATE-1",          1354,             1,   275.337E-03,  -205.372E-03,            0.,"ASSEMBLY_PLATE-1__PICKEDSET2","ROCK","",  -803.197E-03,      -1.50112,      -1.18982,      -1.11450,  -346.923E-03
F:/Desktop/DeepOnet_Abaqus/StaticElasticJob3.odb,Step-1,Increment      1: Step Time =    1.000,"PLATE-1",          1355,             1,   236.232E-03,  -471.944E-03,            0.,"ASSEMBLY_PLATE-1__PICKEDSET2","ROCK","",  -895.168E-03,      -1.37399,      -1.34391,  -925.249E-03,  -116.183E-03
F:/Desktop/DeepOnet_Abaqus/StaticElasticJob3.odb,Step-1,Increment      1: Step Time =    1.000,"PLATE-1",          1356,             1,   556.700E-03,  -709.779E-03,            0.,"ASSEMBLY_PLATE-1__PICKEDSET2","ROCK","",  -966.435E-03,      -1.27057,      -1.26266,  -974.349E-03,  -48.4182E-03
F:/Desktop/DeepOnet_Abaqus/StaticElasticJob3.odb,Step-1,Increment      1: Step Time =    1.000,"PLATE-1",          1357,             1,       1.11798,  -447.519E-03,            0.,"ASSEMBLY_PLATE-1__PICKEDSET2","ROCK","",      -1.00793,      -1.21113,      -1.20416,      -1.01490,  -36.9921E-03
F:/Desktop/DeepOnet_Abaqus/StaticElasticJob3.odb,Step-1,Increment      1: Step Time =    1.000,"PLATE-1",          1358,             1,       1.47767,  -346.889E-03,            0.,"ASSEMBLY_PLATE-1__PICKEDSET2","ROCK","",      -1.01876,      -1.20536,      -1.20369,      -1.02043,  -17.5596E-03
F:/Desktop/DeepOnet_Abaqus/StaticElasticJob3.odb,Step-1,Increment      1: Step Time =    1.000,"PLATE-1",          1359,             1,      -1.55469,  -449.090E-03,            0.,"ASSEMBLY_PLATE-1__PICKEDSET2","ROCK","",      -1.01506,      -1.21587,      -1.21489,      -1.01603,   13.9402E-03
F:/Desktop/DeepOnet_Abaqus/StaticElasticJob3.odb,Step-1,Increment      1: Step Time =    1.000,"PLATE-1",          1360,             1,      -1.37790,  -445.088E-03,            0.,"ASSEMBLY_PLATE-1__PICKEDSET2","ROCK","",      -1.01672,      -1.21353,      -1.21180,      -1.01845,   18.3660E-03
F:/Desktop/DeepOnet_Abaqus/StaticElasticJob3.odb,Step-1,Increment      1: Step Time =    1.000,"PLATE-1",          1361,             1,      -1.36758,  -529.321E-03,            0.,"ASSEMBLY_PLATE-1__PICKEDSET2","ROCK","",      -1.01394,      -1.21752,      -1.21555,      -1.01591,   19.9251E-03
F:/Desktop/DeepOnet_Abaqus/StaticElasticJob3.odb,Step-1,Increment      1: Step Time =    1.000,"PLATE-1",          1362,             1,      -1.26614,  -623.880E-03,            0.,"ASSEMBLY_PLATE-1__PICKEDSET2","ROCK","",      -1.01079,      -1.22192,      -1.21932,      -1.01338,   23.2491E-03
F:/Desktop/DeepOnet_Abaqus/StaticElasticJob3.odb,Step-1,Increment      1: Step Time =    1.000,"PLATE-1",          1363,             1,      -1.11860,  -731.920E-03,            0.,"ASSEMBLY_PLATE-1__PICKEDSET2","ROCK","",      -1.00550,      -1.22944,      -1.22614,      -1.00880,   27.0178E-03
F:/Desktop/DeepOnet_Abaqus/StaticElasticJob3.odb,Step-1,Increment      1: Step Time =    1.000,"PLATE-1",          1364,             1,  -945.010E-03,  -991.940E-03,            0.,"ASSEMBLY_PLATE-1__PICKEDSET2","ROCK","",  -997.667E-03,      -1.24147,      -1.23906,      -1.00008,   24.1257E-03
F:/Desktop/DeepOnet_Abaqus/StaticElasticJob3.odb,Step-1,Increment      1: Step Time =    1.000,"PLATE-1",          1365,             1,  -865.572E-03,      -1.16329,            0.,"ASSEMBLY_PLATE-1__PICKEDSET2","ROCK","",  -995.318E-03,      -1.24496,      -1.24342,  -996.856E-03,   19.5341E-03
F:/Desktop/DeepOnet_Abaqus/StaticElasticJob3.odb,Step-1,Increment      1: Step Time =    1.000,"PLATE-1",          1366,             1,  -495.142E-03,      -1.36638,            0.,"ASSEMBLY_PLATE-1__PICKEDSET2","ROCK","",  -990.539E-03,      -1.25199,      -1.25135,  -991.171E-03,   12.8409E-03
F:/Desktop/DeepOnet_Abaqus/StaticElasticJob3.odb,Step-1,Increment      1: Step Time =    1.000,"PLATE-1",          1367,             1,  -384.293E-03,      -1.44095,            0.,"ASSEMBLY_PLATE-1__PICKEDSET2","ROCK","",  -990.050E-03,      -1.25230,      -1.25192,  -990.424E-03,   9.89649E-03
F:/Desktop/DeepOnet_Abaqus/StaticElasticJob3.odb,Step-1,Increment      1: Step Time =    1.000,"PLATE-1",          1368,             1,      -1.22224,  -384.672E-03,            0.,"ASSEMBLY_PLATE-1__PICKEDSET2","ROCK","",      -1.02013,      -1.20887,      -1.20600,      -1.02300,   23.0867E-03
F:/Desktop/DeepOnet_Abaqus/StaticElasticJob3.odb,Step-1,Increment      1: Step Time =    1.000,"PLATE-1",          1369,             1,  -683.584E-03,  -485.909E-03,            0.,"ASSEMBLY_PLATE-1__PICKEDSET2","ROCK","",  -997.651E-03,      -1.24130,      -1.22216,      -1.01680,   65.5636E-03
F:/Desktop/DeepOnet_Abaqus/StaticElasticJob3.odb,Step-1,Increment      1: Step Time =    1.000,"PLATE-1",          1370,             1,  -875.841E-03,  -607.861E-03,            0.,"ASSEMBLY_PLATE-1__PICKEDSET2","ROCK","",      -1.00295,      -1.23375,      -1.22604,      -1.01066,   41.4843E-03
F:/Desktop/DeepOnet_Abaqus/StaticElasticJob3.odb,Step-1,Increment      1: Step Time =    1.000,"PLATE-1",          1371,             1,  -546.653E-03,  -475.993E-03,            0.,"ASSEMBLY_PLATE-1__PICKEDSET2","ROCK","",  -982.011E-03,      -1.26803,      -1.24072,      -1.00931,   84.0430E-03
F:/Desktop/DeepOnet_Abaqus/StaticElasticJob3.odb,Step-1,Increment      1: Step Time =    1.000,"PLATE-1",          1372,             1,   294.150E-03,  -557.256E-03,            0.,"ASSEMBLY_PLATE-1__PICKEDSET2","ROCK","",  -926.600E-03,      -1.33007,      -1.31390,  -942.773E-03,  -79.1422E-03
F:/Desktop/DeepOnet_Abaqus/StaticElasticJob3.odb,Step-1,Increment      1: Step Time =    1.000,"PLATE-1",          1373,             1,   432.705E-03,  -655.635E-03,            0.,"ASSEMBLY_PLATE-1__PICKEDSET2","ROCK","",  -954.915E-03,      -1.28840,      -1.27837,  -964.947E-03,  -56.9637E-03
F:/Desktop/DeepOnet_Abaqus/StaticElasticJob3.odb,Step-1,Increment      1: Step Time =    1.000,"PLATE-1",          1374,             1,   767.201E-03,  -871.029E-03,            0.,"ASSEMBLY_PLATE-1__PICKEDSET2","ROCK","",  -981.195E-03,      -1.25120,      -1.24692,  -985.483E-03,  -33.7563E-03
F:/Desktop/DeepOnet_Abaqus/StaticElasticJob3.odb,Step-1,Increment      1: Step Time =    1.000,"PLATE-1",          1375,             1,   831.595E-03,  -399.859E-03,            0.,"ASSEMBLY_PLATE-1__PICKEDSET2","ROCK","",  -993.236E-03,      -1.21885,      -1.20067,      -1.01141,  -61.4031E-03
F:/Desktop/DeepOnet_Abaqus/StaticElasticJob3.odb,Step-1,Increment      1: Step Time =    1.000,"PLATE-1",          1376,             1,       1.46767,  -538.036E-03,            0.,"ASSEMBLY_PLATE-1__PICKEDSET2","ROCK","",      -1.01122,      -1.21438,      -1.21212,      -1.01348,  -21.3328E-03
F:/Desktop/DeepOnet_Abaqus/StaticElasticJob3.odb,Step-1,Increment      1: Step Time =    1.000,"PLATE-1",          1377,             1,       1.28457,  -501.671E-03,            0.,"ASSEMBLY_PLATE-1__PICKEDSET2","ROCK","",      -1.00997,      -1.21283,      -1.20881,      -1.01399,  -28.2767E-03
F:/Desktop/DeepOnet_Abaqus/StaticElasticJob3.odb,Step-1,Increment      1: Step Time =    1.000,"PLATE-1",          1378,             1,      -1.36117,  -616.357E-03,            0.,"ASSEMBLY_PLATE-1__PICKEDSET2","ROCK","",      -1.01113,      -1.22119,      -1.21918,      -1.01314,   20.4554E-03
F:/Desktop/DeepOnet_Abaqus/StaticElasticJob3.odb,Step-1,Increment      1: Step Time =    1.000,"PLATE-1",          1379,             1,      -1.36694,  -698.739E-03,            0.,"ASSEMBLY_PLATE-1__PICKEDSET2","ROCK","",      -1.00920,      -1.22408,      -1.22214,      -1.01113,   20.3213E-03
F:/Desktop/DeepOnet_Abaqus/StaticElasticJob3.odb,Step-1,Increment      1: Step Time =    1.000,"PLATE-1",          1380,             1,      -1.30447,  -789.932E-03,            0.,"ASSEMBLY_PLATE-1__PICKEDSET2","ROCK","",      -1.00652,      -1.22789,      -1.22590,      -1.00851,   20.9302E-03
F:/Desktop/DeepOnet_Abaqus/StaticElasticJob3.odb,Step-1,Increment      1: Step Time =    1.000,"PLATE-1",          1381,             1,      -1.13086,  -941.184E-03,            0.,"ASSEMBLY_PLATE-1__PICKEDSET2","ROCK","",      -1.00180,      -1.23474,      -1.23265,      -1.00389,   21.9543E-03
F:/Desktop/DeepOnet_Abaqus/StaticElasticJob3.odb,Step-1,Increment      1: Step Time =    1.000,"PLATE-1",          1382,             1,      -1.02073,      -1.05963,            0.,"ASSEMBLY_PLATE-1__PICKEDSET2","ROCK","",  -998.409E-03,      -1.23999,      -1.23815,      -1.00025,   21.0277E-03
F:/Desktop/DeepOnet_Abaqus/StaticElasticJob3.odb,Step-1,Increment      1: Step Time =    1.000,"PLATE-1",          1383,             1,  -817.010E-03,      -1.27484,            0.,"ASSEMBLY_PLATE-1__PICKEDSET2","ROCK","",  -994.710E-03,      -1.24573,      -1.24464,  -995.800E-03,   16.5086E-03
F:/Desktop/DeepOnet_Abaqus/StaticElasticJob3.odb,Step-1,Increment      1: Step Time =    1.000,"PLATE-1",          1384,             1,  -659.551E-03,      -1.37827,            0.,"ASSEMBLY_PLATE-1__PICKEDSET2","ROCK","",  -993.081E-03,      -1.24822,      -1.24747,  -993.827E-03,   13.7771E-03
F:/Desktop/DeepOnet_Abaqus/StaticElasticJob3.odb,Step-1,Increment      1: Step Time =    1.000,"PLATE-1",          1385,             1,  -564.707E-03,      -1.46425,            0.,"ASSEMBLY_PLATE-1__PICKEDSET2","ROCK","",  -992.581E-03,      -1.24868,      -1.24817,  -993.090E-03,   11.4053E-03
F:/Desktop/DeepOnet_Abaqus/StaticElasticJob3.odb,Step-1,Increment      1: Step Time =    1.000,"PLATE-1",          1386,             1,      -1.08210,  -588.369E-03,            0.,"ASSEMBLY_PLATE-1__PICKEDSET2","ROCK","",      -1.00973,      -1.22333,      -1.21872,      -1.01434,   31.0311E-03
F:/Desktop/DeepOnet_Abaqus/StaticElasticJob3.odb,Step-1,Increment      1: Step Time =    1.000,"PLATE-1",          1387,             1,  -942.864E-03,  -607.150E-03,            0.,"ASSEMBLY_PLATE-1__PICKEDSET2","ROCK","",      -1.00547,      -1.22972,      -1.22319,      -1.01200,   37.6991E-03
F:/Desktop/DeepOnet_Abaqus/StaticElasticJob3.odb,Step-1,Increment      1: Step Time =    1.000,"PLATE-1",          1388,             1,  -566.288E-03,  -610.860E-03,            0.,"ASSEMBLY_PLATE-1__PICKEDSET2","ROCK","",  -983.211E-03,      -1.26712,      -1.25282,  -997.510E-03,   62.0902E-03
F:/Desktop/DeepOnet_Abaqus/StaticElasticJob3.odb,Step-1,Increment      1: Step Time =    1.000,"PLATE-1",          1389,             1,  -717.720E-03,  -721.768E-03,            0.,"ASSEMBLY_PLATE-1__PICKEDSET2","ROCK","",  -992.641E-03,      -1.25066,      -1.24339,  -999.910E-03,   42.6931E-03
F:/Desktop/DeepOnet_Abaqus/StaticElasticJob3.odb,Step-1,Increment      1: Step Time =    1.000,"PLATE-1",          1390,             1,   421.599E-03,  -805.185E-03,            0.,"ASSEMBLY_PLATE-1__PICKEDSET2","ROCK","",  -963.222E-03,      -1.27966,      -1.27547,  -967.414E-03,  -36.1798E-03
F:/Desktop/DeepOnet_Abaqus/StaticElasticJob3.odb,Step-1,Increment      1: Step Time =    1.000,"PLATE-1",          1391,             1,   620.104E-03,  -912.077E-03,            0.,"ASSEMBLY_PLATE-1__PICKEDSET2","ROCK","",  -975.849E-03,      -1.26073,      -1.25741,  -979.174E-03,  -30.5967E-03
F:/Desktop/DeepOnet_Abaqus/StaticElasticJob3.odb,Step-1,Increment      1: Step Time =    1.000,"PLATE-1",          1392,             1,   718.436E-03,  -924.622E-03,            0.,"ASSEMBLY_PLATE-1__PICKEDSET2","ROCK","",  -979.549E-03,      -1.25482,      -1.25136,  -983.014E-03,  -30.6882E-03
F:/Desktop/DeepOnet_Abaqus/StaticElasticJob3.odb,Step-1,Increment      1: Step Time =    1.000,"PLATE-1",          1393,             1,   566.241E-03,  -495.891E-03,            0.,"ASSEMBLY_PLATE-1__PICKEDSET2","ROCK","",  -961.908E-03,      -1.26653,      -1.24369,  -984.749E-03,  -80.2252E-03
F:/Desktop/DeepOnet_Abaqus/StaticElasticJob3.odb,Step-1,Increment      1: Step Time =    1.000,"PLATE-1",          1394,             1,       1.03897,  -687.649E-03,            0.,"ASSEMBLY_PLATE-1__PICKEDSET2","ROCK","",  -994.288E-03,      -1.23090,      -1.22501,      -1.00018,  -36.8610E-03
F:/Desktop/DeepOnet_Abaqus/StaticElasticJob3.odb,Step-1,Increment      1: Step Time =    1.000,"PLATE-1",          1395,             1,       1.12081,  -678.099E-03,            0.,"ASSEMBLY_PLATE-1__PICKEDSET2","ROCK","",  -998.109E-03,      -1.22660,      -1.22131,      -1.00339,  -34.3373E-03
F:/Desktop/DeepOnet_Abaqus/StaticElasticJob3.odb,Step-1,Increment      1: Step Time =    1.000,"PLATE-1",          1396,             1,       1.40174,  -750.605E-03,            0.,"ASSEMBLY_PLATE-1__PICKEDSET2","ROCK","",      -1.00404,      -1.22332,      -1.22078,      -1.00658,  -23.4558E-03
F:/Desktop/DeepOnet_Abaqus/StaticElasticJob3.odb,Step-1,Increment      1: Step Time =    1.000,"PLATE-1",          1397,             1,       1.47338,  -442.421E-03,            0.,"ASSEMBLY_PLATE-1__PICKEDSET2","ROCK","",      -1.01505,      -1.20984,      -1.20783,      -1.01706,  -19.6768E-03
F:/Desktop/DeepOnet_Abaqus/StaticElasticJob3.odb,Step-1,Increment      1: Step Time =    1.000,"PLATE-1",          1398,             1,      -1.28447,  -708.329E-03,            0.,"ASSEMBLY_PLATE-1__PICKEDSET2","ROCK","",      -1.00827,      -1.22522,      -1.22294,      -1.01056,   22.1285E-03
F:/Desktop/DeepOnet_Abaqus/StaticElasticJob3.odb,Step-1,Increment      1: Step Time =    1.000,"PLATE-1",          1399,             1,      -1.03902,  -741.144E-03,            0.,"ASSEMBLY_PLATE-1__PICKEDSET2","ROCK","",      -1.00366,      -1.23241,      -1.22851,      -1.00757,   29.6203E-03
F:/Desktop/DeepOnet_Abaqus/StaticElasticJob3.odb,Step-1,Increment      1: Step Time =    1.000,"PLATE-1",          1400,             1,  -877.742E-03,  -672.873E-03,            0.,"ASSEMBLY_PLATE-1__PICKEDSET2","ROCK","",      -1.00104,      -1.23664,      -1.23021,      -1.00746,   38.3819E-03
F:/Desktop/DeepOnet_Abaqus/StaticElasticJob3.odb,Step-1,Increment      1: Step Time =    1.000,"PLATE-1",          1401,             1,  -396.753E-03,  -763.305E-03,            0.,"ASSEMBLY_PLATE-1__PICKEDSET2","ROCK","",  -972.909E-03,      -1.28224,      -1.27533,  -979.816E-03,   45.7035E-03
F:/Desktop/DeepOnet_Abaqus/StaticElasticJob3.odb,Step-1,Increment      1: Step Time =    1.000,"PLATE-1",          1402,             1,  -505.620E-03,  -841.267E-03,            0.,"ASSEMBLY_PLATE-1__PICKEDSET2","ROCK","",  -981.784E-03,      -1.26831,      -1.26325,  -986.851E-03,   37.7623E-03
F:/Desktop/DeepOnet_Abaqus/StaticElasticJob3.odb,Step-1,Increment      1: Step Time =    1.000,"PLATE-1",          1403,             1,  -510.625E-03,  -787.268E-03,            0.,"ASSEMBLY_PLATE-1__PICKEDSET2","ROCK","",  -981.753E-03,      -1.26881,      -1.26204,  -988.521E-03,   43.5553E-03
F:/Desktop/DeepOnet_Abaqus/StaticElasticJob3.odb,Step-1,Increment      1: Step Time =    1.000,"PLATE-1",          1404,             1,  -289.614E-03,  -608.896E-03,            0.,"ASSEMBLY_PLATE-1__PICKEDSET2","ROCK","",  -947.709E-03,      -1.32126,      -1.30553,  -963.439E-03,   75.0235E-03
F:/Desktop/DeepOnet_Abaqus/StaticElasticJob3.odb,Step-1,Increment      1: Step Time =    1.000,"PLATE-1",          1405,             1,   126.757E-03,  -814.518E-03,            0.,"ASSEMBLY_PLATE-1__PICKEDSET2","ROCK","",  -949.244E-03,      -1.30485,      -1.30457,  -949.520E-03,  -9.89549E-03
F:/Desktop/DeepOnet_Abaqus/StaticElasticJob3.odb,Step-1,Increment      1: Step Time =    1.000,"PLATE-1",          1406,             1,   258.930E-03,  -792.761E-03,            0.,"ASSEMBLY_PLATE-1__PICKEDSET2","ROCK","",  -952.319E-03,      -1.29782,      -1.29538,  -954.767E-03,  -28.9804E-03
F:/Desktop/DeepOnet_Abaqus/StaticElasticJob3.odb,Step-1,Increment      1: Step Time =    1.000,"PLATE-1",          1407,             1,   480.602E-03,  -941.462E-03,            0.,"ASSEMBLY_PLATE-1__PICKEDSET2","ROCK","",  -971.769E-03,      -1.26873,      -1.26640,  -974.096E-03,  -26.1850E-03
F:/Desktop/DeepOnet_Abaqus/StaticElasticJob3.odb,Step-1,Increment      1: Step Time =    1.000,"PLATE-1",          1408,             1,   605.102E-03,      -1.09692,            0.,"ASSEMBLY_PLATE-1__PICKEDSET2","ROCK","",  -979.646E-03,      -1.25823,      -1.25678,  -981.102E-03,  -20.0822E-03
F:/Desktop/DeepOnet_Abaqus/StaticElasticJob3.odb,Step-1,Increment      1: Step Time =    1.000,"PLATE-1",          1409,             1,   695.884E-03,      -1.17132,            0.,"ASSEMBLY_PLATE-1__PICKEDSET2","ROCK","",  -983.217E-03,      -1.25318,      -1.25189,  -984.514E-03,  -18.6703E-03
F:/Desktop/DeepOnet_Abaqus/StaticElasticJob3.odb,Step-1,Increment      1: Step Time =    1.000,"PLATE-1",          1410,             1,   462.541E-03,  -744.760E-03,            0.,"ASSEMBLY_PLATE-1__PICKEDSET2","ROCK","",  -962.795E-03,      -1.27843,      -1.27227,  -968.948E-03,  -43.6372E-03
F:/Desktop/DeepOnet_Abaqus/StaticElasticJob3.odb,Step-1,Increment      1: Step Time =    1.000,"PLATE-1",          1411,             1,   478.507E-03,  -681.034E-03,            0.,"ASSEMBLY_PLATE-1__PICKEDSET2","ROCK","",  -960.247E-03,      -1.28006,      -1.27133,  -968.976E-03,  -52.1113E-03
F:/Desktop/DeepOnet_Abaqus/StaticElasticJob3.odb,Step-1,Increment      1: Step Time =    1.000,"PLATE-1",          1412,             1,   911.262E-03,  -709.785E-03,            0.,"ASSEMBLY_PLATE-1__PICKEDSET2","ROCK","",  -987.734E-03,      -1.23892,      -1.23229,  -994.358E-03,  -40.2497E-03
F:/Desktop/DeepOnet_Abaqus/StaticElasticJob3.odb,Step-1,Increment      1: Step Time =    1.000,"PLATE-1",          1413,             1,   981.190E-03,  -817.469E-03,            0.,"ASSEMBLY_PLATE-1__PICKEDSET2","ROCK","",  -989.687E-03,      -1.23865,      -1.23404,  -994.303E-03,  -33.5853E-03
F:/Desktop/DeepOnet_Abaqus/StaticElasticJob3.odb,Step-1,Increment      1: Step Time =    1.000,"PLATE-1",          1414,             1,       1.19619,  -778.693E-03,            0.,"ASSEMBLY_PLATE-1__PICKEDSET2","ROCK","",  -998.116E-03,      -1.22898,      -1.22531,      -1.00178,  -28.8680E-03
F:/Desktop/DeepOnet_Abaqus/StaticElasticJob3.odb,Step-1,Increment      1: Step Time =    1.000,"PLATE-1",          1415,             1,       1.42193,  -866.867E-03,            0.,"ASSEMBLY_PLATE-1__PICKEDSET2","ROCK","",      -1.00204,      -1.22671,      -1.22461,      -1.00413,  -21.5924E-03
F:/Desktop/DeepOnet_Abaqus/StaticElasticJob3.odb,Step-1,Increment      1: Step Time =    1.000,"PLATE-1",          1416,             1,       1.31303,  -864.392E-03,            0.,"ASSEMBLY_PLATE-1__PICKEDSET2","ROCK","",  -999.392E-03,      -1.22912,      -1.22654,      -1.00197,  -24.1872E-03
F:/Desktop/DeepOnet_Abaqus/StaticElasticJob3.odb,Step-1,Increment      1: Step Time =    1.000,"PLATE-1",          1417,             1,      -1.32377,  -872.407E-03,            0.,"ASSEMBLY_PLATE-1__PICKEDSET2","ROCK","",      -1.00489,      -1.22985,      -1.22811,      -1.00663,   19.6973E-03
F:/Desktop/DeepOnet_Abaqus/StaticElasticJob3.odb,Step-1,Increment      1: Step Time =    1.000,"PLATE-1",          1418,             1,      -1.22868,  -881.050E-03,            0.,"ASSEMBLY_PLATE-1__PICKEDSET2","ROCK","",      -1.00392,      -1.23159,      -1.22955,      -1.00595,   21.4209E-03
F:/Desktop/DeepOnet_Abaqus/StaticElasticJob3.odb,Step-1,Increment      1: Step Time =    1.000,"PLATE-1",          1419,             1,      -1.13949,  -875.431E-03,            0.,"ASSEMBLY_PLATE-1__PICKEDSET2","ROCK","",      -1.00246,      -1.23383,      -1.23141,      -1.00488,   23.5249E-03
F:/Desktop/DeepOnet_Abaqus/StaticElasticJob3.odb,Step-1,Increment      1: Step Time =    1.000,"PLATE-1",          1420,             1,  -885.931E-03,  -889.090E-03,            0.,"ASSEMBLY_PLATE-1__PICKEDSET2","ROCK","",  -997.007E-03,      -1.24279,      -1.23933,      -1.00047,   28.9718E-03
F:/Desktop/DeepOnet_Abaqus/StaticElasticJob3.odb,Step-1,Increment      1: Step Time =    1.000,"PLATE-1",          1421,             1,  -736.658E-03,  -886.617E-03,            0.,"ASSEMBLY_PLATE-1__PICKEDSET2","ROCK","",  -992.369E-03,      -1.25061,      -1.24663,  -996.341E-03,   31.7800E-03
F:/Desktop/DeepOnet_Abaqus/StaticElasticJob3.odb,Step-1,Increment      1: Step Time =    1.000,"PLATE-1",          1422,             1,  -323.432E-03,  -836.273E-03,            0.,"ASSEMBLY_PLATE-1__PICKEDSET2","ROCK","",  -970.247E-03,      -1.28450,      -1.28031,  -974.441E-03,   36.0593E-03
F:/Desktop/DeepOnet_Abaqus/StaticElasticJob3.odb,Step-1,Increment      1: Step Time =    1.000,"PLATE-1",          1423,             1,  -384.073E-03,  -993.780E-03,            0.,"ASSEMBLY_PLATE-1__PICKEDSET2","ROCK","",  -980.106E-03,      -1.26934,      -1.26709,  -982.358E-03,   25.4214E-03
F:/Desktop/DeepOnet_Abaqus/StaticElasticJob3.odb,Step-1,Increment      1: Step Time =    1.000,"PLATE-1",          1424,             1,  -456.244E-03,  -920.591E-03,            0.,"ASSEMBLY_PLATE-1__PICKEDSET2","ROCK","",  -981.139E-03,      -1.26856,      -1.26515,  -984.546E-03,   31.1044E-03
F:/Desktop/DeepOnet_Abaqus/StaticElasticJob3.odb,Step-1,Increment      1: Step Time =    1.000,"PLATE-1",          1425,             1,   165.896E-03,  -976.296E-03,            0.,"ASSEMBLY_PLATE-1__PICKEDSET2","ROCK","",  -965.412E-03,      -1.28324,      -1.28306,  -965.589E-03,  -7.50177E-03
F:/Desktop/DeepOnet_Abaqus/StaticElasticJob3.odb,Step-1,Increment      1: Step Time =    1.000,"PLATE-1",          1426,             1,   37.2886E-03,  -953.765E-03,            0.,"ASSEMBLY_PLATE-1__PICKEDSET2","ROCK","",  -963.720E-03,      -1.28756,      -1.28755,  -963.732E-03,   1.98167E-03
F:/Desktop/DeepOnet_Abaqus/StaticElasticJob3.odb,Step-1,Increment      1: Step Time =    1.000,"PLATE-1",          1427,             1,   311.290E-03,  -857.139E-03,            0.,"ASSEMBLY_PLATE-1__PICKEDSET2","ROCK","",  -960.702E-03,      -1.28608,      -1.28409,  -962.697E-03,  -25.3989E-03
F:/Desktop/DeepOnet_Abaqus/StaticElasticJob3.odb,Step-1,Increment      1: Step Time =    1.000,"PLATE-1",          1428,             1,   478.945E-03,      -1.00686,            0.,"ASSEMBLY_PLATE-1__PICKEDSET2","ROCK","",  -974.460E-03,      -1.26595,      -1.26435,  -976.061E-03,  -21.5405E-03
F:/Desktop/DeepOnet_Abaqus/StaticElasticJob3.odb,Step-1,Increment      1: Step Time =    1.000,"PLATE-1",          1429,             1,   587.525E-03,      -1.22802,            0.,"ASSEMBLY_PLATE-1__PICKEDSET2","ROCK","",  -982.745E-03,      -1.25531,      -1.25451,  -983.543E-03,  -14.7301E-03
F:/Desktop/DeepOnet_Abaqus/StaticElasticJob3.odb,Step-1,Increment      1: Step Time =    1.000,"PLATE-1",          1430,             1,   656.052E-03,      -1.24189,            0.,"ASSEMBLY_PLATE-1__PICKEDSET2","ROCK","",  -983.995E-03,      -1.25310,      -1.25220,  -984.893E-03,  -15.5143E-03
F:/Desktop/DeepOnet_Abaqus/StaticElasticJob3.odb,Step-1,Increment      1: Step Time =    1.000,"PLATE-1",          1431,             1,   458.900E-03,  -870.509E-03,            0.,"ASSEMBLY_PLATE-1__PICKEDSET2","ROCK","",  -968.185E-03,      -1.27312,      -1.26985,  -971.453E-03,  -31.4006E-03
F:/Desktop/DeepOnet_Abaqus/StaticElasticJob3.odb,Step-1,Increment      1: Step Time =    1.000,"PLATE-1",          1432,             1,   602.864E-03,  -843.123E-03,            0.,"ASSEMBLY_PLATE-1__PICKEDSET2","ROCK","",  -973.091E-03,      -1.26341,      -1.25882,  -977.675E-03,  -36.1905E-03
F:/Desktop/DeepOnet_Abaqus/StaticElasticJob3.odb,Step-1,Increment      1: Step Time =    1.000,"PLATE-1",          1433,             1,       1.20903,  -954.340E-03,            0.,"ASSEMBLY_PLATE-1__PICKEDSET2","ROCK","",  -995.665E-03,      -1.23388,      -1.23133,  -998.215E-03,  -24.5178E-03
F:/Desktop/DeepOnet_Abaqus/StaticElasticJob3.odb,Step-1,Increment      1: Step Time =    1.000,"PLATE-1",          1434,             1,       1.32847,  -978.255E-03,            0.,"ASSEMBLY_PLATE-1__PICKEDSET2","ROCK","",  -998.083E-03,      -1.23164,      -1.22955,      -1.00017,  -21.9758E-03
F:/Desktop/DeepOnet_Abaqus/StaticElasticJob3.odb,Step-1,Increment      1: Step Time =    1.000,"PLATE-1",          1435,             1,      -1.31425,  -990.738E-03,            0.,"ASSEMBLY_PLATE-1__PICKEDSET2","ROCK","",      -1.00312,      -1.23230,      -1.23081,      -1.00460,   18.3899E-03
F:/Desktop/DeepOnet_Abaqus/StaticElasticJob3.odb,Step-1,Increment      1: Step Time =    1.000,"PLATE-1",          1436,             1,      -1.41148,      -1.15722,            0.,"ASSEMBLY_PLATE-1__PICKEDSET2","ROCK","",      -1.00230,      -1.23324,      -1.23228,      -1.00326,   14.8147E-03
F:/Desktop/DeepOnet_Abaqus/StaticElasticJob3.odb,Step-1,Increment      1: Step Time =    1.000,"PLATE-1",          1437,             1,      -1.19878,      -1.24868,            0.,"ASSEMBLY_PLATE-1__PICKEDSET2","ROCK","",  -999.577E-03,      -1.23763,      -1.23661,      -1.00060,   15.5930E-03
F:/Desktop/DeepOnet_Abaqus/StaticElasticJob3.odb,Step-1,Increment      1: Step Time =    1.000,"PLATE-1",          1438,             1,  -938.620E-03,      -1.43641,            0.,"ASSEMBLY_PLATE-1__PICKEDSET2","ROCK","",  -996.670E-03,      -1.24218,      -1.24148,  -997.364E-03,   13.0315E-03
F:/Desktop/DeepOnet_Abaqus/StaticElasticJob3.odb,Step-1,Increment      1: Step Time =    1.000,"PLATE-1",          1439,             1,      -1.00975,      -1.37389,            0.,"ASSEMBLY_PLATE-1__PICKEDSET2","ROCK","",  -997.324E-03,      -1.24123,      -1.24040,  -998.152E-03,   14.1858E-03
F:/Desktop/DeepOnet_Abaqus/StaticElasticJob3.odb,Step-1,Increment      1: Step Time =    1.000,"PLATE-1",          1440,             1,      -1.28576,      -1.06748,            0.,"ASSEMBLY_PLATE-1__PICKEDSET2","ROCK","",      -1.00204,      -1.23418,      -1.23284,      -1.00338,   17.5529E-03
F:/Desktop/DeepOnet_Abaqus/StaticElasticJob3.odb,Step-1,Increment      1: Step Time =    1.000,"PLATE-1",          1441,             1,      -1.18507,      -1.04667,            0.,"ASSEMBLY_PLATE-1__PICKEDSET2","ROCK","",      -1.00091,      -1.23584,      -1.23427,      -1.00248,   19.1710E-03
F:/Desktop/DeepOnet_Abaqus/StaticElasticJob3.odb,Step-1,Increment      1: Step Time =    1.000,"PLATE-1",          1442,             1,  -822.286E-03,      -1.08981,            0.,"ASSEMBLY_PLATE-1__PICKEDSET2","ROCK","",  -994.551E-03,      -1.24643,      -1.24450,  -996.481E-03,   21.9595E-03
F:/Desktop/DeepOnet_Abaqus/StaticElasticJob3.odb,Step-1,Increment      1: Step Time =    1.000,"PLATE-1",          1443,             1,  -692.252E-03,  -978.752E-03,            0.,"ASSEMBLY_PLATE-1__PICKEDSET2","ROCK","",  -991.270E-03,      -1.25219,      -1.24929,  -994.165E-03,   27.3310E-03
F:/Desktop/DeepOnet_Abaqus/StaticElasticJob3.odb,Step-1,Increment      1: Step Time =    1.000,"PLATE-1",          1444,             1,  -623.438E-03,  -996.838E-03,            0.,"ASSEMBLY_PLATE-1__PICKEDSET2","ROCK","",  -989.039E-03,      -1.25575,      -1.25308,  -991.703E-03,   26.5263E-03
F:/Desktop/DeepOnet_Abaqus/StaticElasticJob3.odb,Step-1,Increment      1: Step Time =    1.000,"PLATE-1",          1445,             1,  -311.320E-03,      -1.06239,            0.,"ASSEMBLY_PLATE-1__PICKEDSET2","ROCK","",  -979.933E-03,      -1.26869,      -1.26738,  -981.248E-03,   19.4461E-03
F:/Desktop/DeepOnet_Abaqus/StaticElasticJob3.odb,Step-1,Increment      1: Step Time =    1.000,"PLATE-1",          1446,             1,   220.399E-03,      -1.18390,            0.,"ASSEMBLY_PLATE-1__PICKEDSET2","ROCK","",  -977.309E-03,      -1.26678,      -1.26669,  -977.400E-03,  -5.12980E-03
F:/Desktop/DeepOnet_Abaqus/StaticElasticJob3.odb,Step-1,Increment      1: Step Time =    1.000,"PLATE-1",          1447,             1,   236.965E-03,  -999.100E-03,            0.,"ASSEMBLY_PLATE-1__PICKEDSET2","ROCK","",  -968.029E-03,      -1.27845,      -1.27802,  -968.467E-03,  -11.6581E-03
F:/Desktop/DeepOnet_Abaqus/StaticElasticJob3.odb,Step-1,Increment      1: Step Time =    1.000,"PLATE-1",          1448,             1,   354.214E-03,      -1.10580,            0.,"ASSEMBLY_PLATE-1__PICKEDSET2","ROCK","",  -975.270E-03,      -1.26739,      -1.26684,  -975.817E-03,  -12.6204E-03
F:/Desktop/DeepOnet_Abaqus/StaticElasticJob3.odb,Step-1,Increment      1: Step Time =    1.000,"PLATE-1",          1449,             1,   467.720E-03,      -1.17725,            0.,"ASSEMBLY_PLATE-1__PICKEDSET2","ROCK","",  -979.457E-03,      -1.26060,      -1.25990,  -980.150E-03,  -13.9375E-03
F:/Desktop/DeepOnet_Abaqus/StaticElasticJob3.odb,Step-1,Increment      1: Step Time =    1.000,"PLATE-1",          1450,             1,   574.838E-03,      -1.29680,            0.,"ASSEMBLY_PLATE-1__PICKEDSET2","ROCK","",  -983.939E-03,      -1.25419,      -1.25358,  -984.543E-03,  -12.7606E-03
F:/Desktop/DeepOnet_Abaqus/StaticElasticJob3.odb,Step-1,Increment      1: Step Time =    1.000,"PLATE-1",          1451,             1,   741.836E-03,      -1.44845,            0.,"ASSEMBLY_PLATE-1__PICKEDSET2","ROCK","",  -988.314E-03,      -1.24797,      -1.24745,  -988.831E-03,  -11.5696E-03
F:/Desktop/DeepOnet_Abaqus/StaticElasticJob3.odb,Step-1,Increment      1: Step Time =    1.000,"PLATE-1",          1452,             1,   550.354E-03,      -1.01418,            0.,"ASSEMBLY_PLATE-1__PICKEDSET2","ROCK","",  -976.555E-03,      -1.26214,      -1.26026,  -978.433E-03,  -23.0811E-03
F:/Desktop/DeepOnet_Abaqus/StaticElasticJob3.odb,Step-1,Increment      1: Step Time =    1.000,"PLATE-1",          1453,             1,   819.320E-03,      -1.02551,            0.,"ASSEMBLY_PLATE-1__PICKEDSET2","ROCK","",  -984.540E-03,      -1.24904,      -1.24659,  -986.995E-03,  -25.3658E-03
F:/Desktop/DeepOnet_Abaqus/StaticElasticJob3.odb,Step-1,Increment      1: Step Time =    1.000,"PLATE-1",          1454,             1,       1.35774,      -1.24351,            0.,"ASSEMBLY_PLATE-1__PICKEDSET2","ROCK","",  -996.412E-03,      -1.23537,      -1.23418,  -997.608E-03,  -16.8619E-03
F:/Desktop/DeepOnet_Abaqus/StaticElasticJob3.odb,Step-1,Increment      1: Step Time =    1.000,"PLATE-1",          1455,             1,      -1.37642,      -1.09664,            0.,"ASSEMBLY_PLATE-1__PICKEDSET2","ROCK","",      -1.00272,      -1.23279,      -1.23167,      -1.00384,   15.9907E-03
F:/Desktop/DeepOnet_Abaqus/StaticElasticJob3.odb,Step-1,Increment      1: Step Time =    1.000,"PLATE-1",          1456,             1,      -1.31363,      -1.21038,            0.,"ASSEMBLY_PLATE-1__PICKEDSET2","ROCK","",      -1.00097,      -1.23537,      -1.23439,      -1.00195,   15.1272E-03
F:/Desktop/DeepOnet_Abaqus/StaticElasticJob3.odb,Step-1,Increment      1: Step Time =    1.000,"PLATE-1",          1457,             1,      -1.25363,      -1.36326,            0.,"ASSEMBLY_PLATE-1__PICKEDSET2","ROCK","",  -999.696E-03,      -1.23723,      -1.23646,      -1.00046,   13.4347E-03
F:/Desktop/DeepOnet_Abaqus/StaticElasticJob3.odb,Step-1,Increment      1: Step Time =    1.000,"PLATE-1",          1458,             1,      -1.10091,      -1.43152,            0.,"ASSEMBLY_PLATE-1__PICKEDSET2","ROCK","",  -998.219E-03,      -1.23956,      -1.23886,  -998.922E-03,   13.0102E-03
F:/Desktop/DeepOnet_Abaqus/StaticElasticJob3.odb,Step-1,Increment      1: Step Time =    1.000,"PLATE-1",          1459,             1,      -1.15525,      -1.33443,            0.,"ASSEMBLY_PLATE-1__PICKEDSET2","ROCK","",  -998.908E-03,      -1.23862,      -1.23778,  -999.756E-03,   14.2302E-03
F:/Desktop/DeepOnet_Abaqus/StaticElasticJob3.odb,Step-1,Increment      1: Step Time =    1.000,"PLATE-1",          1460,             1,  -907.446E-03,      -1.25049,            0.,"ASSEMBLY_PLATE-1__PICKEDSET2","ROCK","",  -996.025E-03,      -1.24360,      -1.24244,  -997.190E-03,   16.9501E-03
F:/Desktop/DeepOnet_Abaqus/StaticElasticJob3.odb,Step-1,Increment      1: Step Time =    1.000,"PLATE-1",          1461,             1,  -717.779E-03,      -1.22095,            0.,"ASSEMBLY_PLATE-1__PICKEDSET2","ROCK","",  -992.875E-03,      -1.24880,      -1.24756,  -994.118E-03,   17.7902E-03
F:/Desktop/DeepOnet_Abaqus/StaticElasticJob3.odb,Step-1,Increment      1: Step Time =    1.000,"PLATE-1",          1462,             1,  -594.431E-03,      -1.28348,            0.,"ASSEMBLY_PLATE-1__PICKEDSET2","ROCK","",  -991.142E-03,      -1.25154,      -1.25061,  -992.076E-03,   15.5719E-03
F:/Desktop/DeepOnet_Abaqus/StaticElasticJob3.odb,Step-1,Increment      1: Step Time =    1.000,"PLATE-1",          1463,             1,  -423.005E-03,      -1.19389,            0.,"ASSEMBLY_PLATE-1__PICKEDSET2","ROCK","",  -986.565E-03,      -1.25851,      -1.25747,  -987.600E-03,   16.7480E-03
F:/Desktop/DeepOnet_Abaqus/StaticElasticJob3.odb,Step-1,Increment      1: Step Time =    1.000,"PLATE-1",          1464,             1,   47.4552E-03,      -1.28476,            0.,"ASSEMBLY_PLATE-1__PICKEDSET2","ROCK","",  -981.601E-03,      -1.26255,      -1.26254,  -981.613E-03,   1.85259E-03
F:/Desktop/DeepOnet_Abaqus/StaticElasticJob3.odb,Step-1,Increment      1: Step Time =    1.000,"PLATE-1",          1465,             1,   320.913E-03,      -1.16782,            0.,"ASSEMBLY_PLATE-1__PICKEDSET2","ROCK","",  -977.596E-03,      -1.26505,      -1.26474,  -977.905E-03,  -9.41940E-03
F:/Desktop/DeepOnet_Abaqus/StaticElasticJob3.odb,Step-1,Increment      1: Step Time =    1.000,"PLATE-1",          1466,             1,   283.088E-03,      -1.23214,            0.,"ASSEMBLY_PLATE-1__PICKEDSET2","ROCK","",  -979.487E-03,      -1.26297,      -1.26282,  -979.638E-03,  -6.52966E-03
F:/Desktop/DeepOnet_Abaqus/StaticElasticJob3.odb,Step-1,Increment      1: Step Time =    1.000,"PLATE-1",          1467,             1,   414.357E-03,      -1.31733,            0.,"ASSEMBLY_PLATE-1__PICKEDSET2","ROCK","",  -982.890E-03,      -1.25712,      -1.25683,  -983.176E-03,  -8.85205E-03
F:/Desktop/DeepOnet_Abaqus/StaticElasticJob3.odb,Step-1,Increment      1: Step Time =    1.000,"PLATE-1",          1468,             1,   552.707E-03,      -1.45682,            0.,"ASSEMBLY_PLATE-1__PICKEDSET2","ROCK","",  -986.919E-03,      -1.25109,      -1.25081,  -987.202E-03,  -8.64979E-03
F:/Desktop/DeepOnet_Abaqus/StaticElasticJob3.odb,Step-1,Increment      1: Step Time =    1.000,"PLATE-1",          1469,             1,   447.200E-03,      -1.07448,            0.,"ASSEMBLY_PLATE-1__PICKEDSET2","ROCK","",  -976.014E-03,      -1.26472,      -1.26362,  -977.117E-03,  -17.8130E-03
F:/Desktop/DeepOnet_Abaqus/StaticElasticJob3.odb,Step-1,Increment      1: Step Time =    1.000,"PLATE-1",          1470,             1,   543.413E-03,      -1.14642,            0.,"ASSEMBLY_PLATE-1__PICKEDSET2","ROCK","",  -980.265E-03,      -1.25849,      -1.25750,  -981.259E-03,  -16.6052E-03
F:/Desktop/DeepOnet_Abaqus/StaticElasticJob3.odb,Step-1,Increment      1: Step Time =    1.000,"PLATE-1",          1471,             1,   851.943E-03,      -1.07895,            0.,"ASSEMBLY_PLATE-1__PICKEDSET2","ROCK","",  -986.139E-03,      -1.24741,      -1.24536,  -988.188E-03,  -23.0421E-03
F:/Desktop/DeepOnet_Abaqus/StaticElasticJob3.odb,Step-1,Increment      1: Step Time =    1.000,"PLATE-1",          1472,             1,       1.03295,      -1.28888,            0.,"ASSEMBLY_PLATE-1__PICKEDSET2","ROCK","",  -990.892E-03,      -1.24259,      -1.24145,  -992.039E-03,  -16.9551E-03
F:/Desktop/DeepOnet_Abaqus/StaticElasticJob3.odb,Step-1,Increment      1: Step Time =    1.000,"PLATE-1",          1473,             1,      -1.35177,      -1.38210,            0.,"ASSEMBLY_PLATE-1__PICKEDSET2","ROCK","",      -1.00047,      -1.23593,      -1.23525,      -1.00115,   12.6153E-03
F:/Desktop/DeepOnet_Abaqus/StaticElasticJob3.odb,Step-1,Increment      1: Step Time =    1.000,"PLATE-1",          1474,             1,      -1.25046,      -1.43701,            0.,"ASSEMBLY_PLATE-1__PICKEDSET2","ROCK","",  -999.408E-03,      -1.23757,      -1.23692,      -1.00006,   12.4175E-03
F:/Desktop/DeepOnet_Abaqus/StaticElasticJob3.odb,Step-1,Increment      1: Step Time =    1.000,"PLATE-1",          1475,             1,  -923.826E-03,      -1.34556,            0.,"ASSEMBLY_PLATE-1__PICKEDSET2","ROCK","",  -996.380E-03,      -1.24285,      -1.24193,  -997.301E-03,   15.0350E-03
F:/Desktop/DeepOnet_Abaqus/StaticElasticJob3.odb,Step-1,Increment      1: Step Time =    1.000,"PLATE-1",          1476,             1,  -832.575E-03,      -1.36192,            0.,"ASSEMBLY_PLATE-1__PICKEDSET2","ROCK","",  -995.314E-03,      -1.24463,      -1.24376,  -996.184E-03,   14.7037E-03
F:/Desktop/DeepOnet_Abaqus/StaticElasticJob3.odb,Step-1,Increment      1: Step Time =    1.000,"PLATE-1",          1477,             1,  -664.434E-03,      -1.29732,            0.,"ASSEMBLY_PLATE-1__PICKEDSET2","ROCK","",  -992.509E-03,      -1.24924,      -1.24826,  -993.484E-03,   15.7967E-03
F:/Desktop/DeepOnet_Abaqus/StaticElasticJob3.odb,Step-1,Increment      1: Step Time =    1.000,"PLATE-1",          1478,             1,  -576.608E-03,      -1.37167,            0.,"ASSEMBLY_PLATE-1__PICKEDSET2","ROCK","",  -991.856E-03,      -1.25008,      -1.24938,  -992.550E-03,   13.3743E-03
F:/Desktop/DeepOnet_Abaqus/StaticElasticJob3.odb,Step-1,Increment      1: Step Time =    1.000,"PLATE-1",          1479,             1,  -420.777E-03,      -1.35631,            0.,"ASSEMBLY_PLATE-1__PICKEDSET2","ROCK","",  -989.131E-03,      -1.25420,      -1.25364,  -989.699E-03,   12.2633E-03
F:/Desktop/DeepOnet_Abaqus/StaticElasticJob3.odb,Step-1,Increment      1: Step Time =    1.000,"PLATE-1",          1480,             1,   42.8667E-03,      -1.37886,            0.,"ASSEMBLY_PLATE-1__PICKEDSET2","ROCK","",  -984.342E-03,      -1.25857,      -1.25856,  -984.356E-03,   1.96846E-03
F:/Desktop/DeepOnet_Abaqus/StaticElasticJob3.odb,Step-1,Increment      1: Step Time =    1.000,"PLATE-1",          1481,             1,   260.042E-03,      -1.30120,            0.,"ASSEMBLY_PLATE-1__PICKEDSET2","ROCK","",  -981.601E-03,      -1.26053,      -1.26045,  -981.680E-03,  -4.69788E-03
F:/Desktop/DeepOnet_Abaqus/StaticElasticJob3.odb,Step-1,Increment      1: Step Time =    1.000,"PLATE-1",          1482,             1,   318.158E-03,      -1.33461,            0.,"ASSEMBLY_PLATE-1__PICKEDSET2","ROCK","",  -982.599E-03,      -1.25853,      -1.25840,  -982.728E-03,  -5.97133E-03
F:/Desktop/DeepOnet_Abaqus/StaticElasticJob3.odb,Step-1,Increment      1: Step Time =    1.000,"PLATE-1",          1483,             1,   458.875E-03,      -1.43955,            0.,"ASSEMBLY_PLATE-1__PICKEDSET2","ROCK","",  -985.891E-03,      -1.25313,      -1.25293,  -986.090E-03,  -7.28427E-03
F:/Desktop/DeepOnet_Abaqus/StaticElasticJob3.odb,Step-1,Increment      1: Step Time =    1.000,"PLATE-1",          1484,             1,   411.675E-03,      -1.14181,            0.,"ASSEMBLY_PLATE-1__PICKEDSET2","ROCK","",  -977.533E-03,      -1.26378,      -1.26314,  -978.168E-03,  -13.4722E-03
F:/Desktop/DeepOnet_Abaqus/StaticElasticJob3.odb,Step-1,Increment      1: Step Time =    1.000,"PLATE-1",          1485,             1,   525.366E-03,      -1.20688,            0.,"ASSEMBLY_PLATE-1__PICKEDSET2","ROCK","",  -981.324E-03,      -1.25762,      -1.25686,  -982.078E-03,  -14.4134E-03
F:/Desktop/DeepOnet_Abaqus/StaticElasticJob3.odb,Step-1,Increment      1: Step Time =    1.000,"PLATE-1",          1486,             1,   855.460E-03,      -1.34396,            0.,"ASSEMBLY_PLATE-1__PICKEDSET2","ROCK","",  -988.558E-03,      -1.24660,      -1.24575,  -989.404E-03,  -14.7438E-03
F:/Desktop/DeepOnet_Abaqus/StaticElasticJob3.odb,Step-1,Increment      1: Step Time =    1.000,"PLATE-1",          1487,             1,       1.18235,      -1.30696,            0.,"ASSEMBLY_PLATE-1__PICKEDSET2","ROCK","",  -993.662E-03,      -1.23904,      -1.23793,  -994.771E-03,  -16.4566E-03
F:/Desktop/DeepOnet_Abaqus/StaticElasticJob3.odb,Step-1,Increment      1: Step Time =    1.000,"PLATE-1",          1488,             1,  -843.109E-03,      -1.45325,            0.,"ASSEMBLY_PLATE-1__PICKEDSET2","ROCK","",  -995.756E-03,      -1.24370,      -1.24304,  -996.418E-03,   12.7934E-03
F:/Desktop/DeepOnet_Abaqus/StaticElasticJob3.odb,Step-1,Increment      1: Step Time =    1.000,"PLATE-1",          1489,             1,   311.860E-03,      -1.44708,            0.,"ASSEMBLY_PLATE-1__PICKEDSET2","ROCK","",  -985.499E-03,      -1.25477,      -1.25470,  -985.569E-03,  -4.34627E-03
F:/Desktop/DeepOnet_Abaqus/StaticElasticJob3.odb,Step-1,Increment      1: Step Time =    1.000,"PLATE-1",          1490,             1,       1.39962,   16.1039E-03,            0.,"ASSEMBLY_PLATE-1__PICKEDSET2","ROCK","",      -1.03282,      -1.18998,      -1.18994,      -1.03286,  -2.39842E-03
F:/Desktop/DeepOnet_Abaqus/StaticElasticJob3.odb,Step-1,Increment      1: Step Time =    1.000,"PLATE-1",          1491,             1,       1.22874,  -82.6346E-03,            0.,"ASSEMBLY_PLATE-1__PICKEDSET2","ROCK","",      -1.03511,      -1.18078,      -1.17916,      -1.03674,  -15.2985E-03
F:/Desktop/DeepOnet_Abaqus/StaticElasticJob3.odb,Step-1,Increment      1: Step Time =    1.000,"PLATE-1",          1492,             1,   691.496E-03,  -792.195E-06,            0.,"ASSEMBLY_PLATE-1__PICKEDSET2","ROCK","",      -1.03358,      -1.12132,      -1.09991,      -1.05500,  -37.6838E-03
F:/Desktop/DeepOnet_Abaqus/StaticElasticJob3.odb,Step-1,Increment      1: Step Time =    1.000,"PLATE-1",          1493,             1,       1.04902,  -167.034E-03,            0.,"ASSEMBLY_PLATE-1__PICKEDSET2","ROCK","",      -1.02766,      -1.18096,      -1.17307,      -1.03555,  -33.8667E-03
F:/Desktop/DeepOnet_Abaqus/StaticElasticJob3.odb,Step-1,Increment      1: Step Time =    1.000,"PLATE-1",          1494,             1,  -42.9439E-03,  -209.342E-03,            0.,"ASSEMBLY_PLATE-1__PICKEDSET2","ROCK","",  -66.4782E-03,      -2.01504,      -1.98743,  -94.0896E-03,   230.304E-03
F:/Desktop/DeepOnet_Abaqus/StaticElasticJob3.odb,Step-1,Increment      1: Step Time =    1.000,"PLATE-1",          1495,             1,   15.5622E-03,   207.978E-03,            0.,"ASSEMBLY_PLATE-1__PICKEDSET2","ROCK","",  -110.515E-03,      -2.94087,      -2.91128,  -140.103E-03,   287.868E-03
F:/Desktop/DeepOnet_Abaqus/StaticElasticJob3.odb,Step-1,Increment      1: Step Time =    1.000,"PLATE-1",          1496,             1,  -67.7999E-03,  -223.470E-03,            0.,"ASSEMBLY_PLATE-1__PICKEDSET2","ROCK","",  -160.307E-03,      -2.00788,      -1.93612,  -232.075E-03,   356.997E-03
F:/Desktop/DeepOnet_Abaqus/StaticElasticJob3.odb,Step-1,Increment      1: Step Time =    1.000,"PLATE-1",          1497,             1,   4.89805E-03,   209.364E-03,            0.,"ASSEMBLY_PLATE-1__PICKEDSET2","ROCK","",  -192.934E-03,      -2.96455,      -2.96226,  -195.223E-03,   79.6246E-03
F:/Desktop/DeepOnet_Abaqus/StaticElasticJob3.odb,Step-1,Increment      1: Step Time =    1.000,"PLATE-1",          1498,             1,   101.545E-03,  -209.900E-03,            0.,"ASSEMBLY_PLATE-1__PICKEDSET2","ROCK","",  -152.090E-03,      -2.05135,      -1.89797,  -305.471E-03,  -517.479E-03
F:/Desktop/DeepOnet_Abaqus/StaticElasticJob3.odb,Step-1,Increment      1: Step Time =    1.000,"PLATE-1",          1499,             1,   112.608E-03,  -192.268E-03,            0.,"ASSEMBLY_PLATE-1__PICKEDSET2","ROCK","",  -84.3935E-03,      -2.12883,      -1.92310,  -290.121E-03,  -615.038E-03
F:/Desktop/DeepOnet_Abaqus/StaticElasticJob3.odb,Step-1,Increment      1: Step Time =    1.000,"PLATE-1",          1500,             1,  -115.344E-03,  -195.821E-03,            0.,"ASSEMBLY_PLATE-1__PICKEDSET2","ROCK","",  -91.7441E-03,      -2.20732,      -1.97055,  -328.520E-03,   666.975E-03
F:/Desktop/DeepOnet_Abaqus/StaticElasticJob3.odb,Step-1,Increment      1: Step Time =    1.000,"PLATE-1",          1501,             1,  -64.7622E-03,   191.245E-03,            0.,"ASSEMBLY_PLATE-1__PICKEDSET2","ROCK","",  -82.7098E-03,      -2.68469,      -2.19895,  -568.453E-03,      -1.01388
F:/Desktop/DeepOnet_Abaqus/StaticElasticJob3.odb,Step-1,Increment      1: Step Time =    1.000,"PLATE-1",          1502,             1,   86.1364E-03,   221.585E-03,            0.,"ASSEMBLY_PLATE-1__PICKEDSET2","ROCK","",  -481.794E-03,      -2.24691,      -2.01532,  -713.387E-03,   595.948E-03
F:/Desktop/DeepOnet_Abaqus/StaticElasticJob3.odb,Step-1,Increment      1: Step Time =    1.000,"PLATE-1",          1503,             1,   69.7938E-03,   198.494E-03,            0.,"ASSEMBLY_PLATE-1__PICKEDSET2","ROCK","",  -248.570E-03,      -2.57225,      -2.17409,  -646.724E-03,   875.588E-03
F:/Desktop/DeepOnet_Abaqus/StaticElasticJob3.odb,Step-1,Increment      1: Step Time =    1.000,"PLATE-1",          1504,             1,  -127.474E-03,  -190.346E-03,            0.,"ASSEMBLY_PLATE-1__PICKEDSET2","ROCK","",  -115.802E-03,      -2.27304,      -1.97706,  -411.775E-03,   742.215E-03
F:/Desktop/DeepOnet_Abaqus/StaticElasticJob3.odb,Step-1,Increment      1: Step Time =    1.000,"PLATE-1",          1505,             1,  -54.0851E-03,   198.188E-03,            0.,"ASSEMBLY_PLATE-1__PICKEDSET2","ROCK","",  -174.991E-03,      -2.78088,      -2.46340,  -492.468E-03,  -852.360E-03
F:/Desktop/DeepOnet_Abaqus/StaticElasticJob3.odb,Step-1,Increment      1: Step Time =    1.000,"PLATE-1",          1506,             1,  -93.6566E-03,   196.932E-03,            0.,"ASSEMBLY_PLATE-1__PICKEDSET2","ROCK","",  -249.213E-03,      -2.23469,      -1.81814,  -665.762E-03,  -808.415E-03
F:/Desktop/DeepOnet_Abaqus/StaticElasticJob3.odb,Step-1,Increment      1: Step Time =    1.000,"PLATE-1",          1507,             1,   100.956E-03,   212.267E-03,            0.,"ASSEMBLY_PLATE-1__PICKEDSET2","ROCK","",  -422.571E-03,      -2.16613,      -1.83618,  -752.517E-03,   682.946E-03
F:/Desktop/DeepOnet_Abaqus/StaticElasticJob3.odb,Step-1,Increment      1: Step Time =    1.000,"PLATE-1",          1508,             1,   7.68647E-03,  -208.725E-03,            0.,"ASSEMBLY_PLATE-1__PICKEDSET2","ROCK","",  -50.1370E-03,      -2.00826,      -2.00726,  -51.1391E-03,  -44.2864E-03
F:/Desktop/DeepOnet_Abaqus/StaticElasticJob3.odb,Step-1,Increment      1: Step Time =    1.000,"PLATE-1",          1509,             1,   188.083E-03,  -205.669E-03,            0.,"ASSEMBLY_PLATE-1__PICKEDSET2","ROCK","",  -736.424E-03,      -1.89887,      -1.37766,      -1.25764,  -578.118E-03
F:/Desktop/DeepOnet_Abaqus/StaticElasticJob3.odb,Step-1,Increment      1: Step Time =    1.000,"PLATE-1",          1510,             1,  -152.122E-03,  -181.150E-03,            0.,"ASSEMBLY_PLATE-1__PICKEDSET2","ROCK","",  -220.176E-03,      -2.68087,      -2.08067,  -820.376E-03,       1.05673
F:/Desktop/DeepOnet_Abaqus/StaticElasticJob3.odb,Step-1,Increment      1: Step Time =    1.000,"PLATE-1",          1511,             1,  -88.5144E-03,   179.926E-03,            0.,"ASSEMBLY_PLATE-1__PICKEDSET2","ROCK","",  -95.8823E-03,      -2.39225,      -1.73119,  -756.947E-03,      -1.03973
F:/Desktop/DeepOnet_Abaqus/StaticElasticJob3.odb,Step-1,Increment      1: Step Time =    1.000,"PLATE-1",          1512,             1,   70.6432E-03,  -227.847E-03,            0.,"ASSEMBLY_PLATE-1__PICKEDSET2","ROCK","",  -186.777E-03,      -1.96214,      -1.89251,  -256.410E-03,  -344.639E-03
F:/Desktop/DeepOnet_Abaqus/StaticElasticJob3.odb,Step-1,Increment      1: Step Time =    1.000,"PLATE-1",          1513,             1,   40.4121E-03,  -237.310E-03,            0.,"ASSEMBLY_PLATE-1__PICKEDSET2","ROCK","",  -199.812E-03,      -1.93429,      -1.91173,  -222.365E-03,  -196.492E-03
F:/Desktop/DeepOnet_Abaqus/StaticElasticJob3.odb,Step-1,Increment      1: Step Time =    1.000,"PLATE-1",          1514,             1,   193.346E-03,  -142.538E-03,            0.,"ASSEMBLY_PLATE-1__PICKEDSET2","ROCK","",  -262.997E-03,      -2.28015,  -726.721E-03,      -1.81643,  -848.742E-03
F:/Desktop/DeepOnet_Abaqus/StaticElasticJob3.odb,Step-1,Increment      1: Step Time =    1.000,"PLATE-1",          1515,             1,  -237.868E-03,  -166.284E-03,            0.,"ASSEMBLY_PLATE-1__PICKEDSET2","ROCK","",  -682.319E-03,      -1.79915,      -1.21759,      -1.26388,   557.935E-03
F:/Desktop/DeepOnet_Abaqus/StaticElasticJob3.odb,Step-1,Increment      1: Step Time =    1.000,"PLATE-1",          1516,             1,  -184.684E-03,  -163.113E-03,            0.,"ASSEMBLY_PLATE-1__PICKEDSET2","ROCK","",  -507.330E-03,      -2.70269,      -1.44722,      -1.76280,       1.08628
F:/Desktop/DeepOnet_Abaqus/StaticElasticJob3.odb,Step-1,Increment      1: Step Time =    1.000,"PLATE-1",          1517,             1,  -235.909E-03,  -85.4157E-03,            0.,"ASSEMBLY_PLATE-1__PICKEDSET2","ROCK","",  -256.595E-03,      -1.69398,  -345.882E-03,      -1.60469,   346.941E-03
F:/Desktop/DeepOnet_Abaqus/StaticElasticJob3.odb,Step-1,Increment      1: Step Time =    1.000,"PLATE-1",          1518,             1,   183.960E-03,  -163.029E-03,            0.,"ASSEMBLY_PLATE-1__PICKEDSET2","ROCK","",  -512.023E-03,      -2.57527,      -1.38342,      -1.70387,      -1.01910
F:/Desktop/DeepOnet_Abaqus/StaticElasticJob3.odb,Step-1,Increment      1: Step Time =    1.000,"PLATE-1",          1519,             1,  -235.729E-03,  -103.732E-03,            0.,"ASSEMBLY_PLATE-1__PICKEDSET2","ROCK","",  -349.305E-03,      -1.75998,  -535.258E-03,      -1.57402,   477.221E-03
F:/Desktop/DeepOnet_Abaqus/StaticElasticJob3.odb,Step-1,Increment      1: Step Time =    1.000,"PLATE-1",          1520,             1,  -195.862E-03,  -144.612E-03,            0.,"ASSEMBLY_PLATE-1__PICKEDSET2","ROCK","",  -338.763E-03,      -2.38722,  -861.618E-03,      -1.86437,   893.124E-03
F:/Desktop/DeepOnet_Abaqus/StaticElasticJob3.odb,Step-1,Increment      1: Step Time =    1.000,"PLATE-1",          1521,             1,   176.247E-03,   84.4668E-03,            0.,"ASSEMBLY_PLATE-1__PICKEDSET2","ROCK","",  -98.3239E-03,      -1.66454,  -436.417E-03,      -1.32644,   644.375E-03
F:/Desktop/DeepOnet_Abaqus/StaticElasticJob3.odb,Step-1,Increment      1: Step Time =    1.000,"PLATE-1",          1522,             1,   236.152E-03,  -136.581E-03,            0.,"ASSEMBLY_PLATE-1__PICKEDSET2","ROCK","",  -479.068E-03,      -1.77237,  -852.610E-03,      -1.39883,  -586.147E-03
F:/Desktop/DeepOnet_Abaqus/StaticElasticJob3.odb,Step-1,Increment      1: Step Time =    1.000,"PLATE-1",          1523,             1,  -220.476E-03,  -187.976E-03,            0.,"ASSEMBLY_PLATE-1__PICKEDSET2","ROCK","",  -800.483E-03,      -1.75528,      -1.33124,      -1.22452,   474.407E-03
F:/Desktop/DeepOnet_Abaqus/StaticElasticJob3.odb,Step-1,Increment      1: Step Time =    1.000,"PLATE-1",          1524,             1,   294.484E-03,   493.648E-03,            0.,"ASSEMBLY_PLATE-1__PICKEDSET2","ROCK","",  -839.835E-03,      -1.67693,  -850.401E-03,      -1.66636,  -93.4521E-03
F:/Desktop/DeepOnet_Abaqus/StaticElasticJob3.odb,Step-1,Increment      1: Step Time =    1.000,"PLATE-1",          1525,             1,   317.917E-03,   525.064E-03,            0.,"ASSEMBLY_PLATE-1__PICKEDSET2","ROCK","",  -415.607E-03,      -1.41847,  -889.324E-03,  -944.750E-03,  -500.664E-03
F:/Desktop/DeepOnet_Abaqus/StaticElasticJob3.odb,Step-1,Increment      1: Step Time =    1.000,"PLATE-1",          1526,             1,  -281.321E-03,   98.0000E-03,            0.,"ASSEMBLY_PLATE-1__PICKEDSET2","ROCK","",  -540.485E-03,      -1.40486,  -720.657E-03,      -1.22468,  -351.103E-03
F:/Desktop/DeepOnet_Abaqus/StaticElasticJob3.odb,Step-1,Increment      1: Step Time =    1.000,"PLATE-1",          1527,             1,   165.132E-03,   103.066E-03,            0.,"ASSEMBLY_PLATE-1__PICKEDSET2","ROCK","",  -97.8976E-03,      -1.75335,  -564.722E-03,      -1.28653,   744.903E-03
F:/Desktop/DeepOnet_Abaqus/StaticElasticJob3.odb,Step-1,Increment      1: Step Time =    1.000,"PLATE-1",          1528,             1,   200.904E-03,   24.2433E-03,            0.,"ASSEMBLY_PLATE-1__PICKEDSET2","ROCK","",  -88.9164E-03,      -1.44253,  -167.707E-03,      -1.36374,   316.929E-03
F:/Desktop/DeepOnet_Abaqus/StaticElasticJob3.odb,Step-1,Increment      1: Step Time =    1.000,"PLATE-1",          1529,             1,  -193.892E-03,   20.1899E-03,            0.,"ASSEMBLY_PLATE-1__PICKEDSET2","ROCK","",  -57.9272E-03,      -1.39267,  -123.236E-03,      -1.32736,  -287.932E-03
F:/Desktop/DeepOnet_Abaqus/StaticElasticJob3.odb,Step-1,Increment      1: Step Time =    1.000,"PLATE-1",          1530,             1,   204.913E-03,  -79.9997E-03,            0.,"ASSEMBLY_PLATE-1__PICKEDSET2","ROCK","",  -122.069E-03,      -1.54967,  -145.819E-03,      -1.52592,  -182.597E-03
F:/Desktop/DeepOnet_Abaqus/StaticElasticJob3.odb,Step-1,Increment      1: Step Time =    1.000,"PLATE-1",          1531,             1,   311.479E-03,   428.619E-03,            0.,"ASSEMBLY_PLATE-1__PICKEDSET2","ROCK","",  -804.519E-03,      -2.28116,      -1.32190,      -1.76378,   704.486E-03
F:/Desktop/DeepOnet_Abaqus/StaticElasticJob3.odb,Step-1,Increment      1: Step Time =    1.000,"PLATE-1",          1532,             1,   561.026E-03,   431.328E-03,            0.,"ASSEMBLY_PLATE-1__PICKEDSET2","ROCK","",  -565.071E-03,      -1.39823,  -809.097E-03,      -1.15420,  -379.161E-03
F:/Desktop/DeepOnet_Abaqus/StaticElasticJob3.odb,Step-1,Increment      1: Step Time =    1.000,"PLATE-1",          1533,             1,   536.522E-03,   559.378E-03,            0.,"ASSEMBLY_PLATE-1__PICKEDSET2","ROCK","",  -529.977E-03,      -2.07230,      -1.71399,  -888.286E-03,   651.338E-03
F:/Desktop/DeepOnet_Abaqus/StaticElasticJob3.odb,Step-1,Increment      1: Step Time =    1.000,"PLATE-1",          1534,             1,   41.6297E-03,   210.711E-03,            0.,"ASSEMBLY_PLATE-1__PICKEDSET2","ROCK","",  -307.068E-03,      -2.75701,      -2.61744,  -446.640E-03,   567.858E-03
F:/Desktop/DeepOnet_Abaqus/StaticElasticJob3.odb,Step-1,Increment      1: Step Time =    1.000,"PLATE-1",          1535,             1,  -18.5426E-03,  -209.205E-03,            0.,"ASSEMBLY_PLATE-1__PICKEDSET2","ROCK","",  -62.2378E-03,      -2.00680,      -2.00088,  -68.1550E-03,   107.105E-03
F:/Desktop/DeepOnet_Abaqus/StaticElasticJob3.odb,Step-1,Increment      1: Step Time =    1.000,"PLATE-1",          1536,             1,  -30.6576E-03,  -210.797E-03,            0.,"ASSEMBLY_PLATE-1__PICKEDSET2","ROCK","",  -64.9398E-03,      -2.00058,      -1.98470,  -80.8220E-03,   174.614E-03
F:/Desktop/DeepOnet_Abaqus/StaticElasticJob3.odb,Step-1,Increment      1: Step Time =    1.000,"PLATE-1",          1537,             1,   79.7390E-03,  -200.575E-03,            0.,"ASSEMBLY_PLATE-1__PICKEDSET2","ROCK","",  -30.8123E-03,      -2.04893,      -1.94969,  -130.049E-03,  -436.375E-03
F:/Desktop/DeepOnet_Abaqus/StaticElasticJob3.odb,Step-1,Increment      1: Step Time =    1.000,"PLATE-1",          1538,             1,  -5.82873E-03,  -208.599E-03,            0.,"ASSEMBLY_PLATE-1__PICKEDSET2","ROCK","",  -42.7812E-03,      -2.00417,      -2.00372,  -43.2303E-03,   29.6757E-03
F:/Desktop/DeepOnet_Abaqus/StaticElasticJob3.odb,Step-1,Increment      1: Step Time =    1.000,"PLATE-1",          1539,             1,  -142.604E-03,  -204.878E-03,            0.,"ASSEMBLY_PLATE-1__PICKEDSET2","ROCK","",  -284.891E-03,      -2.28876,      -1.83368,  -739.965E-03,   839.533E-03
F:/Desktop/DeepOnet_Abaqus/StaticElasticJob3.odb,Step-1,Increment      1: Step Time =    1.000,"PLATE-1",          1540,             1,   27.4064E-03,   209.215E-03,            0.,"ASSEMBLY_PLATE-1__PICKEDSET2","ROCK","",  -146.396E-03,      -2.85977,      -2.79322,  -212.951E-03,   419.716E-03
F:/Desktop/DeepOnet_Abaqus/StaticElasticJob3.odb,Step-1,Increment      1: Step Time =    1.000,"PLATE-1",          1541,             1,   127.107E-03,  -214.871E-03,            0.,"ASSEMBLY_PLATE-1__PICKEDSET2","ROCK","",  -257.476E-03,      -2.14290,      -1.83361,  -566.765E-03,  -698.198E-03
F:/Desktop/DeepOnet_Abaqus/StaticElasticJob3.odb,Step-1,Increment      1: Step Time =    1.000,"PLATE-1",          1542,             1,  -42.8476E-03,   203.663E-03,            0.,"ASSEMBLY_PLATE-1__PICKEDSET2","ROCK","",  -183.209E-03,      -2.86772,      -2.66435,  -386.579E-03,  -710.345E-03
F:/Desktop/DeepOnet_Abaqus/StaticElasticJob3.odb,Step-1,Increment      1: Step Time =    1.000,"PLATE-1",          1543,             1,  -30.5459E-03,   206.210E-03,            0.,"ASSEMBLY_PLATE-1__PICKEDSET2","ROCK","",  -167.852E-03,      -2.93795,      -2.82543,  -280.374E-03,  -546.842E-03
F:/Desktop/DeepOnet_Abaqus/StaticElasticJob3.odb,Step-1,Increment      1: Step Time =    1.000,"PLATE-1",          1544,             1,   139.317E-03,  -187.279E-03,            0.,"ASSEMBLY_PLATE-1__PICKEDSET2","ROCK","",  -174.963E-03,      -2.34012,      -1.95038,  -564.709E-03,  -831.842E-03
F:/Desktop/DeepOnet_Abaqus/StaticElasticJob3.odb,Step-1,Increment      1: Step Time =    1.000,"PLATE-1",          1545,             1,   20.3225E-03,  -208.174E-03,            0.,"ASSEMBLY_PLATE-1__PICKEDSET2","ROCK","",  -48.0834E-03,      -2.01075,      -2.00422,  -54.6163E-03,  -113.045E-03
F:/Desktop/DeepOnet_Abaqus/StaticElasticJob3.odb,Step-1,Increment      1: Step Time =    1.000,"PLATE-1",          1546,             1,  -15.0962E-03,  -226.581E-03,            0.,"ASSEMBLY_PLATE-1__PICKEDSET2","ROCK","",  -131.594E-03,      -1.96175,      -1.95800,  -135.344E-03,   82.7658E-03
F:/Desktop/DeepOnet_Abaqus/StaticElasticJob3.odb,Step-1,Increment      1: Step Time =    1.000,"PLATE-1",          1547,             1,  -130.308E-03,   201.988E-03,            0.,"ASSEMBLY_PLATE-1__PICKEDSET2","ROCK","",  -397.721E-03,      -1.91782,      -1.51299,  -802.550E-03,  -671.931E-03
F:/Desktop/DeepOnet_Abaqus/StaticElasticJob3.odb,Step-1,Increment      1: Step Time =    1.000,"PLATE-1",          1548,             1,   153.658E-03,  -181.996E-03,            0.,"ASSEMBLY_PLATE-1__PICKEDSET2","ROCK","",  -259.412E-03,      -2.54387,      -1.96661,  -836.673E-03,  -992.723E-03
F:/Desktop/DeepOnet_Abaqus/StaticElasticJob3.odb,Step-1,Increment      1: Step Time =    1.000,"PLATE-1",          1549,             1,  -161.951E-03,  -204.592E-03,            0.,"ASSEMBLY_PLATE-1__PICKEDSET2","ROCK","",  -499.442E-03,      -2.31587,      -1.63667,      -1.17865,   878.868E-03
F:/Desktop/DeepOnet_Abaqus/StaticElasticJob3.odb,Step-1,Increment      1: Step Time =    1.000,"PLATE-1",          1550,             1,  -106.078E-03,   219.686E-03,            0.,"ASSEMBLY_PLATE-1__PICKEDSET2","ROCK","",  -452.916E-03,      -2.01375,      -1.75682,  -709.846E-03,  -578.802E-03
F:/Desktop/DeepOnet_Abaqus/StaticElasticJob3.odb,Step-1,Increment      1: Step Time =    1.000,"PLATE-1",          1551,             1,  -118.514E-03,   168.559E-03,            0.,"ASSEMBLY_PLATE-1__PICKEDSET2","ROCK","",  -160.596E-03,      -2.05073,      -1.30312,  -908.205E-03,  -924.208E-03
F:/Desktop/DeepOnet_Abaqus/StaticElasticJob3.odb,Step-1,Increment      1: Step Time =    1.000,"PLATE-1",          1552,             1,   145.250E-03,   195.959E-03,            0.,"ASSEMBLY_PLATE-1__PICKEDSET2","ROCK","",  -417.576E-03,      -1.90592,      -1.42748,  -896.015E-03,   695.111E-03
F:/Desktop/DeepOnet_Abaqus/StaticElasticJob3.odb,Step-1,Increment      1: Step Time =    1.000,"PLATE-1",          1553,             1,  -204.597E-03,  -101.765E-03,            0.,"ASSEMBLY_PLATE-1__PICKEDSET2","ROCK","",  -190.702E-03,      -1.78992,  -292.423E-03,      -1.68820,   390.291E-03
F:/Desktop/DeepOnet_Abaqus/StaticElasticJob3.odb,Step-1,Increment      1: Step Time =    1.000,"PLATE-1",          1554,             1,   217.401E-03,   87.1065E-03,            0.,"ASSEMBLY_PLATE-1__PICKEDSET2","ROCK","",  -285.538E-03,      -1.55878,  -576.479E-03,      -1.26784,   534.596E-03
F:/Desktop/DeepOnet_Abaqus/StaticElasticJob3.odb,Step-1,Increment      1: Step Time =    1.000,"PLATE-1",          1555,             1,   223.451E-03,  -157.162E-03,            0.,"ASSEMBLY_PLATE-1__PICKEDSET2","ROCK","",  -566.807E-03,      -1.93651,      -1.17184,      -1.33148,  -680.184E-03
F:/Desktop/DeepOnet_Abaqus/StaticElasticJob3.odb,Step-1,Increment      1: Step Time =    1.000,"PLATE-1",          1556,             1,   170.052E-03,  -176.409E-03,            0.,"ASSEMBLY_PLATE-1__PICKEDSET2","ROCK","",  -563.193E-03,      -2.67132,      -1.84794,      -1.38657,      -1.02851
F:/Desktop/DeepOnet_Abaqus/StaticElasticJob3.odb,Step-1,Increment      1: Step Time =    1.000,"PLATE-1",          1557,             1,  -173.352E-03,  -228.241E-03,            0.,"ASSEMBLY_PLATE-1__PICKEDSET2","ROCK","",  -678.256E-03,      -1.87249,      -1.46956,      -1.08119,   564.660E-03
F:/Desktop/DeepOnet_Abaqus/StaticElasticJob3.odb,Step-1,Increment      1: Step Time =    1.000,"PLATE-1",          1558,             1,   227.269E-03,   45.2313E-03,            0.,"ASSEMBLY_PLATE-1__PICKEDSET2","ROCK","",  -242.035E-03,      -1.49085,  -388.890E-03,      -1.34399,   402.278E-03
F:/Desktop/DeepOnet_Abaqus/StaticElasticJob3.odb,Step-1,Increment      1: Step Time =    1.000,"PLATE-1",          1559,             1,   139.446E-03,   137.018E-03,            0.,"ASSEMBLY_PLATE-1__PICKEDSET2","ROCK","",  -80.8530E-03,      -1.95478,  -878.420E-03,      -1.15722,   926.537E-03
F:/Desktop/DeepOnet_Abaqus/StaticElasticJob3.odb,Step-1,Increment      1: Step Time =    1.000,"PLATE-1",          1560,             1,  -168.517E-03,  -175.193E-03,            0.,"ASSEMBLY_PLATE-1__PICKEDSET2","ROCK","",  -547.881E-03,      -2.83403,      -1.95431,      -1.42759,       1.11232
F:/Desktop/DeepOnet_Abaqus/StaticElasticJob3.odb,Step-1,Increment      1: Step Time =    1.000,"PLATE-1",          1561,             1,  -246.504E-03,  -5.56985E-03,            0.,"ASSEMBLY_PLATE-1__PICKEDSET2","ROCK","",  -279.428E-03,      -1.45863,  -285.759E-03,      -1.45230,  -86.1759E-03
F:/Desktop/DeepOnet_Abaqus/StaticElasticJob3.odb,Step-1,Increment      1: Step Time =    1.000,"PLATE-1",          1562,             1,   206.983E-03,  -20.0046E-03,            0.,"ASSEMBLY_PLATE-1__PICKEDSET2","ROCK","",  -116.834E-03,      -1.39820,  -127.350E-03,      -1.38768,   115.606E-03
F:/Desktop/DeepOnet_Abaqus/StaticElasticJob3.odb,Step-1,Increment      1: Step Time =    1.000,"PLATE-1",          1563,             1,   235.872E-03,  -81.6830E-03,            0.,"ASSEMBLY_PLATE-1__PICKEDSET2","ROCK","",  -258.452E-03,      -1.62157,  -325.592E-03,      -1.55443,  -294.980E-03
F:/Desktop/DeepOnet_Abaqus/StaticElasticJob3.odb,Step-1,Increment      1: Step Time =    1.000,"PLATE-1",          1564,             1,   365.266E-03,   557.957E-03,            0.,"ASSEMBLY_PLATE-1__PICKEDSET2","ROCK","",  -310.133E-03,      -1.39290,      -1.25405,  -448.983E-03,  -362.027E-03
F:/Desktop/DeepOnet_Abaqus/StaticElasticJob3.odb,Step-1,Increment      1: Step Time =    1.000,"PLATE-1",          1565,             1,   483.052E-03,   575.491E-03,            0.,"ASSEMBLY_PLATE-1__PICKEDSET2","ROCK","",  -285.113E-03,      -1.66330,      -1.63551,  -312.910E-03,   193.744E-03
F:/Desktop/DeepOnet_Abaqus/StaticElasticJob3.odb,Step-1,Increment      1: Step Time =    1.000,"PLATE-1",          1566,             1,   575.439E-03,   618.873E-03,            0.,"ASSEMBLY_PLATE-1__PICKEDSET2","ROCK","",  -910.903E-03,      -1.43133,      -1.22067,      -1.12156,   255.453E-03
F:/Desktop/DeepOnet_Abaqus/StaticElasticJob3.odb,Step-1,Increment      1: Step Time =    1.000,"PLATE-1",          1567,             1,  -118.217E-03,  -222.886E-03,            0.,"ASSEMBLY_PLATE-1__PICKEDSET2","ROCK","",  -260.616E-03,      -2.11190,      -1.85432,  -518.190E-03,   640.702E-03
F:/Desktop/DeepOnet_Abaqus/StaticElasticJob3.odb,Step-1,Increment      1: Step Time =    1.000,"PLATE-1",          1568,             1,   10.6356E-03,   223.203E-03,            0.,"ASSEMBLY_PLATE-1__PICKEDSET2","ROCK","",  -353.818E-03,      -2.66998,      -2.66705,  -356.744E-03,   82.2747E-03
F:/Desktop/DeepOnet_Abaqus/StaticElasticJob3.odb,Step-1,Increment      1: Step Time =    1.000,"PLATE-1",          1569,             1,  -188.231E-03,  -250.274E-03,            0.,"ASSEMBLY_PLATE-1__PICKEDSET2","ROCK","",  -741.700E-03,      -1.74539,      -1.44333,      -1.04376,   460.362E-03
F:/Desktop/DeepOnet_Abaqus/StaticElasticJob3.odb,Step-1,Increment      1: Step Time =    1.000,"PLATE-1",          1570,             1,   29.2388E-03,  -243.379E-03,            0.,"ASSEMBLY_PLATE-1__PICKEDSET2","ROCK","",  -227.458E-03,      -1.91156,      -1.90127,  -237.742E-03,  -131.199E-03
F:/Desktop/DeepOnet_Abaqus/StaticElasticJob3.odb,Step-1,Increment      1: Step Time =    1.000,"PLATE-1",          1571,             1,   80.0604E-03,  -276.592E-03,            0.,"ASSEMBLY_PLATE-1__PICKEDSET2","ROCK","",  -424.737E-03,      -1.82031,      -1.74972,  -495.326E-03,  -305.825E-03
F:/Desktop/DeepOnet_Abaqus/StaticElasticJob3.odb,Step-1,Increment      1: Step Time =    1.000,"PLATE-1",          1572,             1,  -76.2189E-03,   185.470E-03,            0.,"ASSEMBLY_PLATE-1__PICKEDSET2","ROCK","",  -72.9776E-03,      -2.55976,      -1.97653,  -656.206E-03,      -1.05366
F:/Desktop/DeepOnet_Abaqus/StaticElasticJob3.odb,Step-1,Increment      1: Step Time =    1.000,"PLATE-1",          1573,             1,   207.008E-03,   3.04713E-03,            0.,"ASSEMBLY_PLATE-1__PICKEDSET2","ROCK","",  -121.688E-03,      -1.41590,  -162.224E-03,      -1.37537,   225.431E-03
F:/Desktop/DeepOnet_Abaqus/StaticElasticJob3.odb,Step-1,Increment      1: Step Time =    1.000,"PLATE-1",          1574,             1,   264.759E-03,   36.4951E-03,            0.,"ASSEMBLY_PLATE-1__PICKEDSET2","ROCK","",  -408.253E-03,      -1.42981,  -498.696E-03,      -1.33937,   290.194E-03
F:/Desktop/DeepOnet_Abaqus/StaticElasticJob3.odb,Step-1,Increment      1: Step Time =    1.000,"PLATE-1",          1575,             1,   573.014E-03,   712.956E-03,            0.,"ASSEMBLY_PLATE-1__PICKEDSET2","ROCK","",  -916.976E-03,      -1.34095,      -1.28369,  -974.229E-03,   144.899E-03
F:/Desktop/DeepOnet_Abaqus/StaticElasticJob3.odb,Step-1,Increment      1: Step Time =    1.000,"PLATE-1",          1576,             1,   673.146E-03,   392.959E-03,            0.,"ASSEMBLY_PLATE-1__PICKEDSET2","ROCK","",      -1.02999,      -1.12174,      -1.03058,      -1.12115,   7.33559E-03
F:/Desktop/DeepOnet_Abaqus/StaticElasticJob3.odb,Step-1,Increment      1: Step Time =    1.000,"PLATE-1",          1577,             1,   620.702E-03,   586.130E-03,            0.,"ASSEMBLY_PLATE-1__PICKEDSET2","ROCK","",      -1.13259,      -1.31549,      -1.24964,      -1.19843,   87.7900E-03
F:/Desktop/DeepOnet_Abaqus/StaticElasticJob3.odb,Step-1,Increment      1: Step Time =    1.000,"PLATE-1",          1578,             1,  -42.0997E-03,   287.527E-03,            0.,"ASSEMBLY_PLATE-1__PICKEDSET2","ROCK","",  -762.352E-03,      -1.86334,      -1.85445,  -771.241E-03,  -98.5300E-03
F:/Desktop/DeepOnet_Abaqus/StaticElasticJob3.odb,Step-1,Increment      1: Step Time =    1.000,"PLATE-1",          1579,             1,   19.6244E-03,  -258.028E-03,            0.,"ASSEMBLY_PLATE-1__PICKEDSET2","ROCK","",  -293.245E-03,      -1.87764,      -1.87317,  -297.720E-03,  -84.0817E-03
F:/Desktop/DeepOnet_Abaqus/StaticElasticJob3.odb,Step-1,Increment      1: Step Time =    1.000,"PLATE-1",          1580,             1,   192.227E-03,  -237.215E-03,            0.,"ASSEMBLY_PLATE-1__PICKEDSET2","ROCK","",  -743.906E-03,      -1.70511,      -1.40695,      -1.04206,  -444.625E-03
F:/Desktop/DeepOnet_Abaqus/StaticElasticJob3.odb,Step-1,Increment      1: Step Time =    1.000,"PLATE-1",          1581,             1,  -122.363E-03,  -279.005E-03,            0.,"ASSEMBLY_PLATE-1__PICKEDSET2","ROCK","",  -569.079E-03,      -1.77132,      -1.62090,  -719.500E-03,   397.763E-03
F:/Desktop/DeepOnet_Abaqus/StaticElasticJob3.odb,Step-1,Increment      1: Step Time =    1.000,"PLATE-1",          1582,             1,  -135.063E-03,  -247.360E-03,            0.,"ASSEMBLY_PLATE-1__PICKEDSET2","ROCK","",  -491.550E-03,      -1.90918,      -1.64544,  -755.290E-03,   551.658E-03
F:/Desktop/DeepOnet_Abaqus/StaticElasticJob3.odb,Step-1,Increment      1: Step Time =    1.000,"PLATE-1",          1583,             1,   97.3148E-03,   255.027E-03,            0.,"ASSEMBLY_PLATE-1__PICKEDSET2","ROCK","",  -680.694E-03,      -1.90610,      -1.80105,  -785.745E-03,   343.066E-03
F:/Desktop/DeepOnet_Abaqus/StaticElasticJob3.odb,Step-1,Increment      1: Step Time =    1.000,"PLATE-1",          1584,             1,   59.0750E-03,   257.824E-03,            0.,"ASSEMBLY_PLATE-1__PICKEDSET2","ROCK","",  -672.702E-03,      -2.03900,      -1.98275,  -728.955E-03,   271.465E-03
F:/Desktop/DeepOnet_Abaqus/StaticElasticJob3.odb,Step-1,Increment      1: Step Time =    1.000,"PLATE-1",          1585,             1,   14.4355E-06,   266.504E-03,            0.,"ASSEMBLY_PLATE-1__PICKEDSET2","ROCK","",  -703.645E-03,      -2.06172,      -2.06170,  -703.665E-03,   5.22525E-03
F:/Desktop/DeepOnet_Abaqus/StaticElasticJob3.odb,Step-1,Increment      1: Step Time =    1.000,"PLATE-1",          1586,             1,  -215.406E-03,   60.9823E-03,            0.,"ASSEMBLY_PLATE-1__PICKEDSET2","ROCK","",  -221.965E-03,      -1.47836,  -397.325E-03,      -1.30300,  -435.396E-03
F:/Desktop/DeepOnet_Abaqus/StaticElasticJob3.odb,Step-1,Increment      1: Step Time =    1.000,"PLATE-1",          1587,             1,  -160.633E-03,   215.306E-03,            0.,"ASSEMBLY_PLATE-1__PICKEDSET2","ROCK","",  -503.207E-03,      -1.74060,      -1.41247,  -831.339E-03,  -546.220E-03
F:/Desktop/DeepOnet_Abaqus/StaticElasticJob3.odb,Step-1,Increment      1: Step Time =    1.000,"PLATE-1",          1588,             1,  -368.121E-03,  -196.495E-03,            0.,"ASSEMBLY_PLATE-1__PICKEDSET2","ROCK","",  -870.652E-03,      -1.37807,      -1.12290,      -1.12582,   253.704E-03
F:/Desktop/DeepOnet_Abaqus/StaticElasticJob3.odb,Step-1,Increment      1: Step Time =    1.000,"PLATE-1",          1589,             1,   294.802E-03,  -83.7248E-03,            0.,"ASSEMBLY_PLATE-1__PICKEDSET2","ROCK","",  -611.439E-03,      -1.42887,  -697.337E-03,      -1.34297,  -250.674E-03
F:/Desktop/DeepOnet_Abaqus/StaticElasticJob3.odb,Step-1,Increment      1: Step Time =    1.000,"PLATE-1",          1590,             1,   206.337E-03,  -61.3137E-03,            0.,"ASSEMBLY_PLATE-1__PICKEDSET2","ROCK","",  -89.7740E-03,      -1.46701,  -93.5643E-03,      -1.46322,  -72.1509E-03
F:/Desktop/DeepOnet_Abaqus/StaticElasticJob3.odb,Step-1,Increment      1: Step Time =    1.000,"PLATE-1",          1591,             1,   270.333E-03,  -71.9897E-03,            0.,"ASSEMBLY_PLATE-1__PICKEDSET2","ROCK","",  -455.965E-03,      -1.47761,  -503.059E-03,      -1.43051,  -214.234E-03
F:/Desktop/DeepOnet_Abaqus/StaticElasticJob3.odb,Step-1,Increment      1: Step Time =    1.000,"PLATE-1",          1592,             1,   660.040E-03,   547.703E-03,            0.,"ASSEMBLY_PLATE-1__PICKEDSET2","ROCK","",      -1.01537,      -1.38378,      -1.33726,      -1.06189,   122.374E-03
F:/Desktop/DeepOnet_Abaqus/StaticElasticJob3.odb,Step-1,Increment      1: Step Time =    1.000,"PLATE-1",          1593,             1,   423.372E-03,   612.201E-03,            0.,"ASSEMBLY_PLATE-1__PICKEDSET2","ROCK","",  -414.483E-03,      -1.48031,      -1.47703,  -417.766E-03,  -59.0657E-03
F:/Desktop/DeepOnet_Abaqus/StaticElasticJob3.odb,Step-1,Increment      1: Step Time =    1.000,"PLATE-1",          1594,             1,   300.490E-03,   232.868E-03,            0.,"ASSEMBLY_PLATE-1__PICKEDSET2","ROCK","",  -641.342E-03,      -1.54136,      -1.19981,  -982.893E-03,   436.745E-03
F:/Desktop/DeepOnet_Abaqus/StaticElasticJob3.odb,Step-1,Increment      1: Step Time =    1.000,"PLATE-1",          1595,             1,   416.790E-03,   235.319E-03,            0.,"ASSEMBLY_PLATE-1__PICKEDSET2","ROCK","",  -711.641E-03,      -1.38118,      -1.21157,  -881.254E-03,   291.195E-03
F:/Desktop/DeepOnet_Abaqus/StaticElasticJob3.odb,Step-1,Increment      1: Step Time =    1.000,"PLATE-1",          1596,             1,   242.492E-03,   423.294E-03,            0.,"ASSEMBLY_PLATE-1__PICKEDSET2","ROCK","",  -963.200E-03,      -1.64685,      -1.47852,      -1.13153,   294.523E-03
F:/Desktop/DeepOnet_Abaqus/StaticElasticJob3.odb,Step-1,Increment      1: Step Time =    1.000,"PLATE-1",          1597,             1,   260.470E-03,   586.478E-03,            0.,"ASSEMBLY_PLATE-1__PICKEDSET2","ROCK","",  -947.299E-03,      -1.25980,      -1.13255,      -1.07455,  -153.538E-03
F:/Desktop/DeepOnet_Abaqus/StaticElasticJob3.odb,Step-1,Increment      1: Step Time =    1.000,"PLATE-1",          1598,             1,   245.156E-03,  -211.296E-03,            0.,"ASSEMBLY_PLATE-1__PICKEDSET2","ROCK","",  -800.454E-03,      -1.59117,      -1.26975,      -1.12187,  -388.379E-03
F:/Desktop/DeepOnet_Abaqus/StaticElasticJob3.odb,Step-1,Increment      1: Step Time =    1.000,"PLATE-1",          1599,             1,  -205.268E-03,  -239.168E-03,            0.,"ASSEMBLY_PLATE-1__PICKEDSET2","ROCK","",  -806.549E-03,      -1.69720,      -1.37095,      -1.13280,   429.109E-03
F:/Desktop/DeepOnet_Abaqus/StaticElasticJob3.odb,Step-1,Increment      1: Step Time =    1.000,"PLATE-1",          1600,             1,  -78.4432E-03,  -247.171E-03,            0.,"ASSEMBLY_PLATE-1__PICKEDSET2","ROCK","",  -319.255E-03,      -1.93016,      -1.83344,  -415.979E-03,   382.699E-03
F:/Desktop/DeepOnet_Abaqus/StaticElasticJob3.odb,Step-1,Increment      1: Step Time =    1.000,"PLATE-1",          1601,             1,  -7.13692E-03,  -237.730E-03,            0.,"ASSEMBLY_PLATE-1__PICKEDSET2","ROCK","",  -192.576E-03,      -1.93640,      -1.93525,  -193.727E-03,   44.7950E-03
F:/Desktop/DeepOnet_Abaqus/StaticElasticJob3.odb,Step-1,Increment      1: Step Time =    1.000,"PLATE-1",          1602,             1,  -243.834E-03,  -215.255E-03,            0.,"ASSEMBLY_PLATE-1__PICKEDSET2","ROCK","",  -817.631E-03,      -1.62884,      -1.29440,      -1.15207,   399.314E-03
F:/Desktop/DeepOnet_Abaqus/StaticElasticJob3.odb,Step-1,Increment      1: Step Time =    1.000,"PLATE-1",          1603,             1,   123.436E-03,   207.077E-03,            0.,"ASSEMBLY_PLATE-1__PICKEDSET2","ROCK","",  -427.111E-03,      -2.03163,      -1.64888,  -809.864E-03,   683.840E-03
F:/Desktop/DeepOnet_Abaqus/StaticElasticJob3.odb,Step-1,Increment      1: Step Time =    1.000,"PLATE-1",          1604,             1,  -315.254E-03,  -72.0073E-03,            0.,"ASSEMBLY_PLATE-1__PICKEDSET2","ROCK","",  -624.455E-03,      -1.42867,  -687.035E-03,      -1.36609,   215.433E-03
F:/Desktop/DeepOnet_Abaqus/StaticElasticJob3.odb,Step-1,Increment      1: Step Time =    1.000,"PLATE-1",          1605,             1,   223.771E-03,   124.687E-03,            0.,"ASSEMBLY_PLATE-1__PICKEDSET2","ROCK","",  -392.609E-03,      -1.59568,  -829.897E-03,      -1.15839,   578.676E-03
F:/Desktop/DeepOnet_Abaqus/StaticElasticJob3.odb,Step-1,Increment      1: Step Time =    1.000,"PLATE-1",          1606,             1,  -274.104E-03,   17.0249E-03,            0.,"ASSEMBLY_PLATE-1__PICKEDSET2","ROCK","",  -435.494E-03,      -1.41641,  -459.891E-03,      -1.39201,  -152.762E-03
F:/Desktop/DeepOnet_Abaqus/StaticElasticJob3.odb,Step-1,Increment      1: Step Time =    1.000,"PLATE-1",          1607,             1,   150.305E-03,   159.617E-03,            0.,"ASSEMBLY_PLATE-1__PICKEDSET2","ROCK","",  -253.231E-03,      -1.91016,      -1.12485,      -1.03854,   827.342E-03
F:/Desktop/DeepOnet_Abaqus/StaticElasticJob3.odb,Step-1,Increment      1: Step Time =    1.000,"PLATE-1",          1608,             1,  -381.350E-03,  -46.5112E-03,            0.,"ASSEMBLY_PLATE-1__PICKEDSET2","ROCK","",  -781.182E-03,      -1.30085,  -796.892E-03,      -1.28514,   88.9785E-03
F:/Desktop/DeepOnet_Abaqus/StaticElasticJob3.odb,Step-1,Increment      1: Step Time =    1.000,"PLATE-1",          1609,             1,   260.241E-03,   218.331E-03,            0.,"ASSEMBLY_PLATE-1__PICKEDSET2","ROCK","",  -636.809E-03,      -1.57253,      -1.20235,      -1.00699,   457.552E-03
F:/Desktop/DeepOnet_Abaqus/StaticElasticJob3.odb,Step-1,Increment      1: Step Time =    1.000,"PLATE-1",          1610,             1,   441.030E-03,   289.457E-03,            0.,"ASSEMBLY_PLATE-1__PICKEDSET2","ROCK","",  -597.255E-03,      -1.47679,      -1.39694,  -677.107E-03,   252.698E-03
F:/Desktop/DeepOnet_Abaqus/StaticElasticJob3.odb,Step-1,Increment      1: Step Time =    1.000,"PLATE-1",          1611,             1,   791.526E-03,   374.654E-03,            0.,"ASSEMBLY_PLATE-1__PICKEDSET2","ROCK","",      -1.05140,      -1.15637,      -1.10785,      -1.09992,   52.3396E-03
F:/Desktop/DeepOnet_Abaqus/StaticElasticJob3.odb,Step-1,Increment      1: Step Time =    1.000,"PLATE-1",          1612,             1,   741.968E-03,   437.044E-03,            0.,"ASSEMBLY_PLATE-1__PICKEDSET2","ROCK","",      -1.05001,      -1.23397,      -1.13344,      -1.15053,   91.5826E-03
F:/Desktop/DeepOnet_Abaqus/StaticElasticJob3.odb,Step-1,Increment      1: Step Time =    1.000,"PLATE-1",          1613,             1,   226.386E-03,   534.139E-03,            0.,"ASSEMBLY_PLATE-1__PICKEDSET2","ROCK","",      -1.07230,      -1.17236,      -1.13942,      -1.10524,   47.0219E-03
F:/Desktop/DeepOnet_Abaqus/StaticElasticJob3.odb,Step-1,Increment      1: Step Time =    1.000,"PLATE-1",          1614,             1,   120.160E-03,  -236.089E-03,            0.,"ASSEMBLY_PLATE-1__PICKEDSET2","ROCK","",  -362.026E-03,      -1.96791,      -1.73497,  -594.965E-03,  -565.519E-03
F:/Desktop/DeepOnet_Abaqus/StaticElasticJob3.odb,Step-1,Increment      1: Step Time =    1.000,"PLATE-1",          1615,             1,  -223.443E-03,   82.7705E-03,            0.,"ASSEMBLY_PLATE-1__PICKEDSET2","ROCK","",  -290.778E-03,      -1.49601,  -543.706E-03,      -1.24308,  -490.780E-03
F:/Desktop/DeepOnet_Abaqus/StaticElasticJob3.odb,Step-1,Increment      1: Step Time =    1.000,"PLATE-1",          1616,             1,  -185.057E-03,  -283.667E-03,            0.,"ASSEMBLY_PLATE-1__PICKEDSET2","ROCK","",  -761.351E-03,      -1.65279,      -1.43527,  -978.873E-03,   382.873E-03
F:/Desktop/DeepOnet_Abaqus/StaticElasticJob3.odb,Step-1,Increment      1: Step Time =    1.000,"PLATE-1",          1617,             1,  -92.9921E-03,  -286.815E-03,            0.,"ASSEMBLY_PLATE-1__PICKEDSET2","ROCK","",  -501.849E-03,      -1.79035,      -1.69460,  -597.597E-03,   337.941E-03
F:/Desktop/DeepOnet_Abaqus/StaticElasticJob3.odb,Step-1,Increment      1: Step Time =    1.000,"PLATE-1",          1618,             1,   109.131E-03,  -281.395E-03,            0.,"ASSEMBLY_PLATE-1__PICKEDSET2","ROCK","",  -528.430E-03,      -1.76803,      -1.65424,  -642.221E-03,  -357.922E-03
F:/Desktop/DeepOnet_Abaqus/StaticElasticJob3.odb,Step-1,Increment      1: Step Time =    1.000,"PLATE-1",          1619,             1,  -149.685E-03,  -256.039E-03,            0.,"ASSEMBLY_PLATE-1__PICKEDSET2","ROCK","",  -563.741E-03,      -1.86061,      -1.58721,  -837.142E-03,   528.978E-03
F:/Desktop/DeepOnet_Abaqus/StaticElasticJob3.odb,Step-1,Increment      1: Step Time =    1.000,"PLATE-1",          1620,             1,   182.322E-03,   400.384E-03,            0.,"ASSEMBLY_PLATE-1__PICKEDSET2","ROCK","",  -937.562E-03,      -1.53622,      -1.48698,  -986.808E-03,   164.489E-03
F:/Desktop/DeepOnet_Abaqus/StaticElasticJob3.odb,Step-1,Increment      1: Step Time =    1.000,"PLATE-1",          1621,             1,   386.781E-03,  -41.4583E-03,            0.,"ASSEMBLY_PLATE-1__PICKEDSET2","ROCK","",  -840.273E-03,      -1.22645,  -848.189E-03,      -1.21853,  -54.7196E-03
F:/Desktop/DeepOnet_Abaqus/StaticElasticJob3.odb,Step-1,Increment      1: Step Time =    1.000,"PLATE-1",          1622,             1,   137.760E-03,   263.806E-03,            0.,"ASSEMBLY_PLATE-1__PICKEDSET2","ROCK","",  -688.737E-03,      -1.76786,      -1.61316,  -843.436E-03,   378.163E-03
F:/Desktop/DeepOnet_Abaqus/StaticElasticJob3.odb,Step-1,Increment      1: Step Time =    1.000,"PLATE-1",          1623,             1,  -312.576E-03,  -137.815E-03,            0.,"ASSEMBLY_PLATE-1__PICKEDSET2","ROCK","",  -715.845E-03,      -1.48901,  -956.980E-03,      -1.24788,   358.178E-03
F:/Desktop/DeepOnet_Abaqus/StaticElasticJob3.odb,Step-1,Increment      1: Step Time =    1.000,"PLATE-1",          1624,             1,  -357.894E-03,  -142.454E-03,            0.,"ASSEMBLY_PLATE-1__PICKEDSET2","ROCK","",  -821.308E-03,      -1.37710,      -1.00160,      -1.19681,   260.190E-03
F:/Desktop/DeepOnet_Abaqus/StaticElasticJob3.odb,Step-1,Increment      1: Step Time =    1.000,"PLATE-1",          1625,             1,   190.813E-03,   628.678E-03,            0.,"ASSEMBLY_PLATE-1__PICKEDSET2","ROCK","",  -967.598E-03,      -1.25443,      -1.23977,  -982.249E-03,  -63.1478E-03
F:/Desktop/DeepOnet_Abaqus/StaticElasticJob3.odb,Step-1,Increment      1: Step Time =    1.000,"PLATE-1",          1626,             1,   349.938E-03,   192.449E-03,            0.,"ASSEMBLY_PLATE-1__PICKEDSET2","ROCK","",  -677.174E-03,      -1.42673,      -1.11118,  -992.727E-03,   370.069E-03
F:/Desktop/DeepOnet_Abaqus/StaticElasticJob3.odb,Step-1,Increment      1: Step Time =    1.000,"PLATE-1",          1627,             1,   209.371E-03,   485.853E-03,            0.,"ASSEMBLY_PLATE-1__PICKEDSET2","ROCK","",      -1.08644,      -1.31494,      -1.27530,      -1.12608,   86.5228E-03
F:/Desktop/DeepOnet_Abaqus/StaticElasticJob3.odb,Step-1,Increment      1: Step Time =    1.000,"PLATE-1",          1628,             1,   373.726E-03,   671.540E-03,            0.,"ASSEMBLY_PLATE-1__PICKEDSET2","ROCK","",  -666.396E-03,      -1.39378,      -1.38046,  -679.716E-03,  -97.5250E-03
F:/Desktop/DeepOnet_Abaqus/StaticElasticJob3.odb,Step-1,Increment      1: Step Time =    1.000,"PLATE-1",          1629,             1,   263.385E-03,   781.213E-03,            0.,"ASSEMBLY_PLATE-1__PICKEDSET2","ROCK","",  -892.323E-03,      -1.31063,      -1.30391,  -899.039E-03,  -52.5758E-03
F:/Desktop/DeepOnet_Abaqus/StaticElasticJob3.odb,Step-1,Increment      1: Step Time =    1.000,"PLATE-1",          1630,             1,   39.4132E-03,   239.868E-03,            0.,"ASSEMBLY_PLATE-1__PICKEDSET2","ROCK","",  -572.877E-03,      -2.28904,      -2.22250,  -639.421E-03,   331.321E-03
F:/Desktop/DeepOnet_Abaqus/StaticElasticJob3.odb,Step-1,Increment      1: Step Time =    1.000,"PLATE-1",          1631,             1,   131.066E-03,  -262.546E-03,            0.,"ASSEMBLY_PLATE-1__PICKEDSET2","ROCK","",  -513.763E-03,      -1.83012,      -1.62221,  -721.676E-03,  -480.063E-03
F:/Desktop/DeepOnet_Abaqus/StaticElasticJob3.odb,Step-1,Increment      1: Step Time =    1.000,"PLATE-1",          1632,             1,   100.159E-03,   371.136E-03,            0.,"ASSEMBLY_PLATE-1__PICKEDSET2","ROCK","",  -916.723E-03,      -1.57286,      -1.55560,  -933.986E-03,   105.019E-03
F:/Desktop/DeepOnet_Abaqus/StaticElasticJob3.odb,Step-1,Increment      1: Step Time =    1.000,"PLATE-1",          1633,             1,  -504.453E-06,  -320.942E-03,            0.,"ASSEMBLY_PLATE-1__PICKEDSET2","ROCK","",  -529.769E-03,      -1.71226,      -1.71206,  -529.976E-03,   15.6379E-03
F:/Desktop/DeepOnet_Abaqus/StaticElasticJob3.odb,Step-1,Increment      1: Step Time =    1.000,"PLATE-1",          1634,             1,  -133.313E-03,  -318.588E-03,            0.,"ASSEMBLY_PLATE-1__PICKEDSET2","ROCK","",  -692.367E-03,      -1.64302,      -1.52557,  -809.815E-03,   312.823E-03
F:/Desktop/DeepOnet_Abaqus/StaticElasticJob3.odb,Step-1,Increment      1: Step Time =    1.000,"PLATE-1",          1635,             1,   60.8993E-03,  -358.263E-03,            0.,"ASSEMBLY_PLATE-1__PICKEDSET2","ROCK","",  -648.837E-03,      -1.61530,      -1.59883,  -665.314E-03,  -125.112E-03
F:/Desktop/DeepOnet_Abaqus/StaticElasticJob3.odb,Step-1,Increment      1: Step Time =    1.000,"PLATE-1",          1636,             1,   237.221E-03,   166.330E-03,            0.,"ASSEMBLY_PLATE-1__PICKEDSET2","ROCK","",  -514.919E-03,      -1.59839,      -1.04794,      -1.06538,   541.666E-03
F:/Desktop/DeepOnet_Abaqus/StaticElasticJob3.odb,Step-1,Increment      1: Step Time =    1.000,"PLATE-1",          1637,             1,  -238.575E-03,   49.7901E-03,            0.,"ASSEMBLY_PLATE-1__PICKEDSET2","ROCK","",  -305.093E-03,      -1.45484,  -422.668E-03,      -1.33726,  -348.364E-03
F:/Desktop/DeepOnet_Abaqus/StaticElasticJob3.odb,Step-1,Increment      1: Step Time =    1.000,"PLATE-1",          1638,             1,  -388.610E-03,   101.957E-03,            0.,"ASSEMBLY_PLATE-1__PICKEDSET2","ROCK","",  -792.704E-03,      -1.27966,  -882.267E-03,      -1.19010,  -188.657E-03
F:/Desktop/DeepOnet_Abaqus/StaticElasticJob3.odb,Step-1,Increment      1: Step Time =    1.000,"PLATE-1",          1639,             1,  -237.244E-03,   297.951E-03,            0.,"ASSEMBLY_PLATE-1__PICKEDSET2","ROCK","",  -764.477E-03,      -1.48367,      -1.36673,  -881.416E-03,  -265.381E-03
F:/Desktop/DeepOnet_Abaqus/StaticElasticJob3.odb,Step-1,Increment      1: Step Time =    1.000,"PLATE-1",          1640,             1,   313.484E-03,  -123.984E-03,            0.,"ASSEMBLY_PLATE-1__PICKEDSET2","ROCK","",  -716.048E-03,      -1.42151,  -899.119E-03,      -1.23844,  -309.250E-03
F:/Desktop/DeepOnet_Abaqus/StaticElasticJob3.odb,Step-1,Increment      1: Step Time =    1.000,"PLATE-1",          1641,             1,   106.067E-03,   439.274E-03,            0.,"ASSEMBLY_PLATE-1__PICKEDSET2","ROCK","",  -983.986E-03,      -1.46021,      -1.44549,  -998.706E-03,   82.4206E-03
F:/Desktop/DeepOnet_Abaqus/StaticElasticJob3.odb,Step-1,Increment      1: Step Time =    1.000,"PLATE-1",          1642,             1,   258.175E-03,   316.577E-03,            0.,"ASSEMBLY_PLATE-1__PICKEDSET2","ROCK","",  -813.472E-03,      -1.56366,      -1.39175,  -985.384E-03,   315.297E-03
F:/Desktop/DeepOnet_Abaqus/StaticElasticJob3.odb,Step-1,Increment      1: Step Time =    1.000,"PLATE-1",          1643,             1,   230.998E-03,   385.879E-03,            0.,"ASSEMBLY_PLATE-1__PICKEDSET2","ROCK","",  -981.982E-03,      -1.52832,      -1.43187,      -1.07843,   208.306E-03
F:/Desktop/DeepOnet_Abaqus/StaticElasticJob3.odb,Step-1,Increment      1: Step Time =    1.000,"PLATE-1",          1644,             1,   402.400E-03,  -85.5496E-03,            0.,"ASSEMBLY_PLATE-1__PICKEDSET2","ROCK","",  -882.236E-03,      -1.22923,  -936.628E-03,      -1.17484,  -126.156E-03
F:/Desktop/DeepOnet_Abaqus/StaticElasticJob3.odb,Step-1,Increment      1: Step Time =    1.000,"PLATE-1",          1645,             1,  -310.855E-03,   169.390E-03,            0.,"ASSEMBLY_PLATE-1__PICKEDSET2","ROCK","",  -694.024E-03,      -1.38545,  -998.852E-03,      -1.08063,  -343.288E-03
F:/Desktop/DeepOnet_Abaqus/StaticElasticJob3.odb,Step-1,Increment      1: Step Time =    1.000,"PLATE-1",          1646,             1,   305.898E-03,   189.249E-03,            0.,"ASSEMBLY_PLATE-1__PICKEDSET2","ROCK","",  -629.599E-03,      -1.49800,      -1.11209,      -1.01550,   431.505E-03
F:/Desktop/DeepOnet_Abaqus/StaticElasticJob3.odb,Step-1,Increment      1: Step Time =    1.000,"PLATE-1",          1647,             1,   467.379E-03,   352.516E-03,            0.,"ASSEMBLY_PLATE-1__PICKEDSET2","ROCK","",  -374.532E-03,      -1.37318,      -1.37281,  -374.911E-03,  -19.4490E-03
F:/Desktop/DeepOnet_Abaqus/StaticElasticJob3.odb,Step-1,Increment      1: Step Time =    1.000,"PLATE-1",          1648,             1,   330.948E-03,   301.747E-03,            0.,"ASSEMBLY_PLATE-1__PICKEDSET2","ROCK","",  -656.360E-03,      -1.58456,      -1.30360,  -937.322E-03,   426.437E-03
F:/Desktop/DeepOnet_Abaqus/StaticElasticJob3.odb,Step-1,Increment      1: Step Time =    1.000,"PLATE-1",          1649,             1,   275.487E-03,   704.933E-03,            0.,"ASSEMBLY_PLATE-1__PICKEDSET2","ROCK","",  -869.817E-03,      -1.30672,      -1.27709,  -899.449E-03,  -109.855E-03
F:/Desktop/DeepOnet_Abaqus/StaticElasticJob3.odb,Step-1,Increment      1: Step Time =    1.000,"PLATE-1",          1650,             1,   467.423E-03,   788.501E-03,            0.,"ASSEMBLY_PLATE-1__PICKEDSET2","ROCK","",  -828.122E-03,      -1.38177,      -1.36014,  -849.753E-03,   107.275E-03
F:/Desktop/DeepOnet_Abaqus/StaticElasticJob3.odb,Step-1,Increment      1: Step Time =    1.000,"PLATE-1",          1651,             1,  -114.623E-03,   281.588E-03,            0.,"ASSEMBLY_PLATE-1__PICKEDSET2","ROCK","",  -715.931E-03,      -1.73811,      -1.68082,  -773.221E-03,  -235.112E-03
F:/Desktop/DeepOnet_Abaqus/StaticElasticJob3.odb,Step-1,Increment      1: Step Time =    1.000,"PLATE-1",          1652,             1,  -249.857E-03,   167.595E-03,            0.,"ASSEMBLY_PLATE-1__PICKEDSET2","ROCK","",  -553.823E-03,      -1.49609,      -1.00359,      -1.04632,  -470.647E-03
F:/Desktop/DeepOnet_Abaqus/StaticElasticJob3.odb,Step-1,Increment      1: Step Time =    1.000,"PLATE-1",          1653,             1,  -290.620E-03,  -322.581E-03,            0.,"ASSEMBLY_PLATE-1__PICKEDSET2","ROCK","",  -908.048E-03,      -1.41756,      -1.30038,      -1.02522,   214.408E-03
F:/Desktop/DeepOnet_Abaqus/StaticElasticJob3.odb,Step-1,Increment      1: Step Time =    1.000,"PLATE-1",          1654,             1,   334.948E-03,  -62.3262E-03,            0.,"ASSEMBLY_PLATE-1__PICKEDSET2","ROCK","",  -705.108E-03,      -1.32046,  -728.653E-03,      -1.29691,  -118.042E-03
F:/Desktop/DeepOnet_Abaqus/StaticElasticJob3.odb,Step-1,Increment      1: Step Time =    1.000,"PLATE-1",          1655,             1,  -360.004E-03,   65.5251E-03,            0.,"ASSEMBLY_PLATE-1__PICKEDSET2","ROCK","",  -717.484E-03,      -1.30880,  -774.839E-03,      -1.25145,  -175.001E-03
F:/Desktop/DeepOnet_Abaqus/StaticElasticJob3.odb,Step-1,Increment      1: Step Time =    1.000,"PLATE-1",          1656,             1,   265.809E-03,   129.229E-03,            0.,"ASSEMBLY_PLATE-1__PICKEDSET2","ROCK","",  -509.295E-03,      -1.50017,  -871.090E-03,      -1.13837,   477.072E-03
F:/Desktop/DeepOnet_Abaqus/StaticElasticJob3.odb,Step-1,Increment      1: Step Time =    1.000,"PLATE-1",          1657,             1,   116.500E-03,   710.804E-03,            0.,"ASSEMBLY_PLATE-1__PICKEDSET2","ROCK","",  -979.883E-03,      -1.27066,      -1.26276,  -987.788E-03,  -47.2880E-03
F:/Desktop/DeepOnet_Abaqus/StaticElasticJob3.odb,Step-1,Increment      1: Step Time =    1.000,"PLATE-1",          1658,             1,   840.210E-03,   316.916E-03,            0.,"ASSEMBLY_PLATE-1__PICKEDSET2","ROCK","",      -1.07212,      -1.13661,      -1.12212,      -1.08660,   26.9166E-03
F:/Desktop/DeepOnet_Abaqus/StaticElasticJob3.odb,Step-1,Increment      1: Step Time =    1.000,"PLATE-1",          1659,             1,   298.893E-03,   154.191E-03,            0.,"ASSEMBLY_PLATE-1__PICKEDSET2","ROCK","",  -599.476E-03,      -1.46614,  -989.586E-03,      -1.07603,   431.171E-03
F:/Desktop/DeepOnet_Abaqus/StaticElasticJob3.odb,Step-1,Increment      1: Step Time =    1.000,"PLATE-1",          1660,             1,   811.590E-03,   481.027E-03,            0.,"ASSEMBLY_PLATE-1__PICKEDSET2","ROCK","",      -1.02291,      -1.25039,      -1.20122,      -1.07207,   93.6335E-03
F:/Desktop/DeepOnet_Abaqus/StaticElasticJob3.odb,Step-1,Increment      1: Step Time =    1.000,"PLATE-1",          1661,             1,   384.481E-03,   309.974E-03,            0.,"ASSEMBLY_PLATE-1__PICKEDSET2","ROCK","",  -581.030E-03,      -1.57937,      -1.36480,  -795.601E-03,   410.091E-03
F:/Desktop/DeepOnet_Abaqus/StaticElasticJob3.odb,Step-1,Increment      1: Step Time =    1.000,"PLATE-1",          1662,             1,   494.913E-03,   252.125E-03,            0.,"ASSEMBLY_PLATE-1__PICKEDSET2","ROCK","",  -721.779E-03,      -1.27563,      -1.26594,  -731.470E-03,   72.6208E-03
F:/Desktop/DeepOnet_Abaqus/StaticElasticJob3.odb,Step-1,Increment      1: Step Time =    1.000,"PLATE-1",          1663,             1,   327.249E-03,   786.349E-03,            0.,"ASSEMBLY_PLATE-1__PICKEDSET2","ROCK","",  -853.662E-03,      -1.32711,      -1.32091,  -859.864E-03,  -53.8297E-03
F:/Desktop/DeepOnet_Abaqus/StaticElasticJob3.odb,Step-1,Increment      1: Step Time =    1.000,"PLATE-1",          1664,             1,   730.099E-03,   327.310E-03,            0.,"ASSEMBLY_PLATE-1__PICKEDSET2","ROCK","",      -1.07568,      -1.10026,      -1.07649,      -1.09945,   4.38952E-03
F:/Desktop/DeepOnet_Abaqus/StaticElasticJob3.odb,Step-1,Increment      1: Step Time =    1.000,"PLATE-1",          1665,             1,   119.061E-03,   533.160E-03,            0.,"ASSEMBLY_PLATE-1__PICKEDSET2","ROCK","",      -1.05398,      -1.30732,      -1.30216,      -1.05914,   35.7922E-03
F:/Desktop/DeepOnet_Abaqus/StaticElasticJob3.odb,Step-1,Increment      1: Step Time =    1.000,"PLATE-1",          1666,             1,   857.341E-03,   418.495E-03,            0.,"ASSEMBLY_PLATE-1__PICKEDSET2","ROCK","",      -1.04397,      -1.20576,      -1.16591,      -1.08382,   69.7037E-03
F:/Desktop/DeepOnet_Abaqus/StaticElasticJob3.odb,Step-1,Increment      1: Step Time =    1.000,"PLATE-1",          1667,             1,   42.4119E-03,   277.880E-03,            0.,"ASSEMBLY_PLATE-1__PICKEDSET2","ROCK","",  -751.227E-03,      -1.94625,      -1.92814,  -769.335E-03,   145.986E-03
F:/Desktop/DeepOnet_Abaqus/StaticElasticJob3.odb,Step-1,Increment      1: Step Time =    1.000,"PLATE-1",          1668,             1,   348.962E-03,   144.693E-03,            0.,"ASSEMBLY_PLATE-1__PICKEDSET2","ROCK","",  -691.842E-03,      -1.37475,  -999.039E-03,      -1.06756,   339.732E-03
F:/Desktop/DeepOnet_Abaqus/StaticElasticJob3.odb,Step-1,Increment      1: Step Time =    1.000,"PLATE-1",          1669,             1,   256.357E-03,  -196.653E-03,            0.,"ASSEMBLY_PLATE-1__PICKEDSET2","ROCK","",  -777.451E-03,      -1.54616,      -1.20991,      -1.11369,  -381.330E-03
F:/Desktop/DeepOnet_Abaqus/StaticElasticJob3.odb,Step-1,Increment      1: Step Time =    1.000,"PLATE-1",          1670,             1,   266.257E-03,  -267.236E-03,            0.,"ASSEMBLY_PLATE-1__PICKEDSET2","ROCK","",  -856.976E-03,      -1.46516,      -1.29769,      -1.02444,  -271.668E-03
F:/Desktop/DeepOnet_Abaqus/StaticElasticJob3.odb,Step-1,Increment      1: Step Time =    1.000,"PLATE-1",          1671,             1,   373.225E-03,  -70.6080E-03,            0.,"ASSEMBLY_PLATE-1__PICKEDSET2","ROCK","",  -807.828E-03,      -1.26083,  -837.570E-03,      -1.23109,  -112.199E-03
F:/Desktop/DeepOnet_Abaqus/StaticElasticJob3.odb,Step-1,Increment      1: Step Time =    1.000,"PLATE-1",          1672,             1,   386.048E-03,  -134.333E-03,            0.,"ASSEMBLY_PLATE-1__PICKEDSET2","ROCK","",  -852.398E-03,      -1.29131,  -988.299E-03,      -1.15541,  -202.928E-03
F:/Desktop/DeepOnet_Abaqus/StaticElasticJob3.odb,Step-1,Increment      1: Step Time =    1.000,"PLATE-1",          1673,             1,   108.730E-03,   588.830E-03,            0.,"ASSEMBLY_PLATE-1__PICKEDSET2","ROCK","",      -1.00867,      -1.28284,      -1.28283,      -1.00868,   1.69742E-03
F:/Desktop/DeepOnet_Abaqus/StaticElasticJob3.odb,Step-1,Increment      1: Step Time =    1.000,"PLATE-1",          1674,             1,   198.717E-03,   699.881E-03,            0.,"ASSEMBLY_PLATE-1__PICKEDSET2","ROCK","",  -949.134E-03,      -1.27146,      -1.25620,  -964.391E-03,  -68.4478E-03
F:/Desktop/DeepOnet_Abaqus/StaticElasticJob3.odb,Step-1,Increment      1: Step Time =    1.000,"PLATE-1",          1675,             1,  -438.516E-03,  -56.3497E-03,            0.,"ASSEMBLY_PLATE-1__PICKEDSET2","ROCK","",  -895.237E-03,      -1.24566,  -923.170E-03,      -1.21773,   94.9116E-03
F:/Desktop/DeepOnet_Abaqus/StaticElasticJob3.odb,Step-1,Increment      1: Step Time =    1.000,"PLATE-1",          1676,             1,   151.782E-03,   478.164E-03,            0.,"ASSEMBLY_PLATE-1__PICKEDSET2","ROCK","",  -976.209E-03,      -1.39762,      -1.36191,      -1.01192,   117.358E-03
F:/Desktop/DeepOnet_Abaqus/StaticElasticJob3.odb,Step-1,Increment      1: Step Time =    1.000,"PLATE-1",          1677,             1,   106.714E-03,   315.782E-03,            0.,"ASSEMBLY_PLATE-1__PICKEDSET2","ROCK","",  -840.476E-03,      -1.67837,      -1.63617,  -882.678E-03,   183.248E-03
F:/Desktop/DeepOnet_Abaqus/StaticElasticJob3.odb,Step-1,Increment      1: Step Time =    1.000,"PLATE-1",          1678,             1,   385.064E-03,   143.655E-03,            0.,"ASSEMBLY_PLATE-1__PICKEDSET2","ROCK","",  -741.998E-03,      -1.32257,      -1.01588,      -1.04868,   289.822E-03
F:/Desktop/DeepOnet_Abaqus/StaticElasticJob3.odb,Step-1,Increment      1: Step Time =    1.000,"PLATE-1",          1679,             1,   619.284E-03,   677.055E-03,            0.,"ASSEMBLY_PLATE-1__PICKEDSET2","ROCK","",  -995.436E-03,      -1.33578,      -1.27398,      -1.05724,   131.203E-03
F:/Desktop/DeepOnet_Abaqus/StaticElasticJob3.odb,Step-1,Increment      1: Step Time =    1.000,"PLATE-1",          1680,             1,   878.779E-03,   519.786E-03,            0.,"ASSEMBLY_PLATE-1__PICKEDSET2","ROCK","",      -1.02860,      -1.23681,      -1.21470,      -1.05072,   64.1522E-03
F:/Desktop/DeepOnet_Abaqus/StaticElasticJob3.odb,Step-1,Increment      1: Step Time =    1.000,"PLATE-1",          1681,             1,   528.537E-03,   298.831E-03,            0.,"ASSEMBLY_PLATE-1__PICKEDSET2","ROCK","",  -720.112E-03,      -1.23187,      -1.21076,  -741.222E-03,  -101.773E-03
F:/Desktop/DeepOnet_Abaqus/StaticElasticJob3.odb,Step-1,Increment      1: Step Time =    1.000,"PLATE-1",          1682,             1,  -96.6460E-03,  -409.098E-03,            0.,"ASSEMBLY_PLATE-1__PICKEDSET2","ROCK","",  -771.222E-03,      -1.51813,      -1.48996,  -799.391E-03,   142.292E-03
F:/Desktop/DeepOnet_Abaqus/StaticElasticJob3.odb,Step-1,Increment      1: Step Time =    1.000,"PLATE-1",          1683,             1,  -11.7145E-03,   293.473E-03,            0.,"ASSEMBLY_PLATE-1__PICKEDSET2","ROCK","",  -792.739E-03,      -1.85485,      -1.85457,  -793.025E-03,  -17.4157E-03
F:/Desktop/DeepOnet_Abaqus/StaticElasticJob3.odb,Step-1,Increment      1: Step Time =    1.000,"PLATE-1",          1684,             1,   224.358E-03,   280.276E-03,            0.,"ASSEMBLY_PLATE-1__PICKEDSET2","ROCK","",  -746.975E-03,      -1.59460,      -1.38658,  -954.992E-03,   364.758E-03
F:/Desktop/DeepOnet_Abaqus/StaticElasticJob3.odb,Step-1,Increment      1: Step Time =    1.000,"PLATE-1",          1685,             1,  -266.228E-03,   329.281E-03,            0.,"ASSEMBLY_PLATE-1__PICKEDSET2","ROCK","",  -813.173E-03,      -1.43682,      -1.34776,  -902.230E-03,  -218.195E-03
F:/Desktop/DeepOnet_Abaqus/StaticElasticJob3.odb,Step-1,Increment      1: Step Time =    1.000,"PLATE-1",          1686,             1,  -328.337E-03,   233.911E-03,            0.,"ASSEMBLY_PLATE-1__PICKEDSET2","ROCK","",  -775.770E-03,      -1.37265,      -1.14069,      -1.00773,  -290.941E-03
F:/Desktop/DeepOnet_Abaqus/StaticElasticJob3.odb,Step-1,Increment      1: Step Time =    1.000,"PLATE-1",          1687,             1,   308.039E-03,  -266.840E-03,            0.,"ASSEMBLY_PLATE-1__PICKEDSET2","ROCK","",  -879.039E-03,      -1.39962,      -1.25226,      -1.02639,  -234.513E-03
F:/Desktop/DeepOnet_Abaqus/StaticElasticJob3.odb,Step-1,Increment      1: Step Time =    1.000,"PLATE-1",          1688,             1,  -200.439E-03,  -314.707E-03,            0.,"ASSEMBLY_PLATE-1__PICKEDSET2","ROCK","",  -821.182E-03,      -1.54998,      -1.38900,  -982.164E-03,   302.338E-03
F:/Desktop/DeepOnet_Abaqus/StaticElasticJob3.odb,Step-1,Increment      1: Step Time =    1.000,"PLATE-1",          1689,             1,  -455.043E-03,   36.4800E-03,            0.,"ASSEMBLY_PLATE-1__PICKEDSET2","ROCK","",  -911.741E-03,      -1.20768,  -917.752E-03,      -1.20167,  -41.7440E-03
F:/Desktop/DeepOnet_Abaqus/StaticElasticJob3.odb,Step-1,Increment      1: Step Time =    1.000,"PLATE-1",          1690,             1,   385.191E-03,   110.979E-03,            0.,"ASSEMBLY_PLATE-1__PICKEDSET2","ROCK","",  -778.768E-03,      -1.27876,  -959.241E-03,      -1.09829,   240.134E-03
F:/Desktop/DeepOnet_Abaqus/StaticElasticJob3.odb,Step-1,Increment      1: Step Time =    1.000,"PLATE-1",          1691,             1,   194.039E-03,   443.031E-03,            0.,"ASSEMBLY_PLATE-1__PICKEDSET2","ROCK","",      -1.04922,      -1.48369,      -1.42178,      -1.11112,   151.871E-03
F:/Desktop/DeepOnet_Abaqus/StaticElasticJob3.odb,Step-1,Increment      1: Step Time =    1.000,"PLATE-1",          1692,             1,   24.1932E-03,   562.917E-03,            0.,"ASSEMBLY_PLATE-1__PICKEDSET2","ROCK","",      -1.01315,      -1.32399,      -1.32299,      -1.01416,   17.6671E-03
F:/Desktop/DeepOnet_Abaqus/StaticElasticJob3.odb,Step-1,Increment      1: Step Time =    1.000,"PLATE-1",          1693,             1,   57.9135E-03,   652.952E-03,            0.,"ASSEMBLY_PLATE-1__PICKEDSET2","ROCK","",  -993.465E-03,      -1.28450,      -1.28329,  -994.672E-03,  -18.7038E-03
F:/Desktop/DeepOnet_Abaqus/StaticElasticJob3.odb,Step-1,Increment      1: Step Time =    1.000,"PLATE-1",          1694,             1,  -463.798E-03,  -158.545E-03,            0.,"ASSEMBLY_PLATE-1__PICKEDSET2","ROCK","",  -940.246E-03,      -1.25633,      -1.06389,      -1.13268,   154.253E-03
F:/Desktop/DeepOnet_Abaqus/StaticElasticJob3.odb,Step-1,Increment      1: Step Time =    1.000,"PLATE-1",          1695,             1,  -423.676E-03,   72.2721E-03,            0.,"ASSEMBLY_PLATE-1__PICKEDSET2","ROCK","",  -858.197E-03,      -1.23903,  -891.985E-03,      -1.20524,  -108.285E-03
F:/Desktop/DeepOnet_Abaqus/StaticElasticJob3.odb,Step-1,Increment      1: Step Time =    1.000,"PLATE-1",          1696,             1,  -418.455E-03,   174.382E-03,            0.,"ASSEMBLY_PLATE-1__PICKEDSET2","ROCK","",  -856.403E-03,      -1.26949,      -1.01849,      -1.10740,  -201.705E-03
F:/Desktop/DeepOnet_Abaqus/StaticElasticJob3.odb,Step-1,Increment      1: Step Time =    1.000,"PLATE-1",          1697,             1,   941.380E-03,   553.461E-03,            0.,"ASSEMBLY_PLATE-1__PICKEDSET2","ROCK","",      -1.02304,      -1.23607,      -1.21909,      -1.04002,   57.6998E-03
F:/Desktop/DeepOnet_Abaqus/StaticElasticJob3.odb,Step-1,Increment      1: Step Time =    1.000,"PLATE-1",          1698,             1,   618.767E-03,   303.460E-03,            0.,"ASSEMBLY_PLATE-1__PICKEDSET2","ROCK","",  -974.775E-03,      -1.08381,      -1.07905,  -979.533E-03,  -22.2757E-03
F:/Desktop/DeepOnet_Abaqus/StaticElasticJob3.odb,Step-1,Increment      1: Step Time =    1.000,"PLATE-1",          1699,             1,   686.845E-03,   265.812E-03,            0.,"ASSEMBLY_PLATE-1__PICKEDSET2","ROCK","",      -1.04540,      -1.11581,      -1.09964,      -1.06156,  -29.6092E-03
F:/Desktop/DeepOnet_Abaqus/StaticElasticJob3.odb,Step-1,Increment      1: Step Time =    1.000,"PLATE-1",          1700,             1,   907.240E-03,   357.616E-03,            0.,"ASSEMBLY_PLATE-1__PICKEDSET2","ROCK","",      -1.04951,      -1.16985,      -1.14702,      -1.07234,   47.1884E-03
F:/Desktop/DeepOnet_Abaqus/StaticElasticJob3.odb,Step-1,Increment      1: Step Time =    1.000,"PLATE-1",          1701,             1,   136.299E-03,   315.032E-03,            0.,"ASSEMBLY_PLATE-1__PICKEDSET2","ROCK","",  -824.095E-03,      -1.65783,      -1.59013,  -891.798E-03,   227.734E-03
F:/Desktop/DeepOnet_Abaqus/StaticElasticJob3.odb,Step-1,Increment      1: Step Time =    1.000,"PLATE-1",          1702,             1,  -203.100E-03,  -356.922E-03,            0.,"ASSEMBLY_PLATE-1__PICKEDSET2","ROCK","",  -839.224E-03,      -1.49270,      -1.39177,  -940.162E-03,   236.162E-03
F:/Desktop/DeepOnet_Abaqus/StaticElasticJob3.odb,Step-1,Increment      1: Step Time =    1.000,"PLATE-1",          1703,             1,   45.9356E-03,  -393.478E-03,            0.,"ASSEMBLY_PLATE-1__PICKEDSET2","ROCK","",  -715.342E-03,      -1.55489,      -1.55001,  -720.213E-03,  -63.7672E-03
F:/Desktop/DeepOnet_Abaqus/StaticElasticJob3.odb,Step-1,Increment      1: Step Time =    1.000,"PLATE-1",          1704,             1,  -153.392E-03,   251.537E-03,            0.,"ASSEMBLY_PLATE-1__PICKEDSET2","ROCK","",  -620.486E-03,      -1.72519,      -1.56105,  -784.624E-03,  -392.916E-03
F:/Desktop/DeepOnet_Abaqus/StaticElasticJob3.odb,Step-1,Increment      1: Step Time =    1.000,"PLATE-1",          1705,             1,   20.3466E-03,  -420.862E-03,            0.,"ASSEMBLY_PLATE-1__PICKEDSET2","ROCK","",  -750.986E-03,      -1.52035,      -1.52010,  -751.237E-03,  -13.9083E-03
F:/Desktop/DeepOnet_Abaqus/StaticElasticJob3.odb,Step-1,Increment      1: Step Time =    1.000,"PLATE-1",          1706,             1,   176.774E-03,  -454.964E-03,            0.,"ASSEMBLY_PLATE-1__PICKEDSET2","ROCK","",  -851.851E-03,      -1.42369,      -1.39620,  -879.339E-03,  -122.323E-03
F:/Desktop/DeepOnet_Abaqus/StaticElasticJob3.odb,Step-1,Increment      1: Step Time =    1.000,"PLATE-1",          1707,             1,  -77.4992E-03,  -354.143E-03,            0.,"ASSEMBLY_PLATE-1__PICKEDSET2","ROCK","",  -660.009E-03,      -1.62286,      -1.58664,  -696.230E-03,   183.202E-03
F:/Desktop/DeepOnet_Abaqus/StaticElasticJob3.odb,Step-1,Increment      1: Step Time =    1.000,"PLATE-1",          1708,             1,  -17.0337E-03,  -355.719E-03,            0.,"ASSEMBLY_PLATE-1__PICKEDSET2","ROCK","",  -619.573E-03,      -1.64277,      -1.64049,  -621.860E-03,   48.3242E-03
F:/Desktop/DeepOnet_Abaqus/StaticElasticJob3.odb,Step-1,Increment      1: Step Time =    1.000,"PLATE-1",          1709,             1,   427.566E-03,  -113.749E-03,            0.,"ASSEMBLY_PLATE-1__PICKEDSET2","ROCK","",  -907.782E-03,      -1.22340,  -992.185E-03,      -1.13900,  -139.697E-03
F:/Desktop/DeepOnet_Abaqus/StaticElasticJob3.odb,Step-1,Increment      1: Step Time =    1.000,"PLATE-1",          1710,             1,  -210.538E-03,   323.188E-03,            0.,"ASSEMBLY_PLATE-1__PICKEDSET2","ROCK","",  -792.669E-03,      -1.50107,      -1.42727,  -866.470E-03,  -216.412E-03
F:/Desktop/DeepOnet_Abaqus/StaticElasticJob3.odb,Step-1,Increment      1: Step Time =    1.000,"PLATE-1",          1711,             1,  -228.413E-03,  -281.983E-03,            0.,"ASSEMBLY_PLATE-1__PICKEDSET2","ROCK","",  -852.583E-03,      -1.54207,      -1.34817,      -1.04648,   309.987E-03
F:/Desktop/DeepOnet_Abaqus/StaticElasticJob3.odb,Step-1,Increment      1: Step Time =    1.000,"PLATE-1",          1712,             1,  -248.606E-03,  -280.040E-03,            0.,"ASSEMBLY_PLATE-1__PICKEDSET2","ROCK","",  -871.208E-03,      -1.50739,      -1.33358,      -1.04502,   283.490E-03
F:/Desktop/DeepOnet_Abaqus/StaticElasticJob3.odb,Step-1,Increment      1: Step Time =    1.000,"PLATE-1",          1713,             1,  -380.344E-03,  -4.41287E-03,            0.,"ASSEMBLY_PLATE-1__PICKEDSET2","ROCK","",  -785.140E-03,      -1.28191,  -785.141E-03,      -1.28190,  -941.349E-06
F:/Desktop/DeepOnet_Abaqus/StaticElasticJob3.odb,Step-1,Increment      1: Step Time =    1.000,"PLATE-1",          1714,             1,  -330.082E-03,  -301.950E-03,            0.,"ASSEMBLY_PLATE-1__PICKEDSET2","ROCK","",  -914.483E-03,      -1.38953,      -1.26139,      -1.04262,   210.838E-03
F:/Desktop/DeepOnet_Abaqus/StaticElasticJob3.odb,Step-1,Increment      1: Step Time =    1.000,"PLATE-1",          1715,             1,   398.083E-03,   22.4525E-03,            0.,"ASSEMBLY_PLATE-1__PICKEDSET2","ROCK","",  -831.188E-03,      -1.21181,  -854.787E-03,      -1.18821,   91.7896E-03
F:/Desktop/DeepOnet_Abaqus/StaticElasticJob3.odb,Step-1,Increment      1: Step Time =    1.000,"PLATE-1",          1716,             1,   118.726E-03,   646.164E-03,            0.,"ASSEMBLY_PLATE-1__PICKEDSET2","ROCK","",      -1.01996,      -1.26623,      -1.26284,      -1.02335,  -28.6789E-03
F:/Desktop/DeepOnet_Abaqus/StaticElasticJob3.odb,Step-1,Increment      1: Step Time =    1.000,"PLATE-1",          1717,             1,   508.127E-03,   170.828E-03,            0.,"ASSEMBLY_PLATE-1__PICKEDSET2","ROCK","",  -873.727E-03,      -1.18351,      -1.15152,  -905.717E-03,   94.2686E-03
F:/Desktop/DeepOnet_Abaqus/StaticElasticJob3.odb,Step-1,Increment      1: Step Time =    1.000,"PLATE-1",          1718,             1,   584.261E-03,   247.360E-03,            0.,"ASSEMBLY_PLATE-1__PICKEDSET2","ROCK","",  -974.507E-03,      -1.13439,      -1.12763,  -981.269E-03,  -32.1776E-03
F:/Desktop/DeepOnet_Abaqus/StaticElasticJob3.odb,Step-1,Increment      1: Step Time =    1.000,"PLATE-1",          1719,             1,   480.369E-03,   121.416E-03,            0.,"ASSEMBLY_PLATE-1__PICKEDSET2","ROCK","",  -915.479E-03,      -1.16786,      -1.06729,      -1.01605,   123.562E-03
F:/Desktop/DeepOnet_Abaqus/StaticElasticJob3.odb,Step-1,Increment      1: Step Time =    1.000,"PLATE-1",          1720,             1,   564.375E-03,   341.113E-03,            0.,"ASSEMBLY_PLATE-1__PICKEDSET2","ROCK","",  -840.585E-03,      -1.26521,      -1.12252,  -983.277E-03,  -200.573E-03
F:/Desktop/DeepOnet_Abaqus/StaticElasticJob3.odb,Step-1,Increment      1: Step Time =    1.000,"PLATE-1",          1721,             1,   838.633E-03,   657.143E-03,            0.,"ASSEMBLY_PLATE-1__PICKEDSET2","ROCK","",      -1.01532,      -1.25905,      -1.24030,      -1.03408,   64.9611E-03
F:/Desktop/DeepOnet_Abaqus/StaticElasticJob3.odb,Step-1,Increment      1: Step Time =    1.000,"PLATE-1",          1722,             1,   435.672E-03,   873.923E-03,            0.,"ASSEMBLY_PLATE-1__PICKEDSET2","ROCK","",  -878.441E-03,      -1.34018,      -1.33347,  -885.151E-03,   55.2534E-03
F:/Desktop/DeepOnet_Abaqus/StaticElasticJob3.odb,Step-1,Increment      1: Step Time =    1.000,"PLATE-1",          1723,             1,  -16.0789E-03,   314.828E-03,            0.,"ASSEMBLY_PLATE-1__PICKEDSET2","ROCK","",  -834.451E-03,      -1.77213,      -1.77211,  -834.474E-03,  -4.64324E-03
F:/Desktop/DeepOnet_Abaqus/StaticElasticJob3.odb,Step-1,Increment      1: Step Time =    1.000,"PLATE-1",          1724,             1,   141.648E-03,  -372.863E-03,            0.,"ASSEMBLY_PLATE-1__PICKEDSET2","ROCK","",  -760.914E-03,      -1.52643,      -1.47392,  -813.424E-03,  -193.492E-03
F:/Desktop/DeepOnet_Abaqus/StaticElasticJob3.odb,Step-1,Increment      1: Step Time =    1.000,"PLATE-1",          1725,             1,   48.6770E-03,   370.109E-03,            0.,"ASSEMBLY_PLATE-1__PICKEDSET2","ROCK","",  -915.798E-03,      -1.59454,      -1.58786,  -922.478E-03,   67.0018E-03
F:/Desktop/DeepOnet_Abaqus/StaticElasticJob3.odb,Step-1,Increment      1: Step Time =    1.000,"PLATE-1",          1726,             1,   411.520E-03,  -174.921E-03,            0.,"ASSEMBLY_PLATE-1__PICKEDSET2","ROCK","",  -899.474E-03,      -1.27559,      -1.08135,      -1.09372,  -187.955E-03
F:/Desktop/DeepOnet_Abaqus/StaticElasticJob3.odb,Step-1,Increment      1: Step Time =    1.000,"PLATE-1",          1727,             1,   351.998E-03,   106.382E-03,            0.,"ASSEMBLY_PLATE-1__PICKEDSET2","ROCK","",  -689.965E-03,      -1.33483,  -879.168E-03,      -1.14562,   293.618E-03
F:/Desktop/DeepOnet_Abaqus/StaticElasticJob3.odb,Step-1,Increment      1: Step Time =    1.000,"PLATE-1",          1728,             1,   444.383E-03,  -16.6450E-03,            0.,"ASSEMBLY_PLATE-1__PICKEDSET2","ROCK","",  -934.012E-03,      -1.15558,  -935.203E-03,      -1.15439,  -16.2001E-03
F:/Desktop/DeepOnet_Abaqus/StaticElasticJob3.odb,Step-1,Increment      1: Step Time =    1.000,"PLATE-1",          1729,             1,   408.205E-03,  -251.404E-03,            0.,"ASSEMBLY_PLATE-1__PICKEDSET2","ROCK","",  -916.029E-03,      -1.30113,      -1.17919,      -1.03797,  -179.136E-03
F:/Desktop/DeepOnet_Abaqus/StaticElasticJob3.odb,Step-1,Increment      1: Step Time =    1.000,"PLATE-1",          1730,             1,   155.381E-03,  -348.477E-03,            0.,"ASSEMBLY_PLATE-1__PICKEDSET2","ROCK","",  -747.600E-03,      -1.55054,      -1.46722,  -830.918E-03,  -244.863E-03
F:/Desktop/DeepOnet_Abaqus/StaticElasticJob3.odb,Step-1,Increment      1: Step Time =    1.000,"PLATE-1",          1731,             1,   343.722E-03,  -252.515E-03,            0.,"ASSEMBLY_PLATE-1__PICKEDSET2","ROCK","",  -887.224E-03,      -1.36155,      -1.21074,      -1.03804,  -220.886E-03
F:/Desktop/DeepOnet_Abaqus/StaticElasticJob3.odb,Step-1,Increment      1: Step Time =    1.000,"PLATE-1",          1732,             1,   373.723E-03,   48.0532E-03,            0.,"ASSEMBLY_PLATE-1__PICKEDSET2","ROCK","",  -770.522E-03,      -1.25792,  -829.725E-03,      -1.19871,   159.218E-03
F:/Desktop/DeepOnet_Abaqus/StaticElasticJob3.odb,Step-1,Increment      1: Step Time =    1.000,"PLATE-1",          1733,             1,   316.748E-03,   134.492E-03,            0.,"ASSEMBLY_PLATE-1__PICKEDSET2","ROCK","",  -618.835E-03,      -1.42711,  -942.330E-03,      -1.10361,   396.008E-03
F:/Desktop/DeepOnet_Abaqus/StaticElasticJob3.odb,Step-1,Increment      1: Step Time =    1.000,"PLATE-1",          1734,             1,  -177.546E-03,  -328.027E-03,            0.,"ASSEMBLY_PLATE-1__PICKEDSET2","ROCK","",  -778.842E-03,      -1.57409,      -1.44262,  -910.309E-03,   295.407E-03
F:/Desktop/DeepOnet_Abaqus/StaticElasticJob3.odb,Step-1,Increment      1: Step Time =    1.000,"PLATE-1",          1735,             1,  -246.883E-03,  -447.535E-03,            0.,"ASSEMBLY_PLATE-1__PICKEDSET2","ROCK","",  -907.971E-03,      -1.38763,      -1.33971,  -955.893E-03,   143.839E-03
F:/Desktop/DeepOnet_Abaqus/StaticElasticJob3.odb,Step-1,Increment      1: Step Time =    1.000,"PLATE-1",          1736,             1,  -4.61545E-03,   431.908E-03,            0.,"ASSEMBLY_PLATE-1__PICKEDSET2","ROCK","",  -949.309E-03,      -1.47809,      -1.47700,  -950.405E-03,   24.0501E-03
F:/Desktop/DeepOnet_Abaqus/StaticElasticJob3.odb,Step-1,Increment      1: Step Time =    1.000,"PLATE-1",          1737,             1,   723.178E-03,   603.719E-03,            0.,"ASSEMBLY_PLATE-1__PICKEDSET2","ROCK","",      -1.05126,      -1.28358,      -1.23951,      -1.09533,   91.0817E-03
F:/Desktop/DeepOnet_Abaqus/StaticElasticJob3.odb,Step-1,Increment      1: Step Time =    1.000,"PLATE-1",          1738,             1,  -456.894E-03,  -8.61051E-03,            0.,"ASSEMBLY_PLATE-1__PICKEDSET2","ROCK","",  -909.270E-03,      -1.21337,  -910.272E-03,      -1.21237,   17.4204E-03
F:/Desktop/DeepOnet_Abaqus/StaticElasticJob3.odb,Step-1,Increment      1: Step Time =    1.000,"PLATE-1",          1739,             1,   437.378E-03,   85.4490E-03,            0.,"ASSEMBLY_PLATE-1__PICKEDSET2","ROCK","",  -881.085E-03,      -1.18941,  -987.816E-03,      -1.08268,   146.683E-03
F:/Desktop/DeepOnet_Abaqus/StaticElasticJob3.odb,Step-1,Increment      1: Step Time =    1.000,"PLATE-1",          1740,             1,   253.743E-03,   933.618E-03,            0.,"ASSEMBLY_PLATE-1__PICKEDSET2","ROCK","",  -930.254E-03,      -1.29682,      -1.29543,  -931.643E-03,  -22.5264E-03
F:/Desktop/DeepOnet_Abaqus/StaticElasticJob3.odb,Step-1,Increment      1: Step Time =    1.000,"PLATE-1",          1741,             1,  -145.427E-03,   336.330E-03,            0.,"ASSEMBLY_PLATE-1__PICKEDSET2","ROCK","",  -810.610E-03,      -1.57421,      -1.54227,  -842.550E-03,  -152.870E-03
F:/Desktop/DeepOnet_Abaqus/StaticElasticJob3.odb,Step-1,Increment      1: Step Time =    1.000,"PLATE-1",          1742,             1,   37.1942E-03,  -451.020E-03,            0.,"ASSEMBLY_PLATE-1__PICKEDSET2","ROCK","",  -790.633E-03,      -1.48215,      -1.48073,  -792.055E-03,  -31.3213E-03
F:/Desktop/DeepOnet_Abaqus/StaticElasticJob3.odb,Step-1,Increment      1: Step Time =    1.000,"PLATE-1",          1743,             1,  -240.980E-03,  -377.166E-03,            0.,"ASSEMBLY_PLATE-1__PICKEDSET2","ROCK","",  -889.390E-03,      -1.42930,      -1.34524,  -973.445E-03,   195.747E-03
F:/Desktop/DeepOnet_Abaqus/StaticElasticJob3.odb,Step-1,Increment      1: Step Time =    1.000,"PLATE-1",          1744,             1,  -346.706E-03,   319.789E-03,            0.,"ASSEMBLY_PLATE-1__PICKEDSET2","ROCK","",  -855.740E-03,      -1.35308,      -1.24929,  -959.538E-03,  -202.112E-03
F:/Desktop/DeepOnet_Abaqus/StaticElasticJob3.odb,Step-1,Increment      1: Step Time =    1.000,"PLATE-1",          1745,             1,   449.307E-03,   33.6403E-03,            0.,"ASSEMBLY_PLATE-1__PICKEDSET2","ROCK","",  -922.193E-03,      -1.14966,  -944.499E-03,      -1.12736,   67.6486E-03
F:/Desktop/DeepOnet_Abaqus/StaticElasticJob3.odb,Step-1,Increment      1: Step Time =    1.000,"PLATE-1",          1746,             1,   468.176E-03,  -82.9458E-03,            0.,"ASSEMBLY_PLATE-1__PICKEDSET2","ROCK","",  -957.466E-03,      -1.16924,      -1.00371,      -1.12300,  -87.4941E-03
F:/Desktop/DeepOnet_Abaqus/StaticElasticJob3.odb,Step-1,Increment      1: Step Time =    1.000,"PLATE-1",          1747,             1,  -478.622E-03,  -118.330E-03,            0.,"ASSEMBLY_PLATE-1__PICKEDSET2","ROCK","",  -952.723E-03,      -1.23016,      -1.02882,      -1.15406,   123.781E-03
F:/Desktop/DeepOnet_Abaqus/StaticElasticJob3.odb,Step-1,Increment      1: Step Time =    1.000,"PLATE-1",          1748,             1,   209.557E-03,  -421.651E-03,            0.,"ASSEMBLY_PLATE-1__PICKEDSET2","ROCK","",  -860.413E-03,      -1.42239,      -1.37538,  -907.417E-03,  -155.583E-03
F:/Desktop/DeepOnet_Abaqus/StaticElasticJob3.odb,Step-1,Increment      1: Step Time =    1.000,"PLATE-1",          1749,             1,   230.371E-03,  -332.628E-03,            0.,"ASSEMBLY_PLATE-1__PICKEDSET2","ROCK","",  -845.292E-03,      -1.46901,      -1.36148,  -952.812E-03,  -235.587E-03
F:/Desktop/DeepOnet_Abaqus/StaticElasticJob3.odb,Step-1,Increment      1: Step Time =    1.000,"PLATE-1",          1750,             1,  -319.666E-03,   288.876E-03,            0.,"ASSEMBLY_PLATE-1__PICKEDSET2","ROCK","",  -810.281E-03,      -1.38587,      -1.23996,  -956.194E-03,  -250.391E-03
F:/Desktop/DeepOnet_Abaqus/StaticElasticJob3.odb,Step-1,Increment      1: Step Time =    1.000,"PLATE-1",          1751,             1,   318.535E-03,   100.584E-03,            0.,"ASSEMBLY_PLATE-1__PICKEDSET2","ROCK","",  -621.227E-03,      -1.38510,  -837.016E-03,      -1.16931,   343.904E-03
F:/Desktop/DeepOnet_Abaqus/StaticElasticJob3.odb,Step-1,Increment      1: Step Time =    1.000,"PLATE-1",          1752,             1,  -31.6523E-03,   471.240E-03,            0.,"ASSEMBLY_PLATE-1__PICKEDSET2","ROCK","",  -965.087E-03,      -1.42847,      -1.42839,  -965.165E-03,   6.01700E-03
F:/Desktop/DeepOnet_Abaqus/StaticElasticJob3.odb,Step-1,Increment      1: Step Time =    1.000,"PLATE-1",          1753,             1,  -499.158E-03,   59.1335E-03,            0.,"ASSEMBLY_PLATE-1__PICKEDSET2","ROCK","",  -948.294E-03,      -1.18595,  -961.630E-03,      -1.17261,  -54.6955E-03
F:/Desktop/DeepOnet_Abaqus/StaticElasticJob3.odb,Step-1,Increment      1: Step Time =    1.000,"PLATE-1",          1754,             1,   541.900E-03,   207.524E-03,            0.,"ASSEMBLY_PLATE-1__PICKEDSET2","ROCK","",  -906.195E-03,      -1.14989,      -1.14911,  -906.973E-03,   13.7532E-03
F:/Desktop/DeepOnet_Abaqus/StaticElasticJob3.odb,Step-1,Increment      1: Step Time =    1.000,"PLATE-1",          1755,             1,   453.314E-03,  -150.539E-03,            0.,"ASSEMBLY_PLATE-1__PICKEDSET2","ROCK","",  -929.726E-03,      -1.22630,      -1.05387,      -1.10215,  -146.310E-03
F:/Desktop/DeepOnet_Abaqus/StaticElasticJob3.odb,Step-1,Increment      1: Step Time =    1.000,"PLATE-1",          1756,             1,  -91.5195E-03,  -459.333E-03,            0.,"ASSEMBLY_PLATE-1__PICKEDSET2","ROCK","",  -818.074E-03,      -1.46513,      -1.45018,  -833.022E-03,   97.2041E-03
F:/Desktop/DeepOnet_Abaqus/StaticElasticJob3.odb,Step-1,Increment      1: Step Time =    1.000,"PLATE-1",          1757,             1,  -423.898E-03,   225.075E-03,            0.,"ASSEMBLY_PLATE-1__PICKEDSET2","ROCK","",  -870.916E-03,      -1.28208,      -1.09195,      -1.06104,  -204.999E-03
F:/Desktop/DeepOnet_Abaqus/StaticElasticJob3.odb,Step-1,Increment      1: Step Time =    1.000,"PLATE-1",          1758,             1,  -292.063E-03,   309.792E-03,            0.,"ASSEMBLY_PLATE-1__PICKEDSET2","ROCK","",  -809.806E-03,      -1.41186,      -1.29747,  -924.189E-03,  -236.179E-03
F:/Desktop/DeepOnet_Abaqus/StaticElasticJob3.odb,Step-1,Increment      1: Step Time =    1.000,"PLATE-1",          1759,             1,   482.868E-03,  -189.152E-03,            0.,"ASSEMBLY_PLATE-1__PICKEDSET2","ROCK","",  -947.932E-03,      -1.22962,      -1.11362,      -1.06393,  -138.633E-03
F:/Desktop/DeepOnet_Abaqus/StaticElasticJob3.odb,Step-1,Increment      1: Step Time =    1.000,"PLATE-1",          1760,             1,   92.8310E-03,  -377.311E-03,            0.,"ASSEMBLY_PLATE-1__PICKEDSET2","ROCK","",  -708.285E-03,      -1.56742,      -1.53879,  -736.918E-03,  -154.207E-03
F:/Desktop/DeepOnet_Abaqus/StaticElasticJob3.odb,Step-1,Increment      1: Step Time =    1.000,"PLATE-1",          1761,             1,  -276.979E-03,  -405.512E-03,            0.,"ASSEMBLY_PLATE-1__PICKEDSET2","ROCK","",  -915.488E-03,      -1.38591,      -1.32068,  -980.723E-03,   162.581E-03
F:/Desktop/DeepOnet_Abaqus/StaticElasticJob3.odb,Step-1,Increment      1: Step Time =    1.000,"PLATE-1",          1762,             1,   418.298E-03,  -395.855E-03,            0.,"ASSEMBLY_PLATE-1__PICKEDSET2","ROCK","",  -936.014E-03,      -1.30542,      -1.25790,  -983.536E-03,  -123.680E-03
F:/Desktop/DeepOnet_Abaqus/StaticElasticJob3.odb,Step-1,Increment      1: Step Time =    1.000,"PLATE-1",          1763,             1,  -497.940E-03,  -324.632E-03,            0.,"ASSEMBLY_PLATE-1__PICKEDSET2","ROCK","",  -971.404E-03,      -1.27414,      -1.20577,      -1.03977,   126.586E-03
F:/Desktop/DeepOnet_Abaqus/StaticElasticJob3.odb,Step-1,Increment      1: Step Time =    1.000,"PLATE-1",          1764,             1,   490.026E-06,   622.489E-03,            0.,"ASSEMBLY_PLATE-1__PICKEDSET2","ROCK","",  -995.857E-03,      -1.30706,      -1.30706,  -995.857E-03,   446.667E-06
F:/Desktop/DeepOnet_Abaqus/StaticElasticJob3.odb,Step-1,Increment      1: Step Time =    1.000,"PLATE-1",          1765,             1,  -64.7997E-03,   555.256E-03,            0.,"ASSEMBLY_PLATE-1__PICKEDSET2","ROCK","",  -977.228E-03,      -1.35539,      -1.35539,  -977.233E-03,   1.29665E-03
F:/Desktop/DeepOnet_Abaqus/StaticElasticJob3.odb,Step-1,Increment      1: Step Time =    1.000,"PLATE-1",          1766,             1,  -580.553E-03,   210.542E-03,            0.,"ASSEMBLY_PLATE-1__PICKEDSET2","ROCK","",  -984.630E-03,      -1.19335,      -1.10025,      -1.07773,  -103.751E-03
F:/Desktop/DeepOnet_Abaqus/StaticElasticJob3.odb,Step-1,Increment      1: Step Time =    1.000,"PLATE-1",          1767,             1,   646.845E-03,   199.373E-03,            0.,"ASSEMBLY_PLATE-1__PICKEDSET2","ROCK","",      -1.00664,      -1.09922,      -1.09888,      -1.00698,  -5.60496E-03
F:/Desktop/DeepOnet_Abaqus/StaticElasticJob3.odb,Step-1,Increment      1: Step Time =    1.000,"PLATE-1",          1768,             1,   442.850E-03,  -217.837E-03,            0.,"ASSEMBLY_PLATE-1__PICKEDSET2","ROCK","",  -927.097E-03,      -1.26666,      -1.13758,      -1.05617,  -164.827E-03
F:/Desktop/DeepOnet_Abaqus/StaticElasticJob3.odb,Step-1,Increment      1: Step Time =    1.000,"PLATE-1",          1769,             1,  -514.301E-03,  -23.1819E-03,            0.,"ASSEMBLY_PLATE-1__PICKEDSET2","ROCK","",  -981.479E-03,      -1.17731,  -988.806E-03,      -1.16998,   37.1632E-03
F:/Desktop/DeepOnet_Abaqus/StaticElasticJob3.odb,Step-1,Increment      1: Step Time =    1.000,"PLATE-1",          1770,             1,  -631.970E-03,  -64.4544E-03,            0.,"ASSEMBLY_PLATE-1__PICKEDSET2","ROCK","",      -1.05287,      -1.13822,      -1.07965,      -1.11144,   39.6026E-03
F:/Desktop/DeepOnet_Abaqus/StaticElasticJob3.odb,Step-1,Increment      1: Step Time =    1.000,"PLATE-1",          1771,             1,   184.966E-03,   832.503E-03,            0.,"ASSEMBLY_PLATE-1__PICKEDSET2","ROCK","",  -934.057E-03,      -1.29316,      -1.28746,  -939.763E-03,  -44.9055E-03
F:/Desktop/DeepOnet_Abaqus/StaticElasticJob3.odb,Step-1,Increment      1: Step Time =    1.000,"PLATE-1",          1772,             1,   511.153E-03,   26.8011E-03,            0.,"ASSEMBLY_PLATE-1__PICKEDSET2","ROCK","",      -1.01268,      -1.09341,      -1.02209,      -1.08400,   25.9100E-03
F:/Desktop/DeepOnet_Abaqus/StaticElasticJob3.odb,Step-1,Increment      1: Step Time =    1.000,"PLATE-1",          1773,             1,   636.083E-03,   55.8890E-03,            0.,"ASSEMBLY_PLATE-1__PICKEDSET2","ROCK","",      -1.04069,      -1.09043,      -1.08607,      -1.04504,  -14.0611E-03
F:/Desktop/DeepOnet_Abaqus/StaticElasticJob3.odb,Step-1,Increment      1: Step Time =    1.000,"PLATE-1",          1774,             1,  -41.1567E-03,   442.201E-03,            0.,"ASSEMBLY_PLATE-1__PICKEDSET2","ROCK","",  -947.466E-03,      -1.45889,      -1.45876,  -947.600E-03,   8.27350E-03
F:/Desktop/DeepOnet_Abaqus/StaticElasticJob3.odb,Step-1,Increment      1: Step Time =    1.000,"PLATE-1",          1775,             1,  -58.5469E-03,   411.234E-03,            0.,"ASSEMBLY_PLATE-1__PICKEDSET2","ROCK","",  -920.647E-03,      -1.50456,      -1.50427,  -920.936E-03,  -12.9998E-03
F:/Desktop/DeepOnet_Abaqus/StaticElasticJob3.odb,Step-1,Increment      1: Step Time =    1.000,"PLATE-1",          1776,             1,   11.0903E-03,  -474.029E-03,            0.,"ASSEMBLY_PLATE-1__PICKEDSET2","ROCK","",  -807.659E-03,      -1.46485,      -1.46485,  -807.660E-03,  -797.766E-06
F:/Desktop/DeepOnet_Abaqus/StaticElasticJob3.odb,Step-1,Increment      1: Step Time =    1.000,"PLATE-1",          1777,             1,   35.7578E-03,   420.857E-03,            0.,"ASSEMBLY_PLATE-1__PICKEDSET2","ROCK","",  -952.109E-03,      -1.50342,      -1.49897,  -956.558E-03,   49.3272E-03
F:/Desktop/DeepOnet_Abaqus/StaticElasticJob3.odb,Step-1,Increment      1: Step Time =    1.000,"PLATE-1",          1778,             1,  -18.4663E-03,  -481.919E-03,            0.,"ASSEMBLY_PLATE-1__PICKEDSET2","ROCK","",  -815.817E-03,      -1.45858,      -1.45742,  -816.974E-03,   27.2432E-03
F:/Desktop/DeepOnet_Abaqus/StaticElasticJob3.odb,Step-1,Increment      1: Step Time =    1.000,"PLATE-1",          1779,             1,  -380.328E-03,  -396.279E-03,            0.,"ASSEMBLY_PLATE-1__PICKEDSET2","ROCK","",  -947.051E-03,      -1.33189,      -1.27129,      -1.00765,   140.175E-03
F:/Desktop/DeepOnet_Abaqus/StaticElasticJob3.odb,Step-1,Increment      1: Step Time =    1.000,"PLATE-1",          1780,             1,   105.628E-03,  -427.934E-03,            0.,"ASSEMBLY_PLATE-1__PICKEDSET2","ROCK","",  -791.969E-03,      -1.48342,      -1.46392,  -811.478E-03,  -114.493E-03
F:/Desktop/DeepOnet_Abaqus/StaticElasticJob3.odb,Step-1,Increment      1: Step Time =    1.000,"PLATE-1",          1781,             1,  -132.634E-03,  -415.834E-03,            0.,"ASSEMBLY_PLATE-1__PICKEDSET2","ROCK","",  -811.264E-03,      -1.48508,      -1.44558,  -850.766E-03,   158.294E-03
F:/Desktop/DeepOnet_Abaqus/StaticElasticJob3.odb,Step-1,Increment      1: Step Time =    1.000,"PLATE-1",          1782,             1,   275.675E-03,  -443.887E-03,            0.,"ASSEMBLY_PLATE-1__PICKEDSET2","ROCK","",  -901.667E-03,      -1.36778,      -1.32895,  -940.490E-03,  -128.796E-03
F:/Desktop/DeepOnet_Abaqus/StaticElasticJob3.odb,Step-1,Increment      1: Step Time =    1.000,"PLATE-1",          1783,             1,  -526.100E-03,   122.695E-03,            0.,"ASSEMBLY_PLATE-1__PICKEDSET2","ROCK","",  -974.011E-03,      -1.17943,      -1.02764,      -1.12581,  -90.2210E-03
F:/Desktop/DeepOnet_Abaqus/StaticElasticJob3.odb,Step-1,Increment      1: Step Time =    1.000,"PLATE-1",          1784,             1,   497.102E-03,  -124.902E-03,            0.,"ASSEMBLY_PLATE-1__PICKEDSET2","ROCK","",  -966.204E-03,      -1.18230,      -1.05412,      -1.09438,  -106.157E-03
F:/Desktop/DeepOnet_Abaqus/StaticElasticJob3.odb,Step-1,Increment      1: Step Time =    1.000,"PLATE-1",          1785,             1,  -132.580E-03,  -497.724E-03,            0.,"ASSEMBLY_PLATE-1__PICKEDSET2","ROCK","",  -864.325E-03,      -1.41835,      -1.40100,  -881.672E-03,   96.4875E-03
F:/Desktop/DeepOnet_Abaqus/StaticElasticJob3.odb,Step-1,Increment      1: Step Time =    1.000,"PLATE-1",          1786,             1,  -39.1575E-03,   568.605E-03,            0.,"ASSEMBLY_PLATE-1__PICKEDSET2","ROCK","",  -994.230E-03,      -1.33626,      -1.33617,  -994.330E-03,   5.83320E-03
F:/Desktop/DeepOnet_Abaqus/StaticElasticJob3.odb,Step-1,Increment      1: Step Time =    1.000,"PLATE-1",          1787,             1,  -18.1545E-03,   592.406E-03,            0.,"ASSEMBLY_PLATE-1__PICKEDSET2","ROCK","",  -993.928E-03,      -1.32453,      -1.32440,  -994.059E-03,  -6.57595E-03
F:/Desktop/DeepOnet_Abaqus/StaticElasticJob3.odb,Step-1,Increment      1: Step Time =    1.000,"PLATE-1",          1788,             1,   457.479E-03,  -265.638E-03,            0.,"ASSEMBLY_PLATE-1__PICKEDSET2","ROCK","",  -937.047E-03,      -1.27158,      -1.18047,      -1.02816,  -148.921E-03
F:/Desktop/DeepOnet_Abaqus/StaticElasticJob3.odb,Step-1,Increment      1: Step Time =    1.000,"PLATE-1",          1789,             1,  -635.429E-03,   193.652E-03,            0.,"ASSEMBLY_PLATE-1__PICKEDSET2","ROCK","",      -1.01453,      -1.17401,      -1.11064,      -1.07791,  -78.0438E-03
F:/Desktop/DeepOnet_Abaqus/StaticElasticJob3.odb,Step-1,Increment      1: Step Time =    1.000,"PLATE-1",          1790,             1,  -371.664E-03,   295.137E-03,            0.,"ASSEMBLY_PLATE-1__PICKEDSET2","ROCK","",  -855.363E-03,      -1.33600,      -1.20643,  -984.942E-03,  -213.285E-03
F:/Desktop/DeepOnet_Abaqus/StaticElasticJob3.odb,Step-1,Increment      1: Step Time =    1.000,"PLATE-1",          1791,             1,   9.29329E-03,   757.222E-03,            0.,"ASSEMBLY_PLATE-1__PICKEDSET2","ROCK","",  -993.366E-03,      -1.27448,      -1.27139,  -996.455E-03,  -29.3083E-03
F:/Desktop/DeepOnet_Abaqus/StaticElasticJob3.odb,Step-1,Increment      1: Step Time =    1.000,"PLATE-1",          1792,             1,   607.890E-03,   136.326E-03,            0.,"ASSEMBLY_PLATE-1__PICKEDSET2","ROCK","",      -1.01807,      -1.09601,      -1.09487,      -1.01921,   9.34708E-03
F:/Desktop/DeepOnet_Abaqus/StaticElasticJob3.odb,Step-1,Increment      1: Step Time =    1.000,"PLATE-1",          1793,             1,   553.446E-03,   152.823E-03,            0.,"ASSEMBLY_PLATE-1__PICKEDSET2","ROCK","",  -980.560E-03,      -1.11986,      -1.11390,  -986.521E-03,   28.1924E-03
F:/Desktop/DeepOnet_Abaqus/StaticElasticJob3.odb,Step-1,Increment      1: Step Time =    1.000,"PLATE-1",          1794,             1,   656.832E-03,   103.001E-03,            0.,"ASSEMBLY_PLATE-1__PICKEDSET2","ROCK","",      -1.03051,      -1.09621,      -1.09344,      -1.03328,  -13.1959E-03
F:/Desktop/DeepOnet_Abaqus/StaticElasticJob3.odb,Step-1,Increment      1: Step Time =    1.000,"PLATE-1",          1795,             1,  -592.108E-03,   6.36611E-03,            0.,"ASSEMBLY_PLATE-1__PICKEDSET2","ROCK","",      -1.04019,      -1.13401,      -1.04055,      -1.13365,   5.78472E-03
F:/Desktop/DeepOnet_Abaqus/StaticElasticJob3.odb,Step-1,Increment      1: Step Time =    1.000,"PLATE-1",          1796,             1,   571.854E-03,   8.81203E-03,            0.,"ASSEMBLY_PLATE-1__PICKEDSET2","ROCK","",      -1.04419,      -1.07723,      -1.05712,      -1.06430,  -16.1244E-03
F:/Desktop/DeepOnet_Abaqus/StaticElasticJob3.odb,Step-1,Increment      1: Step Time =    1.000,"PLATE-1",          1797,             1,   744.428E-03,   783.069E-03,            0.,"ASSEMBLY_PLATE-1__PICKEDSET2","ROCK","",  -998.187E-03,      -1.26595,      -1.24787,      -1.01627,   67.1966E-03
F:/Desktop/DeepOnet_Abaqus/StaticElasticJob3.odb,Step-1,Increment      1: Step Time =    1.000,"PLATE-1",          1798,             1,  -337.682E-03,  -414.105E-03,            0.,"ASSEMBLY_PLATE-1__PICKEDSET2","ROCK","",  -940.186E-03,      -1.34578,      -1.28970,  -996.266E-03,   140.003E-03
F:/Desktop/DeepOnet_Abaqus/StaticElasticJob3.odb,Step-1,Increment      1: Step Time =    1.000,"PLATE-1",          1799,             1,   361.266E-03,  -501.773E-03,            0.,"ASSEMBLY_PLATE-1__PICKEDSET2","ROCK","",  -933.380E-03,      -1.31792,      -1.29225,  -959.057E-03,  -95.9923E-03
F:/Desktop/DeepOnet_Abaqus/StaticElasticJob3.odb,Step-1,Increment      1: Step Time =    1.000,"PLATE-1",          1800,             1,   6.09916E-03,   469.185E-03,            0.,"ASSEMBLY_PLATE-1__PICKEDSET2","ROCK","",  -968.440E-03,      -1.42478,      -1.42280,  -970.418E-03,   29.9801E-03
F:/Desktop/DeepOnet_Abaqus/StaticElasticJob3.odb,Step-1,Increment      1: Step Time =    1.000,"PLATE-1",          1801,             1,  -285.835E-03,   362.168E-03,            0.,"ASSEMBLY_PLATE-1__PICKEDSET2","ROCK","",  -855.795E-03,      -1.39557,      -1.33439,  -916.981E-03,  -171.124E-03
F:/Desktop/DeepOnet_Abaqus/StaticElasticJob3.odb,Step-1,Increment      1: Step Time =    1.000,"PLATE-1",          1802,             1,  -105.536E-03,   577.940E-03,            0.,"ASSEMBLY_PLATE-1__PICKEDSET2","ROCK","",  -971.358E-03,      -1.34121,      -1.34101,  -971.561E-03,  -8.65491E-03
F:/Desktop/DeepOnet_Abaqus/StaticElasticJob3.odb,Step-1,Increment      1: Step Time =    1.000,"PLATE-1",          1803,             1,  -492.341E-03,  -393.466E-03,            0.,"ASSEMBLY_PLATE-1__PICKEDSET2","ROCK","",  -973.401E-03,      -1.27969,      -1.23268,      -1.02041,   110.400E-03
F:/Desktop/DeepOnet_Abaqus/StaticElasticJob3.odb,Step-1,Increment      1: Step Time =    1.000,"PLATE-1",          1804,             1,   497.823E-03,  -35.5493E-03,            0.,"ASSEMBLY_PLATE-1__PICKEDSET2","ROCK","",  -985.730E-03,      -1.12632,  -997.536E-03,      -1.11452,  -38.9931E-03
F:/Desktop/DeepOnet_Abaqus/StaticElasticJob3.odb,Step-1,Increment      1: Step Time =    1.000,"PLATE-1",          1805,             1,  -37.2161E-03,   498.077E-03,            0.,"ASSEMBLY_PLATE-1__PICKEDSET2","ROCK","",  -964.224E-03,      -1.40189,      -1.40174,  -964.373E-03,   8.07475E-03
F:/Desktop/DeepOnet_Abaqus/StaticElasticJob3.odb,Step-1,Increment      1: Step Time =    1.000,"PLATE-1",          1806,             1,  -433.448E-03,  -386.399E-03,            0.,"ASSEMBLY_PLATE-1__PICKEDSET2","ROCK","",  -960.481E-03,      -1.30553,      -1.24895,      -1.01706,   127.753E-03
F:/Desktop/DeepOnet_Abaqus/StaticElasticJob3.odb,Step-1,Increment      1: Step Time =    1.000,"PLATE-1",          1807,             1,  -486.955E-03,  -462.531E-03,            0.,"ASSEMBLY_PLATE-1__PICKEDSET2","ROCK","",  -973.344E-03,      -1.28404,      -1.25138,      -1.00600,   95.2924E-03
F:/Desktop/DeepOnet_Abaqus/StaticElasticJob3.odb,Step-1,Increment      1: Step Time =    1.000,"PLATE-1",          1808,             1,   346.906E-03,  -356.843E-03,            0.,"ASSEMBLY_PLATE-1__PICKEDSET2","ROCK","",  -913.340E-03,      -1.34838,      -1.27683,  -984.888E-03,  -161.267E-03
F:/Desktop/DeepOnet_Abaqus/StaticElasticJob3.odb,Step-1,Increment      1: Step Time =    1.000,"PLATE-1",          1809,             1,   373.818E-03,  -288.306E-03,            0.,"ASSEMBLY_PLATE-1__PICKEDSET2","ROCK","",  -910.184E-03,      -1.33126,      -1.22541,      -1.01603,  -182.665E-03
F:/Desktop/DeepOnet_Abaqus/StaticElasticJob3.odb,Step-1,Increment      1: Step Time =    1.000,"PLATE-1",          1810,             1,  -279.914E-03,  -481.374E-03,            0.,"ASSEMBLY_PLATE-1__PICKEDSET2","ROCK","",  -927.000E-03,      -1.35857,      -1.31940,  -966.166E-03,   123.971E-03
F:/Desktop/DeepOnet_Abaqus/StaticElasticJob3.odb,Step-1,Increment      1: Step Time =    1.000,"PLATE-1",          1811,             1,  -216.882E-03,  -414.155E-03,            0.,"ASSEMBLY_PLATE-1__PICKEDSET2","ROCK","",  -879.499E-03,      -1.42542,      -1.36408,  -940.844E-03,   172.413E-03
F:/Desktop/DeepOnet_Abaqus/StaticElasticJob3.odb,Step-1,Increment      1: Step Time =    1.000,"PLATE-1",          1812,             1,  -41.5434E-03,   641.604E-03,            0.,"ASSEMBLY_PLATE-1__PICKEDSET2","ROCK","",  -996.669E-03,      -1.30411,      -1.30329,  -997.486E-03,  -15.8352E-03
F:/Desktop/DeepOnet_Abaqus/StaticElasticJob3.odb,Step-1,Increment      1: Step Time =    1.000,"PLATE-1",          1813,             1,  -476.680E-03,   229.202E-03,            0.,"ASSEMBLY_PLATE-1__PICKEDSET2","ROCK","",  -915.686E-03,      -1.24717,      -1.09450,      -1.06836,  -165.227E-03
F:/Desktop/DeepOnet_Abaqus/StaticElasticJob3.odb,Step-1,Increment      1: Step Time =    1.000,"PLATE-1",          1814,             1,   764.186E-03,   173.088E-03,            0.,"ASSEMBLY_PLATE-1__PICKEDSET2","ROCK","",      -1.06562,      -1.10300,      -1.10085,      -1.06778,  -8.71649E-03
F:/Desktop/DeepOnet_Abaqus/StaticElasticJob3.odb,Step-1,Increment      1: Step Time =    1.000,"PLATE-1",          1815,             1,   701.664E-03,   143.931E-03,            0.,"ASSEMBLY_PLATE-1__PICKEDSET2","ROCK","",      -1.04437,      -1.10543,      -1.09840,      -1.05140,  -19.4946E-03
F:/Desktop/DeepOnet_Abaqus/StaticElasticJob3.odb,Step-1,Increment      1: Step Time =    1.000,"PLATE-1",          1816,             1,  -658.270E-03,   22.1685E-03,            0.,"ASSEMBLY_PLATE-1__PICKEDSET2","ROCK","",      -1.07501,      -1.11101,      -1.07506,      -1.11096,  -1.36042E-03
F:/Desktop/DeepOnet_Abaqus/StaticElasticJob3.odb,Step-1,Increment      1: Step Time =    1.000,"PLATE-1",          1817,             1,  -623.278E-03,  -122.370E-03,            0.,"ASSEMBLY_PLATE-1__PICKEDSET2","ROCK","",      -1.03288,      -1.16501,      -1.09828,      -1.09961,   66.0627E-03
F:/Desktop/DeepOnet_Abaqus/StaticElasticJob3.odb,Step-1,Increment      1: Step Time =    1.000,"PLATE-1",          1818,             1,  -559.409E-03,   159.676E-03,            0.,"ASSEMBLY_PLATE-1__PICKEDSET2","ROCK","",  -989.473E-03,      -1.18149,      -1.06925,      -1.10172,  -94.6268E-03
F:/Desktop/DeepOnet_Abaqus/StaticElasticJob3.odb,Step-1,Increment      1: Step Time =    1.000,"PLATE-1",          1819,             1,   833.071E-03,   186.302E-03,            0.,"ASSEMBLY_PLATE-1__PICKEDSET2","ROCK","",      -1.06774,      -1.11478,      -1.11471,      -1.06781,   1.79260E-03
F:/Desktop/DeepOnet_Abaqus/StaticElasticJob3.odb,Step-1,Increment      1: Step Time =    1.000,"PLATE-1",          1820,             1,   299.010E-03,  -489.003E-03,            0.,"ASSEMBLY_PLATE-1__PICKEDSET2","ROCK","",  -918.595E-03,      -1.34144,      -1.31269,  -947.341E-03,  -106.436E-03
F:/Desktop/DeepOnet_Abaqus/StaticElasticJob3.odb,Step-1,Increment      1: Step Time =    1.000,"PLATE-1",          1821,             1,   152.450E-03,  -422.334E-03,            0.,"ASSEMBLY_PLATE-1__PICKEDSET2","ROCK","",  -823.588E-03,      -1.45572,      -1.42206,  -857.253E-03,  -141.941E-03
F:/Desktop/DeepOnet_Abaqus/StaticElasticJob3.odb,Step-1,Increment      1: Step Time =    1.000,"PLATE-1",          1822,             1,   377.565E-03,  -460.508E-03,            0.,"ASSEMBLY_PLATE-1__PICKEDSET2","ROCK","",  -932.449E-03,      -1.31795,      -1.28484,  -965.554E-03,  -108.010E-03
F:/Desktop/DeepOnet_Abaqus/StaticElasticJob3.odb,Step-1,Increment      1: Step Time =    1.000,"PLATE-1",          1823,             1,  -406.390E-03,   379.285E-03,            0.,"ASSEMBLY_PLATE-1__PICKEDSET2","ROCK","",  -901.522E-03,      -1.31667,      -1.24949,  -968.706E-03,  -152.897E-03
F:/Desktop/DeepOnet_Abaqus/StaticElasticJob3.odb,Step-1,Increment      1: Step Time =    1.000,"PLATE-1",          1824,             1,  -345.303E-03,   378.211E-03,            0.,"ASSEMBLY_PLATE-1__PICKEDSET2","ROCK","",  -882.961E-03,      -1.34864,      -1.28595,  -945.645E-03,  -158.937E-03
F:/Desktop/DeepOnet_Abaqus/StaticElasticJob3.odb,Step-1,Increment      1: Step Time =    1.000,"PLATE-1",          1825,             1,  -128.374E-03,   522.569E-03,            0.,"ASSEMBLY_PLATE-1__PICKEDSET2","ROCK","",  -958.883E-03,      -1.37353,      -1.37190,  -960.509E-03,  -25.9166E-03
F:/Desktop/DeepOnet_Abaqus/StaticElasticJob3.odb,Step-1,Increment      1: Step Time =    1.000,"PLATE-1",          1826,             1,  -53.8598E-03,  -468.917E-03,            0.,"ASSEMBLY_PLATE-1__PICKEDSET2","ROCK","",  -813.668E-03,      -1.46502,      -1.45857,  -820.120E-03,   64.5039E-03
F:/Desktop/DeepOnet_Abaqus/StaticElasticJob3.odb,Step-1,Increment      1: Step Time =    1.000,"PLATE-1",          1827,             1,   460.540E-03,  -323.347E-03,            0.,"ASSEMBLY_PLATE-1__PICKEDSET2","ROCK","",  -941.092E-03,      -1.28178,      -1.21561,      -1.00726,  -134.773E-03
F:/Desktop/DeepOnet_Abaqus/StaticElasticJob3.odb,Step-1,Increment      1: Step Time =    1.000,"PLATE-1",          1828,             1,  -254.940E-03,  -533.656E-03,            0.,"ASSEMBLY_PLATE-1__PICKEDSET2","ROCK","",  -927.781E-03,      -1.35118,      -1.32583,  -953.131E-03,   100.451E-03
F:/Desktop/DeepOnet_Abaqus/StaticElasticJob3.odb,Step-1,Increment      1: Step Time =    1.000,"PLATE-1",          1829,             1,   585.566E-03,   71.7882E-03,            0.,"ASSEMBLY_PLATE-1__PICKEDSET2","ROCK","",      -1.04466,      -1.07338,      -1.07275,      -1.04529,   4.19344E-03
F:/Desktop/DeepOnet_Abaqus/StaticElasticJob3.odb,Step-1,Increment      1: Step Time =    1.000,"PLATE-1",          1830,             1,   631.624E-03,  -2.42446E-03,            0.,"ASSEMBLY_PLATE-1__PICKEDSET2","ROCK","",      -1.03399,      -1.10887,      -1.08352,      -1.05935,  -35.4332E-03
F:/Desktop/DeepOnet_Abaqus/StaticElasticJob3.odb,Step-1,Increment      1: Step Time =    1.000,"PLATE-1",          1831,             1,   191.773E-03,   771.586E-03,            0.,"ASSEMBLY_PLATE-1__PICKEDSET2","ROCK","",  -926.448E-03,      -1.29028,      -1.27736,  -939.366E-03,  -67.3297E-03
F:/Desktop/DeepOnet_Abaqus/StaticElasticJob3.odb,Step-1,Increment      1: Step Time =    1.000,"PLATE-1",          1832,             1,  -515.982E-03,   177.723E-03,            0.,"ASSEMBLY_PLATE-1__PICKEDSET2","ROCK","",  -948.270E-03,      -1.20883,      -1.05707,      -1.10003,  -128.496E-03
F:/Desktop/DeepOnet_Abaqus/StaticElasticJob3.odb,Step-1,Increment      1: Step Time =    1.000,"PLATE-1",          1833,             1,  -388.650E-03,  -462.696E-03,            0.,"ASSEMBLY_PLATE-1__PICKEDSET2","ROCK","",  -957.640E-03,      -1.31277,      -1.27505,  -995.356E-03,   109.414E-03
F:/Desktop/DeepOnet_Abaqus/StaticElasticJob3.odb,Step-1,Increment      1: Step Time =    1.000,"PLATE-1",          1834,             1,  -189.018E-03,   357.018E-03,            0.,"ASSEMBLY_PLATE-1__PICKEDSET2","ROCK","",  -824.830E-03,      -1.49798,      -1.45683,  -865.986E-03,  -161.277E-03
F:/Desktop/DeepOnet_Abaqus/StaticElasticJob3.odb,Step-1,Increment      1: Step Time =    1.000,"PLATE-1",          1835,             1,  -409.380E-03,   318.944E-03,            0.,"ASSEMBLY_PLATE-1__PICKEDSET2","ROCK","",  -889.915E-03,      -1.30856,      -1.20834,  -990.135E-03,  -178.641E-03
F:/Desktop/DeepOnet_Abaqus/StaticElasticJob3.odb,Step-1,Increment      1: Step Time =    1.000,"PLATE-1",          1836,             1,  -426.863E-03,   276.759E-03,            0.,"ASSEMBLY_PLATE-1__PICKEDSET2","ROCK","",  -886.164E-03,      -1.29322,      -1.16013,      -1.01925,  -190.947E-03
F:/Desktop/DeepOnet_Abaqus/StaticElasticJob3.odb,Step-1,Increment      1: Step Time =    1.000,"PLATE-1",          1837,             1,  -483.937E-03,   286.146E-03,            0.,"ASSEMBLY_PLATE-1__PICKEDSET2","ROCK","",  -926.061E-03,      -1.25903,      -1.15206,      -1.03304,  -155.486E-03
F:/Desktop/DeepOnet_Abaqus/StaticElasticJob3.odb,Step-1,Increment      1: Step Time =    1.000,"PLATE-1",          1838,             1,  -70.9236E-03,   456.333E-03,            0.,"ASSEMBLY_PLATE-1__PICKEDSET2","ROCK","",  -943.631E-03,      -1.44261,      -1.44221,  -944.032E-03,  -14.1299E-03
F:/Desktop/DeepOnet_Abaqus/StaticElasticJob3.odb,Step-1,Increment      1: Step Time =    1.000,"PLATE-1",          1839,             1,  -606.872E-03,   140.449E-03,            0.,"ASSEMBLY_PLATE-1__PICKEDSET2","ROCK","",      -1.01735,      -1.15792,      -1.07404,      -1.10123,  -68.9577E-03
F:/Desktop/DeepOnet_Abaqus/StaticElasticJob3.odb,Step-1,Increment      1: Step Time =    1.000,"PLATE-1",          1840,             1,   552.388E-03,  -120.155E-03,            0.,"ASSEMBLY_PLATE-1__PICKEDSET2","ROCK","",  -988.516E-03,      -1.16261,      -1.07366,      -1.07746,  -87.0242E-03
F:/Desktop/DeepOnet_Abaqus/StaticElasticJob3.odb,Step-1,Increment      1: Step Time =    1.000,"PLATE-1",          1841,             1,   518.571E-03,  -315.348E-03,            0.,"ASSEMBLY_PLATE-1__PICKEDSET2","ROCK","",  -953.033E-03,      -1.25982,      -1.20115,      -1.01170,  -120.652E-03
F:/Desktop/DeepOnet_Abaqus/StaticElasticJob3.odb,Step-1,Increment      1: Step Time =    1.000,"PLATE-1",          1842,             1,   560.507E-03,  -56.3374E-03,            0.,"ASSEMBLY_PLATE-1__PICKEDSET2","ROCK","",      -1.01588,      -1.12334,      -1.05951,      -1.07971,  -52.7709E-03
F:/Desktop/DeepOnet_Abaqus/StaticElasticJob3.odb,Step-1,Increment      1: Step Time =    1.000,"PLATE-1",          1843,             1,   489.746E-03,  -445.118E-03,            0.,"ASSEMBLY_PLATE-1__PICKEDSET2","ROCK","",  -951.224E-03,      -1.28168,      -1.24966,  -983.238E-03,  -97.7453E-03
F:/Desktop/DeepOnet_Abaqus/StaticElasticJob3.odb,Step-1,Increment      1: Step Time =    1.000,"PLATE-1",          1844,             1,   43.0877E-03,   801.251E-03,            0.,"ASSEMBLY_PLATE-1__PICKEDSET2","ROCK","",  -975.850E-03,      -1.27430,      -1.27019,  -979.962E-03,  -34.7909E-03
F:/Desktop/DeepOnet_Abaqus/StaticElasticJob3.odb,Step-1,Increment      1: Step Time =    1.000,"PLATE-1",          1845,             1,  -539.978E-03,  -209.758E-03,            0.,"ASSEMBLY_PLATE-1__PICKEDSET2","ROCK","",  -988.796E-03,      -1.22204,      -1.12493,      -1.08590,   114.976E-03
F:/Desktop/DeepOnet_Abaqus/StaticElasticJob3.odb,Step-1,Increment      1: Step Time =    1.000,"PLATE-1",          1846,             1,  -579.490E-03,  -282.679E-03,            0.,"ASSEMBLY_PLATE-1__PICKEDSET2","ROCK","",  -994.289E-03,      -1.23309,      -1.17395,      -1.05342,   103.074E-03
F:/Desktop/DeepOnet_Abaqus/StaticElasticJob3.odb,Step-1,Increment      1: Step Time =    1.000,"PLATE-1",          1847,             1,  -543.819E-03,   280.356E-03,            0.,"ASSEMBLY_PLATE-1__PICKEDSET2","ROCK","",  -958.455E-03,      -1.22909,      -1.14193,      -1.04561,  -126.455E-03
F:/Desktop/DeepOnet_Abaqus/StaticElasticJob3.odb,Step-1,Increment      1: Step Time =    1.000,"PLATE-1",          1848,             1,  -597.845E-03,   91.1585E-03,            0.,"ASSEMBLY_PLATE-1__PICKEDSET2","ROCK","",      -1.02479,      -1.14577,      -1.05141,      -1.11915,  -50.1130E-03
F:/Desktop/DeepOnet_Abaqus/StaticElasticJob3.odb,Step-1,Increment      1: Step Time =    1.000,"PLATE-1",          1849,             1,  -594.076E-03,  -227.859E-03,            0.,"ASSEMBLY_PLATE-1__PICKEDSET2","ROCK","",      -1.00141,      -1.21953,      -1.15013,      -1.07082,   101.593E-03
F:/Desktop/DeepOnet_Abaqus/StaticElasticJob3.odb,Step-1,Increment      1: Step Time =    1.000,"PLATE-1",          1850,             1,  -110.870E-03,   458.396E-03,            0.,"ASSEMBLY_PLATE-1__PICKEDSET2","ROCK","",  -932.786E-03,      -1.43267,      -1.43082,  -934.628E-03,  -30.2894E-03
F:/Desktop/DeepOnet_Abaqus/StaticElasticJob3.odb,Step-1,Increment      1: Step Time =    1.000,"PLATE-1",          1851,             1,   979.307E-03,   504.373E-03,            0.,"ASSEMBLY_PLATE-1__PICKEDSET2","ROCK","",      -1.02842,      -1.22170,      -1.20663,      -1.04349,   51.8180E-03
F:/Desktop/DeepOnet_Abaqus/StaticElasticJob3.odb,Step-1,Increment      1: Step Time =    1.000,"PLATE-1",          1852,             1,       1.02801,   629.597E-03,            0.,"ASSEMBLY_PLATE-1__PICKEDSET2","ROCK","",      -1.01463,      -1.23461,      -1.22515,      -1.02409,   44.6179E-03
F:/Desktop/DeepOnet_Abaqus/StaticElasticJob3.odb,Step-1,Increment      1: Step Time =    1.000,"PLATE-1",          1853,             1,   219.370E-03,   896.114E-03,            0.,"ASSEMBLY_PLATE-1__PICKEDSET2","ROCK","",  -925.829E-03,      -1.29505,      -1.29234,  -928.541E-03,  -31.5293E-03
F:/Desktop/DeepOnet_Abaqus/StaticElasticJob3.odb,Step-1,Increment      1: Step Time =    1.000,"PLATE-1",          1854,             1,       1.01626,   306.539E-03,            0.,"ASSEMBLY_PLATE-1__PICKEDSET2","ROCK","",      -1.05086,      -1.17050,      -1.16131,      -1.06005,   31.8561E-03
F:/Desktop/DeepOnet_Abaqus/StaticElasticJob3.odb,Step-1,Increment      1: Step Time =    1.000,"PLATE-1",          1855,             1,   970.136E-03,   407.065E-03,            0.,"ASSEMBLY_PLATE-1__PICKEDSET2","ROCK","",      -1.04109,      -1.19734,      -1.17882,      -1.05961,   50.5009E-03
F:/Desktop/DeepOnet_Abaqus/StaticElasticJob3.odb,Step-1,Increment      1: Step Time =    1.000,"PLATE-1",          1856,             1,   17.7559E-03,  -536.512E-03,            0.,"ASSEMBLY_PLATE-1__PICKEDSET2","ROCK","",  -855.535E-03,      -1.41540,      -1.41540,  -855.535E-03,  -445.330E-06
F:/Desktop/DeepOnet_Abaqus/StaticElasticJob3.odb,Step-1,Increment      1: Step Time =    1.000,"PLATE-1",          1857,             1,  -271.885E-03,   431.502E-03,            0.,"ASSEMBLY_PLATE-1__PICKEDSET2","ROCK","",  -892.293E-03,      -1.38068,      -1.35202,  -920.956E-03,  -114.793E-03
F:/Desktop/DeepOnet_Abaqus/StaticElasticJob3.odb,Step-1,Increment      1: Step Time =    1.000,"PLATE-1",          1858,             1,  -72.6977E-03,  -575.523E-03,            0.,"ASSEMBLY_PLATE-1__PICKEDSET2","ROCK","",  -889.865E-03,      -1.38225,      -1.37816,  -893.954E-03,   44.6847E-03
F:/Desktop/DeepOnet_Abaqus/StaticElasticJob3.odb,Step-1,Increment      1: Step Time =    1.000,"PLATE-1",          1859,             1,  -24.6305E-03,  -588.440E-03,            0.,"ASSEMBLY_PLATE-1__PICKEDSET2","ROCK","",  -890.647E-03,      -1.37854,      -1.37769,  -891.502E-03,   20.4169E-03
F:/Desktop/DeepOnet_Abaqus/StaticElasticJob3.odb,Step-1,Increment      1: Step Time =    1.000,"PLATE-1",          1860,             1,   536.248E-03,  -370.419E-03,            0.,"ASSEMBLY_PLATE-1__PICKEDSET2","ROCK","",  -957.051E-03,      -1.26187,      -1.21814,      -1.00078,  -106.852E-03
F:/Desktop/DeepOnet_Abaqus/StaticElasticJob3.odb,Step-1,Increment      1: Step Time =    1.000,"PLATE-1",          1861,             1,   565.713E-03,  -292.615E-03,            0.,"ASSEMBLY_PLATE-1__PICKEDSET2","ROCK","",  -965.175E-03,      -1.23650,      -1.18030,      -1.02138,  -109.956E-03
F:/Desktop/DeepOnet_Abaqus/StaticElasticJob3.odb,Step-1,Increment      1: Step Time =    1.000,"PLATE-1",          1862,             1,   81.6055E-03,  -491.909E-03,            0.,"ASSEMBLY_PLATE-1__PICKEDSET2","ROCK","",  -838.469E-03,      -1.43274,      -1.42887,  -842.344E-03,  -47.8343E-03
F:/Desktop/DeepOnet_Abaqus/StaticElasticJob3.odb,Step-1,Increment      1: Step Time =    1.000,"PLATE-1",          1863,             1,  -73.7916E-03,   750.498E-03,            0.,"ASSEMBLY_PLATE-1__PICKEDSET2","ROCK","",  -995.082E-03,      -1.28007,      -1.27858,  -996.568E-03,  -20.5292E-03
F:/Desktop/DeepOnet_Abaqus/StaticElasticJob3.odb,Step-1,Increment      1: Step Time =    1.000,"PLATE-1",          1864,             1,  -122.365E-03,   742.951E-03,            0.,"ASSEMBLY_PLATE-1__PICKEDSET2","ROCK","",  -984.518E-03,      -1.28487,      -1.28325,  -986.134E-03,  -21.9735E-03
F:/Desktop/DeepOnet_Abaqus/StaticElasticJob3.odb,Step-1,Increment      1: Step Time =    1.000,"PLATE-1",          1865,             1,  -614.529E-03,  -358.197E-03,            0.,"ASSEMBLY_PLATE-1__PICKEDSET2","ROCK","",  -995.515E-03,      -1.23879,      -1.19864,      -1.03567,   90.3115E-03
F:/Desktop/DeepOnet_Abaqus/StaticElasticJob3.odb,Step-1,Increment      1: Step Time =    1.000,"PLATE-1",          1866,             1,  -414.258E-03,  -603.951E-03,            0.,"ASSEMBLY_PLATE-1__PICKEDSET2","ROCK","",  -968.093E-03,      -1.29249,      -1.27620,  -984.379E-03,   70.8361E-03
F:/Desktop/DeepOnet_Abaqus/StaticElasticJob3.odb,Step-1,Increment      1: Step Time =    1.000,"PLATE-1",          1867,             1,  -299.832E-03,  -550.354E-03,            0.,"ASSEMBLY_PLATE-1__PICKEDSET2","ROCK","",  -943.019E-03,      -1.33103,      -1.30816,  -965.885E-03,   91.3755E-03
F:/Desktop/DeepOnet_Abaqus/StaticElasticJob3.odb,Step-1,Increment      1: Step Time =    1.000,"PLATE-1",          1868,             1,   697.569E-03,  -66.4871E-03,            0.,"ASSEMBLY_PLATE-1__PICKEDSET2","ROCK","",      -1.02115,      -1.14587,      -1.11296,      -1.05405,  -54.9663E-03
F:/Desktop/DeepOnet_Abaqus/StaticElasticJob3.odb,Step-1,Increment      1: Step Time =    1.000,"PLATE-1",          1869,             1,   733.481E-03,   77.8406E-03,            0.,"ASSEMBLY_PLATE-1__PICKEDSET2","ROCK","",      -1.04936,      -1.11006,      -1.10069,      -1.05872,  -21.9233E-03
F:/Desktop/DeepOnet_Abaqus/StaticElasticJob3.odb,Step-1,Increment      1: Step Time =    1.000,"PLATE-1",          1870,             1,   62.9292E-03,   853.977E-03,            0.,"ASSEMBLY_PLATE-1__PICKEDSET2","ROCK","",  -972.837E-03,      -1.27460,      -1.27038,  -977.064E-03,  -35.4633E-03
F:/Desktop/DeepOnet_Abaqus/StaticElasticJob3.odb,Step-1,Increment      1: Step Time =    1.000,"PLATE-1",          1871,             1,  -346.181E-03,  -547.041E-03,            0.,"ASSEMBLY_PLATE-1__PICKEDSET2","ROCK","",  -954.510E-03,      -1.31505,      -1.29160,  -977.960E-03,   88.9092E-03
F:/Desktop/DeepOnet_Abaqus/StaticElasticJob3.odb,Step-1,Increment      1: Step Time =    1.000,"PLATE-1",          1872,             1,  -61.8286E-03,  -521.603E-03,            0.,"ASSEMBLY_PLATE-1__PICKEDSET2","ROCK","",  -858.314E-03,      -1.41751,      -1.41234,  -863.488E-03,   53.5418E-03
F:/Desktop/DeepOnet_Abaqus/StaticElasticJob3.odb,Step-1,Increment      1: Step Time =    1.000,"PLATE-1",          1873,             1,   854.027E-03,   117.871E-03,            0.,"ASSEMBLY_PLATE-1__PICKEDSET2","ROCK","",      -1.06248,      -1.12253,      -1.12006,      -1.06496,  -11.9383E-03
F:/Desktop/DeepOnet_Abaqus/StaticElasticJob3.odb,Step-1,Increment      1: Step Time =    1.000,"PLATE-1",          1874,             1,  -114.600E-03,   677.356E-03,            0.,"ASSEMBLY_PLATE-1__PICKEDSET2","ROCK","",  -987.184E-03,      -1.30397,      -1.30260,  -988.551E-03,  -20.7652E-03
F:/Desktop/DeepOnet_Abaqus/StaticElasticJob3.odb,Step-1,Increment      1: Step Time =    1.000,"PLATE-1",          1875,             1,       1.03215,   549.966E-03,            0.,"ASSEMBLY_PLATE-1__PICKEDSET2","ROCK","",      -1.02063,      -1.22684,      -1.21514,      -1.03233,   47.7069E-03
F:/Desktop/DeepOnet_Abaqus/StaticElasticJob3.odb,Step-1,Increment      1: Step Time =    1.000,"PLATE-1",          1876,             1,   177.903E-03,   882.692E-03,            0.,"ASSEMBLY_PLATE-1__PICKEDSET2","ROCK","",  -938.284E-03,      -1.28734,      -1.28295,  -942.671E-03,  -38.8831E-03
F:/Desktop/DeepOnet_Abaqus/StaticElasticJob3.odb,Step-1,Increment      1: Step Time =    1.000,"PLATE-1",          1877,             1,   629.151E-03,  -69.6708E-03,            0.,"ASSEMBLY_PLATE-1__PICKEDSET2","ROCK","",      -1.01719,      -1.13692,      -1.09435,      -1.05977,  -57.3139E-03
F:/Desktop/DeepOnet_Abaqus/StaticElasticJob3.odb,Step-1,Increment      1: Step Time =    1.000,"PLATE-1",          1878,             1,   113.248E-03,  -504.939E-03,            0.,"ASSEMBLY_PLATE-1__PICKEDSET2","ROCK","",  -854.828E-03,      -1.41580,      -1.40768,  -862.950E-03,  -67.0099E-03
F:/Desktop/DeepOnet_Abaqus/StaticElasticJob3.odb,Step-1,Increment      1: Step Time =    1.000,"PLATE-1",          1879,             1,   14.0801E-03,  -677.404E-03,            0.,"ASSEMBLY_PLATE-1__PICKEDSET2","ROCK","",  -919.215E-03,      -1.34363,      -1.34360,  -919.247E-03,   3.71480E-03
F:/Desktop/DeepOnet_Abaqus/StaticElasticJob3.odb,Step-1,Increment      1: Step Time =    1.000,"PLATE-1",          1880,             1,  -348.844E-03,   448.078E-03,            0.,"ASSEMBLY_PLATE-1__PICKEDSET2","ROCK","",  -913.224E-03,      -1.33515,      -1.30278,  -945.594E-03,  -112.293E-03
F:/Desktop/DeepOnet_Abaqus/StaticElasticJob3.odb,Step-1,Increment      1: Step Time =    1.000,"PLATE-1",          1881,             1,  -739.379E-03,   131.490E-03,            0.,"ASSEMBLY_PLATE-1__PICKEDSET2","ROCK","",      -1.05786,      -1.14045,      -1.12132,      -1.07699,  -34.8419E-03
F:/Desktop/DeepOnet_Abaqus/StaticElasticJob3.odb,Step-1,Increment      1: Step Time =    1.000,"PLATE-1",          1882,             1,   919.823E-03,   138.471E-03,            0.,"ASSEMBLY_PLATE-1__PICKEDSET2","ROCK","",      -1.06266,      -1.13211,      -1.13202,      -1.06274,  -2.41400E-03
F:/Desktop/DeepOnet_Abaqus/StaticElasticJob3.odb,Step-1,Increment      1: Step Time =    1.000,"PLATE-1",          1883,             1,  -152.367E-03,  -534.445E-03,            0.,"ASSEMBLY_PLATE-1__PICKEDSET2","ROCK","",  -890.455E-03,      -1.38867,      -1.37317,  -905.959E-03,   86.5096E-03
F:/Desktop/DeepOnet_Abaqus/StaticElasticJob3.odb,Step-1,Increment      1: Step Time =    1.000,"PLATE-1",          1884,             1,   194.667E-03,  -502.977E-03,            0.,"ASSEMBLY_PLATE-1__PICKEDSET2","ROCK","",  -885.278E-03,      -1.38494,      -1.36508,  -905.144E-03,  -97.6305E-03
F:/Desktop/DeepOnet_Abaqus/StaticElasticJob3.odb,Step-1,Increment      1: Step Time =    1.000,"PLATE-1",          1885,             1,  -192.443E-03,   637.036E-03,            0.,"ASSEMBLY_PLATE-1__PICKEDSET2","ROCK","",  -971.759E-03,      -1.31432,      -1.31226,  -973.822E-03,  -26.5086E-03
F:/Desktop/DeepOnet_Abaqus/StaticElasticJob3.odb,Step-1,Increment      1: Step Time =    1.000,"PLATE-1",          1886,             1,  -693.895E-03,  -68.7828E-03,            0.,"ASSEMBLY_PLATE-1__PICKEDSET2","ROCK","",      -1.06370,      -1.13445,      -1.10515,      -1.09300,   34.8491E-03
F:/Desktop/DeepOnet_Abaqus/StaticElasticJob3.odb,Step-1,Increment      1: Step Time =    1.000,"PLATE-1",          1887,             1,  -725.130E-03,   62.6469E-03,            0.,"ASSEMBLY_PLATE-1__PICKEDSET2","ROCK","",      -1.07859,      -1.11688,      -1.10690,      -1.08858,  -16.8118E-03
F:/Desktop/DeepOnet_Abaqus/StaticElasticJob3.odb,Step-1,Increment      1: Step Time =    1.000,"PLATE-1",          1888,             1,  -455.101E-03,  -510.854E-03,            0.,"ASSEMBLY_PLATE-1__PICKEDSET2","ROCK","",  -971.034E-03,      -1.28891,      -1.26253,  -997.409E-03,   87.6835E-03
F:/Desktop/DeepOnet_Abaqus/StaticElasticJob3.odb,Step-1,Increment      1: Step Time =    1.000,"PLATE-1",          1889,             1,  -616.796E-03,  -476.720E-03,            0.,"ASSEMBLY_PLATE-1__PICKEDSET2","ROCK","",  -990.590E-03,      -1.25258,      -1.22910,      -1.01407,   74.8344E-03
F:/Desktop/DeepOnet_Abaqus/StaticElasticJob3.odb,Step-1,Increment      1: Step Time =    1.000,"PLATE-1",          1890,             1,  -440.079E-03,   355.985E-03,            0.,"ASSEMBLY_PLATE-1__PICKEDSET2","ROCK","",  -911.449E-03,      -1.29664,      -1.21982,  -988.268E-03,  -153.911E-03
F:/Desktop/DeepOnet_Abaqus/StaticElasticJob3.odb,Step-1,Increment      1: Step Time =    1.000,"PLATE-1",          1891,             1,       1.11898,   417.798E-03,            0.,"ASSEMBLY_PLATE-1__PICKEDSET2","ROCK","",      -1.03267,      -1.20085,      -1.19199,      -1.04154,   37.5780E-03
F:/Desktop/DeepOnet_Abaqus/StaticElasticJob3.odb,Step-1,Increment      1: Step Time =    1.000,"PLATE-1",          1892,             1,  -718.936E-03,  -192.172E-03,            0.,"ASSEMBLY_PLATE-1__PICKEDSET2","ROCK","",      -1.03534,      -1.17905,      -1.14745,      -1.06693,   59.5165E-03
F:/Desktop/DeepOnet_Abaqus/StaticElasticJob3.odb,Step-1,Increment      1: Step Time =    1.000,"PLATE-1",          1893,             1,  -50.1876E-03,   792.581E-03,            0.,"ASSEMBLY_PLATE-1__PICKEDSET2","ROCK","",  -984.938E-03,      -1.27586,      -1.27407,  -986.729E-03,  -22.7550E-03
F:/Desktop/DeepOnet_Abaqus/StaticElasticJob3.odb,Step-1,Increment      1: Step Time =    1.000,"PLATE-1",          1894,             1,   256.773E-03,       1.07384,            0.,"ASSEMBLY_PLATE-1__PICKEDSET2","ROCK","",  -944.159E-03,      -1.28409,      -1.28383,  -944.412E-03,  -9.27797E-03
F:/Desktop/DeepOnet_Abaqus/StaticElasticJob3.odb,Step-1,Increment      1: Step Time =    1.000,"PLATE-1",          1895,             1,  -641.343E-03,   114.228E-03,            0.,"ASSEMBLY_PLATE-1__PICKEDSET2","ROCK","",      -1.04731,      -1.13674,      -1.08589,      -1.09816,  -44.2903E-03
F:/Desktop/DeepOnet_Abaqus/StaticElasticJob3.odb,Step-1,Increment      1: Step Time =    1.000,"PLATE-1",          1896,             1,  -178.608E-03,   514.795E-03,            0.,"ASSEMBLY_PLATE-1__PICKEDSET2","ROCK","",  -942.960E-03,      -1.37108,      -1.36693,  -947.110E-03,  -41.9435E-03
F:/Desktop/DeepOnet_Abaqus/StaticElasticJob3.odb,Step-1,Increment      1: Step Time =    1.000,"PLATE-1",          1897,             1,   133.820E-03,  -564.779E-03,            0.,"ASSEMBLY_PLATE-1__PICKEDSET2","ROCK","",  -889.587E-03,      -1.37676,      -1.37052,  -895.826E-03,  -54.7766E-03
F:/Desktop/DeepOnet_Abaqus/StaticElasticJob3.odb,Step-1,Increment      1: Step Time =    1.000,"PLATE-1",          1898,             1,  -494.534E-03,   351.541E-03,            0.,"ASSEMBLY_PLATE-1__PICKEDSET2","ROCK","",  -935.403E-03,      -1.26856,      -1.19846,      -1.00550,  -135.794E-03
F:/Desktop/DeepOnet_Abaqus/StaticElasticJob3.odb,Step-1,Increment      1: Step Time =    1.000,"PLATE-1",          1899,             1,   441.080E-03,  -520.458E-03,            0.,"ASSEMBLY_PLATE-1__PICKEDSET2","ROCK","",  -947.368E-03,      -1.29456,      -1.27236,  -969.570E-03,  -84.9450E-03
F:/Desktop/DeepOnet_Abaqus/StaticElasticJob3.odb,Step-1,Increment      1: Step Time =    1.000,"PLATE-1",          1900,             1,  -482.171E-03,  -577.066E-03,            0.,"ASSEMBLY_PLATE-1__PICKEDSET2","ROCK","",  -974.949E-03,      -1.28168,      -1.26324,  -993.388E-03,   72.9098E-03
F:/Desktop/DeepOnet_Abaqus/StaticElasticJob3.odb,Step-1,Increment      1: Step Time =    1.000,"PLATE-1",          1901,             1,   615.770E-03,  -141.765E-03,            0.,"ASSEMBLY_PLATE-1__PICKEDSET2","ROCK","",  -998.427E-03,      -1.17050,      -1.11379,      -1.05514,  -80.8858E-03
F:/Desktop/DeepOnet_Abaqus/StaticElasticJob3.odb,Step-1,Increment      1: Step Time =    1.000,"PLATE-1",          1902,             1,   580.719E-03,  -198.930E-03,            0.,"ASSEMBLY_PLATE-1__PICKEDSET2","ROCK","",  -976.488E-03,      -1.20579,      -1.13678,      -1.04550,  -105.173E-03
F:/Desktop/DeepOnet_Abaqus/StaticElasticJob3.odb,Step-1,Increment      1: Step Time =    1.000,"PLATE-1",          1903,             1,   529.039E-03,  -213.716E-03,            0.,"ASSEMBLY_PLATE-1__PICKEDSET2","ROCK","",  -960.312E-03,      -1.22677,      -1.14227,      -1.04482,  -124.002E-03
F:/Desktop/DeepOnet_Abaqus/StaticElasticJob3.odb,Step-1,Increment      1: Step Time =    1.000,"PLATE-1",          1904,             1,   674.520E-03,  -168.987E-03,            0.,"ASSEMBLY_PLATE-1__PICKEDSET2","ROCK","",      -1.00088,      -1.17870,      -1.13508,      -1.04450,  -76.5089E-03
F:/Desktop/DeepOnet_Abaqus/StaticElasticJob3.odb,Step-1,Increment      1: Step Time =    1.000,"PLATE-1",          1905,             1,  -738.440E-03,  -260.915E-03,            0.,"ASSEMBLY_PLATE-1__PICKEDSET2","ROCK","",      -1.02382,      -1.19718,      -1.16929,      -1.05171,   63.7001E-03
F:/Desktop/DeepOnet_Abaqus/StaticElasticJob3.odb,Step-1,Increment      1: Step Time =    1.000,"PLATE-1",          1906,             1,  -744.998E-03,  -330.744E-03,            0.,"ASSEMBLY_PLATE-1__PICKEDSET2","ROCK","",      -1.01452,      -1.21333,      -1.18966,      -1.03819,   64.3849E-03
F:/Desktop/DeepOnet_Abaqus/StaticElasticJob3.odb,Step-1,Increment      1: Step Time =    1.000,"PLATE-1",          1907,             1,  -612.019E-03,  -411.500E-03,            0.,"ASSEMBLY_PLATE-1__PICKEDSET2","ROCK","",  -993.300E-03,      -1.24648,      -1.21635,      -1.02343,   81.9807E-03
F:/Desktop/DeepOnet_Abaqus/StaticElasticJob3.odb,Step-1,Increment      1: Step Time =    1.000,"PLATE-1",          1908,             1,  -692.630E-03,  -23.1550E-03,            0.,"ASSEMBLY_PLATE-1__PICKEDSET2","ROCK","",      -1.08037,      -1.11469,      -1.09667,      -1.09839,   17.1368E-03
F:/Desktop/DeepOnet_Abaqus/StaticElasticJob3.odb,Step-1,Increment      1: Step Time =    1.000,"PLATE-1",          1909,             1,  -700.419E-03,   102.198E-03,            0.,"ASSEMBLY_PLATE-1__PICKEDSET2","ROCK","",      -1.06124,      -1.12890,      -1.10115,      -1.08898,  -33.2753E-03
F:/Desktop/DeepOnet_Abaqus/StaticElasticJob3.odb,Step-1,Increment      1: Step Time =    1.000,"PLATE-1",          1910,             1,  -662.847E-03,   77.7331E-03,            0.,"ASSEMBLY_PLATE-1__PICKEDSET2","ROCK","",      -1.06009,      -1.12582,      -1.08489,      -1.10103,  -31.8557E-03
F:/Desktop/DeepOnet_Abaqus/StaticElasticJob3.odb,Step-1,Increment      1: Step Time =    1.000,"PLATE-1",          1911,             1,  -232.598E-03,  -596.691E-03,            0.,"ASSEMBLY_PLATE-1__PICKEDSET2","ROCK","",  -932.634E-03,      -1.33932,      -1.32502,  -946.939E-03,   74.9205E-03
F:/Desktop/DeepOnet_Abaqus/StaticElasticJob3.odb,Step-1,Increment      1: Step Time =    1.000,"PLATE-1",          1912,             1,  -185.340E-03,  -570.567E-03,            0.,"ASSEMBLY_PLATE-1__PICKEDSET2","ROCK","",  -915.942E-03,      -1.35885,      -1.34487,  -929.923E-03,   77.4372E-03
F:/Desktop/DeepOnet_Abaqus/StaticElasticJob3.odb,Step-1,Increment      1: Step Time =    1.000,"PLATE-1",          1913,             1,   814.874E-03,   28.1194E-03,            0.,"ASSEMBLY_PLATE-1__PICKEDSET2","ROCK","",      -1.04681,      -1.13200,      -1.12075,      -1.05805,  -28.8334E-03
F:/Desktop/DeepOnet_Abaqus/StaticElasticJob3.odb,Step-1,Increment      1: Step Time =    1.000,"PLATE-1",          1914,             1,  -62.4274E-03,   868.653E-03,            0.,"ASSEMBLY_PLATE-1__PICKEDSET2","ROCK","",  -981.609E-03,      -1.27165,      -1.26959,  -983.668E-03,  -24.3481E-03
F:/Desktop/DeepOnet_Abaqus/StaticElasticJob3.odb,Step-1,Increment      1: Step Time =    1.000,"PLATE-1",          1915,             1,  -16.1152E-03,   836.634E-03,            0.,"ASSEMBLY_PLATE-1__PICKEDSET2","ROCK","",  -987.510E-03,      -1.27196,      -1.26917,  -990.301E-03,  -28.0383E-03
F:/Desktop/DeepOnet_Abaqus/StaticElasticJob3.odb,Step-1,Increment      1: Step Time =    1.000,"PLATE-1",          1916,             1,   501.363E-03,  -505.990E-03,            0.,"ASSEMBLY_PLATE-1__PICKEDSET2","ROCK","",  -954.762E-03,      -1.28011,      -1.25685,  -978.023E-03,  -83.8278E-03
F:/Desktop/DeepOnet_Abaqus/StaticElasticJob3.odb,Step-1,Increment      1: Step Time =    1.000,"PLATE-1",          1917,             1,  -87.6887E-03,  -629.837E-03,            0.,"ASSEMBLY_PLATE-1__PICKEDSET2","ROCK","",  -911.915E-03,      -1.35683,      -1.35328,  -915.466E-03,   39.5930E-03
F:/Desktop/DeepOnet_Abaqus/StaticElasticJob3.odb,Step-1,Increment      1: Step Time =    1.000,"PLATE-1",          1918,             1,  -116.000E-03,  -558.676E-03,            0.,"ASSEMBLY_PLATE-1__PICKEDSET2","ROCK","",  -890.642E-03,      -1.38481,      -1.37565,  -899.805E-03,   66.6623E-03
F:/Desktop/DeepOnet_Abaqus/StaticElasticJob3.odb,Step-1,Increment      1: Step Time =    1.000,"PLATE-1",          1919,             1,   170.651E-03,       1.04997,            0.,"ASSEMBLY_PLATE-1__PICKEDSET2","ROCK","",  -951.945E-03,      -1.27950,      -1.27842,  -953.021E-03,  -18.7493E-03
F:/Desktop/DeepOnet_Abaqus/StaticElasticJob3.odb,Step-1,Increment      1: Step Time =    1.000,"PLATE-1",          1920,             1,   421.680E-03,   959.136E-03,            0.,"ASSEMBLY_PLATE-1__PICKEDSET2","ROCK","",  -917.941E-03,      -1.31015,      -1.30706,  -921.033E-03,   34.6855E-03
F:/Desktop/DeepOnet_Abaqus/StaticElasticJob3.odb,Step-1,Increment      1: Step Time =    1.000,"PLATE-1",          1921,             1,  -418.513E-03,   438.026E-03,            0.,"ASSEMBLY_PLATE-1__PICKEDSET2","ROCK","",  -924.392E-03,      -1.30620,      -1.26503,  -965.570E-03,  -118.434E-03
F:/Desktop/DeepOnet_Abaqus/StaticElasticJob3.odb,Step-1,Increment      1: Step Time =    1.000,"PLATE-1",          1922,             1,  -488.426E-03,   414.574E-03,            0.,"ASSEMBLY_PLATE-1__PICKEDSET2","ROCK","",  -941.089E-03,      -1.27831,      -1.23242,  -986.986E-03,  -115.633E-03
F:/Desktop/DeepOnet_Abaqus/StaticElasticJob3.odb,Step-1,Increment      1: Step Time =    1.000,"PLATE-1",          1923,             1,   219.737E-03,  -553.557E-03,            0.,"ASSEMBLY_PLATE-1__PICKEDSET2","ROCK","",  -906.929E-03,      -1.35617,      -1.34248,  -920.624E-03,  -77.2312E-03
F:/Desktop/DeepOnet_Abaqus/StaticElasticJob3.odb,Step-1,Increment      1: Step Time =    1.000,"PLATE-1",          1924,             1,  -240.544E-03,   494.375E-03,            0.,"ASSEMBLY_PLATE-1__PICKEDSET2","ROCK","",  -925.763E-03,      -1.36535,      -1.35474,  -936.378E-03,  -67.4801E-03
F:/Desktop/DeepOnet_Abaqus/StaticElasticJob3.odb,Step-1,Increment      1: Step Time =    1.000,"PLATE-1",          1925,             1,  -158.924E-03,   476.861E-03,            0.,"ASSEMBLY_PLATE-1__PICKEDSET2","ROCK","",  -929.891E-03,      -1.40175,      -1.39770,  -933.938E-03,  -43.5123E-03
F:/Desktop/DeepOnet_Abaqus/StaticElasticJob3.odb,Step-1,Increment      1: Step Time =    1.000,"PLATE-1",          1926,             1,  -600.348E-03,   262.841E-03,            0.,"ASSEMBLY_PLATE-1__PICKEDSET2","ROCK","",  -988.945E-03,      -1.20296,      -1.13478,      -1.05713,  -99.7172E-03
F:/Desktop/DeepOnet_Abaqus/StaticElasticJob3.odb,Step-1,Increment      1: Step Time =    1.000,"PLATE-1",          1927,             1,  -536.312E-03,   451.011E-03,            0.,"ASSEMBLY_PLATE-1__PICKEDSET2","ROCK","",  -956.245E-03,      -1.26466,      -1.22800,  -992.906E-03,  -99.8137E-03
F:/Desktop/DeepOnet_Abaqus/StaticElasticJob3.odb,Step-1,Increment      1: Step Time =    1.000,"PLATE-1",          1928,             1,   554.244E-03,  -431.920E-03,            0.,"ASSEMBLY_PLATE-1__PICKEDSET2","ROCK","",  -960.094E-03,      -1.26451,      -1.23388,  -990.724E-03,  -91.5747E-03
F:/Desktop/DeepOnet_Abaqus/StaticElasticJob3.odb,Step-1,Increment      1: Step Time =    1.000,"PLATE-1",          1929,             1,  -207.265E-03,   497.440E-03,            0.,"ASSEMBLY_PLATE-1__PICKEDSET2","ROCK","",  -926.782E-03,      -1.37894,      -1.37138,  -934.340E-03,  -57.9643E-03
F:/Desktop/DeepOnet_Abaqus/StaticElasticJob3.odb,Step-1,Increment      1: Step Time =    1.000,"PLATE-1",          1930,             1,  -738.561E-03,   16.8447E-03,            0.,"ASSEMBLY_PLATE-1__PICKEDSET2","ROCK","",      -1.08921,      -1.10734,      -1.10672,      -1.08983,   3.29846E-03
F:/Desktop/DeepOnet_Abaqus/StaticElasticJob3.odb,Step-1,Increment      1: Step Time =    1.000,"PLATE-1",          1931,             1,  -634.674E-03,  -307.876E-03,            0.,"ASSEMBLY_PLATE-1__PICKEDSET2","ROCK","",      -1.00392,      -1.22450,      -1.18152,      -1.04690,   87.3698E-03
F:/Desktop/DeepOnet_Abaqus/StaticElasticJob3.odb,Step-1,Increment      1: Step Time =    1.000,"PLATE-1",          1932,             1,  -349.143E-03,  -611.137E-03,            0.,"ASSEMBLY_PLATE-1__PICKEDSET2","ROCK","",  -958.714E-03,      -1.30662,      -1.29044,  -974.902E-03,   73.2800E-03
F:/Desktop/DeepOnet_Abaqus/StaticElasticJob3.odb,Step-1,Increment      1: Step Time =    1.000,"PLATE-1",          1933,             1,  -615.807E-03,  -546.462E-03,            0.,"ASSEMBLY_PLATE-1__PICKEDSET2","ROCK","",  -989.264E-03,      -1.25629,      -1.23877,      -1.00678,   66.1067E-03
F:/Desktop/DeepOnet_Abaqus/StaticElasticJob3.odb,Step-1,Increment      1: Step Time =    1.000,"PLATE-1",          1934,             1,   615.841E-03,  -254.750E-03,            0.,"ASSEMBLY_PLATE-1__PICKEDSET2","ROCK","",  -978.838E-03,      -1.21443,      -1.16416,      -1.02911,  -96.5194E-03
F:/Desktop/DeepOnet_Abaqus/StaticElasticJob3.odb,Step-1,Increment      1: Step Time =    1.000,"PLATE-1",          1935,             1,  -90.6608E-03,   909.845E-03,            0.,"ASSEMBLY_PLATE-1__PICKEDSET2","ROCK","",  -981.401E-03,      -1.27057,      -1.26814,  -983.833E-03,  -26.4060E-03
F:/Desktop/DeepOnet_Abaqus/StaticElasticJob3.odb,Step-1,Increment      1: Step Time =    1.000,"PLATE-1",          1936,             1,  -216.901E-03,  -664.080E-03,            0.,"ASSEMBLY_PLATE-1__PICKEDSET2","ROCK","",  -940.819E-03,      -1.32565,      -1.31683,  -949.637E-03,   57.5796E-03
F:/Desktop/DeepOnet_Abaqus/StaticElasticJob3.odb,Step-1,Increment      1: Step Time =    1.000,"PLATE-1",          1937,             1,   387.017E-03,  -544.686E-03,            0.,"ASSEMBLY_PLATE-1__PICKEDSET2","ROCK","",  -941.072E-03,      -1.30716,      -1.28785,  -960.378E-03,  -81.8219E-03
F:/Desktop/DeepOnet_Abaqus/StaticElasticJob3.odb,Step-1,Increment      1: Step Time =    1.000,"PLATE-1",          1938,             1,   765.171E-03,  -52.8893E-03,            0.,"ASSEMBLY_PLATE-1__PICKEDSET2","ROCK","",      -1.02916,      -1.14665,      -1.12447,      -1.05135,  -45.9823E-03
F:/Desktop/DeepOnet_Abaqus/StaticElasticJob3.odb,Step-1,Increment      1: Step Time =    1.000,"PLATE-1",          1939,             1,   835.311E-03,  -44.7553E-03,            0.,"ASSEMBLY_PLATE-1__PICKEDSET2","ROCK","",      -1.03567,      -1.14916,      -1.13390,      -1.05093,  -38.7140E-03
F:/Desktop/DeepOnet_Abaqus/StaticElasticJob3.odb,Step-1,Increment      1: Step Time =    1.000,"PLATE-1",          1940,             1,   385.475E-03,   906.819E-03,            0.,"ASSEMBLY_PLATE-1__PICKEDSET2","ROCK","",  -885.815E-03,      -1.31987,      -1.31956,  -886.120E-03,   11.5060E-03
F:/Desktop/DeepOnet_Abaqus/StaticElasticJob3.odb,Step-1,Increment      1: Step Time =    1.000,"PLATE-1",          1941,             1,  -477.549E-03,  -701.275E-03,            0.,"ASSEMBLY_PLATE-1__PICKEDSET2","ROCK","",  -977.733E-03,      -1.27603,      -1.26589,  -987.877E-03,   54.0652E-03
F:/Desktop/DeepOnet_Abaqus/StaticElasticJob3.odb,Step-1,Increment      1: Step Time =    1.000,"PLATE-1",          1942,             1,       1.03678,   246.836E-03,            0.,"ASSEMBLY_PLATE-1__PICKEDSET2","ROCK","",      -1.05485,      -1.16159,      -1.15779,      -1.05865,   19.7784E-03
F:/Desktop/DeepOnet_Abaqus/StaticElasticJob3.odb,Step-1,Increment      1: Step Time =    1.000,"PLATE-1",          1943,             1,   622.374E-03,  -414.910E-03,            0.,"ASSEMBLY_PLATE-1__PICKEDSET2","ROCK","",  -969.853E-03,      -1.24751,      -1.21850,  -998.861E-03,  -84.9295E-03
F:/Desktop/DeepOnet_Abaqus/StaticElasticJob3.odb,Step-1,Increment      1: Step Time =    1.000,"PLATE-1",          1944,             1,   174.465E-03,  -599.744E-03,            0.,"ASSEMBLY_PLATE-1__PICKEDSET2","ROCK","",  -909.470E-03,      -1.35296,      -1.34617,  -916.261E-03,  -54.4561E-03
F:/Desktop/DeepOnet_Abaqus/StaticElasticJob3.odb,Step-1,Increment      1: Step Time =    1.000,"PLATE-1",          1945,             1,  -200.361E-03,   574.536E-03,            0.,"ASSEMBLY_PLATE-1__PICKEDSET2","ROCK","",  -954.590E-03,      -1.33766,      -1.33460,  -957.648E-03,  -34.0882E-03
F:/Desktop/DeepOnet_Abaqus/StaticElasticJob3.odb,Step-1,Increment      1: Step Time =    1.000,"PLATE-1",          1946,             1,   94.2516E-03,  -607.122E-03,            0.,"ASSEMBLY_PLATE-1__PICKEDSET2","ROCK","",  -899.050E-03,      -1.36580,      -1.36427,  -900.577E-03,  -26.6521E-03
F:/Desktop/DeepOnet_Abaqus/StaticElasticJob3.odb,Step-1,Increment      1: Step Time =    1.000,"PLATE-1",          1947,             1,   66.4300E-03,  -567.551E-03,            0.,"ASSEMBLY_PLATE-1__PICKEDSET2","ROCK","",  -879.153E-03,      -1.38881,      -1.38733,  -880.631E-03,  -27.4029E-03
F:/Desktop/DeepOnet_Abaqus/StaticElasticJob3.odb,Step-1,Increment      1: Step Time =    1.000,"PLATE-1",          1948,             1,   905.117E-03,  -21.9002E-03,            0.,"ASSEMBLY_PLATE-1__PICKEDSET2","ROCK","",      -1.04279,      -1.14953,      -1.14014,      -1.05219,  -30.2426E-03
F:/Desktop/DeepOnet_Abaqus/StaticElasticJob3.odb,Step-1,Increment      1: Step Time =    1.000,"PLATE-1",          1949,             1,   877.972E-03,   49.0662E-03,            0.,"ASSEMBLY_PLATE-1__PICKEDSET2","ROCK","",      -1.05175,      -1.13478,      -1.12883,      -1.05770,  -21.4120E-03
F:/Desktop/DeepOnet_Abaqus/StaticElasticJob3.odb,Step-1,Increment      1: Step Time =    1.000,"PLATE-1",          1950,             1,   594.917E-03,  -349.310E-03,            0.,"ASSEMBLY_PLATE-1__PICKEDSET2","ROCK","",  -968.358E-03,      -1.24137,      -1.20122,      -1.00852,  -96.7006E-03
F:/Desktop/DeepOnet_Abaqus/StaticElasticJob3.odb,Step-1,Increment      1: Step Time =    1.000,"PLATE-1",          1951,             1,   755.915E-03,  -161.053E-03,            0.,"ASSEMBLY_PLATE-1__PICKEDSET2","ROCK","",      -1.00893,      -1.17866,      -1.14725,      -1.04034,  -65.9136E-03
F:/Desktop/DeepOnet_Abaqus/StaticElasticJob3.odb,Step-1,Increment      1: Step Time =    1.000,"PLATE-1",          1952,             1,  -552.013E-03,  -405.378E-03,            0.,"ASSEMBLY_PLATE-1__PICKEDSET2","ROCK","",  -983.270E-03,      -1.26241,      -1.22338,      -1.02231,   96.8128E-03
F:/Desktop/DeepOnet_Abaqus/StaticElasticJob3.odb,Step-1,Increment      1: Step Time =    1.000,"PLATE-1",          1953,             1,  -738.248E-03,   311.728E-03,            0.,"ASSEMBLY_PLATE-1__PICKEDSET2","ROCK","",      -1.01253,      -1.19433,      -1.16517,      -1.04169,  -66.7153E-03
F:/Desktop/DeepOnet_Abaqus/StaticElasticJob3.odb,Step-1,Increment      1: Step Time =    1.000,"PLATE-1",          1954,             1,  -185.185E-03,   835.655E-03,            0.,"ASSEMBLY_PLATE-1__PICKEDSET2","ROCK","",  -982.523E-03,      -1.27659,      -1.27456,  -984.547E-03,  -24.3135E-03
F:/Desktop/DeepOnet_Abaqus/StaticElasticJob3.odb,Step-1,Increment      1: Step Time =    1.000,"PLATE-1",          1955,             1,  -259.424E-03,  -753.064E-03,            0.,"ASSEMBLY_PLATE-1__PICKEDSET2","ROCK","",  -958.250E-03,      -1.30145,      -1.29611,  -963.589E-03,   42.4707E-03
F:/Desktop/DeepOnet_Abaqus/StaticElasticJob3.odb,Step-1,Increment      1: Step Time =    1.000,"PLATE-1",          1956,             1,  -222.316E-03,   524.088E-03,            0.,"ASSEMBLY_PLATE-1__PICKEDSET2","ROCK","",  -939.531E-03,      -1.35482,      -1.34919,  -945.161E-03,  -48.0222E-03
F:/Desktop/DeepOnet_Abaqus/StaticElasticJob3.odb,Step-1,Increment      1: Step Time =    1.000,"PLATE-1",          1957,             1,  -615.685E-03,  -606.179E-03,            0.,"ASSEMBLY_PLATE-1__PICKEDSET2","ROCK","",  -987.468E-03,      -1.25958,      -1.24579,      -1.00126,   59.6890E-03
F:/Desktop/DeepOnet_Abaqus/StaticElasticJob3.odb,Step-1,Increment      1: Step Time =    1.000,"PLATE-1",          1958,             1,  -330.646E-03,  -758.475E-03,            0.,"ASSEMBLY_PLATE-1__PICKEDSET2","ROCK","",  -966.743E-03,      -1.29108,      -1.28443,  -973.392E-03,   45.9601E-03
F:/Desktop/DeepOnet_Abaqus/StaticElasticJob3.odb,Step-1,Increment      1: Step Time =    1.000,"PLATE-1",          1959,             1,  -140.967E-03,  -610.010E-03,            0.,"ASSEMBLY_PLATE-1__PICKEDSET2","ROCK","",  -914.532E-03,      -1.35639,      -1.34892,  -922.010E-03,   56.9962E-03
F:/Desktop/DeepOnet_Abaqus/StaticElasticJob3.odb,Step-1,Increment      1: Step Time =    1.000,"PLATE-1",          1960,             1,       1.06427,   185.909E-03,            0.,"ASSEMBLY_PLATE-1__PICKEDSET2","ROCK","",      -1.05369,      -1.15912,      -1.15802,      -1.05480,   10.7229E-03
F:/Desktop/DeepOnet_Abaqus/StaticElasticJob3.odb,Step-1,Increment      1: Step Time =    1.000,"PLATE-1",          1961,             1,   259.253E-03,  -597.376E-03,            0.,"ASSEMBLY_PLATE-1__PICKEDSET2","ROCK","",  -926.140E-03,      -1.33151,      -1.32069,  -936.960E-03,  -65.3373E-03
F:/Desktop/DeepOnet_Abaqus/StaticElasticJob3.odb,Step-1,Increment      1: Step Time =    1.000,"PLATE-1",          1962,             1,  -21.5201E-03,  -723.918E-03,            0.,"ASSEMBLY_PLATE-1__PICKEDSET2","ROCK","",  -930.787E-03,      -1.33094,      -1.33052,  -931.206E-03,   12.9430E-03
F:/Desktop/DeepOnet_Abaqus/StaticElasticJob3.odb,Step-1,Increment      1: Step Time =    1.000,"PLATE-1",          1963,             1,   70.4705E-03,  -689.539E-03,            0.,"ASSEMBLY_PLATE-1__PICKEDSET2","ROCK","",  -924.186E-03,      -1.33691,      -1.33667,  -924.429E-03,  -10.0136E-03
F:/Desktop/DeepOnet_Abaqus/StaticElasticJob3.odb,Step-1,Increment      1: Step Time =    1.000,"PLATE-1",          1964,             1,   510.654E-03,  -564.027E-03,            0.,"ASSEMBLY_PLATE-1__PICKEDSET2","ROCK","",  -957.914E-03,      -1.27812,      -1.26091,  -975.119E-03,  -72.2033E-03
F:/Desktop/DeepOnet_Abaqus/StaticElasticJob3.odb,Step-1,Increment      1: Step Time =    1.000,"PLATE-1",          1965,             1,  -275.990E-03,   517.285E-03,            0.,"ASSEMBLY_PLATE-1__PICKEDSET2","ROCK","",  -930.302E-03,      -1.34647,      -1.33487,  -941.905E-03,  -68.5147E-03
F:/Desktop/DeepOnet_Abaqus/StaticElasticJob3.odb,Step-1,Increment      1: Step Time =    1.000,"PLATE-1",          1966,             1,  -789.026E-03,   259.803E-03,            0.,"ASSEMBLY_PLATE-1__PICKEDSET2","ROCK","",      -1.02885,      -1.17721,      -1.15501,      -1.05105,  -52.9230E-03
F:/Desktop/DeepOnet_Abaqus/StaticElasticJob3.odb,Step-1,Increment      1: Step Time =    1.000,"PLATE-1",          1967,             1,  -771.501E-03,   83.5174E-03,            0.,"ASSEMBLY_PLATE-1__PICKEDSET2","ROCK","",      -1.07159,      -1.12741,      -1.12037,      -1.07863,  -18.5408E-03
F:/Desktop/DeepOnet_Abaqus/StaticElasticJob3.odb,Step-1,Increment      1: Step Time =    1.000,"PLATE-1",          1968,             1,  -307.127E-03,   551.995E-03,            0.,"ASSEMBLY_PLATE-1__PICKEDSET2","ROCK","",  -941.891E-03,      -1.32668,      -1.31605,  -952.530E-03,  -63.0893E-03
F:/Desktop/DeepOnet_Abaqus/StaticElasticJob3.odb,Step-1,Increment      1: Step Time =    1.000,"PLATE-1",          1969,             1,   650.817E-03,  -319.912E-03,            0.,"ASSEMBLY_PLATE-1__PICKEDSET2","ROCK","",  -978.110E-03,      -1.22693,      -1.18993,      -1.01512,  -88.5343E-03
F:/Desktop/DeepOnet_Abaqus/StaticElasticJob3.odb,Step-1,Increment      1: Step Time =    1.000,"PLATE-1",          1970,             1,  -896.875E-03,  -63.8261E-03,            0.,"ASSEMBLY_PLATE-1__PICKEDSET2","ROCK","",      -1.05602,      -1.15734,      -1.15459,      -1.05877,   16.4734E-03
F:/Desktop/DeepOnet_Abaqus/StaticElasticJob3.odb,Step-1,Increment      1: Step Time =    1.000,"PLATE-1",          1971,             1,  -752.292E-03,  -53.5102E-03,            0.,"ASSEMBLY_PLATE-1__PICKEDSET2","ROCK","",      -1.07077,      -1.13300,      -1.12097,      -1.08280,   24.5711E-03
F:/Desktop/DeepOnet_Abaqus/StaticElasticJob3.odb,Step-1,Increment      1: Step Time =    1.000,"PLATE-1",          1972,             1,   171.947E-03,  -694.003E-03,            0.,"ASSEMBLY_PLATE-1__PICKEDSET2","ROCK","",  -931.572E-03,      -1.32580,      -1.32317,  -934.202E-03,  -32.0928E-03
F:/Desktop/DeepOnet_Abaqus/StaticElasticJob3.odb,Step-1,Increment      1: Step Time =    1.000,"PLATE-1",          1973,             1,  -599.977E-03,  -651.808E-03,            0.,"ASSEMBLY_PLATE-1__PICKEDSET2","ROCK","",  -986.103E-03,      -1.26204,      -1.25093,  -997.207E-03,   54.2295E-03
F:/Desktop/DeepOnet_Abaqus/StaticElasticJob3.odb,Step-1,Increment      1: Step Time =    1.000,"PLATE-1",          1974,             1,   337.557E-03,  -567.822E-03,            0.,"ASSEMBLY_PLATE-1__PICKEDSET2","ROCK","",  -935.111E-03,      -1.31724,      -1.30155,  -950.799E-03,  -75.8204E-03
F:/Desktop/DeepOnet_Abaqus/StaticElasticJob3.odb,Step-1,Increment      1: Step Time =    1.000,"PLATE-1",          1975,             1,  -158.765E-03,  -672.770E-03,            0.,"ASSEMBLY_PLATE-1__PICKEDSET2","ROCK","",  -934.187E-03,      -1.33208,      -1.32665,  -939.611E-03,   46.1396E-03
F:/Desktop/DeepOnet_Abaqus/StaticElasticJob3.odb,Step-1,Increment      1: Step Time =    1.000,"PLATE-1",          1976,             1,  -237.270E-03,   812.863E-03,            0.,"ASSEMBLY_PLATE-1__PICKEDSET2","ROCK","",  -984.482E-03,      -1.27687,      -1.27502,  -986.331E-03,  -23.1791E-03
F:/Desktop/DeepOnet_Abaqus/StaticElasticJob3.odb,Step-1,Increment      1: Step Time =    1.000,"PLATE-1",          1977,             1,  -139.589E-03,   874.225E-03,            0.,"ASSEMBLY_PLATE-1__PICKEDSET2","ROCK","",  -985.485E-03,      -1.27062,      -1.26915,  -986.953E-03,  -20.4055E-03
F:/Desktop/DeepOnet_Abaqus/StaticElasticJob3.odb,Step-1,Increment      1: Step Time =    1.000,"PLATE-1",          1978,             1,  -659.422E-03,   394.469E-03,            0.,"ASSEMBLY_PLATE-1__PICKEDSET2","ROCK","",  -986.765E-03,      -1.22448,      -1.18970,      -1.02154,  -84.0124E-03
F:/Desktop/DeepOnet_Abaqus/StaticElasticJob3.odb,Step-1,Increment      1: Step Time =    1.000,"PLATE-1",          1979,             1,  -411.596E-03,  -683.901E-03,            0.,"ASSEMBLY_PLATE-1__PICKEDSET2","ROCK","",  -970.827E-03,      -1.28702,      -1.27599,  -981.855E-03,   58.0101E-03
F:/Desktop/DeepOnet_Abaqus/StaticElasticJob3.odb,Step-1,Increment      1: Step Time =    1.000,"PLATE-1",          1980,             1,   810.027E-03,  -191.277E-03,            0.,"ASSEMBLY_PLATE-1__PICKEDSET2","ROCK","",      -1.01120,      -1.18289,      -1.15917,      -1.03491,  -59.2420E-03
F:/Desktop/DeepOnet_Abaqus/StaticElasticJob3.odb,Step-1,Increment      1: Step Time =    1.000,"PLATE-1",          1981,             1,  -459.001E-03,   462.935E-03,            0.,"ASSEMBLY_PLATE-1__PICKEDSET2","ROCK","",  -940.139E-03,      -1.29121,      -1.25759,  -973.765E-03,  -103.318E-03
F:/Desktop/DeepOnet_Abaqus/StaticElasticJob3.odb,Step-1,Increment      1: Step Time =    1.000,"PLATE-1",          1982,             1,       1.00930,   99.9078E-03,            0.,"ASSEMBLY_PLATE-1__PICKEDSET2","ROCK","",      -1.05584,      -1.14828,      -1.14808,      -1.05604,  -4.24804E-03
F:/Desktop/DeepOnet_Abaqus/StaticElasticJob3.odb,Step-1,Increment      1: Step Time =    1.000,"PLATE-1",          1983,             1,  -834.196E-03,   305.288E-03,            0.,"ASSEMBLY_PLATE-1__PICKEDSET2","ROCK","",      -1.02486,      -1.18672,      -1.17018,      -1.04140,  -49.0219E-03
F:/Desktop/DeepOnet_Abaqus/StaticElasticJob3.odb,Step-1,Increment      1: Step Time =    1.000,"PLATE-1",          1984,             1,  -385.656E-03,   582.104E-03,            0.,"ASSEMBLY_PLATE-1__PICKEDSET2","ROCK","",  -952.176E-03,      -1.30052,      -1.28878,  -963.914E-03,  -62.8596E-03
F:/Desktop/DeepOnet_Abaqus/StaticElasticJob3.odb,Step-1,Increment      1: Step Time =    1.000,"PLATE-1",          1985,             1,   404.677E-03,  -604.036E-03,            0.,"ASSEMBLY_PLATE-1__PICKEDSET2","ROCK","",  -949.255E-03,      -1.29588,      -1.28268,  -962.452E-03,  -66.3330E-03
F:/Desktop/DeepOnet_Abaqus/StaticElasticJob3.odb,Step-1,Increment      1: Step Time =    1.000,"PLATE-1",          1986,             1,   472.418E-03,  -630.096E-03,            0.,"ASSEMBLY_PLATE-1__PICKEDSET2","ROCK","",  -957.121E-03,      -1.28288,      -1.27055,  -969.444E-03,  -62.1474E-03
F:/Desktop/DeepOnet_Abaqus/StaticElasticJob3.odb,Step-1,Increment      1: Step Time =    1.000,"PLATE-1",          1987,             1,  -496.221E-03,   505.146E-03,            0.,"ASSEMBLY_PLATE-1__PICKEDSET2","ROCK","",  -953.712E-03,      -1.27758,      -1.25208,  -979.210E-03,  -87.2219E-03
F:/Desktop/DeepOnet_Abaqus/StaticElasticJob3.odb,Step-1,Increment      1: Step Time =    1.000,"PLATE-1",          1988,             1,  -367.003E-03,   634.164E-03,            0.,"ASSEMBLY_PLATE-1__PICKEDSET2","ROCK","",  -961.592E-03,      -1.29430,      -1.28650,  -969.390E-03,  -50.3354E-03
F:/Desktop/DeepOnet_Abaqus/StaticElasticJob3.odb,Step-1,Increment      1: Step Time =    1.000,"PLATE-1",          1989,             1,   744.340E-03,  -346.066E-03,            0.,"ASSEMBLY_PLATE-1__PICKEDSET2","ROCK","",  -988.430E-03,      -1.21835,      -1.19174,      -1.01504,  -73.5526E-03
F:/Desktop/DeepOnet_Abaqus/StaticElasticJob3.odb,Step-1,Increment      1: Step Time =    1.000,"PLATE-1",          1990,             1,  -223.179E-03,   872.705E-03,            0.,"ASSEMBLY_PLATE-1__PICKEDSET2","ROCK","",  -982.678E-03,      -1.27019,      -1.26855,  -984.322E-03,  -21.6793E-03
F:/Desktop/DeepOnet_Abaqus/StaticElasticJob3.odb,Step-1,Increment      1: Step Time =    1.000,"PLATE-1",          1991,             1,  -890.918E-03,   141.641E-03,            0.,"ASSEMBLY_PLATE-1__PICKEDSET2","ROCK","",      -1.05271,      -1.15707,      -1.15290,      -1.05688,  -20.4391E-03
F:/Desktop/DeepOnet_Abaqus/StaticElasticJob3.odb,Step-1,Increment      1: Step Time =    1.000,"PLATE-1",          1992,             1,  -851.414E-03,   51.7163E-03,            0.,"ASSEMBLY_PLATE-1__PICKEDSET2","ROCK","",      -1.06603,      -1.14122,      -1.14084,      -1.06641,  -5.30848E-03
F:/Desktop/DeepOnet_Abaqus/StaticElasticJob3.odb,Step-1,Increment      1: Step Time =    1.000,"PLATE-1",          1993,             1,  -726.133E-03,   370.710E-03,            0.,"ASSEMBLY_PLATE-1__PICKEDSET2","ROCK","",      -1.00330,      -1.20720,      -1.17871,      -1.03179,  -70.6907E-03
F:/Desktop/DeepOnet_Abaqus/StaticElasticJob3.odb,Step-1,Increment      1: Step Time =    1.000,"PLATE-1",          1994,             1,       1.17481,   338.988E-03,            0.,"ASSEMBLY_PLATE-1__PICKEDSET2","ROCK","",      -1.03668,      -1.19126,      -1.18623,      -1.04170,   27.4066E-03
F:/Desktop/DeepOnet_Abaqus/StaticElasticJob3.odb,Step-1,Increment      1: Step Time =    1.000,"PLATE-1",          1995,             1,  -80.9760E-03,  -751.530E-03,            0.,"ASSEMBLY_PLATE-1__PICKEDSET2","ROCK","",  -941.761E-03,      -1.31934,      -1.31781,  -943.282E-03,   23.9220E-03
F:/Desktop/DeepOnet_Abaqus/StaticElasticJob3.odb,Step-1,Increment      1: Step Time =    1.000,"PLATE-1",          1996,             1,  -684.597E-03,  -330.354E-03,            0.,"ASSEMBLY_PLATE-1__PICKEDSET2","ROCK","",      -1.00903,      -1.22011,      -1.19074,      -1.03839,   73.0501E-03
F:/Desktop/DeepOnet_Abaqus/StaticElasticJob3.odb,Step-1,Increment      1: Step Time =    1.000,"PLATE-1",          1997,             1,  -39.3046E-03,   912.781E-03,            0.,"ASSEMBLY_PLATE-1__PICKEDSET2","ROCK","",  -984.154E-03,      -1.26896,      -1.26671,  -986.396E-03,  -25.1700E-03
F:/Desktop/DeepOnet_Abaqus/StaticElasticJob3.odb,Step-1,Increment      1: Step Time =    1.000,"PLATE-1",          1998,             1,  -156.548E-03,       1.01123,            0.,"ASSEMBLY_PLATE-1__PICKEDSET2","ROCK","",  -982.745E-03,      -1.26497,      -1.26318,  -984.530E-03,  -22.3744E-03
F:/Desktop/DeepOnet_Abaqus/StaticElasticJob3.odb,Step-1,Increment      1: Step Time =    1.000,"PLATE-1",          1999,             1,   295.181E-03,  -643.466E-03,            0.,"ASSEMBLY_PLATE-1__PICKEDSET2","ROCK","",  -937.018E-03,      -1.31629,      -1.30756,  -945.747E-03,  -56.8719E-03
F:/Desktop/DeepOnet_Abaqus/StaticElasticJob3.odb,Step-1,Increment      1: Step Time =    1.000,"PLATE-1",          2000,             1,   517.966E-03,  -619.056E-03,            0.,"ASSEMBLY_PLATE-1__PICKEDSET2","ROCK","",  -960.623E-03,      -1.27653,      -1.26386,  -973.290E-03,  -61.9774E-03
F:/Desktop/DeepOnet_Abaqus/StaticElasticJob3.odb,Step-1,Increment      1: Step Time =    1.000,"PLATE-1",          2001,             1,       1.14575,   200.160E-03,            0.,"ASSEMBLY_PLATE-1__PICKEDSET2","ROCK","",      -1.04723,      -1.17164,      -1.17027,      -1.04861,   13.0264E-03
F:/Desktop/DeepOnet_Abaqus/StaticElasticJob3.odb,Step-1,Increment      1: Step Time =    1.000,"PLATE-1",          2002,             1,       1.03191,   371.295E-03,            0.,"ASSEMBLY_PLATE-1__PICKEDSET2","ROCK","",      -1.04034,      -1.18617,      -1.17420,      -1.05231,   40.0238E-03
F:/Desktop/DeepOnet_Abaqus/StaticElasticJob3.odb,Step-1,Increment      1: Step Time =    1.000,"PLATE-1",          2003,             1,   631.988E-03,  -563.667E-03,            0.,"ASSEMBLY_PLATE-1__PICKEDSET2","ROCK","",  -970.158E-03,      -1.25762,      -1.24227,  -985.513E-03,  -64.6394E-03
F:/Desktop/DeepOnet_Abaqus/StaticElasticJob3.odb,Step-1,Increment      1: Step Time =    1.000,"PLATE-1",          2004,             1,  -389.003E-03,   526.726E-03,            0.,"ASSEMBLY_PLATE-1__PICKEDSET2","ROCK","",  -940.636E-03,      -1.30964,      -1.29146,  -958.809E-03,  -79.8463E-03
F:/Desktop/DeepOnet_Abaqus/StaticElasticJob3.odb,Step-1,Increment      1: Step Time =    1.000,"PLATE-1",          2005,             1,  -441.841E-03,   595.448E-03,            0.,"ASSEMBLY_PLATE-1__PICKEDSET2","ROCK","",  -957.857E-03,      -1.28690,      -1.27384,  -970.923E-03,  -64.2554E-03
F:/Desktop/DeepOnet_Abaqus/StaticElasticJob3.odb,Step-1,Increment      1: Step Time =    1.000,"PLATE-1",          2006,             1,  -445.171E-03,   531.372E-03,            0.,"ASSEMBLY_PLATE-1__PICKEDSET2","ROCK","",  -949.637E-03,      -1.28995,      -1.26926,  -970.328E-03,  -81.3212E-03
F:/Desktop/DeepOnet_Abaqus/StaticElasticJob3.odb,Step-1,Increment      1: Step Time =    1.000,"PLATE-1",          2007,             1,   865.223E-03,  -285.287E-03,            0.,"ASSEMBLY_PLATE-1__PICKEDSET2","ROCK","",      -1.00583,      -1.19783,      -1.17803,      -1.02563,  -58.3980E-03
F:/Desktop/DeepOnet_Abaqus/StaticElasticJob3.odb,Step-1,Increment      1: Step Time =    1.000,"PLATE-1",          2008,             1,   877.504E-03,  -217.460E-03,            0.,"ASSEMBLY_PLATE-1__PICKEDSET2","ROCK","",      -1.01383,      -1.18638,      -1.16755,      -1.03266,  -53.8023E-03
F:/Desktop/DeepOnet_Abaqus/StaticElasticJob3.odb,Step-1,Increment      1: Step Time =    1.000,"PLATE-1",          2009,             1,  -450.515E-03,  -843.592E-03,            0.,"ASSEMBLY_PLATE-1__PICKEDSET2","ROCK","",  -979.261E-03,      -1.27195,      -1.26703,  -984.182E-03,   37.6299E-03
F:/Desktop/DeepOnet_Abaqus/StaticElasticJob3.odb,Step-1,Increment      1: Step Time =    1.000,"PLATE-1",          2010,             1,  -143.731E-03,  -787.791E-03,            0.,"ASSEMBLY_PLATE-1__PICKEDSET2","ROCK","",  -951.983E-03,      -1.30711,      -1.30477,  -954.322E-03,   28.7251E-03
F:/Desktop/DeepOnet_Abaqus/StaticElasticJob3.odb,Step-1,Increment      1: Step Time =    1.000,"PLATE-1",          2011,             1,   721.078E-03,  -202.980E-03,            0.,"ASSEMBLY_PLATE-1__PICKEDSET2","ROCK","",      -1.00267,      -1.18658,      -1.15436,      -1.03489,  -69.9071E-03
F:/Desktop/DeepOnet_Abaqus/StaticElasticJob3.odb,Step-1,Increment      1: Step Time =    1.000,"PLATE-1",          2012,             1,  -754.194E-03,   430.085E-03,            0.,"ASSEMBLY_PLATE-1__PICKEDSET2","ROCK","",  -998.948E-03,      -1.21667,      -1.19412,      -1.02150,  -66.3456E-03
F:/Desktop/DeepOnet_Abaqus/StaticElasticJob3.odb,Step-1,Increment      1: Step Time =    1.000,"PLATE-1",          2013,             1,  -328.478E-03,   756.603E-03,            0.,"ASSEMBLY_PLATE-1__PICKEDSET2","ROCK","",  -975.839E-03,      -1.28140,      -1.27806,  -979.179E-03,  -31.7685E-03
F:/Desktop/DeepOnet_Abaqus/StaticElasticJob3.odb,Step-1,Increment      1: Step Time =    1.000,"PLATE-1",          2014,             1,   214.321E-03,  -640.954E-03,            0.,"ASSEMBLY_PLATE-1__PICKEDSET2","ROCK","",  -925.722E-03,      -1.33240,      -1.32638,  -931.737E-03,  -49.0906E-03
F:/Desktop/DeepOnet_Abaqus/StaticElasticJob3.odb,Step-1,Increment      1: Step Time =    1.000,"PLATE-1",          2015,             1,  -177.653E-03,   920.815E-03,            0.,"ASSEMBLY_PLATE-1__PICKEDSET2","ROCK","",  -984.070E-03,      -1.26876,      -1.26681,  -986.025E-03,  -23.5072E-03
F:/Desktop/DeepOnet_Abaqus/StaticElasticJob3.odb,Step-1,Increment      1: Step Time =    1.000,"PLATE-1",          2016,             1,  -898.427E-03,   259.700E-03,            0.,"ASSEMBLY_PLATE-1__PICKEDSET2","ROCK","",      -1.03557,      -1.17663,      -1.16680,      -1.04540,  -35.9182E-03
F:/Desktop/DeepOnet_Abaqus/StaticElasticJob3.odb,Step-1,Increment      1: Step Time =    1.000,"PLATE-1",          2017,             1,  -674.802E-03,  -274.288E-03,            0.,"ASSEMBLY_PLATE-1__PICKEDSET2","ROCK","",      -1.01525,      -1.20790,      -1.16986,      -1.05329,   76.6872E-03
F:/Desktop/DeepOnet_Abaqus/StaticElasticJob3.odb,Step-1,Increment      1: Step Time =    1.000,"PLATE-1",          2018,             1,  -681.472E-03,  -556.066E-03,            0.,"ASSEMBLY_PLATE-1__PICKEDSET2","ROCK","",  -993.994E-03,      -1.24793,      -1.23296,      -1.00896,   59.8078E-03
F:/Desktop/DeepOnet_Abaqus/StaticElasticJob3.odb,Step-1,Increment      1: Step Time =    1.000,"PLATE-1",          2019,             1,  -706.023E-03,  -427.812E-03,            0.,"ASSEMBLY_PLATE-1__PICKEDSET2","ROCK","",      -1.00262,      -1.23250,      -1.21088,      -1.02425,   67.1055E-03
F:/Desktop/DeepOnet_Abaqus/StaticElasticJob3.odb,Step-1,Increment      1: Step Time =    1.000,"PLATE-1",          2020,             1,   768.590E-03,  -407.779E-03,            0.,"ASSEMBLY_PLATE-1__PICKEDSET2","ROCK","",  -986.614E-03,      -1.22608,      -1.20525,      -1.00745,  -67.4876E-03
F:/Desktop/DeepOnet_Abaqus/StaticElasticJob3.odb,Step-1,Increment      1: Step Time =    1.000,"PLATE-1",          2021,             1,       1.02930,   42.0194E-03,            0.,"ASSEMBLY_PLATE-1__PICKEDSET2","ROCK","",      -1.05061,      -1.15426,      -1.15277,      -1.05211,  -12.3540E-03
F:/Desktop/DeepOnet_Abaqus/StaticElasticJob3.odb,Step-1,Increment      1: Step Time =    1.000,"PLATE-1",          2022,             1,   566.614E-03,  -663.710E-03,            0.,"ASSEMBLY_PLATE-1__PICKEDSET2","ROCK","",  -966.678E-03,      -1.26844,      -1.25849,  -976.631E-03,  -53.8921E-03
F:/Desktop/DeepOnet_Abaqus/StaticElasticJob3.odb,Step-1,Increment      1: Step Time =    1.000,"PLATE-1",          2023,             1,  -899.923E-03,   407.359E-03,            0.,"ASSEMBLY_PLATE-1__PICKEDSET2","ROCK","",      -1.01667,      -1.20136,      -1.18989,      -1.02814,  -44.5643E-03
F:/Desktop/DeepOnet_Abaqus/StaticElasticJob3.odb,Step-1,Increment      1: Step Time =    1.000,"PLATE-1",          2024,             1,   318.009E-03,  -693.494E-03,            0.,"ASSEMBLY_PLATE-1__PICKEDSET2","ROCK","",  -947.100E-03,      -1.30306,      -1.29658,  -953.576E-03,  -47.5735E-03
F:/Desktop/DeepOnet_Abaqus/StaticElasticJob3.odb,Step-1,Increment      1: Step Time =    1.000,"PLATE-1",          2025,             1,   349.222E-03,  -624.196E-03,            0.,"ASSEMBLY_PLATE-1__PICKEDSET2","ROCK","",  -942.924E-03,      -1.30729,      -1.29628,  -953.941E-03,  -62.3930E-03
F:/Desktop/DeepOnet_Abaqus/StaticElasticJob3.odb,Step-1,Increment      1: Step Time =    1.000,"PLATE-1",          2026,             1,  -373.351E-03,   708.119E-03,            0.,"ASSEMBLY_PLATE-1__PICKEDSET2","ROCK","",  -969.239E-03,      -1.28564,      -1.28076,  -974.115E-03,  -38.9738E-03
F:/Desktop/DeepOnet_Abaqus/StaticElasticJob3.odb,Step-1,Increment      1: Step Time =    1.000,"PLATE-1",          2027,             1,  -413.951E-03,   658.329E-03,            0.,"ASSEMBLY_PLATE-1__PICKEDSET2","ROCK","",  -965.337E-03,      -1.28410,      -1.27627,  -973.166E-03,  -49.3390E-03
F:/Desktop/DeepOnet_Abaqus/StaticElasticJob3.odb,Step-1,Increment      1: Step Time =    1.000,"PLATE-1",          2028,             1,  -502.600E-03,   622.584E-03,            0.,"ASSEMBLY_PLATE-1__PICKEDSET2","ROCK","",  -965.779E-03,      -1.27377,      -1.26141,  -978.136E-03,  -60.4418E-03
F:/Desktop/DeepOnet_Abaqus/StaticElasticJob3.odb,Step-1,Increment      1: Step Time =    1.000,"PLATE-1",          2029,             1,  -542.904E-03,   552.601E-03,            0.,"ASSEMBLY_PLATE-1__PICKEDSET2","ROCK","",  -965.264E-03,      -1.26656,      -1.24748,  -984.350E-03,  -73.3924E-03
F:/Desktop/DeepOnet_Abaqus/StaticElasticJob3.odb,Step-1,Increment      1: Step Time =    1.000,"PLATE-1",          2030,             1,  -127.448E-03,  -880.020E-03,            0.,"ASSEMBLY_PLATE-1__PICKEDSET2","ROCK","",  -960.250E-03,      -1.29512,      -1.29395,  -961.420E-03,   19.7548E-03
F:/Desktop/DeepOnet_Abaqus/StaticElasticJob3.odb,Step-1,Increment      1: Step Time =    1.000,"PLATE-1",          2031,             1,  -693.208E-03,   571.557E-03,            0.,"ASSEMBLY_PLATE-1__PICKEDSET2","ROCK","",  -985.429E-03,      -1.24070,      -1.22587,      -1.00026,  -59.7233E-03
F:/Desktop/DeepOnet_Abaqus/StaticElasticJob3.odb,Step-1,Increment      1: Step Time =    1.000,"PLATE-1",          2032,             1,   10.3266E-03,   883.333E-03,            0.,"ASSEMBLY_PLATE-1__PICKEDSET2","ROCK","",  -972.811E-03,      -1.27303,      -1.26983,  -976.019E-03,  -30.8657E-03
F:/Desktop/DeepOnet_Abaqus/StaticElasticJob3.odb,Step-1,Increment      1: Step Time =    1.000,"PLATE-1",          2033,             1,  -869.315E-03,   356.007E-03,            0.,"ASSEMBLY_PLATE-1__PICKEDSET2","ROCK","",      -1.02056,      -1.19442,      -1.18112,      -1.03385,  -46.2025E-03
F:/Desktop/DeepOnet_Abaqus/StaticElasticJob3.odb,Step-1,Increment      1: Step Time =    1.000,"PLATE-1",          2034,             1,  -811.319E-03,   394.683E-03,            0.,"ASSEMBLY_PLATE-1__PICKEDSET2","ROCK","",      -1.01180,      -1.20308,      -1.18513,      -1.02975,  -55.7737E-03
F:/Desktop/DeepOnet_Abaqus/StaticElasticJob3.odb,Step-1,Increment      1: Step Time =    1.000,"PLATE-1",          2035,             1,   253.228E-03,  -677.201E-03,            0.,"ASSEMBLY_PLATE-1__PICKEDSET2","ROCK","",  -937.739E-03,      -1.31681,      -1.31125,  -943.296E-03,  -45.5572E-03
F:/Desktop/DeepOnet_Abaqus/StaticElasticJob3.odb,Step-1,Increment      1: Step Time =    1.000,"PLATE-1",          2036,             1,  -252.257E-03,  -834.966E-03,            0.,"ASSEMBLY_PLATE-1__PICKEDSET2","ROCK","",  -965.068E-03,      -1.29116,      -1.28782,  -968.412E-03,   32.8522E-03
F:/Desktop/DeepOnet_Abaqus/StaticElasticJob3.odb,Step-1,Increment      1: Step Time =    1.000,"PLATE-1",          2037,             1,  -389.248E-03,  -840.045E-03,            0.,"ASSEMBLY_PLATE-1__PICKEDSET2","ROCK","",  -975.127E-03,      -1.27812,      -1.27343,  -979.814E-03,   37.3944E-03
F:/Desktop/DeepOnet_Abaqus/StaticElasticJob3.odb,Step-1,Increment      1: Step Time =    1.000,"PLATE-1",          2038,             1,   803.626E-03,  -303.950E-03,            0.,"ASSEMBLY_PLATE-1__PICKEDSET2","ROCK","",  -998.093E-03,      -1.20558,      -1.18236,      -1.02131,  -65.4100E-03
F:/Desktop/DeepOnet_Abaqus/StaticElasticJob3.odb,Step-1,Increment      1: Step Time =    1.000,"PLATE-1",          2039,             1,   25.0897E-03,       1.02877,            0.,"ASSEMBLY_PLATE-1__PICKEDSET2","ROCK","",  -972.330E-03,      -1.27097,      -1.26916,  -974.140E-03,  -23.1843E-03
F:/Desktop/DeepOnet_Abaqus/StaticElasticJob3.odb,Step-1,Increment      1: Step Time =    1.000,"PLATE-1",          2040,             1,  -65.8805E-03,       1.00518,            0.,"ASSEMBLY_PLATE-1__PICKEDSET2","ROCK","",  -980.458E-03,      -1.26708,      -1.26504,  -982.504E-03,  -24.1297E-03
F:/Desktop/DeepOnet_Abaqus/StaticElasticJob3.odb,Step-1,Increment      1: Step Time =    1.000,"PLATE-1",          2041,             1,   147.430E-03,  -755.713E-03,            0.,"ASSEMBLY_PLATE-1__PICKEDSET2","ROCK","",  -938.413E-03,      -1.31784,      -1.31676,  -939.495E-03,  -20.2347E-03
F:/Desktop/DeepOnet_Abaqus/StaticElasticJob3.odb,Step-1,Increment      1: Step Time =    1.000,"PLATE-1",          2042,             1,   649.903E-03,  -645.217E-03,            0.,"ASSEMBLY_PLATE-1__PICKEDSET2","ROCK","",  -971.197E-03,      -1.25971,      -1.24871,  -982.197E-03,  -55.2514E-03
F:/Desktop/DeepOnet_Abaqus/StaticElasticJob3.odb,Step-1,Increment      1: Step Time =    1.000,"PLATE-1",          2043,             1,   808.482E-03,  -531.401E-03,            0.,"ASSEMBLY_PLATE-1__PICKEDSET2","ROCK","",  -985.600E-03,      -1.23430,      -1.22053,  -999.372E-03,  -56.8812E-03
F:/Desktop/DeepOnet_Abaqus/StaticElasticJob3.odb,Step-1,Increment      1: Step Time =    1.000,"PLATE-1",          2044,             1,   715.327E-03,  -484.741E-03,            0.,"ASSEMBLY_PLATE-1__PICKEDSET2","ROCK","",  -978.952E-03,      -1.24019,      -1.22173,  -997.412E-03,  -66.9445E-03
F:/Desktop/DeepOnet_Abaqus/StaticElasticJob3.odb,Step-1,Increment      1: Step Time =    1.000,"PLATE-1",          2045,             1,  -202.311E-03,  -992.149E-03,            0.,"ASSEMBLY_PLATE-1__PICKEDSET2","ROCK","",  -972.719E-03,      -1.27828,      -1.27716,  -973.833E-03,   18.4179E-03
F:/Desktop/DeepOnet_Abaqus/StaticElasticJob3.odb,Step-1,Increment      1: Step Time =    1.000,"PLATE-1",          2046,             1,  -932.640E-03,   458.199E-03,            0.,"ASSEMBLY_PLATE-1__PICKEDSET2","ROCK","",      -1.01274,      -1.20804,      -1.19856,      -1.02222,  -41.9794E-03
F:/Desktop/DeepOnet_Abaqus/StaticElasticJob3.odb,Step-1,Increment      1: Step Time =    1.000,"PLATE-1",          2047,             1,   136.520E-03,   940.527E-03,            0.,"ASSEMBLY_PLATE-1__PICKEDSET2","ROCK","",  -950.092E-03,      -1.28096,      -1.27802,  -953.030E-03,  -31.0416E-03
F:/Desktop/DeepOnet_Abaqus/StaticElasticJob3.odb,Step-1,Increment      1: Step Time =    1.000,"PLATE-1",          2048,             1,  -26.8618E-03,       1.05433,            0.,"ASSEMBLY_PLATE-1__PICKEDSET2","ROCK","",  -973.376E-03,      -1.26739,      -1.26571,  -975.054E-03,  -22.1491E-03
F:/Desktop/DeepOnet_Abaqus/StaticElasticJob3.odb,Step-1,Increment      1: Step Time =    1.000,"PLATE-1",          2049,             1,   270.514E-03,  -739.904E-03,            0.,"ASSEMBLY_PLATE-1__PICKEDSET2","ROCK","",  -947.090E-03,      -1.30455,      -1.30052,  -951.111E-03,  -37.6983E-03
F:/Desktop/DeepOnet_Abaqus/StaticElasticJob3.odb,Step-1,Increment      1: Step Time =    1.000,"PLATE-1",          2050,             1,  -466.003E-03,   693.045E-03,            0.,"ASSEMBLY_PLATE-1__PICKEDSET2","ROCK","",  -969.466E-03,      -1.27602,      -1.26866,  -976.826E-03,  -46.9249E-03
F:/Desktop/DeepOnet_Abaqus/StaticElasticJob3.odb,Step-1,Increment      1: Step Time =    1.000,"PLATE-1",          2051,             1,   616.217E-03,  -716.977E-03,            0.,"ASSEMBLY_PLATE-1__PICKEDSET2","ROCK","",  -970.790E-03,      -1.26370,      -1.25608,  -978.409E-03,  -46.6218E-03
F:/Desktop/DeepOnet_Abaqus/StaticElasticJob3.odb,Step-1,Increment      1: Step Time =    1.000,"PLATE-1",          2052,             1,  -599.201E-03,   591.683E-03,            0.,"ASSEMBLY_PLATE-1__PICKEDSET2","ROCK","",  -974.036E-03,      -1.25728,      -1.24236,  -988.952E-03,  -63.2649E-03
F:/Desktop/DeepOnet_Abaqus/StaticElasticJob3.odb,Step-1,Increment      1: Step Time =    1.000,"PLATE-1",          2053,             1,   679.983E-03,  -699.350E-03,            0.,"ASSEMBLY_PLATE-1__PICKEDSET2","ROCK","",  -974.655E-03,      -1.25626,      -1.24777,  -983.139E-03,  -48.1375E-03
F:/Desktop/DeepOnet_Abaqus/StaticElasticJob3.odb,Step-1,Increment      1: Step Time =    1.000,"PLATE-1",          2054,             1,  -46.3739E-03,  -814.021E-03,            0.,"ASSEMBLY_PLATE-1__PICKEDSET2","ROCK","",  -950.211E-03,      -1.30700,      -1.30638,  -950.831E-03,   14.8597E-03
F:/Desktop/DeepOnet_Abaqus/StaticElasticJob3.odb,Step-1,Increment      1: Step Time =    1.000,"PLATE-1",          2055,             1,   17.9194E-03,  -790.298E-03,            0.,"ASSEMBLY_PLATE-1__PICKEDSET2","ROCK","",  -942.943E-03,      -1.31500,      -1.31494,  -943.003E-03,   4.72049E-03
F:/Desktop/DeepOnet_Abaqus/StaticElasticJob3.odb,Step-1,Increment      1: Step Time =    1.000,"PLATE-1",          2056,             1,   189.678E-03,  -838.325E-03,            0.,"ASSEMBLY_PLATE-1__PICKEDSET2","ROCK","",  -953.764E-03,      -1.29772,      -1.29690,  -954.582E-03,  -16.7545E-03
F:/Desktop/DeepOnet_Abaqus/StaticElasticJob3.odb,Step-1,Increment      1: Step Time =    1.000,"PLATE-1",          2057,             1,   886.479E-03,  -421.401E-03,            0.,"ASSEMBLY_PLATE-1__PICKEDSET2","ROCK","",  -996.848E-03,      -1.21754,      -1.20314,      -1.01125,  -54.5057E-03
F:/Desktop/DeepOnet_Abaqus/StaticElasticJob3.odb,Step-1,Increment      1: Step Time =    1.000,"PLATE-1",          2058,             1,  -183.216E-03,  -851.484E-03,            0.,"ASSEMBLY_PLATE-1__PICKEDSET2","ROCK","",  -961.501E-03,      -1.29467,      -1.29243,  -963.745E-03,   27.2462E-03
F:/Desktop/DeepOnet_Abaqus/StaticElasticJob3.odb,Step-1,Increment      1: Step Time =    1.000,"PLATE-1",          2059,             1,  -987.404E-03,   27.6209E-03,            0.,"ASSEMBLY_PLATE-1__PICKEDSET2","ROCK","",      -1.05124,      -1.16431,      -1.16431,      -1.05124,   165.122E-06
F:/Desktop/DeepOnet_Abaqus/StaticElasticJob3.odb,Step-1,Increment      1: Step Time =    1.000,"PLATE-1",          2060,             1,  -979.161E-03,   85.8296E-03,            0.,"ASSEMBLY_PLATE-1__PICKEDSET2","ROCK","",      -1.05107,      -1.16321,      -1.16272,      -1.05156,  -7.40650E-03
F:/Desktop/DeepOnet_Abaqus/StaticElasticJob3.odb,Step-1,Increment      1: Step Time =    1.000,"PLATE-1",          2061,             1,   85.3426E-03,  -760.409E-03,            0.,"ASSEMBLY_PLATE-1__PICKEDSET2","ROCK","",  -938.527E-03,      -1.31869,      -1.31848,  -938.743E-03,  -9.06333E-03
F:/Desktop/DeepOnet_Abaqus/StaticElasticJob3.odb,Step-1,Increment      1: Step Time =    1.000,"PLATE-1",          2062,             1,  -320.526E-03,  -988.575E-03,            0.,"ASSEMBLY_PLATE-1__PICKEDSET2","ROCK","",  -977.573E-03,      -1.27245,      -1.27055,  -979.478E-03,   23.6263E-03
F:/Desktop/DeepOnet_Abaqus/StaticElasticJob3.odb,Step-1,Increment      1: Step Time =    1.000,"PLATE-1",          2063,             1,  -260.502E-03,  -985.817E-03,            0.,"ASSEMBLY_PLATE-1__PICKEDSET2","ROCK","",  -975.072E-03,      -1.27583,      -1.27426,  -976.643E-03,   21.6797E-03
F:/Desktop/DeepOnet_Abaqus/StaticElasticJob3.odb,Step-1,Increment      1: Step Time =    1.000,"PLATE-1",          2064,             1,   149.942E-03,   993.460E-03,            0.,"ASSEMBLY_PLATE-1__PICKEDSET2","ROCK","",  -954.229E-03,      -1.28210,      -1.28050,  -955.825E-03,  -22.8227E-03
F:/Desktop/DeepOnet_Abaqus/StaticElasticJob3.odb,Step-1,Increment      1: Step Time =    1.000,"PLATE-1",          2065,             1,      -1.04973,   215.326E-03,            0.,"ASSEMBLY_PLATE-1__PICKEDSET2","ROCK","",      -1.03719,      -1.18076,      -1.17825,      -1.03971,  -18.8340E-03
F:/Desktop/DeepOnet_Abaqus/StaticElasticJob3.odb,Step-1,Increment      1: Step Time =    1.000,"PLATE-1",          2066,             1,   371.138E-03,  -762.455E-03,            0.,"ASSEMBLY_PLATE-1__PICKEDSET2","ROCK","",  -956.925E-03,      -1.28923,      -1.28458,  -961.580E-03,  -39.0543E-03
F:/Desktop/DeepOnet_Abaqus/StaticElasticJob3.odb,Step-1,Increment      1: Step Time =    1.000,"PLATE-1",          2067,             1,  -581.564E-03,   851.876E-03,            0.,"ASSEMBLY_PLATE-1__PICKEDSET2","ROCK","",  -982.513E-03,      -1.25695,      -1.25273,  -986.732E-03,  -33.7664E-03
F:/Desktop/DeepOnet_Abaqus/StaticElasticJob3.odb,Step-1,Increment      1: Step Time =    1.000,"PLATE-1",          2068,             1,  -561.546E-03,   661.858E-03,            0.,"ASSEMBLY_PLATE-1__PICKEDSET2","ROCK","",  -973.689E-03,      -1.26292,      -1.25239,  -984.210E-03,  -54.1508E-03
F:/Desktop/DeepOnet_Abaqus/StaticElasticJob3.odb,Step-1,Increment      1: Step Time =    1.000,"PLATE-1",          2069,             1,  -740.665E-03,   524.736E-03,            0.,"ASSEMBLY_PLATE-1__PICKEDSET2","ROCK","",  -990.669E-03,      -1.23239,      -1.21605,      -1.00701,  -60.6894E-03
F:/Desktop/DeepOnet_Abaqus/StaticElasticJob3.odb,Step-1,Increment      1: Step Time =    1.000,"PLATE-1",          2070,             1,   770.598E-03,  -617.306E-03,            0.,"ASSEMBLY_PLATE-1__PICKEDSET2","ROCK","",  -980.715E-03,      -1.24452,      -1.23370,  -991.538E-03,  -52.3273E-03
F:/Desktop/DeepOnet_Abaqus/StaticElasticJob3.odb,Step-1,Increment      1: Step Time =    1.000,"PLATE-1",          2071,             1,   782.989E-03,  -470.784E-03,            0.,"ASSEMBLY_PLATE-1__PICKEDSET2","ROCK","",  -985.629E-03,      -1.23237,      -1.21617,      -1.00182,  -61.1012E-03
F:/Desktop/DeepOnet_Abaqus/StaticElasticJob3.odb,Step-1,Increment      1: Step Time =    1.000,"PLATE-1",          2072,             1,   534.737E-03,  -770.085E-03,            0.,"ASSEMBLY_PLATE-1__PICKEDSET2","ROCK","",  -967.560E-03,      -1.27077,      -1.26487,  -973.461E-03,  -41.8883E-03
F:/Desktop/DeepOnet_Abaqus/StaticElasticJob3.odb,Step-1,Increment      1: Step Time =    1.000,"PLATE-1",          2073,             1,   184.184E-03,   924.745E-03,            0.,"ASSEMBLY_PLATE-1__PICKEDSET2","ROCK","",  -942.516E-03,      -1.29003,      -1.28757,  -944.969E-03,  -29.0905E-03
F:/Desktop/DeepOnet_Abaqus/StaticElasticJob3.odb,Step-1,Increment      1: Step Time =    1.000,"PLATE-1",          2074,             1,   79.2480E-03,   902.211E-03,            0.,"ASSEMBLY_PLATE-1__PICKEDSET2","ROCK","",  -960.311E-03,      -1.27674,      -1.27258,  -964.477E-03,  -36.0651E-03
F:/Desktop/DeepOnet_Abaqus/StaticElasticJob3.odb,Step-1,Increment      1: Step Time =    1.000,"PLATE-1",          2075,             1,      -1.00801,  -19.2980E-03,            0.,"ASSEMBLY_PLATE-1__PICKEDSET2","ROCK","",      -1.04841,      -1.16871,      -1.16832,      -1.04880,   6.83557E-03
F:/Desktop/DeepOnet_Abaqus/StaticElasticJob3.odb,Step-1,Increment      1: Step Time =    1.000,"PLATE-1",          2076,             1,  -955.268E-03,  -42.4453E-03,            0.,"ASSEMBLY_PLATE-1__PICKEDSET2","ROCK","",      -1.05187,      -1.16394,      -1.16281,      -1.05300,   11.2106E-03
F:/Desktop/DeepOnet_Abaqus/StaticElasticJob3.odb,Step-1,Increment      1: Step Time =    1.000,"PLATE-1",          2077,             1,  -934.379E-03,   319.302E-03,            0.,"ASSEMBLY_PLATE-1__PICKEDSET2","ROCK","",      -1.02753,      -1.18887,      -1.18009,      -1.03631,  -36.5973E-03
F:/Desktop/DeepOnet_Abaqus/StaticElasticJob3.odb,Step-1,Increment      1: Step Time =    1.000,"PLATE-1",          2078,             1,  -209.089E-03,      -1.05297,            0.,"ASSEMBLY_PLATE-1__PICKEDSET2","ROCK","",  -976.288E-03,      -1.27319,      -1.27231,  -977.162E-03,   16.0845E-03
F:/Desktop/DeepOnet_Abaqus/StaticElasticJob3.odb,Step-1,Increment      1: Step Time =    1.000,"PLATE-1",          2079,             1,   319.931E-03,  -745.747E-03,            0.,"ASSEMBLY_PLATE-1__PICKEDSET2","ROCK","",  -952.387E-03,      -1.29574,      -1.29114,  -956.988E-03,  -39.4798E-03
F:/Desktop/DeepOnet_Abaqus/StaticElasticJob3.odb,Step-1,Increment      1: Step Time =    1.000,"PLATE-1",          2080,             1,   60.9853E-03,       1.17738,            0.,"ASSEMBLY_PLATE-1__PICKEDSET2","ROCK","",  -971.776E-03,      -1.26772,      -1.26709,  -972.406E-03,  -13.6434E-03
F:/Desktop/DeepOnet_Abaqus/StaticElasticJob3.odb,Step-1,Increment      1: Step Time =    1.000,"PLATE-1",          2081,             1,  -60.7427E-03,       1.09158,            0.,"ASSEMBLY_PLATE-1__PICKEDSET2","ROCK","",  -978.492E-03,      -1.26481,      -1.26321,  -980.087E-03,  -21.3069E-03
F:/Desktop/DeepOnet_Abaqus/StaticElasticJob3.odb,Step-1,Increment      1: Step Time =    1.000,"PLATE-1",          2082,             1,   854.879E-03,  -729.570E-03,            0.,"ASSEMBLY_PLATE-1__PICKEDSET2","ROCK","",  -985.301E-03,      -1.24248,      -1.23592,  -991.861E-03,  -40.5475E-03
F:/Desktop/DeepOnet_Abaqus/StaticElasticJob3.odb,Step-1,Increment      1: Step Time =    1.000,"PLATE-1",          2083,             1,   532.250E-03,  -849.542E-03,            0.,"ASSEMBLY_PLATE-1__PICKEDSET2","ROCK","",  -970.222E-03,      -1.26861,      -1.26451,  -974.323E-03,  -34.7407E-03
F:/Desktop/DeepOnet_Abaqus/StaticElasticJob3.odb,Step-1,Increment      1: Step Time =    1.000,"PLATE-1",          2084,             1,  -620.930E-03,   695.613E-03,            0.,"ASSEMBLY_PLATE-1__PICKEDSET2","ROCK","",  -978.900E-03,      -1.25619,      -1.24720,  -987.890E-03,  -49.1113E-03
F:/Desktop/DeepOnet_Abaqus/StaticElasticJob3.odb,Step-1,Increment      1: Step Time =    1.000,"PLATE-1",          2085,             1,  -743.462E-03,   735.974E-03,            0.,"ASSEMBLY_PLATE-1__PICKEDSET2","ROCK","",  -988.434E-03,      -1.24347,      -1.23645,  -995.454E-03,  -41.7233E-03
F:/Desktop/DeepOnet_Abaqus/StaticElasticJob3.odb,Step-1,Increment      1: Step Time =    1.000,"PLATE-1",          2086,             1,  -593.044E-03,   770.593E-03,            0.,"ASSEMBLY_PLATE-1__PICKEDSET2","ROCK","",  -980.496E-03,      -1.25784,      -1.25180,  -986.534E-03,  -40.4725E-03
F:/Desktop/DeepOnet_Abaqus/StaticElasticJob3.odb,Step-1,Increment      1: Step Time =    1.000,"PLATE-1",          2087,             1,  -507.800E-03,   864.463E-03,            0.,"ASSEMBLY_PLATE-1__PICKEDSET2","ROCK","",  -981.749E-03,      -1.26114,      -1.25757,  -985.315E-03,  -31.3591E-03
F:/Desktop/DeepOnet_Abaqus/StaticElasticJob3.odb,Step-1,Increment      1: Step Time =    1.000,"PLATE-1",          2088,             1,  -694.552E-03,   467.133E-03,            0.,"ASSEMBLY_PLATE-1__PICKEDSET2","ROCK","",  -986.808E-03,      -1.23197,      -1.20834,      -1.01043,  -72.3457E-03
F:/Desktop/DeepOnet_Abaqus/StaticElasticJob3.odb,Step-1,Increment      1: Step Time =    1.000,"PLATE-1",          2089,             1,   310.496E-03,  -799.505E-03,            0.,"ASSEMBLY_PLATE-1__PICKEDSET2","ROCK","",  -956.495E-03,      -1.29143,      -1.28840,  -959.531E-03,  -31.7446E-03
F:/Desktop/DeepOnet_Abaqus/StaticElasticJob3.odb,Step-1,Increment      1: Step Time =    1.000,"PLATE-1",          2090,             1,  -281.968E-03,   895.232E-03,            0.,"ASSEMBLY_PLATE-1__PICKEDSET2","ROCK","",  -984.628E-03,      -1.26846,      -1.26651,  -986.576E-03,  -23.4300E-03
F:/Desktop/DeepOnet_Abaqus/StaticElasticJob3.odb,Step-1,Increment      1: Step Time =    1.000,"PLATE-1",          2091,             1,  -233.537E-03,      -1.09952,            0.,"ASSEMBLY_PLATE-1__PICKEDSET2","ROCK","",  -978.958E-03,      -1.26926,      -1.26847,  -979.755E-03,   15.1873E-03
F:/Desktop/DeepOnet_Abaqus/StaticElasticJob3.odb,Step-1,Increment      1: Step Time =    1.000,"PLATE-1",          2092,             1,  -21.7135E-03,  -952.769E-03,            0.,"ASSEMBLY_PLATE-1__PICKEDSET2","ROCK","",  -963.893E-03,      -1.28796,      -1.28783,  -964.023E-03,   6.48032E-03
F:/Desktop/DeepOnet_Abaqus/StaticElasticJob3.odb,Step-1,Increment      1: Step Time =    1.000,"PLATE-1",          2093,             1,      -1.04561,   151.143E-03,            0.,"ASSEMBLY_PLATE-1__PICKEDSET2","ROCK","",      -1.04117,      -1.17644,      -1.17500,      -1.04260,  -13.8522E-03
F:/Desktop/DeepOnet_Abaqus/StaticElasticJob3.odb,Step-1,Increment      1: Step Time =    1.000,"PLATE-1",          2094,             1,   205.273E-03,   968.423E-03,            0.,"ASSEMBLY_PLATE-1__PICKEDSET2","ROCK","",  -938.573E-03,      -1.28729,      -1.28571,  -940.149E-03,  -23.3931E-03
F:/Desktop/DeepOnet_Abaqus/StaticElasticJob3.odb,Step-1,Increment      1: Step Time =    1.000,"PLATE-1",          2095,             1,  -119.451E-03,       1.20149,            0.,"ASSEMBLY_PLATE-1__PICKEDSET2","ROCK","",  -982.118E-03,      -1.25987,      -1.25878,  -983.207E-03,  -17.3595E-03
F:/Desktop/DeepOnet_Abaqus/StaticElasticJob3.odb,Step-1,Increment      1: Step Time =    1.000,"PLATE-1",          2096,             1,  -880.557E-03,   582.726E-03,            0.,"ASSEMBLY_PLATE-1__PICKEDSET2","ROCK","",      -1.00064,      -1.22433,      -1.21498,      -1.00998,  -44.7531E-03
F:/Desktop/DeepOnet_Abaqus/StaticElasticJob3.odb,Step-1,Increment      1: Step Time =    1.000,"PLATE-1",          2097,             1,   230.476E-03,       1.01913,            0.,"ASSEMBLY_PLATE-1__PICKEDSET2","ROCK","",  -945.600E-03,      -1.28706,      -1.28649,  -946.162E-03,  -13.8422E-03
F:/Desktop/DeepOnet_Abaqus/StaticElasticJob3.odb,Step-1,Increment      1: Step Time =    1.000,"PLATE-1",          2098,             1,   251.610E-03,  -853.222E-03,            0.,"ASSEMBLY_PLATE-1__PICKEDSET2","ROCK","",  -957.792E-03,      -1.29121,      -1.28977,  -959.235E-03,  -21.8849E-03
F:/Desktop/DeepOnet_Abaqus/StaticElasticJob3.odb,Step-1,Increment      1: Step Time =    1.000,"PLATE-1",          2099,             1,   204.322E-03,  -777.538E-03,            0.,"ASSEMBLY_PLATE-1__PICKEDSET2","ROCK","",  -946.296E-03,      -1.30685,      -1.30503,  -948.115E-03,  -25.5405E-03
F:/Desktop/DeepOnet_Abaqus/StaticElasticJob3.odb,Step-1,Increment      1: Step Time =    1.000,"PLATE-1",          2100,             1,  -652.973E-03,   628.862E-03,            0.,"ASSEMBLY_PLATE-1__PICKEDSET2","ROCK","",  -980.579E-03,      -1.25014,      -1.23788,  -992.841E-03,  -56.1683E-03
F:/Desktop/DeepOnet_Abaqus/StaticElasticJob3.odb,Step-1,Increment      1: Step Time =    1.000,"PLATE-1",          2101,             1,   841.364E-03,  -664.840E-03,            0.,"ASSEMBLY_PLATE-1__PICKEDSET2","ROCK","",  -984.874E-03,      -1.24127,      -1.23309,  -993.053E-03,  -45.0569E-03
F:/Desktop/DeepOnet_Abaqus/StaticElasticJob3.odb,Step-1,Increment      1: Step Time =    1.000,"PLATE-1",          2102,             1,  -811.510E-03,  -29.4401E-03,            0.,"ASSEMBLY_PLATE-1__PICKEDSET2","ROCK","",      -1.06947,      -1.13694,      -1.13414,      -1.07227,   13.4711E-03
F:/Desktop/DeepOnet_Abaqus/StaticElasticJob3.odb,Step-1,Increment      1: Step Time =    1.000,"PLATE-1",          2103,             1,  -587.516E-03,   927.854E-03,            0.,"ASSEMBLY_PLATE-1__PICKEDSET2","ROCK","",  -985.008E-03,      -1.25466,      -1.25162,  -988.053E-03,  -28.4903E-03
F:/Desktop/DeepOnet_Abaqus/StaticElasticJob3.odb,Step-1,Increment      1: Step Time =    1.000,"PLATE-1",          2104,             1,   832.058E-03,  -596.495E-03,            0.,"ASSEMBLY_PLATE-1__PICKEDSET2","ROCK","",  -984.947E-03,      -1.23867,      -1.22809,  -995.532E-03,  -50.7305E-03
F:/Desktop/DeepOnet_Abaqus/StaticElasticJob3.odb,Step-1,Increment      1: Step Time =    1.000,"PLATE-1",          2105,             1,  -264.492E-03,   961.606E-03,            0.,"ASSEMBLY_PLATE-1__PICKEDSET2","ROCK","",  -982.618E-03,      -1.26476,      -1.26306,  -984.315E-03,  -21.8144E-03
F:/Desktop/DeepOnet_Abaqus/StaticElasticJob3.odb,Step-1,Increment      1: Step Time =    1.000,"PLATE-1",          2106,             1,  -287.606E-03,       1.05266,            0.,"ASSEMBLY_PLATE-1__PICKEDSET2","ROCK","",  -984.078E-03,      -1.25991,      -1.25851,  -985.479E-03,  -19.6068E-03
F:/Desktop/DeepOnet_Abaqus/StaticElasticJob3.odb,Step-1,Increment      1: Step Time =    1.000,"PLATE-1",          2107,             1,      -1.11880,   86.0713E-03,            0.,"ASSEMBLY_PLATE-1__PICKEDSET2","ROCK","",      -1.03957,      -1.18043,      -1.18028,      -1.03972,  -4.57832E-03
F:/Desktop/DeepOnet_Abaqus/StaticElasticJob3.odb,Step-1,Increment      1: Step Time =    1.000,"PLATE-1",          2108,             1,  -261.672E-03,       1.26091,            0.,"ASSEMBLY_PLATE-1__PICKEDSET2","ROCK","",  -984.618E-03,      -1.25438,      -1.25356,  -985.429E-03,  -14.7632E-03
F:/Desktop/DeepOnet_Abaqus/StaticElasticJob3.odb,Step-1,Increment      1: Step Time =    1.000,"PLATE-1",          2109,             1,  -194.830E-03,       1.06074,            0.,"ASSEMBLY_PLATE-1__PICKEDSET2","ROCK","",  -983.374E-03,      -1.26129,      -1.25998,  -984.682E-03,  -19.0261E-03
F:/Desktop/DeepOnet_Abaqus/StaticElasticJob3.odb,Step-1,Increment      1: Step Time =    1.000,"PLATE-1",          2110,             1,  -161.082E-03,       1.25099,            0.,"ASSEMBLY_PLATE-1__PICKEDSET2","ROCK","",  -981.992E-03,      -1.25805,      -1.25725,  -982.790E-03,  -14.8204E-03
F:/Desktop/DeepOnet_Abaqus/StaticElasticJob3.odb,Step-1,Increment      1: Step Time =    1.000,"PLATE-1",          2111,             1,   905.120E-03,  -589.895E-03,            0.,"ASSEMBLY_PLATE-1__PICKEDSET2","ROCK","",  -989.807E-03,      -1.23279,      -1.22319,  -999.414E-03,  -47.3515E-03
F:/Desktop/DeepOnet_Abaqus/StaticElasticJob3.odb,Step-1,Increment      1: Step Time =    1.000,"PLATE-1",          2112,             1,   108.273E-03,       1.07667,            0.,"ASSEMBLY_PLATE-1__PICKEDSET2","ROCK","",  -964.438E-03,      -1.27439,      -1.27337,  -965.463E-03,  -17.7987E-03
F:/Desktop/DeepOnet_Abaqus/StaticElasticJob3.odb,Step-1,Increment      1: Step Time =    1.000,"PLATE-1",          2113,             1,  -326.760E-03,       1.15323,            0.,"ASSEMBLY_PLATE-1__PICKEDSET2","ROCK","",  -985.456E-03,      -1.25616,      -1.25492,  -986.697E-03,  -18.2886E-03
F:/Desktop/DeepOnet_Abaqus/StaticElasticJob3.odb,Step-1,Increment      1: Step Time =    1.000,"PLATE-1",          2114,             1,      -1.14656,   33.6257E-03,            0.,"ASSEMBLY_PLATE-1__PICKEDSET2","ROCK","",      -1.03880,      -1.18222,      -1.18222,      -1.03880,   433.698E-06
F:/Desktop/DeepOnet_Abaqus/StaticElasticJob3.odb,Step-1,Increment      1: Step Time =    1.000,"PLATE-1",          2115,             1,   246.547E-03,  -921.824E-03,            0.,"ASSEMBLY_PLATE-1__PICKEDSET2","ROCK","",  -963.163E-03,      -1.28454,      -1.28373,  -963.974E-03,  -16.1282E-03
F:/Desktop/DeepOnet_Abaqus/StaticElasticJob3.odb,Step-1,Increment      1: Step Time =    1.000,"PLATE-1",          2116,             1,   318.750E-03,  -928.806E-03,            0.,"ASSEMBLY_PLATE-1__PICKEDSET2","ROCK","",  -965.569E-03,      -1.28007,      -1.27875,  -966.893E-03,  -20.3654E-03
F:/Desktop/DeepOnet_Abaqus/StaticElasticJob3.odb,Step-1,Increment      1: Step Time =    1.000,"PLATE-1",          2117,             1,  -451.917E-03,       1.11504,            0.,"ASSEMBLY_PLATE-1__PICKEDSET2","ROCK","",  -987.666E-03,      -1.25397,      -1.25247,  -989.162E-03,  -19.9053E-03
F:/Desktop/DeepOnet_Abaqus/StaticElasticJob3.odb,Step-1,Increment      1: Step Time =    1.000,"PLATE-1",          2118,             1,   367.318E-03,  -842.639E-03,            0.,"ASSEMBLY_PLATE-1__PICKEDSET2","ROCK","",  -962.137E-03,      -1.28320,      -1.28045,  -964.892E-03,  -29.6117E-03
F:/Desktop/DeepOnet_Abaqus/StaticElasticJob3.odb,Step-1,Increment      1: Step Time =    1.000,"PLATE-1",          2119,             1,   952.706E-03,  -678.946E-03,            0.,"ASSEMBLY_PLATE-1__PICKEDSET2","ROCK","",  -990.559E-03,      -1.23464,      -1.22767,  -997.529E-03,  -40.6528E-03
F:/Desktop/DeepOnet_Abaqus/StaticElasticJob3.odb,Step-1,Increment      1: Step Time =    1.000,"PLATE-1",          2120,             1,      -1.23590,   51.6949E-03,            0.,"ASSEMBLY_PLATE-1__PICKEDSET2","ROCK","",      -1.03405,      -1.18885,      -1.18884,      -1.03406,  -1.25047E-03
F:/Desktop/DeepOnet_Abaqus/StaticElasticJob3.odb,Step-1,Increment      1: Step Time =    1.000,"PLATE-1",          2121,             1,  -240.134E-03,       1.01558,            0.,"ASSEMBLY_PLATE-1__PICKEDSET2","ROCK","",  -984.743E-03,      -1.26254,      -1.26094,  -986.340E-03,  -21.0007E-03
F:/Desktop/DeepOnet_Abaqus/StaticElasticJob3.odb,Step-1,Increment      1: Step Time =    1.000,"PLATE-1",          2122,             1,   822.308E-03,  -824.268E-03,            0.,"ASSEMBLY_PLATE-1__PICKEDSET2","ROCK","",  -982.911E-03,      -1.24784,      -1.24286,  -987.888E-03,  -35.9682E-03
F:/Desktop/DeepOnet_Abaqus/StaticElasticJob3.odb,Step-1,Increment      1: Step Time =    1.000,"PLATE-1",          2123,             1,   942.167E-03,  -762.248E-03,            0.,"ASSEMBLY_PLATE-1__PICKEDSET2","ROCK","",  -988.746E-03,      -1.23883,      -1.23327,  -994.306E-03,  -36.8723E-03
F:/Desktop/DeepOnet_Abaqus/StaticElasticJob3.odb,Step-1,Increment      1: Step Time =    1.000,"PLATE-1",          2124,             1,  -344.323E-03,       1.08444,            0.,"ASSEMBLY_PLATE-1__PICKEDSET2","ROCK","",  -986.758E-03,      -1.25761,      -1.25623,  -988.136E-03,  -19.2705E-03
F:/Desktop/DeepOnet_Abaqus/StaticElasticJob3.odb,Step-1,Increment      1: Step Time =    1.000,"PLATE-1",          2125,             1,  -431.039E-03,       1.05682,            0.,"ASSEMBLY_PLATE-1__PICKEDSET2","ROCK","",  -985.745E-03,      -1.25702,      -1.25532,  -987.448E-03,  -21.4259E-03
F:/Desktop/DeepOnet_Abaqus/StaticElasticJob3.odb,Step-1,Increment      1: Step Time =    1.000,"PLATE-1",          2126,             1,   871.790E-03,  -889.667E-03,            0.,"ASSEMBLY_PLATE-1__PICKEDSET2","ROCK","",  -985.316E-03,      -1.24572,      -1.24183,  -989.204E-03,  -31.5826E-03
F:/Desktop/DeepOnet_Abaqus/StaticElasticJob3.odb,Step-1,Increment      1: Step Time =    1.000,"PLATE-1",          2127,             1,   927.122E-03,  -853.344E-03,            0.,"ASSEMBLY_PLATE-1__PICKEDSET2","ROCK","",  -987.248E-03,      -1.24251,      -1.23821,  -991.545E-03,  -32.8374E-03
F:/Desktop/DeepOnet_Abaqus/StaticElasticJob3.odb,Step-1,Increment      1: Step Time =    1.000,"PLATE-1",          2128,             1,   312.855E-03,      -1.01351,            0.,"ASSEMBLY_PLATE-1__PICKEDSET2","ROCK","",  -970.548E-03,      -1.27388,      -1.27311,  -971.320E-03,  -15.2795E-03
F:/Desktop/DeepOnet_Abaqus/StaticElasticJob3.odb,Step-1,Increment      1: Step Time =    1.000,"PLATE-1",          2129,             1,   93.5055E-03,      -1.03333,            0.,"ASSEMBLY_PLATE-1__PICKEDSET2","ROCK","",  -969.253E-03,      -1.27931,      -1.27931,  -969.259E-03,  -1.31871E-03
F:/Desktop/DeepOnet_Abaqus/StaticElasticJob3.odb,Step-1,Increment      1: Step Time =    1.000,"PLATE-1",          2130,             1,   916.141E-03,  -518.050E-03,            0.,"ASSEMBLY_PLATE-1__PICKEDSET2","ROCK","",  -993.185E-03,      -1.22584,      -1.21448,      -1.00455,  -50.1417E-03
F:/Desktop/DeepOnet_Abaqus/StaticElasticJob3.odb,Step-1,Increment      1: Step Time =    1.000,"PLATE-1",          2131,             1,   786.034E-03,  -749.888E-03,            0.,"ASSEMBLY_PLATE-1__PICKEDSET2","ROCK","",  -981.253E-03,      -1.24819,      -1.24159,  -987.855E-03,  -41.4561E-03
F:/Desktop/DeepOnet_Abaqus/StaticElasticJob3.odb,Step-1,Increment      1: Step Time =    1.000,"PLATE-1",          2132,             1,       1.12713,  -598.016E-03,            0.,"ASSEMBLY_PLATE-1__PICKEDSET2","ROCK","",      -1.00142,      -1.22163,      -1.21591,      -1.00714,  -35.0284E-03
F:/Desktop/DeepOnet_Abaqus/StaticElasticJob3.odb,Step-1,Increment      1: Step Time =    1.000,"PLATE-1",          2133,             1,       1.01585,  -477.948E-03,            0.,"ASSEMBLY_PLATE-1__PICKEDSET2","ROCK","",      -1.00139,      -1.21695,      -1.20763,      -1.01072,  -43.8611E-03
F:/Desktop/DeepOnet_Abaqus/StaticElasticJob3.odb,Step-1,Increment      1: Step Time =    1.000,"PLATE-1",          2134,             1,       1.03046,  -607.680E-03,            0.,"ASSEMBLY_PLATE-1__PICKEDSET2","ROCK","",  -997.005E-03,      -1.22582,      -1.21883,      -1.00400,  -39.3925E-03
F:/Desktop/DeepOnet_Abaqus/StaticElasticJob3.odb,Step-1,Increment      1: Step Time =    1.000,"PLATE-1",          2135,             1,   663.639E-03,  -972.023E-03,            0.,"ASSEMBLY_PLATE-1__PICKEDSET2","ROCK","",  -978.630E-03,      -1.25752,      -1.25487,  -981.288E-03,  -27.0981E-03
F:/Desktop/DeepOnet_Abaqus/StaticElasticJob3.odb,Step-1,Increment      1: Step Time =    1.000,"PLATE-1",          2136,             1,   679.487E-03,      -1.06606,            0.,"ASSEMBLY_PLATE-1__PICKEDSET2","ROCK","",  -981.011E-03,      -1.25534,      -1.25348,  -982.877E-03,  -22.5483E-03
F:/Desktop/DeepOnet_Abaqus/StaticElasticJob3.odb,Step-1,Increment      1: Step Time =    1.000,"PLATE-1",          2137,             1,   720.338E-03,      -1.02317,            0.,"ASSEMBLY_PLATE-1__PICKEDSET2","ROCK","",  -981.695E-03,      -1.25351,      -1.25124,  -983.963E-03,  -24.7254E-03
F:/Desktop/DeepOnet_Abaqus/StaticElasticJob3.odb,Step-1,Increment      1: Step Time =    1.000,"PLATE-1",          2138,             1,   676.984E-03,  -879.426E-03,            0.,"ASSEMBLY_PLATE-1__PICKEDSET2","ROCK","",  -977.862E-03,      -1.25669,      -1.25269,  -981.861E-03,  -33.1488E-03
F:/Desktop/DeepOnet_Abaqus/StaticElasticJob3.odb,Step-1,Increment      1: Step Time =    1.000,"PLATE-1",          2139,             1,   818.861E-03,  -930.063E-03,            0.,"ASSEMBLY_PLATE-1__PICKEDSET2","ROCK","",  -983.628E-03,      -1.24875,      -1.24525,  -987.125E-03,  -30.2479E-03
F:/Desktop/DeepOnet_Abaqus/StaticElasticJob3.odb,Step-1,Increment      1: Step Time =    1.000,"PLATE-1",          2140,             1,   549.689E-03,  -931.754E-03,            0.,"ASSEMBLY_PLATE-1__PICKEDSET2","ROCK","",  -973.809E-03,      -1.26489,      -1.26215,  -976.551E-03,  -28.1177E-03
F:/Desktop/DeepOnet_Abaqus/StaticElasticJob3.odb,Step-1,Increment      1: Step Time =    1.000,"PLATE-1",          2141,             1,   727.043E-03,      -1.14678,            0.,"ASSEMBLY_PLATE-1__PICKEDSET2","ROCK","",  -983.700E-03,      -1.25220,      -1.25076,  -985.143E-03,  -19.6263E-03
F:/Desktop/DeepOnet_Abaqus/StaticElasticJob3.odb,Step-1,Increment      1: Step Time =    1.000,"PLATE-1",          2142,             1,   910.814E-03,      -1.05660,            0.,"ASSEMBLY_PLATE-1__PICKEDSET2","ROCK","",  -987.309E-03,      -1.24544,      -1.24319,  -989.555E-03,  -23.9700E-03
F:/Desktop/DeepOnet_Abaqus/StaticElasticJob3.odb,Step-1,Increment      1: Step Time =    1.000,"PLATE-1",          2143,             1,   921.209E-03,  -952.442E-03,            0.,"ASSEMBLY_PLATE-1__PICKEDSET2","ROCK","",  -987.100E-03,      -1.24432,      -1.24118,  -990.245E-03,  -28.2670E-03
F:/Desktop/DeepOnet_Abaqus/StaticElasticJob3.odb,Step-1,Increment      1: Step Time =    1.000,"PLATE-1",          2144,             1,   622.391E-03,      -1.03008,            0.,"ASSEMBLY_PLATE-1__PICKEDSET2","ROCK","",  -978.833E-03,      -1.25830,      -1.25628,  -980.857E-03,  -23.6944E-03
F:/Desktop/DeepOnet_Abaqus/StaticElasticJob3.odb,Step-1,Increment      1: Step Time =    1.000,"PLATE-1",          2145,             1,   848.442E-03,      -1.14836,            0.,"ASSEMBLY_PLATE-1__PICKEDSET2","ROCK","",  -986.406E-03,      -1.24776,      -1.24611,  -988.054E-03,  -20.6923E-03
F:/Desktop/DeepOnet_Abaqus/StaticElasticJob3.odb,Step-1,Increment      1: Step Time =    1.000,"PLATE-1",          2146,             1,       1.02011,      -1.08609,            0.,"ASSEMBLY_PLATE-1__PICKEDSET2","ROCK","",  -990.097E-03,      -1.24195,      -1.23990,  -992.150E-03,  -22.6505E-03
F:/Desktop/DeepOnet_Abaqus/StaticElasticJob3.odb,Step-1,Increment      1: Step Time =    1.000,"PLATE-1",          2147,             1,   389.876E-03,  -909.087E-03,            0.,"ASSEMBLY_PLATE-1__PICKEDSET2","ROCK","",  -967.014E-03,      -1.27666,      -1.27465,  -969.021E-03,  -24.8423E-03
F:/Desktop/DeepOnet_Abaqus/StaticElasticJob3.odb,Step-1,Increment      1: Step Time =    1.000,"PLATE-1",          2148,             1,       1.08178,      -1.03851,            0.,"ASSEMBLY_PLATE-1__PICKEDSET2","ROCK","",  -991.774E-03,      -1.23930,      -1.23702,  -994.059E-03,  -23.6746E-03
F:/Desktop/DeepOnet_Abaqus/StaticElasticJob3.odb,Step-1,Increment      1: Step Time =    1.000,"PLATE-1",          2149,             1,       1.02882,  -975.271E-03,            0.,"ASSEMBLY_PLATE-1__PICKEDSET2","ROCK","",  -990.460E-03,      -1.24027,      -1.23748,  -993.247E-03,  -26.2406E-03
F:/Desktop/DeepOnet_Abaqus/StaticElasticJob3.odb,Step-1,Increment      1: Step Time =    1.000,"PLATE-1",          2150,             1,   423.861E-03,  -972.588E-03,            0.,"ASSEMBLY_PLATE-1__PICKEDSET2","ROCK","",  -971.286E-03,      -1.27087,      -1.26922,  -972.936E-03,  -22.1730E-03
F:/Desktop/DeepOnet_Abaqus/StaticElasticJob3.odb,Step-1,Increment      1: Step Time =    1.000,"PLATE-1",          2151,             1,   546.798E-03,      -1.08704,            0.,"ASSEMBLY_PLATE-1__PICKEDSET2","ROCK","",  -978.482E-03,      -1.26040,      -1.25909,  -979.792E-03,  -19.1706E-03
F:/Desktop/DeepOnet_Abaqus/StaticElasticJob3.odb,Step-1,Increment      1: Step Time =    1.000,"PLATE-1",          2152,             1,   976.015E-03,  -913.741E-03,            0.,"ASSEMBLY_PLATE-1__PICKEDSET2","ROCK","",  -989.021E-03,      -1.24118,      -1.23774,  -992.464E-03,  -29.2634E-03
F:/Desktop/DeepOnet_Abaqus/StaticElasticJob3.odb,Step-1,Increment      1: Step Time =    1.000,"PLATE-1",          2153,             1,   596.447E-03,      -1.16184,            0.,"ASSEMBLY_PLATE-1__PICKEDSET2","ROCK","",  -981.409E-03,      -1.25655,      -1.25548,  -982.481E-03,  -17.1376E-03
F:/Desktop/DeepOnet_Abaqus/StaticElasticJob3.odb,Step-1,Increment      1: Step Time =    1.000,"PLATE-1",          2154,             1,       1.02867,  -873.602E-03,            0.,"ASSEMBLY_PLATE-1__PICKEDSET2","ROCK","",  -991.031E-03,      -1.23812,      -1.23439,  -994.761E-03,  -30.1314E-03
F:/Desktop/DeepOnet_Abaqus/StaticElasticJob3.odb,Step-1,Increment      1: Step Time =    1.000,"PLATE-1",          2155,             1,       1.03271,  -781.313E-03,            0.,"ASSEMBLY_PLATE-1__PICKEDSET2","ROCK","",  -992.502E-03,      -1.23480,      -1.23008,  -997.220E-03,  -33.4785E-03
F:/Desktop/DeepOnet_Abaqus/StaticElasticJob3.odb,Step-1,Increment      1: Step Time =    1.000,"PLATE-1",          2156,             1,   383.605E-03,      -1.03612,            0.,"ASSEMBLY_PLATE-1__PICKEDSET2","ROCK","",  -972.572E-03,      -1.27012,      -1.26906,  -973.630E-03,  -17.7147E-03
F:/Desktop/DeepOnet_Abaqus/StaticElasticJob3.odb,Step-1,Increment      1: Step Time =    1.000,"PLATE-1",          2157,             1,   498.396E-03,      -1.11523,            0.,"ASSEMBLY_PLATE-1__PICKEDSET2","ROCK","",  -978.339E-03,      -1.26127,      -1.26022,  -979.393E-03,  -17.2359E-03
F:/Desktop/DeepOnet_Abaqus/StaticElasticJob3.odb,Step-1,Increment      1: Step Time =    1.000,"PLATE-1",          2158,             1,   695.322E-03,      -1.12821,            0.,"ASSEMBLY_PLATE-1__PICKEDSET2","ROCK","",  -982.589E-03,      -1.25364,      -1.25212,  -984.116E-03,  -20.2881E-03
F:/Desktop/DeepOnet_Abaqus/StaticElasticJob3.odb,Step-1,Increment      1: Step Time =    1.000,"PLATE-1",          2159,             1,   649.961E-03,      -1.17302,            0.,"ASSEMBLY_PLATE-1__PICKEDSET2","ROCK","",  -982.473E-03,      -1.25464,      -1.25347,  -983.648E-03,  -17.8418E-03
F:/Desktop/DeepOnet_Abaqus/StaticElasticJob3.odb,Step-1,Increment      1: Step Time =    1.000,"PLATE-1",          2160,             1,   349.569E-03,      -1.27390,            0.,"ASSEMBLY_PLATE-1__PICKEDSET2","ROCK","",  -981.545E-03,      -1.25960,      -1.25937,  -981.769E-03,  -7.87969E-03
F:/Desktop/DeepOnet_Abaqus/StaticElasticJob3.odb,Step-1,Increment      1: Step Time =    1.000,"PLATE-1",          2161,             1,   441.992E-03,      -1.24502,            0.,"ASSEMBLY_PLATE-1__PICKEDSET2","ROCK","",  -981.298E-03,      -1.25880,      -1.25835,  -981.748E-03,  -11.1723E-03
F:/Desktop/DeepOnet_Abaqus/StaticElasticJob3.odb,Step-1,Increment      1: Step Time =    1.000,"PLATE-1",          2162,             1,   506.259E-03,      -1.27520,            0.,"ASSEMBLY_PLATE-1__PICKEDSET2","ROCK","",  -982.659E-03,      -1.25640,      -1.25588,  -983.178E-03,  -11.9072E-03
F:/Desktop/DeepOnet_Abaqus/StaticElasticJob3.odb,Step-1,Increment      1: Step Time =    1.000,"PLATE-1",          2163,             1,   648.083E-03,      -1.31156,            0.,"ASSEMBLY_PLATE-1__PICKEDSET2","ROCK","",  -985.209E-03,      -1.25192,      -1.25122,  -985.907E-03,  -13.6310E-03
F:/Desktop/DeepOnet_Abaqus/StaticElasticJob3.odb,Step-1,Increment      1: Step Time =    1.000,"PLATE-1",          2164,             1,   380.678E-03,      -1.20808,            0.,"ASSEMBLY_PLATE-1__PICKEDSET2","ROCK","",  -979.486E-03,      -1.26178,      -1.26140,  -979.858E-03,  -10.2438E-03
F:/Desktop/DeepOnet_Abaqus/StaticElasticJob3.odb,Step-1,Increment      1: Step Time =    1.000,"PLATE-1",          2165,             1,   267.018E-03,      -1.11956,            0.,"ASSEMBLY_PLATE-1__PICKEDSET2","ROCK","",  -974.848E-03,      -1.26901,      -1.26871,  -975.140E-03,  -9.26366E-03
F:/Desktop/DeepOnet_Abaqus/StaticElasticJob3.odb,Step-1,Increment      1: Step Time =    1.000,"PLATE-1",          2166,             1,   115.866E-03,      -1.17268,            0.,"ASSEMBLY_PLATE-1__PICKEDSET2","ROCK","",  -977.080E-03,      -1.26830,      -1.26830,  -977.083E-03,  -1.04269E-03
F:/Desktop/DeepOnet_Abaqus/StaticElasticJob3.odb,Step-1,Increment      1: Step Time =    1.000,"PLATE-1",          2167,             1,   162.613E-03,      -1.23619,            0.,"ASSEMBLY_PLATE-1__PICKEDSET2","ROCK","",  -979.374E-03,      -1.26443,      -1.26441,  -979.392E-03,  -2.29087E-03
F:/Desktop/DeepOnet_Abaqus/StaticElasticJob3.odb,Step-1,Increment      1: Step Time =    1.000,"PLATE-1",          2168,             1,  -181.282E-03,      -1.14384,            0.,"ASSEMBLY_PLATE-1__PICKEDSET2","ROCK","",  -979.520E-03,      -1.26792,      -1.26741,  -980.024E-03,   12.0503E-03
F:/Desktop/DeepOnet_Abaqus/StaticElasticJob3.odb,Step-1,Increment      1: Step Time =    1.000,"PLATE-1",          2169,             1,  -93.6371E-03,      -1.09462,            0.,"ASSEMBLY_PLATE-1__PICKEDSET2","ROCK","",  -975.154E-03,      -1.27345,      -1.27316,  -975.453E-03,   9.43418E-03
F:/Desktop/DeepOnet_Abaqus/StaticElasticJob3.odb,Step-1,Increment      1: Step Time =    1.000,"PLATE-1",          2170,             1,  -137.213E-03,  -940.079E-03,            0.,"ASSEMBLY_PLATE-1__PICKEDSET2","ROCK","",  -966.206E-03,      -1.28687,      -1.28589,  -967.186E-03,   17.6973E-03
F:/Desktop/DeepOnet_Abaqus/StaticElasticJob3.odb,Step-1,Increment      1: Step Time =    1.000,"PLATE-1",          2171,             1,       1.07997,   120.310E-03,            0.,"ASSEMBLY_PLATE-1__PICKEDSET2","ROCK","",      -1.05215,      -1.15937,      -1.15936,      -1.05216,   1.09168E-03
F:/Desktop/DeepOnet_Abaqus/StaticElasticJob3.odb,Step-1,Increment      1: Step Time =    1.000,"PLATE-1",          2172,             1,   95.2059E-03,      -1.10190,            0.,"ASSEMBLY_PLATE-1__PICKEDSET2","ROCK","",  -973.402E-03,      -1.27331,      -1.27331,  -973.404E-03,  -888.616E-06
F:/Desktop/DeepOnet_Abaqus/StaticElasticJob3.odb,Step-1,Increment      1: Step Time =    1.000,"PLATE-1",          2173,             1,   194.499E-03,      -1.30214,            0.,"ASSEMBLY_PLATE-1__PICKEDSET2","ROCK","",  -981.536E-03,      -1.26116,      -1.26113,  -981.569E-03,  -3.07728E-03
F:/Desktop/DeepOnet_Abaqus/StaticElasticJob3.odb,Step-1,Increment      1: Step Time =    1.000,"PLATE-1",          2174,             1,  -745.852E-03,  -578.241E-03,            0.,"ASSEMBLY_PLATE-1__PICKEDSET2","ROCK","",  -998.092E-03,      -1.24142,      -1.22949,      -1.01002,   52.5311E-03
F:/Desktop/DeepOnet_Abaqus/StaticElasticJob3.odb,Step-1,Increment      1: Step Time =    1.000,"PLATE-1",          2175,             1,       1.30643,   153.383E-03,            0.,"ASSEMBLY_PLATE-1__PICKEDSET2","ROCK","",      -1.03781,      -1.18500,      -1.18462,      -1.03819,   7.43849E-03
F:/Desktop/DeepOnet_Abaqus/StaticElasticJob3.odb,Step-1,Increment      1: Step Time =    1.000,"PLATE-1",          2176,             1,   975.419E-03,   627.333E-03,            0.,"ASSEMBLY_PLATE-1__PICKEDSET2","ROCK","",      -1.02378,      -1.23605,      -1.22480,      -1.03503,   47.5689E-03
F:/Desktop/DeepOnet_Abaqus/StaticElasticJob3.odb,Step-1,Increment      1: Step Time =    1.000,"PLATE-1",          2177,             1,   764.981E-03,      -1.18173,            0.,"ASSEMBLY_PLATE-1__PICKEDSET2","ROCK","",  -985.139E-03,      -1.25025,      -1.24890,  -986.487E-03,  -18.8551E-03
F:/Desktop/DeepOnet_Abaqus/StaticElasticJob3.odb,Step-1,Increment      1: Step Time =    1.000,"PLATE-1",          2178,             1,      -1.04307,   20.3086E-03,            0.,"ASSEMBLY_PLATE-1__PICKEDSET2","ROCK","",      -1.04611,      -1.17172,      -1.17170,      -1.04612,   1.34675E-03
F:/Desktop/DeepOnet_Abaqus/StaticElasticJob3.odb,Step-1,Increment      1: Step Time =    1.000,"PLATE-1",          2179,             1,       1.00339,  -40.4666E-03,            0.,"ASSEMBLY_PLATE-1__PICKEDSET2","ROCK","",      -1.04297,      -1.15893,      -1.15368,      -1.04822,  -24.0986E-03
F:/Desktop/DeepOnet_Abaqus/StaticElasticJob3.odb,Step-1,Increment      1: Step Time =    1.000,"PLATE-1",          2180,             1,       1.00443,  -331.973E-03,            0.,"ASSEMBLY_PLATE-1__PICKEDSET2","ROCK","",      -1.01128,      -1.20049,      -1.18934,      -1.02243,  -44.5656E-03
F:/Desktop/DeepOnet_Abaqus/StaticElasticJob3.odb,Step-1,Increment      1: Step Time =    1.000,"PLATE-1",          2181,             1,      -1.20277,  -82.9114E-03,            0.,"ASSEMBLY_PLATE-1__PICKEDSET2","ROCK","",      -1.03370,      -1.19001,      -1.18939,      -1.03431,   9.79773E-03
F:/Desktop/DeepOnet_Abaqus/StaticElasticJob3.odb,Step-1,Increment      1: Step Time =    1.000,"PLATE-1",          2182,             1,      -1.25370,  -41.4117E-03,            0.,"ASSEMBLY_PLATE-1__PICKEDSET2","ROCK","",      -1.03262,      -1.19142,      -1.19124,      -1.03280,   5.39807E-03
F:/Desktop/DeepOnet_Abaqus/StaticElasticJob3.odb,Step-1,Increment      1: Step Time =    1.000,"PLATE-1",          2183,             1,   627.889E-03,   767.314E-03,            0.,"ASSEMBLY_PLATE-1__PICKEDSET2","ROCK","",  -971.142E-03,      -1.30153,      -1.26337,      -1.00930,   105.597E-03
F:/Desktop/DeepOnet_Abaqus/StaticElasticJob3.odb,Step-1,Increment      1: Step Time =    1.000,"PLATE-1",          2184,             1,   227.252E-03,       1.16330,            0.,"ASSEMBLY_PLATE-1__PICKEDSET2","ROCK","",  -956.824E-03,      -1.27536,      -1.27518,  -957.007E-03,  -7.62056E-03
F:/Desktop/DeepOnet_Abaqus/StaticElasticJob3.odb,Step-1,Increment      1: Step Time =    1.000,"PLATE-1",          2185,             1,  -809.563E-03,   679.063E-03,            0.,"ASSEMBLY_PLATE-1__PICKEDSET2","ROCK","",  -992.605E-03,      -1.23637,      -1.22823,      -1.00075,  -43.8022E-03
F:/Desktop/DeepOnet_Abaqus/StaticElasticJob3.odb,Step-1,Increment      1: Step Time =    1.000,"PLATE-1",          2186,             1,  -914.779E-03,   536.323E-03,            0.,"ASSEMBLY_PLATE-1__PICKEDSET2","ROCK","",      -1.00553,      -1.21779,      -1.20848,      -1.01485,  -43.4864E-03
F:/Desktop/DeepOnet_Abaqus/StaticElasticJob3.odb,Step-1,Increment      1: Step Time =    1.000,"PLATE-1",          2187,             1,   578.584E-03,   814.987E-03,            0.,"ASSEMBLY_PLATE-1__PICKEDSET2","ROCK","",  -929.129E-03,      -1.31686,      -1.28917,  -956.814E-03,   99.8395E-03
F:/Desktop/DeepOnet_Abaqus/StaticElasticJob3.odb,Step-1,Increment      1: Step Time =    1.000,"PLATE-1",          2188,             1,   684.542E-03,   827.050E-03,            0.,"ASSEMBLY_PLATE-1__PICKEDSET2","ROCK","",  -987.235E-03,      -1.27615,      -1.25773,      -1.00565,   70.5718E-03
F:/Desktop/DeepOnet_Abaqus/StaticElasticJob3.odb,Step-1,Increment      1: Step Time =    1.000,"PLATE-1",          2189,             1,      -1.01117,   506.621E-03,            0.,"ASSEMBLY_PLATE-1__PICKEDSET2","ROCK","",      -1.01202,      -1.21108,      -1.20406,      -1.01904,  -36.7121E-03
F:/Desktop/DeepOnet_Abaqus/StaticElasticJob3.odb,Step-1,Increment      1: Step Time =    1.000,"PLATE-1",          2190,             1,  -868.645E-03,  -314.037E-03,            0.,"ASSEMBLY_PLATE-1__PICKEDSET2","ROCK","",      -1.02497,      -1.20011,      -1.18712,      -1.03796,   45.8823E-03
F:/Desktop/DeepOnet_Abaqus/StaticElasticJob3.odb,Step-1,Increment      1: Step Time =    1.000,"PLATE-1",          2191,             1,       1.08998,  -506.207E-03,            0.,"ASSEMBLY_PLATE-1__PICKEDSET2","ROCK","",      -1.00371,      -1.21650,      -1.20924,      -1.01096,  -38.6127E-03
F:/Desktop/DeepOnet_Abaqus/StaticElasticJob3.odb,Step-1,Increment      1: Step Time =    1.000,"PLATE-1",          2192,             1,   912.754E-03,  -364.233E-03,            0.,"ASSEMBLY_PLATE-1__PICKEDSET2","ROCK","",      -1.00193,      -1.20937,      -1.19443,      -1.01688,  -53.6372E-03
F:/Desktop/DeepOnet_Abaqus/StaticElasticJob3.odb,Step-1,Increment      1: Step Time =    1.000,"PLATE-1",          2193,             1,   907.458E-03,   722.888E-03,            0.,"ASSEMBLY_PLATE-1__PICKEDSET2","ROCK","",      -1.01225,      -1.24970,      -1.23839,      -1.02356,   50.5702E-03
F:/Desktop/DeepOnet_Abaqus/StaticElasticJob3.odb,Step-1,Increment      1: Step Time =    1.000,"PLATE-1",          2194,             1,   855.186E-03,   722.822E-03,            0.,"ASSEMBLY_PLATE-1__PICKEDSET2","ROCK","",      -1.01681,      -1.25457,      -1.24336,      -1.02802,   50.4079E-03
F:/Desktop/DeepOnet_Abaqus/StaticElasticJob3.odb,Step-1,Increment      1: Step Time =    1.000,"PLATE-1",          2195,             1,   337.702E-03,       1.10834,            0.,"ASSEMBLY_PLATE-1__PICKEDSET2","ROCK","",  -945.548E-03,      -1.28380,      -1.28375,  -945.600E-03,   4.17623E-03
F:/Desktop/DeepOnet_Abaqus/StaticElasticJob3.odb,Step-1,Increment      1: Step Time =    1.000,"PLATE-1",          2196,             1,  -922.455E-03,  -118.899E-03,            0.,"ASSEMBLY_PLATE-1__PICKEDSET2","ROCK","",      -1.04821,      -1.16851,      -1.16361,      -1.05311,   23.7873E-03
F:/Desktop/DeepOnet_Abaqus/StaticElasticJob3.odb,Step-1,Increment      1: Step Time =    1.000,"PLATE-1",          2197,             1,   945.260E-03,  -452.545E-03,            0.,"ASSEMBLY_PLATE-1__PICKEDSET2","ROCK","",  -998.739E-03,      -1.21740,      -1.20540,      -1.01074,  -49.7931E-03
F:/Desktop/DeepOnet_Abaqus/StaticElasticJob3.odb,Step-1,Increment      1: Step Time =    1.000,"PLATE-1",          2198,             1,  -523.133E-03,       1.18394,            0.,"ASSEMBLY_PLATE-1__PICKEDSET2","ROCK","",  -988.826E-03,      -1.25098,      -1.24967,  -990.129E-03,  -18.4312E-03
F:/Desktop/DeepOnet_Abaqus/StaticElasticJob3.odb,Step-1,Increment      1: Step Time =    1.000,"PLATE-1",          2199,             1,  -655.868E-03,   859.702E-03,            0.,"ASSEMBLY_PLATE-1__PICKEDSET2","ROCK","",  -985.459E-03,      -1.25138,      -1.24698,  -989.863E-03,  -33.9364E-03
F:/Desktop/DeepOnet_Abaqus/StaticElasticJob3.odb,Step-1,Increment      1: Step Time =    1.000,"PLATE-1",          2200,             1,  -879.652E-03,   493.511E-03,            0.,"ASSEMBLY_PLATE-1__PICKEDSET2","ROCK","",      -1.00604,      -1.21541,      -1.20388,      -1.01757,  -47.7610E-03
F:/Desktop/DeepOnet_Abaqus/StaticElasticJob3.odb,Step-1,Increment      1: Step Time =    1.000,"PLATE-1",          2201,             1,   994.527E-03,  -728.619E-03,            0.,"ASSEMBLY_PLATE-1__PICKEDSET2","ROCK","",  -991.703E-03,      -1.23447,      -1.22874,  -997.438E-03,  -36.8704E-03
F:/Desktop/DeepOnet_Abaqus/StaticElasticJob3.odb,Step-1,Increment      1: Step Time =    1.000,"PLATE-1",          2202,             1,       1.10269,   353.710E-03,            0.,"ASSEMBLY_PLATE-1__PICKEDSET2","ROCK","",      -1.04074,      -1.18755,      -1.18089,      -1.04740,   30.5567E-03
F:/Desktop/DeepOnet_Abaqus/StaticElasticJob3.odb,Step-1,Increment      1: Step Time =    1.000,"PLATE-1",          2203,             1,  -886.281E-03,  -193.437E-03,            0.,"ASSEMBLY_PLATE-1__PICKEDSET2","ROCK","",      -1.04057,      -1.17805,      -1.16789,      -1.05073,   35.9686E-03
F:/Desktop/DeepOnet_Abaqus/StaticElasticJob3.odb,Step-1,Increment      1: Step Time =    1.000,"PLATE-1",          2204,             1,  -568.440E-03,  -690.273E-03,            0.,"ASSEMBLY_PLATE-1__PICKEDSET2","ROCK","",  -984.688E-03,      -1.26438,      -1.25484,  -994.226E-03,   50.7617E-03
F:/Desktop/DeepOnet_Abaqus/StaticElasticJob3.odb,Step-1,Increment      1: Step Time =    1.000,"PLATE-1",          2205,             1,   544.374E-03,       1.01711,            0.,"ASSEMBLY_PLATE-1__PICKEDSET2","ROCK","",  -948.412E-03,      -1.28524,      -1.27975,  -953.897E-03,   42.6324E-03
F:/Desktop/DeepOnet_Abaqus/StaticElasticJob3.odb,Step-1,Increment      1: Step Time =    1.000,"PLATE-1",          2206,             1,   967.942E-03,  -176.092E-03,            0.,"ASSEMBLY_PLATE-1__PICKEDSET2","ROCK","",      -1.02498,      -1.17939,      -1.16778,      -1.03659,  -40.7201E-03
F:/Desktop/DeepOnet_Abaqus/StaticElasticJob3.odb,Step-1,Increment      1: Step Time =    1.000,"PLATE-1",          2207,             1,   948.677E-03,  -83.1627E-03,            0.,"ASSEMBLY_PLATE-1__PICKEDSET2","ROCK","",      -1.03605,      -1.16249,      -1.15263,      -1.04591,  -33.9044E-03
F:/Desktop/DeepOnet_Abaqus/StaticElasticJob3.odb,Step-1,Increment      1: Step Time =    1.000,"PLATE-1",          2208,             1,  -520.913E-03,   941.147E-03,            0.,"ASSEMBLY_PLATE-1__PICKEDSET2","ROCK","",  -984.318E-03,      -1.25748,      -1.25474,  -987.057E-03,  -27.2170E-03
F:/Desktop/DeepOnet_Abaqus/StaticElasticJob3.odb,Step-1,Increment      1: Step Time =    1.000,"PLATE-1",          2209,             1,  -652.956E-03,   929.029E-03,            0.,"ASSEMBLY_PLATE-1__PICKEDSET2","ROCK","",  -986.502E-03,      -1.25120,      -1.24788,  -989.821E-03,  -29.4532E-03
F:/Desktop/DeepOnet_Abaqus/StaticElasticJob3.odb,Step-1,Increment      1: Step Time =    1.000,"PLATE-1",          2210,             1,      -1.41619,      -1.02855,            0.,"ASSEMBLY_PLATE-1__PICKEDSET2","ROCK","",      -1.00371,      -1.23169,      -1.23053,      -1.00487,   16.2218E-03
F:/Desktop/DeepOnet_Abaqus/StaticElasticJob3.odb,Step-1,Increment      1: Step Time =    1.000,"PLATE-1",          2211,             1,      -1.42981,  -941.085E-03,            0.,"ASSEMBLY_PLATE-1__PICKEDSET2","ROCK","",      -1.00471,      -1.22987,      -1.22857,      -1.00601,   17.0598E-03
F:/Desktop/DeepOnet_Abaqus/StaticElasticJob3.odb,Step-1,Increment      1: Step Time =    1.000,"PLATE-1",          2212,             1,      -1.47455,   446.313E-03,            0.,"ASSEMBLY_PLATE-1__PICKEDSET2","ROCK","",      -1.01736,      -1.21028,      -1.20931,      -1.01834,  -13.6845E-03
F:/Desktop/DeepOnet_Abaqus/StaticElasticJob3.odb,Step-1,Increment      1: Step Time =    1.000,"PLATE-1",          2213,             1,       1.46073,   536.148E-03,            0.,"ASSEMBLY_PLATE-1__PICKEDSET2","ROCK","",      -1.01903,      -1.21594,      -1.21368,      -1.02129,   20.9701E-03
F:/Desktop/DeepOnet_Abaqus/StaticElasticJob3.odb,Step-1,Increment      1: Step Time =    1.000,"PLATE-1",          2214,             1,      -1.45621,   956.354E-03,            0.,"ASSEMBLY_PLATE-1__PICKEDSET2","ROCK","",      -1.00509,      -1.22602,      -1.22474,      -1.00637,  -16.7694E-03
F:/Desktop/DeepOnet_Abaqus/StaticElasticJob3.odb,Step-1,Increment      1: Step Time =    1.000,"PLATE-1",          2215,             1,      -1.46765,       1.04107,            0.,"ASSEMBLY_PLATE-1__PICKEDSET2","ROCK","",      -1.00394,      -1.22770,      -1.22657,      -1.00507,  -15.8001E-03
F:/Desktop/DeepOnet_Abaqus/StaticElasticJob3.odb,Step-1,Increment      1: Step Time =    1.000,"PLATE-1",          2216,             1,      -1.45029,   819.964E-03,            0.,"ASSEMBLY_PLATE-1__PICKEDSET2","ROCK","",      -1.00750,      -1.22267,      -1.22124,      -1.00893,  -17.4807E-03
F:/Desktop/DeepOnet_Abaqus/StaticElasticJob3.odb,Step-1,Increment      1: Step Time =    1.000,"PLATE-1",          2217,             1,      -1.46231,  -539.106E-03,            0.,"ASSEMBLY_PLATE-1__PICKEDSET2","ROCK","",      -1.01319,      -1.21833,      -1.21689,      -1.01464,   17.1623E-03
F:/Desktop/DeepOnet_Abaqus/StaticElasticJob3.odb,Step-1,Increment      1: Step Time =    1.000,"PLATE-1",          2218,             1,  -474.663E-03,      -1.45766,            0.,"ASSEMBLY_PLATE-1__PICKEDSET2","ROCK","",  -991.517E-03,      -1.25027,      -1.24983,  -991.957E-03,   10.6598E-03
F:/Desktop/DeepOnet_Abaqus/StaticElasticJob3.odb,Step-1,Increment      1: Step Time =    1.000,"PLATE-1",          2219,             1,      -1.42433,  -852.242E-03,            0.,"ASSEMBLY_PLATE-1__PICKEDSET2","ROCK","",      -1.00653,      -1.22781,      -1.22635,      -1.00799,   17.9250E-03
F:/Desktop/DeepOnet_Abaqus/StaticElasticJob3.odb,Step-1,Increment      1: Step Time =    1.000,"PLATE-1",          2220,             1,  -750.592E-03,      -1.55402,            0.,"ASSEMBLY_PLATE-1__PICKEDSET2","ROCK","",  -995.103E-03,      -1.24460,      -1.24411,  -995.591E-03,   11.0217E-03
F:/Desktop/DeepOnet_Abaqus/StaticElasticJob3.odb,Step-1,Increment      1: Step Time =    1.000,"PLATE-1",          2221,             1,   926.481E-03,       1.46312,            0.,"ASSEMBLY_PLATE-1__PICKEDSET2","ROCK","",  -994.121E-03,      -1.24539,      -1.24413,  -995.387E-03,   17.7920E-03
F:/Desktop/DeepOnet_Abaqus/StaticElasticJob3.odb,Step-1,Increment      1: Step Time =    1.000,"PLATE-1",          2222,             1,   750.416E-03,       1.55275,            0.,"ASSEMBLY_PLATE-1__PICKEDSET2","ROCK","",  -988.955E-03,      -1.24949,      -1.24858,  -989.856E-03,   15.2907E-03
F:/Desktop/DeepOnet_Abaqus/StaticElasticJob3.odb,Step-1,Increment      1: Step Time =    1.000,"PLATE-1",          2223,             1,       1.45439,  -941.739E-03,            0.,"ASSEMBLY_PLATE-1__PICKEDSET2","ROCK","",      -1.00113,      -1.22834,      -1.22655,      -1.00293,  -20.1171E-03
F:/Desktop/DeepOnet_Abaqus/StaticElasticJob3.odb,Step-1,Increment      1: Step Time =    1.000,"PLATE-1",          2224,             1,       1.55633,  -546.852E-03,            0.,"ASSEMBLY_PLATE-1__PICKEDSET2","ROCK","",      -1.01195,      -1.21499,      -1.21334,      -1.01359,  -18.2107E-03
F:/Desktop/DeepOnet_Abaqus/StaticElasticJob3.odb,Step-1,Increment      1: Step Time =    1.000,"PLATE-1",          2225,             1,       1.44267,   929.802E-03,            0.,"ASSEMBLY_PLATE-1__PICKEDSET2","ROCK","",      -1.00866,      -1.23088,      -1.22905,      -1.01049,   20.0529E-03
F:/Desktop/DeepOnet_Abaqus/StaticElasticJob3.odb,Step-1,Increment      1: Step Time =    1.000,"PLATE-1",          2226,             1,       1.45213,       1.03381,            0.,"ASSEMBLY_PLATE-1__PICKEDSET2","ROCK","",      -1.00674,      -1.23279,      -1.23123,      -1.00830,   18.7059E-03
F:/Desktop/DeepOnet_Abaqus/StaticElasticJob3.odb,Step-1,Increment      1: Step Time =    1.000,"PLATE-1",          2227,             1,  -749.770E-03,       1.55793,            0.,"ASSEMBLY_PLATE-1__PICKEDSET2","ROCK","",  -993.522E-03,      -1.24263,      -1.24203,  -994.116E-03,  -12.1474E-03
F:/Desktop/DeepOnet_Abaqus/StaticElasticJob3.odb,Step-1,Increment      1: Step Time =    1.000,"PLATE-1",          2228,             1,      -1.03966,       1.36778,            0.,"ASSEMBLY_PLATE-1__PICKEDSET2","ROCK","",  -996.181E-03,      -1.23833,      -1.23738,  -997.139E-03,  -15.1965E-03
F:/Desktop/DeepOnet_Abaqus/StaticElasticJob3.odb,Step-1,Increment      1: Step Time =    1.000,"PLATE-1",          2229,             1,      -1.37663,   159.580E-03,            0.,"ASSEMBLY_PLATE-1__PICKEDSET2","ROCK","",      -1.02669,      -1.19876,      -1.19859,      -1.02686,  -5.39835E-03
F:/Desktop/DeepOnet_Abaqus/StaticElasticJob3.odb,Step-1,Increment      1: Step Time =    1.000,"PLATE-1",          2230,             1,      -1.46731,   159.821E-03,            0.,"ASSEMBLY_PLATE-1__PICKEDSET2","ROCK","",      -1.02410,      -1.20255,      -1.20244,      -1.02421,  -4.39749E-03
F:/Desktop/DeepOnet_Abaqus/StaticElasticJob3.odb,Step-1,Increment      1: Step Time =    1.000,"PLATE-1",          2231,             1,      -1.54603,  -143.659E-03,            0.,"ASSEMBLY_PLATE-1__PICKEDSET2","ROCK","",      -1.02151,      -1.20711,      -1.20684,      -1.02177,   7.01135E-03
F:/Desktop/DeepOnet_Abaqus/StaticElasticJob3.odb,Step-1,Increment      1: Step Time =    1.000,"PLATE-1",          2232,             1,  -50.3925E-03,      -1.55511,            0.,"ASSEMBLY_PLATE-1__PICKEDSET2","ROCK","",  -988.748E-03,      -1.25258,      -1.25255,  -988.784E-03,   3.10123E-03
F:/Desktop/DeepOnet_Abaqus/StaticElasticJob3.odb,Step-1,Increment      1: Step Time =    1.000,"PLATE-1",          2233,             1,   224.131E-03,      -1.46586,            0.,"ASSEMBLY_PLATE-1__PICKEDSET2","ROCK","",  -986.055E-03,      -1.25484,      -1.25483,  -986.069E-03,  -1.99352E-03
F:/Desktop/DeepOnet_Abaqus/StaticElasticJob3.odb,Step-1,Increment      1: Step Time =    1.000,"PLATE-1",          2234,             1,       1.56116,  -54.4971E-03,            0.,"ASSEMBLY_PLATE-1__PICKEDSET2","ROCK","",      -1.02627,      -1.19930,      -1.19920,      -1.02637,  -4.12223E-03
F:/Desktop/DeepOnet_Abaqus/StaticElasticJob3.odb,Step-1,Increment      1: Step Time =    1.000,"PLATE-1",          2235,             1,   49.5261E-03,       1.54776,            0.,"ASSEMBLY_PLATE-1__PICKEDSET2","ROCK","",  -982.305E-03,      -1.25510,      -1.25501,  -982.397E-03,  -5.00040E-03
F:/Desktop/DeepOnet_Abaqus/StaticElasticJob3.odb,Step-1,Increment      1: Step Time =    1.000,"PLATE-1",          2236,             1,   96.9270E-03,       1.39616,            0.,"ASSEMBLY_PLATE-1__PICKEDSET2","ROCK","",  -976.313E-03,      -1.26048,      -1.26037,  -976.424E-03,  -5.61992E-03
F:/Desktop/DeepOnet_Abaqus/StaticElasticJob3.odb,Step-1,Increment      1: Step Time =    1.000,"PLATE-1",          2237,             1,      -1.34916,       1.48747,            0.,"ASSEMBLY_PLATE-1__PICKEDSET2","ROCK","",  -999.194E-03,      -1.23448,      -1.23384,  -999.833E-03,  -12.2476E-03
F:/Desktop/DeepOnet_Abaqus/StaticElasticJob3.odb,Step-1,Increment      1: Step Time =    1.000,"PLATE-1",          2238,             1,      -1.37243,      -1.30953,            0.,"ASSEMBLY_PLATE-1__PICKEDSET2","ROCK","",      -1.00092,      -1.23528,      -1.23452,      -1.00169,   13.3670E-03
F:/Desktop/DeepOnet_Abaqus/StaticElasticJob3.odb,Step-1,Increment      1: Step Time =    1.000,"PLATE-1",          2239,             1,      -1.18504,      -1.47536,            0.,"ASSEMBLY_PLATE-1__PICKEDSET2","ROCK","",  -998.976E-03,      -1.23830,      -1.23769,  -999.586E-03,   12.0685E-03
F:/Desktop/DeepOnet_Abaqus/StaticElasticJob3.odb,Step-1,Increment      1: Step Time =    1.000,"PLATE-1",          2240,             1,      -1.25619,      -1.50033,            0.,"ASSEMBLY_PLATE-1__PICKEDSET2","ROCK","",  -999.440E-03,      -1.23740,      -1.23686,  -999.986E-03,   11.3840E-03
F:/Desktop/DeepOnet_Abaqus/StaticElasticJob3.odb,Step-1,Increment      1: Step Time =    1.000,"PLATE-1",          2241,             1,  -953.794E-03,      -1.54008,            0.,"ASSEMBLY_PLATE-1__PICKEDSET2","ROCK","",  -996.923E-03,      -1.24159,      -1.24105,  -997.467E-03,   11.5287E-03
F:/Desktop/DeepOnet_Abaqus/StaticElasticJob3.odb,Step-1,Increment      1: Step Time =    1.000,"PLATE-1",          2242,             1,      -1.44477,      -1.41682,            0.,"ASSEMBLY_PLATE-1__PICKEDSET2","ROCK","",      -1.00094,      -1.23503,      -1.23444,      -1.00153,   11.7510E-03
F:/Desktop/DeepOnet_Abaqus/StaticElasticJob3.odb,Step-1,Increment      1: Step Time =    1.000,"PLATE-1",          2243,             1,       1.24857,      -1.40106,            0.,"ASSEMBLY_PLATE-1__PICKEDSET2","ROCK","",  -994.553E-03,      -1.23839,      -1.23751,  -995.440E-03,  -14.6768E-03
F:/Desktop/DeepOnet_Abaqus/StaticElasticJob3.odb,Step-1,Increment      1: Step Time =    1.000,"PLATE-1",          2244,             1,       1.45760,       1.22968,            0.,"ASSEMBLY_PLATE-1__PICKEDSET2","ROCK","",      -1.00426,      -1.23475,      -1.23361,      -1.00540,   16.1565E-03
F:/Desktop/DeepOnet_Abaqus/StaticElasticJob3.odb,Step-1,Increment      1: Step Time =    1.000,"PLATE-1",          2245,             1,       1.45702,       1.13328,            0.,"ASSEMBLY_PLATE-1__PICKEDSET2","ROCK","",      -1.00547,      -1.23389,      -1.23258,      -1.00678,   17.2558E-03
F:/Desktop/DeepOnet_Abaqus/StaticElasticJob3.odb,Step-1,Increment      1: Step Time =    1.000,"PLATE-1",          2246,             1,       1.26553,       1.43147,            0.,"ASSEMBLY_PLATE-1__PICKEDSET2","ROCK","",      -1.00084,      -1.23840,      -1.23736,      -1.00188,   15.6812E-03
F:/Desktop/DeepOnet_Abaqus/StaticElasticJob3.odb,Step-1,Increment      1: Step Time =    1.000,"PLATE-1",          2247,             1,      -1.42106,       1.47036,            0.,"ASSEMBLY_PLATE-1__PICKEDSET2","ROCK","",  -999.937E-03,      -1.23346,      -1.23282,      -1.00058,  -12.2300E-03
F:/Desktop/DeepOnet_Abaqus/StaticElasticJob3.odb,Step-1,Increment      1: Step Time =    1.000,"PLATE-1",          2248,             1,  -387.599E-03,  -916.857E-03,            0.,"ASSEMBLY_PLATE-1__PICKEDSET2","ROCK","",  -977.698E-03,      -1.27329,      -1.27014,  -980.848E-03,   30.3510E-03
F:/Desktop/DeepOnet_Abaqus/StaticElasticJob3.odb,Step-1,Increment      1: Step Time =    1.000,"PLATE-1",          2249,             1,   916.457E-03,   863.385E-03,            0.,"ASSEMBLY_PLATE-1__PICKEDSET2","ROCK","",      -1.00822,      -1.24803,      -1.24098,      -1.01527,   40.5009E-03
F:/Desktop/DeepOnet_Abaqus/StaticElasticJob3.odb,Step-1,Increment      1: Step Time =    1.000,"PLATE-1",          2250,             1,  -257.309E-03,      -1.04890,            0.,"ASSEMBLY_PLATE-1__PICKEDSET2","ROCK","",  -977.648E-03,      -1.27149,      -1.27036,  -978.780E-03,   18.1960E-03
F:/Desktop/DeepOnet_Abaqus/StaticElasticJob3.odb,Step-1,Increment      1: Step Time =    1.000,"PLATE-1",          2251,             1,  -984.262E-03,   423.184E-03,            0.,"ASSEMBLY_PLATE-1__PICKEDSET2","ROCK","",      -1.01741,      -1.20324,      -1.19540,      -1.02525,  -37.3496E-03
F:/Desktop/DeepOnet_Abaqus/StaticElasticJob3.odb,Step-1,Increment      1: Step Time =    1.000,"PLATE-1",          2252,             1,      -1.04686,   317.950E-03,            0.,"ASSEMBLY_PLATE-1__PICKEDSET2","ROCK","",      -1.02871,      -1.19050,      -1.18559,      -1.03362,  -27.7535E-03
F:/Desktop/DeepOnet_Abaqus/StaticElasticJob3.odb,Step-1,Increment      1: Step Time =    1.000,"PLATE-1",          2253,             1,   454.969E-03,       1.13961,            0.,"ASSEMBLY_PLATE-1__PICKEDSET2","ROCK","",  -955.475E-03,      -1.27882,      -1.27740,  -956.890E-03,   21.3419E-03
F:/Desktop/DeepOnet_Abaqus/StaticElasticJob3.odb,Step-1,Increment      1: Step Time =    1.000,"PLATE-1",          2254,             1,   891.536E-03,   769.318E-03,            0.,"ASSEMBLY_PLATE-1__PICKEDSET2","ROCK","",      -1.01553,      -1.25012,      -1.24063,      -1.02502,   46.2255E-03
F:/Desktop/DeepOnet_Abaqus/StaticElasticJob3.odb,Step-1,Increment      1: Step Time =    1.000,"PLATE-1",          2255,             1,       1.00405,  -127.273E-03,            0.,"ASSEMBLY_PLATE-1__PICKEDSET2","ROCK","",      -1.03160,      -1.17244,      -1.16386,      -1.04018,  -33.6783E-03
F:/Desktop/DeepOnet_Abaqus/StaticElasticJob3.odb,Step-1,Increment      1: Step Time =    1.000,"PLATE-1",          2256,             1,       1.05125,  -8.05082E-03,            0.,"ASSEMBLY_PLATE-1__PICKEDSET2","ROCK","",      -1.04559,      -1.16018,      -1.15757,      -1.04820,  -17.1000E-03
F:/Desktop/DeepOnet_Abaqus/StaticElasticJob3.odb,Step-1,Increment      1: Step Time =    1.000,"PLATE-1",          2257,             1,       1.16501,  -701.558E-03,            0.,"ASSEMBLY_PLATE-1__PICKEDSET2","ROCK","",  -999.292E-03,      -1.22631,      -1.22193,      -1.00368,  -31.2488E-03
F:/Desktop/DeepOnet_Abaqus/StaticElasticJob3.odb,Step-1,Increment      1: Step Time =    1.000,"PLATE-1",          2258,             1,       1.16801,  -649.224E-03,            0.,"ASSEMBLY_PLATE-1__PICKEDSET2","ROCK","",      -1.00113,      -1.22328,      -1.21840,      -1.00601,  -32.5501E-03
F:/Desktop/DeepOnet_Abaqus/StaticElasticJob3.odb,Step-1,Increment      1: Step Time =    1.000,"PLATE-1",          2259,             1,  -283.829E-03,      -1.13522,            0.,"ASSEMBLY_PLATE-1__PICKEDSET2","ROCK","",  -981.537E-03,      -1.26564,      -1.26479,  -982.390E-03,   15.5440E-03
F:/Desktop/DeepOnet_Abaqus/StaticElasticJob3.odb,Step-1,Increment      1: Step Time =    1.000,"PLATE-1",          2260,             1,  -354.257E-03,      -1.16115,            0.,"ASSEMBLY_PLATE-1__PICKEDSET2","ROCK","",  -984.151E-03,      -1.26214,      -1.26119,  -985.103E-03,   16.2403E-03
F:/Desktop/DeepOnet_Abaqus/StaticElasticJob3.odb,Step-1,Increment      1: Step Time =    1.000,"PLATE-1",          2261,             1,   340.783E-03,       1.17280,            0.,"ASSEMBLY_PLATE-1__PICKEDSET2","ROCK","",  -955.664E-03,      -1.27895,      -1.27868,  -955.936E-03,   9.37477E-03
F:/Desktop/DeepOnet_Abaqus/StaticElasticJob3.odb,Step-1,Increment      1: Step Time =    1.000,"PLATE-1",          2262,             1,       1.10111,   4.48095E-03,            0.,"ASSEMBLY_PLATE-1__PICKEDSET2","ROCK","",      -1.04493,      -1.16487,      -1.16347,      -1.04633,  -12.8748E-03
F:/Desktop/DeepOnet_Abaqus/StaticElasticJob3.odb,Step-1,Increment      1: Step Time =    1.000,"PLATE-1",          2263,             1,  -451.226E-03,      -1.07022,            0.,"ASSEMBLY_PLATE-1__PICKEDSET2","ROCK","",  -984.735E-03,      -1.26198,      -1.26030,  -986.409E-03,   21.4785E-03
F:/Desktop/DeepOnet_Abaqus/StaticElasticJob3.odb,Step-1,Increment      1: Step Time =    1.000,"PLATE-1",          2264,             1,      -1.16250,   294.344E-03,            0.,"ASSEMBLY_PLATE-1__PICKEDSET2","ROCK","",      -1.02812,      -1.19381,      -1.19146,      -1.03047,  -19.5807E-03
F:/Desktop/DeepOnet_Abaqus/StaticElasticJob3.odb,Step-1,Increment      1: Step Time =    1.000,"PLATE-1",          2265,             1,      -1.08897,   263.013E-03,            0.,"ASSEMBLY_PLATE-1__PICKEDSET2","ROCK","",      -1.03282,      -1.18663,      -1.18370,      -1.03574,  -21.0078E-03
F:/Desktop/DeepOnet_Abaqus/StaticElasticJob3.odb,Step-1,Increment      1: Step Time =    1.000,"PLATE-1",          2266,             1,      -1.07264,   414.813E-03,            0.,"ASSEMBLY_PLATE-1__PICKEDSET2","ROCK","",      -1.02092,      -1.20080,      -1.19557,      -1.02615,  -30.2152E-03
F:/Desktop/DeepOnet_Abaqus/StaticElasticJob3.odb,Step-1,Increment      1: Step Time =    1.000,"PLATE-1",          2267,             1,      -1.01099,  -155.373E-03,            0.,"ASSEMBLY_PLATE-1__PICKEDSET2","ROCK","",      -1.04023,      -1.18035,      -1.17673,      -1.04385,   22.2276E-03
F:/Desktop/DeepOnet_Abaqus/StaticElasticJob3.odb,Step-1,Increment      1: Step Time =    1.000,"PLATE-1",          2268,             1,  -947.808E-03,  -174.179E-03,            0.,"ASSEMBLY_PLATE-1__PICKEDSET2","ROCK","",      -1.04095,      -1.17874,      -1.17266,      -1.04703,   28.3022E-03
F:/Desktop/DeepOnet_Abaqus/StaticElasticJob3.odb,Step-1,Increment      1: Step Time =    1.000,"PLATE-1",          2269,             1,  -582.803E-03,  -870.829E-03,            0.,"ASSEMBLY_PLATE-1__PICKEDSET2","ROCK","",  -986.531E-03,      -1.26055,      -1.25598,  -991.094E-03,   35.0656E-03
F:/Desktop/DeepOnet_Abaqus/StaticElasticJob3.odb,Step-1,Increment      1: Step Time =    1.000,"PLATE-1",          2270,             1,       1.12103,   566.571E-03,            0.,"ASSEMBLY_PLATE-1__PICKEDSET2","ROCK","",      -1.02056,      -1.22314,      -1.21536,      -1.02834,   38.9169E-03
F:/Desktop/DeepOnet_Abaqus/StaticElasticJob3.odb,Step-1,Increment      1: Step Time =    1.000,"PLATE-1",          2271,             1,  -649.858E-03,  -690.988E-03,            0.,"ASSEMBLY_PLATE-1__PICKEDSET2","ROCK","",  -989.097E-03,      -1.25668,      -1.24775,  -998.019E-03,   48.0404E-03
F:/Desktop/DeepOnet_Abaqus/StaticElasticJob3.odb,Step-1,Increment      1: Step Time =    1.000,"PLATE-1",          2272,             1,  -827.934E-03,  -218.080E-03,            0.,"ASSEMBLY_PLATE-1__PICKEDSET2","ROCK","",      -1.03596,      -1.18321,      -1.16683,      -1.05234,   46.3000E-03
F:/Desktop/DeepOnet_Abaqus/StaticElasticJob3.odb,Step-1,Increment      1: Step Time =    1.000,"PLATE-1",          2273,             1,  -684.752E-03,       1.08040,            0.,"ASSEMBLY_PLATE-1__PICKEDSET2","ROCK","",  -989.508E-03,      -1.24795,      -1.24596,  -991.495E-03,  -22.5747E-03
F:/Desktop/DeepOnet_Abaqus/StaticElasticJob3.odb,Step-1,Increment      1: Step Time =    1.000,"PLATE-1",          2274,             1,  -24.1819E-03,      -1.02704,            0.,"ASSEMBLY_PLATE-1__PICKEDSET2","ROCK","",  -969.667E-03,      -1.28032,      -1.28019,  -969.798E-03,   6.37573E-03
F:/Desktop/DeepOnet_Abaqus/StaticElasticJob3.odb,Step-1,Increment      1: Step Time =    1.000,"PLATE-1",          2275,             1,   35.0345E-03,      -1.03048,            0.,"ASSEMBLY_PLATE-1__PICKEDSET2","ROCK","",  -969.246E-03,      -1.27984,      -1.27983,  -969.263E-03,   2.27417E-03
F:/Desktop/DeepOnet_Abaqus/StaticElasticJob3.odb,Step-1,Increment      1: Step Time =    1.000,"PLATE-1",          2276,             1,  -808.161E-03,  -322.372E-03,            0.,"ASSEMBLY_PLATE-1__PICKEDSET2","ROCK","",      -1.02032,      -1.20543,      -1.18723,      -1.03851,   55.1052E-03
F:/Desktop/DeepOnet_Abaqus/StaticElasticJob3.odb,Step-1,Increment      1: Step Time =    1.000,"PLATE-1",          2277,             1,       1.05034,  -84.8557E-03,            0.,"ASSEMBLY_PLATE-1__PICKEDSET2","ROCK","",      -1.03765,      -1.16871,      -1.16336,      -1.04300,  -25.9366E-03
F:/Desktop/DeepOnet_Abaqus/StaticElasticJob3.odb,Step-1,Increment      1: Step Time =    1.000,"PLATE-1",          2278,             1,  -79.5574E-03,  -950.156E-03,            0.,"ASSEMBLY_PLATE-1__PICKEDSET2","ROCK","",  -964.545E-03,      -1.28823,      -1.28778,  -964.992E-03,   12.0183E-03
F:/Desktop/DeepOnet_Abaqus/StaticElasticJob3.odb,Step-1,Increment      1: Step Time =    1.000,"PLATE-1",          2279,             1,  -866.053E-03,   681.211E-03,            0.,"ASSEMBLY_PLATE-1__PICKEDSET2","ROCK","",  -996.685E-03,      -1.23149,      -1.22425,      -1.00392,  -40.5672E-03
F:/Desktop/DeepOnet_Abaqus/StaticElasticJob3.odb,Step-1,Increment      1: Step Time =    1.000,"PLATE-1",          2280,             1,   489.008E-03,   852.372E-03,            0.,"ASSEMBLY_PLATE-1__PICKEDSET2","ROCK","",  -901.586E-03,      -1.31604,      -1.30280,  -914.824E-03,   72.8790E-03
F:/Desktop/DeepOnet_Abaqus/StaticElasticJob3.odb,Step-1,Increment      1: Step Time =    1.000,"PLATE-1",          2281,             1,       1.03632,   686.904E-03,            0.,"ASSEMBLY_PLATE-1__PICKEDSET2","ROCK","",      -1.02003,      -1.23511,      -1.22737,      -1.02777,   40.0639E-03
F:/Desktop/DeepOnet_Abaqus/StaticElasticJob3.odb,Step-1,Increment      1: Step Time =    1.000,"PLATE-1",          2282,             1,  -665.066E-03,   788.606E-03,            0.,"ASSEMBLY_PLATE-1__PICKEDSET2","ROCK","",  -984.474E-03,      -1.25095,      -1.24513,  -990.295E-03,  -38.9519E-03
F:/Desktop/DeepOnet_Abaqus/StaticElasticJob3.odb,Step-1,Increment      1: Step Time =    1.000,"PLATE-1",          2283,             1,  -552.098E-03,  -817.983E-03,            0.,"ASSEMBLY_PLATE-1__PICKEDSET2","ROCK","",  -984.782E-03,      -1.26350,      -1.25792,  -990.361E-03,   39.0351E-03
F:/Desktop/DeepOnet_Abaqus/StaticElasticJob3.odb,Step-1,Increment      1: Step Time =    1.000,"PLATE-1",          2284,             1,   860.065E-03,   914.121E-03,            0.,"ASSEMBLY_PLATE-1__PICKEDSET2","ROCK","",      -1.00002,      -1.25099,      -1.24365,      -1.00736,   42.2850E-03
F:/Desktop/DeepOnet_Abaqus/StaticElasticJob3.odb,Step-1,Increment      1: Step Time =    1.000,"PLATE-1",          2285,             1,   797.856E-03,   855.194E-03,            0.,"ASSEMBLY_PLATE-1__PICKEDSET2","ROCK","",      -1.00246,      -1.25786,      -1.24691,      -1.01340,   51.7359E-03
F:/Desktop/DeepOnet_Abaqus/StaticElasticJob3.odb,Step-1,Increment      1: Step Time =    1.000,"PLATE-1",          2286,             1,  -306.946E-03,       1.21358,            0.,"ASSEMBLY_PLATE-1__PICKEDSET2","ROCK","",  -986.784E-03,      -1.25523,      -1.25425,  -987.764E-03,  -16.1878E-03
F:/Desktop/DeepOnet_Abaqus/StaticElasticJob3.odb,Step-1,Increment      1: Step Time =    1.000,"PLATE-1",          2287,             1,  -595.117E-03,       1.16067,            0.,"ASSEMBLY_PLATE-1__PICKEDSET2","ROCK","",  -989.093E-03,      -1.24931,      -1.24785,  -990.553E-03,  -19.4349E-03
F:/Desktop/DeepOnet_Abaqus/StaticElasticJob3.odb,Step-1,Increment      1: Step Time =    1.000,"PLATE-1",          2288,             1,       1.23295,   264.120E-03,            0.,"ASSEMBLY_PLATE-1__PICKEDSET2","ROCK","",      -1.03827,      -1.18621,      -1.18409,      -1.04039,   17.5644E-03
F:/Desktop/DeepOnet_Abaqus/StaticElasticJob3.odb,Step-1,Increment      1: Step Time =    1.000,"PLATE-1",          2289,             1,      -1.11779,   149.228E-03,            0.,"ASSEMBLY_PLATE-1__PICKEDSET2","ROCK","",      -1.03786,      -1.18196,      -1.18121,      -1.03861,  -10.3443E-03
F:/Desktop/DeepOnet_Abaqus/StaticElasticJob3.odb,Step-1,Increment      1: Step Time =    1.000,"PLATE-1",          2290,             1,       1.14142,  -385.200E-03,            0.,"ASSEMBLY_PLATE-1__PICKEDSET2","ROCK","",      -1.01265,      -1.20515,      -1.19857,      -1.01924,  -34.9931E-03
F:/Desktop/DeepOnet_Abaqus/StaticElasticJob3.odb,Step-1,Increment      1: Step Time =    1.000,"PLATE-1",          2291,             1,   168.702E-03,       1.20839,            0.,"ASSEMBLY_PLATE-1__PICKEDSET2","ROCK","",  -966.026E-03,      -1.27137,      -1.27117,  -966.220E-03,  -7.69802E-03
F:/Desktop/DeepOnet_Abaqus/StaticElasticJob3.odb,Step-1,Increment      1: Step Time =    1.000,"PLATE-1",          2292,             1,  -901.450E-03,  -425.082E-03,            0.,"ASSEMBLY_PLATE-1__PICKEDSET2","ROCK","",      -1.01493,      -1.21534,      -1.20482,      -1.02545,   44.7014E-03
F:/Desktop/DeepOnet_Abaqus/StaticElasticJob3.odb,Step-1,Increment      1: Step Time =    1.000,"PLATE-1",          2293,             1,  -769.054E-03,  -526.051E-03,            0.,"ASSEMBLY_PLATE-1__PICKEDSET2","ROCK","",      -1.00163,      -1.23546,      -1.22234,      -1.01476,   53.8273E-03
F:/Desktop/DeepOnet_Abaqus/StaticElasticJob3.odb,Step-1,Increment      1: Step Time =    1.000,"PLATE-1",          2294,             1,      -1.20601,  -130.241E-03,            0.,"ASSEMBLY_PLATE-1__PICKEDSET2","ROCK","",      -1.03186,      -1.19256,      -1.19166,      -1.03276,   11.9580E-03
F:/Desktop/DeepOnet_Abaqus/StaticElasticJob3.odb,Step-1,Increment      1: Step Time =    1.000,"PLATE-1",          2295,             1,      -1.07729,  -135.487E-03,            0.,"ASSEMBLY_PLATE-1__PICKEDSET2","ROCK","",      -1.03827,      -1.18336,      -1.18138,      -1.04024,   16.8005E-03
F:/Desktop/DeepOnet_Abaqus/StaticElasticJob3.odb,Step-1,Increment      1: Step Time =    1.000,"PLATE-1",          2296,             1,       1.04406,  -419.967E-03,            0.,"ASSEMBLY_PLATE-1__PICKEDSET2","ROCK","",      -1.00662,      -1.20987,      -1.20065,      -1.01583,  -42.2892E-03
F:/Desktop/DeepOnet_Abaqus/StaticElasticJob3.odb,Step-1,Increment      1: Step Time =    1.000,"PLATE-1",          2297,             1,      -1.01492,   564.617E-03,            0.,"ASSEMBLY_PLATE-1__PICKEDSET2","ROCK","",      -1.00798,      -1.21695,      -1.21046,      -1.01447,  -36.2521E-03
F:/Desktop/DeepOnet_Abaqus/StaticElasticJob3.odb,Step-1,Increment      1: Step Time =    1.000,"PLATE-1",          2298,             1,      -1.44679,  -716.566E-03,            0.,"ASSEMBLY_PLATE-1__PICKEDSET2","ROCK","",      -1.00894,      -1.22420,      -1.22268,      -1.01046,   18.0511E-03
F:/Desktop/DeepOnet_Abaqus/StaticElasticJob3.odb,Step-1,Increment      1: Step Time =    1.000,"PLATE-1",          2299,             1,   446.764E-03,      -1.54359,            0.,"ASSEMBLY_PLATE-1__PICKEDSET2","ROCK","",  -987.737E-03,      -1.25092,      -1.25080,  -987.863E-03,  -5.76148E-03
F:/Desktop/DeepOnet_Abaqus/StaticElasticJob3.odb,Step-1,Increment      1: Step Time =    1.000,"PLATE-1",          2300,             1,       1.48050,  -251.572E-03,            0.,"ASSEMBLY_PLATE-1__PICKEDSET2","ROCK","",      -1.02247,      -1.20131,      -1.20016,      -1.02362,  -14.2766E-03
F:/Desktop/DeepOnet_Abaqus/StaticElasticJob3.odb,Step-1,Increment      1: Step Time =    1.000,"PLATE-1",          2301,             1,       1.44557,   438.546E-03,            0.,"ASSEMBLY_PLATE-1__PICKEDSET2","ROCK","",      -1.02311,      -1.20916,      -1.20712,      -1.02515,   19.3841E-03
F:/Desktop/DeepOnet_Abaqus/StaticElasticJob3.odb,Step-1,Increment      1: Step Time =    1.000,"PLATE-1",          2302,             1,  -377.959E-03,       1.43966,            0.,"ASSEMBLY_PLATE-1__PICKEDSET2","ROCK","",  -988.901E-03,      -1.24973,      -1.24916,  -989.471E-03,  -12.1803E-03
F:/Desktop/DeepOnet_Abaqus/StaticElasticJob3.odb,Step-1,Increment      1: Step Time =    1.000,"PLATE-1",          2303,             1,      -1.46705,  -23.3350E-03,            0.,"ASSEMBLY_PLATE-1__PICKEDSET2","ROCK","",      -1.02473,      -1.20241,      -1.20236,      -1.02478,   3.09773E-03
F:/Desktop/DeepOnet_Abaqus/StaticElasticJob3.odb,Step-1,Increment      1: Step Time =    1.000,"PLATE-1",          2304,             1,  -251.141E-03,      -1.54321,            0.,"ASSEMBLY_PLATE-1__PICKEDSET2","ROCK","",  -990.128E-03,      -1.25156,      -1.25139,  -990.302E-03,   6.72876E-03
F:/Desktop/DeepOnet_Abaqus/StaticElasticJob3.odb,Step-1,Increment      1: Step Time =    1.000,"PLATE-1",          2305,             1,       1.48118,   29.9752E-03,            0.,"ASSEMBLY_PLATE-1__PICKEDSET2","ROCK","",      -1.02978,      -1.19497,      -1.19497,      -1.02978,  -735.290E-06
F:/Desktop/DeepOnet_Abaqus/StaticElasticJob3.odb,Step-1,Increment      1: Step Time =    1.000,"PLATE-1",          2306,             1,  -49.7113E-03,       1.55580,            0.,"ASSEMBLY_PLATE-1__PICKEDSET2","ROCK","",  -985.248E-03,      -1.25288,      -1.25273,  -985.405E-03,  -6.48252E-03
F:/Desktop/DeepOnet_Abaqus/StaticElasticJob3.odb,Step-1,Increment      1: Step Time =    1.000,"PLATE-1",          2307,             1,      -1.46036,   255.853E-03,            0.,"ASSEMBLY_PLATE-1__PICKEDSET2","ROCK","",      -1.02252,      -1.20419,      -1.20381,      -1.02289,  -8.21760E-03
F:/Desktop/DeepOnet_Abaqus/StaticElasticJob3.odb,Step-1,Increment      1: Step Time =    1.000,"PLATE-1",          2308,             1,      -1.46428,  -447.338E-03,            0.,"ASSEMBLY_PLATE-1__PICKEDSET2","ROCK","",      -1.01599,      -1.21474,      -1.21343,      -1.01730,   16.0741E-03
F:/Desktop/DeepOnet_Abaqus/StaticElasticJob3.odb,Step-1,Increment      1: Step Time =    1.000,"PLATE-1",          2309,             1,       1.44831,      -1.11109,            0.,"ASSEMBLY_PLATE-1__PICKEDSET2","ROCK","",  -998.785E-03,      -1.23212,      -1.23073,      -1.00018,  -17.9539E-03
F:/Desktop/DeepOnet_Abaqus/StaticElasticJob3.odb,Step-1,Increment      1: Step Time =    1.000,"PLATE-1",          2310,             1,      -1.13334,       1.45453,            0.,"ASSEMBLY_PLATE-1__PICKEDSET2","ROCK","",  -997.168E-03,      -1.23711,      -1.23633,  -997.945E-03,  -13.6340E-03
F:/Desktop/DeepOnet_Abaqus/StaticElasticJob3.odb,Step-1,Increment      1: Step Time =    1.000,"PLATE-1",          2311,             1,       1.33836,      -1.41471,            0.,"ASSEMBLY_PLATE-1__PICKEDSET2","ROCK","",  -995.863E-03,      -1.23682,      -1.23598,  -996.704E-03,  -14.2085E-03
F:/Desktop/DeepOnet_Abaqus/StaticElasticJob3.odb,Step-1,Increment      1: Step Time =    1.000,"PLATE-1",          2312,             1,      -1.30677,       1.40277,            0.,"ASSEMBLY_PLATE-1__PICKEDSET2","ROCK","",  -999.126E-03,      -1.23435,      -1.23354,  -999.936E-03,  -13.7711E-03
F:/Desktop/DeepOnet_Abaqus/StaticElasticJob3.odb,Step-1,Increment      1: Step Time =    1.000,"PLATE-1",          2313,             1,      -1.33420,      -1.44438,            0.,"ASSEMBLY_PLATE-1__PICKEDSET2","ROCK","",      -1.00015,      -1.23634,      -1.23571,      -1.00077,   12.1166E-03
F:/Desktop/DeepOnet_Abaqus/StaticElasticJob3.odb,Step-1,Increment      1: Step Time =    1.000,"PLATE-1",          2314,             1,       1.04592,       1.32670,            0.,"ASSEMBLY_PLATE-1__PICKEDSET2","ROCK","",  -997.738E-03,      -1.24293,      -1.24125,  -999.414E-03,   20.2011E-03
F:/Desktop/DeepOnet_Abaqus/StaticElasticJob3.odb,Step-1,Increment      1: Step Time =    1.000,"PLATE-1",          2315,             1,       1.38446,      -1.05032,            0.,"ASSEMBLY_PLATE-1__PICKEDSET2","ROCK","",  -998.361E-03,      -1.23195,      -1.23026,      -1.00005,  -19.7925E-03
F:/Desktop/DeepOnet_Abaqus/StaticElasticJob3.odb,Step-1,Increment      1: Step Time =    1.000,"PLATE-1",          2316,             1,       1.37608,  -523.164E-03,            0.,"ASSEMBLY_PLATE-1__PICKEDSET2","ROCK","",      -1.01087,      -1.21355,      -1.21056,      -1.01386,  -24.4399E-03
F:/Desktop/DeepOnet_Abaqus/StaticElasticJob3.odb,Step-1,Increment      1: Step Time =    1.000,"PLATE-1",          2317,             1,  -862.609E-03,       1.31892,            0.,"ASSEMBLY_PLATE-1__PICKEDSET2","ROCK","",  -993.888E-03,      -1.24167,      -1.24059,  -994.966E-03,  -16.3092E-03
F:/Desktop/DeepOnet_Abaqus/StaticElasticJob3.odb,Step-1,Increment      1: Step Time =    1.000,"PLATE-1",          2318,             1,  -811.786E-03,       1.38385,            0.,"ASSEMBLY_PLATE-1__PICKEDSET2","ROCK","",  -993.540E-03,      -1.24245,      -1.24155,  -994.444E-03,  -14.9773E-03
F:/Desktop/DeepOnet_Abaqus/StaticElasticJob3.odb,Step-1,Increment      1: Step Time =    1.000,"PLATE-1",          2319,             1,   945.318E-03,      -1.36322,            0.,"ASSEMBLY_PLATE-1__PICKEDSET2","ROCK","",  -990.097E-03,      -1.24432,      -1.24344,  -990.975E-03,  -14.9147E-03
F:/Desktop/DeepOnet_Abaqus/StaticElasticJob3.odb,Step-1,Increment      1: Step Time =    1.000,"PLATE-1",          2320,             1,      -1.30188,   74.6776E-03,            0.,"ASSEMBLY_PLATE-1__PICKEDSET2","ROCK","",      -1.03076,      -1.19342,      -1.19340,      -1.03078,  -1.81445E-03
F:/Desktop/DeepOnet_Abaqus/StaticElasticJob3.odb,Step-1,Increment      1: Step Time =    1.000,"PLATE-1",          2321,             1,  -128.564E-03,      -1.36139,            0.,"ASSEMBLY_PLATE-1__PICKEDSET2","ROCK","",  -985.428E-03,      -1.25824,      -1.25809,  -985.583E-03,   6.50317E-03
F:/Desktop/DeepOnet_Abaqus/StaticElasticJob3.odb,Step-1,Increment      1: Step Time =    1.000,"PLATE-1",          2322,             1,  -43.2837E-03,      -1.37132,            0.,"ASSEMBLY_PLATE-1__PICKEDSET2","ROCK","",  -984.868E-03,      -1.25854,      -1.25848,  -984.933E-03,   4.21976E-03
F:/Desktop/DeepOnet_Abaqus/StaticElasticJob3.odb,Step-1,Increment      1: Step Time =    1.000,"PLATE-1",          2323,             1,       1.31425,   83.0805E-03,            0.,"ASSEMBLY_PLATE-1__PICKEDSET2","ROCK","",      -1.03777,      -1.18363,      -1.18360,      -1.03779,   1.82480E-03
F:/Desktop/DeepOnet_Abaqus/StaticElasticJob3.odb,Step-1,Increment      1: Step Time =    1.000,"PLATE-1",          2324,             1,  -113.062E-03,       1.37917,            0.,"ASSEMBLY_PLATE-1__PICKEDSET2","ROCK","",  -982.406E-03,      -1.25607,      -1.25557,  -982.906E-03,  -11.6797E-03
F:/Desktop/DeepOnet_Abaqus/StaticElasticJob3.odb,Step-1,Increment      1: Step Time =    1.000,"PLATE-1",          2325,             1,   228.672E-03,       1.38327,            0.,"ASSEMBLY_PLATE-1__PICKEDSET2","ROCK","",  -973.152E-03,      -1.26301,      -1.26301,  -973.153E-03,  -514.316E-06
F:/Desktop/DeepOnet_Abaqus/StaticElasticJob3.odb,Step-1,Increment      1: Step Time =    1.000,"PLATE-1",          2326,             1,       1.40033,  -160.387E-03,            0.,"ASSEMBLY_PLATE-1__PICKEDSET2","ROCK","",      -1.02732,      -1.19450,      -1.19349,      -1.02833,  -12.9572E-03
F:/Desktop/DeepOnet_Abaqus/StaticElasticJob3.odb,Step-1,Increment      1: Step Time =    1.000,"PLATE-1",          2327,             1,      -1.33879,  -129.211E-03,            0.,"ASSEMBLY_PLATE-1__PICKEDSET2","ROCK","",      -1.02738,      -1.19887,      -1.19839,      -1.02787,   9.13071E-03
F:/Desktop/DeepOnet_Abaqus/StaticElasticJob3.odb,Step-1,Increment      1: Step Time =    1.000,"PLATE-1",          2328,             1,   204.271E-03,      -1.38250,            0.,"ASSEMBLY_PLATE-1__PICKEDSET2","ROCK","",  -983.837E-03,      -1.25788,      -1.25786,  -983.861E-03,  -2.56870E-03
F:/Desktop/DeepOnet_Abaqus/StaticElasticJob3.odb,Step-1,Increment      1: Step Time =    1.000,"PLATE-1",          2329,             1,       1.30475,   606.964E-03,            0.,"ASSEMBLY_PLATE-1__PICKEDSET2","ROCK","",      -1.01753,      -1.22070,      -1.21688,      -1.02134,   27.5767E-03
F:/Desktop/DeepOnet_Abaqus/StaticElasticJob3.odb,Step-1,Increment      1: Step Time =    1.000,"PLATE-1",          2330,             1,  -578.369E-03,       1.38192,            0.,"ASSEMBLY_PLATE-1__PICKEDSET2","ROCK","",  -990.789E-03,      -1.24687,      -1.24608,  -991.582E-03,  -14.2263E-03
F:/Desktop/DeepOnet_Abaqus/StaticElasticJob3.odb,Step-1,Increment      1: Step Time =    1.000,"PLATE-1",          2331,             1,      -1.38152,   514.112E-03,            0.,"ASSEMBLY_PLATE-1__PICKEDSET2","ROCK","",      -1.01572,      -1.21162,      -1.21003,      -1.01730,  -17.5400E-03
F:/Desktop/DeepOnet_Abaqus/StaticElasticJob3.odb,Step-1,Increment      1: Step Time =    1.000,"PLATE-1",          2332,             1,       1.35487,      -1.33457,            0.,"ASSEMBLY_PLATE-1__PICKEDSET2","ROCK","",  -995.948E-03,      -1.23642,      -1.23543,  -996.940E-03,  -15.4069E-03
F:/Desktop/DeepOnet_Abaqus/StaticElasticJob3.odb,Step-1,Increment      1: Step Time =    1.000,"PLATE-1",          2333,             1,      -1.05840,       1.28123,            0.,"ASSEMBLY_PLATE-1__PICKEDSET2","ROCK","",  -996.399E-03,      -1.23773,      -1.23657,  -997.564E-03,  -16.7268E-03
F:/Desktop/DeepOnet_Abaqus/StaticElasticJob3.odb,Step-1,Increment      1: Step Time =    1.000,"PLATE-1",          2334,             1,   559.643E-03,       1.35924,            0.,"ASSEMBLY_PLATE-1__PICKEDSET2","ROCK","",  -977.169E-03,      -1.26045,      -1.25932,  -978.296E-03,   17.8266E-03
F:/Desktop/DeepOnet_Abaqus/StaticElasticJob3.odb,Step-1,Increment      1: Step Time =    1.000,"PLATE-1",          2335,             1,       1.27764,       1.31070,            0.,"ASSEMBLY_PLATE-1__PICKEDSET2","ROCK","",      -1.00200,      -1.23798,      -1.23668,      -1.00330,   17.4718E-03
F:/Desktop/DeepOnet_Abaqus/StaticElasticJob3.odb,Step-1,Increment      1: Step Time =    1.000,"PLATE-1",          2336,             1,       1.28262,       1.37104,            0.,"ASSEMBLY_PLATE-1__PICKEDSET2","ROCK","",      -1.00139,      -1.23799,      -1.23687,      -1.00251,   16.2850E-03
F:/Desktop/DeepOnet_Abaqus/StaticElasticJob3.odb,Step-1,Increment      1: Step Time =    1.000,"PLATE-1",          2337,             1,       1.44496,   826.571E-03,            0.,"ASSEMBLY_PLATE-1__PICKEDSET2","ROCK","",      -1.01054,      -1.22855,      -1.22651,      -1.01259,   21.0284E-03
F:/Desktop/DeepOnet_Abaqus/StaticElasticJob3.odb,Step-1,Increment      1: Step Time =    1.000,"PLATE-1",          2338,             1,   561.857E-03,      -1.37205,            0.,"ASSEMBLY_PLATE-1__PICKEDSET2","ROCK","",  -985.363E-03,      -1.25277,      -1.25236,  -985.776E-03,  -10.4982E-03
F:/Desktop/DeepOnet_Abaqus/StaticElasticJob3.odb,Step-1,Increment      1: Step Time =    1.000,"PLATE-1",          2339,             1,      -1.47062,      -1.24489,            0.,"ASSEMBLY_PLATE-1__PICKEDSET2","ROCK","",      -1.00214,      -1.23346,      -1.23268,      -1.00293,   13.4399E-03
F:/Desktop/DeepOnet_Abaqus/StaticElasticJob3.odb,Step-1,Increment      1: Step Time =    1.000,"PLATE-1",          2340,             1,      -1.45875,  -354.840E-03,            0.,"ASSEMBLY_PLATE-1__PICKEDSET2","ROCK","",      -1.01852,      -1.21114,      -1.21007,      -1.01960,   14.3507E-03
F:/Desktop/DeepOnet_Abaqus/StaticElasticJob3.odb,Step-1,Increment      1: Step Time =    1.000,"PLATE-1",          2341,             1,      -1.44180,  -261.809E-03,            0.,"ASSEMBLY_PLATE-1__PICKEDSET2","ROCK","",      -1.02146,      -1.20720,      -1.20640,      -1.02226,   12.1676E-03
F:/Desktop/DeepOnet_Abaqus/StaticElasticJob3.odb,Step-1,Increment      1: Step Time =    1.000,"PLATE-1",          2342,             1,       1.44669,   292.803E-03,            0.,"ASSEMBLY_PLATE-1__PICKEDSET2","ROCK","",      -1.02808,      -1.20098,      -1.19981,      -1.02925,   14.1939E-03
F:/Desktop/DeepOnet_Abaqus/StaticElasticJob3.odb,Step-1,Increment      1: Step Time =    1.000,"PLATE-1",          2343,             1,       1.46709,   209.743E-03,            0.,"ASSEMBLY_PLATE-1__PICKEDSET2","ROCK","",      -1.02922,      -1.19820,      -1.19768,      -1.02974,   9.33547E-03
F:/Desktop/DeepOnet_Abaqus/StaticElasticJob3.odb,Step-1,Increment      1: Step Time =    1.000,"PLATE-1",          2344,             1,      -1.46617,   352.375E-03,            0.,"ASSEMBLY_PLATE-1__PICKEDSET2","ROCK","",      -1.02020,      -1.20688,      -1.20620,      -1.02087,  -11.2371E-03
F:/Desktop/DeepOnet_Abaqus/StaticElasticJob3.odb,Step-1,Increment      1: Step Time =    1.000,"PLATE-1",          2345,             1,       1.16565,       1.48135,            0.,"ASSEMBLY_PLATE-1__PICKEDSET2","ROCK","",  -999.218E-03,      -1.24011,      -1.23906,      -1.00026,   15.8236E-03
F:/Desktop/DeepOnet_Abaqus/StaticElasticJob3.odb,Step-1,Increment      1: Step Time =    1.000,"PLATE-1",          2346,             1,   505.061E-03,   963.331E-03,            0.,"ASSEMBLY_PLATE-1__PICKEDSET2","ROCK","",  -932.941E-03,      -1.30166,      -1.29474,  -939.852E-03,   50.0045E-03
F:/Desktop/DeepOnet_Abaqus/StaticElasticJob3.odb,Step-1,Increment      1: Step Time =    1.000,"PLATE-1",          2347,             1,  -28.3627E-03,      -1.10572,            0.,"ASSEMBLY_PLATE-1__PICKEDSET2","ROCK","",  -974.664E-03,      -1.27315,      -1.27304,  -974.772E-03,   5.68636E-03
F:/Desktop/DeepOnet_Abaqus/StaticElasticJob3.odb,Step-1,Increment      1: Step Time =    1.000,"PLATE-1",          2348,             1,       1.21376,   470.029E-03,            0.,"ASSEMBLY_PLATE-1__PICKEDSET2","ROCK","",      -1.02657,      -1.20890,      -1.20314,      -1.03233,   31.8807E-03
F:/Desktop/DeepOnet_Abaqus/StaticElasticJob3.odb,Step-1,Increment      1: Step Time =    1.000,"PLATE-1",          2349,             1,  -918.023E-03,  -482.944E-03,            0.,"ASSEMBLY_PLATE-1__PICKEDSET2","ROCK","",      -1.01112,      -1.22107,      -1.21192,      -1.02026,   42.8473E-03
F:/Desktop/DeepOnet_Abaqus/StaticElasticJob3.odb,Step-1,Increment      1: Step Time =    1.000,"PLATE-1",          2350,             1,  -366.270E-03,       1.24378,            0.,"ASSEMBLY_PLATE-1__PICKEDSET2","ROCK","",  -986.961E-03,      -1.25323,      -1.25226,  -987.931E-03,  -16.0423E-03
F:/Desktop/DeepOnet_Abaqus/StaticElasticJob3.odb,Step-1,Increment      1: Step Time =    1.000,"PLATE-1",          2351,             1,  -517.481E-03,       1.27380,            0.,"ASSEMBLY_PLATE-1__PICKEDSET2","ROCK","",  -989.287E-03,      -1.24942,      -1.24839,  -990.311E-03,  -16.2900E-03
F:/Desktop/DeepOnet_Abaqus/StaticElasticJob3.odb,Step-1,Increment      1: Step Time =    1.000,"PLATE-1",          2352,             1,   772.997E-03,      -1.29619,            0.,"ASSEMBLY_PLATE-1__PICKEDSET2","ROCK","",  -986.744E-03,      -1.24903,      -1.24813,  -987.641E-03,  -15.3096E-03
F:/Desktop/DeepOnet_Abaqus/StaticElasticJob3.odb,Step-1,Increment      1: Step Time =    1.000,"PLATE-1",          2353,             1,  -596.596E-03,  -770.946E-03,            0.,"ASSEMBLY_PLATE-1__PICKEDSET2","ROCK","",  -986.722E-03,      -1.26064,      -1.25388,  -993.491E-03,   42.5236E-03
F:/Desktop/DeepOnet_Abaqus/StaticElasticJob3.odb,Step-1,Increment      1: Step Time =    1.000,"PLATE-1",          2354,             1,  -910.316E-03,  -246.773E-03,            0.,"ASSEMBLY_PLATE-1__PICKEDSET2","ROCK","",      -1.03250,      -1.18986,      -1.17969,      -1.04267,   38.6967E-03
F:/Desktop/DeepOnet_Abaqus/StaticElasticJob3.odb,Step-1,Increment      1: Step Time =    1.000,"PLATE-1",          2355,             1,  -708.511E-03,       1.01013,            0.,"ASSEMBLY_PLATE-1__PICKEDSET2","ROCK","",  -989.122E-03,      -1.24770,      -1.24511,  -991.706E-03,  -25.7174E-03
F:/Desktop/DeepOnet_Abaqus/StaticElasticJob3.odb,Step-1,Increment      1: Step Time =    1.000,"PLATE-1",          2356,             1,      -1.11993,   470.240E-03,            0.,"ASSEMBLY_PLATE-1__PICKEDSET2","ROCK","",      -1.01707,      -1.20678,      -1.20244,      -1.02140,  -28.3573E-03
F:/Desktop/DeepOnet_Abaqus/StaticElasticJob3.odb,Step-1,Increment      1: Step Time =    1.000,"PLATE-1",          2357,             1,  -611.391E-03,  -931.418E-03,            0.,"ASSEMBLY_PLATE-1__PICKEDSET2","ROCK","",  -988.280E-03,      -1.25744,      -1.25367,  -992.044E-03,   31.6079E-03
F:/Desktop/DeepOnet_Abaqus/StaticElasticJob3.odb,Step-1,Increment      1: Step Time =    1.000,"PLATE-1",          2358,             1,  -560.691E-03,  -973.437E-03,            0.,"ASSEMBLY_PLATE-1__PICKEDSET2","ROCK","",  -986.665E-03,      -1.25978,      -1.25680,  -989.646E-03,   28.3766E-03
F:/Desktop/DeepOnet_Abaqus/StaticElasticJob3.odb,Step-1,Increment      1: Step Time =    1.000,"PLATE-1",          2359,             1,   464.203E-03,   922.585E-03,            0.,"ASSEMBLY_PLATE-1__PICKEDSET2","ROCK","",  -913.769E-03,      -1.30383,      -1.29902,  -918.581E-03,   43.0534E-03
F:/Desktop/DeepOnet_Abaqus/StaticElasticJob3.odb,Step-1,Increment      1: Step Time =    1.000,"PLATE-1",          2360,             1,  -388.501E-03,      -1.26204,            0.,"ASSEMBLY_PLATE-1__PICKEDSET2","ROCK","",  -987.089E-03,      -1.25756,      -1.25683,  -987.817E-03,   14.0166E-03
F:/Desktop/DeepOnet_Abaqus/StaticElasticJob3.odb,Step-1,Increment      1: Step Time =    1.000,"PLATE-1",          2361,             1,   325.795E-03,       1.24001,            0.,"ASSEMBLY_PLATE-1__PICKEDSET2","ROCK","",  -963.469E-03,      -1.27118,      -1.27109,  -963.556E-03,   5.15470E-03
F:/Desktop/DeepOnet_Abaqus/StaticElasticJob3.odb,Step-1,Increment      1: Step Time =    1.000,"PLATE-1",          2362,             1,   220.706E-03,       1.26588,            0.,"ASSEMBLY_PLATE-1__PICKEDSET2","ROCK","",  -965.951E-03,      -1.26896,      -1.26891,  -965.996E-03,  -3.72194E-03
F:/Desktop/DeepOnet_Abaqus/StaticElasticJob3.odb,Step-1,Increment      1: Step Time =    1.000,"PLATE-1",          2363,             1,       1.07014,  -363.330E-03,            0.,"ASSEMBLY_PLATE-1__PICKEDSET2","ROCK","",      -1.01182,      -1.20359,      -1.19513,      -1.02028,  -39.3750E-03
F:/Desktop/DeepOnet_Abaqus/StaticElasticJob3.odb,Step-1,Increment      1: Step Time =    1.000,"PLATE-1",          2364,             1,  -482.947E-03,      -1.14135,            0.,"ASSEMBLY_PLATE-1__PICKEDSET2","ROCK","",  -986.622E-03,      -1.25892,      -1.25753,  -988.012E-03,   19.4038E-03
F:/Desktop/DeepOnet_Abaqus/StaticElasticJob3.odb,Step-1,Increment      1: Step Time =    1.000,"PLATE-1",          2365,             1,  -809.962E-03,  -599.835E-03,            0.,"ASSEMBLY_PLATE-1__PICKEDSET2","ROCK","",      -1.00076,      -1.23713,      -1.22781,      -1.01007,   45.9927E-03
F:/Desktop/DeepOnet_Abaqus/StaticElasticJob3.odb,Step-1,Increment      1: Step Time =    1.000,"PLATE-1",          2366,             1,  -809.834E-03,  -501.092E-03,            0.,"ASSEMBLY_PLATE-1__PICKEDSET2","ROCK","",      -1.00573,      -1.22906,      -1.21657,      -1.01822,   51.3252E-03
F:/Desktop/DeepOnet_Abaqus/StaticElasticJob3.odb,Step-1,Increment      1: Step Time =    1.000,"PLATE-1",          2367,             1,       1.15947,   725.942E-03,            0.,"ASSEMBLY_PLATE-1__PICKEDSET2","ROCK","",      -1.01220,      -1.23142,      -1.22667,      -1.01694,   31.8926E-03
F:/Desktop/DeepOnet_Abaqus/StaticElasticJob3.odb,Step-1,Increment      1: Step Time =    1.000,"PLATE-1",          2368,             1,   762.736E-03,   967.772E-03,            0.,"ASSEMBLY_PLATE-1__PICKEDSET2","ROCK","",  -990.448E-03,      -1.26016,      -1.25156,  -999.051E-03,   47.3958E-03
F:/Desktop/DeepOnet_Abaqus/StaticElasticJob3.odb,Step-1,Increment      1: Step Time =    1.000,"PLATE-1",          2369,             1,       1.23641,  -1.75623E-03,            0.,"ASSEMBLY_PLATE-1__PICKEDSET2","ROCK","",      -1.03957,      -1.17732,      -1.17692,      -1.03998,  -7.48790E-03
F:/Desktop/DeepOnet_Abaqus/StaticElasticJob3.odb,Step-1,Increment      1: Step Time =    1.000,"PLATE-1",          2370,             1,       1.16173,   67.0176E-03,            0.,"ASSEMBLY_PLATE-1__PICKEDSET2","ROCK","",      -1.04571,      -1.16896,      -1.16890,      -1.04578,  -2.81702E-03
F:/Desktop/DeepOnet_Abaqus/StaticElasticJob3.odb,Step-1,Increment      1: Step Time =    1.000,"PLATE-1",          2371,             1,       1.10585,  -126.886E-03,            0.,"ASSEMBLY_PLATE-1__PICKEDSET2","ROCK","",      -1.03297,      -1.17759,      -1.17286,      -1.03770,  -25.7074E-03
F:/Desktop/DeepOnet_Abaqus/StaticElasticJob3.odb,Step-1,Increment      1: Step Time =    1.000,"PLATE-1",          2372,             1,       1.16287,   115.453E-06,            0.,"ASSEMBLY_PLATE-1__PICKEDSET2","ROCK","",      -1.04253,      -1.17075,      -1.16995,      -1.04333,  -10.0847E-03
F:/Desktop/DeepOnet_Abaqus/StaticElasticJob3.odb,Step-1,Increment      1: Step Time =    1.000,"PLATE-1",          2373,             1,  -32.7155E-03,      -1.18925,            0.,"ASSEMBLY_PLATE-1__PICKEDSET2","ROCK","",  -978.924E-03,      -1.26726,      -1.26717,  -979.018E-03,   5.20276E-03
F:/Desktop/DeepOnet_Abaqus/StaticElasticJob3.odb,Step-1,Increment      1: Step Time =    1.000,"PLATE-1",          2374,             1,   44.7694E-03,      -1.19224,            0.,"ASSEMBLY_PLATE-1__PICKEDSET2","ROCK","",  -978.110E-03,      -1.26739,      -1.26738,  -978.121E-03,   1.78967E-03
F:/Desktop/DeepOnet_Abaqus/StaticElasticJob3.odb,Step-1,Increment      1: Step Time =    1.000,"PLATE-1",          2375,             1,       1.14547,  -184.078E-03,            0.,"ASSEMBLY_PLATE-1__PICKEDSET2","ROCK","",      -1.02846,      -1.18489,      -1.18015,      -1.03320,  -26.8244E-03
F:/Desktop/DeepOnet_Abaqus/StaticElasticJob3.odb,Step-1,Increment      1: Step Time =    1.000,"PLATE-1",          2376,             1,      -1.22980,  -544.455E-03,            0.,"ASSEMBLY_PLATE-1__PICKEDSET2","ROCK","",      -1.01300,      -1.21865,      -1.21566,      -1.01599,   24.6292E-03
F:/Desktop/DeepOnet_Abaqus/StaticElasticJob3.odb,Step-1,Increment      1: Step Time =    1.000,"PLATE-1",          2377,             1,   467.439E-03,       1.25717,            0.,"ASSEMBLY_PLATE-1__PICKEDSET2","ROCK","",  -967.053E-03,      -1.26922,      -1.26824,  -968.035E-03,   17.1986E-03
F:/Desktop/DeepOnet_Abaqus/StaticElasticJob3.odb,Step-1,Increment      1: Step Time =    1.000,"PLATE-1",          2378,             1,      -1.34950,       1.01062,            0.,"ASSEMBLY_PLATE-1__PICKEDSET2","ROCK","",      -1.00290,      -1.22866,      -1.22717,      -1.00438,  -18.2361E-03
F:/Desktop/DeepOnet_Abaqus/StaticElasticJob3.odb,Step-1,Increment      1: Step Time =    1.000,"PLATE-1",          2379,             1,      -1.33593,   855.167E-03,            0.,"ASSEMBLY_PLATE-1__PICKEDSET2","ROCK","",      -1.00565,      -1.22455,      -1.22271,      -1.00749,  -19.9920E-03
F:/Desktop/DeepOnet_Abaqus/StaticElasticJob3.odb,Step-1,Increment      1: Step Time =    1.000,"PLATE-1",          2380,             1,  -121.958E-03,      -1.26628,            0.,"ASSEMBLY_PLATE-1__PICKEDSET2","ROCK","",  -982.701E-03,      -1.26250,      -1.26229,  -982.904E-03,   7.52573E-03
F:/Desktop/DeepOnet_Abaqus/StaticElasticJob3.odb,Step-1,Increment      1: Step Time =    1.000,"PLATE-1",          2381,             1,       1.17237,   592.722E-03,            0.,"ASSEMBLY_PLATE-1__PICKEDSET2","ROCK","",      -1.01823,      -1.22349,      -1.21740,      -1.02433,   34.8487E-03
F:/Desktop/DeepOnet_Abaqus/StaticElasticJob3.odb,Step-1,Increment      1: Step Time =    1.000,"PLATE-1",          2382,             1,   958.244E-03,      -1.27657,            0.,"ASSEMBLY_PLATE-1__PICKEDSET2","ROCK","",  -989.617E-03,      -1.24432,      -1.24316,  -990.778E-03,  -17.1606E-03
F:/Desktop/DeepOnet_Abaqus/StaticElasticJob3.odb,Step-1,Increment      1: Step Time =    1.000,"PLATE-1",          2383,             1,       1.25418,  -816.067E-03,            0.,"ASSEMBLY_PLATE-1__PICKEDSET2","ROCK","",  -998.884E-03,      -1.22883,      -1.22572,      -1.00200,  -26.5763E-03
F:/Desktop/DeepOnet_Abaqus/StaticElasticJob3.odb,Step-1,Increment      1: Step Time =    1.000,"PLATE-1",          2384,             1,  -990.908E-03,   754.123E-03,            0.,"ASSEMBLY_PLATE-1__PICKEDSET2","ROCK","",      -1.00012,      -1.22916,      -1.22453,      -1.00474,  -32.2022E-03
F:/Desktop/DeepOnet_Abaqus/StaticElasticJob3.odb,Step-1,Increment      1: Step Time =    1.000,"PLATE-1",          2385,             1,  -990.937E-03,  -290.087E-03,            0.,"ASSEMBLY_PLATE-1__PICKEDSET2","ROCK","",      -1.02808,      -1.19692,      -1.18998,      -1.03502,   33.5291E-03
F:/Desktop/DeepOnet_Abaqus/StaticElasticJob3.odb,Step-1,Increment      1: Step Time =    1.000,"PLATE-1",          2386,             1,  -970.832E-03,  -231.402E-03,            0.,"ASSEMBLY_PLATE-1__PICKEDSET2","ROCK","",      -1.03418,      -1.18823,      -1.18144,      -1.04098,   31.6260E-03
F:/Desktop/DeepOnet_Abaqus/StaticElasticJob3.odb,Step-1,Increment      1: Step Time =    1.000,"PLATE-1",          2387,             1,   578.787E-03,   911.492E-03,            0.,"ASSEMBLY_PLATE-1__PICKEDSET2","ROCK","",  -945.208E-03,      -1.29513,      -1.28059,  -959.755E-03,   69.8458E-03
F:/Desktop/DeepOnet_Abaqus/StaticElasticJob3.odb,Step-1,Increment      1: Step Time =    1.000,"PLATE-1",          2388,             1,       1.29212,  -758.157E-03,            0.,"ASSEMBLY_PLATE-1__PICKEDSET2","ROCK","",      -1.00108,      -1.22592,      -1.22272,      -1.00428,  -26.6166E-03
F:/Desktop/DeepOnet_Abaqus/StaticElasticJob3.odb,Step-1,Increment      1: Step Time =    1.000,"PLATE-1",          2389,             1,       1.24311,  -654.961E-03,            0.,"ASSEMBLY_PLATE-1__PICKEDSET2","ROCK","",      -1.00298,      -1.22197,      -1.21788,      -1.00707,  -29.6494E-03
F:/Desktop/DeepOnet_Abaqus/StaticElasticJob3.odb,Step-1,Increment      1: Step Time =    1.000,"PLATE-1",          2390,             1,       1.09433,  -262.115E-03,            0.,"ASSEMBLY_PLATE-1__PICKEDSET2","ROCK","",      -1.02154,      -1.19119,      -1.18394,      -1.02879,  -34.3220E-03
F:/Desktop/DeepOnet_Abaqus/StaticElasticJob3.odb,Step-1,Increment      1: Step Time =    1.000,"PLATE-1",          2391,             1,  -733.761E-03,  -646.455E-03,            0.,"ASSEMBLY_PLATE-1__PICKEDSET2","ROCK","",  -994.760E-03,      -1.24697,      -1.23724,      -1.00448,   48.5555E-03
F:/Desktop/DeepOnet_Abaqus/StaticElasticJob3.odb,Step-1,Increment      1: Step Time =    1.000,"PLATE-1",          2392,             1,  -816.791E-03,  -546.690E-03,            0.,"ASSEMBLY_PLATE-1__PICKEDSET2","ROCK","",      -1.00280,      -1.23388,      -1.22327,      -1.01341,   48.3490E-03
F:/Desktop/DeepOnet_Abaqus/StaticElasticJob3.odb,Step-1,Increment      1: Step Time =    1.000,"PLATE-1",          2393,             1,  -804.853E-03,   744.566E-03,            0.,"ASSEMBLY_PLATE-1__PICKEDSET2","ROCK","",  -991.743E-03,      -1.23913,      -1.23262,  -998.251E-03,  -39.5933E-03
F:/Desktop/DeepOnet_Abaqus/StaticElasticJob3.odb,Step-1,Increment      1: Step Time =    1.000,"PLATE-1",          2394,             1,   426.157E-03,       1.19802,            0.,"ASSEMBLY_PLATE-1__PICKEDSET2","ROCK","",  -959.404E-03,      -1.27516,      -1.27433,  -960.231E-03,   16.1365E-03
F:/Desktop/DeepOnet_Abaqus/StaticElasticJob3.odb,Step-1,Increment      1: Step Time =    1.000,"PLATE-1",          2395,             1,       1.26683,   394.071E-03,            0.,"ASSEMBLY_PLATE-1__PICKEDSET2","ROCK","",      -1.02967,      -1.20194,      -1.19785,      -1.03375,   26.1982E-03
F:/Desktop/DeepOnet_Abaqus/StaticElasticJob3.odb,Step-1,Increment      1: Step Time =    1.000,"PLATE-1",          2396,             1,      -1.31454,   6.94828E-03,            0.,"ASSEMBLY_PLATE-1__PICKEDSET2","ROCK","",      -1.03039,      -1.19440,      -1.19436,      -1.03043,   2.66856E-03
F:/Desktop/DeepOnet_Abaqus/StaticElasticJob3.odb,Step-1,Increment      1: Step Time =    1.000,"PLATE-1",          2397,             1,  -513.208E-03,      -1.03063,            0.,"ASSEMBLY_PLATE-1__PICKEDSET2","ROCK","",  -986.127E-03,      -1.26026,      -1.25797,  -988.424E-03,   24.9871E-03
F:/Desktop/DeepOnet_Abaqus/StaticElasticJob3.odb,Step-1,Increment      1: Step Time =    1.000,"PLATE-1",          2398,             1,  -313.576E-03,      -1.39349,            0.,"ASSEMBLY_PLATE-1__PICKEDSET2","ROCK","",  -988.435E-03,      -1.25469,      -1.25435,  -988.782E-03,   9.60241E-03
F:/Desktop/DeepOnet_Abaqus/StaticElasticJob3.odb,Step-1,Increment      1: Step Time =    1.000,"PLATE-1",          2399,             1,       1.34440,   795.541E-03,            0.,"ASSEMBLY_PLATE-1__PICKEDSET2","ROCK","",      -1.01100,      -1.22960,      -1.22688,      -1.01372,   24.2555E-03
F:/Desktop/DeepOnet_Abaqus/StaticElasticJob3.odb,Step-1,Increment      1: Step Time =    1.000,"PLATE-1",          2400,             1,      -1.17956,       1.24225,            0.,"ASSEMBLY_PLATE-1__PICKEDSET2","ROCK","",  -998.294E-03,      -1.23507,      -1.23388,  -999.485E-03,  -16.7517E-03
F:/Desktop/DeepOnet_Abaqus/StaticElasticJob3.odb,Step-1,Increment      1: Step Time =    1.000,"PLATE-1",          2401,             1,       1.28009,       1.12054,            0.,"ASSEMBLY_PLATE-1__PICKEDSET2","ROCK","",      -1.00442,      -1.23679,      -1.23501,      -1.00620,   20.2646E-03
F:/Desktop/DeepOnet_Abaqus/StaticElasticJob3.odb,Step-1,Increment      1: Step Time =    1.000,"PLATE-1",          2402,             1,       1.10343,      -1.36883,            0.,"ASSEMBLY_PLATE-1__PICKEDSET2","ROCK","",  -992.320E-03,      -1.24114,      -1.24020,  -993.264E-03,  -15.2952E-03
F:/Desktop/DeepOnet_Abaqus/StaticElasticJob3.odb,Step-1,Increment      1: Step Time =    1.000,"PLATE-1",          2403,             1,      -1.28266,      -1.28329,            0.,"ASSEMBLY_PLATE-1__PICKEDSET2","ROCK","",      -1.00026,      -1.23646,      -1.23558,      -1.00114,   14.4010E-03
F:/Desktop/DeepOnet_Abaqus/StaticElasticJob3.odb,Step-1,Increment      1: Step Time =    1.000,"PLATE-1",          2404,             1,      -1.32122,   693.089E-03,            0.,"ASSEMBLY_PLATE-1__PICKEDSET2","ROCK","",      -1.00984,      -1.21865,      -1.21645,      -1.01205,  -21.3435E-03
F:/Desktop/DeepOnet_Abaqus/StaticElasticJob3.odb,Step-1,Increment      1: Step Time =    1.000,"PLATE-1",          2405,             1,      -1.38450,   717.204E-03,            0.,"ASSEMBLY_PLATE-1__PICKEDSET2","ROCK","",      -1.00945,      -1.21973,      -1.21800,      -1.01118,  -18.9842E-03
F:/Desktop/DeepOnet_Abaqus/StaticElasticJob3.odb,Step-1,Increment      1: Step Time =    1.000,"PLATE-1",          2406,             1,       1.02429,       1.20317,            0.,"ASSEMBLY_PLATE-1__PICKEDSET2","ROCK","",  -998.864E-03,      -1.24340,      -1.24103,      -1.00124,   24.0007E-03
F:/Desktop/DeepOnet_Abaqus/StaticElasticJob3.odb,Step-1,Increment      1: Step Time =    1.000,"PLATE-1",          2407,             1,  -661.592E-03,       1.39612,            0.,"ASSEMBLY_PLATE-1__PICKEDSET2","ROCK","",  -991.968E-03,      -1.24521,      -1.24439,  -992.782E-03,  -14.3314E-03
F:/Desktop/DeepOnet_Abaqus/StaticElasticJob3.odb,Step-1,Increment      1: Step Time =    1.000,"PLATE-1",          2408,             1,   842.975E-03,       1.17694,            0.,"ASSEMBLY_PLATE-1__PICKEDSET2","ROCK","",  -992.003E-03,      -1.25129,      -1.24783,  -995.462E-03,   29.7470E-03
F:/Desktop/DeepOnet_Abaqus/StaticElasticJob3.odb,Step-1,Increment      1: Step Time =    1.000,"PLATE-1",          2409,             1,   711.781E-03,      -1.35693,            0.,"ASSEMBLY_PLATE-1__PICKEDSET2","ROCK","",  -986.780E-03,      -1.24973,      -1.24907,  -987.443E-03,  -13.1856E-03
F:/Desktop/DeepOnet_Abaqus/StaticElasticJob3.odb,Step-1,Increment      1: Step Time =    1.000,"PLATE-1",          2410,             1,  -737.134E-03,      -1.29272,            0.,"ASSEMBLY_PLATE-1__PICKEDSET2","ROCK","",  -993.729E-03,      -1.24736,      -1.24635,  -994.745E-03,   16.0248E-03
F:/Desktop/DeepOnet_Abaqus/StaticElasticJob3.odb,Step-1,Increment      1: Step Time =    1.000,"PLATE-1",          2411,             1,   377.428E-03,      -1.39384,            0.,"ASSEMBLY_PLATE-1__PICKEDSET2","ROCK","",  -984.615E-03,      -1.25544,      -1.25529,  -984.766E-03,  -6.39536E-03
F:/Desktop/DeepOnet_Abaqus/StaticElasticJob3.odb,Step-1,Increment      1: Step Time =    1.000,"PLATE-1",          2412,             1,   485.113E-03,      -1.35176,            0.,"ASSEMBLY_PLATE-1__PICKEDSET2","ROCK","",  -984.202E-03,      -1.25490,      -1.25456,  -984.545E-03,  -9.61788E-03
F:/Desktop/DeepOnet_Abaqus/StaticElasticJob3.odb,Step-1,Increment      1: Step Time =    1.000,"PLATE-1",          2413,             1,       1.31115,  -335.358E-03,            0.,"ASSEMBLY_PLATE-1__PICKEDSET2","ROCK","",      -1.01890,      -1.20182,      -1.19854,      -1.02217,  -24.2543E-03
F:/Desktop/DeepOnet_Abaqus/StaticElasticJob3.odb,Step-1,Increment      1: Step Time =    1.000,"PLATE-1",          2414,             1,       1.33288,   291.607E-03,            0.,"ASSEMBLY_PLATE-1__PICKEDSET2","ROCK","",      -1.03280,      -1.19431,      -1.19257,      -1.03454,   16.6609E-03
F:/Desktop/DeepOnet_Abaqus/StaticElasticJob3.odb,Step-1,Increment      1: Step Time =    1.000,"PLATE-1",          2415,             1,      -1.27438,  -307.058E-03,            0.,"ASSEMBLY_PLATE-1__PICKEDSET2","ROCK","",      -1.02301,      -1.20496,      -1.20302,      -1.02496,   18.6987E-03
F:/Desktop/DeepOnet_Abaqus/StaticElasticJob3.odb,Step-1,Increment      1: Step Time =    1.000,"PLATE-1",          2416,             1,  -438.238E-03,       1.26273,            0.,"ASSEMBLY_PLATE-1__PICKEDSET2","ROCK","",  -988.610E-03,      -1.25136,      -1.25039,  -989.588E-03,  -15.9942E-03
F:/Desktop/DeepOnet_Abaqus/StaticElasticJob3.odb,Step-1,Increment      1: Step Time =    1.000,"PLATE-1",          2417,             1,       1.28734,   462.599E-03,            0.,"ASSEMBLY_PLATE-1__PICKEDSET2","ROCK","",      -1.02510,      -1.20879,      -1.20474,      -1.02915,   26.9734E-03
F:/Desktop/DeepOnet_Abaqus/StaticElasticJob3.odb,Step-1,Increment      1: Step Time =    1.000,"PLATE-1",          2418,             1,  -497.690E-03,      -1.29120,            0.,"ASSEMBLY_PLATE-1__PICKEDSET2","ROCK","",  -989.846E-03,      -1.25360,      -1.25274,  -990.700E-03,   14.9796E-03
F:/Desktop/DeepOnet_Abaqus/StaticElasticJob3.odb,Step-1,Increment      1: Step Time =    1.000,"PLATE-1",          2419,             1,   271.856E-03,      -1.37056,            0.,"ASSEMBLY_PLATE-1__PICKEDSET2","ROCK","",  -983.631E-03,      -1.25771,      -1.25764,  -983.694E-03,  -4.13292E-03
F:/Desktop/DeepOnet_Abaqus/StaticElasticJob3.odb,Step-1,Increment      1: Step Time =    1.000,"PLATE-1",          2420,             1,      -1.35071,       1.11011,            0.,"ASSEMBLY_PLATE-1__PICKEDSET2","ROCK","",      -1.00170,      -1.23041,      -1.22910,      -1.00301,  -17.2566E-03
F:/Desktop/DeepOnet_Abaqus/StaticElasticJob3.odb,Step-1,Increment      1: Step Time =    1.000,"PLATE-1",          2421,             1,       1.11775,       1.37350,            0.,"ASSEMBLY_PLATE-1__PICKEDSET2","ROCK","",  -999.156E-03,      -1.24120,      -1.23975,      -1.00060,   18.6374E-03
F:/Desktop/DeepOnet_Abaqus/StaticElasticJob3.odb,Step-1,Increment      1: Step Time =    1.000,"PLATE-1",          2422,             1,       1.36155,  -612.389E-03,            0.,"ASSEMBLY_PLATE-1__PICKEDSET2","ROCK","",      -1.00707,      -1.21837,      -1.21532,      -1.01012,  -25.2011E-03
F:/Desktop/DeepOnet_Abaqus/StaticElasticJob3.odb,Step-1,Increment      1: Step Time =    1.000,"PLATE-1",          2423,             1,       1.33227,  -692.024E-03,            0.,"ASSEMBLY_PLATE-1__PICKEDSET2","ROCK","",      -1.00418,      -1.22207,      -1.21894,      -1.00731,  -25.9154E-03
F:/Desktop/DeepOnet_Abaqus/StaticElasticJob3.odb,Step-1,Increment      1: Step Time =    1.000,"PLATE-1",          2424,             1,       1.20257,   791.893E-03,            0.,"ASSEMBLY_PLATE-1__PICKEDSET2","ROCK","",      -1.01199,      -1.23300,      -1.22925,      -1.01573,   28.5231E-03
F:/Desktop/DeepOnet_Abaqus/StaticElasticJob3.odb,Step-1,Increment      1: Step Time =    1.000,"PLATE-1",          2425,             1,   644.519E-03,       1.35570,            0.,"ASSEMBLY_PLATE-1__PICKEDSET2","ROCK","",  -982.124E-03,      -1.25658,      -1.25505,  -983.657E-03,   20.4548E-03
F:/Desktop/DeepOnet_Abaqus/StaticElasticJob3.odb,Step-1,Increment      1: Step Time =    1.000,"PLATE-1",          2426,             1,       1.26786,      -1.23010,            0.,"ASSEMBLY_PLATE-1__PICKEDSET2","ROCK","",  -995.073E-03,      -1.23690,      -1.23562,  -996.353E-03,  -17.5504E-03
F:/Desktop/DeepOnet_Abaqus/StaticElasticJob3.odb,Step-1,Increment      1: Step Time =    1.000,"PLATE-1",          2427,             1,      -1.39249,      -1.23349,            0.,"ASSEMBLY_PLATE-1__PICKEDSET2","ROCK","",      -1.00149,      -1.23457,      -1.23370,      -1.00236,   14.2004E-03
F:/Desktop/DeepOnet_Abaqus/StaticElasticJob3.odb,Step-1,Increment      1: Step Time =    1.000,"PLATE-1",          2428,             1,      -1.06470,      -1.28058,            0.,"ASSEMBLY_PLATE-1__PICKEDSET2","ROCK","",  -998.093E-03,      -1.24004,      -1.23902,  -999.110E-03,   15.6495E-03
F:/Desktop/DeepOnet_Abaqus/StaticElasticJob3.odb,Step-1,Increment      1: Step Time =    1.000,"PLATE-1",          2429,             1,  -945.756E-03,  -358.423E-03,            0.,"ASSEMBLY_PLATE-1__PICKEDSET2","ROCK","",      -1.02186,      -1.20545,      -1.19636,      -1.03095,   39.8336E-03
F:/Desktop/DeepOnet_Abaqus/StaticElasticJob3.odb,Step-1,Increment      1: Step Time =    1.000,"PLATE-1",          2430,             1,  -717.683E-03,  -805.371E-03,            0.,"ASSEMBLY_PLATE-1__PICKEDSET2","ROCK","",  -992.143E-03,      -1.25130,      -1.24582,  -997.621E-03,   37.2776E-03
F:/Desktop/DeepOnet_Abaqus/StaticElasticJob3.odb,Step-1,Increment      1: Step Time =    1.000,"PLATE-1",          2431,             1,  -84.2631E-03,      -1.01935,            0.,"ASSEMBLY_PLATE-1__PICKEDSET2","ROCK","",  -970.340E-03,      -1.28006,      -1.27971,  -970.689E-03,   10.3906E-03
F:/Desktop/DeepOnet_Abaqus/StaticElasticJob3.odb,Step-1,Increment      1: Step Time =    1.000,"PLATE-1",          2432,             1,  -198.051E-03,      -1.26328,            0.,"ASSEMBLY_PLATE-1__PICKEDSET2","ROCK","",  -983.526E-03,      -1.26167,      -1.26134,  -983.862E-03,   9.66507E-03
F:/Desktop/DeepOnet_Abaqus/StaticElasticJob3.odb,Step-1,Increment      1: Step Time =    1.000,"PLATE-1",          2433,             1,  -230.371E-03,      -1.19652,            0.,"ASSEMBLY_PLATE-1__PICKEDSET2","ROCK","",  -982.437E-03,      -1.26376,      -1.26325,  -982.942E-03,   11.9015E-03
F:/Desktop/DeepOnet_Abaqus/StaticElasticJob3.odb,Step-1,Increment      1: Step Time =    1.000,"PLATE-1",          2434,             1,   393.817E-03,       1.26143,            0.,"ASSEMBLY_PLATE-1__PICKEDSET2","ROCK","",  -964.922E-03,      -1.27046,      -1.27014,  -965.247E-03,   9.96016E-03
F:/Desktop/DeepOnet_Abaqus/StaticElasticJob3.odb,Step-1,Increment      1: Step Time =    1.000,"PLATE-1",          2435,             1,       1.22797,  -166.520E-03,            0.,"ASSEMBLY_PLATE-1__PICKEDSET2","ROCK","",      -1.02968,      -1.18664,      -1.18378,      -1.03254,  -20.9739E-03
F:/Desktop/DeepOnet_Abaqus/StaticElasticJob3.odb,Step-1,Increment      1: Step Time =    1.000,"PLATE-1",          2436,             1,   668.385E-03,   938.034E-03,            0.,"ASSEMBLY_PLATE-1__PICKEDSET2","ROCK","",  -975.717E-03,      -1.27323,      -1.26138,  -987.566E-03,   58.1807E-03
F:/Desktop/DeepOnet_Abaqus/StaticElasticJob3.odb,Step-1,Increment      1: Step Time =    1.000,"PLATE-1",          2437,             1,  -795.881E-03,   882.544E-03,            0.,"ASSEMBLY_PLATE-1__PICKEDSET2","ROCK","",  -990.875E-03,      -1.24288,      -1.23885,  -994.905E-03,  -31.6130E-03
F:/Desktop/DeepOnet_Abaqus/StaticElasticJob3.odb,Step-1,Increment      1: Step Time =    1.000,"PLATE-1",          2438,             1,  -823.831E-03,  -380.248E-03,            0.,"ASSEMBLY_PLATE-1__PICKEDSET2","ROCK","",      -1.01561,      -1.21346,      -1.19813,      -1.03093,   52.8833E-03
F:/Desktop/DeepOnet_Abaqus/StaticElasticJob3.odb,Step-1,Increment      1: Step Time =    1.000,"PLATE-1",          2439,             1,       1.03600,   750.718E-03,            0.,"ASSEMBLY_PLATE-1__PICKEDSET2","ROCK","",      -1.01063,      -1.23902,      -1.23251,      -1.01714,   38.0119E-03
F:/Desktop/DeepOnet_Abaqus/StaticElasticJob3.odb,Step-1,Increment      1: Step Time =    1.000,"PLATE-1",          2440,             1,  -885.345E-03,  -816.411E-03,            0.,"ASSEMBLY_PLATE-1__PICKEDSET2","ROCK","",  -998.033E-03,      -1.24127,      -1.23704,      -1.00226,   31.7889E-03
F:/Desktop/DeepOnet_Abaqus/StaticElasticJob3.odb,Step-1,Increment      1: Step Time =    1.000,"PLATE-1",          2441,             1,  -803.781E-03,  -663.598E-03,            0.,"ASSEMBLY_PLATE-1__PICKEDSET2","ROCK","",  -998.019E-03,      -1.24160,      -1.23379,      -1.00583,   42.9119E-03
F:/Desktop/DeepOnet_Abaqus/StaticElasticJob3.odb,Step-1,Increment      1: Step Time =    1.000,"PLATE-1",          2442,             1,  -637.681E-03,      -1.07725,            0.,"ASSEMBLY_PLATE-1__PICKEDSET2","ROCK","",  -990.457E-03,      -1.25329,      -1.25123,  -992.512E-03,   23.1491E-03
F:/Desktop/DeepOnet_Abaqus/StaticElasticJob3.odb,Step-1,Increment      1: Step Time =    1.000,"PLATE-1",          2443,             1,  -264.187E-03,      -1.25210,            0.,"ASSEMBLY_PLATE-1__PICKEDSET2","ROCK","",  -984.705E-03,      -1.26059,      -1.26008,  -985.215E-03,   11.8554E-03
F:/Desktop/DeepOnet_Abaqus/StaticElasticJob3.odb,Step-1,Increment      1: Step Time =    1.000,"PLATE-1",          2444,             1,      -1.00831,  -348.828E-03,            0.,"ASSEMBLY_PLATE-1__PICKEDSET2","ROCK","",      -1.02295,      -1.20427,      -1.19743,      -1.02979,   34.5470E-03
F:/Desktop/DeepOnet_Abaqus/StaticElasticJob3.odb,Step-1,Increment      1: Step Time =    1.000,"PLATE-1",          2445,             1,  -861.122E-03,  -491.287E-03,            0.,"ASSEMBLY_PLATE-1__PICKEDSET2","ROCK","",      -1.00824,      -1.22539,      -1.21460,      -1.01903,   47.1895E-03
F:/Desktop/DeepOnet_Abaqus/StaticElasticJob3.odb,Step-1,Increment      1: Step Time =    1.000,"PLATE-1",          2446,             1,      -1.02885,   458.555E-03,            0.,"ASSEMBLY_PLATE-1__PICKEDSET2","ROCK","",      -1.01588,      -1.20626,      -1.19966,      -1.02247,  -34.8118E-03
F:/Desktop/DeepOnet_Abaqus/StaticElasticJob3.odb,Step-1,Increment      1: Step Time =    1.000,"PLATE-1",          2447,             1,      -1.00147,   689.527E-03,            0.,"ASSEMBLY_PLATE-1__PICKEDSET2","ROCK","",      -1.00256,      -1.22518,      -1.21989,      -1.00786,  -33.9362E-03
F:/Desktop/DeepOnet_Abaqus/StaticElasticJob3.odb,Step-1,Increment      1: Step Time =    1.000,"PLATE-1",          2448,             1,      -1.01099,   625.813E-03,            0.,"ASSEMBLY_PLATE-1__PICKEDSET2","ROCK","",      -1.00512,      -1.22139,      -1.21565,      -1.01086,  -34.7715E-03
F:/Desktop/DeepOnet_Abaqus/StaticElasticJob3.odb,Step-1,Increment      1: Step Time =    1.000,"PLATE-1",          2449,             1,      -1.27159,   430.893E-03,            0.,"ASSEMBLY_PLATE-1__PICKEDSET2","ROCK","",      -1.01962,      -1.20548,      -1.20313,      -1.02197,  -20.7723E-03
F:/Desktop/DeepOnet_Abaqus/StaticElasticJob3.odb,Step-1,Increment      1: Step Time =    1.000,"PLATE-1",          2450,             1,       1.09178,  -311.205E-03,            0.,"ASSEMBLY_PLATE-1__PICKEDSET2","ROCK","",      -1.01623,      -1.19808,      -1.19017,      -1.02414,  -37.0877E-03
F:/Desktop/DeepOnet_Abaqus/StaticElasticJob3.odb,Step-1,Increment      1: Step Time =    1.000,"PLATE-1",          2451,             1,       1.03762,   823.364E-03,            0.,"ASSEMBLY_PLATE-1__PICKEDSET2","ROCK","",      -1.01169,      -1.24107,      -1.23562,      -1.01714,   34.9494E-03
F:/Desktop/DeepOnet_Abaqus/StaticElasticJob3.odb,Step-1,Increment      1: Step Time =    1.000,"PLATE-1",          2452,             1,  -871.905E-03,  -547.621E-03,            0.,"ASSEMBLY_PLATE-1__PICKEDSET2","ROCK","",      -1.00555,      -1.22954,      -1.22036,      -1.01474,   44.4208E-03
F:/Desktop/DeepOnet_Abaqus/StaticElasticJob3.odb,Step-1,Increment      1: Step Time =    1.000,"PLATE-1",          2453,             1,      -1.05354,  -278.630E-03,            0.,"ASSEMBLY_PLATE-1__PICKEDSET2","ROCK","",      -1.02839,      -1.19691,      -1.19194,      -1.03336,   28.5141E-03
F:/Desktop/DeepOnet_Abaqus/StaticElasticJob3.odb,Step-1,Increment      1: Step Time =    1.000,"PLATE-1",          2454,             1,      -1.02259,  -406.785E-03,            0.,"ASSEMBLY_PLATE-1__PICKEDSET2","ROCK","",      -1.01898,      -1.20998,      -1.20337,      -1.02558,   34.9030E-03
F:/Desktop/DeepOnet_Abaqus/StaticElasticJob3.odb,Step-1,Increment      1: Step Time =    1.000,"PLATE-1",          2455,             1,   823.393E-03,   972.322E-03,            0.,"ASSEMBLY_PLATE-1__PICKEDSET2","ROCK","",  -996.655E-03,      -1.25425,      -1.24708,      -1.00383,   42.3815E-03
F:/Desktop/DeepOnet_Abaqus/StaticElasticJob3.odb,Step-1,Increment      1: Step Time =    1.000,"PLATE-1",          2456,             1,       1.33495,   379.167E-03,            0.,"ASSEMBLY_PLATE-1__PICKEDSET2","ROCK","",      -1.02846,      -1.20202,      -1.19931,      -1.03117,   21.5309E-03
F:/Desktop/DeepOnet_Abaqus/StaticElasticJob3.odb,Step-1,Increment      1: Step Time =    1.000,"PLATE-1",          2457,             1,       1.23571,   72.5144E-03,            0.,"ASSEMBLY_PLATE-1__PICKEDSET2","ROCK","",      -1.04185,      -1.17616,      -1.17615,      -1.04185,  -580.118E-06
F:/Desktop/DeepOnet_Abaqus/StaticElasticJob3.odb,Step-1,Increment      1: Step Time =    1.000,"PLATE-1",          2458,             1,       1.10693,      -1.29785,            0.,"ASSEMBLY_PLATE-1__PICKEDSET2","ROCK","",  -992.253E-03,      -1.24080,      -1.23965,  -993.395E-03,  -16.8128E-03
F:/Desktop/DeepOnet_Abaqus/StaticElasticJob3.odb,Step-1,Increment      1: Step Time =    1.000,"PLATE-1",          2459,             1,      -1.30990,  -50.3177E-03,            0.,"ASSEMBLY_PLATE-1__PICKEDSET2","ROCK","",      -1.02979,      -1.19538,      -1.19518,      -1.02999,   5.78502E-03
F:/Desktop/DeepOnet_Abaqus/StaticElasticJob3.odb,Step-1,Increment      1: Step Time =    1.000,"PLATE-1",          2460,             1,       1.21835,  -403.574E-03,            0.,"ASSEMBLY_PLATE-1__PICKEDSET2","ROCK","",      -1.01355,      -1.20634,      -1.20134,      -1.01855,  -30.6531E-03
F:/Desktop/DeepOnet_Abaqus/StaticElasticJob3.odb,Step-1,Increment      1: Step Time =    1.000,"PLATE-1",          2461,             1,      -1.18989,   686.524E-03,            0.,"ASSEMBLY_PLATE-1__PICKEDSET2","ROCK","",      -1.00796,      -1.22003,      -1.21681,      -1.01118,  -25.9304E-03
F:/Desktop/DeepOnet_Abaqus/StaticElasticJob3.odb,Step-1,Increment      1: Step Time =    1.000,"PLATE-1",          2462,             1,  -788.566E-03,      -1.19485,            0.,"ASSEMBLY_PLATE-1__PICKEDSET2","ROCK","",  -994.014E-03,      -1.24707,      -1.24570,  -995.391E-03,   18.6195E-03
F:/Desktop/DeepOnet_Abaqus/StaticElasticJob3.odb,Step-1,Increment      1: Step Time =    1.000,"PLATE-1",          2463,             1,       1.19731,      -1.06416,            0.,"ASSEMBLY_PLATE-1__PICKEDSET2","ROCK","",  -994.453E-03,      -1.23635,      -1.23435,  -996.452E-03,  -21.9037E-03
F:/Desktop/DeepOnet_Abaqus/StaticElasticJob3.odb,Step-1,Increment      1: Step Time =    1.000,"PLATE-1",          2464,             1,       1.20656,   696.412E-03,            0.,"ASSEMBLY_PLATE-1__PICKEDSET2","ROCK","",      -1.01476,      -1.22953,      -1.22498,      -1.01931,   30.9551E-03
F:/Desktop/DeepOnet_Abaqus/StaticElasticJob3.odb,Step-1,Increment      1: Step Time =    1.000,"PLATE-1",          2465,             1,       1.23429,  -248.704E-03,            0.,"ASSEMBLY_PLATE-1__PICKEDSET2","ROCK","",      -1.02369,      -1.19381,      -1.18998,      -1.02752,  -25.2211E-03
F:/Desktop/DeepOnet_Abaqus/StaticElasticJob3.odb,Step-1,Increment      1: Step Time =    1.000,"PLATE-1",          2466,             1,      -1.29322,  -372.911E-03,            0.,"ASSEMBLY_PLATE-1__PICKEDSET2","ROCK","",      -1.01996,      -1.20907,      -1.20696,      -1.02207,   19.8642E-03
F:/Desktop/DeepOnet_Abaqus/StaticElasticJob3.odb,Step-1,Increment      1: Step Time =    1.000,"PLATE-1",          2467,             1,       1.10161,   745.786E-03,            0.,"ASSEMBLY_PLATE-1__PICKEDSET2","ROCK","",      -1.01510,      -1.23547,      -1.22979,      -1.02078,   34.9191E-03
F:/Desktop/DeepOnet_Abaqus/StaticElasticJob3.odb,Step-1,Increment      1: Step Time =    1.000,"PLATE-1",          2468,             1,  -836.844E-03,       1.12480,            0.,"ASSEMBLY_PLATE-1__PICKEDSET2","ROCK","",  -992.709E-03,      -1.24258,      -1.24072,  -994.564E-03,  -21.4530E-03
F:/Desktop/DeepOnet_Abaqus/StaticElasticJob3.odb,Step-1,Increment      1: Step Time =    1.000,"PLATE-1",          2469,             1,  -759.275E-03,       1.10253,            0.,"ASSEMBLY_PLATE-1__PICKEDSET2","ROCK","",  -991.156E-03,      -1.24512,      -1.24318,  -993.094E-03,  -22.1032E-03
F:/Desktop/DeepOnet_Abaqus/StaticElasticJob3.odb,Step-1,Increment      1: Step Time =    1.000,"PLATE-1",          2470,             1,  -636.327E-03,       1.21827,            0.,"ASSEMBLY_PLATE-1__PICKEDSET2","ROCK","",  -990.234E-03,      -1.24764,      -1.24636,  -991.516E-03,  -18.1190E-03
F:/Desktop/DeepOnet_Abaqus/StaticElasticJob3.odb,Step-1,Increment      1: Step Time =    1.000,"PLATE-1",          2471,             1,       1.20273,       1.19344,            0.,"ASSEMBLY_PLATE-1__PICKEDSET2","ROCK","",      -1.00241,      -1.23906,      -1.23719,      -1.00427,   20.9353E-03
F:/Desktop/DeepOnet_Abaqus/StaticElasticJob3.odb,Step-1,Increment      1: Step Time =    1.000,"PLATE-1",          2472,             1,      -1.09196,      -1.00075,            0.,"ASSEMBLY_PLATE-1__PICKEDSET2","ROCK","",      -1.00015,      -1.23732,      -1.23530,      -1.00216,   21.7441E-03
F:/Desktop/DeepOnet_Abaqus/StaticElasticJob3.odb,Step-1,Increment      1: Step Time =    1.000,"PLATE-1",          2473,             1,      -1.24219,       1.31505,            0.,"ASSEMBLY_PLATE-1__PICKEDSET2","ROCK","",  -998.775E-03,      -1.23462,      -1.23365,  -999.750E-03,  -15.1360E-03
F:/Desktop/DeepOnet_Abaqus/StaticElasticJob3.odb,Step-1,Increment      1: Step Time =    1.000,"PLATE-1",          2474,             1,      -1.23349,       1.18035,            0.,"ASSEMBLY_PLATE-1__PICKEDSET2","ROCK","",  -999.342E-03,      -1.23349,      -1.23220,      -1.00063,  -17.3161E-03
F:/Desktop/DeepOnet_Abaqus/StaticElasticJob3.odb,Step-1,Increment      1: Step Time =    1.000,"PLATE-1",          2475,             1,      -1.20104,  -721.002E-03,            0.,"ASSEMBLY_PLATE-1__PICKEDSET2","ROCK","",      -1.00723,      -1.22698,      -1.22421,      -1.00999,   24.4961E-03
F:/Desktop/DeepOnet_Abaqus/StaticElasticJob3.odb,Step-1,Increment      1: Step Time =    1.000,"PLATE-1",          2476,             1,      -1.07227,      -1.14249,            0.,"ASSEMBLY_PLATE-1__PICKEDSET2","ROCK","",  -998.889E-03,      -1.23903,      -1.23759,      -1.00033,   18.5555E-03
F:/Desktop/DeepOnet_Abaqus/StaticElasticJob3.odb,Step-1,Increment      1: Step Time =    1.000,"PLATE-1",          2477,             1,  -942.305E-03,      -1.11881,            0.,"ASSEMBLY_PLATE-1__PICKEDSET2","ROCK","",  -996.606E-03,      -1.24289,      -1.24120,  -998.290E-03,   20.2899E-03
F:/Desktop/DeepOnet_Abaqus/StaticElasticJob3.odb,Step-1,Increment      1: Step Time =    1.000,"PLATE-1",          2478,             1,      -1.16417,   620.917E-03,            0.,"ASSEMBLY_PLATE-1__PICKEDSET2","ROCK","",      -1.00960,      -1.21743,      -1.21381,      -1.01322,  -27.1654E-03
F:/Desktop/DeepOnet_Abaqus/StaticElasticJob3.odb,Step-1,Increment      1: Step Time =    1.000,"PLATE-1",          2479,             1,      -1.14877,   543.108E-03,            0.,"ASSEMBLY_PLATE-1__PICKEDSET2","ROCK","",      -1.01340,      -1.21209,      -1.20815,      -1.01734,  -27.6782E-03
F:/Desktop/DeepOnet_Abaqus/StaticElasticJob3.odb,Step-1,Increment      1: Step Time =    1.000,"PLATE-1",          2480,             1,  -864.557E-03,   966.633E-03,            0.,"ASSEMBLY_PLATE-1__PICKEDSET2","ROCK","",  -992.927E-03,      -1.24086,      -1.23789,  -995.893E-03,  -26.9593E-03
F:/Desktop/DeepOnet_Abaqus/StaticElasticJob3.odb,Step-1,Increment      1: Step Time =    1.000,"PLATE-1",          2481,             1,       1.14443,   888.618E-03,            0.,"ASSEMBLY_PLATE-1__PICKEDSET2","ROCK","",      -1.00932,      -1.23722,      -1.23366,      -1.01288,   28.2863E-03
F:/Desktop/DeepOnet_Abaqus/StaticElasticJob3.odb,Step-1,Increment      1: Step Time =    1.000,"PLATE-1",          2482,             1,  -755.668E-03,  -957.929E-03,            0.,"ASSEMBLY_PLATE-1__PICKEDSET2","ROCK","",  -993.147E-03,      -1.24916,      -1.24608,  -996.228E-03,   27.9163E-03
F:/Desktop/DeepOnet_Abaqus/StaticElasticJob3.odb,Step-1,Increment      1: Step Time =    1.000,"PLATE-1",          2483,             1,  -678.959E-03,      -1.15507,            0.,"ASSEMBLY_PLATE-1__PICKEDSET2","ROCK","",  -991.626E-03,      -1.25113,      -1.24956,  -993.196E-03,   20.1224E-03
F:/Desktop/DeepOnet_Abaqus/StaticElasticJob3.odb,Step-1,Increment      1: Step Time =    1.000,"PLATE-1",          2484,             1,       1.15686,  -320.402E-03,            0.,"ASSEMBLY_PLATE-1__PICKEDSET2","ROCK","",      -1.01761,      -1.19893,      -1.19288,      -1.02366,  -32.5833E-03
F:/Desktop/DeepOnet_Abaqus/StaticElasticJob3.odb,Step-1,Increment      1: Step Time =    1.000,"PLATE-1",          2485,             1,       1.15906,  -253.158E-03,            0.,"ASSEMBLY_PLATE-1__PICKEDSET2","ROCK","",      -1.02288,      -1.19234,      -1.18703,      -1.02820,  -29.5273E-03
F:/Desktop/DeepOnet_Abaqus/StaticElasticJob3.odb,Step-1,Increment      1: Step Time =    1.000,"PLATE-1",          2486,             1,       1.29385,   679.266E-03,            0.,"ASSEMBLY_PLATE-1__PICKEDSET2","ROCK","",      -1.01478,      -1.22580,      -1.22218,      -1.01840,   27.3915E-03
F:/Desktop/DeepOnet_Abaqus/StaticElasticJob3.odb,Step-1,Increment      1: Step Time =    1.000,"PLATE-1",          2487,             1,       1.17505,   646.240E-03,            0.,"ASSEMBLY_PLATE-1__PICKEDSET2","ROCK","",      -1.01685,      -1.22701,      -1.22150,      -1.02236,   33.5853E-03
F:/Desktop/DeepOnet_Abaqus/StaticElasticJob3.odb,Step-1,Increment      1: Step Time =    1.000,"PLATE-1",          2488,             1,      -1.03699,  -462.507E-03,            0.,"ASSEMBLY_PLATE-1__PICKEDSET2","ROCK","",      -1.01552,      -1.21495,      -1.20899,      -1.02149,   33.9820E-03
F:/Desktop/DeepOnet_Abaqus/StaticElasticJob3.odb,Step-1,Increment      1: Step Time =    1.000,"PLATE-1",          2489,             1,   879.071E-03,       1.01447,            0.,"ASSEMBLY_PLATE-1__PICKEDSET2","ROCK","",  -997.588E-03,      -1.24950,      -1.24412,      -1.00297,   36.4275E-03
F:/Desktop/DeepOnet_Abaqus/StaticElasticJob3.odb,Step-1,Increment      1: Step Time =    1.000,"PLATE-1",          2490,             1,   701.967E-03,       1.00381,            0.,"ASSEMBLY_PLATE-1__PICKEDSET2","ROCK","",  -979.302E-03,      -1.26543,      -1.25735,  -987.376E-03,   47.3819E-03
F:/Desktop/DeepOnet_Abaqus/StaticElasticJob3.odb,Step-1,Increment      1: Step Time =    1.000,"PLATE-1",          2491,             1,  -928.150E-03,   748.957E-03,            0.,"ASSEMBLY_PLATE-1__PICKEDSET2","ROCK","",  -997.639E-03,      -1.23186,      -1.22655,      -1.00295,  -34.8814E-03
F:/Desktop/DeepOnet_Abaqus/StaticElasticJob3.odb,Step-1,Increment      1: Step Time =    1.000,"PLATE-1",          2492,             1,  -866.283E-03,   890.715E-03,            0.,"ASSEMBLY_PLATE-1__PICKEDSET2","ROCK","",  -993.480E-03,      -1.23941,      -1.23570,  -997.187E-03,  -29.9639E-03
F:/Desktop/DeepOnet_Abaqus/StaticElasticJob3.odb,Step-1,Increment      1: Step Time =    1.000,"PLATE-1",          2493,             1,  -994.882E-03,  -535.236E-03,            0.,"ASSEMBLY_PLATE-1__PICKEDSET2","ROCK","",      -1.01027,      -1.22252,      -1.21607,      -1.01671,   36.4194E-03
F:/Desktop/DeepOnet_Abaqus/StaticElasticJob3.odb,Step-1,Increment      1: Step Time =    1.000,"PLATE-1",          2494,             1,  -801.637E-03,  -808.115E-03,            0.,"ASSEMBLY_PLATE-1__PICKEDSET2","ROCK","",  -995.441E-03,      -1.24569,      -1.24075,      -1.00038,   34.8044E-03
F:/Desktop/DeepOnet_Abaqus/StaticElasticJob3.odb,Step-1,Increment      1: Step Time =    1.000,"PLATE-1",          2495,             1,      -1.07173,  -340.671E-03,            0.,"ASSEMBLY_PLATE-1__PICKEDSET2","ROCK","",      -1.02371,      -1.20347,      -1.19840,      -1.02877,   29.7420E-03
F:/Desktop/DeepOnet_Abaqus/StaticElasticJob3.odb,Step-1,Increment      1: Step Time =    1.000,"PLATE-1",          2496,             1,      -1.24610,   311.291E-03,            0.,"ASSEMBLY_PLATE-1__PICKEDSET2","ROCK","",      -1.02550,      -1.19825,      -1.19666,      -1.02709,  -16.4817E-03
F:/Desktop/DeepOnet_Abaqus/StaticElasticJob3.odb,Step-1,Increment      1: Step Time =    1.000,"PLATE-1",          2497,             1,       1.05280,   906.656E-03,            0.,"ASSEMBLY_PLATE-1__PICKEDSET2","ROCK","",      -1.00697,      -1.24087,      -1.23642,      -1.01142,   31.9528E-03
F:/Desktop/DeepOnet_Abaqus/StaticElasticJob3.odb,Step-1,Increment      1: Step Time =    1.000,"PLATE-1",          2498,             1,  -751.268E-03,      -1.12195,            0.,"ASSEMBLY_PLATE-1__PICKEDSET2","ROCK","",  -993.073E-03,      -1.24879,      -1.24700,  -994.865E-03,   21.3340E-03
F:/Desktop/DeepOnet_Abaqus/StaticElasticJob3.odb,Step-1,Increment      1: Step Time =    1.000,"PLATE-1",          2499,             1,  -524.931E-03,      -1.20705,            0.,"ASSEMBLY_PLATE-1__PICKEDSET2","ROCK","",  -989.204E-03,      -1.25468,      -1.25351,  -990.377E-03,   17.6012E-03
F:/Desktop/DeepOnet_Abaqus/StaticElasticJob3.odb,Step-1,Increment      1: Step Time =    1.000,"PLATE-1",          2500,             1,  -624.617E-03,      -1.20772,            0.,"ASSEMBLY_PLATE-1__PICKEDSET2","ROCK","",  -990.927E-03,      -1.25191,      -1.25064,  -992.195E-03,   18.1468E-03
F:/Desktop/DeepOnet_Abaqus/StaticElasticJob3.odb,Step-1,Increment      1: Step Time =    1.000,"PLATE-1",          2501,             1,   577.877E-03,       1.08919,            0.,"ASSEMBLY_PLATE-1__PICKEDSET2","ROCK","",  -963.985E-03,      -1.27435,      -1.26978,  -968.553E-03,   37.3722E-03
F:/Desktop/DeepOnet_Abaqus/StaticElasticJob3.odb,Step-1,Increment      1: Step Time =    1.000,"PLATE-1",          2502,             1,       1.05667,       1.12805,            0.,"ASSEMBLY_PLATE-1__PICKEDSET2","ROCK","",      -1.00188,      -1.24226,      -1.23951,      -1.00462,   25.5335E-03
F:/Desktop/DeepOnet_Abaqus/StaticElasticJob3.odb,Step-1,Increment      1: Step Time =    1.000,"PLATE-1",          2503,             1,      -1.08233,   850.350E-03,            0.,"ASSEMBLY_PLATE-1__PICKEDSET2","ROCK","",      -1.00060,      -1.22969,      -1.22648,      -1.00381,  -26.9246E-03
F:/Desktop/DeepOnet_Abaqus/StaticElasticJob3.odb,Step-1,Increment      1: Step Time =    1.000,"PLATE-1",          2504,             1,      -1.14305,   735.941E-03,            0.,"ASSEMBLY_PLATE-1__PICKEDSET2","ROCK","",      -1.00525,      -1.22334,      -1.21991,      -1.00868,  -27.1439E-03
F:/Desktop/DeepOnet_Abaqus/StaticElasticJob3.odb,Step-1,Increment      1: Step Time =    1.000,"PLATE-1",          2505,             1,   641.689E-03,       1.04579,            0.,"ASSEMBLY_PLATE-1__PICKEDSET2","ROCK","",  -970.968E-03,      -1.27044,      -1.26387,  -977.536E-03,   43.8599E-03
F:/Desktop/DeepOnet_Abaqus/StaticElasticJob3.odb,Step-1,Increment      1: Step Time =    1.000,"PLATE-1",          2506,             1,   731.097E-03,       1.17832,            0.,"ASSEMBLY_PLATE-1__PICKEDSET2","ROCK","",  -983.982E-03,      -1.25774,      -1.25414,  -987.579E-03,   31.1722E-03
F:/Desktop/DeepOnet_Abaqus/StaticElasticJob3.odb,Step-1,Increment      1: Step Time =    1.000,"PLATE-1",          2507,             1,      -1.02567,  -668.914E-03,            0.,"ASSEMBLY_PLATE-1__PICKEDSET2","ROCK","",      -1.00552,      -1.22958,      -1.22492,      -1.01018,   31.9774E-03
F:/Desktop/DeepOnet_Abaqus/StaticElasticJob3.odb,Step-1,Increment      1: Step Time =    1.000,"PLATE-1",          2508,             1,  -938.298E-03,       1.06193,            0.,"ASSEMBLY_PLATE-1__PICKEDSET2","ROCK","",  -994.748E-03,      -1.23905,      -1.23687,  -996.928E-03,  -22.9712E-03
F:/Desktop/DeepOnet_Abaqus/StaticElasticJob3.odb,Step-1,Increment      1: Step Time =    1.000,"PLATE-1",          2509,             1,  -937.228E-03,   891.504E-03,            0.,"ASSEMBLY_PLATE-1__PICKEDSET2","ROCK","",  -995.766E-03,      -1.23613,      -1.23266,  -999.233E-03,  -28.6580E-03
F:/Desktop/DeepOnet_Abaqus/StaticElasticJob3.odb,Step-1,Increment      1: Step Time =    1.000,"PLATE-1",          2510,             1,      -1.24392,  -447.711E-03,            0.,"ASSEMBLY_PLATE-1__PICKEDSET2","ROCK","",      -1.01711,      -1.21295,      -1.21008,      -1.01998,   23.5353E-03
F:/Desktop/DeepOnet_Abaqus/StaticElasticJob3.odb,Step-1,Increment      1: Step Time =    1.000,"PLATE-1",          2511,             1,  -708.639E-03,       1.24774,            0.,"ASSEMBLY_PLATE-1__PICKEDSET2","ROCK","",  -991.412E-03,      -1.24567,      -1.24444,  -992.643E-03,  -17.6477E-03
F:/Desktop/DeepOnet_Abaqus/StaticElasticJob3.odb,Step-1,Increment      1: Step Time =    1.000,"PLATE-1",          2512,             1,  -917.641E-03,       1.14768,            0.,"ASSEMBLY_PLATE-1__PICKEDSET2","ROCK","",  -994.317E-03,      -1.24023,      -1.23852,  -996.028E-03,  -20.4465E-03
F:/Desktop/DeepOnet_Abaqus/StaticElasticJob3.odb,Step-1,Increment      1: Step Time =    1.000,"PLATE-1",          2513,             1,      -1.09691,  -203.959E-03,            0.,"ASSEMBLY_PLATE-1__PICKEDSET2","ROCK","",      -1.03268,      -1.19123,      -1.18825,      -1.03565,   21.5054E-03
F:/Desktop/DeepOnet_Abaqus/StaticElasticJob3.odb,Step-1,Increment      1: Step Time =    1.000,"PLATE-1",          2514,             1,      -1.18185,  -257.692E-03,            0.,"ASSEMBLY_PLATE-1__PICKEDSET2","ROCK","",      -1.02723,      -1.19899,      -1.19649,      -1.02973,   20.5680E-03
F:/Desktop/DeepOnet_Abaqus/StaticElasticJob3.odb,Step-1,Increment      1: Step Time =    1.000,"PLATE-1",          2515,             1,       1.16907,   966.450E-03,            0.,"ASSEMBLY_PLATE-1__PICKEDSET2","ROCK","",      -1.00673,      -1.23748,      -1.23445,      -1.00976,   26.2433E-03
F:/Desktop/DeepOnet_Abaqus/StaticElasticJob3.odb,Step-1,Increment      1: Step Time =    1.000,"PLATE-1",          2516,             1,      -1.18631,   220.768E-03,            0.,"ASSEMBLY_PLATE-1__PICKEDSET2","ROCK","",      -1.03183,      -1.19005,      -1.18897,      -1.03291,  -13.0568E-03
F:/Desktop/DeepOnet_Abaqus/StaticElasticJob3.odb,Step-1,Increment      1: Step Time =    1.000,"PLATE-1",          2517,             1,   740.077E-03,       1.06617,            0.,"ASSEMBLY_PLATE-1__PICKEDSET2","ROCK","",  -985.058E-03,      -1.25967,      -1.25385,  -990.880E-03,   39.5594E-03
F:/Desktop/DeepOnet_Abaqus/StaticElasticJob3.odb,Step-1,Increment      1: Step Time =    1.000,"PLATE-1",          2518,             1,  -471.390E-03,      -1.23967,            0.,"ASSEMBLY_PLATE-1__PICKEDSET2","ROCK","",  -988.348E-03,      -1.25592,      -1.25494,  -989.328E-03,   16.1611E-03
F:/Desktop/DeepOnet_Abaqus/StaticElasticJob3.odb,Step-1,Increment      1: Step Time =    1.000,"PLATE-1",          2519,             1,      -1.33221,   326.941E-03,            0.,"ASSEMBLY_PLATE-1__PICKEDSET2","ROCK","",      -1.02301,      -1.20238,      -1.20131,      -1.02408,  -13.8198E-03
F:/Desktop/DeepOnet_Abaqus/StaticElasticJob3.odb,Step-1,Increment      1: Step Time =    1.000,"PLATE-1",          2520,             1,      -1.21924,   531.968E-03,            0.,"ASSEMBLY_PLATE-1__PICKEDSET2","ROCK","",      -1.01495,      -1.21104,      -1.20810,      -1.01789,  -23.8533E-03
F:/Desktop/DeepOnet_Abaqus/StaticElasticJob3.odb,Step-1,Increment      1: Step Time =    1.000,"PLATE-1",          2521,             1,  -813.389E-03,       1.20340,            0.,"ASSEMBLY_PLATE-1__PICKEDSET2","ROCK","",  -992.674E-03,      -1.24318,      -1.24173,  -994.129E-03,  -19.0365E-03
F:/Desktop/DeepOnet_Abaqus/StaticElasticJob3.odb,Step-1,Increment      1: Step Time =    1.000,"PLATE-1",          2522,             1,      -1.02533,   971.802E-03,            0.,"ASSEMBLY_PLATE-1__PICKEDSET2","ROCK","",  -997.440E-03,      -1.23454,      -1.23199,  -999.990E-03,  -24.4559E-03
F:/Desktop/DeepOnet_Abaqus/StaticElasticJob3.odb,Step-1,Increment      1: Step Time =    1.000,"PLATE-1",          2523,             1,      -1.20345,   781.160E-03,            0.,"ASSEMBLY_PLATE-1__PICKEDSET2","ROCK","",      -1.00531,      -1.22410,      -1.22143,      -1.00798,  -24.0276E-03
F:/Desktop/DeepOnet_Abaqus/StaticElasticJob3.odb,Step-1,Increment      1: Step Time =    1.000,"PLATE-1",          2524,             1,       1.02981,       1.03124,            0.,"ASSEMBLY_PLATE-1__PICKEDSET2","ROCK","",      -1.00354,      -1.24309,      -1.23944,      -1.00719,   29.3361E-03
F:/Desktop/DeepOnet_Abaqus/StaticElasticJob3.odb,Step-1,Increment      1: Step Time =    1.000,"PLATE-1",          2525,             1,  -983.834E-03,   815.910E-03,            0.,"ASSEMBLY_PLATE-1__PICKEDSET2","ROCK","",  -998.184E-03,      -1.23224,      -1.22819,      -1.00224,  -30.5375E-03
F:/Desktop/DeepOnet_Abaqus/StaticElasticJob3.odb,Step-1,Increment      1: Step Time =    1.000,"PLATE-1",          2526,             1,      -1.16800,   836.121E-03,            0.,"ASSEMBLY_PLATE-1__PICKEDSET2","ROCK","",      -1.00299,      -1.22698,      -1.22421,      -1.00576,  -24.7513E-03
F:/Desktop/DeepOnet_Abaqus/StaticElasticJob3.odb,Step-1,Increment      1: Step Time =    1.000,"PLATE-1",          2527,             1,  -960.621E-03,  -745.798E-03,            0.,"ASSEMBLY_PLATE-1__PICKEDSET2","ROCK","",      -1.00173,      -1.23540,      -1.23088,      -1.00625,   32.1726E-03
F:/Desktop/DeepOnet_Abaqus/StaticElasticJob3.odb,Step-1,Increment      1: Step Time =    1.000,"PLATE-1",          2528,             1,      -1.18284,  -471.224E-03,            0.,"ASSEMBLY_PLATE-1__PICKEDSET2","ROCK","",      -1.01646,      -1.21392,      -1.21035,      -1.02003,   26.2893E-03
F:/Desktop/DeepOnet_Abaqus/StaticElasticJob3.odb,Step-1,Increment      1: Step Time =    1.000,"PLATE-1",          2529,             1,  -880.789E-03,  -742.808E-03,            0.,"ASSEMBLY_PLATE-1__PICKEDSET2","ROCK","",  -999.333E-03,      -1.23935,      -1.23407,      -1.00461,   35.2071E-03
F:/Desktop/DeepOnet_Abaqus/StaticElasticJob3.odb,Step-1,Increment      1: Step Time =    1.000,"PLATE-1",          2530,             1,  -874.825E-03,  -951.711E-03,            0.,"ASSEMBLY_PLATE-1__PICKEDSET2","ROCK","",  -996.231E-03,      -1.24396,      -1.24102,  -999.169E-03,   26.8162E-03
F:/Desktop/DeepOnet_Abaqus/StaticElasticJob3.odb,Step-1,Increment      1: Step Time =    1.000,"PLATE-1",          2531,             1,  -815.229E-03,  -942.546E-03,            0.,"ASSEMBLY_PLATE-1__PICKEDSET2","ROCK","",  -994.647E-03,      -1.24664,      -1.24350,  -997.784E-03,   27.9395E-03
F:/Desktop/DeepOnet_Abaqus/StaticElasticJob3.odb,Step-1,Increment      1: Step Time =    1.000,"PLATE-1",          2532,             1,      -1.22432,  -184.896E-03,            0.,"ASSEMBLY_PLATE-1__PICKEDSET2","ROCK","",      -1.02951,      -1.19593,      -1.19458,      -1.03086,   14.9607E-03
F:/Desktop/DeepOnet_Abaqus/StaticElasticJob3.odb,Step-1,Increment      1: Step Time =    1.000,"PLATE-1",          2533,             1,      -1.29266,  -94.9953E-03,            0.,"ASSEMBLY_PLATE-1__PICKEDSET2","ROCK","",      -1.02978,      -1.19553,      -1.19511,      -1.03020,   8.36808E-03
F:/Desktop/DeepOnet_Abaqus/StaticElasticJob3.odb,Step-1,Increment      1: Step Time =    1.000,"PLATE-1",          2534,             1,   514.670E-03,       1.13296,            0.,"ASSEMBLY_PLATE-1__PICKEDSET2","ROCK","",  -957.989E-03,      -1.27738,      -1.27477,  -960.591E-03,   28.7102E-03
F:/Desktop/DeepOnet_Abaqus/StaticElasticJob3.odb,Step-1,Increment      1: Step Time =    1.000,"PLATE-1",          2535,             1,      -1.11430,   209.423E-03,            0.,"ASSEMBLY_PLATE-1__PICKEDSET2","ROCK","",      -1.03481,      -1.18534,      -1.18386,      -1.03629,  -14.8512E-03
F:/Desktop/DeepOnet_Abaqus/StaticElasticJob3.odb,Step-1,Increment      1: Step Time =    1.000,"PLATE-1",          2536,             1,  -557.487E-03,      -1.10669,            0.,"ASSEMBLY_PLATE-1__PICKEDSET2","ROCK","",  -988.337E-03,      -1.25647,      -1.25469,  -990.116E-03,   21.7653E-03
F:/Desktop/DeepOnet_Abaqus/StaticElasticJob3.odb,Step-1,Increment      1: Step Time =    1.000,"PLATE-1",          2537,             1,      -1.24424,   602.788E-03,            0.,"ASSEMBLY_PLATE-1__PICKEDSET2","ROCK","",      -1.01175,      -1.21549,      -1.21270,      -1.01453,  -23.6642E-03
F:/Desktop/DeepOnet_Abaqus/StaticElasticJob3.odb,Step-1,Increment      1: Step Time =    1.000,"PLATE-1",          2538,             1,      -1.05378,  -818.526E-03,            0.,"ASSEMBLY_PLATE-1__PICKEDSET2","ROCK","",      -1.00221,      -1.23445,      -1.23127,      -1.00539,   26.9865E-03
F:/Desktop/DeepOnet_Abaqus/StaticElasticJob3.odb,Step-1,Increment      1: Step Time =    1.000,"PLATE-1",          2539,             1,   933.894E-03,       1.05573,            0.,"ASSEMBLY_PLATE-1__PICKEDSET2","ROCK","",      -1.00008,      -1.24692,      -1.24269,      -1.00431,   32.0345E-03
F:/Desktop/DeepOnet_Abaqus/StaticElasticJob3.odb,Step-1,Increment      1: Step Time =    1.000,"PLATE-1",          2540,             1,       1.11770,       1.05941,            0.,"ASSEMBLY_PLATE-1__PICKEDSET2","ROCK","",      -1.00389,      -1.24031,      -1.23751,      -1.00669,   25.5834E-03
F:/Desktop/DeepOnet_Abaqus/StaticElasticJob3.odb,Step-1,Increment      1: Step Time =    1.000,"PLATE-1",          2541,             1,      -1.25011,  -82.6860E-03,            0.,"ASSEMBLY_PLATE-1__PICKEDSET2","ROCK","",      -1.03198,      -1.19235,      -1.19191,      -1.03241,   8.36414E-03
F:/Desktop/DeepOnet_Abaqus/StaticElasticJob3.odb,Step-1,Increment      1: Step Time =    1.000,"PLATE-1",          2542,             1,      -1.05818,  -521.751E-03,            0.,"ASSEMBLY_PLATE-1__PICKEDSET2","ROCK","",      -1.01218,      -1.21991,      -1.21455,      -1.01754,   32.9308E-03
F:/Desktop/DeepOnet_Abaqus/StaticElasticJob3.odb,Step-1,Increment      1: Step Time =    1.000,"PLATE-1",          2543,             1,   837.699E-03,       1.06964,            0.,"ASSEMBLY_PLATE-1__PICKEDSET2","ROCK","",  -993.633E-03,      -1.25271,      -1.24763,  -998.708E-03,   35.9053E-03
F:/Desktop/DeepOnet_Abaqus/StaticElasticJob3.odb,Step-1,Increment      1: Step Time =    1.000,"PLATE-1",          2544,             1,   787.918E-03,       1.12370,            0.,"ASSEMBLY_PLATE-1__PICKEDSET2","ROCK","",  -987.793E-03,      -1.25514,      -1.25081,  -992.125E-03,   33.7542E-03
F:/Desktop/DeepOnet_Abaqus/StaticElasticJob3.odb,Step-1,Increment      1: Step Time =    1.000,"PLATE-1",          2545,             1,      -1.18775,       1.01620,            0.,"ASSEMBLY_PLATE-1__PICKEDSET2","ROCK","",      -1.00055,      -1.23135,      -1.22946,      -1.00244,  -20.8157E-03
F:/Desktop/DeepOnet_Abaqus/StaticElasticJob3.odb,Step-1,Increment      1: Step Time =    1.000,"PLATE-1",          2546,             1,  -973.753E-03,  -912.758E-03,            0.,"ASSEMBLY_PLATE-1__PICKEDSET2","ROCK","",  -998.959E-03,      -1.23949,      -1.23660,      -1.00185,   26.2076E-03
F:/Desktop/DeepOnet_Abaqus/StaticElasticJob3.odb,Step-1,Increment      1: Step Time =    1.000,"PLATE-1",          2547,             1,  -783.254E-03,      -1.02377,            0.,"ASSEMBLY_PLATE-1__PICKEDSET2","ROCK","",  -993.848E-03,      -1.24778,      -1.24537,  -996.265E-03,   24.6566E-03
F:/Desktop/DeepOnet_Abaqus/StaticElasticJob3.odb,Step-1,Increment      1: Step Time =    1.000,"PLATE-1",          2548,             1,      -1.16822,   939.510E-03,            0.,"ASSEMBLY_PLATE-1__PICKEDSET2","ROCK","",      -1.00101,      -1.23006,      -1.22778,      -1.00329,  -22.7561E-03
F:/Desktop/DeepOnet_Abaqus/StaticElasticJob3.odb,Step-1,Increment      1: Step Time =    1.000,"PLATE-1",          2549,             1,      -1.07737,   903.124E-03,            0.,"ASSEMBLY_PLATE-1__PICKEDSET2","ROCK","",  -999.369E-03,      -1.23173,      -1.22890,      -1.00220,  -25.4812E-03
F:/Desktop/DeepOnet_Abaqus/StaticElasticJob3.odb,Step-1,Increment      1: Step Time =    1.000,"PLATE-1",          2550,             1,  -840.016E-03,  -994.591E-03,            0.,"ASSEMBLY_PLATE-1__PICKEDSET2","ROCK","",  -995.288E-03,      -1.24548,      -1.24289,  -997.873E-03,   25.3012E-03
F:/Desktop/DeepOnet_Abaqus/StaticElasticJob3.odb,Step-1,Increment      1: Step Time =    1.000,"PLATE-1",          2551,             1,      -1.18134,  -643.876E-03,            0.,"ASSEMBLY_PLATE-1__PICKEDSET2","ROCK","",      -1.00910,      -1.22416,      -1.22090,      -1.01235,   26.2390E-03
F:/Desktop/DeepOnet_Abaqus/StaticElasticJob3.odb,Step-1,Increment      1: Step Time =    1.000,"PLATE-1",          2552,             1,  -888.445E-03,      -1.04899,            0.,"ASSEMBLY_PLATE-1__PICKEDSET2","ROCK","",  -995.998E-03,      -1.24408,      -1.24199,  -998.095E-03,   22.7123E-03
F:/Desktop/DeepOnet_Abaqus/StaticElasticJob3.odb,Step-1,Increment      1: Step Time =    1.000,"PLATE-1",          2553,             1,      -1.25955,       1.08304,            0.,"ASSEMBLY_PLATE-1__PICKEDSET2","ROCK","",      -1.00078,      -1.23138,      -1.22987,      -1.00229,  -18.5991E-03
F:/Desktop/DeepOnet_Abaqus/StaticElasticJob3.odb,Step-1,Increment      1: Step Time =    1.000,"PLATE-1",          2554,             1,      -1.22804,   888.265E-03,            0.,"ASSEMBLY_PLATE-1__PICKEDSET2","ROCK","",      -1.00317,      -1.22745,      -1.22527,      -1.00534,  -21.9634E-03
F:/Desktop/DeepOnet_Abaqus/StaticElasticJob3.odb,Step-1,Increment      1: Step Time =    1.000,"PLATE-1",          2555,             1,      -1.21746,  -800.215E-03,            0.,"ASSEMBLY_PLATE-1__PICKEDSET2","ROCK","",      -1.00528,      -1.22955,      -1.22717,      -1.00766,   22.9822E-03
F:/Desktop/DeepOnet_Abaqus/StaticElasticJob3.odb,Step-1,Increment      1: Step Time =    1.000,"PLATE-1",          2556,             1,      -1.13296,  -806.148E-03,            0.,"ASSEMBLY_PLATE-1__PICKEDSET2","ROCK","",      -1.00410,      -1.23155,      -1.22875,      -1.00690,   25.0949E-03
F:/Desktop/DeepOnet_Abaqus/StaticElasticJob3.odb,Step-1,Increment      1: Step Time =    1.000,"PLATE-1",          2557,             1,      -1.15433,  -569.888E-03,            0.,"ASSEMBLY_PLATE-1__PICKEDSET2","ROCK","",      -1.01152,      -1.22089,      -1.21718,      -1.01523,   27.6015E-03
F:/Desktop/DeepOnet_Abaqus/StaticElasticJob3.odb,Step-1,Increment      1: Step Time =    1.000,"PLATE-1",          2558,             1,      -1.05765,  -927.770E-03,            0.,"ASSEMBLY_PLATE-1__PICKEDSET2","ROCK","",      -1.00043,      -1.23700,      -1.23456,      -1.00287,   23.9090E-03
F:/Desktop/DeepOnet_Abaqus/StaticElasticJob3.odb,Step-1,Increment      1: Step Time =    1.000,"PLATE-1",          2559,             1,  -26.2469E-03,  -234.069E-03,            0.,"ASSEMBLY_PLATE-1__PICKEDSET2","ROCK","",  -179.024E-03,      -1.95324,      -1.94230,  -189.961E-03,   138.874E-03
F:/Desktop/DeepOnet_Abaqus/StaticElasticJob3.odb,Step-1,Increment      1: Step Time =    1.000,"PLATE-1",          2560,             1,  -38.7312E-03,  -242.710E-03,            0.,"ASSEMBLY_PLATE-1__PICKEDSET2","ROCK","",  -217.758E-03,      -1.93723,      -1.91638,  -238.606E-03,   188.184E-03
F:/Desktop/DeepOnet_Abaqus/StaticElasticJob3.odb,Step-1,Increment      1: Step Time =    1.000,"PLATE-1",          2561,             1,  -4.11287E-03,  -224.819E-03,            0.,"ASSEMBLY_PLATE-1__PICKEDSET2","ROCK","",  -136.867E-03,      -1.96330,      -1.96282,  -137.346E-03,   29.5880E-03
F:/Desktop/DeepOnet_Abaqus/StaticElasticJob3.odb,Step-1,Increment      1: Step Time =    1.000,"PLATE-1",          2562,             1,  -57.1078E-03,  -222.468E-03,            0.,"ASSEMBLY_PLATE-1__PICKEDSET2","ROCK","",  -136.765E-03,      -1.99684,      -1.95022,  -183.383E-03,   290.757E-03
F:/Desktop/DeepOnet_Abaqus/StaticElasticJob3.odb,Step-1,Increment      1: Step Time =    1.000,"PLATE-1",          2563,             1,  -46.7626E-03,  -227.515E-03,            0.,"ASSEMBLY_PLATE-1__PICKEDSET2","ROCK","",  -154.704E-03,      -1.97459,      -1.94444,  -184.862E-03,   232.323E-03
F:/Desktop/DeepOnet_Abaqus/StaticElasticJob3.odb,Step-1,Increment      1: Step Time =    1.000,"PLATE-1",          2564,             1,  -65.4530E-03,  -234.702E-03,            0.,"ASSEMBLY_PLATE-1__PICKEDSET2","ROCK","",  -241.267E-03,      -1.96548,      -1.89805,  -308.700E-03,   334.250E-03
F:/Desktop/DeepOnet_Abaqus/StaticElasticJob3.odb,Step-1,Increment      1: Step Time =    1.000,"PLATE-1",          2565,             1,  -90.9185E-03,  -200.748E-03,            0.,"ASSEMBLY_PLATE-1__PICKEDSET2","ROCK","",  -89.3804E-03,      -2.08241,      -1.95555,  -216.233E-03,   486.547E-03
F:/Desktop/DeepOnet_Abaqus/StaticElasticJob3.odb,Step-1,Increment      1: Step Time =    1.000,"PLATE-1",          2566,             1,  -138.724E-03,  -184.704E-03,            0.,"ASSEMBLY_PLATE-1__PICKEDSET2","ROCK","",  -120.146E-03,      -2.44215,      -2.01414,  -548.155E-03,   900.360E-03
F:/Desktop/DeepOnet_Abaqus/StaticElasticJob3.odb,Step-1,Increment      1: Step Time =    1.000,"PLATE-1",          2567,             1,  -181.560E-03,  -198.291E-03,            0.,"ASSEMBLY_PLATE-1__PICKEDSET2","ROCK","",  -709.489E-03,      -2.07302,      -1.39989,      -1.38262,   681.712E-03
F:/Desktop/DeepOnet_Abaqus/StaticElasticJob3.odb,Step-1,Increment      1: Step Time =    1.000,"PLATE-1",          2568,             1,   8.97447E-03,  -227.431E-03,            0.,"ASSEMBLY_PLATE-1__PICKEDSET2","ROCK","",  -150.533E-03,      -1.95254,      -1.95136,  -151.710E-03,  -46.0459E-03
F:/Desktop/DeepOnet_Abaqus/StaticElasticJob3.odb,Step-1,Increment      1: Step Time =    1.000,"PLATE-1",          2569,             1,   32.0392E-03,  -206.713E-03,            0.,"ASSEMBLY_PLATE-1__PICKEDSET2","ROCK","",  -41.4434E-03,      -1.98894,      -1.97362,  -56.7627E-03,  -172.046E-03
F:/Desktop/DeepOnet_Abaqus/StaticElasticJob3.odb,Step-1,Increment      1: Step Time =    1.000,"PLATE-1",          2570,             1,   43.6897E-03,  -205.247E-03,            0.,"ASSEMBLY_PLATE-1__PICKEDSET2","ROCK","",  -38.6887E-03,      -1.99838,      -1.97090,  -66.1642E-03,  -230.409E-03
F:/Desktop/DeepOnet_Abaqus/StaticElasticJob3.odb,Step-1,Increment      1: Step Time =    1.000,"PLATE-1",          2571,             1,   55.6294E-03,  -204.525E-03,            0.,"ASSEMBLY_PLATE-1__PICKEDSET2","ROCK","",  -60.2575E-03,      -2.01172,      -1.96527,  -106.711E-03,  -297.479E-03
F:/Desktop/DeepOnet_Abaqus/StaticElasticJob3.odb,Step-1,Increment      1: Step Time =    1.000,"PLATE-1",          2572,             1,   89.1777E-03,  -231.687E-03,            0.,"ASSEMBLY_PLATE-1__PICKEDSET2","ROCK","",  -243.883E-03,      -1.98633,      -1.86608,  -364.133E-03,  -441.666E-03
F:/Desktop/DeepOnet_Abaqus/StaticElasticJob3.odb,Step-1,Increment      1: Step Time =    1.000,"PLATE-1",          2573,             1,   100.728E-03,  -194.167E-03,            0.,"ASSEMBLY_PLATE-1__PICKEDSET2","ROCK","",  -38.7772E-03,      -2.08826,      -1.93497,  -192.069E-03,  -539.138E-03
F:/Desktop/DeepOnet_Abaqus/StaticElasticJob3.odb,Step-1,Increment      1: Step Time =    1.000,"PLATE-1",          2574,             1,   113.063E-03,  -210.551E-03,            0.,"ASSEMBLY_PLATE-1__PICKEDSET2","ROCK","",  -176.586E-03,      -2.09458,      -1.87983,  -391.332E-03,  -604.786E-03
F:/Desktop/DeepOnet_Abaqus/StaticElasticJob3.odb,Step-1,Increment      1: Step Time =    1.000,"PLATE-1",          2575,             1,   149.386E-03,  -207.563E-03,            0.,"ASSEMBLY_PLATE-1__PICKEDSET2","ROCK","",  -332.237E-03,      -2.21799,      -1.76109,  -789.134E-03,  -807.986E-03
F:/Desktop/DeepOnet_Abaqus/StaticElasticJob3.odb,Step-1,Increment      1: Step Time =    1.000,"PLATE-1",          2576,             1,   125.537E-03,  -190.912E-03,            0.,"ASSEMBLY_PLATE-1__PICKEDSET2","ROCK","",  -108.154E-03,      -2.21663,      -1.93098,  -393.803E-03,  -721.587E-03
F:/Desktop/DeepOnet_Abaqus/StaticElasticJob3.odb,Step-1,Increment      1: Step Time =    1.000,"PLATE-1",          2577,             1,   165.863E-03,  -205.384E-03,            0.,"ASSEMBLY_PLATE-1__PICKEDSET2","ROCK","",  -530.382E-03,      -2.24557,      -1.59863,      -1.17733,  -831.322E-03
F:/Desktop/DeepOnet_Abaqus/StaticElasticJob3.odb,Step-1,Increment      1: Step Time =    1.000,"PLATE-1",          2578,             1,   153.306E-03,  -222.735E-03,            0.,"ASSEMBLY_PLATE-1__PICKEDSET2","ROCK","",  -471.887E-03,      -2.12315,      -1.60789,  -987.146E-03,  -765.072E-03
F:/Desktop/DeepOnet_Abaqus/StaticElasticJob3.odb,Step-1,Increment      1: Step Time =    1.000,"PLATE-1",          2579,             1,   218.895E-03,  -211.823E-03,            0.,"ASSEMBLY_PLATE-1__PICKEDSET2","ROCK","",  -792.168E-03,      -1.65688,      -1.31969,      -1.12935,  -421.751E-03
F:/Desktop/DeepOnet_Abaqus/StaticElasticJob3.odb,Step-1,Increment      1: Step Time =    1.000,"PLATE-1",          2580,             1,  -202.731E-03,  -123.738E-03,            0.,"ASSEMBLY_PLATE-1__PICKEDSET2","ROCK","",  -287.393E-03,      -2.04789,  -531.399E-03,      -1.80389,   608.305E-03
F:/Desktop/DeepOnet_Abaqus/StaticElasticJob3.odb,Step-1,Increment      1: Step Time =    1.000,"PLATE-1",          2581,             1,  -242.968E-03,  -140.105E-03,            0.,"ASSEMBLY_PLATE-1__PICKEDSET2","ROCK","",  -531.691E-03,      -1.79521,  -934.434E-03,      -1.39246,   588.787E-03
F:/Desktop/DeepOnet_Abaqus/StaticElasticJob3.odb,Step-1,Increment      1: Step Time =    1.000,"PLATE-1",          2582,             1,  -208.344E-03,  -61.9616E-03,            0.,"ASSEMBLY_PLATE-1__PICKEDSET2","ROCK","",  -119.444E-03,      -1.50576,  -124.570E-03,      -1.50063,   84.1368E-03
F:/Desktop/DeepOnet_Abaqus/StaticElasticJob3.odb,Step-1,Increment      1: Step Time =    1.000,"PLATE-1",          2583,             1,  -235.740E-03,  -34.5182E-03,            0.,"ASSEMBLY_PLATE-1__PICKEDSET2","ROCK","",  -228.501E-03,      -1.51700,  -229.516E-03,      -1.51598,   36.1531E-03
F:/Desktop/DeepOnet_Abaqus/StaticElasticJob3.odb,Step-1,Increment      1: Step Time =    1.000,"PLATE-1",          2584,             1,  -256.669E-03,  -95.1491E-03,            0.,"ASSEMBLY_PLATE-1__PICKEDSET2","ROCK","",  -466.780E-03,      -1.59866,  -607.322E-03,      -1.45812,   373.262E-03
F:/Desktop/DeepOnet_Abaqus/StaticElasticJob3.odb,Step-1,Increment      1: Step Time =    1.000,"PLATE-1",          2585,             1,  -189.118E-03,   39.7095E-03,            0.,"ASSEMBLY_PLATE-1__PICKEDSET2","ROCK","",  -62.9161E-03,      -1.42323,  -175.674E-03,      -1.31047,  -375.063E-03
F:/Desktop/DeepOnet_Abaqus/StaticElasticJob3.odb,Step-1,Increment      1: Step Time =    1.000,"PLATE-1",          2586,             1,  -218.762E-03,   26.0292E-03,            0.,"ASSEMBLY_PLATE-1__PICKEDSET2","ROCK","",  -153.686E-03,      -1.44023,  -234.481E-03,      -1.35944,  -312.121E-03
F:/Desktop/DeepOnet_Abaqus/StaticElasticJob3.odb,Step-1,Increment      1: Step Time =    1.000,"PLATE-1",          2587,             1,  -185.466E-03,   59.3182E-03,            0.,"ASSEMBLY_PLATE-1__PICKEDSET2","ROCK","",  -79.3108E-03,      -1.46730,  -257.693E-03,      -1.28891,  -464.512E-03
F:/Desktop/DeepOnet_Abaqus/StaticElasticJob3.odb,Step-1,Increment      1: Step Time =    1.000,"PLATE-1",          2588,             1,  -182.942E-03,   80.8700E-03,            0.,"ASSEMBLY_PLATE-1__PICKEDSET2","ROCK","",  -146.155E-03,      -1.54344,  -430.515E-03,      -1.25908,  -562.559E-03
F:/Desktop/DeepOnet_Abaqus/StaticElasticJob3.odb,Step-1,Increment      1: Step Time =    1.000,"PLATE-1",          2589,             1,  -210.544E-03,   124.490E-03,            0.,"ASSEMBLY_PLATE-1__PICKEDSET2","ROCK","",  -341.574E-03,      -1.56059,  -766.909E-03,      -1.13525,  -581.015E-03
F:/Desktop/DeepOnet_Abaqus/StaticElasticJob3.odb,Step-1,Increment      1: Step Time =    1.000,"PLATE-1",          2590,             1,  -241.213E-03,   109.947E-03,            0.,"ASSEMBLY_PLATE-1__PICKEDSET2","ROCK","",  -408.667E-03,      -1.48333,  -711.640E-03,      -1.18036,  -483.532E-03
F:/Desktop/DeepOnet_Abaqus/StaticElasticJob3.odb,Step-1,Increment      1: Step Time =    1.000,"PLATE-1",          2591,             1,  -146.615E-03,   139.692E-03,            0.,"ASSEMBLY_PLATE-1__PICKEDSET2","ROCK","",  -155.162E-03,      -1.81005,  -888.353E-03,      -1.07686,  -822.059E-03
F:/Desktop/DeepOnet_Abaqus/StaticElasticJob3.odb,Step-1,Increment      1: Step Time =    1.000,"PLATE-1",          2592,             1,  -191.883E-03,   143.330E-03,            0.,"ASSEMBLY_PLATE-1__PICKEDSET2","ROCK","",  -320.859E-03,      -1.64752,  -897.434E-03,      -1.07095,  -657.634E-03
F:/Desktop/DeepOnet_Abaqus/StaticElasticJob3.odb,Step-1,Increment      1: Step Time =    1.000,"PLATE-1",          2593,             1,  -165.777E-03,   184.656E-03,            0.,"ASSEMBLY_PLATE-1__PICKEDSET2","ROCK","",  -388.085E-03,      -1.75386,      -1.25606,  -885.888E-03,  -657.329E-03
F:/Desktop/DeepOnet_Abaqus/StaticElasticJob3.odb,Step-1,Increment      1: Step Time =    1.000,"PLATE-1",          2594,             1,  -102.154E-03,   174.311E-03,            0.,"ASSEMBLY_PLATE-1__PICKEDSET2","ROCK","",  -77.4262E-03,      -2.21025,      -1.49714,  -790.534E-03,      -1.00618
F:/Desktop/DeepOnet_Abaqus/StaticElasticJob3.odb,Step-1,Increment      1: Step Time =    1.000,"PLATE-1",          2595,             1,  -109.217E-03,   198.012E-03,            0.,"ASSEMBLY_PLATE-1__PICKEDSET2","ROCK","",  -306.574E-03,      -2.09519,      -1.66235,  -739.406E-03,  -766.046E-03
F:/Desktop/DeepOnet_Abaqus/StaticElasticJob3.odb,Step-1,Increment      1: Step Time =    1.000,"PLATE-1",          2596,             1,  -72.7460E-03,   211.881E-03,            0.,"ASSEMBLY_PLATE-1__PICKEDSET2","ROCK","",  -363.647E-03,      -2.31441,      -2.06344,  -614.611E-03,  -653.136E-03
F:/Desktop/DeepOnet_Abaqus/StaticElasticJob3.odb,Step-1,Increment      1: Step Time =    1.000,"PLATE-1",          2597,             1,  -81.1118E-03,   198.469E-03,            0.,"ASSEMBLY_PLATE-1__PICKEDSET2","ROCK","",  -231.894E-03,      -2.39028,      -1.98406,  -638.115E-03,  -843.662E-03
F:/Desktop/DeepOnet_Abaqus/StaticElasticJob3.odb,Step-1,Increment      1: Step Time =    1.000,"PLATE-1",          2598,             1,  -51.0450E-03,   222.706E-03,            0.,"ASSEMBLY_PLATE-1__PICKEDSET2","ROCK","",  -438.065E-03,      -2.39486,      -2.27751,  -555.421E-03,  -464.617E-03
F:/Desktop/DeepOnet_Abaqus/StaticElasticJob3.odb,Step-1,Increment      1: Step Time =    1.000,"PLATE-1",          2599,             1,  -23.6680E-03,   238.809E-03,            0.,"ASSEMBLY_PLATE-1__PICKEDSET2","ROCK","",  -551.724E-03,      -2.32529,      -2.31164,  -565.373E-03,  -154.986E-03
F:/Desktop/DeepOnet_Abaqus/StaticElasticJob3.odb,Step-1,Increment      1: Step Time =    1.000,"PLATE-1",          2600,             1,  -36.5285E-03,   224.089E-03,            0.,"ASSEMBLY_PLATE-1__PICKEDSET2","ROCK","",  -429.625E-03,      -2.49458,      -2.42725,  -496.952E-03,  -366.732E-03
F:/Desktop/DeepOnet_Abaqus/StaticElasticJob3.odb,Step-1,Increment      1: Step Time =    1.000,"PLATE-1",          2601,             1,   23.5673E-03,   231.335E-03,            0.,"ASSEMBLY_PLATE-1__PICKEDSET2","ROCK","",  -454.732E-03,      -2.51789,      -2.48771,  -484.908E-03,   247.687E-03
F:/Desktop/DeepOnet_Abaqus/StaticElasticJob3.odb,Step-1,Increment      1: Step Time =    1.000,"PLATE-1",          2602,             1,   56.3532E-03,   207.258E-03,            0.,"ASSEMBLY_PLATE-1__PICKEDSET2","ROCK","",  -349.772E-03,      -2.67305,      -2.43505,  -587.772E-03,   704.482E-03
F:/Desktop/DeepOnet_Abaqus/StaticElasticJob3.odb,Step-1,Increment      1: Step Time =    1.000,"PLATE-1",          2603,             1,   74.1105E-03,   237.902E-03,            0.,"ASSEMBLY_PLATE-1__PICKEDSET2","ROCK","",  -589.285E-03,      -2.13034,      -2.01289,  -706.732E-03,   408.899E-03
F:/Desktop/DeepOnet_Abaqus/StaticElasticJob3.odb,Step-1,Increment      1: Step Time =    1.000,"PLATE-1",          2604,             1,   102.553E-03,   167.610E-03,            0.,"ASSEMBLY_PLATE-1__PICKEDSET2","ROCK","",  -53.4602E-03,      -2.29225,      -1.37993,  -965.783E-03,       1.10008
F:/Desktop/DeepOnet_Abaqus/StaticElasticJob3.odb,Step-1,Increment      1: Step Time =    1.000,"PLATE-1",          2605,             1,   112.781E-03,   157.631E-03,            0.,"ASSEMBLY_PLATE-1__PICKEDSET2","ROCK","",  -57.8798E-03,      -2.21306,      -1.22178,      -1.04917,       1.07413
F:/Desktop/DeepOnet_Abaqus/StaticElasticJob3.odb,Step-1,Increment      1: Step Time =    1.000,"PLATE-1",          2606,             1,   124.953E-03,   147.778E-03,            0.,"ASSEMBLY_PLATE-1__PICKEDSET2","ROCK","",  -58.0273E-03,      -2.08096,      -1.03765,      -1.10134,       1.01097
F:/Desktop/DeepOnet_Abaqus/StaticElasticJob3.odb,Step-1,Increment      1: Step Time =    1.000,"PLATE-1",          2607,             1,   133.941E-03,   164.357E-03,            0.,"ASSEMBLY_PLATE-1__PICKEDSET2","ROCK","",  -200.352E-03,      -2.02603,      -1.22994,  -996.439E-03,   905.342E-03
F:/Desktop/DeepOnet_Abaqus/StaticElasticJob3.odb,Step-1,Increment      1: Step Time =    1.000,"PLATE-1",          2608,             1,   161.208E-03,   180.845E-03,            0.,"ASSEMBLY_PLATE-1__PICKEDSET2","ROCK","",  -379.140E-03,      -1.86041,      -1.28434,  -955.208E-03,   722.119E-03
F:/Desktop/DeepOnet_Abaqus/StaticElasticJob3.odb,Step-1,Increment      1: Step Time =    1.000,"PLATE-1",          2609,             1,   202.039E-03,   104.839E-03,            0.,"ASSEMBLY_PLATE-1__PICKEDSET2","ROCK","",  -253.007E-03,      -1.63065,  -656.363E-03,      -1.22729,   626.884E-03
F:/Desktop/DeepOnet_Abaqus/StaticElasticJob3.odb,Step-1,Increment      1: Step Time =    1.000,"PLATE-1",          2610,             1,   201.281E-03,   158.922E-03,            0.,"ASSEMBLY_PLATE-1__PICKEDSET2","ROCK","",  -404.668E-03,      -1.68160,      -1.01326,      -1.07301,   637.769E-03
F:/Desktop/DeepOnet_Abaqus/StaticElasticJob3.odb,Step-1,Increment      1: Step Time =    1.000,"PLATE-1",          2611,             1,   189.676E-03,   122.980E-03,            0.,"ASSEMBLY_PLATE-1__PICKEDSET2","ROCK","",  -260.168E-03,      -1.69613,  -772.467E-03,      -1.18383,   687.888E-03
F:/Desktop/DeepOnet_Abaqus/StaticElasticJob3.odb,Step-1,Increment      1: Step Time =    1.000,"PLATE-1",          2612,             1,   242.399E-03,   74.3678E-03,            0.,"ASSEMBLY_PLATE-1__PICKEDSET2","ROCK","",  -354.959E-03,      -1.49023,  -572.077E-03,      -1.27311,   446.483E-03
F:/Desktop/DeepOnet_Abaqus/StaticElasticJob3.odb,Step-1,Increment      1: Step Time =    1.000,"PLATE-1",          2613,             1,   252.109E-03,   6.42205E-03,            0.,"ASSEMBLY_PLATE-1__PICKEDSET2","ROCK","",  -318.852E-03,      -1.43414,  -355.170E-03,      -1.39782,   197.954E-03
F:/Desktop/DeepOnet_Abaqus/StaticElasticJob3.odb,Step-1,Increment      1: Step Time =    1.000,"PLATE-1",          2614,             1,   245.974E-03,  -18.6590E-03,            0.,"ASSEMBLY_PLATE-1__PICKEDSET2","ROCK","",  -289.742E-03,      -1.44051,  -294.621E-03,      -1.43563,   74.7709E-03
F:/Desktop/DeepOnet_Abaqus/StaticElasticJob3.odb,Step-1,Increment      1: Step Time =    1.000,"PLATE-1",          2615,             1,   246.089E-03,  -41.1735E-03,            0.,"ASSEMBLY_PLATE-1__PICKEDSET2","ROCK","",  -302.984E-03,      -1.47081,  -305.196E-03,      -1.46859,  -50.7747E-03
F:/Desktop/DeepOnet_Abaqus/StaticElasticJob3.odb,Step-1,Increment      1: Step Time =    1.000,"PLATE-1",          2616,             1,   257.339E-03,  -119.858E-03,            0.,"ASSEMBLY_PLATE-1__PICKEDSET2","ROCK","",  -512.533E-03,      -1.61102,  -743.781E-03,      -1.37977,  -447.825E-03
F:/Desktop/DeepOnet_Abaqus/StaticElasticJob3.odb,Step-1,Increment      1: Step Time =    1.000,"PLATE-1",          2617,             1,      -1.33373,      -1.50211,            0.,"ASSEMBLY_PLATE-1__PICKEDSET2","ROCK","",  -999.891E-03,      -1.23663,      -1.23610,      -1.00042,   11.1929E-03
F:/Desktop/DeepOnet_Abaqus/StaticElasticJob3.odb,Step-1,Increment      1: Step Time =    1.000,"PLATE-1",          2618,             1,       1.46526,  -808.778E-03,            0.,"ASSEMBLY_PLATE-1__PICKEDSET2","ROCK","",      -1.00349,      -1.22491,      -1.22285,      -1.00555,  -21.2643E-03
F:/Desktop/DeepOnet_Abaqus/StaticElasticJob3.odb,Step-1,Increment      1: Step Time =    1.000,"PLATE-1",          2619,             1,       1.33373,       1.50151,            0.,"ASSEMBLY_PLATE-1__PICKEDSET2","ROCK","",      -1.00097,      -1.23758,      -1.23676,      -1.00180,   13.9430E-03
F:/Desktop/DeepOnet_Abaqus/StaticElasticJob3.odb,Step-1,Increment      1: Step Time =    1.000,"PLATE-1",          2620,             1,   271.043E-03,   459.356E-03,            0.,"ASSEMBLY_PLATE-1__PICKEDSET2","ROCK","",      -1.05816,      -1.68373,      -1.21007,      -1.53183,   268.237E-03
F:/Desktop/DeepOnet_Abaqus/StaticElasticJob3.odb,Step-1,Increment      1: Step Time =    1.000,"PLATE-1",          2621,             1,   273.025E-03,   392.984E-03,            0.,"ASSEMBLY_PLATE-1__PICKEDSET2","ROCK","",  -932.086E-03,      -1.63880,      -1.50417,      -1.06671,   277.517E-03
F:/Desktop/DeepOnet_Abaqus/StaticElasticJob3.odb,Step-1,Increment      1: Step Time =    1.000,"PLATE-1",          2622,             1,   5.30413E-03,  -245.801E-03,            0.,"ASSEMBLY_PLATE-1__PICKEDSET2","ROCK","",  -243.529E-03,      -1.89829,      -1.89820,  -243.622E-03,  -12.4343E-03
F:/Desktop/DeepOnet_Abaqus/StaticElasticJob3.odb,Step-1,Increment      1: Step Time =    1.000,"PLATE-1",          2623,             1,  -4.54078E-03,  -260.603E-03,            0.,"ASSEMBLY_PLATE-1__PICKEDSET2","ROCK","",  -312.800E-03,      -1.86513,      -1.86475,  -313.186E-03,   24.4782E-03
F:/Desktop/DeepOnet_Abaqus/StaticElasticJob3.odb,Step-1,Increment      1: Step Time =    1.000,"PLATE-1",          2624,             1,   34.9954E-03,  -222.746E-03,            0.,"ASSEMBLY_PLATE-1__PICKEDSET2","ROCK","",  -119.246E-03,      -1.97670,      -1.95905,  -136.903E-03,  -180.237E-03
F:/Desktop/DeepOnet_Abaqus/StaticElasticJob3.odb,Step-1,Increment      1: Step Time =    1.000,"PLATE-1",          2625,             1,   22.6229E-03,  -226.705E-03,            0.,"ASSEMBLY_PLATE-1__PICKEDSET2","ROCK","",  -150.381E-03,      -1.95059,      -1.94448,  -156.492E-03,  -104.712E-03
F:/Desktop/DeepOnet_Abaqus/StaticElasticJob3.odb,Step-1,Increment      1: Step Time =    1.000,"PLATE-1",          2626,             1,   45.9733E-03,  -219.903E-03,            0.,"ASSEMBLY_PLATE-1__PICKEDSET2","ROCK","",  -107.816E-03,      -1.98422,      -1.95399,  -138.041E-03,  -236.222E-03
F:/Desktop/DeepOnet_Abaqus/StaticElasticJob3.odb,Step-1,Increment      1: Step Time =    1.000,"PLATE-1",          2627,             1,   56.8350E-03,  -220.880E-03,            0.,"ASSEMBLY_PLATE-1__PICKEDSET2","ROCK","",  -133.929E-03,      -1.97775,      -1.93318,  -178.504E-03,  -283.200E-03
F:/Desktop/DeepOnet_Abaqus/StaticElasticJob3.odb,Step-1,Increment      1: Step Time =    1.000,"PLATE-1",          2628,             1,   89.2998E-03,  -210.370E-03,            0.,"ASSEMBLY_PLATE-1__PICKEDSET2","ROCK","",  -91.6168E-03,      -2.04009,      -1.92655,  -205.160E-03,  -456.447E-03
F:/Desktop/DeepOnet_Abaqus/StaticElasticJob3.odb,Step-1,Increment      1: Step Time =    1.000,"PLATE-1",          2629,             1,   62.9671E-03,  -244.436E-03,            0.,"ASSEMBLY_PLATE-1__PICKEDSET2","ROCK","",  -269.461E-03,      -1.91697,      -1.86560,  -320.840E-03,  -286.369E-03
F:/Desktop/DeepOnet_Abaqus/StaticElasticJob3.odb,Step-1,Increment      1: Step Time =    1.000,"PLATE-1",          2630,             1,   105.817E-03,  -224.957E-03,            0.,"ASSEMBLY_PLATE-1__PICKEDSET2","ROCK","",  -240.907E-03,      -2.03726,      -1.85253,  -425.636E-03,  -545.632E-03
F:/Desktop/DeepOnet_Abaqus/StaticElasticJob3.odb,Step-1,Increment      1: Step Time =    1.000,"PLATE-1",          2631,             1,   147.572E-03,  -234.737E-03,            0.,"ASSEMBLY_PLATE-1__PICKEDSET2","ROCK","",  -494.273E-03,      -1.96594,      -1.58457,  -875.640E-03,  -644.829E-03
F:/Desktop/DeepOnet_Abaqus/StaticElasticJob3.odb,Step-1,Increment      1: Step Time =    1.000,"PLATE-1",          2632,             1,   141.253E-03,  -219.004E-03,            0.,"ASSEMBLY_PLATE-1__PICKEDSET2","ROCK","",  -340.950E-03,      -2.10699,      -1.75334,  -694.600E-03,  -706.748E-03
F:/Desktop/DeepOnet_Abaqus/StaticElasticJob3.odb,Step-1,Increment      1: Step Time =    1.000,"PLATE-1",          2633,             1,   169.184E-03,  -227.990E-03,            0.,"ASSEMBLY_PLATE-1__PICKEDSET2","ROCK","",  -648.186E-03,      -1.86991,      -1.44358,      -1.07452,  -582.325E-03
F:/Desktop/DeepOnet_Abaqus/StaticElasticJob3.odb,Step-1,Increment      1: Step Time =    1.000,"PLATE-1",          2634,             1,   224.757E-03,  -253.588E-03,            0.,"ASSEMBLY_PLATE-1__PICKEDSET2","ROCK","",  -816.242E-03,      -1.58078,      -1.35085,      -1.04617,  -350.599E-03
F:/Desktop/DeepOnet_Abaqus/StaticElasticJob3.odb,Step-1,Increment      1: Step Time =    1.000,"PLATE-1",          2635,             1,   215.208E-03,  -180.396E-03,            0.,"ASSEMBLY_PLATE-1__PICKEDSET2","ROCK","",  -718.378E-03,      -1.83278,      -1.36474,      -1.18642,  -550.022E-03
F:/Desktop/DeepOnet_Abaqus/StaticElasticJob3.odb,Step-1,Increment      1: Step Time =    1.000,"PLATE-1",          2636,             1,   246.655E-03,  -169.856E-03,            0.,"ASSEMBLY_PLATE-1__PICKEDSET2","ROCK","",  -714.140E-03,      -1.61381,      -1.16455,      -1.16340,  -449.834E-03
F:/Desktop/DeepOnet_Abaqus/StaticElasticJob3.odb,Step-1,Increment      1: Step Time =    1.000,"PLATE-1",          2637,             1,   239.417E-03,  -188.296E-03,            0.,"ASSEMBLY_PLATE-1__PICKEDSET2","ROCK","",  -757.058E-03,      -1.63292,      -1.22047,      -1.16951,  -437.189E-03
F:/Desktop/DeepOnet_Abaqus/StaticElasticJob3.odb,Step-1,Increment      1: Step Time =    1.000,"PLATE-1",          2638,             1,  -279.765E-03,  -123.612E-03,            0.,"ASSEMBLY_PLATE-1__PICKEDSET2","ROCK","",  -626.206E-03,      -1.61462,  -926.445E-03,      -1.31438,   454.550E-03
F:/Desktop/DeepOnet_Abaqus/StaticElasticJob3.odb,Step-1,Increment      1: Step Time =    1.000,"PLATE-1",          2639,             1,   465.526E-03,   204.757E-03,            0.,"ASSEMBLY_PLATE-1__PICKEDSET2","ROCK","",  -793.259E-03,      -1.28529,      -1.18772,  -890.828E-03,   196.182E-03
F:/Desktop/DeepOnet_Abaqus/StaticElasticJob3.odb,Step-1,Increment      1: Step Time =    1.000,"PLATE-1",          2640,             1,   285.129E-03,   276.849E-03,            0.,"ASSEMBLY_PLATE-1__PICKEDSET2","ROCK","",  -739.202E-03,      -1.55275,      -1.28798,      -1.00397,   381.181E-03
F:/Desktop/DeepOnet_Abaqus/StaticElasticJob3.odb,Step-1,Increment      1: Step Time =    1.000,"PLATE-1",          2641,             1,   345.462E-03,   245.439E-03,            0.,"ASSEMBLY_PLATE-1__PICKEDSET2","ROCK","",  -664.356E-03,      -1.48883,      -1.23961,  -913.575E-03,   378.634E-03
F:/Desktop/DeepOnet_Abaqus/StaticElasticJob3.odb,Step-1,Increment      1: Step Time =    1.000,"PLATE-1",          2642,             1,       1.25272,       1.49669,            0.,"ASSEMBLY_PLATE-1__PICKEDSET2","ROCK","",      -1.00004,      -1.23874,      -1.23782,      -1.00096,   14.8110E-03
F:/Desktop/DeepOnet_Abaqus/StaticElasticJob3.odb,Step-1,Increment      1: Step Time =    1.000,"PLATE-1",          2643,             1,   378.617E-03,   764.107E-03,            0.,"ASSEMBLY_PLATE-1__PICKEDSET2","ROCK","",  -793.629E-03,      -1.36605,      -1.36524,  -794.436E-03,  -21.4648E-03
F:/Desktop/DeepOnet_Abaqus/StaticElasticJob3.odb,Step-1,Increment      1: Step Time =    1.000,"PLATE-1",          2644,             1,  -287.666E-03,  -186.848E-03,            0.,"ASSEMBLY_PLATE-1__PICKEDSET2","ROCK","",  -808.983E-03,      -1.51285,      -1.16588,      -1.15596,   351.901E-03
F:/Desktop/DeepOnet_Abaqus/StaticElasticJob3.odb,Step-1,Increment      1: Step Time =    1.000,"PLATE-1",          2645,             1,  -15.7182E-03,  -249.111E-03,            0.,"ASSEMBLY_PLATE-1__PICKEDSET2","ROCK","",  -255.089E-03,      -1.90232,      -1.89704,  -260.371E-03,   93.1300E-03
F:/Desktop/DeepOnet_Abaqus/StaticElasticJob3.odb,Step-1,Increment      1: Step Time =    1.000,"PLATE-1",          2646,             1,   8.17559E-03,  -278.112E-03,            0.,"ASSEMBLY_PLATE-1__PICKEDSET2","ROCK","",  -376.260E-03,      -1.81833,      -1.81792,  -376.667E-03,  -24.2365E-03
F:/Desktop/DeepOnet_Abaqus/StaticElasticJob3.odb,Step-1,Increment      1: Step Time =    1.000,"PLATE-1",          2647,             1,   27.4161E-03,  -291.960E-03,            0.,"ASSEMBLY_PLATE-1__PICKEDSET2","ROCK","",  -436.743E-03,      -1.78366,      -1.77756,  -442.847E-03,  -90.4631E-03
F:/Desktop/DeepOnet_Abaqus/StaticElasticJob3.odb,Step-1,Increment      1: Step Time =    1.000,"PLATE-1",          2648,             1,   164.586E-03,  -247.183E-03,            0.,"ASSEMBLY_PLATE-1__PICKEDSET2","ROCK","",  -644.925E-03,      -1.77727,      -1.49303,  -929.167E-03,  -490.986E-03
F:/Desktop/DeepOnet_Abaqus/StaticElasticJob3.odb,Step-1,Increment      1: Step Time =    1.000,"PLATE-1",          2649,             1,   238.298E-03,  -100.198E-03,            0.,"ASSEMBLY_PLATE-1__PICKEDSET2","ROCK","",  -344.570E-03,      -1.67204,  -498.070E-03,      -1.51854,  -424.504E-03
F:/Desktop/DeepOnet_Abaqus/StaticElasticJob3.odb,Step-1,Increment      1: Step Time =    1.000,"PLATE-1",          2650,             1,  -273.565E-03,  -221.470E-03,            0.,"ASSEMBLY_PLATE-1__PICKEDSET2","ROCK","",  -842.838E-03,      -1.54053,      -1.25913,      -1.12424,   342.265E-03
F:/Desktop/DeepOnet_Abaqus/StaticElasticJob3.odb,Step-1,Increment      1: Step Time =    1.000,"PLATE-1",          2651,             1,  -190.569E-03,  -218.954E-03,            0.,"ASSEMBLY_PLATE-1__PICKEDSET2","ROCK","",  -740.375E-03,      -1.87769,      -1.45540,      -1.16266,   549.496E-03
F:/Desktop/DeepOnet_Abaqus/StaticElasticJob3.odb,Step-1,Increment      1: Step Time =    1.000,"PLATE-1",          2652,             1,   13.2344E-03,   250.714E-03,            0.,"ASSEMBLY_PLATE-1__PICKEDSET2","ROCK","",  -631.077E-03,      -2.20638,      -2.19760,  -639.858E-03,   117.285E-03
F:/Desktop/DeepOnet_Abaqus/StaticElasticJob3.odb,Step-1,Increment      1: Step Time =    1.000,"PLATE-1",          2653,             1,   56.0419E-06,   238.643E-03,            0.,"ASSEMBLY_PLATE-1__PICKEDSET2","ROCK","",  -519.001E-03,      -2.41064,      -2.41044,  -519.204E-03,   19.5598E-03
F:/Desktop/DeepOnet_Abaqus/StaticElasticJob3.odb,Step-1,Increment      1: Step Time =    1.000,"PLATE-1",          2654,             1,   26.5468E-03,   264.300E-03,            0.,"ASSEMBLY_PLATE-1__PICKEDSET2","ROCK","",  -710.665E-03,      -2.03427,      -2.02286,  -722.072E-03,   122.343E-03
F:/Desktop/DeepOnet_Abaqus/StaticElasticJob3.odb,Step-1,Increment      1: Step Time =    1.000,"PLATE-1",          2655,             1,  -203.836E-03,  -205.319E-03,            0.,"ASSEMBLY_PLATE-1__PICKEDSET2","ROCK","",  -805.022E-03,      -1.82480,      -1.36756,      -1.26227,   507.166E-03
F:/Desktop/DeepOnet_Abaqus/StaticElasticJob3.odb,Step-1,Increment      1: Step Time =    1.000,"PLATE-1",          2656,             1,  -223.124E-03,  -227.284E-03,            0.,"ASSEMBLY_PLATE-1__PICKEDSET2","ROCK","",  -834.940E-03,      -1.66096,      -1.35778,      -1.13812,   398.137E-03
F:/Desktop/DeepOnet_Abaqus/StaticElasticJob3.odb,Step-1,Increment      1: Step Time =    1.000,"PLATE-1",          2657,             1,  -138.914E-03,  -226.720E-03,            0.,"ASSEMBLY_PLATE-1__PICKEDSET2","ROCK","",  -408.326E-03,      -2.09058,      -1.71388,  -785.025E-03,   701.284E-03
F:/Desktop/DeepOnet_Abaqus/StaticElasticJob3.odb,Step-1,Increment      1: Step Time =    1.000,"PLATE-1",          2658,             1,  -158.941E-03,  -241.271E-03,            0.,"ASSEMBLY_PLATE-1__PICKEDSET2","ROCK","",  -595.657E-03,      -1.91831,      -1.53740,  -976.564E-03,   598.930E-03
F:/Desktop/DeepOnet_Abaqus/StaticElasticJob3.odb,Step-1,Increment      1: Step Time =    1.000,"PLATE-1",          2659,             1,   185.969E-03,  -262.414E-03,            0.,"ASSEMBLY_PLATE-1__PICKEDSET2","ROCK","",  -733.174E-03,      -1.68478,      -1.42163,  -996.326E-03,  -425.639E-03
F:/Desktop/DeepOnet_Abaqus/StaticElasticJob3.odb,Step-1,Increment      1: Step Time =    1.000,"PLATE-1",          2660,             1,   211.500E-03,  -287.144E-03,            0.,"ASSEMBLY_PLATE-1__PICKEDSET2","ROCK","",  -805.093E-03,      -1.53645,      -1.36591,  -975.641E-03,  -309.266E-03
F:/Desktop/DeepOnet_Abaqus/StaticElasticJob3.odb,Step-1,Increment      1: Step Time =    1.000,"PLATE-1",          2661,             1,   260.752E-03,  -154.466E-03,            0.,"ASSEMBLY_PLATE-1__PICKEDSET2","ROCK","",  -672.874E-03,      -1.61714,      -1.08790,      -1.20212,  -468.666E-03
F:/Desktop/DeepOnet_Abaqus/StaticElasticJob3.odb,Step-1,Increment      1: Step Time =    1.000,"PLATE-1",          2662,             1,   284.658E-03,  -141.858E-03,            0.,"ASSEMBLY_PLATE-1__PICKEDSET2","ROCK","",  -677.935E-03,      -1.51894,  -970.019E-03,      -1.22685,  -400.412E-03
F:/Desktop/DeepOnet_Abaqus/StaticElasticJob3.odb,Step-1,Increment      1: Step Time =    1.000,"PLATE-1",          2663,             1,   286.009E-03,   98.7653E-03,            0.,"ASSEMBLY_PLATE-1__PICKEDSET2","ROCK","",  -521.315E-03,      -1.44589,  -771.779E-03,      -1.19543,   410.902E-03
F:/Desktop/DeepOnet_Abaqus/StaticElasticJob3.odb,Step-1,Increment      1: Step Time =    1.000,"PLATE-1",          2664,             1,   53.3333E-03,  -271.960E-03,            0.,"ASSEMBLY_PLATE-1__PICKEDSET2","ROCK","",  -383.291E-03,      -1.83551,      -1.80260,  -416.207E-03,  -216.144E-03
F:/Desktop/DeepOnet_Abaqus/StaticElasticJob3.odb,Step-1,Increment      1: Step Time =    1.000,"PLATE-1",          2665,             1,   51.3739E-03,  -232.350E-03,            0.,"ASSEMBLY_PLATE-1__PICKEDSET2","ROCK","",  -173.833E-03,      -1.95298,      -1.91792,  -208.892E-03,  -247.276E-03
F:/Desktop/DeepOnet_Abaqus/StaticElasticJob3.odb,Step-1,Increment      1: Step Time =    1.000,"PLATE-1",          2666,             1,   53.8158E-03,  -255.528E-03,            0.,"ASSEMBLY_PLATE-1__PICKEDSET2","ROCK","",  -285.713E-03,      -1.88715,      -1.85902,  -313.838E-03,  -210.354E-03
F:/Desktop/DeepOnet_Abaqus/StaticElasticJob3.odb,Step-1,Increment      1: Step Time =    1.000,"PLATE-1",          2667,             1,   164.315E-03,  -294.270E-03,            0.,"ASSEMBLY_PLATE-1__PICKEDSET2","ROCK","",  -719.278E-03,      -1.62197,      -1.46387,  -877.371E-03,  -343.097E-03
F:/Desktop/DeepOnet_Abaqus/StaticElasticJob3.odb,Step-1,Increment      1: Step Time =    1.000,"PLATE-1",          2668,             1,   300.151E-03,  -235.210E-03,            0.,"ASSEMBLY_PLATE-1__PICKEDSET2","ROCK","",  -852.824E-03,      -1.43241,      -1.23361,      -1.05162,  -275.136E-03
F:/Desktop/DeepOnet_Abaqus/StaticElasticJob3.odb,Step-1,Increment      1: Step Time =    1.000,"PLATE-1",          2669,             1,  -268.815E-03,  -110.007E-03,            0.,"ASSEMBLY_PLATE-1__PICKEDSET2","ROCK","",  -510.149E-03,      -1.61493,  -684.077E-03,      -1.44100,   402.370E-03
F:/Desktop/DeepOnet_Abaqus/StaticElasticJob3.odb,Step-1,Increment      1: Step Time =    1.000,"PLATE-1",          2670,             1,  -250.751E-03,  -121.168E-03,            0.,"ASSEMBLY_PLATE-1__PICKEDSET2","ROCK","",  -479.706E-03,      -1.70987,  -731.216E-03,      -1.45836,   496.125E-03
F:/Desktop/DeepOnet_Abaqus/StaticElasticJob3.odb,Step-1,Increment      1: Step Time =    1.000,"PLATE-1",          2671,             1,  -247.593E-03,  -68.6635E-03,            0.,"ASSEMBLY_PLATE-1__PICKEDSET2","ROCK","",  -323.529E-03,      -1.58340,  -372.594E-03,      -1.53433,   243.737E-03
F:/Desktop/DeepOnet_Abaqus/StaticElasticJob3.odb,Step-1,Increment      1: Step Time =    1.000,"PLATE-1",          2672,             1,  -332.876E-03,  -37.8807E-03,            0.,"ASSEMBLY_PLATE-1__PICKEDSET2","ROCK","",  -667.871E-03,      -1.36105,  -679.019E-03,      -1.34991,   87.1965E-03
F:/Desktop/DeepOnet_Abaqus/StaticElasticJob3.odb,Step-1,Increment      1: Step Time =    1.000,"PLATE-1",          2673,             1,   62.7617E-03,  -293.200E-03,            0.,"ASSEMBLY_PLATE-1__PICKEDSET2","ROCK","",  -477.473E-03,      -1.76141,      -1.72352,  -515.371E-03,  -217.308E-03
F:/Desktop/DeepOnet_Abaqus/StaticElasticJob3.odb,Step-1,Increment      1: Step Time =    1.000,"PLATE-1",          2674,             1,       1.39462,      -1.17351,            0.,"ASSEMBLY_PLATE-1__PICKEDSET2","ROCK","",  -997.439E-03,      -1.23387,      -1.23256,  -998.749E-03,  -17.5504E-03
F:/Desktop/DeepOnet_Abaqus/StaticElasticJob3.odb,Step-1,Increment      1: Step Time =    1.000,"PLATE-1",          2675,             1,   192.609E-03,   304.889E-03,            0.,"ASSEMBLY_PLATE-1__PICKEDSET2","ROCK","",  -794.359E-03,      -1.61200,      -1.48205,  -924.312E-03,   298.943E-03
F:/Desktop/DeepOnet_Abaqus/StaticElasticJob3.odb,Step-1,Increment      1: Step Time =    1.000,"PLATE-1",          2676,             1,   219.817E-03,   344.005E-03,            0.,"ASSEMBLY_PLATE-1__PICKEDSET2","ROCK","",  -876.358E-03,      -1.55175,      -1.42908,  -999.022E-03,   260.383E-03
F:/Desktop/DeepOnet_Abaqus/StaticElasticJob3.odb,Step-1,Increment      1: Step Time =    1.000,"PLATE-1",          2677,             1,   257.998E-03,  -89.0118E-03,            0.,"ASSEMBLY_PLATE-1__PICKEDSET2","ROCK","",  -446.985E-03,      -1.53675,  -555.597E-03,      -1.42814,  -326.443E-03
F:/Desktop/DeepOnet_Abaqus/StaticElasticJob3.odb,Step-1,Increment      1: Step Time =    1.000,"PLATE-1",          2678,             1,   242.642E-03,  -62.5397E-03,            0.,"ASSEMBLY_PLATE-1__PICKEDSET2","ROCK","",  -283.225E-03,      -1.53122,  -309.062E-03,      -1.50538,  -177.700E-03
F:/Desktop/DeepOnet_Abaqus/StaticElasticJob3.odb,Step-1,Increment      1: Step Time =    1.000,"PLATE-1",          2679,             1,   284.568E-03,  -3.66134E-03,            0.,"ASSEMBLY_PLATE-1__PICKEDSET2","ROCK","",  -472.862E-03,      -1.40338,  -483.210E-03,      -1.39303,   97.5756E-03
F:/Desktop/DeepOnet_Abaqus/StaticElasticJob3.odb,Step-1,Increment      1: Step Time =    1.000,"PLATE-1",          2680,             1,   309.115E-03,   34.4803E-03,            0.,"ASSEMBLY_PLATE-1__PICKEDSET2","ROCK","",  -585.670E-03,      -1.35212,  -643.534E-03,      -1.29425,   202.488E-03
F:/Desktop/DeepOnet_Abaqus/StaticElasticJob3.odb,Step-1,Increment      1: Step Time =    1.000,"PLATE-1",          2681,             1,   277.427E-03,   68.2352E-03,            0.,"ASSEMBLY_PLATE-1__PICKEDSET2","ROCK","",  -476.969E-03,      -1.43347,  -643.420E-03,      -1.26702,   362.636E-03
F:/Desktop/DeepOnet_Abaqus/StaticElasticJob3.odb,Step-1,Increment      1: Step Time =    1.000,"PLATE-1",          2682,             1,  -92.0726E-03,  -238.663E-03,            0.,"ASSEMBLY_PLATE-1__PICKEDSET2","ROCK","",  -280.571E-03,      -1.98306,      -1.85133,  -412.303E-03,   454.884E-03
F:/Desktop/DeepOnet_Abaqus/StaticElasticJob3.odb,Step-1,Increment      1: Step Time =    1.000,"PLATE-1",          2683,             1,  -79.4729E-03,  -226.545E-03,            0.,"ASSEMBLY_PLATE-1__PICKEDSET2","ROCK","",  -176.038E-03,      -2.03749,      -1.93054,  -282.989E-03,   433.180E-03
F:/Desktop/DeepOnet_Abaqus/StaticElasticJob3.odb,Step-1,Increment      1: Step Time =    1.000,"PLATE-1",          2684,             1,  -105.694E-03,  -260.281E-03,            0.,"ASSEMBLY_PLATE-1__PICKEDSET2","ROCK","",  -423.181E-03,      -1.90122,      -1.74168,  -582.720E-03,   458.640E-03
F:/Desktop/DeepOnet_Abaqus/StaticElasticJob3.odb,Step-1,Increment      1: Step Time =    1.000,"PLATE-1",          2685,             1,  -71.8035E-03,  -273.998E-03,            0.,"ASSEMBLY_PLATE-1__PICKEDSET2","ROCK","",  -414.433E-03,      -1.84174,      -1.77704,  -479.136E-03,   296.927E-03
F:/Desktop/DeepOnet_Abaqus/StaticElasticJob3.odb,Step-1,Increment      1: Step Time =    1.000,"PLATE-1",          2686,             1,  -62.6858E-03,  -240.765E-03,            0.,"ASSEMBLY_PLATE-1__PICKEDSET2","ROCK","",  -262.607E-03,      -1.93433,      -1.88046,  -316.475E-03,   295.214E-03
F:/Desktop/DeepOnet_Abaqus/StaticElasticJob3.odb,Step-1,Increment      1: Step Time =    1.000,"PLATE-1",          2687,             1,  -37.4988E-03,  -268.066E-03,            0.,"ASSEMBLY_PLATE-1__PICKEDSET2","ROCK","",  -347.115E-03,      -1.85812,      -1.83893,  -366.305E-03,   169.198E-03
F:/Desktop/DeepOnet_Abaqus/StaticElasticJob3.odb,Step-1,Increment      1: Step Time =    1.000,"PLATE-1",          2688,             1,  -59.9090E-03,  -307.235E-03,            0.,"ASSEMBLY_PLATE-1__PICKEDSET2","ROCK","",  -522.388E-03,      -1.73772,      -1.70266,  -557.447E-03,   203.418E-03
F:/Desktop/DeepOnet_Abaqus/StaticElasticJob3.odb,Step-1,Increment      1: Step Time =    1.000,"PLATE-1",          2689,             1,   103.982E-03,   233.377E-03,            0.,"ASSEMBLY_PLATE-1__PICKEDSET2","ROCK","",  -568.320E-03,      -2.01068,      -1.82987,  -749.124E-03,   477.591E-03
F:/Desktop/DeepOnet_Abaqus/StaticElasticJob3.odb,Step-1,Increment      1: Step Time =    1.000,"PLATE-1",          2690,             1,   99.9274E-03,   282.797E-03,            0.,"ASSEMBLY_PLATE-1__PICKEDSET2","ROCK","",  -763.263E-03,      -1.80689,      -1.73901,  -831.148E-03,   257.367E-03
F:/Desktop/DeepOnet_Abaqus/StaticElasticJob3.odb,Step-1,Increment      1: Step Time =    1.000,"PLATE-1",          2691,             1,   56.2082E-03,   318.458E-03,            0.,"ASSEMBLY_PLATE-1__PICKEDSET2","ROCK","",  -849.003E-03,      -1.72581,      -1.71215,  -862.658E-03,   108.564E-03
F:/Desktop/DeepOnet_Abaqus/StaticElasticJob3.odb,Step-1,Increment      1: Step Time =    1.000,"PLATE-1",          2692,             1,   54.1227E-03,   295.318E-03,            0.,"ASSEMBLY_PLATE-1__PICKEDSET2","ROCK","",  -792.179E-03,      -1.84530,      -1.82447,  -813.017E-03,   146.663E-03
F:/Desktop/DeepOnet_Abaqus/StaticElasticJob3.odb,Step-1,Increment      1: Step Time =    1.000,"PLATE-1",          2693,             1,   121.411E-03,   168.621E-03,            0.,"ASSEMBLY_PLATE-1__PICKEDSET2","ROCK","",  -137.630E-03,      -2.17041,      -1.34697,  -961.072E-03,   997.909E-03
F:/Desktop/DeepOnet_Abaqus/StaticElasticJob3.odb,Step-1,Increment      1: Step Time =    1.000,"PLATE-1",          2694,             1,   114.114E-03,   185.889E-03,            0.,"ASSEMBLY_PLATE-1__PICKEDSET2","ROCK","",  -259.414E-03,      -2.17900,      -1.57666,  -861.763E-03,   890.753E-03
F:/Desktop/DeepOnet_Abaqus/StaticElasticJob3.odb,Step-1,Increment      1: Step Time =    1.000,"PLATE-1",          2695,             1,   130.222E-03,   179.154E-03,            0.,"ASSEMBLY_PLATE-1__PICKEDSET2","ROCK","",  -284.877E-03,      -2.03802,      -1.40816,  -914.736E-03,   841.137E-03
F:/Desktop/DeepOnet_Abaqus/StaticElasticJob3.odb,Step-1,Increment      1: Step Time =    1.000,"PLATE-1",          2696,             1,   166.603E-03,   217.932E-03,            0.,"ASSEMBLY_PLATE-1__PICKEDSET2","ROCK","",  -537.665E-03,      -1.80679,      -1.45861,  -885.841E-03,   566.261E-03
F:/Desktop/DeepOnet_Abaqus/StaticElasticJob3.odb,Step-1,Increment      1: Step Time =    1.000,"PLATE-1",          2697,             1,   154.958E-03,   234.608E-03,            0.,"ASSEMBLY_PLATE-1__PICKEDSET2","ROCK","",  -583.537E-03,      -1.80812,      -1.54240,  -849.264E-03,   504.772E-03
F:/Desktop/DeepOnet_Abaqus/StaticElasticJob3.odb,Step-1,Increment      1: Step Time =    1.000,"PLATE-1",          2698,             1,   170.339E-03,   162.675E-03,            0.,"ASSEMBLY_PLATE-1__PICKEDSET2","ROCK","",  -331.565E-03,      -1.80774,      -1.09640,      -1.04291,   737.604E-03
F:/Desktop/DeepOnet_Abaqus/StaticElasticJob3.odb,Step-1,Increment      1: Step Time =    1.000,"PLATE-1",          2699,             1,   177.912E-03,   141.525E-03,            0.,"ASSEMBLY_PLATE-1__PICKEDSET2","ROCK","",  -279.970E-03,      -1.75656,  -921.432E-03,      -1.11510,   731.918E-03
F:/Desktop/DeepOnet_Abaqus/StaticElasticJob3.odb,Step-1,Increment      1: Step Time =    1.000,"PLATE-1",          2700,             1,   213.744E-03,   143.192E-03,            0.,"ASSEMBLY_PLATE-1__PICKEDSET2","ROCK","",  -381.887E-03,      -1.64881,  -926.074E-03,      -1.10463,   627.141E-03
F:/Desktop/DeepOnet_Abaqus/StaticElasticJob3.odb,Step-1,Increment      1: Step Time =    1.000,"PLATE-1",          2701,             1,   218.058E-03,   181.593E-03,            0.,"ASSEMBLY_PLATE-1__PICKEDSET2","ROCK","",  -507.189E-03,      -1.65203,      -1.14509,      -1.01413,   568.662E-03
F:/Desktop/DeepOnet_Abaqus/StaticElasticJob3.odb,Step-1,Increment      1: Step Time =    1.000,"PLATE-1",          2702,             1,   183.211E-03,   199.380E-03,            0.,"ASSEMBLY_PLATE-1__PICKEDSET2","ROCK","",  -488.479E-03,      -1.76259,      -1.30769,  -943.372E-03,   610.454E-03
F:/Desktop/DeepOnet_Abaqus/StaticElasticJob3.odb,Step-1,Increment      1: Step Time =    1.000,"PLATE-1",          2703,             1,   236.098E-03,   110.224E-03,            0.,"ASSEMBLY_PLATE-1__PICKEDSET2","ROCK","",  -390.818E-03,      -1.54731,  -744.035E-03,      -1.19409,   532.663E-03
F:/Desktop/DeepOnet_Abaqus/StaticElasticJob3.odb,Step-1,Increment      1: Step Time =    1.000,"PLATE-1",          2704,             1,  -23.1012E-03,   224.713E-03,            0.,"ASSEMBLY_PLATE-1__PICKEDSET2","ROCK","",  -412.818E-03,      -2.59241,      -2.56572,  -439.513E-03,  -239.728E-03
F:/Desktop/DeepOnet_Abaqus/StaticElasticJob3.odb,Step-1,Increment      1: Step Time =    1.000,"PLATE-1",          2705,             1,  -39.2590E-03,   242.114E-03,            0.,"ASSEMBLY_PLATE-1__PICKEDSET2","ROCK","",  -590.844E-03,      -2.21829,      -2.18990,  -619.235E-03,  -213.070E-03
F:/Desktop/DeepOnet_Abaqus/StaticElasticJob3.odb,Step-1,Increment      1: Step Time =    1.000,"PLATE-1",          2706,             1,  -62.9576E-03,   209.220E-03,            0.,"ASSEMBLY_PLATE-1__PICKEDSET2","ROCK","",  -314.971E-03,      -2.47172,      -2.24584,  -540.849E-03,  -660.411E-03
F:/Desktop/DeepOnet_Abaqus/StaticElasticJob3.odb,Step-1,Increment      1: Step Time =    1.000,"PLATE-1",          2707,             1,  -91.1462E-03,   266.291E-03,            0.,"ASSEMBLY_PLATE-1__PICKEDSET2","ROCK","",  -671.948E-03,      -1.87494,      -1.82084,  -726.053E-03,  -249.318E-03
F:/Desktop/DeepOnet_Abaqus/StaticElasticJob3.odb,Step-1,Increment      1: Step Time =    1.000,"PLATE-1",          2708,             1,  -72.4405E-03,   224.159E-03,            0.,"ASSEMBLY_PLATE-1__PICKEDSET2","ROCK","",  -440.522E-03,      -2.23768,      -2.07445,  -603.750E-03,  -516.433E-03
F:/Desktop/DeepOnet_Abaqus/StaticElasticJob3.odb,Step-1,Increment      1: Step Time =    1.000,"PLATE-1",          2709,             1,  -70.5542E-03,   201.952E-03,            0.,"ASSEMBLY_PLATE-1__PICKEDSET2","ROCK","",  -217.093E-03,      -2.53917,      -2.20828,  -547.980E-03,  -811.701E-03
F:/Desktop/DeepOnet_Abaqus/StaticElasticJob3.odb,Step-1,Increment      1: Step Time =    1.000,"PLATE-1",          2710,             1,  -77.0244E-03,   243.481E-03,            0.,"ASSEMBLY_PLATE-1__PICKEDSET2","ROCK","",  -591.967E-03,      -2.02583,      -1.93482,  -682.979E-03,  -349.594E-03
F:/Desktop/DeepOnet_Abaqus/StaticElasticJob3.odb,Step-1,Increment      1: Step Time =    1.000,"PLATE-1",          2711,             1,  -82.6585E-03,   210.506E-03,            0.,"ASSEMBLY_PLATE-1__PICKEDSET2","ROCK","",  -345.300E-03,      -2.27155,      -2.00860,  -608.254E-03,  -661.339E-03
F:/Desktop/DeepOnet_Abaqus/StaticElasticJob3.odb,Step-1,Increment      1: Step Time =    1.000,"PLATE-1",          2712,             1,  -92.8521E-03,   211.984E-03,            0.,"ASSEMBLY_PLATE-1__PICKEDSET2","ROCK","",  -372.173E-03,      -2.16128,      -1.87550,  -657.946E-03,  -655.447E-03
F:/Desktop/DeepOnet_Abaqus/StaticElasticJob3.odb,Step-1,Increment      1: Step Time =    1.000,"PLATE-1",          2713,             1,  -125.490E-03,   234.510E-03,            0.,"ASSEMBLY_PLATE-1__PICKEDSET2","ROCK","",  -545.476E-03,      -1.83769,      -1.63553,  -747.632E-03,  -469.426E-03
F:/Desktop/DeepOnet_Abaqus/StaticElasticJob3.odb,Step-1,Increment      1: Step Time =    1.000,"PLATE-1",          2714,             1,  -196.806E-03,   204.947E-03,            0.,"ASSEMBLY_PLATE-1__PICKEDSET2","ROCK","",  -548.462E-03,      -1.62841,      -1.27808,  -898.784E-03,  -505.572E-03
F:/Desktop/DeepOnet_Abaqus/StaticElasticJob3.odb,Step-1,Increment      1: Step Time =    1.000,"PLATE-1",          2715,             1,  -147.967E-03,   291.370E-03,            0.,"ASSEMBLY_PLATE-1__PICKEDSET2","ROCK","",  -729.761E-03,      -1.64705,      -1.57265,  -804.157E-03,  -250.414E-03
F:/Desktop/DeepOnet_Abaqus/StaticElasticJob3.odb,Step-1,Increment      1: Step Time =    1.000,"PLATE-1",          2716,             1,  -204.472E-03,   181.504E-03,            0.,"ASSEMBLY_PLATE-1__PICKEDSET2","ROCK","",  -477.622E-03,      -1.60722,      -1.12396,  -960.876E-03,  -558.880E-03
F:/Desktop/DeepOnet_Abaqus/StaticElasticJob3.odb,Step-1,Increment      1: Step Time =    1.000,"PLATE-1",          2717,             1,  -180.513E-03,   282.126E-03,            0.,"ASSEMBLY_PLATE-1__PICKEDSET2","ROCK","",  -709.589E-03,      -1.59737,      -1.48088,  -826.078E-03,  -299.745E-03
F:/Desktop/DeepOnet_Abaqus/StaticElasticJob3.odb,Step-1,Increment      1: Step Time =    1.000,"PLATE-1",          2718,             1,  -216.731E-03,   162.590E-03,            0.,"ASSEMBLY_PLATE-1__PICKEDSET2","ROCK","",  -458.831E-03,      -1.57289,      -1.01255,      -1.01918,  -557.022E-03
F:/Desktop/DeepOnet_Abaqus/StaticElasticJob3.odb,Step-1,Increment      1: Step Time =    1.000,"PLATE-1",          2719,             1,  -234.951E-03,   148.040E-03,            0.,"ASSEMBLY_PLATE-1__PICKEDSET2","ROCK","",  -472.365E-03,      -1.52419,  -923.996E-03,      -1.07256,  -520.641E-03
F:/Desktop/DeepOnet_Abaqus/StaticElasticJob3.odb,Step-1,Increment      1: Step Time =    1.000,"PLATE-1",          2720,             1,   297.776E-03,  -165.949E-03,            0.,"ASSEMBLY_PLATE-1__PICKEDSET2","ROCK","",  -768.710E-03,      -1.45797,      -1.07560,      -1.15108,  -342.557E-03
F:/Desktop/DeepOnet_Abaqus/StaticElasticJob3.odb,Step-1,Increment      1: Step Time =    1.000,"PLATE-1",          2721,             1,   262.952E-03,  -181.110E-03,            0.,"ASSEMBLY_PLATE-1__PICKEDSET2","ROCK","",  -748.234E-03,      -1.56807,      -1.15291,      -1.16339,  -409.886E-03
F:/Desktop/DeepOnet_Abaqus/StaticElasticJob3.odb,Step-1,Increment      1: Step Time =    1.000,"PLATE-1",          2722,             1,   96.6659E-03,  -259.181E-03,            0.,"ASSEMBLY_PLATE-1__PICKEDSET2","ROCK","",  -391.143E-03,      -1.86627,      -1.74870,  -508.712E-03,  -399.508E-03
F:/Desktop/DeepOnet_Abaqus/StaticElasticJob3.odb,Step-1,Increment      1: Step Time =    1.000,"PLATE-1",          2723,             1,   138.423E-03,  -247.277E-03,            0.,"ASSEMBLY_PLATE-1__PICKEDSET2","ROCK","",  -492.862E-03,      -1.89211,      -1.62679,  -758.183E-03,  -548.501E-03
F:/Desktop/DeepOnet_Abaqus/StaticElasticJob3.odb,Step-1,Increment      1: Step Time =    1.000,"PLATE-1",          2724,             1,   146.348E-03,  -277.086E-03,            0.,"ASSEMBLY_PLATE-1__PICKEDSET2","ROCK","",  -614.852E-03,      -1.72512,      -1.53854,  -801.432E-03,  -415.140E-03
F:/Desktop/DeepOnet_Abaqus/StaticElasticJob3.odb,Step-1,Increment      1: Step Time =    1.000,"PLATE-1",          2725,             1,   115.275E-03,  -255.416E-03,            0.,"ASSEMBLY_PLATE-1__PICKEDSET2","ROCK","",  -421.454E-03,      -1.89495,      -1.72021,  -596.195E-03,  -476.390E-03
F:/Desktop/DeepOnet_Abaqus/StaticElasticJob3.odb,Step-1,Increment      1: Step Time =    1.000,"PLATE-1",          2726,             1,   26.4309E-03,  -318.455E-03,            0.,"ASSEMBLY_PLATE-1__PICKEDSET2","ROCK","",  -520.490E-03,      -1.71552,      -1.71203,  -523.981E-03,  -64.4948E-03
F:/Desktop/DeepOnet_Abaqus/StaticElasticJob3.odb,Step-1,Increment      1: Step Time =    1.000,"PLATE-1",          2727,             1,   68.5247E-03,  -322.854E-03,            0.,"ASSEMBLY_PLATE-1__PICKEDSET2","ROCK","",  -572.887E-03,      -1.68825,      -1.65679,  -604.347E-03,  -184.662E-03
F:/Desktop/DeepOnet_Abaqus/StaticElasticJob3.odb,Step-1,Increment      1: Step Time =    1.000,"PLATE-1",          2728,             1,   95.7750E-03,  -321.953E-03,            0.,"ASSEMBLY_PLATE-1__PICKEDSET2","ROCK","",  -602.262E-03,      -1.66943,      -1.61259,  -659.104E-03,  -239.644E-03
F:/Desktop/DeepOnet_Abaqus/StaticElasticJob3.odb,Step-1,Increment      1: Step Time =    1.000,"PLATE-1",          2729,             1,  -260.328E-03,   68.5736E-03,            0.,"ASSEMBLY_PLATE-1__PICKEDSET2","ROCK","",  -424.986E-03,      -1.42923,  -560.860E-03,      -1.29336,  -343.494E-03
F:/Desktop/DeepOnet_Abaqus/StaticElasticJob3.odb,Step-1,Increment      1: Step Time =    1.000,"PLATE-1",          2730,             1,  -262.723E-03,   138.325E-03,            0.,"ASSEMBLY_PLATE-1__PICKEDSET2","ROCK","",  -539.280E-03,      -1.46327,  -887.048E-03,      -1.11550,  -447.650E-03
F:/Desktop/DeepOnet_Abaqus/StaticElasticJob3.odb,Step-1,Increment      1: Step Time =    1.000,"PLATE-1",          2731,             1,  -243.652E-03,   28.5201E-03,            0.,"ASSEMBLY_PLATE-1__PICKEDSET2","ROCK","",  -309.362E-03,      -1.43682,  -374.302E-03,      -1.37188,  -262.680E-03
F:/Desktop/DeepOnet_Abaqus/StaticElasticJob3.odb,Step-1,Increment      1: Step Time =    1.000,"PLATE-1",          2732,             1,  -227.827E-03,   9.77506E-03,            0.,"ASSEMBLY_PLATE-1__PICKEDSET2","ROCK","",  -220.501E-03,      -1.42812,  -253.857E-03,      -1.39476,  -197.911E-03
F:/Desktop/DeepOnet_Abaqus/StaticElasticJob3.odb,Step-1,Increment      1: Step Time =    1.000,"PLATE-1",          2733,             1,  -259.110E-03,  -25.2264E-03,            0.,"ASSEMBLY_PLATE-1__PICKEDSET2","ROCK","",  -366.069E-03,      -1.45214,  -366.074E-03,      -1.45214,   2.25805E-03
F:/Desktop/DeepOnet_Abaqus/StaticElasticJob3.odb,Step-1,Increment      1: Step Time =    1.000,"PLATE-1",          2734,             1,  -287.642E-03,  -47.0813E-03,            0.,"ASSEMBLY_PLATE-1__PICKEDSET2","ROCK","",  -468.597E-03,      -1.47427,  -490.044E-03,      -1.45283,   145.290E-03
F:/Desktop/DeepOnet_Abaqus/StaticElasticJob3.odb,Step-1,Increment      1: Step Time =    1.000,"PLATE-1",          2735,             1,      -1.29004,       1.14157,            0.,"ASSEMBLY_PLATE-1__PICKEDSET2","ROCK","",      -1.00067,      -1.23164,      -1.23032,      -1.00200,  -17.4714E-03
F:/Desktop/DeepOnet_Abaqus/StaticElasticJob3.odb,Step-1,Increment      1: Step Time =    1.000,"PLATE-1",          2736,             1,      -1.32217,  -221.807E-03,            0.,"ASSEMBLY_PLATE-1__PICKEDSET2","ROCK","",      -1.02511,      -1.20209,      -1.20098,      -1.02623,   14.0108E-03
F:/Desktop/DeepOnet_Abaqus/StaticElasticJob3.odb,Step-1,Increment      1: Step Time =    1.000,"PLATE-1",          2737,             1,   269.559E-03,  -229.366E-03,            0.,"ASSEMBLY_PLATE-1__PICKEDSET2","ROCK","",  -827.137E-03,      -1.50835,      -1.27143,      -1.06405,  -324.440E-03
F:/Desktop/DeepOnet_Abaqus/StaticElasticJob3.odb,Step-1,Increment      1: Step Time =    1.000,"PLATE-1",          2738,             1,   276.870E-03,  -319.312E-03,            0.,"ASSEMBLY_PLATE-1__PICKEDSET2","ROCK","",  -879.921E-03,      -1.41892,      -1.31017,  -988.673E-03,  -216.311E-03
F:/Desktop/DeepOnet_Abaqus/StaticElasticJob3.odb,Step-1,Increment      1: Step Time =    1.000,"PLATE-1",          2739,             1,   305.425E-03,  -214.112E-03,            0.,"ASSEMBLY_PLATE-1__PICKEDSET2","ROCK","",  -828.299E-03,      -1.44673,      -1.19756,      -1.07747,  -303.332E-03
F:/Desktop/DeepOnet_Abaqus/StaticElasticJob3.odb,Step-1,Increment      1: Step Time =    1.000,"PLATE-1",          2740,             1,  -288.777E-03,  -138.339E-03,            0.,"ASSEMBLY_PLATE-1__PICKEDSET2","ROCK","",  -637.934E-03,      -1.57818,  -925.220E-03,      -1.29089,   433.112E-03
F:/Desktop/DeepOnet_Abaqus/StaticElasticJob3.odb,Step-1,Increment      1: Step Time =    1.000,"PLATE-1",          2741,             1,  -333.072E-03,  -219.444E-03,            0.,"ASSEMBLY_PLATE-1__PICKEDSET2","ROCK","",  -869.762E-03,      -1.41613,      -1.18378,      -1.10212,   270.118E-03
F:/Desktop/DeepOnet_Abaqus/StaticElasticJob3.odb,Step-1,Increment      1: Step Time =    1.000,"PLATE-1",          2742,             1,  -893.309E-03,       1.23257,            0.,"ASSEMBLY_PLATE-1__PICKEDSET2","ROCK","",  -994.005E-03,      -1.24109,      -1.23972,  -995.378E-03,  -18.3667E-03
F:/Desktop/DeepOnet_Abaqus/StaticElasticJob3.odb,Step-1,Increment      1: Step Time =    1.000,"PLATE-1",          2743,             1,      -1.13169,       1.30772,            0.,"ASSEMBLY_PLATE-1__PICKEDSET2","ROCK","",  -997.237E-03,      -1.23662,      -1.23555,  -998.311E-03,  -15.9962E-03
F:/Desktop/DeepOnet_Abaqus/StaticElasticJob3.odb,Step-1,Increment      1: Step Time =    1.000,"PLATE-1",          2744,             1,   180.951E-03,   359.704E-03,            0.,"ASSEMBLY_PLATE-1__PICKEDSET2","ROCK","",  -919.416E-03,      -1.55470,      -1.49626,  -977.864E-03,   183.616E-03
F:/Desktop/DeepOnet_Abaqus/StaticElasticJob3.odb,Step-1,Increment      1: Step Time =    1.000,"PLATE-1",          2745,             1,  -182.116E-03,       1.30455,            0.,"ASSEMBLY_PLATE-1__PICKEDSET2","ROCK","",  -982.807E-03,      -1.25615,      -1.25545,  -983.505E-03,  -13.7898E-03
F:/Desktop/DeepOnet_Abaqus/StaticElasticJob3.odb,Step-1,Increment      1: Step Time =    1.000,"PLATE-1",          2746,             1,   440.042E-03,   159.096E-03,            0.,"ASSEMBLY_PLATE-1__PICKEDSET2","ROCK","",  -813.619E-03,      -1.25486,      -1.09006,  -978.420E-03,   213.444E-03
F:/Desktop/DeepOnet_Abaqus/StaticElasticJob3.odb,Step-1,Increment      1: Step Time =    1.000,"PLATE-1",          2747,             1,      -1.33857,      -1.14787,            0.,"ASSEMBLY_PLATE-1__PICKEDSET2","ROCK","",      -1.00160,      -1.23467,      -1.23356,      -1.00271,   16.1022E-03
F:/Desktop/DeepOnet_Abaqus/StaticElasticJob3.odb,Step-1,Increment      1: Step Time =    1.000,"PLATE-1",          2748,             1,   408.536E-03,   818.225E-03,            0.,"ASSEMBLY_PLATE-1__PICKEDSET2","ROCK","",  -818.946E-03,      -1.35662,      -1.35612,  -819.445E-03,   16.3855E-03
F:/Desktop/DeepOnet_Abaqus/StaticElasticJob3.odb,Step-1,Increment      1: Step Time =    1.000,"PLATE-1",          2749,             1,   55.7377E-03,   516.859E-03,            0.,"ASSEMBLY_PLATE-1__PICKEDSET2","ROCK","",  -989.882E-03,      -1.36799,      -1.36373,  -994.137E-03,   39.8865E-03
F:/Desktop/DeepOnet_Abaqus/StaticElasticJob3.odb,Step-1,Increment      1: Step Time =    1.000,"PLATE-1",          2750,             1,   136.174E-03,   396.060E-03,            0.,"ASSEMBLY_PLATE-1__PICKEDSET2","ROCK","",  -941.668E-03,      -1.52766,      -1.49242,  -976.913E-03,   139.324E-03
F:/Desktop/DeepOnet_Abaqus/StaticElasticJob3.odb,Step-1,Increment      1: Step Time =    1.000,"PLATE-1",          2751,             1,   56.0095E-03,   464.451E-03,            0.,"ASSEMBLY_PLATE-1__PICKEDSET2","ROCK","",  -977.032E-03,      -1.43034,      -1.42516,  -982.212E-03,   48.1812E-03
F:/Desktop/DeepOnet_Abaqus/StaticElasticJob3.odb,Step-1,Increment      1: Step Time =    1.000,"PLATE-1",          2752,             1,   72.7878E-03,   401.130E-03,            0.,"ASSEMBLY_PLATE-1__PICKEDSET2","ROCK","",  -933.690E-03,      -1.53654,      -1.52781,  -942.419E-03,   72.0150E-03
F:/Desktop/DeepOnet_Abaqus/StaticElasticJob3.odb,Step-1,Increment      1: Step Time =    1.000,"PLATE-1",          2753,             1,   149.365E-03,   358.759E-03,            0.,"ASSEMBLY_PLATE-1__PICKEDSET2","ROCK","",  -895.158E-03,      -1.58961,      -1.55028,  -934.486E-03,   160.513E-03
F:/Desktop/DeepOnet_Abaqus/StaticElasticJob3.odb,Step-1,Increment      1: Step Time =    1.000,"PLATE-1",          2754,             1,   396.634E-03,   185.588E-03,            0.,"ASSEMBLY_PLATE-1__PICKEDSET2","ROCK","",  -740.842E-03,      -1.35407,      -1.12307,  -971.846E-03,   297.147E-03
F:/Desktop/DeepOnet_Abaqus/StaticElasticJob3.odb,Step-1,Increment      1: Step Time =    1.000,"PLATE-1",          2755,             1,       1.12474,      -1.43703,            0.,"ASSEMBLY_PLATE-1__PICKEDSET2","ROCK","",  -993.073E-03,      -1.24048,      -1.23970,  -993.858E-03,  -13.9116E-03
F:/Desktop/DeepOnet_Abaqus/StaticElasticJob3.odb,Step-1,Increment      1: Step Time =    1.000,"PLATE-1",          2756,             1,   165.266E-03,   331.034E-03,            0.,"ASSEMBLY_PLATE-1__PICKEDSET2","ROCK","",  -863.036E-03,      -1.60349,      -1.52607,  -940.455E-03,   226.566E-03
F:/Desktop/DeepOnet_Abaqus/StaticElasticJob3.odb,Step-1,Increment      1: Step Time =    1.000,"PLATE-1",          2757,             1,   257.319E-03,   102.524E-03,            0.,"ASSEMBLY_PLATE-1__PICKEDSET2","ROCK","",  -442.162E-03,      -1.51280,  -749.825E-03,      -1.20513,   484.498E-03
F:/Desktop/DeepOnet_Abaqus/StaticElasticJob3.odb,Step-1,Increment      1: Step Time =    1.000,"PLATE-1",          2758,             1,  -18.7505E-03,   263.830E-03,            0.,"ASSEMBLY_PLATE-1__PICKEDSET2","ROCK","",  -693.628E-03,      -2.06378,      -2.06011,  -697.297E-03,  -70.8071E-03
F:/Desktop/DeepOnet_Abaqus/StaticElasticJob3.odb,Step-1,Increment      1: Step Time =    1.000,"PLATE-1",          2759,             1,  -85.4830E-03,   221.337E-03,            0.,"ASSEMBLY_PLATE-1__PICKEDSET2","ROCK","",  -460.661E-03,      -2.12883,      -1.93195,  -657.540E-03,  -538.207E-03
F:/Desktop/DeepOnet_Abaqus/StaticElasticJob3.odb,Step-1,Increment      1: Step Time =    1.000,"PLATE-1",          2760,             1,  -294.932E-03,  -110.759E-03,            0.,"ASSEMBLY_PLATE-1__PICKEDSET2","ROCK","",  -630.159E-03,      -1.50420,  -805.137E-03,      -1.32922,   349.744E-03
F:/Desktop/DeepOnet_Abaqus/StaticElasticJob3.odb,Step-1,Increment      1: Step Time =    1.000,"PLATE-1",          2761,             1,   135.189E-03,  -289.771E-03,            0.,"ASSEMBLY_PLATE-1__PICKEDSET2","ROCK","",  -609.696E-03,      -1.71752,      -1.56821,  -758.999E-03,  -378.298E-03
F:/Desktop/DeepOnet_Abaqus/StaticElasticJob3.odb,Step-1,Increment      1: Step Time =    1.000,"PLATE-1",          2762,             1,  -298.273E-03,  -5.55151E-03,            0.,"ASSEMBLY_PLATE-1__PICKEDSET2","ROCK","",  -530.092E-03,      -1.39496,  -531.484E-03,      -1.39357,  -34.6700E-03
F:/Desktop/DeepOnet_Abaqus/StaticElasticJob3.odb,Step-1,Increment      1: Step Time =    1.000,"PLATE-1",          2763,             1,  -282.688E-03,  -24.3522E-03,            0.,"ASSEMBLY_PLATE-1__PICKEDSET2","ROCK","",  -429.905E-03,      -1.44648,  -429.930E-03,      -1.44645,   5.03934E-03
F:/Desktop/DeepOnet_Abaqus/StaticElasticJob3.odb,Step-1,Increment      1: Step Time =    1.000,"PLATE-1",          2764,             1,   155.886E-03,  -262.328E-03,            0.,"ASSEMBLY_PLATE-1__PICKEDSET2","ROCK","",  -635.953E-03,      -1.75920,      -1.50557,  -889.589E-03,  -469.644E-03
F:/Desktop/DeepOnet_Abaqus/StaticElasticJob3.odb,Step-1,Increment      1: Step Time =    1.000,"PLATE-1",          2765,             1,   186.556E-03,  -300.556E-03,            0.,"ASSEMBLY_PLATE-1__PICKEDSET2","ROCK","",  -769.303E-03,      -1.57892,      -1.42036,  -927.865E-03,  -321.297E-03
F:/Desktop/DeepOnet_Abaqus/StaticElasticJob3.odb,Step-1,Increment      1: Step Time =    1.000,"PLATE-1",          2766,             1,  -94.4962E-03,   234.807E-03,            0.,"ASSEMBLY_PLATE-1__PICKEDSET2","ROCK","",  -531.233E-03,      -1.97951,      -1.81263,  -698.114E-03,  -462.430E-03
F:/Desktop/DeepOnet_Abaqus/StaticElasticJob3.odb,Step-1,Increment      1: Step Time =    1.000,"PLATE-1",          2767,             1,  -18.6488E-03,  -266.925E-03,            0.,"ASSEMBLY_PLATE-1__PICKEDSET2","ROCK","",  -333.824E-03,      -1.85257,      -1.84768,  -338.718E-03,   86.0773E-03
F:/Desktop/DeepOnet_Abaqus/StaticElasticJob3.odb,Step-1,Increment      1: Step Time =    1.000,"PLATE-1",          2768,             1,   277.866E-03,  -186.761E-03,            0.,"ASSEMBLY_PLATE-1__PICKEDSET2","ROCK","",  -782.150E-03,      -1.49257,      -1.15474,      -1.11998,  -354.785E-03
F:/Desktop/DeepOnet_Abaqus/StaticElasticJob3.odb,Step-1,Increment      1: Step Time =    1.000,"PLATE-1",          2769,             1,   275.021E-03,  -170.784E-03,            0.,"ASSEMBLY_PLATE-1__PICKEDSET2","ROCK","",  -737.343E-03,      -1.52161,      -1.08686,      -1.17210,  -389.811E-03
F:/Desktop/DeepOnet_Abaqus/StaticElasticJob3.odb,Step-1,Increment      1: Step Time =    1.000,"PLATE-1",          2770,             1,  -21.9352E-03,   252.384E-03,            0.,"ASSEMBLY_PLATE-1__PICKEDSET2","ROCK","",  -636.350E-03,      -2.18688,      -2.18167,  -641.555E-03,  -89.6807E-03
F:/Desktop/DeepOnet_Abaqus/StaticElasticJob3.odb,Step-1,Increment      1: Step Time =    1.000,"PLATE-1",          2771,             1,  -36.8297E-03,   259.142E-03,            0.,"ASSEMBLY_PLATE-1__PICKEDSET2","ROCK","",  -659.707E-03,      -2.07542,      -2.05925,  -675.875E-03,  -150.428E-03
F:/Desktop/DeepOnet_Abaqus/StaticElasticJob3.odb,Step-1,Increment      1: Step Time =    1.000,"PLATE-1",          2772,             1,  -54.7406E-03,   268.820E-03,            0.,"ASSEMBLY_PLATE-1__PICKEDSET2","ROCK","",  -700.831E-03,      -1.95270,      -1.92878,  -724.749E-03,  -171.377E-03
F:/Desktop/DeepOnet_Abaqus/StaticElasticJob3.odb,Step-1,Increment      1: Step Time =    1.000,"PLATE-1",          2773,             1,  -57.3044E-03,   245.275E-03,            0.,"ASSEMBLY_PLATE-1__PICKEDSET2","ROCK","",  -595.717E-03,      -2.10362,      -2.04952,  -649.816E-03,  -280.443E-03
F:/Desktop/DeepOnet_Abaqus/StaticElasticJob3.odb,Step-1,Increment      1: Step Time =    1.000,"PLATE-1",          2774,             1,   347.660E-03,  -152.260E-03,            0.,"ASSEMBLY_PLATE-1__PICKEDSET2","ROCK","",  -814.378E-03,      -1.34926,      -1.01023,      -1.15340,  -257.683E-03
F:/Desktop/DeepOnet_Abaqus/StaticElasticJob3.odb,Step-1,Increment      1: Step Time =    1.000,"PLATE-1",          2775,             1,  -109.561E-03,   254.199E-03,            0.,"ASSEMBLY_PLATE-1__PICKEDSET2","ROCK","",  -627.892E-03,      -1.83703,      -1.72366,  -741.256E-03,  -352.449E-03
F:/Desktop/DeepOnet_Abaqus/StaticElasticJob3.odb,Step-1,Increment      1: Step Time =    1.000,"PLATE-1",          2776,             1,  -298.303E-03,   48.2379E-03,            0.,"ASSEMBLY_PLATE-1__PICKEDSET2","ROCK","",  -547.332E-03,      -1.37549,  -605.394E-03,      -1.31743,  -211.454E-03
F:/Desktop/DeepOnet_Abaqus/StaticElasticJob3.odb,Step-1,Increment      1: Step Time =    1.000,"PLATE-1",          2777,             1,  -339.903E-03,   31.9100E-03,            0.,"ASSEMBLY_PLATE-1__PICKEDSET2","ROCK","",  -673.506E-03,      -1.32770,  -692.711E-03,      -1.30849,  -110.432E-03
F:/Desktop/DeepOnet_Abaqus/StaticElasticJob3.odb,Step-1,Increment      1: Step Time =    1.000,"PLATE-1",          2778,             1,  -258.131E-03,  -48.6836E-03,            0.,"ASSEMBLY_PLATE-1__PICKEDSET2","ROCK","",  -374.640E-03,      -1.49690,  -388.300E-03,      -1.48324,   123.059E-03
F:/Desktop/DeepOnet_Abaqus/StaticElasticJob3.odb,Step-1,Increment      1: Step Time =    1.000,"PLATE-1",          2779,             1,      -1.24008,      -1.17071,            0.,"ASSEMBLY_PLATE-1__PICKEDSET2","ROCK","",      -1.00063,      -1.23612,      -1.23496,      -1.00180,   16.5486E-03
F:/Desktop/DeepOnet_Abaqus/StaticElasticJob3.odb,Step-1,Increment      1: Step Time =    1.000,"PLATE-1",          2780,             1,  -293.927E-03,  -156.936E-03,            0.,"ASSEMBLY_PLATE-1__PICKEDSET2","ROCK","",  -750.646E-03,      -1.50274,      -1.02902,      -1.22437,   363.143E-03
F:/Desktop/DeepOnet_Abaqus/StaticElasticJob3.odb,Step-1,Increment      1: Step Time =    1.000,"PLATE-1",          2781,             1,   65.8652E-03,  -260.270E-03,            0.,"ASSEMBLY_PLATE-1__PICKEDSET2","ROCK","",  -341.499E-03,      -1.87676,      -1.82048,  -397.779E-03,  -288.510E-03
F:/Desktop/DeepOnet_Abaqus/StaticElasticJob3.odb,Step-1,Increment      1: Step Time =    1.000,"PLATE-1",          2782,             1,   36.0528E-03,  -269.979E-03,            0.,"ASSEMBLY_PLATE-1__PICKEDSET2","ROCK","",  -354.842E-03,      -1.83633,      -1.82222,  -368.957E-03,  -143.918E-03
F:/Desktop/DeepOnet_Abaqus/StaticElasticJob3.odb,Step-1,Increment      1: Step Time =    1.000,"PLATE-1",          2783,             1,   74.5333E-03,   287.164E-03,            0.,"ASSEMBLY_PLATE-1__PICKEDSET2","ROCK","",  -774.692E-03,      -1.82711,      -1.78402,  -817.788E-03,   208.563E-03
F:/Desktop/DeepOnet_Abaqus/StaticElasticJob3.odb,Step-1,Increment      1: Step Time =    1.000,"PLATE-1",          2784,             1,   118.305E-03,   260.891E-03,            0.,"ASSEMBLY_PLATE-1__PICKEDSET2","ROCK","",  -707.026E-03,      -1.81833,      -1.69866,  -826.696E-03,   344.483E-03
F:/Desktop/DeepOnet_Abaqus/StaticElasticJob3.odb,Step-1,Increment      1: Step Time =    1.000,"PLATE-1",          2785,             1,  -367.069E-03,  -91.7494E-03,            0.,"ASSEMBLY_PLATE-1__PICKEDSET2","ROCK","",  -780.481E-03,      -1.35695,  -873.460E-03,      -1.26397,   212.024E-03
F:/Desktop/DeepOnet_Abaqus/StaticElasticJob3.odb,Step-1,Increment      1: Step Time =    1.000,"PLATE-1",          2786,             1,  -120.035E-03,  -246.982E-03,            0.,"ASSEMBLY_PLATE-1__PICKEDSET2","ROCK","",  -435.452E-03,      -1.93590,      -1.71028,  -661.074E-03,   536.310E-03
F:/Desktop/DeepOnet_Abaqus/StaticElasticJob3.odb,Step-1,Increment      1: Step Time =    1.000,"PLATE-1",          2787,             1,  -130.380E-03,  -262.604E-03,            0.,"ASSEMBLY_PLATE-1__PICKEDSET2","ROCK","",  -533.314E-03,      -1.83484,      -1.63847,  -729.678E-03,   465.848E-03
F:/Desktop/DeepOnet_Abaqus/StaticElasticJob3.odb,Step-1,Increment      1: Step Time =    1.000,"PLATE-1",          2788,             1,  -84.6967E-03,  -319.333E-03,            0.,"ASSEMBLY_PLATE-1__PICKEDSET2","ROCK","",  -588.953E-03,      -1.69960,      -1.64088,  -647.674E-03,   248.536E-03
F:/Desktop/DeepOnet_Abaqus/StaticElasticJob3.odb,Step-1,Increment      1: Step Time =    1.000,"PLATE-1",          2789,             1,  -57.6044E-03,  -239.008E-03,            0.,"ASSEMBLY_PLATE-1__PICKEDSET2","ROCK","",  -264.298E-03,      -1.93810,      -1.88711,  -315.286E-03,   287.653E-03
F:/Desktop/DeepOnet_Abaqus/StaticElasticJob3.odb,Step-1,Increment      1: Step Time =    1.000,"PLATE-1",          2790,             1,  -58.4151E-03,  -232.444E-03,            0.,"ASSEMBLY_PLATE-1__PICKEDSET2","ROCK","",  -198.230E-03,      -1.97217,      -1.92159,  -248.810E-03,   295.241E-03
F:/Desktop/DeepOnet_Abaqus/StaticElasticJob3.odb,Step-1,Increment      1: Step Time =    1.000,"PLATE-1",          2791,             1,  -52.5802E-03,  -236.056E-03,            0.,"ASSEMBLY_PLATE-1__PICKEDSET2","ROCK","",  -221.441E-03,      -1.94862,      -1.91152,  -258.538E-03,   250.393E-03
F:/Desktop/DeepOnet_Abaqus/StaticElasticJob3.odb,Step-1,Increment      1: Step Time =    1.000,"PLATE-1",          2792,             1,  -55.2317E-03,  -260.658E-03,            0.,"ASSEMBLY_PLATE-1__PICKEDSET2","ROCK","",  -336.082E-03,      -1.87749,      -1.83651,  -377.062E-03,   247.968E-03
F:/Desktop/DeepOnet_Abaqus/StaticElasticJob3.odb,Step-1,Increment      1: Step Time =    1.000,"PLATE-1",          2793,             1,  -50.0013E-03,  -245.958E-03,            0.,"ASSEMBLY_PLATE-1__PICKEDSET2","ROCK","",  -265.201E-03,      -1.92096,      -1.88849,  -297.670E-03,   229.580E-03
F:/Desktop/DeepOnet_Abaqus/StaticElasticJob3.odb,Step-1,Increment      1: Step Time =    1.000,"PLATE-1",          2794,             1,   193.389E-03,   177.791E-03,            0.,"ASSEMBLY_PLATE-1__PICKEDSET2","ROCK","",  -445.978E-03,      -1.71869,      -1.16094,      -1.00373,   631.484E-03
F:/Desktop/DeepOnet_Abaqus/StaticElasticJob3.odb,Step-1,Increment      1: Step Time =    1.000,"PLATE-1",          2795,             1,   203.455E-03,   220.112E-03,            0.,"ASSEMBLY_PLATE-1__PICKEDSET2","ROCK","",  -582.922E-03,      -1.67986,      -1.32005,  -942.732E-03,   515.002E-03
F:/Desktop/DeepOnet_Abaqus/StaticElasticJob3.odb,Step-1,Increment      1: Step Time =    1.000,"PLATE-1",          2796,             1,   80.0178E-03,   319.655E-03,            0.,"ASSEMBLY_PLATE-1__PICKEDSET2","ROCK","",  -847.626E-03,      -1.70358,      -1.67777,  -873.443E-03,   146.395E-03
F:/Desktop/DeepOnet_Abaqus/StaticElasticJob3.odb,Step-1,Increment      1: Step Time =    1.000,"PLATE-1",          2797,             1,   139.998E-03,   286.777E-03,            0.,"ASSEMBLY_PLATE-1__PICKEDSET2","ROCK","",  -771.537E-03,      -1.70558,      -1.59928,  -877.840E-03,   296.634E-03
F:/Desktop/DeepOnet_Abaqus/StaticElasticJob3.odb,Step-1,Increment      1: Step Time =    1.000,"PLATE-1",          2798,             1,   121.452E-03,   342.391E-03,            0.,"ASSEMBLY_PLATE-1__PICKEDSET2","ROCK","",  -885.748E-03,      -1.61150,      -1.57434,  -922.908E-03,   159.963E-03
F:/Desktop/DeepOnet_Abaqus/StaticElasticJob3.odb,Step-1,Increment      1: Step Time =    1.000,"PLATE-1",          2799,             1,   244.024E-03,   132.153E-03,            0.,"ASSEMBLY_PLATE-1__PICKEDSET2","ROCK","",  -461.941E-03,      -1.56462,  -893.447E-03,      -1.13311,   538.159E-03
F:/Desktop/DeepOnet_Abaqus/StaticElasticJob3.odb,Step-1,Increment      1: Step Time =    1.000,"PLATE-1",          2800,             1,  -173.172E-03,  -261.720E-03,            0.,"ASSEMBLY_PLATE-1__PICKEDSET2","ROCK","",  -716.678E-03,      -1.72341,      -1.46494,  -975.153E-03,   439.779E-03
F:/Desktop/DeepOnet_Abaqus/StaticElasticJob3.odb,Step-1,Increment      1: Step Time =    1.000,"PLATE-1",          2801,             1,  -166.132E-03,  -295.659E-03,            0.,"ASSEMBLY_PLATE-1__PICKEDSET2","ROCK","",  -725.417E-03,      -1.65286,      -1.47074,  -907.537E-03,   368.427E-03
F:/Desktop/DeepOnet_Abaqus/StaticElasticJob3.odb,Step-1,Increment      1: Step Time =    1.000,"PLATE-1",          2802,             1,   266.845E-03,   184.084E-03,            0.,"ASSEMBLY_PLATE-1__PICKEDSET2","ROCK","",  -565.786E-03,      -1.56342,      -1.09919,      -1.03002,   497.616E-03
F:/Desktop/DeepOnet_Abaqus/StaticElasticJob3.odb,Step-1,Increment      1: Step Time =    1.000,"PLATE-1",          2803,             1,  -237.825E-03,  -251.723E-03,            0.,"ASSEMBLY_PLATE-1__PICKEDSET2","ROCK","",  -852.496E-03,      -1.56319,      -1.32321,      -1.09248,   336.101E-03
F:/Desktop/DeepOnet_Abaqus/StaticElasticJob3.odb,Step-1,Increment      1: Step Time =    1.000,"PLATE-1",          2804,             1,  -275.741E-03,  -274.899E-03,            0.,"ASSEMBLY_PLATE-1__PICKEDSET2","ROCK","",  -880.411E-03,      -1.48340,      -1.30442,      -1.05939,   275.479E-03
F:/Desktop/DeepOnet_Abaqus/StaticElasticJob3.odb,Step-1,Increment      1: Step Time =    1.000,"PLATE-1",          2805,             1,   295.271E-03,  -60.0527E-03,            0.,"ASSEMBLY_PLATE-1__PICKEDSET2","ROCK","",  -570.434E-03,      -1.40207,  -596.673E-03,      -1.37583,  -145.373E-03
F:/Desktop/DeepOnet_Abaqus/StaticElasticJob3.odb,Step-1,Increment      1: Step Time =    1.000,"PLATE-1",          2806,             1,   121.877E-03,  -272.996E-03,            0.,"ASSEMBLY_PLATE-1__PICKEDSET2","ROCK","",  -523.357E-03,      -1.77425,      -1.62855,  -669.066E-03,  -401.294E-03
F:/Desktop/DeepOnet_Abaqus/StaticElasticJob3.odb,Step-1,Increment      1: Step Time =    1.000,"PLATE-1",          2807,             1,   129.874E-03,  -318.387E-03,            0.,"ASSEMBLY_PLATE-1__PICKEDSET2","ROCK","",  -668.207E-03,      -1.63767,      -1.54022,  -765.662E-03,  -291.516E-03
F:/Desktop/DeepOnet_Abaqus/StaticElasticJob3.odb,Step-1,Increment      1: Step Time =    1.000,"PLATE-1",          2808,             1,   297.152E-03,  -373.019E-03,            0.,"ASSEMBLY_PLATE-1__PICKEDSET2","ROCK","",  -898.896E-03,      -1.37829,      -1.30928,  -967.904E-03,  -168.285E-03
F:/Desktop/DeepOnet_Abaqus/StaticElasticJob3.odb,Step-1,Increment      1: Step Time =    1.000,"PLATE-1",          2809,             1,   325.436E-03,  -308.693E-03,            0.,"ASSEMBLY_PLATE-1__PICKEDSET2","ROCK","",  -899.868E-03,      -1.37103,      -1.26734,      -1.00356,  -195.201E-03
F:/Desktop/DeepOnet_Abaqus/StaticElasticJob3.odb,Step-1,Increment      1: Step Time =    1.000,"PLATE-1",          2810,             1,   280.701E-03,  -103.804E-03,            0.,"ASSEMBLY_PLATE-1__PICKEDSET2","ROCK","",  -568.790E-03,      -1.48070,  -697.999E-03,      -1.35149,  -318.011E-03
F:/Desktop/DeepOnet_Abaqus/StaticElasticJob3.odb,Step-1,Increment      1: Step Time =    1.000,"PLATE-1",          2811,             1,   295.871E-03,  -188.373E-03,            0.,"ASSEMBLY_PLATE-1__PICKEDSET2","ROCK","",  -795.273E-03,      -1.47256,      -1.14738,      -1.12044,  -338.373E-03
F:/Desktop/DeepOnet_Abaqus/StaticElasticJob3.odb,Step-1,Increment      1: Step Time =    1.000,"PLATE-1",          2812,             1,   401.099E-03,  -337.951E-03,            0.,"ASSEMBLY_PLATE-1__PICKEDSET2","ROCK","",  -926.914E-03,      -1.31270,      -1.24035,  -999.259E-03,  -150.584E-03
F:/Desktop/DeepOnet_Abaqus/StaticElasticJob3.odb,Step-1,Increment      1: Step Time =    1.000,"PLATE-1",          2813,             1,   71.8743E-03,   348.889E-03,            0.,"ASSEMBLY_PLATE-1__PICKEDSET2","ROCK","",  -887.822E-03,      -1.63545,      -1.61976,  -903.512E-03,   107.162E-03
F:/Desktop/DeepOnet_Abaqus/StaticElasticJob3.odb,Step-1,Increment      1: Step Time =    1.000,"PLATE-1",          2814,             1,   16.6284E-03,   384.203E-03,            0.,"ASSEMBLY_PLATE-1__PICKEDSET2","ROCK","",  -919.992E-03,      -1.57052,      -1.56864,  -921.866E-03,   34.8633E-03
F:/Desktop/DeepOnet_Abaqus/StaticElasticJob3.odb,Step-1,Increment      1: Step Time =    1.000,"PLATE-1",          2815,             1,  -273.706E-03,   164.512E-03,            0.,"ASSEMBLY_PLATE-1__PICKEDSET2","ROCK","",  -597.621E-03,      -1.45862,  -994.189E-03,      -1.06206,  -429.162E-03
F:/Desktop/DeepOnet_Abaqus/StaticElasticJob3.odb,Step-1,Increment      1: Step Time =    1.000,"PLATE-1",          2816,             1,  -300.931E-03,   132.038E-03,            0.,"ASSEMBLY_PLATE-1__PICKEDSET2","ROCK","",  -625.796E-03,      -1.39531,  -873.376E-03,      -1.14773,  -359.471E-03
F:/Desktop/DeepOnet_Abaqus/StaticElasticJob3.odb,Step-1,Increment      1: Step Time =    1.000,"PLATE-1",          2817,             1,  -224.859E-03,   213.602E-03,            0.,"ASSEMBLY_PLATE-1__PICKEDSET2","ROCK","",  -619.633E-03,      -1.53571,      -1.23221,  -923.127E-03,  -431.177E-03
F:/Desktop/DeepOnet_Abaqus/StaticElasticJob3.odb,Step-1,Increment      1: Step Time =    1.000,"PLATE-1",          2818,             1,  -254.925E-03,   185.757E-03,            0.,"ASSEMBLY_PLATE-1__PICKEDSET2","ROCK","",  -612.101E-03,      -1.48448,      -1.08312,      -1.01346,  -434.799E-03
F:/Desktop/DeepOnet_Abaqus/StaticElasticJob3.odb,Step-1,Increment      1: Step Time =    1.000,"PLATE-1",          2819,             1,   283.621E-03,  -36.2857E-03,            0.,"ASSEMBLY_PLATE-1__PICKEDSET2","ROCK","",  -495.170E-03,      -1.40599,  -497.552E-03,      -1.40360,  -46.5187E-03
F:/Desktop/DeepOnet_Abaqus/StaticElasticJob3.odb,Step-1,Increment      1: Step Time =    1.000,"PLATE-1",          2820,             1,   345.988E-03,  -29.5359E-03,            0.,"ASSEMBLY_PLATE-1__PICKEDSET2","ROCK","",  -713.280E-03,      -1.28961,  -713.672E-03,      -1.28922,  -15.0227E-03
F:/Desktop/DeepOnet_Abaqus/StaticElasticJob3.odb,Step-1,Increment      1: Step Time =    1.000,"PLATE-1",          2821,             1,   341.364E-03,   22.5888E-03,            0.,"ASSEMBLY_PLATE-1__PICKEDSET2","ROCK","",  -692.678E-03,      -1.29282,  -720.054E-03,      -1.26544,   125.220E-03
F:/Desktop/DeepOnet_Abaqus/StaticElasticJob3.odb,Step-1,Increment      1: Step Time =    1.000,"PLATE-1",          2822,             1,   310.335E-03,   7.86344E-03,            0.,"ASSEMBLY_PLATE-1__PICKEDSET2","ROCK","",  -582.492E-03,      -1.35216,  -599.056E-03,      -1.33560,   111.689E-03
F:/Desktop/DeepOnet_Abaqus/StaticElasticJob3.odb,Step-1,Increment      1: Step Time =    1.000,"PLATE-1",          2823,             1,   366.491E-03,   826.108E-06,            0.,"ASSEMBLY_PLATE-1__PICKEDSET2","ROCK","",  -757.677E-03,      -1.26043,  -766.007E-03,      -1.25210,   64.1756E-03
F:/Desktop/DeepOnet_Abaqus/StaticElasticJob3.odb,Step-1,Increment      1: Step Time =    1.000,"PLATE-1",          2824,             1,   316.897E-03,   66.5923E-03,            0.,"ASSEMBLY_PLATE-1__PICKEDSET2","ROCK","",  -598.316E-03,      -1.36448,  -723.945E-03,      -1.23885,   283.671E-03
F:/Desktop/DeepOnet_Abaqus/StaticElasticJob3.odb,Step-1,Increment      1: Step Time =    1.000,"PLATE-1",          2825,             1,   168.224E-03,   278.314E-03,            0.,"ASSEMBLY_PLATE-1__PICKEDSET2","ROCK","",  -744.493E-03,      -1.67557,      -1.52318,  -896.892E-03,   344.486E-03
F:/Desktop/DeepOnet_Abaqus/StaticElasticJob3.odb,Step-1,Increment      1: Step Time =    1.000,"PLATE-1",          2826,             1,   221.767E-03,   236.732E-03,            0.,"ASSEMBLY_PLATE-1__PICKEDSET2","ROCK","",  -658.288E-03,      -1.62567,      -1.32905,  -954.914E-03,   446.054E-03
F:/Desktop/DeepOnet_Abaqus/StaticElasticJob3.odb,Step-1,Increment      1: Step Time =    1.000,"PLATE-1",          2827,             1,   248.548E-03,   253.204E-03,            0.,"ASSEMBLY_PLATE-1__PICKEDSET2","ROCK","",  -691.552E-03,      -1.58524,      -1.31506,  -961.727E-03,   410.436E-03
F:/Desktop/DeepOnet_Abaqus/StaticElasticJob3.odb,Step-1,Increment      1: Step Time =    1.000,"PLATE-1",          2828,             1,   226.399E-03,   210.527E-03,            0.,"ASSEMBLY_PLATE-1__PICKEDSET2","ROCK","",  -571.689E-03,      -1.63776,      -1.23270,  -976.747E-03,   517.445E-03
F:/Desktop/DeepOnet_Abaqus/StaticElasticJob3.odb,Step-1,Increment      1: Step Time =    1.000,"PLATE-1",          2829,             1,  -321.738E-03,   83.3473E-03,            0.,"ASSEMBLY_PLATE-1__PICKEDSET2","ROCK","",  -642.056E-03,      -1.35058,  -748.625E-03,      -1.24401,  -253.278E-03
F:/Desktop/DeepOnet_Abaqus/StaticElasticJob3.odb,Step-1,Increment      1: Step Time =    1.000,"PLATE-1",          2830,             1,   188.785E-03,   241.662E-03,            0.,"ASSEMBLY_PLATE-1__PICKEDSET2","ROCK","",  -636.036E-03,      -1.68453,      -1.41712,  -903.443E-03,   457.021E-03
F:/Desktop/DeepOnet_Abaqus/StaticElasticJob3.odb,Step-1,Increment      1: Step Time =    1.000,"PLATE-1",          2831,             1,   172.609E-03,   254.862E-03,            0.,"ASSEMBLY_PLATE-1__PICKEDSET2","ROCK","",  -682.062E-03,      -1.69735,      -1.48227,  -897.147E-03,   414.865E-03
F:/Desktop/DeepOnet_Abaqus/StaticElasticJob3.odb,Step-1,Increment      1: Step Time =    1.000,"PLATE-1",          2832,             1,   134.341E-03,   229.023E-03,            0.,"ASSEMBLY_PLATE-1__PICKEDSET2","ROCK","",  -562.996E-03,      -1.89242,      -1.63459,  -820.822E-03,   525.628E-03
F:/Desktop/DeepOnet_Abaqus/StaticElasticJob3.odb,Step-1,Increment      1: Step Time =    1.000,"PLATE-1",          2833,             1,   121.350E-03,   240.544E-03,            0.,"ASSEMBLY_PLATE-1__PICKEDSET2","ROCK","",  -602.938E-03,      -1.90592,      -1.70776,  -801.094E-03,   467.896E-03
F:/Desktop/DeepOnet_Abaqus/StaticElasticJob3.odb,Step-1,Increment      1: Step Time =    1.000,"PLATE-1",          2834,             1,   136.708E-03,   245.668E-03,            0.,"ASSEMBLY_PLATE-1__PICKEDSET2","ROCK","",  -654.217E-03,      -1.80217,      -1.62150,  -834.883E-03,   418.038E-03
F:/Desktop/DeepOnet_Abaqus/StaticElasticJob3.odb,Step-1,Increment      1: Step Time =    1.000,"PLATE-1",          2835,             1,   355.159E-03,   73.2128E-03,            0.,"ASSEMBLY_PLATE-1__PICKEDSET2","ROCK","",  -708.408E-03,      -1.30378,  -818.094E-03,      -1.19409,   230.809E-03
F:/Desktop/DeepOnet_Abaqus/StaticElasticJob3.odb,Step-1,Increment      1: Step Time =    1.000,"PLATE-1",          2836,             1,   173.990E-03,  -278.141E-03,            0.,"ASSEMBLY_PLATE-1__PICKEDSET2","ROCK","",  -719.979E-03,      -1.63786,      -1.43344,  -924.405E-03,  -381.903E-03
F:/Desktop/DeepOnet_Abaqus/StaticElasticJob3.odb,Step-1,Increment      1: Step Time =    1.000,"PLATE-1",          2837,             1,   908.382E-03,   665.872E-03,            0.,"ASSEMBLY_PLATE-1__PICKEDSET2","ROCK","",      -1.02522,      -1.24386,      -1.23247,      -1.03661,   48.5799E-03
F:/Desktop/DeepOnet_Abaqus/StaticElasticJob3.odb,Step-1,Increment      1: Step Time =    1.000,"PLATE-1",          2838,             1,  -270.767E-03,       1.16502,            0.,"ASSEMBLY_PLATE-1__PICKEDSET2","ROCK","",  -984.748E-03,      -1.25715,      -1.25612,  -985.781E-03,  -16.7415E-03
F:/Desktop/DeepOnet_Abaqus/StaticElasticJob3.odb,Step-1,Increment      1: Step Time =    1.000,"PLATE-1",          2839,             1,   316.618E-03,  -195.789E-03,            0.,"ASSEMBLY_PLATE-1__PICKEDSET2","ROCK","",  -817.270E-03,      -1.42706,      -1.14771,      -1.09662,  -303.821E-03
F:/Desktop/DeepOnet_Abaqus/StaticElasticJob3.odb,Step-1,Increment      1: Step Time =    1.000,"PLATE-1",          2840,             1,   326.028E-03,  -174.136E-03,            0.,"ASSEMBLY_PLATE-1__PICKEDSET2","ROCK","",  -803.979E-03,      -1.41559,      -1.08701,      -1.13256,  -304.958E-03
F:/Desktop/DeepOnet_Abaqus/StaticElasticJob3.odb,Step-1,Increment      1: Step Time =    1.000,"PLATE-1",          2841,             1,  -415.930E-03,  -149.277E-03,            0.,"ASSEMBLY_PLATE-1__PICKEDSET2","ROCK","",  -902.221E-03,      -1.29217,      -1.03703,      -1.15737,   185.458E-03
F:/Desktop/DeepOnet_Abaqus/StaticElasticJob3.odb,Step-1,Increment      1: Step Time =    1.000,"PLATE-1",          2842,             1,  -464.917E-03,  -199.736E-03,            0.,"ASSEMBLY_PLATE-1__PICKEDSET2","ROCK","",  -949.318E-03,      -1.27142,      -1.11941,      -1.10134,   160.800E-03
F:/Desktop/DeepOnet_Abaqus/StaticElasticJob3.odb,Step-1,Increment      1: Step Time =    1.000,"PLATE-1",          2843,             1,  -376.614E-03,  -246.885E-03,            0.,"ASSEMBLY_PLATE-1__PICKEDSET2","ROCK","",  -919.062E-03,      -1.35018,      -1.20158,      -1.06766,   204.894E-03
F:/Desktop/DeepOnet_Abaqus/StaticElasticJob3.odb,Step-1,Increment      1: Step Time =    1.000,"PLATE-1",          2844,             1,  -307.518E-03,  -254.929E-03,            0.,"ASSEMBLY_PLATE-1__PICKEDSET2","ROCK","",  -889.957E-03,      -1.43712,      -1.25843,      -1.06865,   256.601E-03
F:/Desktop/DeepOnet_Abaqus/StaticElasticJob3.odb,Step-1,Increment      1: Step Time =    1.000,"PLATE-1",          2845,             1,  -258.199E-03,  -241.797E-03,            0.,"ASSEMBLY_PLATE-1__PICKEDSET2","ROCK","",  -867.388E-03,      -1.53026,      -1.30886,      -1.08878,   312.635E-03
F:/Desktop/DeepOnet_Abaqus/StaticElasticJob3.odb,Step-1,Increment      1: Step Time =    1.000,"PLATE-1",          2846,             1,  -265.117E-03,   277.264E-03,            0.,"ASSEMBLY_PLATE-1__PICKEDSET2","ROCK","",  -750.662E-03,      -1.46215,      -1.29972,  -913.096E-03,  -298.639E-03
F:/Desktop/DeepOnet_Abaqus/StaticElasticJob3.odb,Step-1,Increment      1: Step Time =    1.000,"PLATE-1",          2847,             1,  -208.482E-03,   258.823E-03,            0.,"ASSEMBLY_PLATE-1__PICKEDSET2","ROCK","",  -679.703E-03,      -1.55971,      -1.37339,  -866.025E-03,  -359.513E-03
F:/Desktop/DeepOnet_Abaqus/StaticElasticJob3.odb,Step-1,Increment      1: Step Time =    1.000,"PLATE-1",          2848,             1,   46.1067E-03,  -308.208E-03,            0.,"ASSEMBLY_PLATE-1__PICKEDSET2","ROCK","",  -513.879E-03,      -1.72416,      -1.70942,  -528.626E-03,  -132.777E-03
F:/Desktop/DeepOnet_Abaqus/StaticElasticJob3.odb,Step-1,Increment      1: Step Time =    1.000,"PLATE-1",          2849,             1,  -34.8443E-03,  -298.448E-03,            0.,"ASSEMBLY_PLATE-1__PICKEDSET2","ROCK","",  -472.947E-03,      -1.76549,      -1.75084,  -487.603E-03,   136.853E-03
F:/Desktop/DeepOnet_Abaqus/StaticElasticJob3.odb,Step-1,Increment      1: Step Time =    1.000,"PLATE-1",          2850,             1,  -26.0458E-03,  -329.040E-03,            0.,"ASSEMBLY_PLATE-1__PICKEDSET2","ROCK","",  -559.421E-03,      -1.69201,      -1.68487,  -566.555E-03,   89.6042E-03
F:/Desktop/DeepOnet_Abaqus/StaticElasticJob3.odb,Step-1,Increment      1: Step Time =    1.000,"PLATE-1",          2851,             1,  -50.8540E-03,  -340.471E-03,            0.,"ASSEMBLY_PLATE-1__PICKEDSET2","ROCK","",  -608.867E-03,      -1.66027,      -1.64158,  -627.558E-03,   138.932E-03
F:/Desktop/DeepOnet_Abaqus/StaticElasticJob3.odb,Step-1,Increment      1: Step Time =    1.000,"PLATE-1",          2852,             1,   4.99768E-03,  -349.019E-03,            0.,"ASSEMBLY_PLATE-1__PICKEDSET2","ROCK","",  -598.899E-03,      -1.65395,      -1.65391,  -598.942E-03,   6.78721E-03
F:/Desktop/DeepOnet_Abaqus/StaticElasticJob3.odb,Step-1,Increment      1: Step Time =    1.000,"PLATE-1",          2853,             1,   330.065E-03,  -95.2223E-03,            0.,"ASSEMBLY_PLATE-1__PICKEDSET2","ROCK","",  -724.685E-03,      -1.35150,  -812.928E-03,      -1.26326,  -218.002E-03
F:/Desktop/DeepOnet_Abaqus/StaticElasticJob3.odb,Step-1,Increment      1: Step Time =    1.000,"PLATE-1",          2854,             1,   96.6288E-03,  -296.013E-03,            0.,"ASSEMBLY_PLATE-1__PICKEDSET2","ROCK","",  -539.461E-03,      -1.73593,      -1.66127,  -614.120E-03,  -289.402E-03
F:/Desktop/DeepOnet_Abaqus/StaticElasticJob3.odb,Step-1,Increment      1: Step Time =    1.000,"PLATE-1",          2855,             1,   151.118E-03,  -310.618E-03,            0.,"ASSEMBLY_PLATE-1__PICKEDSET2","ROCK","",  -698.977E-03,      -1.60930,      -1.49111,  -817.166E-03,  -305.976E-03
F:/Desktop/DeepOnet_Abaqus/StaticElasticJob3.odb,Step-1,Increment      1: Step Time =    1.000,"PLATE-1",          2856,             1,   111.840E-03,  -310.638E-03,            0.,"ASSEMBLY_PLATE-1__PICKEDSET2","ROCK","",  -633.462E-03,      -1.65945,      -1.57694,  -715.968E-03,  -279.002E-03
F:/Desktop/DeepOnet_Abaqus/StaticElasticJob3.odb,Step-1,Increment      1: Step Time =    1.000,"PLATE-1",          2857,             1,  -67.9567E-03,  -243.511E-03,            0.,"ASSEMBLY_PLATE-1__PICKEDSET2","ROCK","",  -282.924E-03,      -1.93884,      -1.86802,  -353.745E-03,   335.051E-03
F:/Desktop/DeepOnet_Abaqus/StaticElasticJob3.odb,Step-1,Increment      1: Step Time =    1.000,"PLATE-1",          2858,             1,  -62.1792E-03,  -248.157E-03,            0.,"ASSEMBLY_PLATE-1__PICKEDSET2","ROCK","",  -304.743E-03,      -1.92012,      -1.85604,  -368.831E-03,   315.308E-03
F:/Desktop/DeepOnet_Abaqus/StaticElasticJob3.odb,Step-1,Increment      1: Step Time =    1.000,"PLATE-1",          2859,             1,   309.860E-03,  -17.1693E-03,            0.,"ASSEMBLY_PLATE-1__PICKEDSET2","ROCK","",  -605.837E-03,      -1.34980,  -606.256E-03,      -1.34938,   17.6500E-03
F:/Desktop/DeepOnet_Abaqus/StaticElasticJob3.odb,Step-1,Increment      1: Step Time =    1.000,"PLATE-1",          2860,             1,  -10.4391E-03,  -292.201E-03,            0.,"ASSEMBLY_PLATE-1__PICKEDSET2","ROCK","",  -430.506E-03,      -1.78668,      -1.78532,  -431.862E-03,   42.8650E-03
F:/Desktop/DeepOnet_Abaqus/StaticElasticJob3.odb,Step-1,Increment      1: Step Time =    1.000,"PLATE-1",          2861,             1,  -75.6719E-03,   285.076E-03,            0.,"ASSEMBLY_PLATE-1__PICKEDSET2","ROCK","",  -728.214E-03,      -1.82589,      -1.79507,  -759.028E-03,  -181.313E-03
F:/Desktop/DeepOnet_Abaqus/StaticElasticJob3.odb,Step-1,Increment      1: Step Time =    1.000,"PLATE-1",          2862,             1,  -79.2307E-03,   325.621E-03,            0.,"ASSEMBLY_PLATE-1__PICKEDSET2","ROCK","",  -823.074E-03,      -1.67491,      -1.66574,  -832.246E-03,  -87.9124E-03
F:/Desktop/DeepOnet_Abaqus/StaticElasticJob3.odb,Step-1,Increment      1: Step Time =    1.000,"PLATE-1",          2863,             1,  -9.43713E-03,   254.497E-03,            0.,"ASSEMBLY_PLATE-1__PICKEDSET2","ROCK","",  -646.447E-03,      -2.17255,      -2.17128,  -647.725E-03,  -44.1508E-03
F:/Desktop/DeepOnet_Abaqus/StaticElasticJob3.odb,Step-1,Increment      1: Step Time =    1.000,"PLATE-1",          2864,             1,   290.462E-03,   127.366E-03,            0.,"ASSEMBLY_PLATE-1__PICKEDSET2","ROCK","",  -553.973E-03,      -1.47095,  -888.171E-03,      -1.13675,   441.320E-03
F:/Desktop/DeepOnet_Abaqus/StaticElasticJob3.odb,Step-1,Increment      1: Step Time =    1.000,"PLATE-1",          2865,             1,      -1.25892,       1.01940,            0.,"ASSEMBLY_PLATE-1__PICKEDSET2","ROCK","",      -1.00151,      -1.23015,      -1.22848,      -1.00318,  -19.4480E-03
F:/Desktop/DeepOnet_Abaqus/StaticElasticJob3.odb,Step-1,Increment      1: Step Time =    1.000,"PLATE-1",          2866,             1,      -1.30861,       1.05611,            0.,"ASSEMBLY_PLATE-1__PICKEDSET2","ROCK","",      -1.00183,      -1.22994,      -1.22848,      -1.00329,  -18.1748E-03
F:/Desktop/DeepOnet_Abaqus/StaticElasticJob3.odb,Step-1,Increment      1: Step Time =    1.000,"PLATE-1",          2867,             1,  -113.276E-03,  -300.586E-03,            0.,"ASSEMBLY_PLATE-1__PICKEDSET2","ROCK","",  -581.852E-03,      -1.74551,      -1.62197,  -705.393E-03,   358.466E-03
F:/Desktop/DeepOnet_Abaqus/StaticElasticJob3.odb,Step-1,Increment      1: Step Time =    1.000,"PLATE-1",          2868,             1,  -110.966E-03,  -327.728E-03,            0.,"ASSEMBLY_PLATE-1__PICKEDSET2","ROCK","",  -658.109E-03,      -1.65046,      -1.56789,  -740.680E-03,   274.082E-03
F:/Desktop/DeepOnet_Abaqus/StaticElasticJob3.odb,Step-1,Increment      1: Step Time =    1.000,"PLATE-1",          2869,             1,       1.07589,      -1.14512,            0.,"ASSEMBLY_PLATE-1__PICKEDSET2","ROCK","",  -991.304E-03,      -1.24094,      -1.23924,  -993.006E-03,  -20.5417E-03
F:/Desktop/DeepOnet_Abaqus/StaticElasticJob3.odb,Step-1,Increment      1: Step Time =    1.000,"PLATE-1",          2870,             1,       1.11372,      -1.22928,            0.,"ASSEMBLY_PLATE-1__PICKEDSET2","ROCK","",  -992.299E-03,      -1.24027,      -1.23890,  -993.667E-03,  -18.3648E-03
F:/Desktop/DeepOnet_Abaqus/StaticElasticJob3.odb,Step-1,Increment      1: Step Time =    1.000,"PLATE-1",          2871,             1,  -424.796E-03,  -103.322E-03,            0.,"ASSEMBLY_PLATE-1__PICKEDSET2","ROCK","",  -890.462E-03,      -1.27191,  -970.837E-03,      -1.19154,   155.560E-03
F:/Desktop/DeepOnet_Abaqus/StaticElasticJob3.odb,Step-1,Increment      1: Step Time =    1.000,"PLATE-1",          2872,             1,  -15.1110E-03,   275.864E-03,            0.,"ASSEMBLY_PLATE-1__PICKEDSET2","ROCK","",  -741.307E-03,      -1.97045,      -1.96921,  -742.545E-03,  -38.9909E-03
F:/Desktop/DeepOnet_Abaqus/StaticElasticJob3.odb,Step-1,Increment      1: Step Time =    1.000,"PLATE-1",          2873,             1,   4.08911E-03,   349.489E-03,            0.,"ASSEMBLY_PLATE-1__PICKEDSET2","ROCK","",  -883.818E-03,      -1.66100,      -1.65948,  -885.337E-03,   34.3328E-03
F:/Desktop/DeepOnet_Abaqus/StaticElasticJob3.odb,Step-1,Increment      1: Step Time =    1.000,"PLATE-1",          2874,             1,   190.814E-03,  -336.243E-03,            0.,"ASSEMBLY_PLATE-1__PICKEDSET2","ROCK","",  -791.540E-03,      -1.51538,      -1.41469,  -892.228E-03,  -250.486E-03
F:/Desktop/DeepOnet_Abaqus/StaticElasticJob3.odb,Step-1,Increment      1: Step Time =    1.000,"PLATE-1",          2875,             1,   249.740E-03,  -391.054E-03,            0.,"ASSEMBLY_PLATE-1__PICKEDSET2","ROCK","",  -876.608E-03,      -1.40582,      -1.34353,  -938.901E-03,  -170.545E-03
F:/Desktop/DeepOnet_Abaqus/StaticElasticJob3.odb,Step-1,Increment      1: Step Time =    1.000,"PLATE-1",          2876,             1,   155.467E-03,   260.295E-03,            0.,"ASSEMBLY_PLATE-1__PICKEDSET2","ROCK","",  -683.614E-03,      -1.75938,      -1.59043,  -852.567E-03,   391.420E-03
F:/Desktop/DeepOnet_Abaqus/StaticElasticJob3.odb,Step-1,Increment      1: Step Time =    1.000,"PLATE-1",          2877,             1,  -218.490E-03,  -260.636E-03,            0.,"ASSEMBLY_PLATE-1__PICKEDSET2","ROCK","",  -830.255E-03,      -1.60619,      -1.37336,      -1.06308,   355.598E-03
F:/Desktop/DeepOnet_Abaqus/StaticElasticJob3.odb,Step-1,Increment      1: Step Time =    1.000,"PLATE-1",          2878,             1,   122.250E-03,  -298.734E-03,            0.,"ASSEMBLY_PLATE-1__PICKEDSET2","ROCK","",  -613.853E-03,      -1.68344,      -1.57246,  -724.829E-03,  -326.164E-03
F:/Desktop/DeepOnet_Abaqus/StaticElasticJob3.odb,Step-1,Increment      1: Step Time =    1.000,"PLATE-1",          2879,             1,  -251.078E-03,  -333.780E-03,            0.,"ASSEMBLY_PLATE-1__PICKEDSET2","ROCK","",  -882.980E-03,      -1.45483,      -1.33643,      -1.00138,   231.708E-03
F:/Desktop/DeepOnet_Abaqus/StaticElasticJob3.odb,Step-1,Increment      1: Step Time =    1.000,"PLATE-1",          2880,             1,  -240.540E-03,  -301.625E-03,            0.,"ASSEMBLY_PLATE-1__PICKEDSET2","ROCK","",  -865.154E-03,      -1.50429,      -1.34230,      -1.02714,   278.012E-03
F:/Desktop/DeepOnet_Abaqus/StaticElasticJob3.odb,Step-1,Increment      1: Step Time =    1.000,"PLATE-1",          2881,             1,      -1.37155,   644.750E-03,            0.,"ASSEMBLY_PLATE-1__PICKEDSET2","ROCK","",      -1.01160,      -1.21678,      -1.21493,      -1.01346,  -19.4370E-03
F:/Desktop/DeepOnet_Abaqus/StaticElasticJob3.odb,Step-1,Increment      1: Step Time =    1.000,"PLATE-1",          2882,             1,       1.04421,      -1.20964,            0.,"ASSEMBLY_PLATE-1__PICKEDSET2","ROCK","",  -990.797E-03,      -1.24212,      -1.24068,  -992.242E-03,  -19.0043E-03
F:/Desktop/DeepOnet_Abaqus/StaticElasticJob3.odb,Step-1,Increment      1: Step Time =    1.000,"PLATE-1",          2883,             1,  -302.259E-03,  -29.2089E-03,            0.,"ASSEMBLY_PLATE-1__PICKEDSET2","ROCK","",  -574.207E-03,      -1.40832,  -582.667E-03,      -1.39986,   83.5742E-03
F:/Desktop/DeepOnet_Abaqus/StaticElasticJob3.odb,Step-1,Increment      1: Step Time =    1.000,"PLATE-1",          2884,             1,  -335.123E-03,  -2.28519E-03,            0.,"ASSEMBLY_PLATE-1__PICKEDSET2","ROCK","",  -646.471E-03,      -1.34591,  -646.897E-03,      -1.34549,  -17.2754E-03
F:/Desktop/DeepOnet_Abaqus/StaticElasticJob3.odb,Step-1,Increment      1: Step Time =    1.000,"PLATE-1",          2885,             1,  -374.966E-03,  -302.159E-03,            0.,"ASSEMBLY_PLATE-1__PICKEDSET2","ROCK","",  -932.284E-03,      -1.34804,      -1.23516,      -1.04516,   184.902E-03
F:/Desktop/DeepOnet_Abaqus/StaticElasticJob3.odb,Step-1,Increment      1: Step Time =    1.000,"PLATE-1",          2886,             1,      -1.25611,   670.775E-03,            0.,"ASSEMBLY_PLATE-1__PICKEDSET2","ROCK","",      -1.00969,      -1.21830,      -1.21562,      -1.01237,  -23.4851E-03
F:/Desktop/DeepOnet_Abaqus/StaticElasticJob3.odb,Step-1,Increment      1: Step Time =    1.000,"PLATE-1",          2887,             1,  -217.296E-03,       1.20981,            0.,"ASSEMBLY_PLATE-1__PICKEDSET2","ROCK","",  -984.872E-03,      -1.25759,      -1.25653,  -985.931E-03,  -16.9624E-03
F:/Desktop/DeepOnet_Abaqus/StaticElasticJob3.odb,Step-1,Increment      1: Step Time =    1.000,"PLATE-1",          2888,             1,   3.20375E-03,   506.321E-03,            0.,"ASSEMBLY_PLATE-1__PICKEDSET2","ROCK","",  -989.474E-03,      -1.38939,      -1.38849,  -990.368E-03,   18.8885E-03
F:/Desktop/DeepOnet_Abaqus/StaticElasticJob3.odb,Step-1,Increment      1: Step Time =    1.000,"PLATE-1",          2889,             1,   30.5200E-03,  -349.212E-03,            0.,"ASSEMBLY_PLATE-1__PICKEDSET2","ROCK","",  -607.170E-03,      -1.65064,      -1.64701,  -610.804E-03,  -61.4719E-03
F:/Desktop/DeepOnet_Abaqus/StaticElasticJob3.odb,Step-1,Increment      1: Step Time =    1.000,"PLATE-1",          2890,             1,   369.288E-03,  -224.350E-03,            0.,"ASSEMBLY_PLATE-1__PICKEDSET2","ROCK","",  -888.373E-03,      -1.33047,      -1.16281,      -1.05603,  -214.503E-03
F:/Desktop/DeepOnet_Abaqus/StaticElasticJob3.odb,Step-1,Increment      1: Step Time =    1.000,"PLATE-1",          2891,             1,       1.13219,      -1.10135,            0.,"ASSEMBLY_PLATE-1__PICKEDSET2","ROCK","",  -992.734E-03,      -1.23870,      -1.23679,  -994.645E-03,  -21.5926E-03
F:/Desktop/DeepOnet_Abaqus/StaticElasticJob3.odb,Step-1,Increment      1: Step Time =    1.000,"PLATE-1",          2892,             1,  -347.035E-03,   123.569E-03,            0.,"ASSEMBLY_PLATE-1__PICKEDSET2","ROCK","",  -725.333E-03,      -1.32744,  -881.004E-03,      -1.17177,  -263.624E-03
F:/Desktop/DeepOnet_Abaqus/StaticElasticJob3.odb,Step-1,Increment      1: Step Time =    1.000,"PLATE-1",          2893,             1,  -418.000E-03,  -197.667E-03,            0.,"ASSEMBLY_PLATE-1__PICKEDSET2","ROCK","",  -910.089E-03,      -1.31231,      -1.10780,      -1.11460,   201.080E-03
F:/Desktop/DeepOnet_Abaqus/StaticElasticJob3.odb,Step-1,Increment      1: Step Time =    1.000,"PLATE-1",          2894,             1,  -159.573E-03,  -271.278E-03,            0.,"ASSEMBLY_PLATE-1__PICKEDSET2","ROCK","",  -654.938E-03,      -1.77392,      -1.51282,  -916.038E-03,   473.279E-03
F:/Desktop/DeepOnet_Abaqus/StaticElasticJob3.odb,Step-1,Increment      1: Step Time =    1.000,"PLATE-1",          2895,             1,  -145.224E-03,  -271.377E-03,            0.,"ASSEMBLY_PLATE-1__PICKEDSET2","ROCK","",  -605.882E-03,      -1.78079,      -1.56520,  -821.477E-03,   454.778E-03
F:/Desktop/DeepOnet_Abaqus/StaticElasticJob3.odb,Step-1,Increment      1: Step Time =    1.000,"PLATE-1",          2896,             1,  -143.174E-03,  -293.537E-03,            0.,"ASSEMBLY_PLATE-1__PICKEDSET2","ROCK","",  -657.328E-03,      -1.70662,      -1.53694,  -827.014E-03,   386.338E-03
F:/Desktop/DeepOnet_Abaqus/StaticElasticJob3.odb,Step-1,Increment      1: Step Time =    1.000,"PLATE-1",          2897,             1,   323.640E-03,  -228.176E-03,            0.,"ASSEMBLY_PLATE-1__PICKEDSET2","ROCK","",  -861.146E-03,      -1.39210,      -1.19609,      -1.05715,  -256.225E-03
F:/Desktop/DeepOnet_Abaqus/StaticElasticJob3.odb,Step-1,Increment      1: Step Time =    1.000,"PLATE-1",          2898,             1,   339.046E-03,  -209.148E-03,            0.,"ASSEMBLY_PLATE-1__PICKEDSET2","ROCK","",  -851.628E-03,      -1.38299,      -1.15401,      -1.08060,  -263.133E-03
F:/Desktop/DeepOnet_Abaqus/StaticElasticJob3.odb,Step-1,Increment      1: Step Time =    1.000,"PLATE-1",          2899,             1,   370.874E-03,  -187.721E-03,            0.,"ASSEMBLY_PLATE-1__PICKEDSET2","ROCK","",  -875.549E-03,      -1.32593,      -1.11147,      -1.09001,  -224.934E-03
F:/Desktop/DeepOnet_Abaqus/StaticElasticJob3.odb,Step-1,Increment      1: Step Time =    1.000,"PLATE-1",          2900,             1,   269.573E-03,   155.436E-03,            0.,"ASSEMBLY_PLATE-1__PICKEDSET2","ROCK","",  -551.236E-03,      -1.52898,  -999.234E-03,      -1.08099,   487.162E-03
F:/Desktop/DeepOnet_Abaqus/StaticElasticJob3.odb,Step-1,Increment      1: Step Time =    1.000,"PLATE-1",          2901,             1,   34.7133E-03,   342.721E-03,            0.,"ASSEMBLY_PLATE-1__PICKEDSET2","ROCK","",  -878.397E-03,      -1.66898,      -1.66229,  -885.088E-03,   72.4213E-03
F:/Desktop/DeepOnet_Abaqus/StaticElasticJob3.odb,Step-1,Increment      1: Step Time =    1.000,"PLATE-1",          2902,             1,       1.21524,  -866.067E-03,            0.,"ASSEMBLY_PLATE-1__PICKEDSET2","ROCK","",  -996.822E-03,      -1.23169,      -1.22868,  -999.836E-03,  -26.4361E-03
F:/Desktop/DeepOnet_Abaqus/StaticElasticJob3.odb,Step-1,Increment      1: Step Time =    1.000,"PLATE-1",          2903,             1,  -354.744E-03,  -345.695E-03,            0.,"ASSEMBLY_PLATE-1__PICKEDSET2","ROCK","",  -939.708E-03,      -1.34838,      -1.26527,      -1.02282,   164.491E-03
F:/Desktop/DeepOnet_Abaqus/StaticElasticJob3.odb,Step-1,Increment      1: Step Time =    1.000,"PLATE-1",          2904,             1,  -38.2228E-03,  -370.806E-03,            0.,"ASSEMBLY_PLATE-1__PICKEDSET2","ROCK","",  -664.949E-03,      -1.60380,      -1.59518,  -673.570E-03,   89.5526E-03
F:/Desktop/DeepOnet_Abaqus/StaticElasticJob3.odb,Step-1,Increment      1: Step Time =    1.000,"PLATE-1",          2905,             1,   414.649E-03,   124.924E-03,            0.,"ASSEMBLY_PLATE-1__PICKEDSET2","ROCK","",  -808.903E-03,      -1.26466,      -1.02638,      -1.04718,   227.644E-03
F:/Desktop/DeepOnet_Abaqus/StaticElasticJob3.odb,Step-1,Increment      1: Step Time =    1.000,"PLATE-1",          2906,             1,   391.652E-03,   77.3894E-03,            0.,"ASSEMBLY_PLATE-1__PICKEDSET2","ROCK","",  -801.603E-03,      -1.24254,  -896.768E-03,      -1.14737,   181.398E-03
F:/Desktop/DeepOnet_Abaqus/StaticElasticJob3.odb,Step-1,Increment      1: Step Time =    1.000,"PLATE-1",          2907,             1,  -28.7620E-03,   272.860E-03,            0.,"ASSEMBLY_PLATE-1__PICKEDSET2","ROCK","",  -728.675E-03,      -1.96745,      -1.96279,  -733.330E-03,  -75.7969E-03
F:/Desktop/DeepOnet_Abaqus/StaticElasticJob3.odb,Step-1,Increment      1: Step Time =    1.000,"PLATE-1",          2908,             1,  -57.8507E-03,   307.538E-03,            0.,"ASSEMBLY_PLATE-1__PICKEDSET2","ROCK","",  -804.527E-03,      -1.75621,      -1.74904,  -811.703E-03,  -82.3275E-03
F:/Desktop/DeepOnet_Abaqus/StaticElasticJob3.odb,Step-1,Increment      1: Step Time =    1.000,"PLATE-1",          2909,             1,   8.60500E-03,   284.278E-03,            0.,"ASSEMBLY_PLATE-1__PICKEDSET2","ROCK","",  -770.784E-03,      -1.92473,      -1.92351,  -772.007E-03,   37.5402E-03
F:/Desktop/DeepOnet_Abaqus/StaticElasticJob3.odb,Step-1,Increment      1: Step Time =    1.000,"PLATE-1",          2910,             1,      -1.16059,  -194.740E-03,            0.,"ASSEMBLY_PLATE-1__PICKEDSET2","ROCK","",      -1.03124,      -1.19334,      -1.19129,      -1.03329,   18.1341E-03
F:/Desktop/DeepOnet_Abaqus/StaticElasticJob3.odb,Step-1,Increment      1: Step Time =    1.000,"PLATE-1",          2911,             1,  -239.261E-03,   243.278E-03,            0.,"ASSEMBLY_PLATE-1__PICKEDSET2","ROCK","",  -680.402E-03,      -1.50348,      -1.27046,  -913.417E-03,  -370.801E-03
F:/Desktop/DeepOnet_Abaqus/StaticElasticJob3.odb,Step-1,Increment      1: Step Time =    1.000,"PLATE-1",          2912,             1,       1.19422,   404.813E-03,            0.,"ASSEMBLY_PLATE-1__PICKEDSET2","ROCK","",      -1.03100,      -1.20119,      -1.19585,      -1.03634,   29.6752E-03
F:/Desktop/DeepOnet_Abaqus/StaticElasticJob3.odb,Step-1,Increment      1: Step Time =    1.000,"PLATE-1",          2913,             1,   318.392E-03,  -422.704E-03,            0.,"ASSEMBLY_PLATE-1__PICKEDSET2","ROCK","",  -912.529E-03,      -1.35136,      -1.30526,  -958.630E-03,  -134.556E-03
F:/Desktop/DeepOnet_Abaqus/StaticElasticJob3.odb,Step-1,Increment      1: Step Time =    1.000,"PLATE-1",          2914,             1,   50.6305E-03,   601.699E-03,            0.,"ASSEMBLY_PLATE-1__PICKEDSET2","ROCK","",      -1.01863,      -1.29801,      -1.29768,      -1.01896,  -9.54647E-03
F:/Desktop/DeepOnet_Abaqus/StaticElasticJob3.odb,Step-1,Increment      1: Step Time =    1.000,"PLATE-1",          2915,             1,   11.3136E-03,   656.881E-03,            0.,"ASSEMBLY_PLATE-1__PICKEDSET2","ROCK","",      -1.01132,      -1.28790,      -1.28723,      -1.01198,  -13.5755E-03
F:/Desktop/DeepOnet_Abaqus/StaticElasticJob3.odb,Step-1,Increment      1: Step Time =    1.000,"PLATE-1",          2916,             1,  -210.958E-03,  -289.833E-03,            0.,"ASSEMBLY_PLATE-1__PICKEDSET2","ROCK","",  -821.076E-03,      -1.57930,      -1.38821,      -1.01216,   329.200E-03
F:/Desktop/DeepOnet_Abaqus/StaticElasticJob3.odb,Step-1,Increment      1: Step Time =    1.000,"PLATE-1",          2917,             1,  -235.723E-03,   177.483E-03,            0.,"ASSEMBLY_PLATE-1__PICKEDSET2","ROCK","",  -543.633E-03,      -1.52839,      -1.07186,      -1.00016,  -491.069E-03
F:/Desktop/DeepOnet_Abaqus/StaticElasticJob3.odb,Step-1,Increment      1: Step Time =    1.000,"PLATE-1",          2918,             1,  -297.800E-03,   201.613E-03,            0.,"ASSEMBLY_PLATE-1__PICKEDSET2","ROCK","",  -706.156E-03,      -1.40948,      -1.09132,      -1.02432,  -350.064E-03
F:/Desktop/DeepOnet_Abaqus/StaticElasticJob3.odb,Step-1,Increment      1: Step Time =    1.000,"PLATE-1",          2919,             1,  -362.455E-03,   171.852E-03,            0.,"ASSEMBLY_PLATE-1__PICKEDSET2","ROCK","",  -779.423E-03,      -1.32356,      -1.00381,      -1.09917,  -267.857E-03
F:/Desktop/DeepOnet_Abaqus/StaticElasticJob3.odb,Step-1,Increment      1: Step Time =    1.000,"PLATE-1",          2920,             1,   370.054E-03,  -100.255E-03,            0.,"ASSEMBLY_PLATE-1__PICKEDSET2","ROCK","",  -812.524E-03,      -1.29074,  -896.484E-03,      -1.20678,  -181.940E-03
F:/Desktop/DeepOnet_Abaqus/StaticElasticJob3.odb,Step-1,Increment      1: Step Time =    1.000,"PLATE-1",          2921,             1,   122.648E-03,   835.718E-03,            0.,"ASSEMBLY_PLATE-1__PICKEDSET2","ROCK","",  -952.036E-03,      -1.28055,      -1.27368,  -958.903E-03,  -46.9970E-03
F:/Desktop/DeepOnet_Abaqus/StaticElasticJob3.odb,Step-1,Increment      1: Step Time =    1.000,"PLATE-1",          2922,             1,  -294.996E-03,   256.463E-03,            0.,"ASSEMBLY_PLATE-1__PICKEDSET2","ROCK","",  -753.101E-03,      -1.42137,      -1.21660,  -957.872E-03,  -308.075E-03
F:/Desktop/DeepOnet_Abaqus/StaticElasticJob3.odb,Step-1,Increment      1: Step Time =    1.000,"PLATE-1",          2923,             1,  -246.595E-03,   204.068E-03,            0.,"ASSEMBLY_PLATE-1__PICKEDSET2","ROCK","",  -638.332E-03,      -1.48255,      -1.14902,  -971.867E-03,  -412.712E-03
F:/Desktop/DeepOnet_Abaqus/StaticElasticJob3.odb,Step-1,Increment      1: Step Time =    1.000,"PLATE-1",          2924,             1,  -21.5688E-03,   395.031E-03,            0.,"ASSEMBLY_PLATE-1__PICKEDSET2","ROCK","",  -922.009E-03,      -1.54066,      -1.54051,  -922.154E-03,   9.45577E-03
F:/Desktop/DeepOnet_Abaqus/StaticElasticJob3.odb,Step-1,Increment      1: Step Time =    1.000,"PLATE-1",          2925,             1,  -371.962E-03,   221.894E-03,            0.,"ASSEMBLY_PLATE-1__PICKEDSET2","ROCK","",  -818.378E-03,      -1.32715,      -1.10482,      -1.04071,  -252.359E-03
F:/Desktop/DeepOnet_Abaqus/StaticElasticJob3.odb,Step-1,Increment      1: Step Time =    1.000,"PLATE-1",          2926,             1,   475.755E-03,  -383.963E-03,            0.,"ASSEMBLY_PLATE-1__PICKEDSET2","ROCK","",  -945.484E-03,      -1.28515,      -1.23929,  -991.347E-03,  -116.080E-03
F:/Desktop/DeepOnet_Abaqus/StaticElasticJob3.odb,Step-1,Increment      1: Step Time =    1.000,"PLATE-1",          2927,             1,   23.9037E-03,  -377.273E-03,            0.,"ASSEMBLY_PLATE-1__PICKEDSET2","ROCK","",  -679.018E-03,      -1.58593,      -1.58446,  -680.494E-03,  -36.5629E-03
F:/Desktop/DeepOnet_Abaqus/StaticElasticJob3.odb,Step-1,Increment      1: Step Time =    1.000,"PLATE-1",          2928,             1,   75.1184E-03,  -411.541E-03,            0.,"ASSEMBLY_PLATE-1__PICKEDSET2","ROCK","",  -750.720E-03,      -1.52201,      -1.51070,  -762.038E-03,  -92.7426E-03
F:/Desktop/DeepOnet_Abaqus/StaticElasticJob3.odb,Step-1,Increment      1: Step Time =    1.000,"PLATE-1",          2929,             1,   113.587E-03,  -350.901E-03,            0.,"ASSEMBLY_PLATE-1__PICKEDSET2","ROCK","",  -694.250E-03,      -1.59273,      -1.53796,  -749.024E-03,  -214.971E-03
F:/Desktop/DeepOnet_Abaqus/StaticElasticJob3.odb,Step-1,Increment      1: Step Time =    1.000,"PLATE-1",          2930,             1,   123.351E-03,  -399.644E-03,            0.,"ASSEMBLY_PLATE-1__PICKEDSET2","ROCK","",  -775.670E-03,      -1.50773,      -1.47171,  -811.686E-03,  -158.331E-03
F:/Desktop/DeepOnet_Abaqus/StaticElasticJob3.odb,Step-1,Increment      1: Step Time =    1.000,"PLATE-1",          2931,             1,   399.915E-03,  -9.88816E-03,            0.,"ASSEMBLY_PLATE-1__PICKEDSET2","ROCK","",  -848.404E-03,      -1.20232,  -849.079E-03,      -1.20164,   15.4407E-03
F:/Desktop/DeepOnet_Abaqus/StaticElasticJob3.odb,Step-1,Increment      1: Step Time =    1.000,"PLATE-1",          2932,             1,  -10.9898E-03,       1.10827,            0.,"ASSEMBLY_PLATE-1__PICKEDSET2","ROCK","",  -974.676E-03,      -1.26699,      -1.26581,  -975.856E-03,  -18.5394E-03
F:/Desktop/DeepOnet_Abaqus/StaticElasticJob3.odb,Step-1,Increment      1: Step Time =    1.000,"PLATE-1",          2933,             1,  -107.274E-03,       1.05311,            0.,"ASSEMBLY_PLATE-1__PICKEDSET2","ROCK","",  -980.415E-03,      -1.26367,      -1.26235,  -981.738E-03,  -19.3170E-03
F:/Desktop/DeepOnet_Abaqus/StaticElasticJob3.odb,Step-1,Increment      1: Step Time =    1.000,"PLATE-1",          2934,             1,  -392.456E-03,   43.2950E-03,            0.,"ASSEMBLY_PLATE-1__PICKEDSET2","ROCK","",  -796.173E-03,      -1.26835,  -810.543E-03,      -1.25398,  -81.1086E-03
F:/Desktop/DeepOnet_Abaqus/StaticElasticJob3.odb,Step-1,Increment      1: Step Time =    1.000,"PLATE-1",          2935,             1,  -88.5105E-03,   433.780E-03,            0.,"ASSEMBLY_PLATE-1__PICKEDSET2","ROCK","",  -924.852E-03,      -1.46245,      -1.46134,  -925.960E-03,  -24.3765E-03
F:/Desktop/DeepOnet_Abaqus/StaticElasticJob3.odb,Step-1,Increment      1: Step Time =    1.000,"PLATE-1",          2936,             1,  -32.5414E-03,   355.301E-03,            0.,"ASSEMBLY_PLATE-1__PICKEDSET2","ROCK","",  -880.516E-03,      -1.63138,      -1.63104,  -880.853E-03,  -15.9086E-03
F:/Desktop/DeepOnet_Abaqus/StaticElasticJob3.odb,Step-1,Increment      1: Step Time =    1.000,"PLATE-1",          2937,             1,   36.2643E-03,   297.734E-03,            0.,"ASSEMBLY_PLATE-1__PICKEDSET2","ROCK","",  -800.597E-03,      -1.85340,      -1.84610,  -807.890E-03,   87.3201E-03
F:/Desktop/DeepOnet_Abaqus/StaticElasticJob3.odb,Step-1,Increment      1: Step Time =    1.000,"PLATE-1",          2938,             1,  -227.015E-03,   193.101E-03,            0.,"ASSEMBLY_PLATE-1__PICKEDSET2","ROCK","",  -549.194E-03,      -1.56379,      -1.15136,  -961.625E-03,  -498.350E-03
F:/Desktop/DeepOnet_Abaqus/StaticElasticJob3.odb,Step-1,Increment      1: Step Time =    1.000,"PLATE-1",          2939,             1,  -14.2566E-03,   540.624E-03,            0.,"ASSEMBLY_PLATE-1__PICKEDSET2","ROCK","",  -983.860E-03,      -1.36393,      -1.36346,  -984.327E-03,   13.3152E-03
F:/Desktop/DeepOnet_Abaqus/StaticElasticJob3.odb,Step-1,Increment      1: Step Time =    1.000,"PLATE-1",          2940,             1,   18.0992E-03,   306.557E-03,            0.,"ASSEMBLY_PLATE-1__PICKEDSET2","ROCK","",  -824.430E-03,      -1.80346,      -1.80117,  -826.722E-03,   47.3143E-03
F:/Desktop/DeepOnet_Abaqus/StaticElasticJob3.odb,Step-1,Increment      1: Step Time =    1.000,"PLATE-1",          2941,             1,  -63.6400E-03,  -393.361E-03,            0.,"ASSEMBLY_PLATE-1__PICKEDSET2","ROCK","",  -722.004E-03,      -1.55995,      -1.54292,  -739.039E-03,   118.257E-03
F:/Desktop/DeepOnet_Abaqus/StaticElasticJob3.odb,Step-1,Increment      1: Step Time =    1.000,"PLATE-1",          2942,             1,   5.25179E-03,  -372.310E-03,            0.,"ASSEMBLY_PLATE-1__PICKEDSET2","ROCK","",  -650.920E-03,      -1.61489,      -1.61487,  -650.940E-03,   4.31076E-03
F:/Desktop/DeepOnet_Abaqus/StaticElasticJob3.odb,Step-1,Increment      1: Step Time =    1.000,"PLATE-1",          2943,             1,  -37.0648E-03,  -424.785E-03,            0.,"ASSEMBLY_PLATE-1__PICKEDSET2","ROCK","",  -759.004E-03,      -1.51714,      -1.51192,  -764.218E-03,   62.6572E-03
F:/Desktop/DeepOnet_Abaqus/StaticElasticJob3.odb,Step-1,Increment      1: Step Time =    1.000,"PLATE-1",          2944,             1,  -18.4699E-03,  -392.625E-03,            0.,"ASSEMBLY_PLATE-1__PICKEDSET2","ROCK","",  -697.603E-03,      -1.57460,      -1.57282,  -699.388E-03,   39.5279E-03
F:/Desktop/DeepOnet_Abaqus/StaticElasticJob3.odb,Step-1,Increment      1: Step Time =    1.000,"PLATE-1",          2945,             1,  -108.641E-03,  -364.147E-03,            0.,"ASSEMBLY_PLATE-1__PICKEDSET2","ROCK","",  -708.972E-03,      -1.59172,      -1.53668,  -764.008E-03,   213.432E-03
F:/Desktop/DeepOnet_Abaqus/StaticElasticJob3.odb,Step-1,Increment      1: Step Time =    1.000,"PLATE-1",          2946,             1,   34.4588E-03,   318.567E-03,            0.,"ASSEMBLY_PLATE-1__PICKEDSET2","ROCK","",  -852.879E-03,      -1.74335,      -1.73827,  -857.962E-03,   67.0825E-03
F:/Desktop/DeepOnet_Abaqus/StaticElasticJob3.odb,Step-1,Increment      1: Step Time =    1.000,"PLATE-1",          2947,             1,       1.08647,  -929.844E-03,            0.,"ASSEMBLY_PLATE-1__PICKEDSET2","ROCK","",  -992.509E-03,      -1.23718,      -1.23417,  -995.518E-03,  -26.9646E-03
F:/Desktop/DeepOnet_Abaqus/StaticElasticJob3.odb,Step-1,Increment      1: Step Time =    1.000,"PLATE-1",          2948,             1,  -496.307E-03,  -73.8241E-03,            0.,"ASSEMBLY_PLATE-1__PICKEDSET2","ROCK","",  -964.584E-03,      -1.19996,      -1.00033,      -1.16421,   84.4750E-03
F:/Desktop/DeepOnet_Abaqus/StaticElasticJob3.odb,Step-1,Increment      1: Step Time =    1.000,"PLATE-1",          2949,             1,  -418.046E-03,   12.7144E-03,            0.,"ASSEMBLY_PLATE-1__PICKEDSET2","ROCK","",  -846.965E-03,      -1.24627,  -847.482E-03,      -1.24575,  -14.3574E-03
F:/Desktop/DeepOnet_Abaqus/StaticElasticJob3.odb,Step-1,Increment      1: Step Time =    1.000,"PLATE-1",          2950,             1,  -200.794E-03,  -270.752E-03,            0.,"ASSEMBLY_PLATE-1__PICKEDSET2","ROCK","",  -809.158E-03,      -1.61785,      -1.38320,      -1.04381,   367.014E-03
F:/Desktop/DeepOnet_Abaqus/StaticElasticJob3.odb,Step-1,Increment      1: Step Time =    1.000,"PLATE-1",          2951,             1,  -144.677E-03,  -373.005E-03,            0.,"ASSEMBLY_PLATE-1__PICKEDSET2","ROCK","",  -773.376E-03,      -1.54161,      -1.46699,  -847.998E-03,   227.505E-03
F:/Desktop/DeepOnet_Abaqus/StaticElasticJob3.odb,Step-1,Increment      1: Step Time =    1.000,"PLATE-1",          2952,             1,   818.661E-03,      -1.22185,            0.,"ASSEMBLY_PLATE-1__PICKEDSET2","ROCK","",  -986.714E-03,      -1.24822,      -1.24697,  -987.964E-03,  -18.0410E-03
F:/Desktop/DeepOnet_Abaqus/StaticElasticJob3.odb,Step-1,Increment      1: Step Time =    1.000,"PLATE-1",          2953,             1,   910.311E-03,      -1.17671,            0.,"ASSEMBLY_PLATE-1__PICKEDSET2","ROCK","",  -987.902E-03,      -1.24584,      -1.24427,  -989.474E-03,  -20.0760E-03
F:/Desktop/DeepOnet_Abaqus/StaticElasticJob3.odb,Step-1,Increment      1: Step Time =    1.000,"PLATE-1",          2954,             1,   3.25782E-03,   691.825E-03,            0.,"ASSEMBLY_PLATE-1__PICKEDSET2","ROCK","",  -997.562E-03,      -1.28417,      -1.28227,  -999.455E-03,  -23.2165E-03
F:/Desktop/DeepOnet_Abaqus/StaticElasticJob3.odb,Step-1,Increment      1: Step Time =    1.000,"PLATE-1",          2955,             1,  -312.906E-03,  -371.117E-03,            0.,"ASSEMBLY_PLATE-1__PICKEDSET2","ROCK","",  -925.720E-03,      -1.37440,      -1.29608,      -1.00404,   170.316E-03
F:/Desktop/DeepOnet_Abaqus/StaticElasticJob3.odb,Step-1,Increment      1: Step Time =    1.000,"PLATE-1",          2956,             1,  -427.330E-03,   129.307E-03,            0.,"ASSEMBLY_PLATE-1__PICKEDSET2","ROCK","",  -864.273E-03,      -1.25049,  -963.179E-03,      -1.15158,  -168.572E-03
F:/Desktop/DeepOnet_Abaqus/StaticElasticJob3.odb,Step-1,Increment      1: Step Time =    1.000,"PLATE-1",          2957,             1,   426.610E-03,  -56.2733E-03,            0.,"ASSEMBLY_PLATE-1__PICKEDSET2","ROCK","",  -905.107E-03,      -1.18846,  -924.086E-03,      -1.16948,  -70.8343E-03
F:/Desktop/DeepOnet_Abaqus/StaticElasticJob3.odb,Step-1,Increment      1: Step Time =    1.000,"PLATE-1",          2958,             1,  -104.350E-03,   361.511E-03,            0.,"ASSEMBLY_PLATE-1__PICKEDSET2","ROCK","",  -855.380E-03,      -1.56119,      -1.54803,  -868.534E-03,  -95.4524E-03
F:/Desktop/DeepOnet_Abaqus/StaticElasticJob3.odb,Step-1,Increment      1: Step Time =    1.000,"PLATE-1",          2959,             1,  -219.098E-03,  -308.835E-03,            0.,"ASSEMBLY_PLATE-1__PICKEDSET2","ROCK","",  -854.502E-03,      -1.50686,      -1.35379,      -1.00756,   276.446E-03
F:/Desktop/DeepOnet_Abaqus/StaticElasticJob3.odb,Step-1,Increment      1: Step Time =    1.000,"PLATE-1",          2960,             1,       1.14077,  -748.460E-03,            0.,"ASSEMBLY_PLATE-1__PICKEDSET2","ROCK","",  -997.340E-03,      -1.22902,      -1.22475,      -1.00160,  -31.1365E-03
F:/Desktop/DeepOnet_Abaqus/StaticElasticJob3.odb,Step-1,Increment      1: Step Time =    1.000,"PLATE-1",          2961,             1,       1.11121,  -791.661E-03,            0.,"ASSEMBLY_PLATE-1__PICKEDSET2","ROCK","",  -995.181E-03,      -1.23203,      -1.22787,  -999.341E-03,  -31.1114E-03
F:/Desktop/DeepOnet_Abaqus/StaticElasticJob3.odb,Step-1,Increment      1: Step Time =    1.000,"PLATE-1",          2962,             1,       1.13046,  -879.010E-03,            0.,"ASSEMBLY_PLATE-1__PICKEDSET2","ROCK","",  -994.412E-03,      -1.23434,      -1.23106,  -997.692E-03,  -27.8617E-03
F:/Desktop/DeepOnet_Abaqus/StaticElasticJob3.odb,Step-1,Increment      1: Step Time =    1.000,"PLATE-1",          2963,             1,  -61.6842E-03,   612.655E-03,            0.,"ASSEMBLY_PLATE-1__PICKEDSET2","ROCK","",  -990.291E-03,      -1.31756,      -1.31750,  -990.354E-03,  -4.53813E-03
F:/Desktop/DeepOnet_Abaqus/StaticElasticJob3.odb,Step-1,Increment      1: Step Time =    1.000,"PLATE-1",          2964,             1,  -59.7231E-03,   481.047E-03,            0.,"ASSEMBLY_PLATE-1__PICKEDSET2","ROCK","",  -957.692E-03,      -1.41472,      -1.41466,  -957.750E-03,   5.17807E-03
F:/Desktop/DeepOnet_Abaqus/StaticElasticJob3.odb,Step-1,Increment      1: Step Time =    1.000,"PLATE-1",          2965,             1,  -143.806E-03,   394.829E-03,            0.,"ASSEMBLY_PLATE-1__PICKEDSET2","ROCK","",  -877.653E-03,      -1.49183,      -1.48027,  -889.212E-03,  -83.4599E-03
F:/Desktop/DeepOnet_Abaqus/StaticElasticJob3.odb,Step-1,Increment      1: Step Time =    1.000,"PLATE-1",          2966,             1,  -85.4267E-03,   385.963E-03,            0.,"ASSEMBLY_PLATE-1__PICKEDSET2","ROCK","",  -892.920E-03,      -1.53429,      -1.53173,  -895.480E-03,  -40.4389E-03
F:/Desktop/DeepOnet_Abaqus/StaticElasticJob3.odb,Step-1,Increment      1: Step Time =    1.000,"PLATE-1",          2967,             1,  -70.3672E-03,   356.579E-03,            0.,"ASSEMBLY_PLATE-1__PICKEDSET2","ROCK","",  -864.577E-03,      -1.60620,      -1.60219,  -868.587E-03,  -54.3922E-03
F:/Desktop/DeepOnet_Abaqus/StaticElasticJob3.odb,Step-1,Increment      1: Step Time =    1.000,"PLATE-1",          2968,             1,  -113.338E-03,   412.281E-03,            0.,"ASSEMBLY_PLATE-1__PICKEDSET2","ROCK","",  -902.318E-03,      -1.48413,      -1.48032,  -906.127E-03,  -46.9240E-03
F:/Desktop/DeepOnet_Abaqus/StaticElasticJob3.odb,Step-1,Increment      1: Step Time =    1.000,"PLATE-1",          2969,             1,  -109.335E-03,   330.757E-03,            0.,"ASSEMBLY_PLATE-1__PICKEDSET2","ROCK","",  -811.420E-03,      -1.61833,      -1.59655,  -833.192E-03,  -130.744E-03
F:/Desktop/DeepOnet_Abaqus/StaticElasticJob3.odb,Step-1,Increment      1: Step Time =    1.000,"PLATE-1",          2970,             1,  -98.9656E-03,   305.363E-03,            0.,"ASSEMBLY_PLATE-1__PICKEDSET2","ROCK","",  -766.297E-03,      -1.70877,      -1.67860,  -796.472E-03,  -165.917E-03
F:/Desktop/DeepOnet_Abaqus/StaticElasticJob3.odb,Step-1,Increment      1: Step Time =    1.000,"PLATE-1",          2971,             1,  -471.832E-03,   141.180E-03,            0.,"ASSEMBLY_PLATE-1__PICKEDSET2","ROCK","",  -917.048E-03,      -1.21978,      -1.01392,      -1.12290,  -141.217E-03
F:/Desktop/DeepOnet_Abaqus/StaticElasticJob3.odb,Step-1,Increment      1: Step Time =    1.000,"PLATE-1",          2972,             1,  -470.069E-03,   181.181E-03,            0.,"ASSEMBLY_PLATE-1__PICKEDSET2","ROCK","",  -917.013E-03,      -1.23318,      -1.04825,      -1.10195,  -155.788E-03
F:/Desktop/DeepOnet_Abaqus/StaticElasticJob3.odb,Step-1,Increment      1: Step Time =    1.000,"PLATE-1",          2973,             1,  -342.451E-03,  -461.866E-03,            0.,"ASSEMBLY_PLATE-1__PICKEDSET2","ROCK","",  -945.053E-03,      -1.33394,      -1.29275,  -986.245E-03,   119.675E-03
F:/Desktop/DeepOnet_Abaqus/StaticElasticJob3.odb,Step-1,Increment      1: Step Time =    1.000,"PLATE-1",          2974,             1,  -269.332E-03,   225.721E-03,            0.,"ASSEMBLY_PLATE-1__PICKEDSET2","ROCK","",  -698.630E-03,      -1.45346,      -1.18758,  -964.508E-03,  -360.556E-03
F:/Desktop/DeepOnet_Abaqus/StaticElasticJob3.odb,Step-1,Increment      1: Step Time =    1.000,"PLATE-1",          2975,             1,  -347.512E-03,   269.605E-03,            0.,"ASSEMBLY_PLATE-1__PICKEDSET2","ROCK","",  -822.203E-03,      -1.35625,      -1.19129,  -987.169E-03,  -246.751E-03
F:/Desktop/DeepOnet_Abaqus/StaticElasticJob3.odb,Step-1,Increment      1: Step Time =    1.000,"PLATE-1",          2976,             1,  -219.030E-03,  -330.765E-03,            0.,"ASSEMBLY_PLATE-1__PICKEDSET2","ROCK","",  -844.599E-03,      -1.50844,      -1.38178,  -971.266E-03,   260.850E-03
F:/Desktop/DeepOnet_Abaqus/StaticElasticJob3.odb,Step-1,Increment      1: Step Time =    1.000,"PLATE-1",          2977,             1,   64.7595E-03,  -446.223E-03,            0.,"ASSEMBLY_PLATE-1__PICKEDSET2","ROCK","",  -791.178E-03,      -1.48151,      -1.47688,  -795.811E-03,  -56.3646E-03
F:/Desktop/DeepOnet_Abaqus/StaticElasticJob3.odb,Step-1,Increment      1: Step Time =    1.000,"PLATE-1",          2978,             1,   131.422E-03,  -445.763E-03,            0.,"ASSEMBLY_PLATE-1__PICKEDSET2","ROCK","",  -821.546E-03,      -1.45506,      -1.43310,  -843.509E-03,  -115.894E-03
F:/Desktop/DeepOnet_Abaqus/StaticElasticJob3.odb,Step-1,Increment      1: Step Time =    1.000,"PLATE-1",          2979,             1,  -500.679E-03,  -181.310E-03,            0.,"ASSEMBLY_PLATE-1__PICKEDSET2","ROCK","",  -971.117E-03,      -1.23955,      -1.10471,      -1.10596,   134.215E-03
F:/Desktop/DeepOnet_Abaqus/StaticElasticJob3.odb,Step-1,Increment      1: Step Time =    1.000,"PLATE-1",          2980,             1,   336.404E-03,  -467.027E-03,            0.,"ASSEMBLY_PLATE-1__PICKEDSET2","ROCK","",  -923.035E-03,      -1.33461,      -1.30113,  -956.517E-03,  -112.514E-03
F:/Desktop/DeepOnet_Abaqus/StaticElasticJob3.odb,Step-1,Increment      1: Step Time =    1.000,"PLATE-1",          2981,             1,   365.912E-03,  -407.828E-03,            0.,"ASSEMBLY_PLATE-1__PICKEDSET2","ROCK","",  -926.127E-03,      -1.32723,      -1.27860,  -974.762E-03,  -130.928E-03
F:/Desktop/DeepOnet_Abaqus/StaticElasticJob3.odb,Step-1,Increment      1: Step Time =    1.000,"PLATE-1",          2982,             1,   37.9552E-03,   930.851E-03,            0.,"ASSEMBLY_PLATE-1__PICKEDSET2","ROCK","",  -972.964E-03,      -1.27245,      -1.26925,  -976.165E-03,  -30.7974E-03
F:/Desktop/DeepOnet_Abaqus/StaticElasticJob3.odb,Step-1,Increment      1: Step Time =    1.000,"PLATE-1",          2983,             1,  -28.2087E-03,   724.667E-03,            0.,"ASSEMBLY_PLATE-1__PICKEDSET2","ROCK","",  -990.499E-03,      -1.28421,      -1.28304,  -991.674E-03,  -18.5445E-03
F:/Desktop/DeepOnet_Abaqus/StaticElasticJob3.odb,Step-1,Increment      1: Step Time =    1.000,"PLATE-1",          2984,             1,   175.647E-03,  -389.036E-03,            0.,"ASSEMBLY_PLATE-1__PICKEDSET2","ROCK","",  -814.615E-03,      -1.47788,      -1.41873,  -873.764E-03,  -189.031E-03
F:/Desktop/DeepOnet_Abaqus/StaticElasticJob3.odb,Step-1,Increment      1: Step Time =    1.000,"PLATE-1",          2985,             1,   147.050E-03,  -472.195E-03,            0.,"ASSEMBLY_PLATE-1__PICKEDSET2","ROCK","",  -850.796E-03,      -1.42330,      -1.40358,  -870.510E-03,  -104.392E-03
F:/Desktop/DeepOnet_Abaqus/StaticElasticJob3.odb,Step-1,Increment      1: Step Time =    1.000,"PLATE-1",          2986,             1,   318.576E-03,       1.04313,            0.,"ASSEMBLY_PLATE-1__PICKEDSET2","ROCK","",  -938.735E-03,      -1.29233,      -1.29230,  -938.763E-03,   3.14072E-03
F:/Desktop/DeepOnet_Abaqus/StaticElasticJob3.odb,Step-1,Increment      1: Step Time =    1.000,"PLATE-1",          2987,             1,  -29.3092E-03,   302.790E-03,            0.,"ASSEMBLY_PLATE-1__PICKEDSET2","ROCK","",  -804.038E-03,      -1.80420,      -1.80153,  -806.713E-03,  -51.6609E-03
F:/Desktop/DeepOnet_Abaqus/StaticElasticJob3.odb,Step-1,Increment      1: Step Time =    1.000,"PLATE-1",          2988,             1,  -233.159E-03,   387.849E-03,            0.,"ASSEMBLY_PLATE-1__PICKEDSET2","ROCK","",  -862.044E-03,      -1.42593,      -1.38693,  -901.041E-03,  -143.070E-03
F:/Desktop/DeepOnet_Abaqus/StaticElasticJob3.odb,Step-1,Increment      1: Step Time =    1.000,"PLATE-1",          2989,             1,      -1.15370,  -67.0970E-03,            0.,"ASSEMBLY_PLATE-1__PICKEDSET2","ROCK","",      -1.03695,      -1.18531,      -1.18478,      -1.03749,   8.88951E-03
F:/Desktop/DeepOnet_Abaqus/StaticElasticJob3.odb,Step-1,Increment      1: Step Time =    1.000,"PLATE-1",          2990,             1,   261.693E-03,  -517.960E-03,            0.,"ASSEMBLY_PLATE-1__PICKEDSET2","ROCK","",  -911.652E-03,      -1.35160,      -1.33000,  -933.253E-03,  -95.0625E-03
F:/Desktop/DeepOnet_Abaqus/StaticElasticJob3.odb,Step-1,Increment      1: Step Time =    1.000,"PLATE-1",          2991,             1,  -137.811E-03,   441.897E-03,            0.,"ASSEMBLY_PLATE-1__PICKEDSET2","ROCK","",  -913.620E-03,      -1.43757,      -1.43259,  -918.608E-03,  -50.8752E-03
F:/Desktop/DeepOnet_Abaqus/StaticElasticJob3.odb,Step-1,Increment      1: Step Time =    1.000,"PLATE-1",          2992,             1,  -178.880E-03,   393.032E-03,            0.,"ASSEMBLY_PLATE-1__PICKEDSET2","ROCK","",  -864.950E-03,      -1.47413,      -1.45381,  -885.276E-03,  -109.404E-03
F:/Desktop/DeepOnet_Abaqus/StaticElasticJob3.odb,Step-1,Increment      1: Step Time =    1.000,"PLATE-1",          2993,             1,  -209.945E-03,   413.591E-03,            0.,"ASSEMBLY_PLATE-1__PICKEDSET2","ROCK","",  -876.651E-03,      -1.43045,      -1.40778,  -899.328E-03,  -109.746E-03
F:/Desktop/DeepOnet_Abaqus/StaticElasticJob3.odb,Step-1,Increment      1: Step Time =    1.000,"PLATE-1",          2994,             1,  -625.511E-03,       1.04624,            0.,"ASSEMBLY_PLATE-1__PICKEDSET2","ROCK","",  -988.070E-03,      -1.25025,      -1.24815,  -990.172E-03,  -23.3811E-03
F:/Desktop/DeepOnet_Abaqus/StaticElasticJob3.odb,Step-1,Increment      1: Step Time =    1.000,"PLATE-1",          2995,             1,  -55.7258E-03,   693.603E-03,            0.,"ASSEMBLY_PLATE-1__PICKEDSET2","ROCK","",  -995.643E-03,      -1.29273,      -1.29157,  -996.809E-03,  -18.5756E-03
F:/Desktop/DeepOnet_Abaqus/StaticElasticJob3.odb,Step-1,Increment      1: Step Time =    1.000,"PLATE-1",          2996,             1,  -71.8793E-03,   583.653E-03,            0.,"ASSEMBLY_PLATE-1__PICKEDSET2","ROCK","",  -985.963E-03,      -1.33513,      -1.33488,  -986.218E-03,  -9.43405E-03
F:/Desktop/DeepOnet_Abaqus/StaticElasticJob3.odb,Step-1,Increment      1: Step Time =    1.000,"PLATE-1",          2997,             1,  -307.068E-03,  -440.328E-03,            0.,"ASSEMBLY_PLATE-1__PICKEDSET2","ROCK","",  -932.185E-03,      -1.35692,      -1.30709,  -982.018E-03,   136.684E-03
F:/Desktop/DeepOnet_Abaqus/StaticElasticJob3.odb,Step-1,Increment      1: Step Time =    1.000,"PLATE-1",          2998,             1,   790.129E-03,      -1.12708,            0.,"ASSEMBLY_PLATE-1__PICKEDSET2","ROCK","",  -984.893E-03,      -1.24994,      -1.24826,  -986.570E-03,  -21.0142E-03
F:/Desktop/DeepOnet_Abaqus/StaticElasticJob3.odb,Step-1,Increment      1: Step Time =    1.000,"PLATE-1",          2999,             1,   742.695E-03,      -1.10359,            0.,"ASSEMBLY_PLATE-1__PICKEDSET2","ROCK","",  -983.470E-03,      -1.25188,      -1.25015,  -985.200E-03,  -21.4768E-03
F:/Desktop/DeepOnet_Abaqus/StaticElasticJob3.odb,Step-1,Increment      1: Step Time =    1.000,"PLATE-1",          3000,             1,   6.03880E-03,  -394.948E-03,            0.,"ASSEMBLY_PLATE-1__PICKEDSET2","ROCK","",  -709.653E-03,      -1.56072,      -1.56068,  -709.695E-03,   5.96711E-03
F:/Desktop/DeepOnet_Abaqus/StaticElasticJob3.odb,Step-1,Increment      1: Step Time =    1.000,"PLATE-1",          3001,             1,  -597.331E-03,   992.824E-03,            0.,"ASSEMBLY_PLATE-1__PICKEDSET2","ROCK","",  -986.775E-03,      -1.25279,      -1.25032,  -989.244E-03,  -25.5109E-03
F:/Desktop/DeepOnet_Abaqus/StaticElasticJob3.odb,Step-1,Increment      1: Step Time =    1.000,"PLATE-1",          3002,             1,  -380.894E-03,   264.284E-03,            0.,"ASSEMBLY_PLATE-1__PICKEDSET2","ROCK","",  -845.177E-03,      -1.32836,      -1.16613,      -1.00741,  -228.185E-03
F:/Desktop/DeepOnet_Abaqus/StaticElasticJob3.odb,Step-1,Increment      1: Step Time =    1.000,"PLATE-1",          3003,             1,      -1.15385,  -399.376E-03,            0.,"ASSEMBLY_PLATE-1__PICKEDSET2","ROCK","",      -1.01960,      -1.20937,      -1.20551,      -1.02346,   26.7909E-03
F:/Desktop/DeepOnet_Abaqus/StaticElasticJob3.odb,Step-1,Increment      1: Step Time =    1.000,"PLATE-1",          3004,             1,  -317.798E-03,   343.185E-03,            0.,"ASSEMBLY_PLATE-1__PICKEDSET2","ROCK","",  -853.723E-03,      -1.37756,      -1.29586,  -935.419E-03,  -190.056E-03
F:/Desktop/DeepOnet_Abaqus/StaticElasticJob3.odb,Step-1,Increment      1: Step Time =    1.000,"PLATE-1",          3005,             1,  -309.223E-03,   404.127E-03,            0.,"ASSEMBLY_PLATE-1__PICKEDSET2","ROCK","",  -885.187E-03,      -1.36843,      -1.32261,  -931.006E-03,  -141.571E-03
F:/Desktop/DeepOnet_Abaqus/StaticElasticJob3.odb,Step-1,Increment      1: Step Time =    1.000,"PLATE-1",          3006,             1,  -125.153E-03,   489.071E-03,            0.,"ASSEMBLY_PLATE-1__PICKEDSET2","ROCK","",  -937.895E-03,      -1.39947,      -1.39773,  -939.640E-03,  -28.3279E-03
F:/Desktop/DeepOnet_Abaqus/StaticElasticJob3.odb,Step-1,Increment      1: Step Time =    1.000,"PLATE-1",          3007,             1,  -182.023E-03,  -389.825E-03,            0.,"ASSEMBLY_PLATE-1__PICKEDSET2","ROCK","",  -840.608E-03,      -1.47671,      -1.40199,  -915.337E-03,   204.820E-03
F:/Desktop/DeepOnet_Abaqus/StaticElasticJob3.odb,Step-1,Increment      1: Step Time =    1.000,"PLATE-1",          3008,             1,   120.042E-03,  -471.103E-03,            0.,"ASSEMBLY_PLATE-1__PICKEDSET2","ROCK","",  -836.644E-03,      -1.43572,      -1.42249,  -849.873E-03,  -88.0350E-03
F:/Desktop/DeepOnet_Abaqus/StaticElasticJob3.odb,Step-1,Increment      1: Step Time =    1.000,"PLATE-1",          3009,             1,  -607.516E-03,  -177.730E-03,            0.,"ASSEMBLY_PLATE-1__PICKEDSET2","ROCK","",      -1.01602,      -1.19178,      -1.11848,      -1.08932,   86.6639E-03
F:/Desktop/DeepOnet_Abaqus/StaticElasticJob3.odb,Step-1,Increment      1: Step Time =    1.000,"PLATE-1",          3010,             1,  -166.294E-03,  -426.190E-03,            0.,"ASSEMBLY_PLATE-1__PICKEDSET2","ROCK","",  -841.578E-03,      -1.45710,      -1.40901,  -889.671E-03,   165.196E-03
F:/Desktop/DeepOnet_Abaqus/StaticElasticJob3.odb,Step-1,Increment      1: Step Time =    1.000,"PLATE-1",          3011,             1,  -126.909E-03,  -457.964E-03,            0.,"ASSEMBLY_PLATE-1__PICKEDSET2","ROCK","",  -835.714E-03,      -1.45192,      -1.42608,  -861.558E-03,   123.521E-03
F:/Desktop/DeepOnet_Abaqus/StaticElasticJob3.odb,Step-1,Increment      1: Step Time =    1.000,"PLATE-1",          3012,             1,  -181.352E-03,   426.057E-03,            0.,"ASSEMBLY_PLATE-1__PICKEDSET2","ROCK","",  -900.258E-03,      -1.43400,      -1.42361,  -910.645E-03,  -73.7302E-03
F:/Desktop/DeepOnet_Abaqus/StaticElasticJob3.odb,Step-1,Increment      1: Step Time =    1.000,"PLATE-1",          3013,             1,  -233.924E-03,   451.968E-03,            0.,"ASSEMBLY_PLATE-1__PICKEDSET2","ROCK","",  -905.141E-03,      -1.39023,      -1.37367,  -921.697E-03,  -88.0753E-03
F:/Desktop/DeepOnet_Abaqus/StaticElasticJob3.odb,Step-1,Increment      1: Step Time =    1.000,"PLATE-1",          3014,             1,   541.354E-03,  -170.290E-03,            0.,"ASSEMBLY_PLATE-1__PICKEDSET2","ROCK","",  -970.831E-03,      -1.19821,      -1.10374,      -1.06530,  -112.053E-03
F:/Desktop/DeepOnet_Abaqus/StaticElasticJob3.odb,Step-1,Increment      1: Step Time =    1.000,"PLATE-1",          3015,             1,  -92.2988E-03,   714.370E-03,            0.,"ASSEMBLY_PLATE-1__PICKEDSET2","ROCK","",  -989.197E-03,      -1.28960,      -1.28853,  -990.269E-03,  -17.9061E-03
F:/Desktop/DeepOnet_Abaqus/StaticElasticJob3.odb,Step-1,Increment      1: Step Time =    1.000,"PLATE-1",          3016,             1,  -77.1754E-03,   663.233E-03,            0.,"ASSEMBLY_PLATE-1__PICKEDSET2","ROCK","",  -988.875E-03,      -1.30302,      -1.30279,  -989.106E-03,  -8.52314E-03
F:/Desktop/DeepOnet_Abaqus/StaticElasticJob3.odb,Step-1,Increment      1: Step Time =    1.000,"PLATE-1",          3017,             1,  -103.739E-03,   638.754E-03,            0.,"ASSEMBLY_PLATE-1__PICKEDSET2","ROCK","",  -980.242E-03,      -1.31418,      -1.31339,  -981.030E-03,  -16.2041E-03
F:/Desktop/DeepOnet_Abaqus/StaticElasticJob3.odb,Step-1,Increment      1: Step Time =    1.000,"PLATE-1",          3018,             1,  -94.6437E-03,   549.985E-03,            0.,"ASSEMBLY_PLATE-1__PICKEDSET2","ROCK","",  -975.550E-03,      -1.35892,      -1.35866,  -975.817E-03,  -10.1138E-03
F:/Desktop/DeepOnet_Abaqus/StaticElasticJob3.odb,Step-1,Increment      1: Step Time =    1.000,"PLATE-1",          3019,             1,  -90.0542E-03,   520.741E-03,            0.,"ASSEMBLY_PLATE-1__PICKEDSET2","ROCK","",  -958.625E-03,      -1.38284,      -1.38274,  -958.717E-03,  -6.25662E-03
F:/Desktop/DeepOnet_Abaqus/StaticElasticJob3.odb,Step-1,Increment      1: Step Time =    1.000,"PLATE-1",          3020,             1,  -51.8457E-03,   526.348E-03,            0.,"ASSEMBLY_PLATE-1__PICKEDSET2","ROCK","",  -979.943E-03,      -1.37752,      -1.37748,  -979.980E-03,   3.85236E-03
F:/Desktop/DeepOnet_Abaqus/StaticElasticJob3.odb,Step-1,Increment      1: Step Time =    1.000,"PLATE-1",          3021,             1,  -481.673E-03,   103.025E-03,            0.,"ASSEMBLY_PLATE-1__PICKEDSET2","ROCK","",  -924.071E-03,      -1.20845,  -970.250E-03,      -1.16227,  -104.881E-03
F:/Desktop/DeepOnet_Abaqus/StaticElasticJob3.odb,Step-1,Increment      1: Step Time =    1.000,"PLATE-1",          3022,             1,  -529.226E-03,   224.775E-03,            0.,"ASSEMBLY_PLATE-1__PICKEDSET2","ROCK","",  -957.957E-03,      -1.21671,      -1.10095,      -1.07372,  -128.658E-03
F:/Desktop/DeepOnet_Abaqus/StaticElasticJob3.odb,Step-1,Increment      1: Step Time =    1.000,"PLATE-1",          3023,             1,  -538.883E-03,   28.0344E-03,            0.,"ASSEMBLY_PLATE-1__PICKEDSET2","ROCK","",  -992.653E-03,      -1.16078,  -993.752E-03,      -1.15968,  -13.5515E-03
F:/Desktop/DeepOnet_Abaqus/StaticElasticJob3.odb,Step-1,Increment      1: Step Time =    1.000,"PLATE-1",          3024,             1,  -572.530E-03,  -46.0557E-03,            0.,"ASSEMBLY_PLATE-1__PICKEDSET2","ROCK","",      -1.02608,      -1.15016,      -1.04189,      -1.13434,   41.3791E-03
F:/Desktop/DeepOnet_Abaqus/StaticElasticJob3.odb,Step-1,Increment      1: Step Time =    1.000,"PLATE-1",          3025,             1,  -320.879E-03,  -506.058E-03,            0.,"ASSEMBLY_PLATE-1__PICKEDSET2","ROCK","",  -945.811E-03,      -1.33019,      -1.29857,  -977.435E-03,   105.619E-03
F:/Desktop/DeepOnet_Abaqus/StaticElasticJob3.odb,Step-1,Increment      1: Step Time =    1.000,"PLATE-1",          3026,             1,  -7.28856E-03,  -445.904E-03,            0.,"ASSEMBLY_PLATE-1__PICKEDSET2","ROCK","",  -779.133E-03,      -1.49582,      -1.49517,  -779.784E-03,   21.6003E-03
F:/Desktop/DeepOnet_Abaqus/StaticElasticJob3.odb,Step-1,Increment      1: Step Time =    1.000,"PLATE-1",          3027,             1,   92.9335E-03,  -458.754E-03,            0.,"ASSEMBLY_PLATE-1__PICKEDSET2","ROCK","",  -810.211E-03,      -1.46266,      -1.45306,  -819.818E-03,  -78.5866E-03
F:/Desktop/DeepOnet_Abaqus/StaticElasticJob3.odb,Step-1,Increment      1: Step Time =    1.000,"PLATE-1",          3028,             1,   54.3140E-03,  -476.711E-03,            0.,"ASSEMBLY_PLATE-1__PICKEDSET2","ROCK","",  -819.914E-03,      -1.45183,      -1.44974,  -821.997E-03,  -36.2220E-03
F:/Desktop/DeepOnet_Abaqus/StaticElasticJob3.odb,Step-1,Increment      1: Step Time =    1.000,"PLATE-1",          3029,             1,   31.2477E-03,  -501.992E-03,            0.,"ASSEMBLY_PLATE-1__PICKEDSET2","ROCK","",  -834.495E-03,      -1.43813,      -1.43780,  -834.821E-03,  -14.0234E-03
F:/Desktop/DeepOnet_Abaqus/StaticElasticJob3.odb,Step-1,Increment      1: Step Time =    1.000,"PLATE-1",          3030,             1,  -311.366E-03,   481.299E-03,            0.,"ASSEMBLY_PLATE-1__PICKEDSET2","ROCK","",  -921.698E-03,      -1.34295,      -1.32218,  -942.470E-03,  -91.2062E-03
F:/Desktop/DeepOnet_Abaqus/StaticElasticJob3.odb,Step-1,Increment      1: Step Time =    1.000,"PLATE-1",          3031,             1,      -1.06366,   500.018E-03,            0.,"ASSEMBLY_PLATE-1__PICKEDSET2","ROCK","",      -1.01407,      -1.20965,      -1.20407,      -1.01965,  -32.5636E-03
F:/Desktop/DeepOnet_Abaqus/StaticElasticJob3.odb,Step-1,Increment      1: Step Time =    1.000,"PLATE-1",          3032,             1,  -99.4984E-03,  -509.854E-03,            0.,"ASSEMBLY_PLATE-1__PICKEDSET2","ROCK","",  -861.572E-03,      -1.41745,      -1.40683,  -872.195E-03,   76.1063E-03
F:/Desktop/DeepOnet_Abaqus/StaticElasticJob3.odb,Step-1,Increment      1: Step Time =    1.000,"PLATE-1",          3033,             1,  -451.843E-03,  -997.121E-03,            0.,"ASSEMBLY_PLATE-1__PICKEDSET2","ROCK","",  -982.973E-03,      -1.26515,      -1.26264,  -985.480E-03,   26.4793E-03
F:/Desktop/DeepOnet_Abaqus/StaticElasticJob3.odb,Step-1,Increment      1: Step Time =    1.000,"PLATE-1",          3034,             1,  -195.981E-03,  -442.569E-03,            0.,"ASSEMBLY_PLATE-1__PICKEDSET2","ROCK","",  -878.290E-03,      -1.42140,      -1.37306,  -926.628E-03,   154.649E-03
F:/Desktop/DeepOnet_Abaqus/StaticElasticJob3.odb,Step-1,Increment      1: Step Time =    1.000,"PLATE-1",          3035,             1,  -157.482E-03,  -461.073E-03,            0.,"ASSEMBLY_PLATE-1__PICKEDSET2","ROCK","",  -860.772E-03,      -1.42927,      -1.39909,  -890.951E-03,   127.459E-03
F:/Desktop/DeepOnet_Abaqus/StaticElasticJob3.odb,Step-1,Increment      1: Step Time =    1.000,"PLATE-1",          3036,             1,   797.605E-03,      -1.07164,            0.,"ASSEMBLY_PLATE-1__PICKEDSET2","ROCK","",  -984.233E-03,      -1.25018,      -1.24817,  -986.251E-03,  -23.0823E-03
F:/Desktop/DeepOnet_Abaqus/StaticElasticJob3.odb,Step-1,Increment      1: Step Time =    1.000,"PLATE-1",          3037,             1,  -156.408E-03,   565.843E-03,            0.,"ASSEMBLY_PLATE-1__PICKEDSET2","ROCK","",  -963.293E-03,      -1.34638,      -1.34467,  -965.011E-03,  -25.5923E-03
F:/Desktop/DeepOnet_Abaqus/StaticElasticJob3.odb,Step-1,Increment      1: Step Time =    1.000,"PLATE-1",          3038,             1,  -123.108E-03,   553.832E-03,            0.,"ASSEMBLY_PLATE-1__PICKEDSET2","ROCK","",  -964.032E-03,      -1.35275,      -1.35244,  -964.347E-03,  -11.0481E-03
F:/Desktop/DeepOnet_Abaqus/StaticElasticJob3.odb,Step-1,Increment      1: Step Time =    1.000,"PLATE-1",          3039,             1,  -136.685E-03,   608.712E-03,            0.,"ASSEMBLY_PLATE-1__PICKEDSET2","ROCK","",  -977.823E-03,      -1.32411,      -1.32348,  -978.457E-03,  -14.7966E-03
F:/Desktop/DeepOnet_Abaqus/StaticElasticJob3.odb,Step-1,Increment      1: Step Time =    1.000,"PLATE-1",          3040,             1,   151.176E-03,  -515.039E-03,            0.,"ASSEMBLY_PLATE-1__PICKEDSET2","ROCK","",  -872.932E-03,      -1.39569,      -1.38355,  -885.074E-03,  -78.7400E-03
F:/Desktop/DeepOnet_Abaqus/StaticElasticJob3.odb,Step-1,Increment      1: Step Time =    1.000,"PLATE-1",          3041,             1,  -185.453E-03,  -470.339E-03,            0.,"ASSEMBLY_PLATE-1__PICKEDSET2","ROCK","",  -878.804E-03,      -1.41099,      -1.37569,  -914.103E-03,   132.437E-03
F:/Desktop/DeepOnet_Abaqus/StaticElasticJob3.odb,Step-1,Increment      1: Step Time =    1.000,"PLATE-1",          3042,             1,       1.12100,   665.598E-03,            0.,"ASSEMBLY_PLATE-1__PICKEDSET2","ROCK","",      -1.01632,      -1.23132,      -1.22460,      -1.02304,   37.4277E-03
F:/Desktop/DeepOnet_Abaqus/StaticElasticJob3.odb,Step-1,Increment      1: Step Time =    1.000,"PLATE-1",          3043,             1,  -951.593E-03,  -674.134E-03,            0.,"ASSEMBLY_PLATE-1__PICKEDSET2","ROCK","",      -1.00334,      -1.23307,      -1.22760,      -1.00882,   35.0433E-03
F:/Desktop/DeepOnet_Abaqus/StaticElasticJob3.odb,Step-1,Increment      1: Step Time =    1.000,"PLATE-1",          3044,             1,  -194.009E-03,   462.203E-03,            0.,"ASSEMBLY_PLATE-1__PICKEDSET2","ROCK","",  -915.513E-03,      -1.40242,      -1.39416,  -923.770E-03,  -62.8682E-03
F:/Desktop/DeepOnet_Abaqus/StaticElasticJob3.odb,Step-1,Increment      1: Step Time =    1.000,"PLATE-1",          3045,             1,  -377.068E-03,   349.579E-03,            0.,"ASSEMBLY_PLATE-1__PICKEDSET2","ROCK","",  -883.077E-03,      -1.33411,      -1.25402,  -963.164E-03,  -172.360E-03
F:/Desktop/DeepOnet_Abaqus/StaticElasticJob3.odb,Step-1,Increment      1: Step Time =    1.000,"PLATE-1",          3046,             1,  -378.945E-03,   411.802E-03,            0.,"ASSEMBLY_PLATE-1__PICKEDSET2","ROCK","",  -905.471E-03,      -1.32758,      -1.27660,  -956.450E-03,  -137.550E-03
F:/Desktop/DeepOnet_Abaqus/StaticElasticJob3.odb,Step-1,Increment      1: Step Time =    1.000,"PLATE-1",          3047,             1,   211.403E-03,      -1.07276,            0.,"ASSEMBLY_PLATE-1__PICKEDSET2","ROCK","",  -972.109E-03,      -1.27366,      -1.27345,  -972.320E-03,  -7.96389E-03
F:/Desktop/DeepOnet_Abaqus/StaticElasticJob3.odb,Step-1,Increment      1: Step Time =    1.000,"PLATE-1",          3048,             1,   151.480E-03,      -1.04449,            0.,"ASSEMBLY_PLATE-1__PICKEDSET2","ROCK","",  -970.041E-03,      -1.27711,      -1.27704,  -970.117E-03,  -4.82167E-03
F:/Desktop/DeepOnet_Abaqus/StaticElasticJob3.odb,Step-1,Increment      1: Step Time =    1.000,"PLATE-1",          3049,             1,  -623.293E-03,   48.9074E-03,            0.,"ASSEMBLY_PLATE-1__PICKEDSET2","ROCK","",      -1.04890,      -1.12707,      -1.05452,      -1.12145,  -20.1854E-03
F:/Desktop/DeepOnet_Abaqus/StaticElasticJob3.odb,Step-1,Increment      1: Step Time =    1.000,"PLATE-1",          3050,             1,  -642.424E-03,  -15.8766E-03,            0.,"ASSEMBLY_PLATE-1__PICKEDSET2","ROCK","",      -1.06758,      -1.11815,      -1.07355,      -1.11217,   16.3195E-03
F:/Desktop/DeepOnet_Abaqus/StaticElasticJob3.odb,Step-1,Increment      1: Step Time =    1.000,"PLATE-1",          3051,             1,       1.05959,  -559.649E-03,            0.,"ASSEMBLY_PLATE-1__PICKEDSET2","ROCK","",      -1.00006,      -1.22145,      -1.21429,      -1.00721,  -39.1583E-03
F:/Desktop/DeepOnet_Abaqus/StaticElasticJob3.odb,Step-1,Increment      1: Step Time =    1.000,"PLATE-1",          3052,             1,   990.277E-03,  -535.542E-03,            0.,"ASSEMBLY_PLATE-1__PICKEDSET2","ROCK","",  -997.279E-03,      -1.22310,      -1.21413,      -1.00625,  -44.1109E-03
F:/Desktop/DeepOnet_Abaqus/StaticElasticJob3.odb,Step-1,Increment      1: Step Time =    1.000,"PLATE-1",          3053,             1,   323.703E-03,  -526.608E-03,            0.,"ASSEMBLY_PLATE-1__PICKEDSET2","ROCK","",  -928.050E-03,      -1.32749,      -1.30562,  -949.915E-03,  -90.8604E-03
F:/Desktop/DeepOnet_Abaqus/StaticElasticJob3.odb,Step-1,Increment      1: Step Time =    1.000,"PLATE-1",          3054,             1,  -101.509E-03,   828.813E-03,            0.,"ASSEMBLY_PLATE-1__PICKEDSET2","ROCK","",  -986.597E-03,      -1.27500,      -1.27272,  -988.870E-03,  -25.5006E-03
F:/Desktop/DeepOnet_Abaqus/StaticElasticJob3.odb,Step-1,Increment      1: Step Time =    1.000,"PLATE-1",          3055,             1,  -152.625E-03,   787.481E-03,            0.,"ASSEMBLY_PLATE-1__PICKEDSET2","ROCK","",  -986.628E-03,      -1.27961,      -1.27843,  -987.808E-03,  -18.5559E-03
F:/Desktop/DeepOnet_Abaqus/StaticElasticJob3.odb,Step-1,Increment      1: Step Time =    1.000,"PLATE-1",          3056,             1,   127.543E-03,  -652.886E-03,            0.,"ASSEMBLY_PLATE-1__PICKEDSET2","ROCK","",  -918.473E-03,      -1.34234,      -1.34053,  -920.283E-03,  -27.6392E-03
F:/Desktop/DeepOnet_Abaqus/StaticElasticJob3.odb,Step-1,Increment      1: Step Time =    1.000,"PLATE-1",          3057,             1,  -89.3883E-03,   490.752E-03,            0.,"ASSEMBLY_PLATE-1__PICKEDSET2","ROCK","",  -957.354E-03,      -1.40625,      -1.40583,  -957.776E-03,  -13.7631E-03
F:/Desktop/DeepOnet_Abaqus/StaticElasticJob3.odb,Step-1,Increment      1: Step Time =    1.000,"PLATE-1",          3058,             1,  -440.229E-03,   399.065E-03,            0.,"ASSEMBLY_PLATE-1__PICKEDSET2","ROCK","",  -923.001E-03,      -1.29586,      -1.23959,  -979.270E-03,  -133.470E-03
F:/Desktop/DeepOnet_Abaqus/StaticElasticJob3.odb,Step-1,Increment      1: Step Time =    1.000,"PLATE-1",          3059,             1,   771.133E-03,  -111.977E-03,            0.,"ASSEMBLY_PLATE-1__PICKEDSET2","ROCK","",      -1.02108,      -1.16003,      -1.13391,      -1.04719,  -54.2793E-03
F:/Desktop/DeepOnet_Abaqus/StaticElasticJob3.odb,Step-1,Increment      1: Step Time =    1.000,"PLATE-1",          3060,             1,  -20.9773E-03,  -530.659E-03,            0.,"ASSEMBLY_PLATE-1__PICKEDSET2","ROCK","",  -854.444E-03,      -1.41872,      -1.41761,  -855.557E-03,   25.0333E-03
F:/Desktop/DeepOnet_Abaqus/StaticElasticJob3.odb,Step-1,Increment      1: Step Time =    1.000,"PLATE-1",          3061,             1,   50.3018E-03,  -530.283E-03,            0.,"ASSEMBLY_PLATE-1__PICKEDSET2","ROCK","",  -857.653E-03,      -1.41213,      -1.41108,  -858.704E-03,  -24.1129E-03
F:/Desktop/DeepOnet_Abaqus/StaticElasticJob3.odb,Step-1,Increment      1: Step Time =    1.000,"PLATE-1",          3062,             1,  -927.895E-03,   818.384E-03,            0.,"ASSEMBLY_PLATE-1__PICKEDSET2","ROCK","",  -996.489E-03,      -1.23440,      -1.23003,      -1.00087,  -31.9703E-03
F:/Desktop/DeepOnet_Abaqus/StaticElasticJob3.odb,Step-1,Increment      1: Step Time =    1.000,"PLATE-1",          3063,             1,   96.9162E-03,  -539.527E-03,            0.,"ASSEMBLY_PLATE-1__PICKEDSET2","ROCK","",  -867.986E-03,      -1.40071,      -1.39696,  -871.736E-03,  -44.5362E-03
F:/Desktop/DeepOnet_Abaqus/StaticElasticJob3.odb,Step-1,Increment      1: Step Time =    1.000,"PLATE-1",          3064,             1,  -395.795E-03,   477.763E-03,            0.,"ASSEMBLY_PLATE-1__PICKEDSET2","ROCK","",  -931.937E-03,      -1.31060,      -1.28212,  -960.423E-03,  -99.8754E-03
F:/Desktop/DeepOnet_Abaqus/StaticElasticJob3.odb,Step-1,Increment      1: Step Time =    1.000,"PLATE-1",          3065,             1,  -215.454E-03,  -471.933E-03,            0.,"ASSEMBLY_PLATE-1__PICKEDSET2","ROCK","",  -897.777E-03,      -1.39246,      -1.35434,  -935.896E-03,   131.923E-03
F:/Desktop/DeepOnet_Abaqus/StaticElasticJob3.odb,Step-1,Increment      1: Step Time =    1.000,"PLATE-1",          3066,             1,  -176.182E-03,  -503.144E-03,            0.,"ASSEMBLY_PLATE-1__PICKEDSET2","ROCK","",  -886.006E-03,      -1.39830,      -1.37452,  -909.789E-03,   107.788E-03
F:/Desktop/DeepOnet_Abaqus/StaticElasticJob3.odb,Step-1,Increment      1: Step Time =    1.000,"PLATE-1",          3067,             1,   99.5016E-03,  -960.441E-03,            0.,"ASSEMBLY_PLATE-1__PICKEDSET2","ROCK","",  -963.979E-03,      -1.28606,      -1.28604,  -964.001E-03,  -2.68707E-03
F:/Desktop/DeepOnet_Abaqus/StaticElasticJob3.odb,Step-1,Increment      1: Step Time =    1.000,"PLATE-1",          3068,             1,  -212.007E-03,  -518.022E-03,            0.,"ASSEMBLY_PLATE-1__PICKEDSET2","ROCK","",  -909.004E-03,      -1.37371,      -1.34705,  -935.665E-03,   108.069E-03
F:/Desktop/DeepOnet_Abaqus/StaticElasticJob3.odb,Step-1,Increment      1: Step Time =    1.000,"PLATE-1",          3069,             1,  -694.853E-03,   13.9694E-03,            0.,"ASSEMBLY_PLATE-1__PICKEDSET2","ROCK","",      -1.09143,      -1.10025,      -1.09208,      -1.09960,   2.29386E-03
F:/Desktop/DeepOnet_Abaqus/StaticElasticJob3.odb,Step-1,Increment      1: Step Time =    1.000,"PLATE-1",          3070,             1,  -340.738E-03,   571.524E-03,            0.,"ASSEMBLY_PLATE-1__PICKEDSET2","ROCK","",  -948.615E-03,      -1.31223,      -1.30178,  -959.064E-03,  -60.7484E-03
F:/Desktop/DeepOnet_Abaqus/StaticElasticJob3.odb,Step-1,Increment      1: Step Time =    1.000,"PLATE-1",          3071,             1,   223.435E-03,  -722.024E-03,            0.,"ASSEMBLY_PLATE-1__PICKEDSET2","ROCK","",  -940.473E-03,      -1.31367,      -1.31037,  -943.772E-03,  -34.9351E-03
F:/Desktop/DeepOnet_Abaqus/StaticElasticJob3.odb,Step-1,Increment      1: Step Time =    1.000,"PLATE-1",          3072,             1,   568.602E-03,  -557.605E-03,            0.,"ASSEMBLY_PLATE-1__PICKEDSET2","ROCK","",  -963.712E-03,      -1.26752,      -1.25033,  -980.896E-03,  -70.1822E-03
F:/Desktop/DeepOnet_Abaqus/StaticElasticJob3.odb,Step-1,Increment      1: Step Time =    1.000,"PLATE-1",          3073,             1,   566.054E-03,  -613.516E-03,            0.,"ASSEMBLY_PLATE-1__PICKEDSET2","ROCK","",  -965.299E-03,      -1.26823,      -1.25550,  -978.034E-03,  -60.7936E-03
F:/Desktop/DeepOnet_Abaqus/StaticElasticJob3.odb,Step-1,Increment      1: Step Time =    1.000,"PLATE-1",          3074,             1,   951.019E-03,  -236.571E-03,            0.,"ASSEMBLY_PLATE-1__PICKEDSET2","ROCK","",      -1.01708,      -1.18807,      -1.17449,      -1.03066,  -46.2253E-03
F:/Desktop/DeepOnet_Abaqus/StaticElasticJob3.odb,Step-1,Increment      1: Step Time =    1.000,"PLATE-1",          3075,             1,  -277.520E-03,   594.084E-03,            0.,"ASSEMBLY_PLATE-1__PICKEDSET2","ROCK","",  -953.096E-03,      -1.32050,      -1.31450,  -959.093E-03,  -46.5535E-03
F:/Desktop/DeepOnet_Abaqus/StaticElasticJob3.odb,Step-1,Increment      1: Step Time =    1.000,"PLATE-1",          3076,             1,  -588.480E-03,   417.859E-03,            0.,"ASSEMBLY_PLATE-1__PICKEDSET2","ROCK","",  -967.452E-03,      -1.24686,      -1.20757,      -1.00674,  -97.1234E-03
F:/Desktop/DeepOnet_Abaqus/StaticElasticJob3.odb,Step-1,Increment      1: Step Time =    1.000,"PLATE-1",          3077,             1,   24.0667E-03,  -586.953E-03,            0.,"ASSEMBLY_PLATE-1__PICKEDSET2","ROCK","",  -886.556E-03,      -1.38131,      -1.38130,  -886.561E-03,  -1.59667E-03
F:/Desktop/DeepOnet_Abaqus/StaticElasticJob3.odb,Step-1,Increment      1: Step Time =    1.000,"PLATE-1",          3078,             1,  -35.9143E-03,  -645.519E-03,            0.,"ASSEMBLY_PLATE-1__PICKEDSET2","ROCK","",  -912.339E-03,      -1.35386,      -1.35291,  -913.293E-03,   20.4976E-03
F:/Desktop/DeepOnet_Abaqus/StaticElasticJob3.odb,Step-1,Increment      1: Step Time =    1.000,"PLATE-1",          3079,             1,   47.5955E-03,  -636.613E-03,            0.,"ASSEMBLY_PLATE-1__PICKEDSET2","ROCK","",  -905.941E-03,      -1.35893,      -1.35879,  -906.080E-03,  -7.94212E-03
F:/Desktop/DeepOnet_Abaqus/StaticElasticJob3.odb,Step-1,Increment      1: Step Time =    1.000,"PLATE-1",          3080,             1,   739.487E-03,  -557.484E-03,            0.,"ASSEMBLY_PLATE-1__PICKEDSET2","ROCK","",  -978.516E-03,      -1.24544,      -1.23160,  -992.354E-03,  -59.1802E-03
F:/Desktop/DeepOnet_Abaqus/StaticElasticJob3.odb,Step-1,Increment      1: Step Time =    1.000,"PLATE-1",          3081,             1,  -26.1511E-03,  -881.127E-03,            0.,"ASSEMBLY_PLATE-1__PICKEDSET2","ROCK","",  -956.469E-03,      -1.29829,      -1.29806,  -956.701E-03,   8.88682E-03
F:/Desktop/DeepOnet_Abaqus/StaticElasticJob3.odb,Step-1,Increment      1: Step Time =    1.000,"PLATE-1",          3082,             1,  -277.320E-03,  -677.245E-03,            0.,"ASSEMBLY_PLATE-1__PICKEDSET2","ROCK","",  -951.806E-03,      -1.31287,      -1.30294,  -961.740E-03,   59.0603E-03
F:/Desktop/DeepOnet_Abaqus/StaticElasticJob3.odb,Step-1,Increment      1: Step Time =    1.000,"PLATE-1",          3083,             1,  -685.816E-03,   46.3012E-03,            0.,"ASSEMBLY_PLATE-1__PICKEDSET2","ROCK","",      -1.07802,      -1.10915,      -1.08443,      -1.10274,  -12.5925E-03
F:/Desktop/DeepOnet_Abaqus/StaticElasticJob3.odb,Step-1,Increment      1: Step Time =    1.000,"PLATE-1",          3084,             1,  -692.583E-03,   169.925E-03,            0.,"ASSEMBLY_PLATE-1__PICKEDSET2","ROCK","",      -1.03904,      -1.15281,      -1.11474,      -1.07710,  -53.6807E-03
F:/Desktop/DeepOnet_Abaqus/StaticElasticJob3.odb,Step-1,Increment      1: Step Time =    1.000,"PLATE-1",          3085,             1,  -754.229E-03,   672.056E-03,            0.,"ASSEMBLY_PLATE-1__PICKEDSET2","ROCK","",  -989.413E-03,      -1.24027,      -1.23131,  -998.371E-03,  -46.5498E-03
F:/Desktop/DeepOnet_Abaqus/StaticElasticJob3.odb,Step-1,Increment      1: Step Time =    1.000,"PLATE-1",          3086,             1,  -322.447E-03,   615.773E-03,            0.,"ASSEMBLY_PLATE-1__PICKEDSET2","ROCK","",  -956.953E-03,      -1.30453,      -1.29774,  -963.740E-03,  -48.0917E-03
F:/Desktop/DeepOnet_Abaqus/StaticElasticJob3.odb,Step-1,Increment      1: Step Time =    1.000,"PLATE-1",          3087,             1,  -272.265E-03,   710.131E-03,            0.,"ASSEMBLY_PLATE-1__PICKEDSET2","ROCK","",  -975.012E-03,      -1.29178,      -1.28933,  -977.465E-03,  -27.7681E-03
F:/Desktop/DeepOnet_Abaqus/StaticElasticJob3.odb,Step-1,Increment      1: Step Time =    1.000,"PLATE-1",          3088,             1,  -859.684E-03,  -140.964E-03,            0.,"ASSEMBLY_PLATE-1__PICKEDSET2","ROCK","",      -1.04861,      -1.16679,      -1.15800,      -1.05740,   31.0078E-03
F:/Desktop/DeepOnet_Abaqus/StaticElasticJob3.odb,Step-1,Increment      1: Step Time =    1.000,"PLATE-1",          3089,             1,   659.390E-03,  -832.686E-03,            0.,"ASSEMBLY_PLATE-1__PICKEDSET2","ROCK","",  -975.958E-03,      -1.25832,      -1.25328,  -981.003E-03,  -37.4015E-03
F:/Desktop/DeepOnet_Abaqus/StaticElasticJob3.odb,Step-1,Increment      1: Step Time =    1.000,"PLATE-1",          3090,             1,   608.604E-03,  -778.021E-03,            0.,"ASSEMBLY_PLATE-1__PICKEDSET2","ROCK","",  -972.404E-03,      -1.26299,      -1.25710,  -978.295E-03,  -40.9516E-03
F:/Desktop/DeepOnet_Abaqus/StaticElasticJob3.odb,Step-1,Increment      1: Step Time =    1.000,"PLATE-1",          3091,             1,   778.773E-03,  -677.314E-03,            0.,"ASSEMBLY_PLATE-1__PICKEDSET2","ROCK","",  -980.846E-03,      -1.24679,      -1.23828,  -989.351E-03,  -46.7947E-03
F:/Desktop/DeepOnet_Abaqus/StaticElasticJob3.odb,Step-1,Increment      1: Step Time =    1.000,"PLATE-1",          3092,             1,  -98.1351E-03,  -688.795E-03,            0.,"ASSEMBLY_PLATE-1__PICKEDSET2","ROCK","",  -928.390E-03,      -1.33626,      -1.33387,  -930.786E-03,   31.1700E-03
F:/Desktop/DeepOnet_Abaqus/StaticElasticJob3.odb,Step-1,Increment      1: Step Time =    1.000,"PLATE-1",          3093,             1,  -192.424E-03,  -729.098E-03,            0.,"ASSEMBLY_PLATE-1__PICKEDSET2","ROCK","",  -948.554E-03,      -1.31350,      -1.30902,  -953.036E-03,   40.1987E-03
F:/Desktop/DeepOnet_Abaqus/StaticElasticJob3.odb,Step-1,Increment      1: Step Time =    1.000,"PLATE-1",          3094,             1,   525.336E-03,  -673.937E-03,            0.,"ASSEMBLY_PLATE-1__PICKEDSET2","ROCK","",  -963.611E-03,      -1.27406,      -1.26488,  -972.794E-03,  -52.5976E-03
F:/Desktop/DeepOnet_Abaqus/StaticElasticJob3.odb,Step-1,Increment      1: Step Time =    1.000,"PLATE-1",          3095,             1,   610.084E-03,  -663.948E-03,            0.,"ASSEMBLY_PLATE-1__PICKEDSET2","ROCK","",  -969.203E-03,      -1.26380,      -1.25359,  -979.415E-03,  -53.8900E-03
F:/Desktop/DeepOnet_Abaqus/StaticElasticJob3.odb,Step-1,Increment      1: Step Time =    1.000,"PLATE-1",          3096,             1,   613.279E-03,  -618.086E-03,            0.,"ASSEMBLY_PLATE-1__PICKEDSET2","ROCK","",  -968.551E-03,      -1.26301,      -1.25075,  -980.814E-03,  -58.8266E-03
F:/Desktop/DeepOnet_Abaqus/StaticElasticJob3.odb,Step-1,Increment      1: Step Time =    1.000,"PLATE-1",          3097,             1,   36.4151E-03,  -872.729E-03,            0.,"ASSEMBLY_PLATE-1__PICKEDSET2","ROCK","",  -955.106E-03,      -1.29866,      -1.29866,  -955.108E-03,   859.829E-06
F:/Desktop/DeepOnet_Abaqus/StaticElasticJob3.odb,Step-1,Increment      1: Step Time =    1.000,"PLATE-1",          3098,             1,   400.178E-03,  -705.321E-03,            0.,"ASSEMBLY_PLATE-1__PICKEDSET2","ROCK","",  -954.167E-03,      -1.29135,      -1.28424,  -961.275E-03,  -48.4383E-03
F:/Desktop/DeepOnet_Abaqus/StaticElasticJob3.odb,Step-1,Increment      1: Step Time =    1.000,"PLATE-1",          3099,             1,  -801.072E-03,  -262.768E-03,            0.,"ASSEMBLY_PLATE-1__PICKEDSET2","ROCK","",      -1.02880,      -1.19269,      -1.17330,      -1.04818,   52.9321E-03
F:/Desktop/DeepOnet_Abaqus/StaticElasticJob3.odb,Step-1,Increment      1: Step Time =    1.000,"PLATE-1",          3100,             1,   709.465E-03,  -768.008E-03,            0.,"ASSEMBLY_PLATE-1__PICKEDSET2","ROCK","",  -977.524E-03,      -1.25449,      -1.24825,  -983.765E-03,  -41.1044E-03
F:/Desktop/DeepOnet_Abaqus/StaticElasticJob3.odb,Step-1,Increment      1: Step Time =    1.000,"PLATE-1",          3101,             1,  -738.490E-03,   617.625E-03,            0.,"ASSEMBLY_PLATE-1__PICKEDSET2","ROCK","",  -988.725E-03,      -1.23920,      -1.22788,      -1.00005,  -52.0322E-03
