ODB Name,Step,Frame,Part Instance Name,      µ¥Ôª±êÇ©,         IntPt,X,Y,Z,Section Name,Material Name,Section Point,S-Max. In-Plane Principal,S-Min. In-Plane Principal,         S-S11,         S-S22,         S-S12
F:/Desktop/DeepOnet_Abaqus/StaticElasticJob.odb,Step-1,Increment      1: Step Time =    1.000,"PLATE-1",             1,             1,      -1.75538,   955.946E-03,            0.,"ASSEMBLY_PLATE-1__PICKEDSET2","ROCK","",      -1.01447,      -1.53165,      -1.52977,      -1.01635,  -31.1498E-03
F:/Desktop/DeepOnet_Abaqus/StaticElasticJob.odb,Step-1,Increment      1: Step Time =    1.000,"PLATE-1",             2,             1,      -1.75634,   257.410E-03,            0.,"ASSEMBLY_PLATE-1__PICKEDSET2","ROCK","",      -1.03237,      -1.50170,      -1.50164,      -1.03244,  -5.58589E-03
F:/Desktop/DeepOnet_Abaqus/StaticElasticJob.odb,Step-1,Increment      1: Step Time =    1.000,"PLATE-1",             3,             1,      -2.07393,      -1.08534,            0.,"ASSEMBLY_PLATE-1__PICKEDSET2","ROCK","",      -1.00567,      -1.54758,      -1.54657,      -1.00667,   23.2846E-03
F:/Desktop/DeepOnet_Abaqus/StaticElasticJob.odb,Step-1,Increment      1: Step Time =    1.000,"PLATE-1",             4,             1,       1.43363,       1.77982,            0.,"ASSEMBLY_PLATE-1__PICKEDSET2","ROCK","",  -854.545E-03,      -1.66071,      -1.65624,  -859.018E-03,   59.8845E-03
F:/Desktop/DeepOnet_Abaqus/StaticElasticJob.odb,Step-1,Increment      1: Step Time =    1.000,"PLATE-1",             5,             1,       1.75124,       1.34711,            0.,"ASSEMBLY_PLATE-1__PICKEDSET2","ROCK","",  -925.736E-03,      -1.49394,      -1.44542,  -974.257E-03,   158.795E-03
F:/Desktop/DeepOnet_Abaqus/StaticElasticJob.odb,Step-1,Increment      1: Step Time =    1.000,"PLATE-1",             6,             1,       1.89577,      -1.66937,            0.,"ASSEMBLY_PLATE-1__PICKEDSET2","ROCK","",      -1.01455,      -1.56340,      -1.56258,      -1.01537,  -21.2355E-03
F:/Desktop/DeepOnet_Abaqus/StaticElasticJob.odb,Step-1,Increment      1: Step Time =    1.000,"PLATE-1",             7,             1,  -10.7208E-03,       1.82307,            0.,"ASSEMBLY_PLATE-1__PICKEDSET2","ROCK","",      -1.01377,      -1.64147,      -1.64088,      -1.01435,  -19.1581E-03
F:/Desktop/DeepOnet_Abaqus/StaticElasticJob.odb,Step-1,Increment      1: Step Time =    1.000,"PLATE-1",             8,             1,  -838.834E-03,      -1.99729,            0.,"ASSEMBLY_PLATE-1__PICKEDSET2","ROCK","",  -988.971E-03,      -1.57465,      -1.57444,  -989.176E-03,   10.9370E-03
F:/Desktop/DeepOnet_Abaqus/StaticElasticJob.odb,Step-1,Increment      1: Step Time =    1.000,"PLATE-1",             9,             1,       1.91612,      -1.49343,            0.,"ASSEMBLY_PLATE-1__PICKEDSET2","ROCK","",      -1.01444,      -1.56350,      -1.56264,      -1.01531,  -21.8079E-03
F:/Desktop/DeepOnet_Abaqus/StaticElasticJob.odb,Step-1,Increment      1: Step Time =    1.000,"PLATE-1",            10,             1,      -1.78745,  -504.603E-03,            0.,"ASSEMBLY_PLATE-1__PICKEDSET2","ROCK","",      -1.01561,      -1.52738,      -1.52586,      -1.01713,   27.8178E-03
F:/Desktop/DeepOnet_Abaqus/StaticElasticJob.odb,Step-1,Increment      1: Step Time =    1.000,"PLATE-1",            11,             1,       1.93542,   614.853E-03,            0.,"ASSEMBLY_PLATE-1__PICKEDSET2","ROCK","",      -1.06363,      -1.49549,      -1.46272,      -1.09640,  -114.354E-03
F:/Desktop/DeepOnet_Abaqus/StaticElasticJob.odb,Step-1,Increment      1: Step Time =    1.000,"PLATE-1",            12,             1,   233.956E-03,       2.02500,            0.,"ASSEMBLY_PLATE-1__PICKEDSET2","ROCK","",      -1.03576,      -1.62764,      -1.62742,      -1.03599,  -11.5155E-03
F:/Desktop/DeepOnet_Abaqus/StaticElasticJob.odb,Step-1,Increment      1: Step Time =    1.000,"PLATE-1",            13,             1,       1.96404,      -1.22601,            0.,"ASSEMBLY_PLATE-1__PICKEDSET2","ROCK","",      -1.02111,      -1.56455,      -1.56345,      -1.02220,  -24.4132E-03
F:/Desktop/DeepOnet_Abaqus/StaticElasticJob.odb,Step-1,Increment      1: Step Time =    1.000,"PLATE-1",            14,             1,      -1.30359,       2.04775,            0.,"ASSEMBLY_PLATE-1__PICKEDSET2","ROCK","",  -993.175E-03,      -1.57653,      -1.57571,  -993.997E-03,  -21.8822E-03
F:/Desktop/DeepOnet_Abaqus/StaticElasticJob.odb,Step-1,Increment      1: Step Time =    1.000,"PLATE-1",            15,             1,       1.94018,  -895.239E-03,            0.,"ASSEMBLY_PLATE-1__PICKEDSET2","ROCK","",      -1.03049,      -1.56812,      -1.56673,      -1.03188,  -27.2981E-03
F:/Desktop/DeepOnet_Abaqus/StaticElasticJob.odb,Step-1,Increment      1: Step Time =    1.000,"PLATE-1",            16,             1,   599.622E-03,       2.43406,            0.,"ASSEMBLY_PLATE-1__PICKEDSET2","ROCK","",      -1.01625,      -1.60233,      -1.60110,      -1.01748,  -26.7999E-03
F:/Desktop/DeepOnet_Abaqus/StaticElasticJob.odb,Step-1,Increment      1: Step Time =    1.000,"PLATE-1",            17,             1,      -2.04501,   302.024E-03,            0.,"ASSEMBLY_PLATE-1__PICKEDSET2","ROCK","",      -1.02651,      -1.51793,      -1.51786,      -1.02659,  -6.05212E-03
F:/Desktop/DeepOnet_Abaqus/StaticElasticJob.odb,Step-1,Increment      1: Step Time =    1.000,"PLATE-1",            18,             1,       1.32360,      -2.03853,            0.,"ASSEMBLY_PLATE-1__PICKEDSET2","ROCK","",      -1.00266,      -1.56968,      -1.56913,      -1.00321,  -17.7695E-03
F:/Desktop/DeepOnet_Abaqus/StaticElasticJob.odb,Step-1,Increment      1: Step Time =    1.000,"PLATE-1",            19,             1,       1.90745,       2.38975,            0.,"ASSEMBLY_PLATE-1__PICKEDSET2","ROCK","",  -953.377E-03,      -1.59532,      -1.59329,  -955.406E-03,   36.0304E-03
F:/Desktop/DeepOnet_Abaqus/StaticElasticJob.odb,Step-1,Increment      1: Step Time =    1.000,"PLATE-1",            20,             1,       2.01432,   263.851E-03,            0.,"ASSEMBLY_PLATE-1__PICKEDSET2","ROCK","",      -1.02257,      -1.58597,      -1.57745,      -1.03109,  -68.7628E-03
F:/Desktop/DeepOnet_Abaqus/StaticElasticJob.odb,Step-1,Increment      1: Step Time =    1.000,"PLATE-1",            21,             1,   610.845E-03,      -2.21010,            0.,"ASSEMBLY_PLATE-1__PICKEDSET2","ROCK","",  -993.771E-03,      -1.57654,      -1.57640,  -993.915E-03,  -9.14587E-03
F:/Desktop/DeepOnet_Abaqus/StaticElasticJob.odb,Step-1,Increment      1: Step Time =    1.000,"PLATE-1",            22,             1,      -2.52810,      -1.41091,            0.,"ASSEMBLY_PLATE-1__PICKEDSET2","ROCK","",      -1.00718,      -1.55029,      -1.54978,      -1.00770,   16.7587E-03
F:/Desktop/DeepOnet_Abaqus/StaticElasticJob.odb,Step-1,Increment      1: Step Time =    1.000,"PLATE-1",            23,             1,      -2.33392,   765.089E-03,            0.,"ASSEMBLY_PLATE-1__PICKEDSET2","ROCK","",      -1.01906,      -1.53307,      -1.53252,      -1.01961,  -16.8730E-03
F:/Desktop/DeepOnet_Abaqus/StaticElasticJob.odb,Step-1,Increment      1: Step Time =    1.000,"PLATE-1",            24,             1,      -2.82853,       1.62928,            0.,"ASSEMBLY_PLATE-1__PICKEDSET2","ROCK","",      -1.01065,      -1.55103,      -1.55061,      -1.01107,  -15.0368E-03
F:/Desktop/DeepOnet_Abaqus/StaticElasticJob.odb,Step-1,Increment      1: Step Time =    1.000,"PLATE-1",            25,             1,      -1.67005,      -2.67326,            0.,"ASSEMBLY_PLATE-1__PICKEDSET2","ROCK","",  -997.368E-03,      -1.56131,      -1.56118,  -997.495E-03,   8.46588E-03
F:/Desktop/DeepOnet_Abaqus/StaticElasticJob.odb,Step-1,Increment      1: Step Time =    1.000,"PLATE-1",            26,             1,      -1.47178,      -3.12651,            0.,"ASSEMBLY_PLATE-1__PICKEDSET2","ROCK","",  -998.138E-03,      -1.56161,      -1.56157,  -998.176E-03,   4.62825E-03
F:/Desktop/DeepOnet_Abaqus/StaticElasticJob.odb,Step-1,Increment      1: Step Time =    1.000,"PLATE-1",            27,             1,      -1.77630,       1.23284,            0.,"ASSEMBLY_PLATE-1__PICKEDSET2","ROCK","",      -1.00706,      -1.54543,      -1.54356,      -1.00893,  -31.6503E-03
F:/Desktop/DeepOnet_Abaqus/StaticElasticJob.odb,Step-1,Increment      1: Step Time =    1.000,"PLATE-1",            28,             1,       1.80501,  -583.146E-03,            0.,"ASSEMBLY_PLATE-1__PICKEDSET2","ROCK","",      -1.03984,      -1.57364,      -1.57185,      -1.04163,  -30.9181E-03
F:/Desktop/DeepOnet_Abaqus/StaticElasticJob.odb,Step-1,Increment      1: Step Time =    1.000,"PLATE-1",            29,             1,       1.88560,  -563.830E-03,            0.,"ASSEMBLY_PLATE-1__PICKEDSET2","ROCK","",      -1.04083,      -1.57498,      -1.57351,      -1.04230,  -27.9535E-03
F:/Desktop/DeepOnet_Abaqus/StaticElasticJob.odb,Step-1,Increment      1: Step Time =    1.000,"PLATE-1",            30,             1,      -1.97675,      -1.27339,            0.,"ASSEMBLY_PLATE-1__PICKEDSET2","ROCK","",      -1.00164,      -1.55323,      -1.55228,      -1.00260,   22.9282E-03
F:/Desktop/DeepOnet_Abaqus/StaticElasticJob.odb,Step-1,Increment      1: Step Time =    1.000,"PLATE-1",            31,             1,       1.31656,       2.70784,            0.,"ASSEMBLY_PLATE-1__PICKEDSET2","ROCK","",  -976.656E-03,      -1.60112,      -1.60095,  -976.829E-03,  -10.3652E-03
F:/Desktop/DeepOnet_Abaqus/StaticElasticJob.odb,Step-1,Increment      1: Step Time =    1.000,"PLATE-1",            32,             1,      -1.23390,      -1.90112,            0.,"ASSEMBLY_PLATE-1__PICKEDSET2","ROCK","",  -990.732E-03,      -1.56944,      -1.56903,  -991.137E-03,   15.3165E-03
F:/Desktop/DeepOnet_Abaqus/StaticElasticJob.odb,Step-1,Increment      1: Step Time =    1.000,"PLATE-1",            33,             1,  -252.328E-03,      -1.90542,            0.,"ASSEMBLY_PLATE-1__PICKEDSET2","ROCK","",  -985.405E-03,      -1.58333,      -1.58328,  -985.450E-03,   5.18029E-03
F:/Desktop/DeepOnet_Abaqus/StaticElasticJob.odb,Step-1,Increment      1: Step Time =    1.000,"PLATE-1",            34,             1,      -2.04547,  -582.690E-03,            0.,"ASSEMBLY_PLATE-1__PICKEDSET2","ROCK","",      -1.01535,      -1.53158,      -1.53073,      -1.01621,   21.0117E-03
F:/Desktop/DeepOnet_Abaqus/StaticElasticJob.odb,Step-1,Increment      1: Step Time =    1.000,"PLATE-1",            35,             1,       1.83101,  -416.530E-03,            0.,"ASSEMBLY_PLATE-1__PICKEDSET2","ROCK","",      -1.04499,      -1.58029,      -1.57903,      -1.04624,  -25.8743E-03
F:/Desktop/DeepOnet_Abaqus/StaticElasticJob.odb,Step-1,Increment      1: Step Time =    1.000,"PLATE-1",            36,             1,      -2.31839,       1.07888,            0.,"ASSEMBLY_PLATE-1__PICKEDSET2","ROCK","",      -1.01485,      -1.54021,      -1.53937,      -1.01568,  -20.9296E-03
F:/Desktop/DeepOnet_Abaqus/StaticElasticJob.odb,Step-1,Increment      1: Step Time =    1.000,"PLATE-1",            37,             1,       1.83423,   727.655E-03,            0.,"ASSEMBLY_PLATE-1__PICKEDSET2","ROCK","",      -1.09692,      -1.39496,      -1.35389,      -1.13798,  -102.726E-03
F:/Desktop/DeepOnet_Abaqus/StaticElasticJob.odb,Step-1,Increment      1: Step Time =    1.000,"PLATE-1",            38,             1,       1.68657,       1.90490,            0.,"ASSEMBLY_PLATE-1__PICKEDSET2","ROCK","",  -903.913E-03,      -1.61550,      -1.60896,  -910.450E-03,   67.8875E-03
F:/Desktop/DeepOnet_Abaqus/StaticElasticJob.odb,Step-1,Increment      1: Step Time =    1.000,"PLATE-1",            39,             1,  -314.870E-03,       1.81779,            0.,"ASSEMBLY_PLATE-1__PICKEDSET2","ROCK","",  -998.759E-03,      -1.62093,      -1.61994,  -999.758E-03,  -24.9083E-03
F:/Desktop/DeepOnet_Abaqus/StaticElasticJob.odb,Step-1,Increment      1: Step Time =    1.000,"PLATE-1",            40,             1,      -2.26738,       1.48092,            0.,"ASSEMBLY_PLATE-1__PICKEDSET2","ROCK","",      -1.00758,      -1.55020,      -1.54931,      -1.00848,  -22.0508E-03
F:/Desktop/DeepOnet_Abaqus/StaticElasticJob.odb,Step-1,Increment      1: Step Time =    1.000,"PLATE-1",            41,             1,      -2.19183,      -2.14837,            0.,"ASSEMBLY_PLATE-1__PICKEDSET2","ROCK","",      -1.00019,      -1.55769,      -1.55735,      -1.00053,   13.8107E-03
F:/Desktop/DeepOnet_Abaqus/StaticElasticJob.odb,Step-1,Increment      1: Step Time =    1.000,"PLATE-1",            42,             1,      -1.84227,  -404.444E-03,            0.,"ASSEMBLY_PLATE-1__PICKEDSET2","ROCK","",      -1.01989,      -1.52179,      -1.52074,      -1.02094,   22.9291E-03
F:/Desktop/DeepOnet_Abaqus/StaticElasticJob.odb,Step-1,Increment      1: Step Time =    1.000,"PLATE-1",            43,             1,       1.68159,      -1.71640,            0.,"ASSEMBLY_PLATE-1__PICKEDSET2","ROCK","",      -1.01037,      -1.56705,      -1.56609,      -1.01133,  -23.1052E-03
F:/Desktop/DeepOnet_Abaqus/StaticElasticJob.odb,Step-1,Increment      1: Step Time =    1.000,"PLATE-1",            44,             1,   768.157E-03,      -1.89180,            0.,"ASSEMBLY_PLATE-1__PICKEDSET2","ROCK","",  -990.445E-03,      -1.58304,      -1.58259,  -990.901E-03,  -16.4237E-03
F:/Desktop/DeepOnet_Abaqus/StaticElasticJob.odb,Step-1,Increment      1: Step Time =    1.000,"PLATE-1",            45,             1,       3.61680,      -3.61601,            0.,"ASSEMBLY_PLATE-1__PICKEDSET2","ROCK","",  -991.963E-03,      -1.54897,      -1.54897,  -991.963E-03,  -143.416E-06
F:/Desktop/DeepOnet_Abaqus/StaticElasticJob.odb,Step-1,Increment      1: Step Time =    1.000,"PLATE-1",            46,             1,       1.44638,      -1.68581,            0.,"ASSEMBLY_PLATE-1__PICKEDSET2","ROCK","",      -1.00553,      -1.57194,      -1.57080,      -1.00666,  -25.3316E-03
F:/Desktop/DeepOnet_Abaqus/StaticElasticJob.odb,Step-1,Increment      1: Step Time =    1.000,"PLATE-1",            47,             1,       1.42806,      -1.85316,            0.,"ASSEMBLY_PLATE-1__PICKEDSET2","ROCK","",      -1.00437,      -1.57100,      -1.57015,      -1.00522,  -21.9583E-03
F:/Desktop/DeepOnet_Abaqus/StaticElasticJob.odb,Step-1,Increment      1: Step Time =    1.000,"PLATE-1",            48,             1,  -737.941E-03,      -1.68613,            0.,"ASSEMBLY_PLATE-1__PICKEDSET2","ROCK","",  -984.732E-03,      -1.57987,      -1.57946,  -985.146E-03,   15.6948E-03
F:/Desktop/DeepOnet_Abaqus/StaticElasticJob.odb,Step-1,Increment      1: Step Time =    1.000,"PLATE-1",            49,             1,      -1.31883,      -1.78900,            0.,"ASSEMBLY_PLATE-1__PICKEDSET2","ROCK","",  -990.827E-03,      -1.56828,      -1.56770,  -991.402E-03,   18.2094E-03
F:/Desktop/DeepOnet_Abaqus/StaticElasticJob.odb,Step-1,Increment      1: Step Time =    1.000,"PLATE-1",            50,             1,      -1.88467,      -1.63154,            0.,"ASSEMBLY_PLATE-1__PICKEDSET2","ROCK","",  -998.408E-03,      -1.55792,      -1.55721,  -999.119E-03,   19.9391E-03
F:/Desktop/DeepOnet_Abaqus/StaticElasticJob.odb,Step-1,Increment      1: Step Time =    1.000,"PLATE-1",            51,             1,       3.61807,       3.61622,            0.,"ASSEMBLY_PLATE-1__PICKEDSET2","ROCK","",      -1.00442,      -1.55333,      -1.55329,      -1.00445,   4.46025E-03
F:/Desktop/DeepOnet_Abaqus/StaticElasticJob.odb,Step-1,Increment      1: Step Time =    1.000,"PLATE-1",            52,             1,       2.30718,       2.16900,            0.,"ASSEMBLY_PLATE-1__PICKEDSET2","ROCK","",  -980.367E-03,      -1.56546,      -1.56159,  -984.233E-03,   47.4025E-03
F:/Desktop/DeepOnet_Abaqus/StaticElasticJob.odb,Step-1,Increment      1: Step Time =    1.000,"PLATE-1",            53,             1,       1.79172,       1.41776,            0.,"ASSEMBLY_PLATE-1__PICKEDSET2","ROCK","",  -915.655E-03,      -1.51129,      -1.46446,  -962.477E-03,   160.300E-03
F:/Desktop/DeepOnet_Abaqus/StaticElasticJob.odb,Step-1,Increment      1: Step Time =    1.000,"PLATE-1",            54,             1,       1.65907,       1.34833,            0.,"ASSEMBLY_PLATE-1__PICKEDSET2","ROCK","",  -874.147E-03,      -1.50768,      -1.43622,  -945.612E-03,   200.421E-03
F:/Desktop/DeepOnet_Abaqus/StaticElasticJob.odb,Step-1,Increment      1: Step Time =    1.000,"PLATE-1",            55,             1,       1.82092,      -1.18868,            0.,"ASSEMBLY_PLATE-1__PICKEDSET2","ROCK","",      -1.02098,      -1.56643,      -1.56496,      -1.02246,  -28.3352E-03
F:/Desktop/DeepOnet_Abaqus/StaticElasticJob.odb,Step-1,Increment      1: Step Time =    1.000,"PLATE-1",            56,             1,       1.68076,      -1.56854,            0.,"ASSEMBLY_PLATE-1__PICKEDSET2","ROCK","",      -1.01138,      -1.56810,      -1.56697,      -1.01251,  -25.1212E-03
F:/Desktop/DeepOnet_Abaqus/StaticElasticJob.odb,Step-1,Increment      1: Step Time =    1.000,"PLATE-1",            57,             1,      -3.62712,       3.62559,            0.,"ASSEMBLY_PLATE-1__PICKEDSET2","ROCK","",      -1.00028,      -1.54911,      -1.54911,      -1.00028,  -276.529E-06
F:/Desktop/DeepOnet_Abaqus/StaticElasticJob.odb,Step-1,Increment      1: Step Time =    1.000,"PLATE-1",            58,             1,      -2.30900,       3.02602,            0.,"ASSEMBLY_PLATE-1__PICKEDSET2","ROCK","",  -999.573E-03,      -1.55846,      -1.55840,  -999.632E-03,  -5.75125E-03
F:/Desktop/DeepOnet_Abaqus/StaticElasticJob.odb,Step-1,Increment      1: Step Time =    1.000,"PLATE-1",            59,             1,      -1.50243,       1.85095,            0.,"ASSEMBLY_PLATE-1__PICKEDSET2","ROCK","",  -994.783E-03,      -1.57026,      -1.56906,  -995.984E-03,  -26.2594E-03
F:/Desktop/DeepOnet_Abaqus/StaticElasticJob.odb,Step-1,Increment      1: Step Time =    1.000,"PLATE-1",            60,             1,      -1.34053,       1.65610,            0.,"ASSEMBLY_PLATE-1__PICKEDSET2","ROCK","",  -994.175E-03,      -1.57077,      -1.56884,  -996.104E-03,  -33.2976E-03
F:/Desktop/DeepOnet_Abaqus/StaticElasticJob.odb,Step-1,Increment      1: Step Time =    1.000,"PLATE-1",            61,             1,       1.35399,       1.80200,            0.,"ASSEMBLY_PLATE-1__PICKEDSET2","ROCK","",  -854.726E-03,      -1.67389,      -1.67142,  -857.204E-03,   44.9927E-03
F:/Desktop/DeepOnet_Abaqus/StaticElasticJob.odb,Step-1,Increment      1: Step Time =    1.000,"PLATE-1",            62,             1,       1.50949,       1.85297,            0.,"ASSEMBLY_PLATE-1__PICKEDSET2","ROCK","",  -881.744E-03,      -1.64134,      -1.63675,  -886.335E-03,   58.8700E-03
F:/Desktop/DeepOnet_Abaqus/StaticElasticJob.odb,Step-1,Increment      1: Step Time =    1.000,"PLATE-1",            63,             1,       2.10580,       2.54977,            0.,"ASSEMBLY_PLATE-1__PICKEDSET2","ROCK","",  -971.433E-03,      -1.58466,      -1.58318,  -972.917E-03,   30.1325E-03
F:/Desktop/DeepOnet_Abaqus/StaticElasticJob.odb,Step-1,Increment      1: Step Time =    1.000,"PLATE-1",            64,             1,      -3.58801,      -3.58425,            0.,"ASSEMBLY_PLATE-1__PICKEDSET2","ROCK","",  -998.451E-03,      -1.54997,      -1.54997,  -998.453E-03,   1.14205E-03
F:/Desktop/DeepOnet_Abaqus/StaticElasticJob.odb,Step-1,Increment      1: Step Time =    1.000,"PLATE-1",            65,             1,      -1.93143,      -3.16849,            0.,"ASSEMBLY_PLATE-1__PICKEDSET2","ROCK","",  -998.792E-03,      -1.55918,      -1.55913,  -998.836E-03,   4.98523E-03
F:/Desktop/DeepOnet_Abaqus/StaticElasticJob.odb,Step-1,Increment      1: Step Time =    1.000,"PLATE-1",            66,             1,      -1.68833,      -1.35779,            0.,"ASSEMBLY_PLATE-1__PICKEDSET2","ROCK","",  -996.915E-03,      -1.55728,      -1.55614,  -998.049E-03,   25.1815E-03
F:/Desktop/DeepOnet_Abaqus/StaticElasticJob.odb,Step-1,Increment      1: Step Time =    1.000,"PLATE-1",            67,             1,      -1.90647,  -924.994E-03,            0.,"ASSEMBLY_PLATE-1__PICKEDSET2","ROCK","",      -1.00613,      -1.54440,      -1.54308,      -1.00745,   26.5659E-03
F:/Desktop/DeepOnet_Abaqus/StaticElasticJob.odb,Step-1,Increment      1: Step Time =    1.000,"PLATE-1",            68,             1,      -1.86359,   536.754E-03,            0.,"ASSEMBLY_PLATE-1__PICKEDSET2","ROCK","",      -1.02503,      -1.51622,      -1.51558,      -1.02568,  -17.7450E-03
F:/Desktop/DeepOnet_Abaqus/StaticElasticJob.odb,Step-1,Increment      1: Step Time =    1.000,"PLATE-1",            69,             1,      -1.98914,   839.370E-03,            0.,"ASSEMBLY_PLATE-1__PICKEDSET2","ROCK","",      -1.01797,      -1.52979,      -1.52868,      -1.01907,  -23.7899E-03
F:/Desktop/DeepOnet_Abaqus/StaticElasticJob.odb,Step-1,Increment      1: Step Time =    1.000,"PLATE-1",            70,             1,      -1.91243,       1.56240,            0.,"ASSEMBLY_PLATE-1__PICKEDSET2","ROCK","",      -1.00253,      -1.55522,      -1.55395,      -1.00380,  -26.4650E-03
F:/Desktop/DeepOnet_Abaqus/StaticElasticJob.odb,Step-1,Increment      1: Step Time =    1.000,"PLATE-1",            71,             1,      -1.77379,       2.87240,            0.,"ASSEMBLY_PLATE-1__PICKEDSET2","ROCK","",  -996.751E-03,      -1.56464,      -1.56456,  -996.827E-03,  -6.56077E-03
F:/Desktop/DeepOnet_Abaqus/StaticElasticJob.odb,Step-1,Increment      1: Step Time =    1.000,"PLATE-1",            72,             1,      -1.69213,       1.44893,            0.,"ASSEMBLY_PLATE-1__PICKEDSET2","ROCK","",      -1.00182,      -1.55454,      -1.55271,      -1.00364,  -31.7143E-03
F:/Desktop/DeepOnet_Abaqus/StaticElasticJob.odb,Step-1,Increment      1: Step Time =    1.000,"PLATE-1",            73,             1,      -1.66940,       1.24416,            0.,"ASSEMBLY_PLATE-1__PICKEDSET2","ROCK","",      -1.00563,      -1.54646,      -1.54430,      -1.00779,  -34.0944E-03
F:/Desktop/DeepOnet_Abaqus/StaticElasticJob.odb,Step-1,Increment      1: Step Time =    1.000,"PLATE-1",            74,             1,      -1.67987,       1.34255,            0.,"ASSEMBLY_PLATE-1__PICKEDSET2","ROCK","",      -1.00329,      -1.55138,      -1.54934,      -1.00533,  -33.3717E-03
F:/Desktop/DeepOnet_Abaqus/StaticElasticJob.odb,Step-1,Increment      1: Step Time =    1.000,"PLATE-1",            75,             1,      -1.66875,       1.14689,            0.,"ASSEMBLY_PLATE-1__PICKEDSET2","ROCK","",      -1.00811,      -1.54130,      -1.53896,      -1.01045,  -35.2445E-03
F:/Desktop/DeepOnet_Abaqus/StaticElasticJob.odb,Step-1,Increment      1: Step Time =    1.000,"PLATE-1",            76,             1,      -1.66101,   951.868E-03,            0.,"ASSEMBLY_PLATE-1__PICKEDSET2","ROCK","",      -1.01366,      -1.53112,      -1.52889,      -1.01589,  -33.9290E-03
F:/Desktop/DeepOnet_Abaqus/StaticElasticJob.odb,Step-1,Increment      1: Step Time =    1.000,"PLATE-1",            77,             1,      -1.66762,   856.888E-03,            0.,"ASSEMBLY_PLATE-1__PICKEDSET2","ROCK","",      -1.01707,      -1.52511,      -1.52302,      -1.01916,  -32.5067E-03
F:/Desktop/DeepOnet_Abaqus/StaticElasticJob.odb,Step-1,Increment      1: Step Time =    1.000,"PLATE-1",            78,             1,      -1.67939,   757.051E-03,            0.,"ASSEMBLY_PLATE-1__PICKEDSET2","ROCK","",      -1.02017,      -1.52002,      -1.51822,      -1.02197,  -29.9050E-03
F:/Desktop/DeepOnet_Abaqus/StaticElasticJob.odb,Step-1,Increment      1: Step Time =    1.000,"PLATE-1",            79,             1,      -1.67541,   446.050E-03,            0.,"ASSEMBLY_PLATE-1__PICKEDSET2","ROCK","",      -1.02981,      -1.50391,      -1.50326,      -1.03046,  -17.5059E-03
F:/Desktop/DeepOnet_Abaqus/StaticElasticJob.odb,Step-1,Increment      1: Step Time =    1.000,"PLATE-1",            80,             1,      -1.66505,   346.889E-03,            0.,"ASSEMBLY_PLATE-1__PICKEDSET2","ROCK","",      -1.03270,      -1.49923,      -1.49891,      -1.03302,  -12.1559E-03
F:/Desktop/DeepOnet_Abaqus/StaticElasticJob.odb,Step-1,Increment      1: Step Time =    1.000,"PLATE-1",            81,             1,      -1.68793,   41.9735E-03,            0.,"ASSEMBLY_PLATE-1__PICKEDSET2","ROCK","",      -1.03337,      -1.49846,      -1.49834,      -1.03348,   7.28972E-03
F:/Desktop/DeepOnet_Abaqus/StaticElasticJob.odb,Step-1,Increment      1: Step Time =    1.000,"PLATE-1",            82,             1,      -1.67282,  -64.6847E-03,            0.,"ASSEMBLY_PLATE-1__PICKEDSET2","ROCK","",      -1.03174,      -1.50001,      -1.49958,      -1.03218,   14.3223E-03
F:/Desktop/DeepOnet_Abaqus/StaticElasticJob.odb,Step-1,Increment      1: Step Time =    1.000,"PLATE-1",            83,             1,      -1.65060,  -258.516E-03,            0.,"ASSEMBLY_PLATE-1__PICKEDSET2","ROCK","",      -1.02521,      -1.50906,      -1.50780,      -1.02646,   24.6495E-03
F:/Desktop/DeepOnet_Abaqus/StaticElasticJob.odb,Step-1,Increment      1: Step Time =    1.000,"PLATE-1",            84,             1,      -1.64441,  -350.999E-03,            0.,"ASSEMBLY_PLATE-1__PICKEDSET2","ROCK","",      -1.02235,      -1.51275,      -1.51105,      -1.02405,   28.8617E-03
F:/Desktop/DeepOnet_Abaqus/StaticElasticJob.odb,Step-1,Increment      1: Step Time =    1.000,"PLATE-1",            85,             1,      -1.76903,  -198.958E-03,            0.,"ASSEMBLY_PLATE-1__PICKEDSET2","ROCK","",      -1.02644,      -1.51055,      -1.50990,      -1.02709,   17.6078E-03
F:/Desktop/DeepOnet_Abaqus/StaticElasticJob.odb,Step-1,Increment      1: Step Time =    1.000,"PLATE-1",            86,             1,      -1.65617,  -437.573E-03,            0.,"ASSEMBLY_PLATE-1__PICKEDSET2","ROCK","",      -1.01840,      -1.51922,      -1.51736,      -1.02026,   30.4673E-03
F:/Desktop/DeepOnet_Abaqus/StaticElasticJob.odb,Step-1,Increment      1: Step Time =    1.000,"PLATE-1",            87,             1,      -1.68339,  -630.315E-03,            0.,"ASSEMBLY_PLATE-1__PICKEDSET2","ROCK","",      -1.01096,      -1.53234,      -1.53035,      -1.01294,   32.0801E-03
F:/Desktop/DeepOnet_Abaqus/StaticElasticJob.odb,Step-1,Increment      1: Step Time =    1.000,"PLATE-1",            88,             1,      -1.69588,  -728.824E-03,            0.,"ASSEMBLY_PLATE-1__PICKEDSET2","ROCK","",      -1.00754,      -1.53719,      -1.53518,      -1.00955,   32.5775E-03
F:/Desktop/DeepOnet_Abaqus/StaticElasticJob.odb,Step-1,Increment      1: Step Time =    1.000,"PLATE-1",            89,             1,      -1.70154,  -940.763E-03,            0.,"ASSEMBLY_PLATE-1__PICKEDSET2","ROCK","",      -1.00241,      -1.54645,      -1.54468,      -1.00418,   30.9788E-03
F:/Desktop/DeepOnet_Abaqus/StaticElasticJob.odb,Step-1,Increment      1: Step Time =    1.000,"PLATE-1",            90,             1,      -1.69920,      -1.04584,            0.,"ASSEMBLY_PLATE-1__PICKEDSET2","ROCK","",      -1.00049,      -1.54995,      -1.54829,      -1.00215,   30.1565E-03
F:/Desktop/DeepOnet_Abaqus/StaticElasticJob.odb,Step-1,Increment      1: Step Time =    1.000,"PLATE-1",            91,             1,      -1.69284,      -1.14965,            0.,"ASSEMBLY_PLATE-1__PICKEDSET2","ROCK","",  -998.872E-03,      -1.55300,      -1.55154,      -1.00034,   28.4421E-03
F:/Desktop/DeepOnet_Abaqus/StaticElasticJob.odb,Step-1,Increment      1: Step Time =    1.000,"PLATE-1",            92,             1,      -1.68841,      -1.25330,            0.,"ASSEMBLY_PLATE-1__PICKEDSET2","ROCK","",  -997.676E-03,      -1.55573,      -1.55442,  -998.978E-03,   26.9145E-03
F:/Desktop/DeepOnet_Abaqus/StaticElasticJob.odb,Step-1,Increment      1: Step Time =    1.000,"PLATE-1",            93,             1,       1.54878,       1.68449,            0.,"ASSEMBLY_PLATE-1__PICKEDSET2","ROCK","",  -858.059E-03,      -1.62269,      -1.60695,  -873.798E-03,   108.570E-03
F:/Desktop/DeepOnet_Abaqus/StaticElasticJob.odb,Step-1,Increment      1: Step Time =    1.000,"PLATE-1",            94,             1,       1.44533,       1.67095,            0.,"ASSEMBLY_PLATE-1__PICKEDSET2","ROCK","",  -837.859E-03,      -1.65488,      -1.64410,  -848.641E-03,   93.2356E-03
F:/Desktop/DeepOnet_Abaqus/StaticElasticJob.odb,Step-1,Increment      1: Step Time =    1.000,"PLATE-1",            95,             1,       1.34827,       1.66829,            0.,"ASSEMBLY_PLATE-1__PICKEDSET2","ROCK","",  -815.572E-03,      -1.68337,      -1.67653,  -822.413E-03,   76.7447E-03
F:/Desktop/DeepOnet_Abaqus/StaticElasticJob.odb,Step-1,Increment      1: Step Time =    1.000,"PLATE-1",            96,             1,       1.24951,       1.66912,            0.,"ASSEMBLY_PLATE-1__PICKEDSET2","ROCK","",  -815.912E-03,      -1.70872,      -1.70609,  -818.547E-03,   48.4327E-03
F:/Desktop/DeepOnet_Abaqus/StaticElasticJob.odb,Step-1,Increment      1: Step Time =    1.000,"PLATE-1",            97,             1,       1.15088,       1.67149,            0.,"ASSEMBLY_PLATE-1__PICKEDSET2","ROCK","",  -829.260E-03,      -1.73555,      -1.73555,  -829.262E-03,   1.32049E-03
F:/Desktop/DeepOnet_Abaqus/StaticElasticJob.odb,Step-1,Increment      1: Step Time =    1.000,"PLATE-1",            98,             1,   953.421E-03,       1.67316,            0.,"ASSEMBLY_PLATE-1__PICKEDSET2","ROCK","",  -920.370E-03,      -1.74831,      -1.74110,  -927.577E-03,  -76.9094E-03
F:/Desktop/DeepOnet_Abaqus/StaticElasticJob.odb,Step-1,Increment      1: Step Time =    1.000,"PLATE-1",            99,             1,   853.389E-03,       1.67589,            0.,"ASSEMBLY_PLATE-1__PICKEDSET2","ROCK","",  -986.858E-03,      -1.73551,      -1.72263,  -999.737E-03,  -97.3429E-03
F:/Desktop/DeepOnet_Abaqus/StaticElasticJob.odb,Step-1,Increment      1: Step Time =    1.000,"PLATE-1",           100,             1,   752.065E-03,       1.67904,            0.,"ASSEMBLY_PLATE-1__PICKEDSET2","ROCK","",      -1.03848,      -1.71348,      -1.70333,      -1.04863,  -82.1500E-03
F:/Desktop/DeepOnet_Abaqus/StaticElasticJob.odb,Step-1,Increment      1: Step Time =    1.000,"PLATE-1",           101,             1,   545.185E-03,       1.68352,            0.,"ASSEMBLY_PLATE-1__PICKEDSET2","ROCK","",      -1.08968,      -1.68744,      -1.68457,      -1.09255,  -41.2883E-03
F:/Desktop/DeepOnet_Abaqus/StaticElasticJob.odb,Step-1,Increment      1: Step Time =    1.000,"PLATE-1",           102,             1,   442.648E-03,       1.68068,            0.,"ASSEMBLY_PLATE-1__PICKEDSET2","ROCK","",      -1.07432,      -1.68825,      -1.68688,      -1.07569,  -28.9189E-03
F:/Desktop/DeepOnet_Abaqus/StaticElasticJob.odb,Step-1,Increment      1: Step Time =    1.000,"PLATE-1",           103,             1,   238.259E-03,       1.67212,            0.,"ASSEMBLY_PLATE-1__PICKEDSET2","ROCK","",      -1.04039,      -1.67833,      -1.67755,      -1.04118,  -22.4097E-03
F:/Desktop/DeepOnet_Abaqus/StaticElasticJob.odb,Step-1,Increment      1: Step Time =    1.000,"PLATE-1",           104,             1,   139.536E-03,       1.66228,            0.,"ASSEMBLY_PLATE-1__PICKEDSET2","ROCK","",      -1.02724,      -1.66921,      -1.66803,      -1.02843,  -27.5219E-03
F:/Desktop/DeepOnet_Abaqus/StaticElasticJob.odb,Step-1,Increment      1: Step Time =    1.000,"PLATE-1",           105,             1,   206.687E-03,       1.82165,            0.,"ASSEMBLY_PLATE-1__PICKEDSET2","ROCK","",      -1.04087,      -1.65007,      -1.64970,      -1.04124,  -15.0309E-03
F:/Desktop/DeepOnet_Abaqus/StaticElasticJob.odb,Step-1,Increment      1: Step Time =    1.000,"PLATE-1",           106,             1,   42.3546E-03,       1.65180,            0.,"ASSEMBLY_PLATE-1__PICKEDSET2","ROCK","",      -1.01273,      -1.66103,      -1.65935,      -1.01441,  -32.9716E-03
F:/Desktop/DeepOnet_Abaqus/StaticElasticJob.odb,Step-1,Increment      1: Step Time =    1.000,"PLATE-1",           107,             1,  -136.603E-03,       1.65434,            0.,"ASSEMBLY_PLATE-1__PICKEDSET2","ROCK","",      -1.00188,      -1.64065,      -1.63859,      -1.00394,  -36.2169E-03
F:/Desktop/DeepOnet_Abaqus/StaticElasticJob.odb,Step-1,Increment      1: Step Time =    1.000,"PLATE-1",           108,             1,  -337.461E-03,       1.67221,            0.,"ASSEMBLY_PLATE-1__PICKEDSET2","ROCK","",  -995.782E-03,      -1.62135,      -1.61915,  -997.985E-03,  -37.0586E-03
F:/Desktop/DeepOnet_Abaqus/StaticElasticJob.odb,Step-1,Increment      1: Step Time =    1.000,"PLATE-1",           109,             1,  -440.090E-03,       1.67322,            0.,"ASSEMBLY_PLATE-1__PICKEDSET2","ROCK","",  -993.422E-03,      -1.61330,      -1.61112,  -995.601E-03,  -36.6928E-03
F:/Desktop/DeepOnet_Abaqus/StaticElasticJob.odb,Step-1,Increment      1: Step Time =    1.000,"PLATE-1",           110,             1,  -541.747E-03,       1.67576,            0.,"ASSEMBLY_PLATE-1__PICKEDSET2","ROCK","",  -992.339E-03,      -1.60621,      -1.60404,  -994.513E-03,  -36.4658E-03
F:/Desktop/DeepOnet_Abaqus/StaticElasticJob.odb,Step-1,Increment      1: Step Time =    1.000,"PLATE-1",           111,             1,  -644.150E-03,       1.68015,            0.,"ASSEMBLY_PLATE-1__PICKEDSET2","ROCK","",  -991.177E-03,      -1.60033,      -1.59815,  -993.360E-03,  -36.4004E-03
F:/Desktop/DeepOnet_Abaqus/StaticElasticJob.odb,Step-1,Increment      1: Step Time =    1.000,"PLATE-1",           112,             1,  -750.631E-03,       1.68708,            0.,"ASSEMBLY_PLATE-1__PICKEDSET2","ROCK","",  -990.815E-03,      -1.59461,      -1.59247,  -992.952E-03,  -35.8592E-03
F:/Desktop/DeepOnet_Abaqus/StaticElasticJob.odb,Step-1,Increment      1: Step Time =    1.000,"PLATE-1",           113,             1,      -1.06514,       1.64798,            0.,"ASSEMBLY_PLATE-1__PICKEDSET2","ROCK","",  -992.038E-03,      -1.57832,      -1.57615,  -994.205E-03,  -35.5771E-03
F:/Desktop/DeepOnet_Abaqus/StaticElasticJob.odb,Step-1,Increment      1: Step Time =    1.000,"PLATE-1",           114,             1,      -1.14962,       1.64101,            0.,"ASSEMBLY_PLATE-1__PICKEDSET2","ROCK","",  -992.595E-03,      -1.57518,      -1.57302,  -994.760E-03,  -35.4491E-03
F:/Desktop/DeepOnet_Abaqus/StaticElasticJob.odb,Step-1,Increment      1: Step Time =    1.000,"PLATE-1",           115,             1,      -1.24270,       1.64997,            0.,"ASSEMBLY_PLATE-1__PICKEDSET2","ROCK","",  -993.340E-03,      -1.57264,      -1.57058,  -995.400E-03,  -34.4890E-03
F:/Desktop/DeepOnet_Abaqus/StaticElasticJob.odb,Step-1,Increment      1: Step Time =    1.000,"PLATE-1",           116,             1,       1.66387,      -1.45737,            0.,"ASSEMBLY_PLATE-1__PICKEDSET2","ROCK","",      -1.01325,      -1.56816,      -1.56679,      -1.01461,  -27.4889E-03
F:/Desktop/DeepOnet_Abaqus/StaticElasticJob.odb,Step-1,Increment      1: Step Time =    1.000,"PLATE-1",           117,             1,       1.66521,      -1.25833,            0.,"ASSEMBLY_PLATE-1__PICKEDSET2","ROCK","",      -1.01690,      -1.56914,      -1.56735,      -1.01869,  -31.3941E-03
F:/Desktop/DeepOnet_Abaqus/StaticElasticJob.odb,Step-1,Increment      1: Step Time =    1.000,"PLATE-1",           118,             1,       1.65973,      -1.35648,            0.,"ASSEMBLY_PLATE-1__PICKEDSET2","ROCK","",      -1.01456,      -1.56928,      -1.56768,      -1.01616,  -29.7695E-03
F:/Desktop/DeepOnet_Abaqus/StaticElasticJob.odb,Step-1,Increment      1: Step Time =    1.000,"PLATE-1",           119,             1,       1.67175,      -1.16092,            0.,"ASSEMBLY_PLATE-1__PICKEDSET2","ROCK","",      -1.01945,      -1.56979,      -1.56773,      -1.02151,  -33.5698E-03
F:/Desktop/DeepOnet_Abaqus/StaticElasticJob.odb,Step-1,Increment      1: Step Time =    1.000,"PLATE-1",           120,             1,       1.67945,  -959.449E-03,            0.,"ASSEMBLY_PLATE-1__PICKEDSET2","ROCK","",      -1.02598,      -1.56975,      -1.56735,      -1.02837,  -36.0416E-03
F:/Desktop/DeepOnet_Abaqus/StaticElasticJob.odb,Step-1,Increment      1: Step Time =    1.000,"PLATE-1",           121,             1,       1.68606,  -853.790E-03,            0.,"ASSEMBLY_PLATE-1__PICKEDSET2","ROCK","",      -1.03030,      -1.56988,      -1.56738,      -1.03280,  -36.5768E-03
F:/Desktop/DeepOnet_Abaqus/StaticElasticJob.odb,Step-1,Increment      1: Step Time =    1.000,"PLATE-1",           122,             1,       1.70445,  -737.357E-03,            0.,"ASSEMBLY_PLATE-1__PICKEDSET2","ROCK","",      -1.03632,      -1.57024,      -1.56787,      -1.03870,  -35.5148E-03
F:/Desktop/DeepOnet_Abaqus/StaticElasticJob.odb,Step-1,Increment      1: Step Time =    1.000,"PLATE-1",           123,             1,       1.66349,  -537.555E-03,            0.,"ASSEMBLY_PLATE-1__PICKEDSET2","ROCK","",      -1.05019,      -1.57248,      -1.56984,      -1.05283,  -37.0460E-03
F:/Desktop/DeepOnet_Abaqus/StaticElasticJob.odb,Step-1,Increment      1: Step Time =    1.000,"PLATE-1",           124,             1,       1.65435,  -444.331E-03,            0.,"ASSEMBLY_PLATE-1__PICKEDSET2","ROCK","",      -1.05462,      -1.57732,      -1.57497,      -1.05698,  -35.0404E-03
F:/Desktop/DeepOnet_Abaqus/StaticElasticJob.odb,Step-1,Increment      1: Step Time =    1.000,"PLATE-1",           125,             1,       1.66348,  -250.931E-03,            0.,"ASSEMBLY_PLATE-1__PICKEDSET2","ROCK","",      -1.06388,      -1.59151,      -1.58972,      -1.06566,  -30.6426E-03
F:/Desktop/DeepOnet_Abaqus/StaticElasticJob.odb,Step-1,Increment      1: Step Time =    1.000,"PLATE-1",           126,             1,       1.67230,  -152.034E-03,            0.,"ASSEMBLY_PLATE-1__PICKEDSET2","ROCK","",      -1.06972,      -1.60019,      -1.59875,      -1.07116,  -27.6186E-03
F:/Desktop/DeepOnet_Abaqus/StaticElasticJob.odb,Step-1,Increment      1: Step Time =    1.000,"PLATE-1",           127,             1,       1.67014,  -51.5191E-03,            0.,"ASSEMBLY_PLATE-1__PICKEDSET2","ROCK","",      -1.07047,      -1.61792,      -1.61666,      -1.07173,  -26.2143E-03
F:/Desktop/DeepOnet_Abaqus/StaticElasticJob.odb,Step-1,Increment      1: Step Time =    1.000,"PLATE-1",           128,             1,       1.66243,   148.509E-03,            0.,"ASSEMBLY_PLATE-1__PICKEDSET2","ROCK","",      -1.05703,      -1.66386,      -1.66090,      -1.06000,  -42.3298E-03
F:/Desktop/DeepOnet_Abaqus/StaticElasticJob.odb,Step-1,Increment      1: Step Time =    1.000,"PLATE-1",           129,             1,       1.66101,   247.471E-03,            0.,"ASSEMBLY_PLATE-1__PICKEDSET2","ROCK","",      -1.04961,      -1.68295,      -1.67524,      -1.05732,  -69.4391E-03
F:/Desktop/DeepOnet_Abaqus/StaticElasticJob.odb,Step-1,Increment      1: Step Time =    1.000,"PLATE-1",           130,             1,       1.66100,   346.025E-03,            0.,"ASSEMBLY_PLATE-1__PICKEDSET2","ROCK","",      -1.02532,      -1.69525,      -1.67679,      -1.04377,  -109.644E-03
F:/Desktop/DeepOnet_Abaqus/StaticElasticJob.odb,Step-1,Increment      1: Step Time =    1.000,"PLATE-1",           131,             1,       1.67193,   542.032E-03,            0.,"ASSEMBLY_PLATE-1__PICKEDSET2","ROCK","",      -1.01313,      -1.59318,      -1.51397,      -1.09235,  -199.186E-03
F:/Desktop/DeepOnet_Abaqus/StaticElasticJob.odb,Step-1,Increment      1: Step Time =    1.000,"PLATE-1",           132,             1,       1.67453,   642.366E-03,            0.,"ASSEMBLY_PLATE-1__PICKEDSET2","ROCK","",      -1.04085,      -1.48870,      -1.36874,      -1.16081,  -198.328E-03
F:/Desktop/DeepOnet_Abaqus/StaticElasticJob.odb,Step-1,Increment      1: Step Time =    1.000,"PLATE-1",           133,             1,       1.67785,   743.436E-03,            0.,"ASSEMBLY_PLATE-1__PICKEDSET2","ROCK","",      -1.09429,      -1.32906,      -1.23496,      -1.18838,  -115.052E-03
F:/Desktop/DeepOnet_Abaqus/StaticElasticJob.odb,Step-1,Increment      1: Step Time =    1.000,"PLATE-1",           134,             1,       1.68028,       1.05104,            0.,"ASSEMBLY_PLATE-1__PICKEDSET2","ROCK","",  -991.932E-03,      -1.33126,      -1.22949,      -1.09370,   155.486E-03
F:/Desktop/DeepOnet_Abaqus/StaticElasticJob.odb,Step-1,Increment      1: Step Time =    1.000,"PLATE-1",           135,             1,       1.67537,       1.15366,            0.,"ASSEMBLY_PLATE-1__PICKEDSET2","ROCK","",  -928.538E-03,      -1.40148,      -1.29772,      -1.03231,   195.726E-03
F:/Desktop/DeepOnet_Abaqus/StaticElasticJob.odb,Step-1,Increment      1: Step Time =    1.000,"PLATE-1",           136,             1,       1.66537,       1.25332,            0.,"ASSEMBLY_PLATE-1__PICKEDSET2","ROCK","",  -899.025E-03,      -1.46394,      -1.37761,  -985.351E-03,   203.260E-03
F:/Desktop/DeepOnet_Abaqus/StaticElasticJob.odb,Step-1,Increment      1: Step Time =    1.000,"PLATE-1",           137,             1,      -1.43884,      -1.67877,            0.,"ASSEMBLY_PLATE-1__PICKEDSET2","ROCK","",  -992.158E-03,      -1.56564,      -1.56493,  -992.867E-03,   20.1614E-03
F:/Desktop/DeepOnet_Abaqus/StaticElasticJob.odb,Step-1,Increment      1: Step Time =    1.000,"PLATE-1",           138,             1,      -1.34067,      -1.66612,            0.,"ASSEMBLY_PLATE-1__PICKEDSET2","ROCK","",  -990.904E-03,      -1.56749,      -1.56677,  -991.616E-03,   20.2522E-03
F:/Desktop/DeepOnet_Abaqus/StaticElasticJob.odb,Step-1,Increment      1: Step Time =    1.000,"PLATE-1",           139,             1,      -1.24367,      -1.66318,            0.,"ASSEMBLY_PLATE-1__PICKEDSET2","ROCK","",  -989.484E-03,      -1.56943,      -1.56872,  -990.191E-03,   20.2398E-03
F:/Desktop/DeepOnet_Abaqus/StaticElasticJob.odb,Step-1,Increment      1: Step Time =    1.000,"PLATE-1",           140,             1,      -1.04700,      -1.66701,            0.,"ASSEMBLY_PLATE-1__PICKEDSET2","ROCK","",  -987.329E-03,      -1.57335,      -1.57273,  -987.952E-03,   19.1102E-03
F:/Desktop/DeepOnet_Abaqus/StaticElasticJob.odb,Step-1,Increment      1: Step Time =    1.000,"PLATE-1",           141,             1,  -843.952E-03,      -1.68240,            0.,"ASSEMBLY_PLATE-1__PICKEDSET2","ROCK","",  -985.532E-03,      -1.57766,      -1.57718,  -986.020E-03,   16.9905E-03
F:/Desktop/DeepOnet_Abaqus/StaticElasticJob.odb,Step-1,Increment      1: Step Time =    1.000,"PLATE-1",           142,             1,  -630.218E-03,      -1.68422,            0.,"ASSEMBLY_PLATE-1__PICKEDSET2","ROCK","",  -983.722E-03,      -1.58239,      -1.58204,  -984.069E-03,   14.4083E-03
F:/Desktop/DeepOnet_Abaqus/StaticElasticJob.odb,Step-1,Increment      1: Step Time =    1.000,"PLATE-1",           143,             1,  -526.730E-03,      -1.67280,            0.,"ASSEMBLY_PLATE-1__PICKEDSET2","ROCK","",  -982.749E-03,      -1.58475,      -1.58445,  -983.044E-03,   13.3327E-03
F:/Desktop/DeepOnet_Abaqus/StaticElasticJob.odb,Step-1,Increment      1: Step Time =    1.000,"PLATE-1",           144,             1,  -435.703E-03,      -1.65323,            0.,"ASSEMBLY_PLATE-1__PICKEDSET2","ROCK","",  -982.092E-03,      -1.58649,      -1.58624,  -982.340E-03,   12.2470E-03
F:/Desktop/DeepOnet_Abaqus/StaticElasticJob.odb,Step-1,Increment      1: Step Time =    1.000,"PLATE-1",           145,             1,  -253.286E-03,      -1.65859,            0.,"ASSEMBLY_PLATE-1__PICKEDSET2","ROCK","",  -980.420E-03,      -1.59055,      -1.59043,  -980.547E-03,   8.80173E-03
F:/Desktop/DeepOnet_Abaqus/StaticElasticJob.odb,Step-1,Increment      1: Step Time =    1.000,"PLATE-1",           146,             1,  -156.408E-03,      -1.65597,            0.,"ASSEMBLY_PLATE-1__PICKEDSET2","ROCK","",  -980.018E-03,      -1.59167,      -1.59159,  -980.102E-03,   7.15402E-03
F:/Desktop/DeepOnet_Abaqus/StaticElasticJob.odb,Step-1,Increment      1: Step Time =    1.000,"PLATE-1",           147,             1,  -263.245E-03,      -1.78290,            0.,"ASSEMBLY_PLATE-1__PICKEDSET2","ROCK","",  -983.634E-03,      -1.58581,      -1.58574,  -983.708E-03,   6.65927E-03
F:/Desktop/DeepOnet_Abaqus/StaticElasticJob.odb,Step-1,Increment      1: Step Time =    1.000,"PLATE-1",           148,             1,  -65.9586E-03,      -1.67242,            0.,"ASSEMBLY_PLATE-1__PICKEDSET2","ROCK","",  -980.059E-03,      -1.59216,      -1.59213,  -980.087E-03,   4.16235E-03
F:/Desktop/DeepOnet_Abaqus/StaticElasticJob.odb,Step-1,Increment      1: Step Time =    1.000,"PLATE-1",           149,             1,   151.919E-03,      -1.69156,            0.,"ASSEMBLY_PLATE-1__PICKEDSET2","ROCK","",  -979.210E-03,      -1.59398,      -1.59397,  -979.214E-03,  -1.57649E-03
F:/Desktop/DeepOnet_Abaqus/StaticElasticJob.odb,Step-1,Increment      1: Step Time =    1.000,"PLATE-1",           150,             1,   344.439E-03,      -1.66767,            0.,"ASSEMBLY_PLATE-1__PICKEDSET2","ROCK","",  -979.052E-03,      -1.59496,      -1.59485,  -979.166E-03,  -8.36149E-03
F:/Desktop/DeepOnet_Abaqus/StaticElasticJob.odb,Step-1,Increment      1: Step Time =    1.000,"PLATE-1",           151,             1,   440.771E-03,      -1.67982,            0.,"ASSEMBLY_PLATE-1__PICKEDSET2","ROCK","",  -979.589E-03,      -1.59466,      -1.59447,  -979.778E-03,  -10.7872E-03
F:/Desktop/DeepOnet_Abaqus/StaticElasticJob.odb,Step-1,Increment      1: Step Time =    1.000,"PLATE-1",           152,             1,   544.588E-03,      -1.68185,            0.,"ASSEMBLY_PLATE-1__PICKEDSET2","ROCK","",  -981.360E-03,      -1.59281,      -1.59249,  -981.672E-03,  -13.8223E-03
F:/Desktop/DeepOnet_Abaqus/StaticElasticJob.odb,Step-1,Increment      1: Step Time =    1.000,"PLATE-1",           153,             1,   651.226E-03,      -1.68624,            0.,"ASSEMBLY_PLATE-1__PICKEDSET2","ROCK","",  -983.618E-03,      -1.59096,      -1.59048,  -984.104E-03,  -17.1671E-03
F:/Desktop/DeepOnet_Abaqus/StaticElasticJob.odb,Step-1,Increment      1: Step Time =    1.000,"PLATE-1",           154,             1,       1.04860,      -1.65697,            0.,"ASSEMBLY_PLATE-1__PICKEDSET2","ROCK","",  -993.194E-03,      -1.58338,      -1.58223,  -994.342E-03,  -26.0078E-03
F:/Desktop/DeepOnet_Abaqus/StaticElasticJob.odb,Step-1,Increment      1: Step Time =    1.000,"PLATE-1",           155,             1,       1.14684,      -1.65609,            0.,"ASSEMBLY_PLATE-1__PICKEDSET2","ROCK","",  -996.536E-03,      -1.58033,      -1.57914,  -997.727E-03,  -26.3320E-03
F:/Desktop/DeepOnet_Abaqus/StaticElasticJob.odb,Step-1,Increment      1: Step Time =    1.000,"PLATE-1",           156,             1,       1.34368,      -1.67447,            0.,"ASSEMBLY_PLATE-1__PICKEDSET2","ROCK","",      -1.00279,      -1.57464,      -1.57346,      -1.00397,  -25.9713E-03
F:/Desktop/DeepOnet_Abaqus/StaticElasticJob.odb,Step-1,Increment      1: Step Time =    1.000,"PLATE-1",           157,             1,       1.55202,      -1.69621,            0.,"ASSEMBLY_PLATE-1__PICKEDSET2","ROCK","",      -1.00811,      -1.56963,      -1.56857,      -1.00917,  -24.3578E-03
F:/Desktop/DeepOnet_Abaqus/StaticElasticJob.odb,Step-1,Increment      1: Step Time =    1.000,"PLATE-1",           158,             1,      -1.70099,  -833.284E-03,            0.,"ASSEMBLY_PLATE-1__PICKEDSET2","ROCK","",      -1.00525,      -1.54147,      -1.53956,      -1.00715,   31.9160E-03
F:/Desktop/DeepOnet_Abaqus/StaticElasticJob.odb,Step-1,Increment      1: Step Time =    1.000,"PLATE-1",           159,             1,      -1.81392,   188.749E-03,            0.,"ASSEMBLY_PLATE-1__PICKEDSET2","ROCK","",      -1.03121,      -1.50487,      -1.50487,      -1.03122,  -1.94419E-03
F:/Desktop/DeepOnet_Abaqus/StaticElasticJob.odb,Step-1,Increment      1: Step Time =    1.000,"PLATE-1",           160,             1,       1.66612,   443.779E-03,            0.,"ASSEMBLY_PLATE-1__PICKEDSET2","ROCK","",      -1.01577,      -1.67212,      -1.62164,      -1.06625,  -174.896E-03
F:/Desktop/DeepOnet_Abaqus/StaticElasticJob.odb,Step-1,Increment      1: Step Time =    1.000,"PLATE-1",           161,             1,       1.82242,   520.596E-03,            0.,"ASSEMBLY_PLATE-1__PICKEDSET2","ROCK","",      -1.03428,      -1.56282,      -1.51945,      -1.07765,  -145.057E-03
F:/Desktop/DeepOnet_Abaqus/StaticElasticJob.odb,Step-1,Increment      1: Step Time =    1.000,"PLATE-1",           162,             1,      -1.66556,       1.04777,            0.,"ASSEMBLY_PLATE-1__PICKEDSET2","ROCK","",      -1.01030,      -1.53714,      -1.53478,      -1.01265,  -35.1648E-03
F:/Desktop/DeepOnet_Abaqus/StaticElasticJob.odb,Step-1,Increment      1: Step Time =    1.000,"PLATE-1",           163,             1,      -1.79545,   888.148E-03,            0.,"ASSEMBLY_PLATE-1__PICKEDSET2","ROCK","",      -1.01641,      -1.52874,      -1.52703,      -1.01813,  -29.6120E-03
F:/Desktop/DeepOnet_Abaqus/StaticElasticJob.odb,Step-1,Increment      1: Step Time =    1.000,"PLATE-1",           164,             1,      -1.83632,   784.361E-03,            0.,"ASSEMBLY_PLATE-1__PICKEDSET2","ROCK","",      -1.01923,      -1.52486,      -1.52346,      -1.02062,  -26.5157E-03
F:/Desktop/DeepOnet_Abaqus/StaticElasticJob.odb,Step-1,Increment      1: Step Time =    1.000,"PLATE-1",           165,             1,      -1.68724,   653.112E-03,            0.,"ASSEMBLY_PLATE-1__PICKEDSET2","ROCK","",      -1.02370,      -1.51394,      -1.51249,      -1.02515,  -26.6185E-03
F:/Desktop/DeepOnet_Abaqus/StaticElasticJob.odb,Step-1,Increment      1: Step Time =    1.000,"PLATE-1",           166,             1,      -1.73015,  -375.097E-03,            0.,"ASSEMBLY_PLATE-1__PICKEDSET2","ROCK","",      -1.02093,      -1.51736,      -1.51596,      -1.02233,   26.3422E-03
F:/Desktop/DeepOnet_Abaqus/StaticElasticJob.odb,Step-1,Increment      1: Step Time =    1.000,"PLATE-1",           167,             1,      -1.66353,   251.735E-03,            0.,"ASSEMBLY_PLATE-1__PICKEDSET2","ROCK","",      -1.03412,      -1.49712,      -1.49703,      -1.03421,  -6.21963E-03
F:/Desktop/DeepOnet_Abaqus/StaticElasticJob.odb,Step-1,Increment      1: Step Time =    1.000,"PLATE-1",           168,             1,      -1.65910,  -162.769E-03,            0.,"ASSEMBLY_PLATE-1__PICKEDSET2","ROCK","",      -1.02886,      -1.50407,      -1.50326,      -1.02967,   19.6197E-03
F:/Desktop/DeepOnet_Abaqus/StaticElasticJob.odb,Step-1,Increment      1: Step Time =    1.000,"PLATE-1",           169,             1,      -1.67412,  -530.869E-03,            0.,"ASSEMBLY_PLATE-1__PICKEDSET2","ROCK","",      -1.01484,      -1.52543,      -1.52351,      -1.01677,   31.2969E-03
F:/Desktop/DeepOnet_Abaqus/StaticElasticJob.odb,Step-1,Increment      1: Step Time =    1.000,"PLATE-1",           170,             1,      -1.90394,  -796.517E-03,            0.,"ASSEMBLY_PLATE-1__PICKEDSET2","ROCK","",      -1.00947,      -1.53933,      -1.53802,      -1.01078,   26.2682E-03
F:/Desktop/DeepOnet_Abaqus/StaticElasticJob.odb,Step-1,Increment      1: Step Time =    1.000,"PLATE-1",           171,             1,      -1.83746,  -572.537E-03,            0.,"ASSEMBLY_PLATE-1__PICKEDSET2","ROCK","",      -1.01479,      -1.52835,      -1.52687,      -1.01628,   27.5422E-03
F:/Desktop/DeepOnet_Abaqus/StaticElasticJob.odb,Step-1,Increment      1: Step Time =    1.000,"PLATE-1",           172,             1,      -1.89321,  -672.955E-03,            0.,"ASSEMBLY_PLATE-1__PICKEDSET2","ROCK","",      -1.01270,      -1.53402,      -1.53272,      -1.01399,   25.9749E-03
F:/Desktop/DeepOnet_Abaqus/StaticElasticJob.odb,Step-1,Increment      1: Step Time =    1.000,"PLATE-1",           173,             1,       1.05280,       1.67288,            0.,"ASSEMBLY_PLATE-1__PICKEDSET2","ROCK","",  -868.143E-03,      -1.74652,      -1.74451,  -870.153E-03,  -41.9673E-03
F:/Desktop/DeepOnet_Abaqus/StaticElasticJob.odb,Step-1,Increment      1: Step Time =    1.000,"PLATE-1",           174,             1,   962.527E-03,       1.81853,            0.,"ASSEMBLY_PLATE-1__PICKEDSET2","ROCK","",  -953.611E-03,      -1.69742,      -1.69126,  -959.767E-03,  -67.3854E-03
F:/Desktop/DeepOnet_Abaqus/StaticElasticJob.odb,Step-1,Increment      1: Step Time =    1.000,"PLATE-1",           175,             1,   864.421E-03,       1.83038,            0.,"ASSEMBLY_PLATE-1__PICKEDSET2","ROCK","",  -983.292E-03,      -1.68798,      -1.68151,  -989.762E-03,  -67.2082E-03
F:/Desktop/DeepOnet_Abaqus/StaticElasticJob.odb,Step-1,Increment      1: Step Time =    1.000,"PLATE-1",           176,             1,   549.912E-03,       2.02539,            0.,"ASSEMBLY_PLATE-1__PICKEDSET2","ROCK","",      -1.04232,      -1.62769,      -1.62598,      -1.04403,  -31.6258E-03
F:/Desktop/DeepOnet_Abaqus/StaticElasticJob.odb,Step-1,Increment      1: Step Time =    1.000,"PLATE-1",           177,             1,   648.669E-03,       1.68201,            0.,"ASSEMBLY_PLATE-1__PICKEDSET2","ROCK","",      -1.07247,      -1.69966,      -1.69260,      -1.07953,  -66.1601E-03
F:/Desktop/DeepOnet_Abaqus/StaticElasticJob.odb,Step-1,Increment      1: Step Time =    1.000,"PLATE-1",           178,             1,   649.642E-03,       1.84420,            0.,"ASSEMBLY_PLATE-1__PICKEDSET2","ROCK","",      -1.04928,      -1.65756,      -1.65309,      -1.05375,  -51.9575E-03
F:/Desktop/DeepOnet_Abaqus/StaticElasticJob.odb,Step-1,Increment      1: Step Time =    1.000,"PLATE-1",           179,             1,   532.751E-03,       1.85738,            0.,"ASSEMBLY_PLATE-1__PICKEDSET2","ROCK","",      -1.05659,      -1.65139,      -1.64900,      -1.05897,  -37.5695E-03
F:/Desktop/DeepOnet_Abaqus/StaticElasticJob.odb,Step-1,Increment      1: Step Time =    1.000,"PLATE-1",           180,             1,   339.742E-03,       1.67685,            0.,"ASSEMBLY_PLATE-1__PICKEDSET2","ROCK","",      -1.05833,      -1.68100,      -1.68025,      -1.05908,  -21.5721E-03
F:/Desktop/DeepOnet_Abaqus/StaticElasticJob.odb,Step-1,Increment      1: Step Time =    1.000,"PLATE-1",           181,             1,   17.7231E-03,       1.74957,            0.,"ASSEMBLY_PLATE-1__PICKEDSET2","ROCK","",      -1.01569,      -1.64757,      -1.64672,      -1.01655,  -23.2090E-03
F:/Desktop/DeepOnet_Abaqus/StaticElasticJob.odb,Step-1,Increment      1: Step Time =    1.000,"PLATE-1",           182,             1,  -231.988E-03,       1.67100,            0.,"ASSEMBLY_PLATE-1__PICKEDSET2","ROCK","",  -998.773E-03,      -1.63045,      -1.62834,      -1.00089,  -36.4926E-03
F:/Desktop/DeepOnet_Abaqus/StaticElasticJob.odb,Step-1,Increment      1: Step Time =    1.000,"PLATE-1",           183,             1,  -300.944E-03,       1.96258,            0.,"ASSEMBLY_PLATE-1__PICKEDSET2","ROCK","",      -1.00165,      -1.61659,      -1.61610,      -1.00214,  -17.3697E-03
F:/Desktop/DeepOnet_Abaqus/StaticElasticJob.odb,Step-1,Increment      1: Step Time =    1.000,"PLATE-1",           184,             1,  -710.235E-03,       1.99682,            0.,"ASSEMBLY_PLATE-1__PICKEDSET2","ROCK","",  -993.918E-03,      -1.59742,      -1.59666,  -994.682E-03,  -21.4674E-03
F:/Desktop/DeepOnet_Abaqus/StaticElasticJob.odb,Step-1,Increment      1: Step Time =    1.000,"PLATE-1",           185,             1,  -523.060E-03,       1.82588,            0.,"ASSEMBLY_PLATE-1__PICKEDSET2","ROCK","",  -993.973E-03,      -1.60826,      -1.60697,  -995.257E-03,  -28.0636E-03
F:/Desktop/DeepOnet_Abaqus/StaticElasticJob.odb,Step-1,Increment      1: Step Time =    1.000,"PLATE-1",           186,             1,  -626.874E-03,       1.83588,            0.,"ASSEMBLY_PLATE-1__PICKEDSET2","ROCK","",  -992.807E-03,      -1.60297,      -1.60170,  -994.084E-03,  -27.8754E-03
F:/Desktop/DeepOnet_Abaqus/StaticElasticJob.odb,Step-1,Increment      1: Step Time =    1.000,"PLATE-1",           187,             1,  -865.929E-03,       1.69701,            0.,"ASSEMBLY_PLATE-1__PICKEDSET2","ROCK","",  -990.681E-03,      -1.58836,      -1.58628,  -992.760E-03,  -35.1847E-03
F:/Desktop/DeepOnet_Abaqus/StaticElasticJob.odb,Step-1,Increment      1: Step Time =    1.000,"PLATE-1",           188,             1,  -739.607E-03,       1.85267,            0.,"ASSEMBLY_PLATE-1__PICKEDSET2","ROCK","",  -991.947E-03,      -1.59696,      -1.59572,  -993.196E-03,  -27.4607E-03
F:/Desktop/DeepOnet_Abaqus/StaticElasticJob.odb,Step-1,Increment      1: Step Time =    1.000,"PLATE-1",           189,             1,  -975.756E-03,       1.68163,            0.,"ASSEMBLY_PLATE-1__PICKEDSET2","ROCK","",  -991.525E-03,      -1.58322,      -1.58118,  -993.565E-03,  -34.6890E-03
F:/Desktop/DeepOnet_Abaqus/StaticElasticJob.odb,Step-1,Increment      1: Step Time =    1.000,"PLATE-1",           190,             1,      -1.06712,       1.80678,            0.,"ASSEMBLY_PLATE-1__PICKEDSET2","ROCK","",  -991.691E-03,      -1.58305,      -1.58151,  -993.228E-03,  -30.1176E-03
F:/Desktop/DeepOnet_Abaqus/StaticElasticJob.odb,Step-1,Increment      1: Step Time =    1.000,"PLATE-1",           191,             1,       1.67643,      -1.06174,            0.,"ASSEMBLY_PLATE-1__PICKEDSET2","ROCK","",      -1.02181,      -1.56978,      -1.56757,      -1.02403,  -34.7632E-03
F:/Desktop/DeepOnet_Abaqus/StaticElasticJob.odb,Step-1,Increment      1: Step Time =    1.000,"PLATE-1",           192,             1,       1.83207,  -978.326E-03,            0.,"ASSEMBLY_PLATE-1__PICKEDSET2","ROCK","",      -1.02684,      -1.56739,      -1.56564,      -1.02858,  -30.6457E-03
F:/Desktop/DeepOnet_Abaqus/StaticElasticJob.odb,Step-1,Increment      1: Step Time =    1.000,"PLATE-1",           193,             1,       1.84032,  -871.999E-03,            0.,"ASSEMBLY_PLATE-1__PICKEDSET2","ROCK","",      -1.03062,      -1.56837,      -1.56661,      -1.03238,  -30.7600E-03
F:/Desktop/DeepOnet_Abaqus/StaticElasticJob.odb,Step-1,Increment      1: Step Time =    1.000,"PLATE-1",           194,             1,       1.75546,  -349.511E-03,            0.,"ASSEMBLY_PLATE-1__PICKEDSET2","ROCK","",      -1.05443,      -1.58434,      -1.58277,      -1.05600,  -28.7876E-03
F:/Desktop/DeepOnet_Abaqus/StaticElasticJob.odb,Step-1,Increment      1: Step Time =    1.000,"PLATE-1",           195,             1,       1.69387,  -629.315E-03,            0.,"ASSEMBLY_PLATE-1__PICKEDSET2","ROCK","",      -1.04335,      -1.57119,      -1.56874,      -1.04579,  -35.8691E-03
F:/Desktop/DeepOnet_Abaqus/StaticElasticJob.odb,Step-1,Increment      1: Step Time =    1.000,"PLATE-1",           196,             1,       1.65446,  -348.225E-03,            0.,"ASSEMBLY_PLATE-1__PICKEDSET2","ROCK","",      -1.05879,      -1.58060,      -1.57837,      -1.06102,  -34.0046E-03
F:/Desktop/DeepOnet_Abaqus/StaticElasticJob.odb,Step-1,Increment      1: Step Time =    1.000,"PLATE-1",           197,             1,       1.88427,   355.222E-03,            0.,"ASSEMBLY_PLATE-1__PICKEDSET2","ROCK","",      -1.01856,      -1.60301,      -1.58380,      -1.03776,  -104.178E-03
F:/Desktop/DeepOnet_Abaqus/StaticElasticJob.odb,Step-1,Increment      1: Step Time =    1.000,"PLATE-1",           198,             1,       1.77872,   337.670E-03,            0.,"ASSEMBLY_PLATE-1__PICKEDSET2","ROCK","",      -1.02327,      -1.64510,      -1.62556,      -1.04281,  -108.484E-03
F:/Desktop/DeepOnet_Abaqus/StaticElasticJob.odb,Step-1,Increment      1: Step Time =    1.000,"PLATE-1",           199,             1,       1.81586,  -43.0055E-03,            0.,"ASSEMBLY_PLATE-1__PICKEDSET2","ROCK","",      -1.04742,      -1.61064,      -1.60901,      -1.04904,  -30.2165E-03
F:/Desktop/DeepOnet_Abaqus/StaticElasticJob.odb,Step-1,Increment      1: Step Time =    1.000,"PLATE-1",           200,             1,       1.82235,   626.694E-03,            0.,"ASSEMBLY_PLATE-1__PICKEDSET2","ROCK","",      -1.05916,      -1.46705,      -1.42706,      -1.09915,  -121.296E-03
F:/Desktop/DeepOnet_Abaqus/StaticElasticJob.odb,Step-1,Increment      1: Step Time =    1.000,"PLATE-1",           201,             1,       1.68113,   844.973E-03,            0.,"ASSEMBLY_PLATE-1__PICKEDSET2","ROCK","",      -1.15942,      -1.20790,      -1.17476,      -1.19257,  -22.5452E-03
F:/Desktop/DeepOnet_Abaqus/StaticElasticJob.odb,Step-1,Increment      1: Step Time =    1.000,"PLATE-1",           202,             1,       2.02294,   817.213E-03,            0.,"ASSEMBLY_PLATE-1__PICKEDSET2","ROCK","",      -1.10027,      -1.39634,      -1.38781,      -1.10879,  -49.5103E-03
F:/Desktop/DeepOnet_Abaqus/StaticElasticJob.odb,Step-1,Increment      1: Step Time =    1.000,"PLATE-1",           203,             1,       1.84616,   944.628E-03,            0.,"ASSEMBLY_PLATE-1__PICKEDSET2","ROCK","",      -1.12620,      -1.30035,      -1.29872,      -1.12783,   16.7568E-03
F:/Desktop/DeepOnet_Abaqus/StaticElasticJob.odb,Step-1,Increment      1: Step Time =    1.000,"PLATE-1",           204,             1,  -946.429E-03,      -1.67418,            0.,"ASSEMBLY_PLATE-1__PICKEDSET2","ROCK","",  -986.230E-03,      -1.57596,      -1.57541,  -986.774E-03,   17.9095E-03
F:/Desktop/DeepOnet_Abaqus/StaticElasticJob.odb,Step-1,Increment      1: Step Time =    1.000,"PLATE-1",           205,             1,  -717.458E-03,      -1.86026,            0.,"ASSEMBLY_PLATE-1__PICKEDSET2","ROCK","",  -986.526E-03,      -1.57839,      -1.57815,  -986.760E-03,   11.7679E-03
F:/Desktop/DeepOnet_Abaqus/StaticElasticJob.odb,Step-1,Increment      1: Step Time =    1.000,"PLATE-1",           206,             1,  -586.076E-03,      -1.85552,            0.,"ASSEMBLY_PLATE-1__PICKEDSET2","ROCK","",  -985.701E-03,      -1.58044,      -1.58025,  -985.891E-03,   10.6296E-03
F:/Desktop/DeepOnet_Abaqus/StaticElasticJob.odb,Step-1,Increment      1: Step Time =    1.000,"PLATE-1",           207,             1,  -348.840E-03,      -1.64988,            0.,"ASSEMBLY_PLATE-1__PICKEDSET2","ROCK","",  -981.233E-03,      -1.58878,      -1.58861,  -981.407E-03,   10.2728E-03
F:/Desktop/DeepOnet_Abaqus/StaticElasticJob.odb,Step-1,Increment      1: Step Time =    1.000,"PLATE-1",           208,             1,   253.088E-03,      -1.67054,            0.,"ASSEMBLY_PLATE-1__PICKEDSET2","ROCK","",  -979.141E-03,      -1.59439,      -1.59436,  -979.172E-03,  -4.35307E-03
F:/Desktop/DeepOnet_Abaqus/StaticElasticJob.odb,Step-1,Increment      1: Step Time =    1.000,"PLATE-1",           209,             1,   573.369E-03,      -1.97160,            0.,"ASSEMBLY_PLATE-1__PICKEDSET2","ROCK","",  -988.567E-03,      -1.58367,      -1.58345,  -988.784E-03,  -11.3782E-03
F:/Desktop/DeepOnet_Abaqus/StaticElasticJob.odb,Step-1,Increment      1: Step Time =    1.000,"PLATE-1",           210,             1,   534.942E-03,      -1.83638,            0.,"ASSEMBLY_PLATE-1__PICKEDSET2","ROCK","",  -985.374E-03,      -1.58782,      -1.58758,  -985.610E-03,  -11.9157E-03
F:/Desktop/DeepOnet_Abaqus/StaticElasticJob.odb,Step-1,Increment      1: Step Time =    1.000,"PLATE-1",           211,             1,   763.204E-03,      -1.69312,            0.,"ASSEMBLY_PLATE-1__PICKEDSET2","ROCK","",  -986.152E-03,      -1.58874,      -1.58806,  -986.830E-03,  -20.1975E-03
F:/Desktop/DeepOnet_Abaqus/StaticElasticJob.odb,Step-1,Increment      1: Step Time =    1.000,"PLATE-1",           212,             1,   641.272E-03,      -1.84807,            0.,"ASSEMBLY_PLATE-1__PICKEDSET2","ROCK","",  -987.341E-03,      -1.58579,      -1.58546,  -987.679E-03,  -14.2023E-03
F:/Desktop/DeepOnet_Abaqus/StaticElasticJob.odb,Step-1,Increment      1: Step Time =    1.000,"PLATE-1",           213,             1,       1.05938,      -1.89087,            0.,"ASSEMBLY_PLATE-1__PICKEDSET2","ROCK","",  -997.248E-03,      -1.57689,      -1.57617,  -997.972E-03,  -20.4784E-03
F:/Desktop/DeepOnet_Abaqus/StaticElasticJob.odb,Step-1,Increment      1: Step Time =    1.000,"PLATE-1",           214,             1,   953.691E-03,      -1.65514,            0.,"ASSEMBLY_PLATE-1__PICKEDSET2","ROCK","",  -990.547E-03,      -1.58562,      -1.58455,  -991.620E-03,  -25.2517E-03
F:/Desktop/DeepOnet_Abaqus/StaticElasticJob.odb,Step-1,Increment      1: Step Time =    1.000,"PLATE-1",           215,             1,   936.032E-03,      -1.76052,            0.,"ASSEMBLY_PLATE-1__PICKEDSET2","ROCK","",  -991.185E-03,      -1.58397,      -1.58318,  -991.968E-03,  -21.5381E-03
F:/Desktop/DeepOnet_Abaqus/StaticElasticJob.odb,Step-1,Increment      1: Step Time =    1.000,"PLATE-1",           216,             1,       1.04512,      -1.77010,            0.,"ASSEMBLY_PLATE-1__PICKEDSET2","ROCK","",  -994.657E-03,      -1.58052,      -1.57968,  -995.498E-03,  -22.1872E-03
F:/Desktop/DeepOnet_Abaqus/StaticElasticJob.odb,Step-1,Increment      1: Step Time =    1.000,"PLATE-1",           217,             1,   919.679E-03,      -1.90945,            0.,"ASSEMBLY_PLATE-1__PICKEDSET2","ROCK","",  -993.626E-03,      -1.57985,      -1.57930,  -994.181E-03,  -18.0230E-03
F:/Desktop/DeepOnet_Abaqus/StaticElasticJob.odb,Step-1,Increment      1: Step Time =    1.000,"PLATE-1",           218,             1,      -1.68119,   151.648E-03,            0.,"ASSEMBLY_PLATE-1__PICKEDSET2","ROCK","",      -1.03379,      -1.49779,      -1.49779,      -1.03379,   804.079E-06
F:/Desktop/DeepOnet_Abaqus/StaticElasticJob.odb,Step-1,Increment      1: Step Time =    1.000,"PLATE-1",           219,             1,      -1.84653,  -659.220E-06,            0.,"ASSEMBLY_PLATE-1__PICKEDSET2","ROCK","",      -1.02952,      -1.50738,      -1.50724,      -1.02966,   8.21422E-03
F:/Desktop/DeepOnet_Abaqus/StaticElasticJob.odb,Step-1,Increment      1: Step Time =    1.000,"PLATE-1",           220,             1,   422.262E-03,       1.84422,            0.,"ASSEMBLY_PLATE-1__PICKEDSET2","ROCK","",      -1.05844,      -1.64808,      -1.64720,      -1.05932,  -22.7662E-03
F:/Desktop/DeepOnet_Abaqus/StaticElasticJob.odb,Step-1,Increment      1: Step Time =    1.000,"PLATE-1",           221,             1,  -50.4099E-03,       1.64289,            0.,"ASSEMBLY_PLATE-1__PICKEDSET2","ROCK","",      -1.00528,      -1.65111,      -1.64896,      -1.00742,  -37.1568E-03
F:/Desktop/DeepOnet_Abaqus/StaticElasticJob.odb,Step-1,Increment      1: Step Time =    1.000,"PLATE-1",           222,             1,  -602.924E-03,       1.98714,            0.,"ASSEMBLY_PLATE-1__PICKEDSET2","ROCK","",  -994.887E-03,      -1.60199,      -1.60130,  -995.582E-03,  -20.5317E-03
F:/Desktop/DeepOnet_Abaqus/StaticElasticJob.odb,Step-1,Increment      1: Step Time =    1.000,"PLATE-1",           223,             1,  -266.961E-03,       2.10982,            0.,"ASSEMBLY_PLATE-1__PICKEDSET2","ROCK","",      -1.00675,      -1.60996,      -1.60976,      -1.00696,  -11.0344E-03
F:/Desktop/DeepOnet_Abaqus/StaticElasticJob.odb,Step-1,Increment      1: Step Time =    1.000,"PLATE-1",           224,             1,  -74.4143E-03,       1.72292,            0.,"ASSEMBLY_PLATE-1__PICKEDSET2","ROCK","",      -1.00644,      -1.64308,      -1.64176,      -1.00776,  -28.9724E-03
F:/Desktop/DeepOnet_Abaqus/StaticElasticJob.odb,Step-1,Increment      1: Step Time =    1.000,"PLATE-1",           225,             1,       1.83386,  -159.181E-03,            0.,"ASSEMBLY_PLATE-1__PICKEDSET2","ROCK","",      -1.04787,      -1.60247,      -1.60125,      -1.04910,  -26.0601E-03
F:/Desktop/DeepOnet_Abaqus/StaticElasticJob.odb,Step-1,Increment      1: Step Time =    1.000,"PLATE-1",           226,             1,       1.66446,   48.5326E-03,            0.,"ASSEMBLY_PLATE-1__PICKEDSET2","ROCK","",      -1.06863,      -1.63481,      -1.63309,      -1.07035,  -31.1343E-03
F:/Desktop/DeepOnet_Abaqus/StaticElasticJob.odb,Step-1,Increment      1: Step Time =    1.000,"PLATE-1",           227,             1,       1.98019,   523.446E-03,            0.,"ASSEMBLY_PLATE-1__PICKEDSET2","ROCK","",      -1.03817,      -1.52780,      -1.50699,      -1.05897,  -98.7694E-03
F:/Desktop/DeepOnet_Abaqus/StaticElasticJob.odb,Step-1,Increment      1: Step Time =    1.000,"PLATE-1",           228,             1,       1.78876,   50.2830E-03,            0.,"ASSEMBLY_PLATE-1__PICKEDSET2","ROCK","",      -1.04471,      -1.62998,      -1.62762,      -1.04707,  -37.0801E-03
F:/Desktop/DeepOnet_Abaqus/StaticElasticJob.odb,Step-1,Increment      1: Step Time =    1.000,"PLATE-1",           229,             1,   25.6462E-03,      -1.90132,            0.,"ASSEMBLY_PLATE-1__PICKEDSET2","ROCK","",  -985.032E-03,      -1.58567,      -1.58567,  -985.032E-03,  -324.411E-06
F:/Desktop/DeepOnet_Abaqus/StaticElasticJob.odb,Step-1,Increment      1: Step Time =    1.000,"PLATE-1",           230,             1,   37.1497E-03,      -1.69603,            0.,"ASSEMBLY_PLATE-1__PICKEDSET2","ROCK","",  -979.874E-03,      -1.59283,      -1.59282,  -979.875E-03,   1.03778E-03
F:/Desktop/DeepOnet_Abaqus/StaticElasticJob.odb,Step-1,Increment      1: Step Time =    1.000,"PLATE-1",           231,             1,  -141.500E-03,      -1.76221,            0.,"ASSEMBLY_PLATE-1__PICKEDSET2","ROCK","",  -982.294E-03,      -1.58856,      -1.58853,  -982.324E-03,   4.26771E-03
F:/Desktop/DeepOnet_Abaqus/StaticElasticJob.odb,Step-1,Increment      1: Step Time =    1.000,"PLATE-1",           232,             1,      -1.82156,   423.953E-03,            0.,"ASSEMBLY_PLATE-1__PICKEDSET2","ROCK","",      -1.02824,      -1.51027,      -1.50991,      -1.02859,  -13.1068E-03
F:/Desktop/DeepOnet_Abaqus/StaticElasticJob.odb,Step-1,Increment      1: Step Time =    1.000,"PLATE-1",           233,             1,      -1.78495,   326.537E-03,            0.,"ASSEMBLY_PLATE-1__PICKEDSET2","ROCK","",      -1.03077,      -1.50497,      -1.50481,      -1.03093,  -8.65248E-03
F:/Desktop/DeepOnet_Abaqus/StaticElasticJob.odb,Step-1,Increment      1: Step Time =    1.000,"PLATE-1",           234,             1,      -1.89386,   271.452E-03,            0.,"ASSEMBLY_PLATE-1__PICKEDSET2","ROCK","",      -1.02945,      -1.50964,      -1.50958,      -1.02950,  -5.15546E-03
F:/Desktop/DeepOnet_Abaqus/StaticElasticJob.odb,Step-1,Increment      1: Step Time =    1.000,"PLATE-1",           235,             1,      -1.84976,  -278.305E-03,            0.,"ASSEMBLY_PLATE-1__PICKEDSET2","ROCK","",      -1.02318,      -1.51695,      -1.51621,      -1.02392,   19.0819E-03
F:/Desktop/DeepOnet_Abaqus/StaticElasticJob.odb,Step-1,Increment      1: Step Time =    1.000,"PLATE-1",           236,             1,       1.77566,  -509.973E-03,            0.,"ASSEMBLY_PLATE-1__PICKEDSET2","ROCK","",      -1.04538,      -1.57604,      -1.57428,      -1.04715,  -30.5606E-03
F:/Desktop/DeepOnet_Abaqus/StaticElasticJob.odb,Step-1,Increment      1: Step Time =    1.000,"PLATE-1",           237,             1,       1.75667,  -431.015E-03,            0.,"ASSEMBLY_PLATE-1__PICKEDSET2","ROCK","",      -1.05076,      -1.57725,      -1.57529,      -1.05272,  -32.0859E-03
F:/Desktop/DeepOnet_Abaqus/StaticElasticJob.odb,Step-1,Increment      1: Step Time =    1.000,"PLATE-1",           238,             1,  -459.185E-03,      -1.81947,            0.,"ASSEMBLY_PLATE-1__PICKEDSET2","ROCK","",  -984.777E-03,      -1.58266,      -1.58250,  -984.933E-03,   9.64846E-03
F:/Desktop/DeepOnet_Abaqus/StaticElasticJob.odb,Step-1,Increment      1: Step Time =    1.000,"PLATE-1",           239,             1,      -1.70187,       1.56513,            0.,"ASSEMBLY_PLATE-1__PICKEDSET2","ROCK","",      -1.00007,      -1.55866,      -1.55709,      -1.00164,  -29.6242E-03
F:/Desktop/DeepOnet_Abaqus/StaticElasticJob.odb,Step-1,Increment      1: Step Time =    1.000,"PLATE-1",           240,             1,      -1.83473,       1.30648,            0.,"ASSEMBLY_PLATE-1__PICKEDSET2","ROCK","",      -1.00577,      -1.54817,      -1.54644,      -1.00750,  -30.5743E-03
F:/Desktop/DeepOnet_Abaqus/StaticElasticJob.odb,Step-1,Increment      1: Step Time =    1.000,"PLATE-1",           241,             1,      -1.91473,   962.347E-03,            0.,"ASSEMBLY_PLATE-1__PICKEDSET2","ROCK","",      -1.01474,      -1.53386,      -1.53241,      -1.01619,  -27.4064E-03
F:/Desktop/DeepOnet_Abaqus/StaticElasticJob.odb,Step-1,Increment      1: Step Time =    1.000,"PLATE-1",           242,             1,      -1.90600,      -1.04503,            0.,"ASSEMBLY_PLATE-1__PICKEDSET2","ROCK","",      -1.00389,      -1.54777,      -1.54651,      -1.00515,   26.1320E-03
F:/Desktop/DeepOnet_Abaqus/StaticElasticJob.odb,Step-1,Increment      1: Step Time =    1.000,"PLATE-1",           243,             1,      -1.87263,      -1.15828,            0.,"ASSEMBLY_PLATE-1__PICKEDSET2","ROCK","",      -1.00169,      -1.55107,      -1.54983,      -1.00293,   26.0620E-03
F:/Desktop/DeepOnet_Abaqus/StaticElasticJob.odb,Step-1,Increment      1: Step Time =    1.000,"PLATE-1",           244,             1,      -1.69092,      -1.46657,            0.,"ASSEMBLY_PLATE-1__PICKEDSET2","ROCK","",  -996.300E-03,      -1.55905,      -1.55807,  -997.276E-03,   23.4110E-03
F:/Desktop/DeepOnet_Abaqus/StaticElasticJob.odb,Step-1,Increment      1: Step Time =    1.000,"PLATE-1",           245,             1,      -1.85574,      -1.26246,            0.,"ASSEMBLY_PLATE-1__PICKEDSET2","ROCK","",      -1.00026,      -1.55307,      -1.55194,      -1.00139,   24.9370E-03
F:/Desktop/DeepOnet_Abaqus/StaticElasticJob.odb,Step-1,Increment      1: Step Time =    1.000,"PLATE-1",           246,             1,      -1.69352,      -1.58478,            0.,"ASSEMBLY_PLATE-1__PICKEDSET2","ROCK","",  -995.802E-03,      -1.56040,      -1.55958,  -996.618E-03,   21.4599E-03
F:/Desktop/DeepOnet_Abaqus/StaticElasticJob.odb,Step-1,Increment      1: Step Time =    1.000,"PLATE-1",           247,             1,   660.762E-03,       1.99676,            0.,"ASSEMBLY_PLATE-1__PICKEDSET2","ROCK","",      -1.02792,      -1.64471,      -1.64085,      -1.03178,  -48.6310E-03
F:/Desktop/DeepOnet_Abaqus/StaticElasticJob.odb,Step-1,Increment      1: Step Time =    1.000,"PLATE-1",           248,             1,       1.25278,       1.80369,            0.,"ASSEMBLY_PLATE-1__PICKEDSET2","ROCK","",  -861.236E-03,      -1.68632,      -1.68593,  -861.627E-03,   17.9584E-03
F:/Desktop/DeepOnet_Abaqus/StaticElasticJob.odb,Step-1,Increment      1: Step Time =    1.000,"PLATE-1",           249,             1,       1.15737,       1.82086,            0.,"ASSEMBLY_PLATE-1__PICKEDSET2","ROCK","",  -891.040E-03,      -1.69026,      -1.68994,  -891.367E-03,  -16.1532E-03
F:/Desktop/DeepOnet_Abaqus/StaticElasticJob.odb,Step-1,Increment      1: Step Time =    1.000,"PLATE-1",           250,             1,   882.897E-03,       1.99354,            0.,"ASSEMBLY_PLATE-1__PICKEDSET2","ROCK","",  -986.547E-03,      -1.65334,      -1.64943,  -990.456E-03,  -50.9050E-03
F:/Desktop/DeepOnet_Abaqus/StaticElasticJob.odb,Step-1,Increment      1: Step Time =    1.000,"PLATE-1",           251,             1,  -828.956E-03,       2.05081,            0.,"ASSEMBLY_PLATE-1__PICKEDSET2","ROCK","",  -993.255E-03,      -1.59373,      -1.59305,  -993.942E-03,  -20.2863E-03
F:/Desktop/DeepOnet_Abaqus/StaticElasticJob.odb,Step-1,Increment      1: Step Time =    1.000,"PLATE-1",           252,             1,      -1.22213,       1.75264,            0.,"ASSEMBLY_PLATE-1__PICKEDSET2","ROCK","",  -992.449E-03,      -1.57676,      -1.57502,  -994.189E-03,  -31.8417E-03
F:/Desktop/DeepOnet_Abaqus/StaticElasticJob.odb,Step-1,Increment      1: Step Time =    1.000,"PLATE-1",           253,             1,      -1.43922,       1.66759,            0.,"ASSEMBLY_PLATE-1__PICKEDSET2","ROCK","",  -995.202E-03,      -1.56802,      -1.56626,  -996.963E-03,  -31.7152E-03
F:/Desktop/DeepOnet_Abaqus/StaticElasticJob.odb,Step-1,Increment      1: Step Time =    1.000,"PLATE-1",           254,             1,      -1.31881,       1.76268,            0.,"ASSEMBLY_PLATE-1__PICKEDSET2","ROCK","",  -993.235E-03,      -1.57407,      -1.57247,  -994.838E-03,  -30.4702E-03
F:/Desktop/DeepOnet_Abaqus/StaticElasticJob.odb,Step-1,Increment      1: Step Time =    1.000,"PLATE-1",           255,             1,      -1.51917,       2.12653,            0.,"ASSEMBLY_PLATE-1__PICKEDSET2","ROCK","",  -994.437E-03,      -1.57243,      -1.57180,  -995.069E-03,  -19.0982E-03
F:/Desktop/DeepOnet_Abaqus/StaticElasticJob.odb,Step-1,Increment      1: Step Time =    1.000,"PLATE-1",           256,             1,      -1.54463,       1.68771,            0.,"ASSEMBLY_PLATE-1__PICKEDSET2","ROCK","",  -996.524E-03,      -1.56548,      -1.56393,  -998.079E-03,  -29.7001E-03
F:/Desktop/DeepOnet_Abaqus/StaticElasticJob.odb,Step-1,Increment      1: Step Time =    1.000,"PLATE-1",           257,             1,       1.77808,      -1.45659,            0.,"ASSEMBLY_PLATE-1__PICKEDSET2","ROCK","",      -1.01443,      -1.56664,      -1.56542,      -1.01565,  -25.8349E-03
F:/Desktop/DeepOnet_Abaqus/StaticElasticJob.odb,Step-1,Increment      1: Step Time =    1.000,"PLATE-1",           258,             1,       1.97227,  -979.340E-03,            0.,"ASSEMBLY_PLATE-1__PICKEDSET2","ROCK","",      -1.02745,      -1.56555,      -1.56430,      -1.02870,  -25.8978E-03
F:/Desktop/DeepOnet_Abaqus/StaticElasticJob.odb,Step-1,Increment      1: Step Time =    1.000,"PLATE-1",           259,             1,       1.79750,      -1.28246,            0.,"ASSEMBLY_PLATE-1__PICKEDSET2","ROCK","",      -1.01835,      -1.56719,      -1.56574,      -1.01980,  -28.1575E-03
F:/Desktop/DeepOnet_Abaqus/StaticElasticJob.odb,Step-1,Increment      1: Step Time =    1.000,"PLATE-1",           260,             1,       1.83218,      -1.08712,            0.,"ASSEMBLY_PLATE-1__PICKEDSET2","ROCK","",      -1.02450,      -1.56689,      -1.56527,      -1.02612,  -29.6754E-03
F:/Desktop/DeepOnet_Abaqus/StaticElasticJob.odb,Step-1,Increment      1: Step Time =    1.000,"PLATE-1",           261,             1,       1.84227,       1.05838,            0.,"ASSEMBLY_PLATE-1__PICKEDSET2","ROCK","",      -1.06562,      -1.34007,      -1.31074,      -1.09495,   84.7845E-03
F:/Desktop/DeepOnet_Abaqus/StaticElasticJob.odb,Step-1,Increment      1: Step Time =    1.000,"PLATE-1",           262,             1,       1.82996,       1.17389,            0.,"ASSEMBLY_PLATE-1__PICKEDSET2","ROCK","",      -1.00777,      -1.39638,      -1.34619,      -1.05796,   130.328E-03
F:/Desktop/DeepOnet_Abaqus/StaticElasticJob.odb,Step-1,Increment      1: Step Time =    1.000,"PLATE-1",           263,             1,       1.66516,       1.44407,            0.,"ASSEMBLY_PLATE-1__PICKEDSET2","ROCK","",  -861.905E-03,      -1.55279,      -1.49975,  -914.952E-03,   183.944E-03
F:/Desktop/DeepOnet_Abaqus/StaticElasticJob.odb,Step-1,Increment      1: Step Time =    1.000,"PLATE-1",           264,             1,       1.97914,       1.51689,            0.,"ASSEMBLY_PLATE-1__PICKEDSET2","ROCK","",  -970.672E-03,      -1.50544,      -1.48247,  -993.640E-03,   108.421E-03
F:/Desktop/DeepOnet_Abaqus/StaticElasticJob.odb,Step-1,Increment      1: Step Time =    1.000,"PLATE-1",           265,             1,       1.67622,       1.54942,            0.,"ASSEMBLY_PLATE-1__PICKEDSET2","ROCK","",  -874.336E-03,      -1.56989,      -1.53541,  -908.813E-03,   150.969E-03
F:/Desktop/DeepOnet_Abaqus/StaticElasticJob.odb,Step-1,Increment      1: Step Time =    1.000,"PLATE-1",           266,             1,      -1.54282,      -1.70266,            0.,"ASSEMBLY_PLATE-1__PICKEDSET2","ROCK","",  -993.756E-03,      -1.56365,      -1.56295,  -994.447E-03,   19.8231E-03
F:/Desktop/DeepOnet_Abaqus/StaticElasticJob.odb,Step-1,Increment      1: Step Time =    1.000,"PLATE-1",           267,             1,      -1.49370,      -1.89466,            0.,"ASSEMBLY_PLATE-1__PICKEDSET2","ROCK","",  -993.571E-03,      -1.56488,      -1.56440,  -994.051E-03,   16.5457E-03
F:/Desktop/DeepOnet_Abaqus/StaticElasticJob.odb,Step-1,Increment      1: Step Time =    1.000,"PLATE-1",           268,             1,      -1.14627,      -1.66431,            0.,"ASSEMBLY_PLATE-1__PICKEDSET2","ROCK","",  -988.469E-03,      -1.57132,      -1.57064,  -989.151E-03,   19.9204E-03
F:/Desktop/DeepOnet_Abaqus/StaticElasticJob.odb,Step-1,Increment      1: Step Time =    1.000,"PLATE-1",           269,             1,      -1.23336,      -1.79025,            0.,"ASSEMBLY_PLATE-1__PICKEDSET2","ROCK","",  -990.258E-03,      -1.56950,      -1.56895,  -990.808E-03,   17.8534E-03
F:/Desktop/DeepOnet_Abaqus/StaticElasticJob.odb,Step-1,Increment      1: Step Time =    1.000,"PLATE-1",           270,             1,      -1.01937,      -1.92608,            0.,"ASSEMBLY_PLATE-1__PICKEDSET2","ROCK","",  -989.458E-03,      -1.57211,      -1.57176,  -989.811E-03,   14.3346E-03
F:/Desktop/DeepOnet_Abaqus/StaticElasticJob.odb,Step-1,Increment      1: Step Time =    1.000,"PLATE-1",           271,             1,       1.24468,      -1.66169,            0.,"ASSEMBLY_PLATE-1__PICKEDSET2","ROCK","",      -1.00019,      -1.57698,      -1.57577,      -1.00140,  -26.3733E-03
F:/Desktop/DeepOnet_Abaqus/StaticElasticJob.odb,Step-1,Increment      1: Step Time =    1.000,"PLATE-1",           272,             1,       1.14122,      -1.76091,            0.,"ASSEMBLY_PLATE-1__PICKEDSET2","ROCK","",  -997.558E-03,      -1.57817,      -1.57719,  -998.529E-03,  -23.7166E-03
F:/Desktop/DeepOnet_Abaqus/StaticElasticJob.odb,Step-1,Increment      1: Step Time =    1.000,"PLATE-1",           273,             1,       1.31664,      -1.82370,            0.,"ASSEMBLY_PLATE-1__PICKEDSET2","ROCK","",      -1.00255,      -1.57300,      -1.57209,      -1.00346,  -22.8137E-03
F:/Desktop/DeepOnet_Abaqus/StaticElasticJob.odb,Step-1,Increment      1: Step Time =    1.000,"PLATE-1",           274,             1,      -1.90335,      -1.82859,            0.,"ASSEMBLY_PLATE-1__PICKEDSET2","ROCK","",  -997.841E-03,      -1.55933,      -1.55879,  -998.378E-03,   17.3472E-03
F:/Desktop/DeepOnet_Abaqus/StaticElasticJob.odb,Step-1,Increment      1: Step Time =    1.000,"PLATE-1",           275,             1,       1.82338,       1.52940,            0.,"ASSEMBLY_PLATE-1__PICKEDSET2","ROCK","",  -917.545E-03,      -1.53283,      -1.49716,  -953.208E-03,   143.776E-03
F:/Desktop/DeepOnet_Abaqus/StaticElasticJob.odb,Step-1,Increment      1: Step Time =    1.000,"PLATE-1",           276,             1,      -1.70347,       1.72708,            0.,"ASSEMBLY_PLATE-1__PICKEDSET2","ROCK","",  -997.989E-03,      -1.56279,      -1.56150,  -999.281E-03,  -26.9812E-03
F:/Desktop/DeepOnet_Abaqus/StaticElasticJob.odb,Step-1,Increment      1: Step Time =    1.000,"PLATE-1",           277,             1,      -2.04401,       1.45248,            0.,"ASSEMBLY_PLATE-1__PICKEDSET2","ROCK","",      -1.00525,      -1.55117,      -1.54996,      -1.00646,  -25.6048E-03
F:/Desktop/DeepOnet_Abaqus/StaticElasticJob.odb,Step-1,Increment      1: Step Time =    1.000,"PLATE-1",           278,             1,      -1.69053,      -1.76069,            0.,"ASSEMBLY_PLATE-1__PICKEDSET2","ROCK","",  -995.492E-03,      -1.56170,      -1.56107,  -996.123E-03,   18.8957E-03
F:/Desktop/DeepOnet_Abaqus/StaticElasticJob.odb,Step-1,Increment      1: Step Time =    1.000,"PLATE-1",           279,             1,      -1.39921,      -1.81911,            0.,"ASSEMBLY_PLATE-1__PICKEDSET2","ROCK","",  -992.238E-03,      -1.56669,      -1.56615,  -992.775E-03,   17.5543E-03
F:/Desktop/DeepOnet_Abaqus/StaticElasticJob.odb,Step-1,Increment      1: Step Time =    1.000,"PLATE-1",           280,             1,      -1.65513,       1.93323,            0.,"ASSEMBLY_PLATE-1__PICKEDSET2","ROCK","",  -995.785E-03,      -1.56774,      -1.56680,  -996.722E-03,  -23.1264E-03
F:/Desktop/DeepOnet_Abaqus/StaticElasticJob.odb,Step-1,Increment      1: Step Time =    1.000,"PLATE-1",           281,             1,      -1.86727,      -1.48803,            0.,"ASSEMBLY_PLATE-1__PICKEDSET2","ROCK","",  -998.788E-03,      -1.55642,      -1.55553,  -999.680E-03,   22.2865E-03
F:/Desktop/DeepOnet_Abaqus/StaticElasticJob.odb,Step-1,Increment      1: Step Time =    1.000,"PLATE-1",           282,             1,      -2.03221,      -1.48473,            0.,"ASSEMBLY_PLATE-1__PICKEDSET2","ROCK","",      -1.00072,      -1.55459,      -1.55375,      -1.00156,   21.5788E-03
F:/Desktop/DeepOnet_Abaqus/StaticElasticJob.odb,Step-1,Increment      1: Step Time =    1.000,"PLATE-1",           283,             1,       1.87696,       1.66168,            0.,"ASSEMBLY_PLATE-1__PICKEDSET2","ROCK","",  -937.478E-03,      -1.54891,      -1.53057,  -955.823E-03,   104.309E-03
F:/Desktop/DeepOnet_Abaqus/StaticElasticJob.odb,Step-1,Increment      1: Step Time =    1.000,"PLATE-1",           284,             1,       1.69319,       1.69639,            0.,"ASSEMBLY_PLATE-1__PICKEDSET2","ROCK","",  -889.814E-03,      -1.59387,      -1.57663,  -907.055E-03,   108.820E-03
F:/Desktop/DeepOnet_Abaqus/StaticElasticJob.odb,Step-1,Increment      1: Step Time =    1.000,"PLATE-1",           285,             1,       1.54589,      -1.89206,            0.,"ASSEMBLY_PLATE-1__PICKEDSET2","ROCK","",      -1.00713,      -1.56755,      -1.56680,      -1.00788,  -20.4786E-03
F:/Desktop/DeepOnet_Abaqus/StaticElasticJob.odb,Step-1,Increment      1: Step Time =    1.000,"PLATE-1",           286,             1,   806.646E-03,       2.13422,            0.,"ASSEMBLY_PLATE-1__PICKEDSET2","ROCK","",      -1.00211,      -1.63246,      -1.62938,      -1.00519,  -43.9452E-03
F:/Desktop/DeepOnet_Abaqus/StaticElasticJob.odb,Step-1,Increment      1: Step Time =    1.000,"PLATE-1",           287,             1,      -1.94158,       1.75269,            0.,"ASSEMBLY_PLATE-1__PICKEDSET2","ROCK","",      -1.00079,      -1.55891,      -1.55789,      -1.00181,  -23.8992E-03
F:/Desktop/DeepOnet_Abaqus/StaticElasticJob.odb,Step-1,Increment      1: Step Time =    1.000,"PLATE-1",           288,             1,      -1.95056,       1.20251,            0.,"ASSEMBLY_PLATE-1__PICKEDSET2","ROCK","",      -1.00905,      -1.54396,      -1.54250,      -1.01051,  -27.8839E-03
F:/Desktop/DeepOnet_Abaqus/StaticElasticJob.odb,Step-1,Increment      1: Step Time =    1.000,"PLATE-1",           289,             1,      -1.87229,       1.42759,            0.,"ASSEMBLY_PLATE-1__PICKEDSET2","ROCK","",      -1.00442,      -1.55138,      -1.54982,      -1.00598,  -29.1541E-03
F:/Desktop/DeepOnet_Abaqus/StaticElasticJob.odb,Step-1,Increment      1: Step Time =    1.000,"PLATE-1",           290,             1,      -1.14755,      -1.93924,            0.,"ASSEMBLY_PLATE-1__PICKEDSET2","ROCK","",  -990.107E-03,      -1.57092,      -1.57054,  -990.493E-03,   14.9768E-03
F:/Desktop/DeepOnet_Abaqus/StaticElasticJob.odb,Step-1,Increment      1: Step Time =    1.000,"PLATE-1",           291,             1,       1.77237,      -2.15820,            0.,"ASSEMBLY_PLATE-1__PICKEDSET2","ROCK","",      -1.00840,      -1.56219,      -1.56177,      -1.00882,  -15.1646E-03
F:/Desktop/DeepOnet_Abaqus/StaticElasticJob.odb,Step-1,Increment      1: Step Time =    1.000,"PLATE-1",           292,             1,       2.14794,   598.243E-03,            0.,"ASSEMBLY_PLATE-1__PICKEDSET2","ROCK","",      -1.05308,      -1.50294,      -1.49150,      -1.06452,  -70.8015E-03
F:/Desktop/DeepOnet_Abaqus/StaticElasticJob.odb,Step-1,Increment      1: Step Time =    1.000,"PLATE-1",           293,             1,       1.87879,  -475.433E-03,            0.,"ASSEMBLY_PLATE-1__PICKEDSET2","ROCK","",      -1.04175,      -1.57700,      -1.57557,      -1.04318,  -27.6253E-03
F:/Desktop/DeepOnet_Abaqus/StaticElasticJob.odb,Step-1,Increment      1: Step Time =    1.000,"PLATE-1",           294,             1,      -1.17812,       2.00817,            0.,"ASSEMBLY_PLATE-1__PICKEDSET2","ROCK","",  -992.809E-03,      -1.58132,      -1.58041,  -993.717E-03,  -23.0896E-03
F:/Desktop/DeepOnet_Abaqus/StaticElasticJob.odb,Step-1,Increment      1: Step Time =    1.000,"PLATE-1",           295,             1,       1.12966,      -2.15392,            0.,"ASSEMBLY_PLATE-1__PICKEDSET2","ROCK","",  -999.317E-03,      -1.57228,      -1.57187,  -999.718E-03,  -15.1549E-03
F:/Desktop/DeepOnet_Abaqus/StaticElasticJob.odb,Step-1,Increment      1: Step Time =    1.000,"PLATE-1",           296,             1,      -2.23171,  -990.259E-03,            0.,"ASSEMBLY_PLATE-1__PICKEDSET2","ROCK","",      -1.00877,      -1.54477,      -1.54390,      -1.00964,   21.5708E-03
F:/Desktop/DeepOnet_Abaqus/StaticElasticJob.odb,Step-1,Increment      1: Step Time =    1.000,"PLATE-1",           297,             1,       1.06021,       1.82593,            0.,"ASSEMBLY_PLATE-1__PICKEDSET2","ROCK","",  -915.201E-03,      -1.69485,      -1.69268,  -917.373E-03,  -41.1007E-03
F:/Desktop/DeepOnet_Abaqus/StaticElasticJob.odb,Step-1,Increment      1: Step Time =    1.000,"PLATE-1",           298,             1,       1.22759,       1.92945,            0.,"ASSEMBLY_PLATE-1__PICKEDSET2","ROCK","",  -903.444E-03,      -1.66956,      -1.66950,  -903.503E-03,  -6.72020E-03
F:/Desktop/DeepOnet_Abaqus/StaticElasticJob.odb,Step-1,Increment      1: Step Time =    1.000,"PLATE-1",           299,             1,  -420.545E-03,       1.81915,            0.,"ASSEMBLY_PLATE-1__PICKEDSET2","ROCK","",  -996.312E-03,      -1.61358,      -1.61240,  -997.493E-03,  -26.9753E-03
F:/Desktop/DeepOnet_Abaqus/StaticElasticJob.odb,Step-1,Increment      1: Step Time =    1.000,"PLATE-1",           300,             1,       1.80055,   423.078E-03,            0.,"ASSEMBLY_PLATE-1__PICKEDSET2","ROCK","",      -1.02067,      -1.60326,      -1.57441,      -1.04952,  -126.388E-03
F:/Desktop/DeepOnet_Abaqus/StaticElasticJob.odb,Step-1,Increment      1: Step Time =    1.000,"PLATE-1",           301,             1,       1.98761,   691.607E-03,            0.,"ASSEMBLY_PLATE-1__PICKEDSET2","ROCK","",      -1.07606,      -1.43769,      -1.42216,      -1.09159,  -73.3259E-03
F:/Desktop/DeepOnet_Abaqus/StaticElasticJob.odb,Step-1,Increment      1: Step Time =    1.000,"PLATE-1",           302,             1,  -842.829E-03,      -1.85406,            0.,"ASSEMBLY_PLATE-1__PICKEDSET2","ROCK","",  -987.578E-03,      -1.57593,      -1.57563,  -987.873E-03,   13.1762E-03
F:/Desktop/DeepOnet_Abaqus/StaticElasticJob.odb,Step-1,Increment      1: Step Time =    1.000,"PLATE-1",           303,             1,  -717.155E-03,      -2.04068,            0.,"ASSEMBLY_PLATE-1__PICKEDSET2","ROCK","",  -988.577E-03,      -1.57584,      -1.57569,  -988.733E-03,   9.56869E-03
F:/Desktop/DeepOnet_Abaqus/StaticElasticJob.odb,Step-1,Increment      1: Step Time =    1.000,"PLATE-1",           304,             1,   300.100E-03,      -1.79542,            0.,"ASSEMBLY_PLATE-1__PICKEDSET2","ROCK","",  -982.996E-03,      -1.58967,      -1.58960,  -983.064E-03,  -6.42564E-03
F:/Desktop/DeepOnet_Abaqus/StaticElasticJob.odb,Step-1,Increment      1: Step Time =    1.000,"PLATE-1",           305,             1,   271.570E-03,      -2.11951,            0.,"ASSEMBLY_PLATE-1__PICKEDSET2","ROCK","",  -989.255E-03,      -1.58094,      -1.58090,  -989.298E-03,  -5.06797E-03
F:/Desktop/DeepOnet_Abaqus/StaticElasticJob.odb,Step-1,Increment      1: Step Time =    1.000,"PLATE-1",           306,             1,   315.981E-03,       1.83054,            0.,"ASSEMBLY_PLATE-1__PICKEDSET2","ROCK","",      -1.05026,      -1.65233,      -1.65191,      -1.05068,  -15.9193E-03
F:/Desktop/DeepOnet_Abaqus/StaticElasticJob.odb,Step-1,Increment      1: Step Time =    1.000,"PLATE-1",           307,             1,  -204.918E-03,       1.81895,            0.,"ASSEMBLY_PLATE-1__PICKEDSET2","ROCK","",      -1.00295,      -1.63054,      -1.62966,      -1.00382,  -23.4246E-03
F:/Desktop/DeepOnet_Abaqus/StaticElasticJob.odb,Step-1,Increment      1: Step Time =    1.000,"PLATE-1",           308,             1,  -759.309E-03,       2.18412,            0.,"ASSEMBLY_PLATE-1__PICKEDSET2","ROCK","",  -995.154E-03,      -1.59581,      -1.59544,  -995.527E-03,  -14.9707E-03
F:/Desktop/DeepOnet_Abaqus/StaticElasticJob.odb,Step-1,Increment      1: Step Time =    1.000,"PLATE-1",           309,             1,       1.78833,   147.419E-03,            0.,"ASSEMBLY_PLATE-1__PICKEDSET2","ROCK","",      -1.04166,      -1.63653,      -1.63198,      -1.04621,  -51.8310E-03
F:/Desktop/DeepOnet_Abaqus/StaticElasticJob.odb,Step-1,Increment      1: Step Time =    1.000,"PLATE-1",           310,             1,   695.677E-03,      -2.07676,            0.,"ASSEMBLY_PLATE-1__PICKEDSET2","ROCK","",  -992.657E-03,      -1.57885,      -1.57859,  -992.911E-03,  -12.1993E-03
F:/Desktop/DeepOnet_Abaqus/StaticElasticJob.odb,Step-1,Increment      1: Step Time =    1.000,"PLATE-1",           311,             1,      -2.04350,      -1.19413,            0.,"ASSEMBLY_PLATE-1__PICKEDSET2","ROCK","",      -1.00371,      -1.54958,      -1.54857,      -1.00472,   23.4364E-03
F:/Desktop/DeepOnet_Abaqus/StaticElasticJob.odb,Step-1,Increment      1: Step Time =    1.000,"PLATE-1",           312,             1,      -1.81209,  -110.593E-03,            0.,"ASSEMBLY_PLATE-1__PICKEDSET2","ROCK","",      -1.02876,      -1.50779,      -1.50742,      -1.02912,   13.2752E-03
F:/Desktop/DeepOnet_Abaqus/StaticElasticJob.odb,Step-1,Increment      1: Step Time =    1.000,"PLATE-1",           313,             1,      -1.99503,  -37.0877E-03,            0.,"ASSEMBLY_PLATE-1__PICKEDSET2","ROCK","",      -1.02668,      -1.51571,      -1.51559,      -1.02680,   7.67777E-03
F:/Desktop/DeepOnet_Abaqus/StaticElasticJob.odb,Step-1,Increment      1: Step Time =    1.000,"PLATE-1",           314,             1,   107.605E-03,       1.78341,            0.,"ASSEMBLY_PLATE-1__PICKEDSET2","ROCK","",      -1.02624,      -1.65210,      -1.65156,      -1.02678,  -18.3313E-03
F:/Desktop/DeepOnet_Abaqus/StaticElasticJob.odb,Step-1,Increment      1: Step Time =    1.000,"PLATE-1",           315,             1,  -403.755E-03,       1.96158,            0.,"ASSEMBLY_PLATE-1__PICKEDSET2","ROCK","",      -1.00002,      -1.61326,      -1.61269,      -1.00059,  -18.7092E-03
F:/Desktop/DeepOnet_Abaqus/StaticElasticJob.odb,Step-1,Increment      1: Step Time =    1.000,"PLATE-1",           316,             1,  -92.7103E-03,       1.82470,            0.,"ASSEMBLY_PLATE-1__PICKEDSET2","ROCK","",      -1.00899,      -1.63629,      -1.63557,      -1.00971,  -21.2665E-03
F:/Desktop/DeepOnet_Abaqus/StaticElasticJob.odb,Step-1,Increment      1: Step Time =    1.000,"PLATE-1",           317,             1,       1.79123,  -267.909E-03,            0.,"ASSEMBLY_PLATE-1__PICKEDSET2","ROCK","",      -1.05235,      -1.58927,      -1.58776,      -1.05387,  -28.4767E-03
F:/Desktop/DeepOnet_Abaqus/StaticElasticJob.odb,Step-1,Increment      1: Step Time =    1.000,"PLATE-1",           318,             1,  -67.2410E-03,      -2.06749,            0.,"ASSEMBLY_PLATE-1__PICKEDSET2","ROCK","",  -987.872E-03,      -1.58114,      -1.58114,  -987.872E-03,   421.028E-06
F:/Desktop/DeepOnet_Abaqus/StaticElasticJob.odb,Step-1,Increment      1: Step Time =    1.000,"PLATE-1",           319,             1,  -365.524E-03,      -1.98314,            0.,"ASSEMBLY_PLATE-1__PICKEDSET2","ROCK","",  -986.735E-03,      -1.58080,      -1.58074,  -986.797E-03,   6.07941E-03
F:/Desktop/DeepOnet_Abaqus/StaticElasticJob.odb,Step-1,Increment      1: Step Time =    1.000,"PLATE-1",           320,             1,      -1.95268,   367.691E-03,            0.,"ASSEMBLY_PLATE-1__PICKEDSET2","ROCK","",      -1.02727,      -1.51431,      -1.51416,      -1.02742,  -8.48288E-03
F:/Desktop/DeepOnet_Abaqus/StaticElasticJob.odb,Step-1,Increment      1: Step Time =    1.000,"PLATE-1",           321,             1,       1.97485,  -369.841E-03,            0.,"ASSEMBLY_PLATE-1__PICKEDSET2","ROCK","",      -1.03816,      -1.58278,      -1.58160,      -1.03933,  -25.2390E-03
F:/Desktop/DeepOnet_Abaqus/StaticElasticJob.odb,Step-1,Increment      1: Step Time =    1.000,"PLATE-1",           322,             1,       2.12340,  -767.074E-03,            0.,"ASSEMBLY_PLATE-1__PICKEDSET2","ROCK","",      -1.02907,      -1.56886,      -1.56787,      -1.03005,  -23.0634E-03
F:/Desktop/DeepOnet_Abaqus/StaticElasticJob.odb,Step-1,Increment      1: Step Time =    1.000,"PLATE-1",           323,             1,   410.874E-03,       2.10913,            0.,"ASSEMBLY_PLATE-1__PICKEDSET2","ROCK","",      -1.03745,      -1.61866,      -1.61779,      -1.03833,  -22.5422E-03
F:/Desktop/DeepOnet_Abaqus/StaticElasticJob.odb,Step-1,Increment      1: Step Time =    1.000,"PLATE-1",           324,             1,  -641.733E-03,       2.10781,            0.,"ASSEMBLY_PLATE-1__PICKEDSET2","ROCK","",  -995.610E-03,      -1.59986,      -1.59939,  -996.080E-03,  -16.8395E-03
F:/Desktop/DeepOnet_Abaqus/StaticElasticJob.odb,Step-1,Increment      1: Step Time =    1.000,"PLATE-1",           325,             1,  -127.062E-03,      -1.90102,            0.,"ASSEMBLY_PLATE-1__PICKEDSET2","ROCK","",  -984.968E-03,      -1.58478,      -1.58476,  -984.988E-03,   3.46016E-03
F:/Desktop/DeepOnet_Abaqus/StaticElasticJob.odb,Step-1,Increment      1: Step Time =    1.000,"PLATE-1",           326,             1,   180.020E-03,      -1.89316,            0.,"ASSEMBLY_PLATE-1__PICKEDSET2","ROCK","",  -984.763E-03,      -1.58683,      -1.58681,  -984.783E-03,  -3.45999E-03
F:/Desktop/DeepOnet_Abaqus/StaticElasticJob.odb,Step-1,Increment      1: Step Time =    1.000,"PLATE-1",           327,             1,      -1.92845,   91.5376E-03,            0.,"ASSEMBLY_PLATE-1__PICKEDSET2","ROCK","",      -1.02876,      -1.51114,      -1.51112,      -1.02878,   2.91903E-03
F:/Desktop/DeepOnet_Abaqus/StaticElasticJob.odb,Step-1,Increment      1: Step Time =    1.000,"PLATE-1",           328,             1,       1.78401,   245.514E-03,            0.,"ASSEMBLY_PLATE-1__PICKEDSET2","ROCK","",      -1.02640,      -1.64643,      -1.63672,      -1.03611,  -76.9937E-03
F:/Desktop/DeepOnet_Abaqus/StaticElasticJob.odb,Step-1,Increment      1: Step Time =    1.000,"PLATE-1",           329,             1,  -950.178E-03,      -2.09987,            0.,"ASSEMBLY_PLATE-1__PICKEDSET2","ROCK","",  -990.614E-03,      -1.57191,      -1.57171,  -990.811E-03,   10.6814E-03
F:/Desktop/DeepOnet_Abaqus/StaticElasticJob.odb,Step-1,Increment      1: Step Time =    1.000,"PLATE-1",           330,             1,       1.77166,      -1.37071,            0.,"ASSEMBLY_PLATE-1__PICKEDSET2","ROCK","",      -1.01660,      -1.56664,      -1.56529,      -1.01795,  -27.2426E-03
F:/Desktop/DeepOnet_Abaqus/StaticElasticJob.odb,Step-1,Increment      1: Step Time =    1.000,"PLATE-1",           331,             1,      -1.81003,       1.14759,            0.,"ASSEMBLY_PLATE-1__PICKEDSET2","ROCK","",      -1.00952,      -1.54127,      -1.53944,      -1.01135,  -31.1550E-03
F:/Desktop/DeepOnet_Abaqus/StaticElasticJob.odb,Step-1,Increment      1: Step Time =    1.000,"PLATE-1",           332,             1,      -1.85715,      -1.36868,            0.,"ASSEMBLY_PLATE-1__PICKEDSET2","ROCK","",  -999.195E-03,      -1.55546,      -1.55445,      -1.00021,   23.7680E-03
F:/Desktop/DeepOnet_Abaqus/StaticElasticJob.odb,Step-1,Increment      1: Step Time =    1.000,"PLATE-1",           333,             1,      -1.01654,       1.94631,            0.,"ASSEMBLY_PLATE-1__PICKEDSET2","ROCK","",  -991.874E-03,      -1.58610,      -1.58501,  -992.958E-03,  -25.3577E-03
F:/Desktop/DeepOnet_Abaqus/StaticElasticJob.odb,Step-1,Increment      1: Step Time =    1.000,"PLATE-1",           334,             1,      -1.12521,       1.71967,            0.,"ASSEMBLY_PLATE-1__PICKEDSET2","ROCK","",  -992.113E-03,      -1.57811,      -1.57620,  -994.020E-03,  -33.3696E-03
F:/Desktop/DeepOnet_Abaqus/StaticElasticJob.odb,Step-1,Increment      1: Step Time =    1.000,"PLATE-1",           335,             1,      -1.32566,       1.86457,            0.,"ASSEMBLY_PLATE-1__PICKEDSET2","ROCK","",  -993.048E-03,      -1.57573,      -1.57446,  -994.321E-03,  -27.2057E-03
F:/Desktop/DeepOnet_Abaqus/StaticElasticJob.odb,Step-1,Increment      1: Step Time =    1.000,"PLATE-1",           336,             1,       2.00224,  -830.840E-03,            0.,"ASSEMBLY_PLATE-1__PICKEDSET2","ROCK","",      -1.03131,      -1.56866,      -1.56747,      -1.03250,  -25.2448E-03
F:/Desktop/DeepOnet_Abaqus/StaticElasticJob.odb,Step-1,Increment      1: Step Time =    1.000,"PLATE-1",           337,             1,       2.00567,       1.06570,            0.,"ASSEMBLY_PLATE-1__PICKEDSET2","ROCK","",      -1.07613,      -1.38726,      -1.38025,      -1.08315,   46.1902E-03
F:/Desktop/DeepOnet_Abaqus/StaticElasticJob.odb,Step-1,Increment      1: Step Time =    1.000,"PLATE-1",           338,             1,       1.79324,       1.27903,            0.,"ASSEMBLY_PLATE-1__PICKEDSET2","ROCK","",  -955.119E-03,      -1.44291,      -1.38476,      -1.01326,   158.056E-03
F:/Desktop/DeepOnet_Abaqus/StaticElasticJob.odb,Step-1,Increment      1: Step Time =    1.000,"PLATE-1",           339,             1,       2.00451,       1.21977,            0.,"ASSEMBLY_PLATE-1__PICKEDSET2","ROCK","",      -1.03523,      -1.41624,      -1.39523,      -1.05624,   86.9701E-03
F:/Desktop/DeepOnet_Abaqus/StaticElasticJob.odb,Step-1,Increment      1: Step Time =    1.000,"PLATE-1",           340,             1,      -1.04536,      -1.79803,            0.,"ASSEMBLY_PLATE-1__PICKEDSET2","ROCK","",  -988.404E-03,      -1.57280,      -1.57232,  -988.883E-03,   16.7242E-03
F:/Desktop/DeepOnet_Abaqus/StaticElasticJob.odb,Step-1,Increment      1: Step Time =    1.000,"PLATE-1",           341,             1,  -951.289E-03,      -1.82405,            0.,"ASSEMBLY_PLATE-1__PICKEDSET2","ROCK","",  -988.250E-03,      -1.57384,      -1.57346,  -988.634E-03,   14.9920E-03
F:/Desktop/DeepOnet_Abaqus/StaticElasticJob.odb,Step-1,Increment      1: Step Time =    1.000,"PLATE-1",           342,             1,       1.22446,      -1.77507,            0.,"ASSEMBLY_PLATE-1__PICKEDSET2","ROCK","",  -999.510E-03,      -1.57613,      -1.57518,      -1.00046,  -23.4186E-03
F:/Desktop/DeepOnet_Abaqus/StaticElasticJob.odb,Step-1,Increment      1: Step Time =    1.000,"PLATE-1",           343,             1,       1.99837,      -1.12437,            0.,"ASSEMBLY_PLATE-1__PICKEDSET2","ROCK","",      -1.02296,      -1.56468,      -1.56359,      -1.02406,  -24.3490E-03
F:/Desktop/DeepOnet_Abaqus/StaticElasticJob.odb,Step-1,Increment      1: Step Time =    1.000,"PLATE-1",           344,             1,       1.90255,   27.5653E-03,            0.,"ASSEMBLY_PLATE-1__PICKEDSET2","ROCK","",      -1.03569,      -1.61252,      -1.60963,      -1.03858,  -40.7281E-03
F:/Desktop/DeepOnet_Abaqus/StaticElasticJob.odb,Step-1,Increment      1: Step Time =    1.000,"PLATE-1",           345,             1,       1.84855,  -340.207E-03,            0.,"ASSEMBLY_PLATE-1__PICKEDSET2","ROCK","",      -1.04819,      -1.58449,      -1.58316,      -1.04952,  -26.6305E-03
F:/Desktop/DeepOnet_Abaqus/StaticElasticJob.odb,Step-1,Increment      1: Step Time =    1.000,"PLATE-1",           346,             1,       2.23557,       1.22085,            0.,"ASSEMBLY_PLATE-1__PICKEDSET2","ROCK","",      -1.05214,      -1.44601,      -1.44071,      -1.05744,   45.3578E-03
F:/Desktop/DeepOnet_Abaqus/StaticElasticJob.odb,Step-1,Increment      1: Step Time =    1.000,"PLATE-1",           347,             1,      -2.01371,      -1.36051,            0.,"ASSEMBLY_PLATE-1__PICKEDSET2","ROCK","",      -1.00095,      -1.55343,      -1.55248,      -1.00190,   22.8492E-03
F:/Desktop/DeepOnet_Abaqus/StaticElasticJob.odb,Step-1,Increment      1: Step Time =    1.000,"PLATE-1",           348,             1,      -2.20703,   161.713E-03,            0.,"ASSEMBLY_PLATE-1__PICKEDSET2","ROCK","",      -1.02563,      -1.52155,      -1.52155,      -1.02563,  -625.890E-06
F:/Desktop/DeepOnet_Abaqus/StaticElasticJob.odb,Step-1,Increment      1: Step Time =    1.000,"PLATE-1",           349,             1,      -1.74772,  -280.480E-03,            0.,"ASSEMBLY_PLATE-1__PICKEDSET2","ROCK","",      -1.02366,      -1.51388,      -1.51283,      -1.02472,   22.6881E-03
F:/Desktop/DeepOnet_Abaqus/StaticElasticJob.odb,Step-1,Increment      1: Step Time =    1.000,"PLATE-1",           350,             1,      -2.07717,  -838.360E-03,            0.,"ASSEMBLY_PLATE-1__PICKEDSET2","ROCK","",      -1.00981,      -1.54133,      -1.54029,      -1.01085,   23.4954E-03
F:/Desktop/DeepOnet_Abaqus/StaticElasticJob.odb,Step-1,Increment      1: Step Time =    1.000,"PLATE-1",           351,             1,      -2.03907,   706.762E-03,            0.,"ASSEMBLY_PLATE-1__PICKEDSET2","ROCK","",      -1.02092,      -1.52589,      -1.52509,      -1.02171,  -20.0296E-03
F:/Desktop/DeepOnet_Abaqus/StaticElasticJob.odb,Step-1,Increment      1: Step Time =    1.000,"PLATE-1",           352,             1,      -1.79954,       1.03309,            0.,"ASSEMBLY_PLATE-1__PICKEDSET2","ROCK","",      -1.01226,      -1.53613,      -1.53429,      -1.01410,  -31.0018E-03
F:/Desktop/DeepOnet_Abaqus/StaticElasticJob.odb,Step-1,Increment      1: Step Time =    1.000,"PLATE-1",           353,             1,       1.24083,      -1.94866,            0.,"ASSEMBLY_PLATE-1__PICKEDSET2","ROCK","",      -1.00103,      -1.57255,      -1.57187,      -1.00171,  -19.7294E-03
F:/Desktop/DeepOnet_Abaqus/StaticElasticJob.odb,Step-1,Increment      1: Step Time =    1.000,"PLATE-1",           354,             1,   412.442E-03,      -1.84814,            0.,"ASSEMBLY_PLATE-1__PICKEDSET2","ROCK","",  -984.580E-03,      -1.58809,      -1.58796,  -984.715E-03,  -9.02646E-03
F:/Desktop/DeepOnet_Abaqus/StaticElasticJob.odb,Step-1,Increment      1: Step Time =    1.000,"PLATE-1",           355,             1,      -1.37603,      -2.78625,            0.,"ASSEMBLY_PLATE-1__PICKEDSET2","ROCK","",  -996.594E-03,      -1.56361,      -1.56353,  -996.671E-03,   6.60654E-03
F:/Desktop/DeepOnet_Abaqus/StaticElasticJob.odb,Step-1,Increment      1: Step Time =    1.000,"PLATE-1",           356,             1,       1.13198,       2.09980,            0.,"ASSEMBLY_PLATE-1__PICKEDSET2","ROCK","",  -946.719E-03,      -1.64849,      -1.64732,  -947.886E-03,  -28.5923E-03
F:/Desktop/DeepOnet_Abaqus/StaticElasticJob.odb,Step-1,Increment      1: Step Time =    1.000,"PLATE-1",           357,             1,      -1.88241,       2.01441,            0.,"ASSEMBLY_PLATE-1__PICKEDSET2","ROCK","",  -998.112E-03,      -1.56355,      -1.56285,  -998.813E-03,  -19.9059E-03
F:/Desktop/DeepOnet_Abaqus/StaticElasticJob.odb,Step-1,Increment      1: Step Time =    1.000,"PLATE-1",           358,             1,      -1.40021,       1.97434,            0.,"ASSEMBLY_PLATE-1__PICKEDSET2","ROCK","",  -993.438E-03,      -1.57542,      -1.57445,  -994.406E-03,  -23.7171E-03
F:/Desktop/DeepOnet_Abaqus/StaticElasticJob.odb,Step-1,Increment      1: Step Time =    1.000,"PLATE-1",           359,             1,      -2.15192,   597.261E-03,            0.,"ASSEMBLY_PLATE-1__PICKEDSET2","ROCK","",      -1.02167,      -1.52693,      -1.52646,      -1.02214,  -15.4173E-03
F:/Desktop/DeepOnet_Abaqus/StaticElasticJob.odb,Step-1,Increment      1: Step Time =    1.000,"PLATE-1",           360,             1,       1.88486,  -755.809E-03,            0.,"ASSEMBLY_PLATE-1__PICKEDSET2","ROCK","",      -1.03482,      -1.56956,      -1.56800,      -1.03638,  -28.8186E-03
F:/Desktop/DeepOnet_Abaqus/StaticElasticJob.odb,Step-1,Increment      1: Step Time =    1.000,"PLATE-1",           361,             1,       2.10671,  -910.954E-03,            0.,"ASSEMBLY_PLATE-1__PICKEDSET2","ROCK","",      -1.02755,      -1.56679,      -1.56581,      -1.02852,  -22.9482E-03
F:/Desktop/DeepOnet_Abaqus/StaticElasticJob.odb,Step-1,Increment      1: Step Time =    1.000,"PLATE-1",           362,             1,       2.16755,       1.00653,            0.,"ASSEMBLY_PLATE-1__PICKEDSET2","ROCK","",      -1.07758,      -1.42192,      -1.42177,      -1.07773,   7.19194E-03
F:/Desktop/DeepOnet_Abaqus/StaticElasticJob.odb,Step-1,Increment      1: Step Time =    1.000,"PLATE-1",           363,             1,   770.335E-03,       1.98761,            0.,"ASSEMBLY_PLATE-1__PICKEDSET2","ROCK","",      -1.01856,      -1.64675,      -1.64214,      -1.02316,  -53.6007E-03
F:/Desktop/DeepOnet_Abaqus/StaticElasticJob.odb,Step-1,Increment      1: Step Time =    1.000,"PLATE-1",           364,             1,  -525.919E-03,       2.23665,            0.,"ASSEMBLY_PLATE-1__PICKEDSET2","ROCK","",      -1.00075,      -1.59885,      -1.59867,      -1.00094,  -10.5871E-03
F:/Desktop/DeepOnet_Abaqus/StaticElasticJob.odb,Step-1,Increment      1: Step Time =    1.000,"PLATE-1",           365,             1,  -500.907E-03,       1.97715,            0.,"ASSEMBLY_PLATE-1__PICKEDSET2","ROCK","",  -996.702E-03,      -1.60634,      -1.60570,  -997.345E-03,  -19.7888E-03
F:/Desktop/DeepOnet_Abaqus/StaticElasticJob.odb,Step-1,Increment      1: Step Time =    1.000,"PLATE-1",           366,             1,  -266.302E-03,      -2.18797,            0.,"ASSEMBLY_PLATE-1__PICKEDSET2","ROCK","",  -989.809E-03,      -1.57733,      -1.57732,  -989.820E-03,   2.52231E-03
F:/Desktop/DeepOnet_Abaqus/StaticElasticJob.odb,Step-1,Increment      1: Step Time =    1.000,"PLATE-1",           367,             1,       1.16659,      -2.31591,            0.,"ASSEMBLY_PLATE-1__PICKEDSET2","ROCK","",      -1.00128,      -1.56900,      -1.56868,      -1.00161,  -13.5808E-03
F:/Desktop/DeepOnet_Abaqus/StaticElasticJob.odb,Step-1,Increment      1: Step Time =    1.000,"PLATE-1",           368,             1,       1.16554,      -1.85207,            0.,"ASSEMBLY_PLATE-1__PICKEDSET2","ROCK","",  -998.490E-03,      -1.57647,      -1.57564,  -999.324E-03,  -21.9448E-03
F:/Desktop/DeepOnet_Abaqus/StaticElasticJob.odb,Step-1,Increment      1: Step Time =    1.000,"PLATE-1",           369,             1,      -1.98057,  -467.460E-03,            0.,"ASSEMBLY_PLATE-1__PICKEDSET2","ROCK","",      -1.01789,      -1.52794,      -1.52705,      -1.01878,   21.3426E-03
F:/Desktop/DeepOnet_Abaqus/StaticElasticJob.odb,Step-1,Increment      1: Step Time =    1.000,"PLATE-1",           370,             1,       1.00251,       1.95834,            0.,"ASSEMBLY_PLATE-1__PICKEDSET2","ROCK","",  -955.936E-03,      -1.66639,      -1.66330,  -959.023E-03,  -46.7261E-03
F:/Desktop/DeepOnet_Abaqus/StaticElasticJob.odb,Step-1,Increment      1: Step Time =    1.000,"PLATE-1",           371,             1,  -879.678E-03,       2.29172,            0.,"ASSEMBLY_PLATE-1__PICKEDSET2","ROCK","",  -995.220E-03,      -1.58863,      -1.58834,  -995.512E-03,  -13.1714E-03
F:/Desktop/DeepOnet_Abaqus/StaticElasticJob.odb,Step-1,Increment      1: Step Time =    1.000,"PLATE-1",           372,             1,  -980.214E-03,       2.13764,            0.,"ASSEMBLY_PLATE-1__PICKEDSET2","ROCK","",  -993.208E-03,      -1.58831,      -1.58777,  -993.746E-03,  -17.8800E-03
F:/Desktop/DeepOnet_Abaqus/StaticElasticJob.odb,Step-1,Increment      1: Step Time =    1.000,"PLATE-1",           373,             1,       1.91207,   145.972E-03,            0.,"ASSEMBLY_PLATE-1__PICKEDSET2","ROCK","",      -1.02481,      -1.61559,      -1.61010,      -1.03031,  -56.6987E-03
F:/Desktop/DeepOnet_Abaqus/StaticElasticJob.odb,Step-1,Increment      1: Step Time =    1.000,"PLATE-1",           374,             1,       2.24178,   801.120E-03,            0.,"ASSEMBLY_PLATE-1__PICKEDSET2","ROCK","",      -1.06910,      -1.45732,      -1.45386,      -1.07255,  -36.4415E-03
F:/Desktop/DeepOnet_Abaqus/StaticElasticJob.odb,Step-1,Increment      1: Step Time =    1.000,"PLATE-1",           375,             1,       1.99098,  -631.000E-03,            0.,"ASSEMBLY_PLATE-1__PICKEDSET2","ROCK","",      -1.03552,      -1.57172,      -1.57045,      -1.03679,  -26.0311E-03
F:/Desktop/DeepOnet_Abaqus/StaticElasticJob.odb,Step-1,Increment      1: Step Time =    1.000,"PLATE-1",           376,             1,       2.04103,   164.278E-03,            0.,"ASSEMBLY_PLATE-1__PICKEDSET2","ROCK","",      -1.02341,      -1.59781,      -1.59114,      -1.03009,  -61.5478E-03
F:/Desktop/DeepOnet_Abaqus/StaticElasticJob.odb,Step-1,Increment      1: Step Time =    1.000,"PLATE-1",           377,             1,   141.103E-03,       1.96952,            0.,"ASSEMBLY_PLATE-1__PICKEDSET2","ROCK","",      -1.03244,      -1.63218,      -1.63194,      -1.03267,  -11.9205E-03
F:/Desktop/DeepOnet_Abaqus/StaticElasticJob.odb,Step-1,Increment      1: Step Time =    1.000,"PLATE-1",           378,             1,  -65.5417E-03,       1.97410,            0.,"ASSEMBLY_PLATE-1__PICKEDSET2","ROCK","",      -1.01428,      -1.62385,      -1.62360,      -1.01453,  -12.2991E-03
F:/Desktop/DeepOnet_Abaqus/StaticElasticJob.odb,Step-1,Increment      1: Step Time =    1.000,"PLATE-1",           379,             1,   341.222E-03,       1.96140,            0.,"ASSEMBLY_PLATE-1__PICKEDSET2","ROCK","",      -1.04687,      -1.63213,      -1.63150,      -1.04750,  -19.1019E-03
F:/Desktop/DeepOnet_Abaqus/StaticElasticJob.odb,Step-1,Increment      1: Step Time =    1.000,"PLATE-1",           380,             1,   647.127E-03,       2.14670,            0.,"ASSEMBLY_PLATE-1__PICKEDSET2","ROCK","",      -1.01959,      -1.62051,      -1.61859,      -1.02151,  -33.9054E-03
F:/Desktop/DeepOnet_Abaqus/StaticElasticJob.odb,Step-1,Increment      1: Step Time =    1.000,"PLATE-1",           381,             1,   43.8104E-03,       1.89017,            0.,"ASSEMBLY_PLATE-1__PICKEDSET2","ROCK","",      -1.02204,      -1.63651,      -1.63619,      -1.02236,  -14.0666E-03
F:/Desktop/DeepOnet_Abaqus/StaticElasticJob.odb,Step-1,Increment      1: Step Time =    1.000,"PLATE-1",           382,             1,  -418.556E-03,       2.10135,            0.,"ASSEMBLY_PLATE-1__PICKEDSET2","ROCK","",      -1.00165,      -1.60697,      -1.60669,      -1.00194,  -13.0730E-03
F:/Desktop/DeepOnet_Abaqus/StaticElasticJob.odb,Step-1,Increment      1: Step Time =    1.000,"PLATE-1",           383,             1,  -190.929E-03,       1.98345,            0.,"ASSEMBLY_PLATE-1__PICKEDSET2","ROCK","",      -1.00759,      -1.61856,      -1.61825,      -1.00791,  -13.8238E-03
F:/Desktop/DeepOnet_Abaqus/StaticElasticJob.odb,Step-1,Increment      1: Step Time =    1.000,"PLATE-1",           384,             1,   449.786E-03,      -2.22479,            0.,"ASSEMBLY_PLATE-1__PICKEDSET2","ROCK","",  -992.308E-03,      -1.57750,      -1.57741,  -992.393E-03,  -7.05438E-03
F:/Desktop/DeepOnet_Abaqus/StaticElasticJob.odb,Step-1,Increment      1: Step Time =    1.000,"PLATE-1",           385,             1,   137.579E-03,      -2.53977,            0.,"ASSEMBLY_PLATE-1__PICKEDSET2","ROCK","",  -994.484E-03,      -1.57270,      -1.57269,  -994.499E-03,  -2.86852E-03
F:/Desktop/DeepOnet_Abaqus/StaticElasticJob.odb,Step-1,Increment      1: Step Time =    1.000,"PLATE-1",           386,             1,      -1.24137,       2.36939,            0.,"ASSEMBLY_PLATE-1__PICKEDSET2","ROCK","",  -994.228E-03,      -1.57905,      -1.57873,  -994.556E-03,  -13.8353E-03
F:/Desktop/DeepOnet_Abaqus/StaticElasticJob.odb,Step-1,Increment      1: Step Time =    1.000,"PLATE-1",           387,             1,      -2.05739,       1.05655,            0.,"ASSEMBLY_PLATE-1__PICKEDSET2","ROCK","",      -1.01377,      -1.53788,      -1.53671,      -1.01494,  -24.7259E-03
F:/Desktop/DeepOnet_Abaqus/StaticElasticJob.odb,Step-1,Increment      1: Step Time =    1.000,"PLATE-1",           388,             1,      -2.19863,   740.139E-03,            0.,"ASSEMBLY_PLATE-1__PICKEDSET2","ROCK","",      -1.01924,      -1.53146,      -1.53083,      -1.01987,  -17.9714E-03
F:/Desktop/DeepOnet_Abaqus/StaticElasticJob.odb,Step-1,Increment      1: Step Time =    1.000,"PLATE-1",           389,             1,       1.69205,      -1.90596,            0.,"ASSEMBLY_PLATE-1__PICKEDSET2","ROCK","",      -1.00867,      -1.56589,      -1.56520,      -1.00936,  -19.5551E-03
F:/Desktop/DeepOnet_Abaqus/StaticElasticJob.odb,Step-1,Increment      1: Step Time =    1.000,"PLATE-1",           390,             1,       1.94174,      -1.32039,            0.,"ASSEMBLY_PLATE-1__PICKEDSET2","ROCK","",      -1.01939,      -1.56428,      -1.56322,      -1.02044,  -23.9638E-03
F:/Desktop/DeepOnet_Abaqus/StaticElasticJob.odb,Step-1,Increment      1: Step Time =    1.000,"PLATE-1",           391,             1,       2.21150,      -1.07958,            0.,"ASSEMBLY_PLATE-1__PICKEDSET2","ROCK","",      -1.02312,      -1.56387,      -1.56308,      -1.02392,  -20.6685E-03
F:/Desktop/DeepOnet_Abaqus/StaticElasticJob.odb,Step-1,Increment      1: Step Time =    1.000,"PLATE-1",           392,             1,       1.92103,       1.35486,            0.,"ASSEMBLY_PLATE-1__PICKEDSET2","ROCK","",  -987.566E-03,      -1.46523,      -1.43625,      -1.01655,   114.030E-03
F:/Desktop/DeepOnet_Abaqus/StaticElasticJob.odb,Step-1,Increment      1: Step Time =    1.000,"PLATE-1",           393,             1,      -1.31332,      -1.90170,            0.,"ASSEMBLY_PLATE-1__PICKEDSET2","ROCK","",  -991.466E-03,      -1.56812,      -1.56768,  -991.907E-03,   15.9319E-03
F:/Desktop/DeepOnet_Abaqus/StaticElasticJob.odb,Step-1,Increment      1: Step Time =    1.000,"PLATE-1",           394,             1,      -1.22778,      -2.43429,            0.,"ASSEMBLY_PLATE-1__PICKEDSET2","ROCK","",  -994.204E-03,      -1.56675,      -1.56660,  -994.353E-03,   9.25526E-03
F:/Desktop/DeepOnet_Abaqus/StaticElasticJob.odb,Step-1,Increment      1: Step Time =    1.000,"PLATE-1",           395,             1,      -1.20272,       1.86827,            0.,"ASSEMBLY_PLATE-1__PICKEDSET2","ROCK","",  -992.366E-03,      -1.57904,      -1.57775,  -993.651E-03,  -27.4265E-03
F:/Desktop/DeepOnet_Abaqus/StaticElasticJob.odb,Step-1,Increment      1: Step Time =    1.000,"PLATE-1",           396,             1,      -1.36453,      -2.04893,            0.,"ASSEMBLY_PLATE-1__PICKEDSET2","ROCK","",  -992.874E-03,      -1.56708,      -1.56673,  -993.216E-03,   14.0020E-03
F:/Desktop/DeepOnet_Abaqus/StaticElasticJob.odb,Step-1,Increment      1: Step Time =    1.000,"PLATE-1",           397,             1,      -1.50418,      -2.24614,            0.,"ASSEMBLY_PLATE-1__PICKEDSET2","ROCK","",  -994.833E-03,      -1.56451,      -1.56425,  -995.090E-03,   12.0996E-03
F:/Desktop/DeepOnet_Abaqus/StaticElasticJob.odb,Step-1,Increment      1: Step Time =    1.000,"PLATE-1",           398,             1,      -2.07552,      -1.62146,            0.,"ASSEMBLY_PLATE-1__PICKEDSET2","ROCK","",      -1.00102,      -1.55516,      -1.55448,      -1.00169,   19.2740E-03
F:/Desktop/DeepOnet_Abaqus/StaticElasticJob.odb,Step-1,Increment      1: Step Time =    1.000,"PLATE-1",           399,             1,      -2.15844,   346.631E-03,            0.,"ASSEMBLY_PLATE-1__PICKEDSET2","ROCK","",      -1.02505,      -1.52188,      -1.52179,      -1.02513,  -6.56729E-03
F:/Desktop/DeepOnet_Abaqus/StaticElasticJob.odb,Step-1,Increment      1: Step Time =    1.000,"PLATE-1",           400,             1,       1.86021,      -1.41529,            0.,"ASSEMBLY_PLATE-1__PICKEDSET2","ROCK","",      -1.01582,      -1.56526,      -1.56418,      -1.01690,  -24.3313E-03
F:/Desktop/DeepOnet_Abaqus/StaticElasticJob.odb,Step-1,Increment      1: Step Time =    1.000,"PLATE-1",           401,             1,       1.94106,       1.87068,            0.,"ASSEMBLY_PLATE-1__PICKEDSET2","ROCK","",  -944.295E-03,      -1.57396,      -1.56484,  -953.417E-03,   75.2389E-03
F:/Desktop/DeepOnet_Abaqus/StaticElasticJob.odb,Step-1,Increment      1: Step Time =    1.000,"PLATE-1",           402,             1,      -2.05776,       2.42980,            0.,"ASSEMBLY_PLATE-1__PICKEDSET2","ROCK","",  -998.214E-03,      -1.56315,      -1.56286,  -998.504E-03,  -12.8053E-03
F:/Desktop/DeepOnet_Abaqus/StaticElasticJob.odb,Step-1,Increment      1: Step Time =    1.000,"PLATE-1",           403,             1,       1.65406,       2.16317,            0.,"ASSEMBLY_PLATE-1__PICKEDSET2","ROCK","",  -928.671E-03,      -1.61557,      -1.61372,  -930.516E-03,   35.5497E-03
F:/Desktop/DeepOnet_Abaqus/StaticElasticJob.odb,Step-1,Increment      1: Step Time =    1.000,"PLATE-1",           404,             1,       1.82287,      -1.79871,            0.,"ASSEMBLY_PLATE-1__PICKEDSET2","ROCK","",      -1.01115,      -1.56427,      -1.56356,      -1.01186,  -19.8132E-03
F:/Desktop/DeepOnet_Abaqus/StaticElasticJob.odb,Step-1,Increment      1: Step Time =    1.000,"PLATE-1",           405,             1,       2.06913,      -1.68801,            0.,"ASSEMBLY_PLATE-1__PICKEDSET2","ROCK","",      -1.01396,      -1.56101,      -1.56042,      -1.01454,  -17.8765E-03
F:/Desktop/DeepOnet_Abaqus/StaticElasticJob.odb,Step-1,Increment      1: Step Time =    1.000,"PLATE-1",           406,             1,       2.67718,       1.87210,            0.,"ASSEMBLY_PLATE-1__PICKEDSET2","ROCK","",      -1.01044,      -1.53658,      -1.53282,      -1.01419,   44.3097E-03
F:/Desktop/DeepOnet_Abaqus/StaticElasticJob.odb,Step-1,Increment      1: Step Time =    1.000,"PLATE-1",           407,             1,      -2.18949,       2.05822,            0.,"ASSEMBLY_PLATE-1__PICKEDSET2","ROCK","",      -1.00076,      -1.55973,      -1.55917,      -1.00131,  -17.6062E-03
F:/Desktop/DeepOnet_Abaqus/StaticElasticJob.odb,Step-1,Increment      1: Step Time =    1.000,"PLATE-1",           408,             1,       1.45440,      -2.00881,            0.,"ASSEMBLY_PLATE-1__PICKEDSET2","ROCK","",      -1.00536,      -1.56781,      -1.56716,      -1.00600,  -19.0025E-03
F:/Desktop/DeepOnet_Abaqus/StaticElasticJob.odb,Step-1,Increment      1: Step Time =    1.000,"PLATE-1",           409,             1,      -2.02076,   195.568E-03,            0.,"ASSEMBLY_PLATE-1__PICKEDSET2","ROCK","",      -1.02745,      -1.51495,      -1.51495,      -1.02745,  -1.81873E-03
F:/Desktop/DeepOnet_Abaqus/StaticElasticJob.odb,Step-1,Increment      1: Step Time =    1.000,"PLATE-1",           410,             1,      -1.64387,      -1.99555,            0.,"ASSEMBLY_PLATE-1__PICKEDSET2","ROCK","",  -995.354E-03,      -1.56293,      -1.56249,  -995.790E-03,   15.7291E-03
F:/Desktop/DeepOnet_Abaqus/StaticElasticJob.odb,Step-1,Increment      1: Step Time =    1.000,"PLATE-1",           411,             1,       1.11453,      -2.01706,            0.,"ASSEMBLY_PLATE-1__PICKEDSET2","ROCK","",  -998.462E-03,      -1.57451,      -1.57394,  -999.038E-03,  -18.1927E-03
F:/Desktop/DeepOnet_Abaqus/StaticElasticJob.odb,Step-1,Increment      1: Step Time =    1.000,"PLATE-1",           412,             1,       1.49630,      -2.23369,            0.,"ASSEMBLY_PLATE-1__PICKEDSET2","ROCK","",      -1.00527,      -1.56509,      -1.56469,      -1.00567,  -14.8828E-03
F:/Desktop/DeepOnet_Abaqus/StaticElasticJob.odb,Step-1,Increment      1: Step Time =    1.000,"PLATE-1",           413,             1,      -1.87085,      -2.08781,            0.,"ASSEMBLY_PLATE-1__PICKEDSET2","ROCK","",  -997.083E-03,      -1.56086,      -1.56046,  -997.483E-03,   15.0110E-03
F:/Desktop/DeepOnet_Abaqus/StaticElasticJob.odb,Step-1,Increment      1: Step Time =    1.000,"PLATE-1",           414,             1,      -2.75441,      -1.82175,            0.,"ASSEMBLY_PLATE-1__PICKEDSET2","ROCK","",      -1.00625,      -1.55233,      -1.55201,      -1.00657,   13.2558E-03
F:/Desktop/DeepOnet_Abaqus/StaticElasticJob.odb,Step-1,Increment      1: Step Time =    1.000,"PLATE-1",           415,             1,       1.38180,       1.94855,            0.,"ASSEMBLY_PLATE-1__PICKEDSET2","ROCK","",  -895.162E-03,      -1.65476,      -1.65417,  -895.747E-03,   21.0888E-03
F:/Desktop/DeepOnet_Abaqus/StaticElasticJob.odb,Step-1,Increment      1: Step Time =    1.000,"PLATE-1",           416,             1,       1.03642,       2.77990,            0.,"ASSEMBLY_PLATE-1__PICKEDSET2","ROCK","",  -990.564E-03,      -1.59644,      -1.59584,  -991.161E-03,  -19.0070E-03
F:/Desktop/DeepOnet_Abaqus/StaticElasticJob.odb,Step-1,Increment      1: Step Time =    1.000,"PLATE-1",           417,             1,      -1.72548,       2.30083,            0.,"ASSEMBLY_PLATE-1__PICKEDSET2","ROCK","",  -995.500E-03,      -1.56858,      -1.56815,  -995.924E-03,  -15.5739E-03
F:/Desktop/DeepOnet_Abaqus/StaticElasticJob.odb,Step-1,Increment      1: Step Time =    1.000,"PLATE-1",           418,             1,       2.00954,   946.574E-03,            0.,"ASSEMBLY_PLATE-1__PICKEDSET2","ROCK","",      -1.10010,      -1.37701,      -1.37688,      -1.10023,  -5.92181E-03
F:/Desktop/DeepOnet_Abaqus/StaticElasticJob.odb,Step-1,Increment      1: Step Time =    1.000,"PLATE-1",           419,             1,  -504.441E-03,      -2.27121,            0.,"ASSEMBLY_PLATE-1__PICKEDSET2","ROCK","",  -990.942E-03,      -1.57426,      -1.57422,  -990.986E-03,   5.05553E-03
F:/Desktop/DeepOnet_Abaqus/StaticElasticJob.odb,Step-1,Increment      1: Step Time =    1.000,"PLATE-1",           420,             1,      -2.18229,      -1.31695,            0.,"ASSEMBLY_PLATE-1__PICKEDSET2","ROCK","",      -1.00399,      -1.55116,      -1.55035,      -1.00480,   21.0454E-03
F:/Desktop/DeepOnet_Abaqus/StaticElasticJob.odb,Step-1,Increment      1: Step Time =    1.000,"PLATE-1",           421,             1,      -2.50063,   651.506E-03,            0.,"ASSEMBLY_PLATE-1__PICKEDSET2","ROCK","",      -1.02004,      -1.53518,      -1.53489,      -1.02033,  -12.2901E-03
F:/Desktop/DeepOnet_Abaqus/StaticElasticJob.odb,Step-1,Increment      1: Step Time =    1.000,"PLATE-1",           422,             1,      -2.03306,   475.412E-03,            0.,"ASSEMBLY_PLATE-1__PICKEDSET2","ROCK","",      -1.02444,      -1.52101,      -1.52069,      -1.02476,  -12.6511E-03
F:/Desktop/DeepOnet_Abaqus/StaticElasticJob.odb,Step-1,Increment      1: Step Time =    1.000,"PLATE-1",           423,             1,       2.29714,  -254.958E-03,            0.,"ASSEMBLY_PLATE-1__PICKEDSET2","ROCK","",      -1.02423,      -1.58189,      -1.58019,      -1.02593,  -30.7578E-03
F:/Desktop/DeepOnet_Abaqus/StaticElasticJob.odb,Step-1,Increment      1: Step Time =    1.000,"PLATE-1",           424,             1,      -1.15369,       2.18279,            0.,"ASSEMBLY_PLATE-1__PICKEDSET2","ROCK","",  -993.007E-03,      -1.58305,      -1.58256,  -993.497E-03,  -16.9895E-03
F:/Desktop/DeepOnet_Abaqus/StaticElasticJob.odb,Step-1,Increment      1: Step Time =    1.000,"PLATE-1",           425,             1,   985.231E-03,      -2.08832,            0.,"ASSEMBLY_PLATE-1__PICKEDSET2","ROCK","",  -996.675E-03,      -1.57547,      -1.57505,  -997.097E-03,  -15.6302E-03
F:/Desktop/DeepOnet_Abaqus/StaticElasticJob.odb,Step-1,Increment      1: Step Time =    1.000,"PLATE-1",           426,             1,       2.54275,  -438.003E-03,            0.,"ASSEMBLY_PLATE-1__PICKEDSET2","ROCK","",      -1.02168,      -1.57153,      -1.57023,      -1.02297,  -26.6702E-03
F:/Desktop/DeepOnet_Abaqus/StaticElasticJob.odb,Step-1,Increment      1: Step Time =    1.000,"PLATE-1",           427,             1,       1.90507,   252.843E-03,            0.,"ASSEMBLY_PLATE-1__PICKEDSET2","ROCK","",      -1.02753,      -1.60842,      -1.59771,      -1.03824,  -78.1258E-03
F:/Desktop/DeepOnet_Abaqus/StaticElasticJob.odb,Step-1,Increment      1: Step Time =    1.000,"PLATE-1",           428,             1,       2.23341,   392.883E-03,            0.,"ASSEMBLY_PLATE-1__PICKEDSET2","ROCK","",      -1.03245,      -1.54597,      -1.53703,      -1.04139,  -67.1515E-03
F:/Desktop/DeepOnet_Abaqus/StaticElasticJob.odb,Step-1,Increment      1: Step Time =    1.000,"PLATE-1",           429,             1,   9.64160E-03,       2.57706,            0.,"ASSEMBLY_PLATE-1__PICKEDSET2","ROCK","",      -1.01547,      -1.59056,      -1.59047,      -1.01556,  -7.11466E-03
F:/Desktop/DeepOnet_Abaqus/StaticElasticJob.odb,Step-1,Increment      1: Step Time =    1.000,"PLATE-1",           430,             1,  -705.141E-03,       2.32322,            0.,"ASSEMBLY_PLATE-1__PICKEDSET2","ROCK","",  -998.371E-03,      -1.59103,      -1.59085,  -998.551E-03,  -10.3052E-03
F:/Desktop/DeepOnet_Abaqus/StaticElasticJob.odb,Step-1,Increment      1: Step Time =    1.000,"PLATE-1",           431,             1,  -151.356E-03,       2.30915,            0.,"ASSEMBLY_PLATE-1__PICKEDSET2","ROCK","",      -1.01321,      -1.60145,      -1.60137,      -1.01329,  -6.92901E-03
F:/Desktop/DeepOnet_Abaqus/StaticElasticJob.odb,Step-1,Increment      1: Step Time =    1.000,"PLATE-1",           432,             1,   35.8525E-03,       2.13442,            0.,"ASSEMBLY_PLATE-1__PICKEDSET2","ROCK","",      -1.02137,      -1.61326,      -1.61313,      -1.02150,  -8.66644E-03
F:/Desktop/DeepOnet_Abaqus/StaticElasticJob.odb,Step-1,Increment      1: Step Time =    1.000,"PLATE-1",           433,             1,   621.306E-03,      -2.79727,            0.,"ASSEMBLY_PLATE-1__PICKEDSET2","ROCK","",  -999.154E-03,      -1.56767,      -1.56761,  -999.214E-03,  -5.84941E-03
F:/Desktop/DeepOnet_Abaqus/StaticElasticJob.odb,Step-1,Increment      1: Step Time =    1.000,"PLATE-1",           434,             1,   515.451E-03,       2.28495,            0.,"ASSEMBLY_PLATE-1__PICKEDSET2","ROCK","",      -1.02575,      -1.60821,      -1.60707,      -1.02689,  -25.7589E-03
F:/Desktop/DeepOnet_Abaqus/StaticElasticJob.odb,Step-1,Increment      1: Step Time =    1.000,"PLATE-1",           435,             1,   221.868E-03,       2.18613,            0.,"ASSEMBLY_PLATE-1__PICKEDSET2","ROCK","",      -1.02996,      -1.61085,      -1.61058,      -1.03023,  -12.5113E-03
F:/Desktop/DeepOnet_Abaqus/StaticElasticJob.odb,Step-1,Increment      1: Step Time =    1.000,"PLATE-1",           436,             1,      -2.65237,  -539.121E-03,            0.,"ASSEMBLY_PLATE-1__PICKEDSET2","ROCK","",      -1.01858,      -1.53939,      -1.53916,      -1.01882,   11.0354E-03
F:/Desktop/DeepOnet_Abaqus/StaticElasticJob.odb,Step-1,Increment      1: Step Time =    1.000,"PLATE-1",           437,             1,       2.04755,      -1.45255,            0.,"ASSEMBLY_PLATE-1__PICKEDSET2","ROCK","",      -1.01833,      -1.56229,      -1.56147,      -1.01915,  -21.0925E-03
F:/Desktop/DeepOnet_Abaqus/StaticElasticJob.odb,Step-1,Increment      1: Step Time =    1.000,"PLATE-1",           438,             1,      -1.15475,      -2.14414,            0.,"ASSEMBLY_PLATE-1__PICKEDSET2","ROCK","",  -991.980E-03,      -1.56912,      -1.56888,  -992.215E-03,   11.6409E-03
F:/Desktop/DeepOnet_Abaqus/StaticElasticJob.odb,Step-1,Increment      1: Step Time =    1.000,"PLATE-1",           439,             1,   716.205E-03,      -2.35376,            0.,"ASSEMBLY_PLATE-1__PICKEDSET2","ROCK","",  -996.451E-03,      -1.57298,      -1.57281,  -996.619E-03,  -9.85942E-03
F:/Desktop/DeepOnet_Abaqus/StaticElasticJob.odb,Step-1,Increment      1: Step Time =    1.000,"PLATE-1",           440,             1,   848.173E-03,      -2.20410,            0.,"ASSEMBLY_PLATE-1__PICKEDSET2","ROCK","",  -996.349E-03,      -1.57492,      -1.57461,  -996.660E-03,  -13.4015E-03
F:/Desktop/DeepOnet_Abaqus/StaticElasticJob.odb,Step-1,Increment      1: Step Time =    1.000,"PLATE-1",           441,             1,   939.917E-03,       2.28514,            0.,"ASSEMBLY_PLATE-1__PICKEDSET2","ROCK","",  -987.839E-03,      -1.62387,      -1.62207,  -989.638E-03,  -33.7858E-03
F:/Desktop/DeepOnet_Abaqus/StaticElasticJob.odb,Step-1,Increment      1: Step Time =    1.000,"PLATE-1",           442,             1,      -2.39619,      -1.20607,            0.,"ASSEMBLY_PLATE-1__PICKEDSET2","ROCK","",      -1.00753,      -1.54844,      -1.54781,      -1.00817,   18.4543E-03
F:/Desktop/DeepOnet_Abaqus/StaticElasticJob.odb,Step-1,Increment      1: Step Time =    1.000,"PLATE-1",           443,             1,       2.21111,       1.80774,            0.,"ASSEMBLY_PLATE-1__PICKEDSET2","ROCK","",  -979.488E-03,      -1.54065,      -1.53099,  -989.154E-03,   73.0124E-03
F:/Desktop/DeepOnet_Abaqus/StaticElasticJob.odb,Step-1,Increment      1: Step Time =    1.000,"PLATE-1",           444,             1,       2.48877,  -924.814E-03,            0.,"ASSEMBLY_PLATE-1__PICKEDSET2","ROCK","",      -1.02029,      -1.56396,      -1.56332,      -1.02093,  -18.6662E-03
F:/Desktop/DeepOnet_Abaqus/StaticElasticJob.odb,Step-1,Increment      1: Step Time =    1.000,"PLATE-1",           445,             1,      -2.56750,       1.70407,            0.,"ASSEMBLY_PLATE-1__PICKEDSET2","ROCK","",      -1.00801,      -1.55246,      -1.55194,      -1.00854,  -16.9164E-03
F:/Desktop/DeepOnet_Abaqus/StaticElasticJob.odb,Step-1,Increment      1: Step Time =    1.000,"PLATE-1",           446,             1,       1.86711,      -3.15099,            0.,"ASSEMBLY_PLATE-1__PICKEDSET2","ROCK","",      -1.00573,      -1.55565,      -1.55561,      -1.00578,  -5.09103E-03
F:/Desktop/DeepOnet_Abaqus/StaticElasticJob.odb,Step-1,Increment      1: Step Time =    1.000,"PLATE-1",           447,             1,       2.04896,  -173.965E-03,            0.,"ASSEMBLY_PLATE-1__PICKEDSET2","ROCK","",      -1.03185,      -1.59323,      -1.59147,      -1.03360,  -31.3330E-03
F:/Desktop/DeepOnet_Abaqus/StaticElasticJob.odb,Step-1,Increment      1: Step Time =    1.000,"PLATE-1",           448,             1,       2.06073,   12.3622E-03,            0.,"ASSEMBLY_PLATE-1__PICKEDSET2","ROCK","",      -1.02611,      -1.59773,      -1.59482,      -1.02901,  -40.6454E-03
F:/Desktop/DeepOnet_Abaqus/StaticElasticJob.odb,Step-1,Increment      1: Step Time =    1.000,"PLATE-1",           449,             1,       2.32051,  -658.161E-03,            0.,"ASSEMBLY_PLATE-1__PICKEDSET2","ROCK","",      -1.02552,      -1.57024,      -1.56932,      -1.02644,  -22.3285E-03
F:/Desktop/DeepOnet_Abaqus/StaticElasticJob.odb,Step-1,Increment      1: Step Time =    1.000,"PLATE-1",           450,             1,      -2.20295,      -1.50615,            0.,"ASSEMBLY_PLATE-1__PICKEDSET2","ROCK","",      -1.00292,      -1.55304,      -1.55232,      -1.00363,   19.8098E-03
F:/Desktop/DeepOnet_Abaqus/StaticElasticJob.odb,Step-1,Increment      1: Step Time =    1.000,"PLATE-1",           451,             1,      -2.21380,  -644.932E-03,            0.,"ASSEMBLY_PLATE-1__PICKEDSET2","ROCK","",      -1.01498,      -1.53650,      -1.53582,      -1.01567,   18.9384E-03
F:/Desktop/DeepOnet_Abaqus/StaticElasticJob.odb,Step-1,Increment      1: Step Time =    1.000,"PLATE-1",           452,             1,      -2.11408,  -290.978E-03,            0.,"ASSEMBLY_PLATE-1__PICKEDSET2","ROCK","",      -1.02161,      -1.52528,      -1.52485,      -1.02203,   14.6359E-03
F:/Desktop/DeepOnet_Abaqus/StaticElasticJob.odb,Step-1,Increment      1: Step Time =    1.000,"PLATE-1",           453,             1,      -1.94586,  -189.749E-03,            0.,"ASSEMBLY_PLATE-1__PICKEDSET2","ROCK","",      -1.02468,      -1.51695,      -1.51655,      -1.02509,   14.0663E-03
F:/Desktop/DeepOnet_Abaqus/StaticElasticJob.odb,Step-1,Increment      1: Step Time =    1.000,"PLATE-1",           454,             1,      -2.09494,       1.28609,            0.,"ASSEMBLY_PLATE-1__PICKEDSET2","ROCK","",      -1.00914,      -1.54587,      -1.54471,      -1.01030,  -24.9001E-03
F:/Desktop/DeepOnet_Abaqus/StaticElasticJob.odb,Step-1,Increment      1: Step Time =    1.000,"PLATE-1",           455,             1,      -2.19348,       1.15599,            0.,"ASSEMBLY_PLATE-1__PICKEDSET2","ROCK","",      -1.01248,      -1.54178,      -1.54082,      -1.01344,  -22.5320E-03
F:/Desktop/DeepOnet_Abaqus/StaticElasticJob.odb,Step-1,Increment      1: Step Time =    1.000,"PLATE-1",           456,             1,   77.4044E-03,      -2.26242,            0.,"ASSEMBLY_PLATE-1__PICKEDSET2","ROCK","",  -990.858E-03,      -1.57795,      -1.57794,  -990.869E-03,  -2.57412E-03
F:/Desktop/DeepOnet_Abaqus/StaticElasticJob.odb,Step-1,Increment      1: Step Time =    1.000,"PLATE-1",           457,             1,       1.36547,       2.16901,            0.,"ASSEMBLY_PLATE-1__PICKEDSET2","ROCK","",  -932.946E-03,      -1.63432,      -1.63431,  -932.955E-03,   2.53568E-03
F:/Desktop/DeepOnet_Abaqus/StaticElasticJob.odb,Step-1,Increment      1: Step Time =    1.000,"PLATE-1",           458,             1,      -1.33526,       2.19418,            0.,"ASSEMBLY_PLATE-1__PICKEDSET2","ROCK","",  -993.930E-03,      -1.57673,      -1.57620,  -994.459E-03,  -17.5594E-03
F:/Desktop/DeepOnet_Abaqus/StaticElasticJob.odb,Step-1,Increment      1: Step Time =    1.000,"PLATE-1",           459,             1,      -1.46503,       2.59158,            0.,"ASSEMBLY_PLATE-1__PICKEDSET2","ROCK","",  -995.134E-03,      -1.57287,      -1.57271,  -995.298E-03,  -9.72686E-03
F:/Desktop/DeepOnet_Abaqus/StaticElasticJob.odb,Step-1,Increment      1: Step Time =    1.000,"PLATE-1",           460,             1,       1.95373,       2.15871,            0.,"ASSEMBLY_PLATE-1__PICKEDSET2","ROCK","",  -946.680E-03,      -1.59171,      -1.58795,  -950.438E-03,   49.0883E-03
F:/Desktop/DeepOnet_Abaqus/StaticElasticJob.odb,Step-1,Increment      1: Step Time =    1.000,"PLATE-1",           461,             1,       2.30169,      -1.36797,            0.,"ASSEMBLY_PLATE-1__PICKEDSET2","ROCK","",      -1.01759,      -1.56074,      -1.56017,      -1.01816,  -17.6292E-03
F:/Desktop/DeepOnet_Abaqus/StaticElasticJob.odb,Step-1,Increment      1: Step Time =    1.000,"PLATE-1",           462,             1,      -2.58780,      -3.02809,            0.,"ASSEMBLY_PLATE-1__PICKEDSET2","ROCK","",      -1.00120,      -1.55418,      -1.55412,      -1.00126,   6.04399E-03
F:/Desktop/DeepOnet_Abaqus/StaticElasticJob.odb,Step-1,Increment      1: Step Time =    1.000,"PLATE-1",           463,             1,       2.63303,      -1.26282,            0.,"ASSEMBLY_PLATE-1__PICKEDSET2","ROCK","",      -1.01647,      -1.55869,      -1.55829,      -1.01687,  -14.6468E-03
F:/Desktop/DeepOnet_Abaqus/StaticElasticJob.odb,Step-1,Increment      1: Step Time =    1.000,"PLATE-1",           464,             1,       3.29235,       1.30246,            0.,"ASSEMBLY_PLATE-1__PICKEDSET2","ROCK","",      -1.04963,      -1.53049,      -1.53044,      -1.04968,   4.63807E-03
F:/Desktop/DeepOnet_Abaqus/StaticElasticJob.odb,Step-1,Increment      1: Step Time =    1.000,"PLATE-1",           465,             1,       2.55310,   778.107E-03,            0.,"ASSEMBLY_PLATE-1__PICKEDSET2","ROCK","",      -1.05437,      -1.49686,      -1.49483,      -1.05639,  -29.8554E-03
F:/Desktop/DeepOnet_Abaqus/StaticElasticJob.odb,Step-1,Increment      1: Step Time =    1.000,"PLATE-1",           466,             1,       2.02118,   374.734E-03,            0.,"ASSEMBLY_PLATE-1__PICKEDSET2","ROCK","",      -1.02847,      -1.57483,      -1.55907,      -1.04423,  -91.4438E-03
F:/Desktop/DeepOnet_Abaqus/StaticElasticJob.odb,Step-1,Increment      1: Step Time =    1.000,"PLATE-1",           467,             1,      -2.33969,   452.021E-03,            0.,"ASSEMBLY_PLATE-1__PICKEDSET2","ROCK","",      -1.02261,      -1.52903,      -1.52887,      -1.02277,  -8.82988E-03
F:/Desktop/DeepOnet_Abaqus/StaticElasticJob.odb,Step-1,Increment      1: Step Time =    1.000,"PLATE-1",           468,             1,  -542.197E-03,      -2.04346,            0.,"ASSEMBLY_PLATE-1__PICKEDSET2","ROCK","",  -988.161E-03,      -1.57766,      -1.57756,  -988.258E-03,   7.53880E-03
F:/Desktop/DeepOnet_Abaqus/StaticElasticJob.odb,Step-1,Increment      1: Step Time =    1.000,"PLATE-1",           469,             1,   279.777E-03,       2.41132,            0.,"ASSEMBLY_PLATE-1__PICKEDSET2","ROCK","",      -1.02358,      -1.59763,      -1.59730,      -1.02391,  -13.7585E-03
F:/Desktop/DeepOnet_Abaqus/StaticElasticJob.odb,Step-1,Increment      1: Step Time =    1.000,"PLATE-1",           470,             1,  -643.000E-03,       3.23178,            0.,"ASSEMBLY_PLATE-1__PICKEDSET2","ROCK","",      -1.00151,      -1.56962,      -1.56962,      -1.00151,  -854.334E-06
F:/Desktop/DeepOnet_Abaqus/StaticElasticJob.odb,Step-1,Increment      1: Step Time =    1.000,"PLATE-1",           471,             1,       2.52329,   371.519E-03,            0.,"ASSEMBLY_PLATE-1__PICKEDSET2","ROCK","",      -1.03328,      -1.54355,      -1.53854,      -1.03829,  -50.3257E-03
F:/Desktop/DeepOnet_Abaqus/StaticElasticJob.odb,Step-1,Increment      1: Step Time =    1.000,"PLATE-1",           472,             1,  -410.180E-03,       2.45732,            0.,"ASSEMBLY_PLATE-1__PICKEDSET2","ROCK","",      -1.00491,      -1.59226,      -1.59219,      -1.00497,  -6.20962E-03
F:/Desktop/DeepOnet_Abaqus/StaticElasticJob.odb,Step-1,Increment      1: Step Time =    1.000,"PLATE-1",           473,             1,  -682.313E-03,       2.84799,            0.,"ASSEMBLY_PLATE-1__PICKEDSET2","ROCK","",      -1.00157,      -1.57776,      -1.57774,      -1.00159,  -3.48102E-03
F:/Desktop/DeepOnet_Abaqus/StaticElasticJob.odb,Step-1,Increment      1: Step Time =    1.000,"PLATE-1",           474,             1,   439.756E-03,       2.60970,            0.,"ASSEMBLY_PLATE-1__PICKEDSET2","ROCK","",      -1.01683,      -1.59259,      -1.59199,      -1.01744,  -18.7053E-03
F:/Desktop/DeepOnet_Abaqus/StaticElasticJob.odb,Step-1,Increment      1: Step Time =    1.000,"PLATE-1",           475,             1,      -2.35456,  -399.258E-03,            0.,"ASSEMBLY_PLATE-1__PICKEDSET2","ROCK","",      -1.01964,      -1.53181,      -1.53148,      -1.01996,   12.9009E-03
F:/Desktop/DeepOnet_Abaqus/StaticElasticJob.odb,Step-1,Increment      1: Step Time =    1.000,"PLATE-1",           476,             1,      -2.14992,   902.923E-03,            0.,"ASSEMBLY_PLATE-1__PICKEDSET2","ROCK","",      -1.01695,      -1.53401,      -1.53309,      -1.01788,  -21.8163E-03
F:/Desktop/DeepOnet_Abaqus/StaticElasticJob.odb,Step-1,Increment      1: Step Time =    1.000,"PLATE-1",           477,             1,      -2.45711,   192.382E-03,            0.,"ASSEMBLY_PLATE-1__PICKEDSET2","ROCK","",      -1.02323,      -1.52990,      -1.52990,      -1.02323,  -1.17174E-03
F:/Desktop/DeepOnet_Abaqus/StaticElasticJob.odb,Step-1,Increment      1: Step Time =    1.000,"PLATE-1",           478,             1,       1.16908,      -2.95939,            0.,"ASSEMBLY_PLATE-1__PICKEDSET2","ROCK","",      -1.00323,      -1.56199,      -1.56190,      -1.00332,  -7.17337E-03
F:/Desktop/DeepOnet_Abaqus/StaticElasticJob.odb,Step-1,Increment      1: Step Time =    1.000,"PLATE-1",           479,             1,      -2.66838,      -1.03356,            0.,"ASSEMBLY_PLATE-1__PICKEDSET2","ROCK","",      -1.01220,      -1.54593,      -1.54548,      -1.01265,   15.5646E-03
F:/Desktop/DeepOnet_Abaqus/StaticElasticJob.odb,Step-1,Increment      1: Step Time =    1.000,"PLATE-1",           480,             1,       1.32841,       2.45550,            0.,"ASSEMBLY_PLATE-1__PICKEDSET2","ROCK","",  -964.534E-03,      -1.61214,      -1.61202,  -964.658E-03,  -8.95515E-03
F:/Desktop/DeepOnet_Abaqus/StaticElasticJob.odb,Step-1,Increment      1: Step Time =    1.000,"PLATE-1",           481,             1,   781.323E-03,       2.48338,            0.,"ASSEMBLY_PLATE-1__PICKEDSET2","ROCK","",      -1.00641,      -1.60447,      -1.60321,      -1.00768,  -27.4897E-03
F:/Desktop/DeepOnet_Abaqus/StaticElasticJob.odb,Step-1,Increment      1: Step Time =    1.000,"PLATE-1",           482,             1,  -379.318E-03,      -3.36315,            0.,"ASSEMBLY_PLATE-1__PICKEDSET2","ROCK","",  -998.294E-03,      -1.56519,      -1.56519,  -998.294E-03,   234.025E-06
F:/Desktop/DeepOnet_Abaqus/StaticElasticJob.odb,Step-1,Increment      1: Step Time =    1.000,"PLATE-1",           483,             1,  -773.054E-03,      -2.25025,            0.,"ASSEMBLY_PLATE-1__PICKEDSET2","ROCK","",  -991.188E-03,      -1.57253,      -1.57243,  -991.289E-03,   7.67030E-03
F:/Desktop/DeepOnet_Abaqus/StaticElasticJob.odb,Step-1,Increment      1: Step Time =    1.000,"PLATE-1",           484,             1,      -2.41654,      -1.65054,            0.,"ASSEMBLY_PLATE-1__PICKEDSET2","ROCK","",      -1.00400,      -1.55296,      -1.55246,      -1.00450,   16.6248E-03
F:/Desktop/DeepOnet_Abaqus/StaticElasticJob.odb,Step-1,Increment      1: Step Time =    1.000,"PLATE-1",           485,             1,      -2.19107,  -63.3560E-03,            0.,"ASSEMBLY_PLATE-1__PICKEDSET2","ROCK","",      -1.02412,      -1.52281,      -1.52273,      -1.02420,   6.47964E-03
F:/Desktop/DeepOnet_Abaqus/StaticElasticJob.odb,Step-1,Increment      1: Step Time =    1.000,"PLATE-1",           486,             1,       2.19918,   138.576E-03,            0.,"ASSEMBLY_PLATE-1__PICKEDSET2","ROCK","",      -1.02274,      -1.58442,      -1.57939,      -1.02777,  -52.9611E-03
F:/Desktop/DeepOnet_Abaqus/StaticElasticJob.odb,Step-1,Increment      1: Step Time =    1.000,"PLATE-1",           487,             1,       2.14645,  -477.365E-03,            0.,"ASSEMBLY_PLATE-1__PICKEDSET2","ROCK","",      -1.03160,      -1.57831,      -1.57721,      -1.03270,  -24.4956E-03
F:/Desktop/DeepOnet_Abaqus/StaticElasticJob.odb,Step-1,Increment      1: Step Time =    1.000,"PLATE-1",           488,             1,      -2.26422,       1.28685,            0.,"ASSEMBLY_PLATE-1__PICKEDSET2","ROCK","",      -1.01029,      -1.54626,      -1.54536,      -1.01119,  -21.9182E-03
F:/Desktop/DeepOnet_Abaqus/StaticElasticJob.odb,Step-1,Increment      1: Step Time =    1.000,"PLATE-1",           489,             1,  -132.505E-03,      -2.43437,            0.,"ASSEMBLY_PLATE-1__PICKEDSET2","ROCK","",  -992.975E-03,      -1.57354,      -1.57354,  -992.975E-03,   211.688E-06
F:/Desktop/DeepOnet_Abaqus/StaticElasticJob.odb,Step-1,Increment      1: Step Time =    1.000,"PLATE-1",           490,             1,      -2.75775,   200.336E-03,            0.,"ASSEMBLY_PLATE-1__PICKEDSET2","ROCK","",      -1.02237,      -1.53707,      -1.53706,      -1.02237,  -1.02352E-03
F:/Desktop/DeepOnet_Abaqus/StaticElasticJob.odb,Step-1,Increment      1: Step Time =    1.000,"PLATE-1",           491,             1,      -2.45033,  -799.612E-03,            0.,"ASSEMBLY_PLATE-1__PICKEDSET2","ROCK","",      -1.01371,      -1.54252,      -1.54200,      -1.01422,   16.4658E-03
F:/Desktop/DeepOnet_Abaqus/StaticElasticJob.odb,Step-1,Increment      1: Step Time =    1.000,"PLATE-1",           492,             1,      -2.45166,  -115.248E-03,            0.,"ASSEMBLY_PLATE-1__PICKEDSET2","ROCK","",      -1.02290,      -1.53035,      -1.53026,      -1.02298,   6.42416E-03
F:/Desktop/DeepOnet_Abaqus/StaticElasticJob.odb,Step-1,Increment      1: Step Time =    1.000,"PLATE-1",           493,             1,       1.34755,      -2.49735,            0.,"ASSEMBLY_PLATE-1__PICKEDSET2","ROCK","",      -1.00399,      -1.56469,      -1.56443,      -1.00425,  -12.2204E-03
F:/Desktop/DeepOnet_Abaqus/StaticElasticJob.odb,Step-1,Increment      1: Step Time =    1.000,"PLATE-1",           494,             1,       2.34142,      -1.70281,            0.,"ASSEMBLY_PLATE-1__PICKEDSET2","ROCK","",      -1.01404,      -1.55799,      -1.55759,      -1.01444,  -14.7424E-03
F:/Desktop/DeepOnet_Abaqus/StaticElasticJob.odb,Step-1,Increment      1: Step Time =    1.000,"PLATE-1",           495,             1,       2.89131,       1.27513,            0.,"ASSEMBLY_PLATE-1__PICKEDSET2","ROCK","",      -1.04714,      -1.51254,      -1.51248,      -1.04721,   5.64932E-03
F:/Desktop/DeepOnet_Abaqus/StaticElasticJob.odb,Step-1,Increment      1: Step Time =    1.000,"PLATE-1",           496,             1,       2.19249,       1.52357,            0.,"ASSEMBLY_PLATE-1__PICKEDSET2","ROCK","",      -1.00132,      -1.49974,      -1.48744,      -1.01362,   77.3058E-03
F:/Desktop/DeepOnet_Abaqus/StaticElasticJob.odb,Step-1,Increment      1: Step Time =    1.000,"PLATE-1",           497,             1,      -1.95576,      -2.76774,            0.,"ASSEMBLY_PLATE-1__PICKEDSET2","ROCK","",  -998.705E-03,      -1.55916,      -1.55902,  -998.844E-03,   8.80988E-03
F:/Desktop/DeepOnet_Abaqus/StaticElasticJob.odb,Step-1,Increment      1: Step Time =    1.000,"PLATE-1",           498,             1,      -2.18150,      -1.83149,            0.,"ASSEMBLY_PLATE-1__PICKEDSET2","ROCK","",      -1.00094,      -1.55636,      -1.55587,      -1.00143,   16.4194E-03
F:/Desktop/DeepOnet_Abaqus/StaticElasticJob.odb,Step-1,Increment      1: Step Time =    1.000,"PLATE-1",           499,             1,       1.61937,       2.73188,            0.,"ASSEMBLY_PLATE-1__PICKEDSET2","ROCK","",  -973.579E-03,      -1.59670,      -1.59670,  -973.579E-03,   365.175E-06
F:/Desktop/DeepOnet_Abaqus/StaticElasticJob.odb,Step-1,Increment      1: Step Time =    1.000,"PLATE-1",           500,             1,      -3.00451,       2.98446,            0.,"ASSEMBLY_PLATE-1__PICKEDSET2","ROCK","",      -1.00257,      -1.55265,      -1.55261,      -1.00261,  -4.66314E-03
F:/Desktop/DeepOnet_Abaqus/StaticElasticJob.odb,Step-1,Increment      1: Step Time =    1.000,"PLATE-1",           501,             1,      -2.45863,       1.17114,            0.,"ASSEMBLY_PLATE-1__PICKEDSET2","ROCK","",      -1.01345,      -1.54327,      -1.54257,      -1.01414,  -19.2038E-03
F:/Desktop/DeepOnet_Abaqus/StaticElasticJob.odb,Step-1,Increment      1: Step Time =    1.000,"PLATE-1",           502,             1,       1.99051,      -1.93868,            0.,"ASSEMBLY_PLATE-1__PICKEDSET2","ROCK","",      -1.01177,      -1.56040,      -1.55994,      -1.01223,  -15.9252E-03
F:/Desktop/DeepOnet_Abaqus/StaticElasticJob.odb,Step-1,Increment      1: Step Time =    1.000,"PLATE-1",           503,             1,       2.43397,       1.60864,            0.,"ASSEMBLY_PLATE-1__PICKEDSET2","ROCK","",      -1.01396,      -1.51183,      -1.50528,      -1.02051,   56.7262E-03
F:/Desktop/DeepOnet_Abaqus/StaticElasticJob.odb,Step-1,Increment      1: Step Time =    1.000,"PLATE-1",           504,             1,       3.10523,       2.06005,            0.,"ASSEMBLY_PLATE-1__PICKEDSET2","ROCK","",      -1.02116,      -1.54633,      -1.54471,      -1.02278,   29.1286E-03
F:/Desktop/DeepOnet_Abaqus/StaticElasticJob.odb,Step-1,Increment      1: Step Time =    1.000,"PLATE-1",           505,             1,       2.43289,   28.9473E-03,            0.,"ASSEMBLY_PLATE-1__PICKEDSET2","ROCK","",      -1.02185,      -1.57478,      -1.57134,      -1.02528,  -43.4498E-03
F:/Desktop/DeepOnet_Abaqus/StaticElasticJob.odb,Step-1,Increment      1: Step Time =    1.000,"PLATE-1",           506,             1,      -2.56066,   934.188E-03,            0.,"ASSEMBLY_PLATE-1__PICKEDSET2","ROCK","",      -1.01692,      -1.54069,      -1.54021,      -1.01740,  -15.7517E-03
F:/Desktop/DeepOnet_Abaqus/StaticElasticJob.odb,Step-1,Increment      1: Step Time =    1.000,"PLATE-1",           507,             1,       2.25013,      -2.07574,            0.,"ASSEMBLY_PLATE-1__PICKEDSET2","ROCK","",      -1.01080,      -1.55695,      -1.55667,      -1.01108,  -12.4390E-03
F:/Desktop/DeepOnet_Abaqus/StaticElasticJob.odb,Step-1,Increment      1: Step Time =    1.000,"PLATE-1",           508,             1,  -984.624E-03,       2.50016,            0.,"ASSEMBLY_PLATE-1__PICKEDSET2","ROCK","",  -996.391E-03,      -1.58209,      -1.58194,  -996.536E-03,  -9.18632E-03
F:/Desktop/DeepOnet_Abaqus/StaticElasticJob.odb,Step-1,Increment      1: Step Time =    1.000,"PLATE-1",           509,             1,       1.32734,       3.71100,            0.,"ASSEMBLY_PLATE-1__PICKEDSET2","ROCK","",  -997.075E-03,      -1.57772,      -1.57770,  -997.092E-03,  -3.19257E-03
F:/Desktop/DeepOnet_Abaqus/StaticElasticJob.odb,Step-1,Increment      1: Step Time =    1.000,"PLATE-1",           510,             1,       2.54060,       1.21670,            0.,"ASSEMBLY_PLATE-1__PICKEDSET2","ROCK","",      -1.04724,      -1.48407,      -1.48324,      -1.04807,   19.0634E-03
F:/Desktop/DeepOnet_Abaqus/StaticElasticJob.odb,Step-1,Increment      1: Step Time =    1.000,"PLATE-1",           511,             1,      -3.21492,      -1.25998,            0.,"ASSEMBLY_PLATE-1__PICKEDSET2","ROCK","",      -1.01520,      -1.54855,      -1.54836,      -1.01539,   10.1422E-03
F:/Desktop/DeepOnet_Abaqus/StaticElasticJob.odb,Step-1,Increment      1: Step Time =    1.000,"PLATE-1",           512,             1,      -2.79889,      -1.37929,            0.,"ASSEMBLY_PLATE-1__PICKEDSET2","ROCK","",      -1.00963,      -1.54889,      -1.54849,      -1.01003,   14.6186E-03
F:/Desktop/DeepOnet_Abaqus/StaticElasticJob.odb,Step-1,Increment      1: Step Time =    1.000,"PLATE-1",           513,             1,       1.19558,      -3.74632,            0.,"ASSEMBLY_PLATE-1__PICKEDSET2","ROCK","",      -1.00455,      -1.55913,      -1.55912,      -1.00455,  -1.49539E-03
F:/Desktop/DeepOnet_Abaqus/StaticElasticJob.odb,Step-1,Increment      1: Step Time =    1.000,"PLATE-1",           514,             1,       1.99265,      -2.44631,            0.,"ASSEMBLY_PLATE-1__PICKEDSET2","ROCK","",      -1.00815,      -1.55838,      -1.55816,      -1.00837,  -10.8792E-03
F:/Desktop/DeepOnet_Abaqus/StaticElasticJob.odb,Step-1,Increment      1: Step Time =    1.000,"PLATE-1",           515,             1,      -1.74863,      -2.38926,            0.,"ASSEMBLY_PLATE-1__PICKEDSET2","ROCK","",  -997.118E-03,      -1.56160,      -1.56136,  -997.351E-03,   11.4679E-03
F:/Desktop/DeepOnet_Abaqus/StaticElasticJob.odb,Step-1,Increment      1: Step Time =    1.000,"PLATE-1",           516,             1,      -3.18564,  -261.563E-03,            0.,"ASSEMBLY_PLATE-1__PICKEDSET2","ROCK","",      -1.02355,      -1.54318,      -1.54314,      -1.02359,   4.26785E-03
F:/Desktop/DeepOnet_Abaqus/StaticElasticJob.odb,Step-1,Increment      1: Step Time =    1.000,"PLATE-1",           517,             1,   299.921E-03,      -3.32211,            0.,"ASSEMBLY_PLATE-1__PICKEDSET2","ROCK","",      -1.00022,      -1.56476,      -1.56475,      -1.00022,  -2.01266E-03
F:/Desktop/DeepOnet_Abaqus/StaticElasticJob.odb,Step-1,Increment      1: Step Time =    1.000,"PLATE-1",           518,             1,   493.460E-03,      -2.47725,            0.,"ASSEMBLY_PLATE-1__PICKEDSET2","ROCK","",  -995.973E-03,      -1.57242,      -1.57234,  -996.051E-03,  -6.72665E-03
F:/Desktop/DeepOnet_Abaqus/StaticElasticJob.odb,Step-1,Increment      1: Step Time =    1.000,"PLATE-1",           519,             1,  -846.659E-03,      -2.54146,            0.,"ASSEMBLY_PLATE-1__PICKEDSET2","ROCK","",  -993.940E-03,      -1.56881,      -1.56875,  -993.995E-03,   5.66705E-03
F:/Desktop/DeepOnet_Abaqus/StaticElasticJob.odb,Step-1,Increment      1: Step Time =    1.000,"PLATE-1",           520,             1,   163.392E-03,      -2.90298,            0.,"ASSEMBLY_PLATE-1__PICKEDSET2","ROCK","",  -997.535E-03,      -1.56842,      -1.56840,  -997.548E-03,  -2.68715E-03
F:/Desktop/DeepOnet_Abaqus/StaticElasticJob.odb,Step-1,Increment      1: Step Time =    1.000,"PLATE-1",           521,             1,       3.06943,  -389.316E-03,            0.,"ASSEMBLY_PLATE-1__PICKEDSET2","ROCK","",      -1.02241,      -1.55887,      -1.55788,      -1.02340,  -23.0284E-03
F:/Desktop/DeepOnet_Abaqus/StaticElasticJob.odb,Step-1,Increment      1: Step Time =    1.000,"PLATE-1",           522,             1,      -2.33274,   930.472E-03,            0.,"ASSEMBLY_PLATE-1__PICKEDSET2","ROCK","",      -1.01640,      -1.53669,      -1.53598,      -1.01711,  -19.2233E-03
F:/Desktop/DeepOnet_Abaqus/StaticElasticJob.odb,Step-1,Increment      1: Step Time =    1.000,"PLATE-1",           523,             1,  -911.730E-03,      -2.90414,            0.,"ASSEMBLY_PLATE-1__PICKEDSET2","ROCK","",  -995.845E-03,      -1.56643,      -1.56640,  -995.874E-03,   4.05579E-03
F:/Desktop/DeepOnet_Abaqus/StaticElasticJob.odb,Step-1,Increment      1: Step Time =    1.000,"PLATE-1",           524,             1,  -691.565E-03,       2.54041,            0.,"ASSEMBLY_PLATE-1__PICKEDSET2","ROCK","",  -999.892E-03,      -1.58636,      -1.58629,  -999.964E-03,  -6.48057E-03
F:/Desktop/DeepOnet_Abaqus/StaticElasticJob.odb,Step-1,Increment      1: Step Time =    1.000,"PLATE-1",           525,             1,  -157.848E-03,       3.09221,            0.,"ASSEMBLY_PLATE-1__PICKEDSET2","ROCK","",      -1.00718,      -1.57349,      -1.57346,      -1.00721,  -4.20351E-03
F:/Desktop/DeepOnet_Abaqus/StaticElasticJob.odb,Step-1,Increment      1: Step Time =    1.000,"PLATE-1",           526,             1,       1.00939,      -2.66547,            0.,"ASSEMBLY_PLATE-1__PICKEDSET2","ROCK","",      -1.00166,      -1.56581,      -1.56566,      -1.00181,  -9.27466E-03
F:/Desktop/DeepOnet_Abaqus/StaticElasticJob.odb,Step-1,Increment      1: Step Time =    1.000,"PLATE-1",           527,             1,   928.599E-03,      -2.40577,            0.,"ASSEMBLY_PLATE-1__PICKEDSET2","ROCK","",  -999.001E-03,      -1.57067,      -1.57044,  -999.231E-03,  -11.4424E-03
F:/Desktop/DeepOnet_Abaqus/StaticElasticJob.odb,Step-1,Increment      1: Step Time =    1.000,"PLATE-1",           528,             1,       3.25884,   62.7097E-03,            0.,"ASSEMBLY_PLATE-1__PICKEDSET2","ROCK","",      -1.03209,      -1.55208,      -1.55079,      -1.03338,  -25.8659E-03
F:/Desktop/DeepOnet_Abaqus/StaticElasticJob.odb,Step-1,Increment      1: Step Time =    1.000,"PLATE-1",           529,             1,      -3.67196,       2.86823,            0.,"ASSEMBLY_PLATE-1__PICKEDSET2","ROCK","",      -1.00293,      -1.54981,      -1.54980,      -1.00293,  -1.82052E-03
F:/Desktop/DeepOnet_Abaqus/StaticElasticJob.odb,Step-1,Increment      1: Step Time =    1.000,"PLATE-1",           530,             1,       2.92911,   730.784E-03,            0.,"ASSEMBLY_PLATE-1__PICKEDSET2","ROCK","",      -1.04502,      -1.52505,      -1.52402,      -1.04605,  -22.2274E-03
F:/Desktop/DeepOnet_Abaqus/StaticElasticJob.odb,Step-1,Increment      1: Step Time =    1.000,"PLATE-1",           531,             1,       3.01510,      -1.08097,            0.,"ASSEMBLY_PLATE-1__PICKEDSET2","ROCK","",      -1.01275,      -1.55685,      -1.55653,      -1.01308,  -13.2990E-03
F:/Desktop/DeepOnet_Abaqus/StaticElasticJob.odb,Step-1,Increment      1: Step Time =    1.000,"PLATE-1",           532,             1,   921.965E-03,       3.16893,            0.,"ASSEMBLY_PLATE-1__PICKEDSET2","ROCK","",  -997.980E-03,      -1.58508,      -1.58470,  -998.351E-03,  -14.7645E-03
F:/Desktop/DeepOnet_Abaqus/StaticElasticJob.odb,Step-1,Increment      1: Step Time =    1.000,"PLATE-1",           533,             1,   195.096E-03,       2.84799,            0.,"ASSEMBLY_PLATE-1__PICKEDSET2","ROCK","",      -1.01158,      -1.58089,      -1.58073,      -1.01174,  -9.51010E-03
F:/Desktop/DeepOnet_Abaqus/StaticElasticJob.odb,Step-1,Increment      1: Step Time =    1.000,"PLATE-1",           534,             1,      -3.26744,   685.603E-03,            0.,"ASSEMBLY_PLATE-1__PICKEDSET2","ROCK","",      -1.02290,      -1.54513,      -1.54506,      -1.02297,  -5.79530E-03
F:/Desktop/DeepOnet_Abaqus/StaticElasticJob.odb,Step-1,Increment      1: Step Time =    1.000,"PLATE-1",           535,             1,       1.03864,       2.49596,            0.,"ASSEMBLY_PLATE-1__PICKEDSET2","ROCK","",  -980.274E-03,      -1.61351,      -1.61242,  -981.362E-03,  -26.2291E-03
F:/Desktop/DeepOnet_Abaqus/StaticElasticJob.odb,Step-1,Increment      1: Step Time =    1.000,"PLATE-1",           536,             1,   681.538E-03,       2.74451,            0.,"ASSEMBLY_PLATE-1__PICKEDSET2","ROCK","",      -1.00749,      -1.59118,      -1.59040,      -1.00827,  -21.3150E-03
F:/Desktop/DeepOnet_Abaqus/StaticElasticJob.odb,Step-1,Increment      1: Step Time =    1.000,"PLATE-1",           537,             1,       3.69072,      -1.35061,            0.,"ASSEMBLY_PLATE-1__PICKEDSET2","ROCK","",      -1.00231,      -1.54980,      -1.54978,      -1.00233,  -3.43284E-03
F:/Desktop/DeepOnet_Abaqus/StaticElasticJob.odb,Step-1,Increment      1: Step Time =    1.000,"PLATE-1",           538,             1,       3.65146,       2.83341,            0.,"ASSEMBLY_PLATE-1__PICKEDSET2","ROCK","",      -1.02147,      -1.55050,      -1.55029,      -1.02168,   10.7002E-03
F:/Desktop/DeepOnet_Abaqus/StaticElasticJob.odb,Step-1,Increment      1: Step Time =    1.000,"PLATE-1",           539,             1,      -2.51717,       2.45125,            0.,"ASSEMBLY_PLATE-1__PICKEDSET2","ROCK","",      -1.00135,      -1.55795,      -1.55771,      -1.00159,  -11.5629E-03
F:/Desktop/DeepOnet_Abaqus/StaticElasticJob.odb,Step-1,Increment      1: Step Time =    1.000,"PLATE-1",           540,             1,      -2.57270,       2.02194,            0.,"ASSEMBLY_PLATE-1__PICKEDSET2","ROCK","",      -1.00407,      -1.55542,      -1.55502,      -1.00447,  -14.8986E-03
F:/Desktop/DeepOnet_Abaqus/StaticElasticJob.odb,Step-1,Increment      1: Step Time =    1.000,"PLATE-1",           541,             1,       2.08902,       3.68086,            0.,"ASSEMBLY_PLATE-1__PICKEDSET2","ROCK","",  -997.917E-03,      -1.57941,      -1.57938,  -997.942E-03,   3.81057E-03
F:/Desktop/DeepOnet_Abaqus/StaticElasticJob.odb,Step-1,Increment      1: Step Time =    1.000,"PLATE-1",           542,             1,      -3.69112,       2.08689,            0.,"ASSEMBLY_PLATE-1__PICKEDSET2","ROCK","",      -1.01090,      -1.54958,      -1.54955,      -1.01093,  -3.93448E-03
F:/Desktop/DeepOnet_Abaqus/StaticElasticJob.odb,Step-1,Increment      1: Step Time =    1.000,"PLATE-1",           543,             1,   799.294E-03,      -3.14559,            0.,"ASSEMBLY_PLATE-1__PICKEDSET2","ROCK","",      -1.00213,      -1.56324,      -1.56321,      -1.00216,  -4.32721E-03
F:/Desktop/DeepOnet_Abaqus/StaticElasticJob.odb,Step-1,Increment      1: Step Time =    1.000,"PLATE-1",           544,             1,      -1.10132,       2.80059,            0.,"ASSEMBLY_PLATE-1__PICKEDSET2","ROCK","",  -997.164E-03,      -1.57544,      -1.57539,  -997.219E-03,  -5.66784E-03
F:/Desktop/DeepOnet_Abaqus/StaticElasticJob.odb,Step-1,Increment      1: Step Time =    1.000,"PLATE-1",           545,             1,       2.00151,      -3.68352,            0.,"ASSEMBLY_PLATE-1__PICKEDSET2","ROCK","",      -1.00519,      -1.55374,      -1.55374,      -1.00519,  -1.93928E-03
F:/Desktop/DeepOnet_Abaqus/StaticElasticJob.odb,Step-1,Increment      1: Step Time =    1.000,"PLATE-1",           546,             1,      -3.03737,      -2.56737,            0.,"ASSEMBLY_PLATE-1__PICKEDSET2","ROCK","",      -1.00388,      -1.55178,      -1.55167,      -1.00398,   7.45726E-03
F:/Desktop/DeepOnet_Abaqus/StaticElasticJob.odb,Step-1,Increment      1: Step Time =    1.000,"PLATE-1",           547,             1,       2.86952,   254.570E-03,            0.,"ASSEMBLY_PLATE-1__PICKEDSET2","ROCK","",      -1.03115,      -1.54983,      -1.54722,      -1.03376,  -36.6977E-03
F:/Desktop/DeepOnet_Abaqus/StaticElasticJob.odb,Step-1,Increment      1: Step Time =    1.000,"PLATE-1",           548,             1,       2.37248,      -2.73456,            0.,"ASSEMBLY_PLATE-1__PICKEDSET2","ROCK","",      -1.00659,      -1.55354,      -1.55346,      -1.00667,  -6.48426E-03
F:/Desktop/DeepOnet_Abaqus/StaticElasticJob.odb,Step-1,Increment      1: Step Time =    1.000,"PLATE-1",           549,             1,       3.75617,       1.24793,            0.,"ASSEMBLY_PLATE-1__PICKEDSET2","ROCK","",      -1.06474,      -1.54507,      -1.54506,      -1.06475,   2.09830E-03
F:/Desktop/DeepOnet_Abaqus/StaticElasticJob.odb,Step-1,Increment      1: Step Time =    1.000,"PLATE-1",           550,             1,       3.13447,      -1.57990,            0.,"ASSEMBLY_PLATE-1__PICKEDSET2","ROCK","",      -1.00917,      -1.55293,      -1.55279,      -1.00931,  -8.80986E-03
F:/Desktop/DeepOnet_Abaqus/StaticElasticJob.odb,Step-1,Increment      1: Step Time =    1.000,"PLATE-1",           551,             1,  -378.769E-03,      -2.94424,            0.,"ASSEMBLY_PLATE-1__PICKEDSET2","ROCK","",  -996.374E-03,      -1.56781,      -1.56781,  -996.375E-03,   912.020E-06
F:/Desktop/DeepOnet_Abaqus/StaticElasticJob.odb,Step-1,Increment      1: Step Time =    1.000,"PLATE-1",           552,             1,  -434.328E-03,      -2.56689,            0.,"ASSEMBLY_PLATE-1__PICKEDSET2","ROCK","",  -993.581E-03,      -1.57149,      -1.57148,  -993.589E-03,   2.18604E-03
F:/Desktop/DeepOnet_Abaqus/StaticElasticJob.odb,Step-1,Increment      1: Step Time =    1.000,"PLATE-1",           553,             1,       1.59972,      -2.76331,            0.,"ASSEMBLY_PLATE-1__PICKEDSET2","ROCK","",      -1.00567,      -1.56002,      -1.55986,      -1.00583,  -9.24786E-03
F:/Desktop/DeepOnet_Abaqus/StaticElasticJob.odb,Step-1,Increment      1: Step Time =    1.000,"PLATE-1",           554,             1,       3.65813,      -2.84682,            0.,"ASSEMBLY_PLATE-1__PICKEDSET2","ROCK","",  -992.663E-03,      -1.54899,      -1.54899,  -992.663E-03,  -472.598E-06
F:/Desktop/DeepOnet_Abaqus/StaticElasticJob.odb,Step-1,Increment      1: Step Time =    1.000,"PLATE-1",           555,             1,      -1.96052,      -3.70604,            0.,"ASSEMBLY_PLATE-1__PICKEDSET2","ROCK","",  -999.554E-03,      -1.55850,      -1.55849,  -999.559E-03,   1.74996E-03
F:/Desktop/DeepOnet_Abaqus/StaticElasticJob.odb,Step-1,Increment      1: Step Time =    1.000,"PLATE-1",           556,             1,      -2.05450,      -2.46952,            0.,"ASSEMBLY_PLATE-1__PICKEDSET2","ROCK","",  -999.311E-03,      -1.55873,      -1.55850,  -999.534E-03,   11.1640E-03
F:/Desktop/DeepOnet_Abaqus/StaticElasticJob.odb,Step-1,Increment      1: Step Time =    1.000,"PLATE-1",           557,             1,      -2.55686,       1.39663,            0.,"ASSEMBLY_PLATE-1__PICKEDSET2","ROCK","",      -1.01110,      -1.54752,      -1.54691,      -1.01171,  -18.1095E-03
F:/Desktop/DeepOnet_Abaqus/StaticElasticJob.odb,Step-1,Increment      1: Step Time =    1.000,"PLATE-1",           558,             1,      -3.70878,  -349.513E-03,            0.,"ASSEMBLY_PLATE-1__PICKEDSET2","ROCK","",      -1.02972,      -1.54756,      -1.54755,      -1.02973,   2.04108E-03
F:/Desktop/DeepOnet_Abaqus/StaticElasticJob.odb,Step-1,Increment      1: Step Time =    1.000,"PLATE-1",           559,             1,   96.1296E-03,       3.47939,            0.,"ASSEMBLY_PLATE-1__PICKEDSET2","ROCK","",      -1.00360,      -1.56360,      -1.56356,      -1.00364,  -4.38141E-03
F:/Desktop/DeepOnet_Abaqus/StaticElasticJob.odb,Step-1,Increment      1: Step Time =    1.000,"PLATE-1",           560,             1,      -2.08048,       3.67059,            0.,"ASSEMBLY_PLATE-1__PICKEDSET2","ROCK","",  -999.532E-03,      -1.55497,      -1.55497,  -999.536E-03,  -1.46387E-03
F:/Desktop/DeepOnet_Abaqus/StaticElasticJob.odb,Step-1,Increment      1: Step Time =    1.000,"PLATE-1",           561,             1,      -2.99199,  -775.422E-03,            0.,"ASSEMBLY_PLATE-1__PICKEDSET2","ROCK","",      -1.01813,      -1.54593,      -1.54573,      -1.01833,   10.1603E-03
F:/Desktop/DeepOnet_Abaqus/StaticElasticJob.odb,Step-1,Increment      1: Step Time =    1.000,"PLATE-1",           562,             1,      -2.77371,  -183.191E-03,            0.,"ASSEMBLY_PLATE-1__PICKEDSET2","ROCK","",      -1.02162,      -1.53580,      -1.53574,      -1.02168,   5.82797E-03
F:/Desktop/DeepOnet_Abaqus/StaticElasticJob.odb,Step-1,Increment      1: Step Time =    1.000,"PLATE-1",           563,             1,       2.69193,      -1.68212,            0.,"ASSEMBLY_PLATE-1__PICKEDSET2","ROCK","",      -1.01163,      -1.55571,      -1.55547,      -1.01186,  -11.2651E-03
F:/Desktop/DeepOnet_Abaqus/StaticElasticJob.odb,Step-1,Increment      1: Step Time =    1.000,"PLATE-1",           564,             1,       2.79079,  -707.777E-03,            0.,"ASSEMBLY_PLATE-1__PICKEDSET2","ROCK","",      -1.01838,      -1.56200,      -1.56131,      -1.01907,  -19.3382E-03
F:/Desktop/DeepOnet_Abaqus/StaticElasticJob.odb,Step-1,Increment      1: Step Time =    1.000,"PLATE-1",           565,             1,       2.73416,  -136.138E-03,            0.,"ASSEMBLY_PLATE-1__PICKEDSET2","ROCK","",      -1.02265,      -1.56600,      -1.56392,      -1.02473,  -33.5508E-03
F:/Desktop/DeepOnet_Abaqus/StaticElasticJob.odb,Step-1,Increment      1: Step Time =    1.000,"PLATE-1",           566,             1,      -1.04241,      -3.29372,            0.,"ASSEMBLY_PLATE-1__PICKEDSET2","ROCK","",  -997.490E-03,      -1.56386,      -1.56385,  -997.503E-03,   2.77138E-03
F:/Desktop/DeepOnet_Abaqus/StaticElasticJob.odb,Step-1,Increment      1: Step Time =    1.000,"PLATE-1",           567,             1,       3.73366,  -227.273E-03,            0.,"ASSEMBLY_PLATE-1__PICKEDSET2","ROCK","",      -1.02340,      -1.54959,      -1.54945,      -1.02355,  -8.75163E-03
F:/Desktop/DeepOnet_Abaqus/StaticElasticJob.odb,Step-1,Increment      1: Step Time =    1.000,"PLATE-1",           568,             1,  -304.338E-03,       2.75372,            0.,"ASSEMBLY_PLATE-1__PICKEDSET2","ROCK","",      -1.00742,      -1.58302,      -1.58300,      -1.00744,  -3.32313E-03
F:/Desktop/DeepOnet_Abaqus/StaticElasticJob.odb,Step-1,Increment      1: Step Time =    1.000,"PLATE-1",           569,             1,      -1.26768,       3.69935,            0.,"ASSEMBLY_PLATE-1__PICKEDSET2","ROCK","",  -999.261E-03,      -1.55636,      -1.55636,  -999.261E-03,   22.2179E-06
F:/Desktop/DeepOnet_Abaqus/StaticElasticJob.odb,Step-1,Increment      1: Step Time =    1.000,"PLATE-1",           570,             1,       1.52488,       3.15597,            0.,"ASSEMBLY_PLATE-1__PICKEDSET2","ROCK","",  -986.885E-03,      -1.58770,      -1.58764,  -986.948E-03,  -6.14644E-03
F:/Desktop/DeepOnet_Abaqus/StaticElasticJob.odb,Step-1,Increment      1: Step Time =    1.000,"PLATE-1",           571,             1,      -2.77011,      -3.63442,            0.,"ASSEMBLY_PLATE-1__PICKEDSET2","ROCK","",      -1.00068,      -1.55308,      -1.55307,      -1.00069,   2.26524E-03
F:/Desktop/DeepOnet_Abaqus/StaticElasticJob.odb,Step-1,Increment      1: Step Time =    1.000,"PLATE-1",           572,             1,   477.728E-03,       3.06765,            0.,"ASSEMBLY_PLATE-1__PICKEDSET2","ROCK","",      -1.00640,      -1.58030,      -1.57998,      -1.00672,  -13.5812E-03
F:/Desktop/DeepOnet_Abaqus/StaticElasticJob.odb,Step-1,Increment      1: Step Time =    1.000,"PLATE-1",           573,             1,      -2.88366,       1.31548,            0.,"ASSEMBLY_PLATE-1__PICKEDSET2","ROCK","",      -1.01383,      -1.54756,      -1.54717,      -1.01422,  -14.4661E-03
F:/Desktop/DeepOnet_Abaqus/StaticElasticJob.odb,Step-1,Increment      1: Step Time =    1.000,"PLATE-1",           574,             1,       1.22319,      -3.30181,            0.,"ASSEMBLY_PLATE-1__PICKEDSET2","ROCK","",      -1.00400,      -1.55996,      -1.55993,      -1.00404,  -4.41448E-03
F:/Desktop/DeepOnet_Abaqus/StaticElasticJob.odb,Step-1,Increment      1: Step Time =    1.000,"PLATE-1",           575,             1,       3.10877,      -2.19433,            0.,"ASSEMBLY_PLATE-1__PICKEDSET2","ROCK","",      -1.00454,      -1.55064,      -1.55059,      -1.00459,  -4.85638E-03
F:/Desktop/DeepOnet_Abaqus/StaticElasticJob.odb,Step-1,Increment      1: Step Time =    1.000,"PLATE-1",           576,             1,      -3.72303,      -1.18596,            0.,"ASSEMBLY_PLATE-1__PICKEDSET2","ROCK","",      -1.02163,      -1.54870,      -1.54867,      -1.02166,   3.89292E-03
F:/Desktop/DeepOnet_Abaqus/StaticElasticJob.odb,Step-1,Increment      1: Step Time =    1.000,"PLATE-1",           577,             1,      -3.72609,      -1.97888,            0.,"ASSEMBLY_PLATE-1__PICKEDSET2","ROCK","",      -1.01004,      -1.54924,      -1.54922,      -1.01006,   3.51717E-03
F:/Desktop/DeepOnet_Abaqus/StaticElasticJob.odb,Step-1,Increment      1: Step Time =    1.000,"PLATE-1",           578,             1,       2.21306,       3.01250,            0.,"ASSEMBLY_PLATE-1__PICKEDSET2","ROCK","",  -985.395E-03,      -1.57794,      -1.57739,  -985.944E-03,   18.0385E-03
F:/Desktop/DeepOnet_Abaqus/StaticElasticJob.odb,Step-1,Increment      1: Step Time =    1.000,"PLATE-1",           579,             1,       3.70167,       2.03514,            0.,"ASSEMBLY_PLATE-1__PICKEDSET2","ROCK","",      -1.04672,      -1.54757,      -1.54736,      -1.04693,   10.3752E-03
F:/Desktop/DeepOnet_Abaqus/StaticElasticJob.odb,Step-1,Increment      1: Step Time =    1.000,"PLATE-1",           580,             1,      -3.21123,      -1.91817,            0.,"ASSEMBLY_PLATE-1__PICKEDSET2","ROCK","",      -1.00882,      -1.55047,      -1.55032,      -1.00897,   9.14274E-03
F:/Desktop/DeepOnet_Abaqus/StaticElasticJob.odb,Step-1,Increment      1: Step Time =    1.000,"PLATE-1",           581,             1,       2.95403,      -2.88962,            0.,"ASSEMBLY_PLATE-1__PICKEDSET2","ROCK","",      -1.00186,      -1.55048,      -1.55046,      -1.00188,  -3.04954E-03
F:/Desktop/DeepOnet_Abaqus/StaticElasticJob.odb,Step-1,Increment      1: Step Time =    1.000,"PLATE-1",           582,             1,       2.61783,      -2.18126,            0.,"ASSEMBLY_PLATE-1__PICKEDSET2","ROCK","",      -1.00846,      -1.55376,      -1.55361,      -1.00861,  -9.09199E-03
F:/Desktop/DeepOnet_Abaqus/StaticElasticJob.odb,Step-1,Increment      1: Step Time =    1.000,"PLATE-1",           583,             1,       3.46131,  -768.595E-03,            0.,"ASSEMBLY_PLATE-1__PICKEDSET2","ROCK","",      -1.01288,      -1.55251,      -1.55231,      -1.01308,  -10.4005E-03
F:/Desktop/DeepOnet_Abaqus/StaticElasticJob.odb,Step-1,Increment      1: Step Time =    1.000,"PLATE-1",           584,             1,      -3.25501,       1.33387,            0.,"ASSEMBLY_PLATE-1__PICKEDSET2","ROCK","",      -1.01648,      -1.54846,      -1.54827,      -1.01667,  -10.1527E-03
F:/Desktop/DeepOnet_Abaqus/StaticElasticJob.odb,Step-1,Increment      1: Step Time =    1.000,"PLATE-1",           585,             1,  -504.970E-03,       3.72126,            0.,"ASSEMBLY_PLATE-1__PICKEDSET2","ROCK","",      -1.00046,      -1.55603,      -1.55603,      -1.00046,   175.680E-06
F:/Desktop/DeepOnet_Abaqus/StaticElasticJob.odb,Step-1,Increment      1: Step Time =    1.000,"PLATE-1",           586,             1,      -1.25145,       3.18357,            0.,"ASSEMBLY_PLATE-1__PICKEDSET2","ROCK","",  -998.026E-03,      -1.56602,      -1.56601,  -998.031E-03,  -1.63196E-03
F:/Desktop/DeepOnet_Abaqus/StaticElasticJob.odb,Step-1,Increment      1: Step Time =    1.000,"PLATE-1",           587,             1,      -2.87093,       3.66480,            0.,"ASSEMBLY_PLATE-1__PICKEDSET2","ROCK","",      -1.00071,      -1.55131,      -1.55131,      -1.00071,  -1.48017E-03
F:/Desktop/DeepOnet_Abaqus/StaticElasticJob.odb,Step-1,Increment      1: Step Time =    1.000,"PLATE-1",           588,             1,      -2.99276,       1.82086,            0.,"ASSEMBLY_PLATE-1__PICKEDSET2","ROCK","",      -1.00987,      -1.55156,      -1.55127,      -1.01015,  -12.4353E-03
F:/Desktop/DeepOnet_Abaqus/StaticElasticJob.odb,Step-1,Increment      1: Step Time =    1.000,"PLATE-1",           589,             1,      -2.32323,      -2.64976,            0.,"ASSEMBLY_PLATE-1__PICKEDSET2","ROCK","",      -1.00060,      -1.55703,      -1.55687,      -1.00076,   9.42378E-03
F:/Desktop/DeepOnet_Abaqus/StaticElasticJob.odb,Step-1,Increment      1: Step Time =    1.000,"PLATE-1",           590,             1,  -391.607E-03,      -3.78654,            0.,"ASSEMBLY_PLATE-1__PICKEDSET2","ROCK","",  -998.883E-03,      -1.56445,      -1.56445,  -998.883E-03,   126.220E-06
F:/Desktop/DeepOnet_Abaqus/StaticElasticJob.odb,Step-1,Increment      1: Step Time =    1.000,"PLATE-1",           591,             1,      -1.16676,      -3.74714,            0.,"ASSEMBLY_PLATE-1__PICKEDSET2","ROCK","",  -998.332E-03,      -1.56237,      -1.56237,  -998.334E-03,   958.150E-06
F:/Desktop/DeepOnet_Abaqus/StaticElasticJob.odb,Step-1,Increment      1: Step Time =    1.000,"PLATE-1",           592,             1,      -3.07460,   275.360E-03,            0.,"ASSEMBLY_PLATE-1__PICKEDSET2","ROCK","",      -1.02368,      -1.54309,      -1.54307,      -1.02369,  -2.44404E-03
F:/Desktop/DeepOnet_Abaqus/StaticElasticJob.odb,Step-1,Increment      1: Step Time =    1.000,"PLATE-1",           593,             1,      -3.73637,   478.892E-03,            0.,"ASSEMBLY_PLATE-1__PICKEDSET2","ROCK","",      -1.03129,      -1.54746,      -1.54746,      -1.03130,  -1.67251E-03
F:/Desktop/DeepOnet_Abaqus/StaticElasticJob.odb,Step-1,Increment      1: Step Time =    1.000,"PLATE-1",           594,             1,      -2.78570,   518.164E-03,            0.,"ASSEMBLY_PLATE-1__PICKEDSET2","ROCK","",      -1.02150,      -1.53859,      -1.53846,      -1.02163,  -8.03974E-03
F:/Desktop/DeepOnet_Abaqus/StaticElasticJob.odb,Step-1,Increment      1: Step Time =    1.000,"PLATE-1",           595,             1,   396.266E-03,      -3.76940,            0.,"ASSEMBLY_PLATE-1__PICKEDSET2","ROCK","",      -1.00146,      -1.56294,      -1.56293,      -1.00146,  -902.822E-06
F:/Desktop/DeepOnet_Abaqus/StaticElasticJob.odb,Step-1,Increment      1: Step Time =    1.000,"PLATE-1",           596,             1,       3.77068,   488.998E-03,            0.,"ASSEMBLY_PLATE-1__PICKEDSET2","ROCK","",      -1.05202,      -1.54696,      -1.54684,      -1.05214,  -7.71121E-03
F:/Desktop/DeepOnet_Abaqus/StaticElasticJob.odb,Step-1,Increment      1: Step Time =    1.000,"PLATE-1",           597,             1,      -3.72451,       1.28313,            0.,"ASSEMBLY_PLATE-1__PICKEDSET2","ROCK","",      -1.02203,      -1.54877,      -1.54873,      -1.02207,  -4.50229E-03
F:/Desktop/DeepOnet_Abaqus/StaticElasticJob.odb,Step-1,Increment      1: Step Time =    1.000,"PLATE-1",           598,             1,      -2.87687,   876.083E-03,            0.,"ASSEMBLY_PLATE-1__PICKEDSET2","ROCK","",      -1.01797,      -1.54188,      -1.54161,      -1.01824,  -11.8676E-03
F:/Desktop/DeepOnet_Abaqus/StaticElasticJob.odb,Step-1,Increment      1: Step Time =    1.000,"PLATE-1",           599,             1,      -3.08483,       2.29878,            0.,"ASSEMBLY_PLATE-1__PICKEDSET2","ROCK","",      -1.00625,      -1.55273,      -1.55257,      -1.00641,  -9.24293E-03
F:/Desktop/DeepOnet_Abaqus/StaticElasticJob.odb,Step-1,Increment      1: Step Time =    1.000,"PLATE-1",           600,             1,       2.82226,      -3.62734,            0.,"ASSEMBLY_PLATE-1__PICKEDSET2","ROCK","",      -1.00118,      -1.55045,      -1.55045,      -1.00119,  -1.13435E-03
F:/Desktop/DeepOnet_Abaqus/StaticElasticJob.odb,Step-1,Increment      1: Step Time =    1.000,"PLATE-1",           601,             1,   603.221E-03,       3.70327,            0.,"ASSEMBLY_PLATE-1__PICKEDSET2","ROCK","",      -1.00020,      -1.56451,      -1.56446,      -1.00025,  -5.33395E-03
F:/Desktop/DeepOnet_Abaqus/StaticElasticJob.odb,Step-1,Increment      1: Step Time =    1.000,"PLATE-1",           602,             1,       2.93656,       2.87868,            0.,"ASSEMBLY_PLATE-1__PICKEDSET2","ROCK","",      -1.00299,      -1.56232,      -1.56122,      -1.00409,   24.7517E-03
F:/Desktop/DeepOnet_Abaqus/StaticElasticJob.odb,Step-1,Increment      1: Step Time =    1.000,"PLATE-1",           603,             1,       3.33040,   638.881E-03,            0.,"ASSEMBLY_PLATE-1__PICKEDSET2","ROCK","",      -1.04409,      -1.54177,      -1.54102,      -1.04484,  -19.3445E-03
F:/Desktop/DeepOnet_Abaqus/StaticElasticJob.odb,Step-1,Increment      1: Step Time =    1.000,"PLATE-1",           604,             1,       2.85343,       3.64548,            0.,"ASSEMBLY_PLATE-1__PICKEDSET2","ROCK","",  -998.865E-03,      -1.56688,      -1.56677,  -998.967E-03,   7.64000E-03
F:/Desktop/DeepOnet_Abaqus/StaticElasticJob.odb,Step-1,Increment      1: Step Time =    1.000,"PLATE-1",           605,             1,      -2.58524,      -2.28631,            0.,"ASSEMBLY_PLATE-1__PICKEDSET2","ROCK","",      -1.00286,      -1.55484,      -1.55459,      -1.00310,   11.5166E-03
F:/Desktop/DeepOnet_Abaqus/StaticElasticJob.odb,Step-1,Increment      1: Step Time =    1.000,"PLATE-1",           606,             1,      -3.64170,      -2.76670,            0.,"ASSEMBLY_PLATE-1__PICKEDSET2","ROCK","",      -1.00184,      -1.54915,      -1.54914,      -1.00185,   2.57485E-03
F:/Desktop/DeepOnet_Abaqus/StaticElasticJob.odb,Step-1,Increment      1: Step Time =    1.000,"PLATE-1",           607,             1,       3.69442,      -2.08363,            0.,"ASSEMBLY_PLATE-1__PICKEDSET2","ROCK","",  -995.095E-03,      -1.54931,      -1.54931,  -995.098E-03,  -1.32728E-03
F:/Desktop/DeepOnet_Abaqus/StaticElasticJob.odb,Step-1,Increment      1: Step Time =    1.000,"PLATE-1",           608,             1,   759.870E-03,       1.83606,            0.,"ASSEMBLY_PLATE-1__PICKEDSET2","ROCK","",      -1.02174,      -1.67324,      -1.66646,      -1.02852,  -66.0937E-03
F:/Desktop/DeepOnet_Abaqus/StaticElasticJob.odb,Step-1,Increment      1: Step Time =    1.000,"PLATE-1",           609,             1,       1.68189,   947.662E-03,            0.,"ASSEMBLY_PLATE-1__PICKEDSET2","ROCK","",      -1.07783,      -1.24602,      -1.17136,      -1.15249,   83.5623E-03
F:/Desktop/DeepOnet_Abaqus/StaticElasticJob.odb,Step-1,Increment      1: Step Time =    1.000,"PLATE-1",           610,             1,       1.84618,   833.479E-03,            0.,"ASSEMBLY_PLATE-1__PICKEDSET2","ROCK","",      -1.12718,      -1.32067,      -1.31042,      -1.13743,  -43.3345E-03
F:/Desktop/DeepOnet_Abaqus/StaticElasticJob.odb,Step-1,Increment      1: Step Time =    1.000,"PLATE-1",           611,             1,   864.620E-03,      -1.67400,            0.,"ASSEMBLY_PLATE-1__PICKEDSET2","ROCK","",  -988.326E-03,      -1.58719,      -1.58632,  -989.193E-03,  -22.7705E-03
F:/Desktop/DeepOnet_Abaqus/StaticElasticJob.odb,Step-1,Increment      1: Step Time =    1.000,"PLATE-1",           612,             1,      -1.68542,   548.644E-03,            0.,"ASSEMBLY_PLATE-1__PICKEDSET2","ROCK","",      -1.02688,      -1.50880,      -1.50772,      -1.02795,  -22.6934E-03
F:/Desktop/DeepOnet_Abaqus/StaticElasticJob.odb,Step-1,Increment      1: Step Time =    1.000,"PLATE-1",           613,             1,      -1.87006,   662.786E-03,            0.,"ASSEMBLY_PLATE-1__PICKEDSET2","ROCK","",      -1.02226,      -1.52085,      -1.51986,      -1.02324,  -22.1441E-03
F:/Desktop/DeepOnet_Abaqus/StaticElasticJob.odb,Step-1,Increment      1: Step Time =    1.000,"PLATE-1",           614,             1,      -1.40353,       1.78905,            0.,"ASSEMBLY_PLATE-1__PICKEDSET2","ROCK","",  -994.190E-03,      -1.57202,      -1.57060,  -995.613E-03,  -28.6339E-03
F:/Desktop/DeepOnet_Abaqus/StaticElasticJob.odb,Step-1,Increment      1: Step Time =    1.000,"PLATE-1",           615,             1,      -2.23962,       1.74561,            0.,"ASSEMBLY_PLATE-1__PICKEDSET2","ROCK","",      -1.00373,      -1.55506,      -1.55429,      -1.00450,  -20.5754E-03
F:/Desktop/DeepOnet_Abaqus/StaticElasticJob.odb,Step-1,Increment      1: Step Time =    1.000,"PLATE-1",           616,             1,      -1.14107,      -1.79627,            0.,"ASSEMBLY_PLATE-1__PICKEDSET2","ROCK","",  -989.094E-03,      -1.57126,      -1.57075,  -989.605E-03,   17.2265E-03
F:/Desktop/DeepOnet_Abaqus/StaticElasticJob.odb,Step-1,Increment      1: Step Time =    1.000,"PLATE-1",           617,             1,  -373.074E-03,      -1.74593,            0.,"ASSEMBLY_PLATE-1__PICKEDSET2","ROCK","",  -983.412E-03,      -1.58536,      -1.58522,  -983.554E-03,   9.23605E-03
F:/Desktop/DeepOnet_Abaqus/StaticElasticJob.odb,Step-1,Increment      1: Step Time =    1.000,"PLATE-1",           618,             1,  -868.269E-03,       1.88418,            0.,"ASSEMBLY_PLATE-1__PICKEDSET2","ROCK","",  -991.954E-03,      -1.59116,      -1.58997,  -993.145E-03,  -26.6871E-03
F:/Desktop/DeepOnet_Abaqus/StaticElasticJob.odb,Step-1,Increment      1: Step Time =    1.000,"PLATE-1",           619,             1,       1.83241,      -1.55889,            0.,"ASSEMBLY_PLATE-1__PICKEDSET2","ROCK","",      -1.01330,      -1.56539,      -1.56444,      -1.01425,  -22.8131E-03
F:/Desktop/DeepOnet_Abaqus/StaticElasticJob.odb,Step-1,Increment      1: Step Time =    1.000,"PLATE-1",           620,             1,       1.64190,       2.43889,            0.,"ASSEMBLY_PLATE-1__PICKEDSET2","ROCK","",  -952.641E-03,      -1.60612,      -1.60572,  -953.038E-03,   16.1191E-03
F:/Desktop/DeepOnet_Abaqus/StaticElasticJob.odb,Step-1,Increment      1: Step Time =    1.000,"PLATE-1",           621,             1,       1.29017,      -2.17712,            0.,"ASSEMBLY_PLATE-1__PICKEDSET2","ROCK","",      -1.00224,      -1.56907,      -1.56863,      -1.00269,  -15.7950E-03
F:/Desktop/DeepOnet_Abaqus/StaticElasticJob.odb,Step-1,Increment      1: Step Time =    1.000,"PLATE-1",           622,             1,   432.040E-03,      -2.02906,            0.,"ASSEMBLY_PLATE-1__PICKEDSET2","ROCK","",  -988.249E-03,      -1.58356,      -1.58343,  -988.377E-03,  -8.73964E-03
F:/Desktop/DeepOnet_Abaqus/StaticElasticJob.odb,Step-1,Increment      1: Step Time =    1.000,"PLATE-1",           623,             1,  -638.319E-03,   644.398E-03,            0.,"ASSEMBLY_PLATE-1__PICKEDSET2","ROCK","",  -988.525E-03,      -1.51232,      -1.49982,      -1.00102,  -79.9345E-03
F:/Desktop/DeepOnet_Abaqus/StaticElasticJob.odb,Step-1,Increment      1: Step Time =    1.000,"PLATE-1",           624,             1,   597.164E-03,   213.820E-03,            0.,"ASSEMBLY_PLATE-1__PICKEDSET2","ROCK","",  -707.287E-03,      -1.64498,      -1.53015,  -822.112E-03,   307.384E-03
F:/Desktop/DeepOnet_Abaqus/StaticElasticJob.odb,Step-1,Increment      1: Step Time =    1.000,"PLATE-1",           625,             1,   327.048E-03,   467.650E-03,            0.,"ASSEMBLY_PLATE-1__PICKEDSET2","ROCK","",  -759.797E-03,      -1.62048,      -1.47326,  -907.017E-03,   324.093E-03
F:/Desktop/DeepOnet_Abaqus/StaticElasticJob.odb,Step-1,Increment      1: Step Time =    1.000,"PLATE-1",           626,             1,       1.34478,       1.08476,            0.,"ASSEMBLY_PLATE-1__PICKEDSET2","ROCK","",  -540.823E-03,      -1.51601,      -1.22201,  -834.824E-03,   447.514E-03
F:/Desktop/DeepOnet_Abaqus/StaticElasticJob.odb,Step-1,Increment      1: Step Time =    1.000,"PLATE-1",           627,             1,   632.555E-03,       1.24811,            0.,"ASSEMBLY_PLATE-1__PICKEDSET2","ROCK","",      -1.07920,      -2.30098,      -2.26134,      -1.11885,  -216.488E-03
F:/Desktop/DeepOnet_Abaqus/StaticElasticJob.odb,Step-1,Increment      1: Step Time =    1.000,"PLATE-1",           628,             1,   321.236E-03,       1.42297,            0.,"ASSEMBLY_PLATE-1__PICKEDSET2","ROCK","",      -1.03471,      -1.76323,      -1.75643,      -1.04151,  -70.0494E-03
F:/Desktop/DeepOnet_Abaqus/StaticElasticJob.odb,Step-1,Increment      1: Step Time =    1.000,"PLATE-1",           629,             1,   701.202E-03,       1.22207,            0.,"ASSEMBLY_PLATE-1__PICKEDSET2","ROCK","",      -1.33241,      -2.51829,      -2.29714,      -1.55356,  -461.905E-03
F:/Desktop/DeepOnet_Abaqus/StaticElasticJob.odb,Step-1,Increment      1: Step Time =    1.000,"PLATE-1",           630,             1,  -884.864E-03,  -415.214E-03,            0.,"ASSEMBLY_PLATE-1__PICKEDSET2","ROCK","",  -997.572E-03,      -1.52112,      -1.50479,      -1.01390,   91.0170E-03
F:/Desktop/DeepOnet_Abaqus/StaticElasticJob.odb,Step-1,Increment      1: Step Time =    1.000,"PLATE-1",           631,             1,  -207.509E-03,  -286.238E-03,            0.,"ASSEMBLY_PLATE-1__PICKEDSET2","ROCK","",  -869.001E-03,      -1.98980,      -1.83801,      -1.02079,   383.512E-03
F:/Desktop/DeepOnet_Abaqus/StaticElasticJob.odb,Step-1,Increment      1: Step Time =    1.000,"PLATE-1",           632,             1,  -289.578E-03,  -820.678E-03,            0.,"ASSEMBLY_PLATE-1__PICKEDSET2","ROCK","",  -953.739E-03,      -1.64129,      -1.63722,  -957.812E-03,   52.7624E-03
F:/Desktop/DeepOnet_Abaqus/StaticElasticJob.odb,Step-1,Increment      1: Step Time =    1.000,"PLATE-1",           633,             1,   498.891E-03,  -642.623E-03,            0.,"ASSEMBLY_PLATE-1__PICKEDSET2","ROCK","",  -890.848E-03,      -1.66336,      -1.65632,  -897.890E-03,  -73.4212E-03
F:/Desktop/DeepOnet_Abaqus/StaticElasticJob.odb,Step-1,Increment      1: Step Time =    1.000,"PLATE-1",           634,             1,   920.533E-03,  -649.344E-03,            0.,"ASSEMBLY_PLATE-1__PICKEDSET2","ROCK","",  -964.244E-03,      -1.61053,      -1.59795,  -976.822E-03,  -89.2800E-03
F:/Desktop/DeepOnet_Abaqus/StaticElasticJob.odb,Step-1,Increment      1: Step Time =    1.000,"PLATE-1",           635,             1,   284.914E-03,   150.894E-03,            0.,"ASSEMBLY_PLATE-1__PICKEDSET2","ROCK","",  -465.708E-03,      -1.75971,      -1.26273,  -962.689E-03,   629.369E-03
F:/Desktop/DeepOnet_Abaqus/StaticElasticJob.odb,Step-1,Increment      1: Step Time =    1.000,"PLATE-1",           636,             1,   183.926E-03,  -346.958E-03,            0.,"ASSEMBLY_PLATE-1__PICKEDSET2","ROCK","",  -737.197E-03,      -1.85907,      -1.82461,  -771.657E-03,  -193.578E-03
F:/Desktop/DeepOnet_Abaqus/StaticElasticJob.odb,Step-1,Increment      1: Step Time =    1.000,"PLATE-1",           637,             1,  -284.717E-03,   339.931E-03,            0.,"ASSEMBLY_PLATE-1__PICKEDSET2","ROCK","",  -801.551E-03,      -1.62538,      -1.57282,  -854.111E-03,  -201.341E-03
F:/Desktop/DeepOnet_Abaqus/StaticElasticJob.odb,Step-1,Increment      1: Step Time =    1.000,"PLATE-1",           638,             1,   57.3143E-03,  -439.495E-03,            0.,"ASSEMBLY_PLATE-1__PICKEDSET2","ROCK","",  -772.824E-03,      -1.88944,      -1.88943,  -772.837E-03,   3.80686E-03
F:/Desktop/DeepOnet_Abaqus/StaticElasticJob.odb,Step-1,Increment      1: Step Time =    1.000,"PLATE-1",           639,             1,   551.937E-03,   186.880E-03,            0.,"ASSEMBLY_PLATE-1__PICKEDSET2","ROCK","",  -715.083E-03,      -1.61268,      -1.47324,  -854.526E-03,   325.145E-03
F:/Desktop/DeepOnet_Abaqus/StaticElasticJob.odb,Step-1,Increment      1: Step Time =    1.000,"PLATE-1",           640,             1,  -680.732E-03,  -137.793E-03,            0.,"ASSEMBLY_PLATE-1__PICKEDSET2","ROCK","",      -1.04035,      -1.40854,      -1.36194,      -1.08695,   122.420E-03
F:/Desktop/DeepOnet_Abaqus/StaticElasticJob.odb,Step-1,Increment      1: Step Time =    1.000,"PLATE-1",           641,             1,   557.880E-03,  -88.0957E-03,            0.,"ASSEMBLY_PLATE-1__PICKEDSET2","ROCK","",  -988.007E-03,      -1.37539,      -1.37400,  -989.403E-03,  -23.2071E-03
F:/Desktop/DeepOnet_Abaqus/StaticElasticJob.odb,Step-1,Increment      1: Step Time =    1.000,"PLATE-1",           642,             1,       1.32382,   697.482E-03,            0.,"ASSEMBLY_PLATE-1__PICKEDSET2","ROCK","",  -409.285E-03,      -1.55053,  -446.600E-03,      -1.51322,  -202.960E-03
F:/Desktop/DeepOnet_Abaqus/StaticElasticJob.odb,Step-1,Increment      1: Step Time =    1.000,"PLATE-1",           643,             1,  -845.501E-03,   215.632E-03,            0.,"ASSEMBLY_PLATE-1__PICKEDSET2","ROCK","",      -1.07111,      -1.38417,      -1.38025,      -1.07502,  -34.7713E-03
F:/Desktop/DeepOnet_Abaqus/StaticElasticJob.odb,Step-1,Increment      1: Step Time =    1.000,"PLATE-1",           644,             1,      -1.01830,  -45.4485E-03,            0.,"ASSEMBLY_PLATE-1__PICKEDSET2","ROCK","",      -1.05763,      -1.43054,      -1.42671,      -1.06146,   37.5731E-03
F:/Desktop/DeepOnet_Abaqus/StaticElasticJob.odb,Step-1,Increment      1: Step Time =    1.000,"PLATE-1",           645,             1,  -582.577E-03,   682.740E-03,            0.,"ASSEMBLY_PLATE-1__PICKEDSET2","ROCK","",  -984.976E-03,      -1.52271,      -1.51137,  -996.313E-03,  -77.2531E-03
F:/Desktop/DeepOnet_Abaqus/StaticElasticJob.odb,Step-1,Increment      1: Step Time =    1.000,"PLATE-1",           646,             1,   439.683E-03,  -656.476E-03,            0.,"ASSEMBLY_PLATE-1__PICKEDSET2","ROCK","",  -888.550E-03,      -1.67280,      -1.66790,  -893.455E-03,  -61.8263E-03
F:/Desktop/DeepOnet_Abaqus/StaticElasticJob.odb,Step-1,Increment      1: Step Time =    1.000,"PLATE-1",           647,             1,  -863.806E-03,   119.171E-03,            0.,"ASSEMBLY_PLATE-1__PICKEDSET2","ROCK","",      -1.07928,      -1.37984,      -1.37978,      -1.07933,  -4.05103E-03
F:/Desktop/DeepOnet_Abaqus/StaticElasticJob.odb,Step-1,Increment      1: Step Time =    1.000,"PLATE-1",           648,             1,   873.320E-03,   55.2475E-03,            0.,"ASSEMBLY_PLATE-1__PICKEDSET2","ROCK","",  -912.558E-03,      -1.61506,      -1.61453,  -913.083E-03,  -19.1994E-03
F:/Desktop/DeepOnet_Abaqus/StaticElasticJob.odb,Step-1,Increment      1: Step Time =    1.000,"PLATE-1",           649,             1,  -485.714E-03,   754.785E-03,            0.,"ASSEMBLY_PLATE-1__PICKEDSET2","ROCK","",  -990.397E-03,      -1.53170,      -1.52357,  -998.525E-03,  -65.8328E-03
F:/Desktop/DeepOnet_Abaqus/StaticElasticJob.odb,Step-1,Increment      1: Step Time =    1.000,"PLATE-1",           650,             1,  -307.126E-03,  -926.798E-03,            0.,"ASSEMBLY_PLATE-1__PICKEDSET2","ROCK","",  -960.655E-03,      -1.62517,      -1.62259,  -963.236E-03,   41.3320E-03
F:/Desktop/DeepOnet_Abaqus/StaticElasticJob.odb,Step-1,Increment      1: Step Time =    1.000,"PLATE-1",           651,             1,  -808.631E-03,   414.248E-03,            0.,"ASSEMBLY_PLATE-1__PICKEDSET2","ROCK","",      -1.02914,      -1.44423,      -1.43202,      -1.04135,  -70.1520E-03
F:/Desktop/DeepOnet_Abaqus/StaticElasticJob.odb,Step-1,Increment      1: Step Time =    1.000,"PLATE-1",           652,             1,  -68.1651E-03,      -1.01420,            0.,"ASSEMBLY_PLATE-1__PICKEDSET2","ROCK","",  -954.076E-03,      -1.63383,      -1.63301,  -954.896E-03,   23.5864E-03
F:/Desktop/DeepOnet_Abaqus/StaticElasticJob.odb,Step-1,Increment      1: Step Time =    1.000,"PLATE-1",           653,             1,  -768.201E-03,   331.384E-03,            0.,"ASSEMBLY_PLATE-1__PICKEDSET2","ROCK","",      -1.03927,      -1.41625,      -1.40172,      -1.05381,  -72.5906E-03
F:/Desktop/DeepOnet_Abaqus/StaticElasticJob.odb,Step-1,Increment      1: Step Time =    1.000,"PLATE-1",           654,             1,       1.33098,   930.729E-03,            0.,"ASSEMBLY_PLATE-1__PICKEDSET2","ROCK","",  -449.533E-03,      -1.32877,  -786.302E-03,  -992.005E-03,   427.420E-03
F:/Desktop/DeepOnet_Abaqus/StaticElasticJob.odb,Step-1,Increment      1: Step Time =    1.000,"PLATE-1",           655,             1,       1.41008,   634.580E-03,            0.,"ASSEMBLY_PLATE-1__PICKEDSET2","ROCK","",  -712.213E-03,      -1.68386,      -1.00779,      -1.38828,  -447.027E-03
F:/Desktop/DeepOnet_Abaqus/StaticElasticJob.odb,Step-1,Increment      1: Step Time =    1.000,"PLATE-1",           656,             1,   807.469E-03,       1.37789,            0.,"ASSEMBLY_PLATE-1__PICKEDSET2","ROCK","",      -1.01464,      -1.98581,      -1.93334,      -1.06711,  -219.552E-03
F:/Desktop/DeepOnet_Abaqus/StaticElasticJob.odb,Step-1,Increment      1: Step Time =    1.000,"PLATE-1",           657,             1,  -722.253E-03,   835.627E-03,            0.,"ASSEMBLY_PLATE-1__PICKEDSET2","ROCK","",  -995.959E-03,      -1.53258,      -1.52359,      -1.00495,  -68.8661E-03
F:/Desktop/DeepOnet_Abaqus/StaticElasticJob.odb,Step-1,Increment      1: Step Time =    1.000,"PLATE-1",           658,             1,   908.190E-03,  -8.79760E-03,            0.,"ASSEMBLY_PLATE-1__PICKEDSET2","ROCK","",  -950.986E-03,      -1.60566,      -1.60080,  -955.846E-03,  -56.1983E-03
F:/Desktop/DeepOnet_Abaqus/StaticElasticJob.odb,Step-1,Increment      1: Step Time =    1.000,"PLATE-1",           659,             1,  -626.760E-03,  -760.498E-03,            0.,"ASSEMBLY_PLATE-1__PICKEDSET2","ROCK","",  -964.518E-03,      -1.60000,      -1.59290,  -971.618E-03,   66.7932E-03
F:/Desktop/DeepOnet_Abaqus/StaticElasticJob.odb,Step-1,Increment      1: Step Time =    1.000,"PLATE-1",           660,             1,      -1.42562,       1.27210,            0.,"ASSEMBLY_PLATE-1__PICKEDSET2","ROCK","",      -1.00160,      -1.55190,      -1.54905,      -1.00445,  -39.4996E-03
F:/Desktop/DeepOnet_Abaqus/StaticElasticJob.odb,Step-1,Increment      1: Step Time =    1.000,"PLATE-1",           661,             1,      -1.22131,       1.29807,            0.,"ASSEMBLY_PLATE-1__PICKEDSET2","ROCK","",  -997.360E-03,      -1.55822,      -1.55466,      -1.00092,  -44.5695E-03
F:/Desktop/DeepOnet_Abaqus/StaticElasticJob.odb,Step-1,Increment      1: Step Time =    1.000,"PLATE-1",           662,             1,  -670.615E-03,  -917.559E-03,            0.,"ASSEMBLY_PLATE-1__PICKEDSET2","ROCK","",  -970.444E-03,      -1.59443,      -1.59063,  -974.251E-03,   48.5897E-03
F:/Desktop/DeepOnet_Abaqus/StaticElasticJob.odb,Step-1,Increment      1: Step Time =    1.000,"PLATE-1",           663,             1,      -1.31124,      -1.14713,            0.,"ASSEMBLY_PLATE-1__PICKEDSET2","ROCK","",  -990.286E-03,      -1.56279,      -1.56075,  -992.327E-03,   34.1222E-03
F:/Desktop/DeepOnet_Abaqus/StaticElasticJob.odb,Step-1,Increment      1: Step Time =    1.000,"PLATE-1",           664,             1,      -1.09591,      -1.41540,            0.,"ASSEMBLY_PLATE-1__PICKEDSET2","ROCK","",  -986.002E-03,      -1.57311,      -1.57199,  -987.127E-03,   25.6794E-03
F:/Desktop/DeepOnet_Abaqus/StaticElasticJob.odb,Step-1,Increment      1: Step Time =    1.000,"PLATE-1",           665,             1,      -1.35370,      -1.21346,            0.,"ASSEMBLY_PLATE-1__PICKEDSET2","ROCK","",  -991.726E-03,      -1.56228,      -1.56057,  -993.443E-03,   31.2497E-03
F:/Desktop/DeepOnet_Abaqus/StaticElasticJob.odb,Step-1,Increment      1: Step Time =    1.000,"PLATE-1",           666,             1,       1.34503,   467.828E-03,            0.,"ASSEMBLY_PLATE-1__PICKEDSET2","ROCK","",  -945.232E-03,      -2.35323,      -2.26392,      -1.03455,  -343.187E-03
F:/Desktop/DeepOnet_Abaqus/StaticElasticJob.odb,Step-1,Increment      1: Step Time =    1.000,"PLATE-1",           667,             1,       1.11651,       1.15617,            0.,"ASSEMBLY_PLATE-1__PICKEDSET2","ROCK","",  -277.976E-03,      -1.71305,      -1.47964,  -511.386E-03,   529.604E-03
F:/Desktop/DeepOnet_Abaqus/StaticElasticJob.odb,Step-1,Increment      1: Step Time =    1.000,"PLATE-1",           668,             1,       1.42628,  -148.176E-03,            0.,"ASSEMBLY_PLATE-1__PICKEDSET2","ROCK","",      -1.09634,      -1.59528,      -1.59035,      -1.10127,  -49.3401E-03
F:/Desktop/DeepOnet_Abaqus/StaticElasticJob.odb,Step-1,Increment      1: Step Time =    1.000,"PLATE-1",           669,             1,       1.29644,   98.6741E-03,            0.,"ASSEMBLY_PLATE-1__PICKEDSET2","ROCK","",      -1.16158,      -1.64691,      -1.63588,      -1.17261,  -72.3379E-03
F:/Desktop/DeepOnet_Abaqus/StaticElasticJob.odb,Step-1,Increment      1: Step Time =    1.000,"PLATE-1",           670,             1,  -432.131E-03,      -1.17948,            0.,"ASSEMBLY_PLATE-1__PICKEDSET2","ROCK","",  -972.059E-03,      -1.60172,      -1.60054,  -973.230E-03,   27.1267E-03
F:/Desktop/DeepOnet_Abaqus/StaticElasticJob.odb,Step-1,Increment      1: Step Time =    1.000,"PLATE-1",           671,             1,  -695.502E-03,      -1.17535,            0.,"ASSEMBLY_PLATE-1__PICKEDSET2","ROCK","",  -976.062E-03,      -1.58930,      -1.58758,  -977.782E-03,   32.4286E-03
F:/Desktop/DeepOnet_Abaqus/StaticElasticJob.odb,Step-1,Increment      1: Step Time =    1.000,"PLATE-1",           672,             1,       1.02880,      -1.20849,            0.,"ASSEMBLY_PLATE-1__PICKEDSET2","ROCK","",  -985.974E-03,      -1.59487,      -1.59175,  -989.091E-03,  -43.4560E-03
F:/Desktop/DeepOnet_Abaqus/StaticElasticJob.odb,Step-1,Increment      1: Step Time =    1.000,"PLATE-1",           673,             1,   922.352E-03,      -1.22172,            0.,"ASSEMBLY_PLATE-1__PICKEDSET2","ROCK","",  -979.251E-03,      -1.59979,      -1.59698,  -982.055E-03,  -41.6218E-03
F:/Desktop/DeepOnet_Abaqus/StaticElasticJob.odb,Step-1,Increment      1: Step Time =    1.000,"PLATE-1",           674,             1,  -193.287E-03,   38.4493E-03,            0.,"ASSEMBLY_PLATE-1__PICKEDSET2","ROCK","",  -63.7257E-03,      -1.11738,  -160.300E-03,      -1.02081,  -304.022E-03
F:/Desktop/DeepOnet_Abaqus/StaticElasticJob.odb,Step-1,Increment      1: Step Time =    1.000,"PLATE-1",           675,             1,   554.938E-03,      -1.50541,            0.,"ASSEMBLY_PLATE-1__PICKEDSET2","ROCK","",  -975.129E-03,      -1.60021,      -1.59971,  -975.624E-03,  -17.5869E-03
F:/Desktop/DeepOnet_Abaqus/StaticElasticJob.odb,Step-1,Increment      1: Step Time =    1.000,"PLATE-1",           676,             1,  -71.6147E-03,  -225.099E-03,            0.,"ASSEMBLY_PLATE-1__PICKEDSET2","ROCK","",  -179.493E-03,      -2.63473,      -2.55883,  -255.398E-03,   424.975E-03
F:/Desktop/DeepOnet_Abaqus/StaticElasticJob.odb,Step-1,Increment      1: Step Time =    1.000,"PLATE-1",           677,             1,   88.8507E-03,  -236.115E-03,            0.,"ASSEMBLY_PLATE-1__PICKEDSET2","ROCK","",  -255.200E-03,      -2.45669,      -2.38185,  -330.042E-03,  -398.953E-03
F:/Desktop/DeepOnet_Abaqus/StaticElasticJob.odb,Step-1,Increment      1: Step Time =    1.000,"PLATE-1",           678,             1,   153.728E-03,   198.579E-03,            0.,"ASSEMBLY_PLATE-1__PICKEDSET2","ROCK","",  -462.677E-03,      -2.38576,      -1.92016,  -928.278E-03,   823.774E-03
F:/Desktop/DeepOnet_Abaqus/StaticElasticJob.odb,Step-1,Increment      1: Step Time =    1.000,"PLATE-1",           679,             1,   154.564E-03,   217.348E-03,            0.,"ASSEMBLY_PLATE-1__PICKEDSET2","ROCK","",  -507.995E-03,      -2.27986,      -1.87738,  -910.469E-03,   742.390E-03
F:/Desktop/DeepOnet_Abaqus/StaticElasticJob.odb,Step-1,Increment      1: Step Time =    1.000,"PLATE-1",           680,             1,   209.666E-03,   136.990E-03,            0.,"ASSEMBLY_PLATE-1__PICKEDSET2","ROCK","",  -306.482E-03,      -1.96237,      -1.20750,      -1.06135,   824.714E-03
F:/Desktop/DeepOnet_Abaqus/StaticElasticJob.odb,Step-1,Increment      1: Step Time =    1.000,"PLATE-1",           681,             1,  -225.015E-03,   27.2567E-03,            0.,"ASSEMBLY_PLATE-1__PICKEDSET2","ROCK","",  -133.340E-03,      -1.26492,  -206.113E-03,      -1.19215,  -277.584E-03
F:/Desktop/DeepOnet_Abaqus/StaticElasticJob.odb,Step-1,Increment      1: Step Time =    1.000,"PLATE-1",           682,             1,   229.613E-03,  -262.422E-03,            0.,"ASSEMBLY_PLATE-1__PICKEDSET2","ROCK","",  -748.332E-03,      -1.81970,      -1.72770,  -840.329E-03,  -300.164E-03
F:/Desktop/DeepOnet_Abaqus/StaticElasticJob.odb,Step-1,Increment      1: Step Time =    1.000,"PLATE-1",           683,             1,   240.684E-03,  -269.028E-03,            0.,"ASSEMBLY_PLATE-1__PICKEDSET2","ROCK","",  -742.119E-03,      -1.84232,      -1.75101,  -833.423E-03,  -303.506E-03
F:/Desktop/DeepOnet_Abaqus/StaticElasticJob.odb,Step-1,Increment      1: Step Time =    1.000,"PLATE-1",           684,             1,   91.1236E-03,  -265.075E-03,            0.,"ASSEMBLY_PLATE-1__PICKEDSET2","ROCK","",  -400.892E-03,      -2.31281,      -2.24602,  -467.675E-03,  -351.033E-03
F:/Desktop/DeepOnet_Abaqus/StaticElasticJob.odb,Step-1,Increment      1: Step Time =    1.000,"PLATE-1",           685,             1,       1.16620,       1.45489,            0.,"ASSEMBLY_PLATE-1__PICKEDSET2","ROCK","",  -724.412E-03,      -1.79184,      -1.78294,  -733.308E-03,   97.0377E-03
F:/Desktop/DeepOnet_Abaqus/StaticElasticJob.odb,Step-1,Increment      1: Step Time =    1.000,"PLATE-1",           686,             1,  -154.812E-03,   245.885E-03,            0.,"ASSEMBLY_PLATE-1__PICKEDSET2","ROCK","",  -568.039E-03,      -1.94028,      -1.82180,  -686.523E-03,  -385.421E-03
F:/Desktop/DeepOnet_Abaqus/StaticElasticJob.odb,Step-1,Increment      1: Step Time =    1.000,"PLATE-1",           687,             1,   197.203E-03,  -372.454E-03,            0.,"ASSEMBLY_PLATE-1__PICKEDSET2","ROCK","",  -766.413E-03,      -1.86989,      -1.83851,  -797.799E-03,  -183.433E-03
F:/Desktop/DeepOnet_Abaqus/StaticElasticJob.odb,Step-1,Increment      1: Step Time =    1.000,"PLATE-1",           688,             1,   424.161E-03,   33.4869E-03,            0.,"ASSEMBLY_PLATE-1__PICKEDSET2","ROCK","",  -863.411E-03,      -1.32643,      -1.11034,      -1.07950,   230.995E-03
F:/Desktop/DeepOnet_Abaqus/StaticElasticJob.odb,Step-1,Increment      1: Step Time =    1.000,"PLATE-1",           689,             1,  -271.505E-03,   286.541E-03,            0.,"ASSEMBLY_PLATE-1__PICKEDSET2","ROCK","",  -747.393E-03,      -1.62238,      -1.52573,  -844.045E-03,  -274.278E-03
F:/Desktop/DeepOnet_Abaqus/StaticElasticJob.odb,Step-1,Increment      1: Step Time =    1.000,"PLATE-1",           690,             1,  -89.7748E-03,   292.011E-03,            0.,"ASSEMBLY_PLATE-1__PICKEDSET2","ROCK","",  -770.578E-03,      -2.04484,      -2.04129,  -774.129E-03,  -67.1806E-03
F:/Desktop/DeepOnet_Abaqus/StaticElasticJob.odb,Step-1,Increment      1: Step Time =    1.000,"PLATE-1",           691,             1,   14.2111E-03,  -279.911E-03,            0.,"ASSEMBLY_PLATE-1__PICKEDSET2","ROCK","",  -425.894E-03,      -2.32613,      -2.32591,  -426.113E-03,   20.4211E-03
F:/Desktop/DeepOnet_Abaqus/StaticElasticJob.odb,Step-1,Increment      1: Step Time =    1.000,"PLATE-1",           692,             1,   313.117E-03,   184.457E-03,            0.,"ASSEMBLY_PLATE-1__PICKEDSET2","ROCK","",  -530.679E-03,      -1.77645,      -1.39949,  -907.639E-03,   572.283E-03
F:/Desktop/DeepOnet_Abaqus/StaticElasticJob.odb,Step-1,Increment      1: Step Time =    1.000,"PLATE-1",           693,             1,   280.707E-03,   430.800E-03,            0.,"ASSEMBLY_PLATE-1__PICKEDSET2","ROCK","",  -799.396E-03,      -1.65128,      -1.51689,  -933.787E-03,   310.523E-03
F:/Desktop/DeepOnet_Abaqus/StaticElasticJob.odb,Step-1,Increment      1: Step Time =    1.000,"PLATE-1",           694,             1,  -395.695E-03,   243.776E-03,            0.,"ASSEMBLY_PLATE-1__PICKEDSET2","ROCK","",  -860.538E-03,      -1.45225,      -1.31484,  -997.947E-03,  -249.851E-03
F:/Desktop/DeepOnet_Abaqus/StaticElasticJob.odb,Step-1,Increment      1: Step Time =    1.000,"PLATE-1",           695,             1,  -363.103E-03,  -34.0878E-03,            0.,"ASSEMBLY_PLATE-1__PICKEDSET2","ROCK","",  -792.897E-03,      -1.35492,  -851.646E-03,      -1.29617,   171.950E-03
F:/Desktop/DeepOnet_Abaqus/StaticElasticJob.odb,Step-1,Increment      1: Step Time =    1.000,"PLATE-1",           696,             1,   261.915E-03,   491.773E-03,            0.,"ASSEMBLY_PLATE-1__PICKEDSET2","ROCK","",  -866.697E-03,      -1.58130,      -1.47909,  -968.906E-03,   250.183E-03
F:/Desktop/DeepOnet_Abaqus/StaticElasticJob.odb,Step-1,Increment      1: Step Time =    1.000,"PLATE-1",           697,             1,   378.275E-03,  -202.912E-03,            0.,"ASSEMBLY_PLATE-1__PICKEDSET2","ROCK","",  -822.330E-03,      -1.52306,      -1.39744,  -947.949E-03,  -268.784E-03
F:/Desktop/DeepOnet_Abaqus/StaticElasticJob.odb,Step-1,Increment      1: Step Time =    1.000,"PLATE-1",           698,             1,   53.9548E-03,       1.08906,            0.,"ASSEMBLY_PLATE-1__PICKEDSET2","ROCK","",      -1.03081,      -1.56895,      -1.53325,      -1.06652,  -133.938E-03
F:/Desktop/DeepOnet_Abaqus/StaticElasticJob.odb,Step-1,Increment      1: Step Time =    1.000,"PLATE-1",           699,             1,   78.9425E-03,   755.584E-03,            0.,"ASSEMBLY_PLATE-1__PICKEDSET2","ROCK","",      -1.14582,      -1.38101,      -1.38068,      -1.14615,   8.75331E-03
F:/Desktop/DeepOnet_Abaqus/StaticElasticJob.odb,Step-1,Increment      1: Step Time =    1.000,"PLATE-1",           700,             1,  -654.754E-03,   195.386E-03,            0.,"ASSEMBLY_PLATE-1__PICKEDSET2","ROCK","",      -1.07172,      -1.33215,      -1.31336,      -1.09051,  -67.3938E-03
F:/Desktop/DeepOnet_Abaqus/StaticElasticJob.odb,Step-1,Increment      1: Step Time =    1.000,"PLATE-1",           701,             1,   532.857E-03,  -409.153E-03,            0.,"ASSEMBLY_PLATE-1__PICKEDSET2","ROCK","",  -872.863E-03,      -1.63095,      -1.60770,  -896.112E-03,  -130.707E-03
F:/Desktop/DeepOnet_Abaqus/StaticElasticJob.odb,Step-1,Increment      1: Step Time =    1.000,"PLATE-1",           702,             1,   606.036E-03,  -79.0953E-03,            0.,"ASSEMBLY_PLATE-1__PICKEDSET2","ROCK","",  -971.796E-03,      -1.41935,      -1.41884,  -972.300E-03,  -15.0191E-03
F:/Desktop/DeepOnet_Abaqus/StaticElasticJob.odb,Step-1,Increment      1: Step Time =    1.000,"PLATE-1",           703,             1,  -749.835E-03,  -54.8609E-03,            0.,"ASSEMBLY_PLATE-1__PICKEDSET2","ROCK","",      -1.07596,      -1.37273,      -1.35667,      -1.09202,   67.1364E-03
F:/Desktop/DeepOnet_Abaqus/StaticElasticJob.odb,Step-1,Increment      1: Step Time =    1.000,"PLATE-1",           704,             1,  -210.517E-03,  -685.917E-03,            0.,"ASSEMBLY_PLATE-1__PICKEDSET2","ROCK","",  -937.871E-03,      -1.67771,      -1.67076,  -944.822E-03,   71.3698E-03
F:/Desktop/DeepOnet_Abaqus/StaticElasticJob.odb,Step-1,Increment      1: Step Time =    1.000,"PLATE-1",           705,             1,  -330.371E-03,  -625.931E-03,            0.,"ASSEMBLY_PLATE-1__PICKEDSET2","ROCK","",  -944.741E-03,      -1.66412,      -1.65276,  -956.097E-03,   89.6655E-03
F:/Desktop/DeepOnet_Abaqus/StaticElasticJob.odb,Step-1,Increment      1: Step Time =    1.000,"PLATE-1",           706,             1,  -509.770E-03,  -514.167E-03,            0.,"ASSEMBLY_PLATE-1__PICKEDSET2","ROCK","",  -949.320E-03,      -1.62114,      -1.59943,  -971.030E-03,   118.802E-03
F:/Desktop/DeepOnet_Abaqus/StaticElasticJob.odb,Step-1,Increment      1: Step Time =    1.000,"PLATE-1",           707,             1,      -1.45335,       1.54715,            0.,"ASSEMBLY_PLATE-1__PICKEDSET2","ROCK","",  -997.276E-03,      -1.56307,      -1.56102,  -999.322E-03,  -33.9634E-03
F:/Desktop/DeepOnet_Abaqus/StaticElasticJob.odb,Step-1,Increment      1: Step Time =    1.000,"PLATE-1",           708,             1,      -1.40265,       1.33599,            0.,"ASSEMBLY_PLATE-1__PICKEDSET2","ROCK","",  -999.836E-03,      -1.55479,      -1.55195,      -1.00268,  -39.5937E-03
F:/Desktop/DeepOnet_Abaqus/StaticElasticJob.odb,Step-1,Increment      1: Step Time =    1.000,"PLATE-1",           709,             1,      -1.16148,       1.27521,            0.,"ASSEMBLY_PLATE-1__PICKEDSET2","ROCK","",  -996.781E-03,      -1.55852,      -1.55460,      -1.00070,  -46.7530E-03
F:/Desktop/DeepOnet_Abaqus/StaticElasticJob.odb,Step-1,Increment      1: Step Time =    1.000,"PLATE-1",           710,             1,      -1.02633,       1.00851,            0.,"ASSEMBLY_PLATE-1__PICKEDSET2","ROCK","",      -1.00025,      -1.54091,      -1.53478,      -1.00638,  -57.2616E-03
F:/Desktop/DeepOnet_Abaqus/StaticElasticJob.odb,Step-1,Increment      1: Step Time =    1.000,"PLATE-1",           711,             1,  -916.303E-03,   870.824E-03,            0.,"ASSEMBLY_PLATE-1__PICKEDSET2","ROCK","",      -1.00132,      -1.52857,      -1.52077,      -1.00913,  -63.6743E-03
F:/Desktop/DeepOnet_Abaqus/StaticElasticJob.odb,Step-1,Increment      1: Step Time =    1.000,"PLATE-1",           712,             1,  -834.946E-03,   915.160E-03,            0.,"ASSEMBLY_PLATE-1__PICKEDSET2","ROCK","",  -997.635E-03,      -1.53636,      -1.52835,      -1.00565,  -65.1994E-03
F:/Desktop/DeepOnet_Abaqus/StaticElasticJob.odb,Step-1,Increment      1: Step Time =    1.000,"PLATE-1",           713,             1,  -6.10260E-03,   212.058E-03,            0.,"ASSEMBLY_PLATE-1__PICKEDSET2","ROCK","",  -290.942E-03,      -3.54892,      -3.54852,  -291.342E-03,  -36.0963E-03
F:/Desktop/DeepOnet_Abaqus/StaticElasticJob.odb,Step-1,Increment      1: Step Time =    1.000,"PLATE-1",           714,             1,   17.6556E-03,   208.342E-03,            0.,"ASSEMBLY_PLATE-1__PICKEDSET2","ROCK","",  -195.138E-03,      -3.69516,      -3.64638,  -243.920E-03,   410.313E-03
F:/Desktop/DeepOnet_Abaqus/StaticElasticJob.odb,Step-1,Increment      1: Step Time =    1.000,"PLATE-1",           715,             1,   95.5745E-03,   180.272E-03,            0.,"ASSEMBLY_PLATE-1__PICKEDSET2","ROCK","",  -119.002E-03,      -3.10333,      -2.22330,  -999.032E-03,       1.36083
F:/Desktop/DeepOnet_Abaqus/StaticElasticJob.odb,Step-1,Increment      1: Step Time =    1.000,"PLATE-1",           716,             1,   741.424E-03,   200.970E-03,            0.,"ASSEMBLY_PLATE-1__PICKEDSET2","ROCK","",  -741.422E-03,      -1.66928,      -1.63417,  -776.538E-03,   177.060E-03
F:/Desktop/DeepOnet_Abaqus/StaticElasticJob.odb,Step-1,Increment      1: Step Time =    1.000,"PLATE-1",           717,             1,   897.478E-03,   229.972E-03,            0.,"ASSEMBLY_PLATE-1__PICKEDSET2","ROCK","",  -780.816E-03,      -1.77036,      -1.76897,  -782.209E-03,   37.0916E-03
F:/Desktop/DeepOnet_Abaqus/StaticElasticJob.odb,Step-1,Increment      1: Step Time =    1.000,"PLATE-1",           718,             1,       1.05233,   178.717E-03,            0.,"ASSEMBLY_PLATE-1__PICKEDSET2","ROCK","",  -962.879E-03,      -1.77463,      -1.76264,  -974.864E-03,  -97.9017E-03
F:/Desktop/DeepOnet_Abaqus/StaticElasticJob.odb,Step-1,Increment      1: Step Time =    1.000,"PLATE-1",           719,             1,       1.23278,   264.520E-03,            0.,"ASSEMBLY_PLATE-1__PICKEDSET2","ROCK","",      -1.21609,      -1.81108,      -1.78152,      -1.24565,  -129.282E-03
F:/Desktop/DeepOnet_Abaqus/StaticElasticJob.odb,Step-1,Increment      1: Step Time =    1.000,"PLATE-1",           720,             1,       1.46939,   266.101E-03,            0.,"ASSEMBLY_PLATE-1__PICKEDSET2","ROCK","",      -1.12244,      -1.74264,      -1.73781,      -1.12727,  -54.5359E-03
F:/Desktop/DeepOnet_Abaqus/StaticElasticJob.odb,Step-1,Increment      1: Step Time =    1.000,"PLATE-1",           721,             1,       1.55848,   351.992E-03,            0.,"ASSEMBLY_PLATE-1__PICKEDSET2","ROCK","",      -1.05232,      -1.75104,      -1.73135,      -1.07201,  -115.640E-03
F:/Desktop/DeepOnet_Abaqus/StaticElasticJob.odb,Step-1,Increment      1: Step Time =    1.000,"PLATE-1",           722,             1,       1.56018,   450.323E-03,            0.,"ASSEMBLY_PLATE-1__PICKEDSET2","ROCK","",      -1.00264,      -1.75523,      -1.70348,      -1.05439,  -190.445E-03
F:/Desktop/DeepOnet_Abaqus/StaticElasticJob.odb,Step-1,Increment      1: Step Time =    1.000,"PLATE-1",           723,             1,       1.48203,   546.684E-03,            0.,"ASSEMBLY_PLATE-1__PICKEDSET2","ROCK","",  -939.274E-03,      -1.80106,      -1.61974,      -1.12060,  -351.259E-03
F:/Desktop/DeepOnet_Abaqus/StaticElasticJob.odb,Step-1,Increment      1: Step Time =    1.000,"PLATE-1",           724,             1,       1.33282,   536.632E-03,            0.,"ASSEMBLY_PLATE-1__PICKEDSET2","ROCK","",  -913.206E-03,      -2.19613,      -2.02789,      -1.08144,  -433.050E-03
F:/Desktop/DeepOnet_Abaqus/StaticElasticJob.odb,Step-1,Increment      1: Step Time =    1.000,"PLATE-1",           725,             1,       1.25823,   513.685E-03,            0.,"ASSEMBLY_PLATE-1__PICKEDSET2","ROCK","",      -1.21103,      -3.24321,      -2.67865,      -1.77560,  -910.255E-03
F:/Desktop/DeepOnet_Abaqus/StaticElasticJob.odb,Step-1,Increment      1: Step Time =    1.000,"PLATE-1",           726,             1,       1.20763,   434.606E-03,            0.,"ASSEMBLY_PLATE-1__PICKEDSET2","ROCK","",      -1.27677,      -2.22294,      -2.16593,      -1.33378,  -225.138E-03
F:/Desktop/DeepOnet_Abaqus/StaticElasticJob.odb,Step-1,Increment      1: Step Time =    1.000,"PLATE-1",           727,             1,       1.20380,   513.040E-03,            0.,"ASSEMBLY_PLATE-1__PICKEDSET2","ROCK","",  -895.349E-03,      -4.03103,      -3.65846,      -1.26793,      -1.01463
F:/Desktop/DeepOnet_Abaqus/StaticElasticJob.odb,Step-1,Increment      1: Step Time =    1.000,"PLATE-1",           728,             1,       1.23619,   362.065E-03,            0.,"ASSEMBLY_PLATE-1__PICKEDSET2","ROCK","",      -1.23184,      -2.06798,      -2.01392,      -1.28589,  -205.611E-03
F:/Desktop/DeepOnet_Abaqus/StaticElasticJob.odb,Step-1,Increment      1: Step Time =    1.000,"PLATE-1",           729,             1,       1.28085,   298.767E-03,            0.,"ASSEMBLY_PLATE-1__PICKEDSET2","ROCK","",      -1.23101,      -1.80754,      -1.79635,      -1.24219,  -79.5298E-03
F:/Desktop/DeepOnet_Abaqus/StaticElasticJob.odb,Step-1,Increment      1: Step Time =    1.000,"PLATE-1",           730,             1,  -120.055E-03,  -195.985E-03,            0.,"ASSEMBLY_PLATE-1__PICKEDSET2","ROCK","",  -162.098E-03,      -2.88723,      -2.62036,  -428.967E-03,   809.960E-03
F:/Desktop/DeepOnet_Abaqus/StaticElasticJob.odb,Step-1,Increment      1: Step Time =    1.000,"PLATE-1",           731,             1,  -191.960E-03,  -765.036E-03,            0.,"ASSEMBLY_PLATE-1__PICKEDSET2","ROCK","",  -944.095E-03,      -1.66113,      -1.65674,  -948.486E-03,   55.9374E-03
F:/Desktop/DeepOnet_Abaqus/StaticElasticJob.odb,Step-1,Increment      1: Step Time =    1.000,"PLATE-1",           732,             1,  -246.531E-03,  -877.509E-03,            0.,"ASSEMBLY_PLATE-1__PICKEDSET2","ROCK","",  -954.614E-03,      -1.63820,      -1.63544,  -957.374E-03,   43.3521E-03
F:/Desktop/DeepOnet_Abaqus/StaticElasticJob.odb,Step-1,Increment      1: Step Time =    1.000,"PLATE-1",           733,             1,  -253.826E-03,      -1.08625,            0.,"ASSEMBLY_PLATE-1__PICKEDSET2","ROCK","",  -964.645E-03,      -1.61724,      -1.61607,  -965.812E-03,   27.5745E-03
F:/Desktop/DeepOnet_Abaqus/StaticElasticJob.odb,Step-1,Increment      1: Step Time =    1.000,"PLATE-1",           734,             1,  -245.873E-03,      -1.15693,            0.,"ASSEMBLY_PLATE-1__PICKEDSET2","ROCK","",  -967.344E-03,      -1.61200,      -1.61115,  -968.192E-03,   23.3611E-03
F:/Desktop/DeepOnet_Abaqus/StaticElasticJob.odb,Step-1,Increment      1: Step Time =    1.000,"PLATE-1",           735,             1,  -188.976E-03,      -1.38752,            0.,"ASSEMBLY_PLATE-1__PICKEDSET2","ROCK","",  -973.612E-03,      -1.60138,      -1.60111,  -973.883E-03,   13.0349E-03
F:/Desktop/DeepOnet_Abaqus/StaticElasticJob.odb,Step-1,Increment      1: Step Time =    1.000,"PLATE-1",           736,             1,  -351.950E-03,      -1.56060,            0.,"ASSEMBLY_PLATE-1__PICKEDSET2","ROCK","",  -979.641E-03,      -1.59099,      -1.59074,  -979.893E-03,   12.4211E-03
F:/Desktop/DeepOnet_Abaqus/StaticElasticJob.odb,Step-1,Increment      1: Step Time =    1.000,"PLATE-1",           737,             1,  -253.897E-03,      -1.55986,            0.,"ASSEMBLY_PLATE-1__PICKEDSET2","ROCK","",  -978.710E-03,      -1.59318,      -1.59300,  -978.891E-03,   10.5519E-03
F:/Desktop/DeepOnet_Abaqus/StaticElasticJob.odb,Step-1,Increment      1: Step Time =    1.000,"PLATE-1",           738,             1,  -155.813E-03,      -1.55710,            0.,"ASSEMBLY_PLATE-1__PICKEDSET2","ROCK","",  -977.905E-03,      -1.59485,      -1.59474,  -978.017E-03,   8.31953E-03
F:/Desktop/DeepOnet_Abaqus/StaticElasticJob.odb,Step-1,Increment      1: Step Time =    1.000,"PLATE-1",           739,             1,  -57.0797E-03,      -1.55151,            0.,"ASSEMBLY_PLATE-1__PICKEDSET2","ROCK","",  -976.624E-03,      -1.59713,      -1.59708,  -976.673E-03,   5.50305E-03
F:/Desktop/DeepOnet_Abaqus/StaticElasticJob.odb,Step-1,Increment      1: Step Time =    1.000,"PLATE-1",           740,             1,  -72.9804E-03,      -1.26189,            0.,"ASSEMBLY_PLATE-1__PICKEDSET2","ROCK","",  -966.954E-03,      -1.61181,      -1.61154,  -967.223E-03,   13.1771E-03
F:/Desktop/DeepOnet_Abaqus/StaticElasticJob.odb,Step-1,Increment      1: Step Time =    1.000,"PLATE-1",           741,             1,  -188.443E-03,      -1.14802,            0.,"ASSEMBLY_PLATE-1__PICKEDSET2","ROCK","",  -965.645E-03,      -1.61494,      -1.61419,  -966.395E-03,   22.0527E-03
F:/Desktop/DeepOnet_Abaqus/StaticElasticJob.odb,Step-1,Increment      1: Step Time =    1.000,"PLATE-1",           742,             1,  -142.139E-03,      -1.12250,            0.,"ASSEMBLY_PLATE-1__PICKEDSET2","ROCK","",  -962.854E-03,      -1.61955,      -1.61883,  -963.567E-03,   21.6372E-03
F:/Desktop/DeepOnet_Abaqus/StaticElasticJob.odb,Step-1,Increment      1: Step Time =    1.000,"PLATE-1",           743,             1,  -37.0206E-03,  -980.354E-03,            0.,"ASSEMBLY_PLATE-1__PICKEDSET2","ROCK","",  -950.163E-03,      -1.63891,      -1.63814,  -950.938E-03,   23.0925E-03
F:/Desktop/DeepOnet_Abaqus/StaticElasticJob.odb,Step-1,Increment      1: Step Time =    1.000,"PLATE-1",           744,             1,  -46.2742E-03,  -207.752E-03,            0.,"ASSEMBLY_PLATE-1__PICKEDSET2","ROCK","",  -47.5688E-03,      -2.72724,      -2.68489,  -89.9210E-03,   334.210E-03
F:/Desktop/DeepOnet_Abaqus/StaticElasticJob.odb,Step-1,Increment      1: Step Time =    1.000,"PLATE-1",           745,             1,  -458.970E-03,  -670.161E-03,            0.,"ASSEMBLY_PLATE-1__PICKEDSET2","ROCK","",  -953.969E-03,      -1.62923,      -1.61923,  -963.967E-03,   81.5540E-03
F:/Desktop/DeepOnet_Abaqus/StaticElasticJob.odb,Step-1,Increment      1: Step Time =    1.000,"PLATE-1",           746,             1,  -613.435E-03,  -631.916E-03,            0.,"ASSEMBLY_PLATE-1__PICKEDSET2","ROCK","",  -960.277E-03,      -1.60015,      -1.58791,  -972.517E-03,   87.6496E-03
F:/Desktop/DeepOnet_Abaqus/StaticElasticJob.odb,Step-1,Increment      1: Step Time =    1.000,"PLATE-1",           747,             1,  -696.387E-03,  -705.529E-03,            0.,"ASSEMBLY_PLATE-1__PICKEDSET2","ROCK","",  -967.011E-03,      -1.59018,      -1.58159,  -975.606E-03,   72.6761E-03
F:/Desktop/DeepOnet_Abaqus/StaticElasticJob.odb,Step-1,Increment      1: Step Time =    1.000,"PLATE-1",           748,             1,  -901.916E-03,  -683.907E-03,            0.,"ASSEMBLY_PLATE-1__PICKEDSET2","ROCK","",  -980.197E-03,      -1.56363,      -1.55553,  -988.296E-03,   68.2610E-03
F:/Desktop/DeepOnet_Abaqus/StaticElasticJob.odb,Step-1,Increment      1: Step Time =    1.000,"PLATE-1",           749,             1,      -1.02899,  -604.049E-03,            0.,"ASSEMBLY_PLATE-1__PICKEDSET2","ROCK","",  -991.868E-03,      -1.54317,      -1.53480,      -1.00023,   67.3946E-03
F:/Desktop/DeepOnet_Abaqus/StaticElasticJob.odb,Step-1,Increment      1: Step Time =    1.000,"PLATE-1",           750,             1,      -1.17727,  -683.015E-03,            0.,"ASSEMBLY_PLATE-1__PICKEDSET2","ROCK","",  -995.725E-03,      -1.54348,      -1.53812,      -1.00109,   53.9516E-03
F:/Desktop/DeepOnet_Abaqus/StaticElasticJob.odb,Step-1,Increment      1: Step Time =    1.000,"PLATE-1",           751,             1,      -1.29900,  -687.582E-03,            0.,"ASSEMBLY_PLATE-1__PICKEDSET2","ROCK","",      -1.00021,      -1.53959,      -1.53531,      -1.00450,   47.8689E-03
F:/Desktop/DeepOnet_Abaqus/StaticElasticJob.odb,Step-1,Increment      1: Step Time =    1.000,"PLATE-1",           752,             1,      -1.54906,  -649.478E-03,            0.,"ASSEMBLY_PLATE-1__PICKEDSET2","ROCK","",      -1.00781,      -1.53321,      -1.53055,      -1.01047,   37.2900E-03
F:/Desktop/DeepOnet_Abaqus/StaticElasticJob.odb,Step-1,Increment      1: Step Time =    1.000,"PLATE-1",           753,             1,      -1.54761,  -750.882E-03,            0.,"ASSEMBLY_PLATE-1__PICKEDSET2","ROCK","",      -1.00483,      -1.53904,      -1.53647,      -1.00740,   36.9717E-03
F:/Desktop/DeepOnet_Abaqus/StaticElasticJob.odb,Step-1,Increment      1: Step Time =    1.000,"PLATE-1",           754,             1,      -1.44827,  -859.516E-03,            0.,"ASSEMBLY_PLATE-1__PICKEDSET2","ROCK","",  -998.709E-03,      -1.54721,      -1.54442,      -1.00150,   39.0258E-03
F:/Desktop/DeepOnet_Abaqus/StaticElasticJob.odb,Step-1,Increment      1: Step Time =    1.000,"PLATE-1",           755,             1,      -1.55153,  -953.117E-03,            0.,"ASSEMBLY_PLATE-1__PICKEDSET2","ROCK","",  -999.305E-03,      -1.54881,      -1.54663,      -1.00149,   34.5559E-03
F:/Desktop/DeepOnet_Abaqus/StaticElasticJob.odb,Step-1,Increment      1: Step Time =    1.000,"PLATE-1",           756,             1,      -1.32189,      -1.07639,            0.,"ASSEMBLY_PLATE-1__PICKEDSET2","ROCK","",  -991.394E-03,      -1.55986,      -1.55762,  -993.629E-03,   35.5747E-03
F:/Desktop/DeepOnet_Abaqus/StaticElasticJob.odb,Step-1,Increment      1: Step Time =    1.000,"PLATE-1",           757,             1,      -1.20006,      -1.21393,            0.,"ASSEMBLY_PLATE-1__PICKEDSET2","ROCK","",  -987.755E-03,      -1.56701,      -1.56518,  -989.580E-03,   32.4664E-03
F:/Desktop/DeepOnet_Abaqus/StaticElasticJob.odb,Step-1,Increment      1: Step Time =    1.000,"PLATE-1",           758,             1,      -1.13566,      -1.33162,            0.,"ASSEMBLY_PLATE-1__PICKEDSET2","ROCK","",  -986.480E-03,      -1.57077,      -1.56936,  -987.888E-03,   28.6452E-03
F:/Desktop/DeepOnet_Abaqus/StaticElasticJob.odb,Step-1,Increment      1: Step Time =    1.000,"PLATE-1",           759,             1,  -956.787E-03,      -1.54089,            0.,"ASSEMBLY_PLATE-1__PICKEDSET2","ROCK","",  -985.018E-03,      -1.57626,      -1.57548,  -985.806E-03,   21.5696E-03
F:/Desktop/DeepOnet_Abaqus/StaticElasticJob.odb,Step-1,Increment      1: Step Time =    1.000,"PLATE-1",           760,             1,  -746.885E-03,      -1.54516,            0.,"ASSEMBLY_PLATE-1__PICKEDSET2","ROCK","",  -982.605E-03,      -1.58199,      -1.58136,  -983.233E-03,   19.3864E-03
F:/Desktop/DeepOnet_Abaqus/StaticElasticJob.odb,Step-1,Increment      1: Step Time =    1.000,"PLATE-1",           761,             1,  -647.216E-03,      -1.55155,            0.,"ASSEMBLY_PLATE-1__PICKEDSET2","ROCK","",  -981.948E-03,      -1.58417,      -1.58364,  -982.479E-03,   17.8730E-03
F:/Desktop/DeepOnet_Abaqus/StaticElasticJob.odb,Step-1,Increment      1: Step Time =    1.000,"PLATE-1",           762,             1,  -706.845E-03,      -1.33451,            0.,"ASSEMBLY_PLATE-1__PICKEDSET2","ROCK","",  -979.146E-03,      -1.58610,      -1.58502,  -980.219E-03,   25.4905E-03
F:/Desktop/DeepOnet_Abaqus/StaticElasticJob.odb,Step-1,Increment      1: Step Time =    1.000,"PLATE-1",           763,             1,  -615.951E-03,      -1.21555,            0.,"ASSEMBLY_PLATE-1__PICKEDSET2","ROCK","",  -975.772E-03,      -1.59200,      -1.59064,  -977.126E-03,   28.8522E-03
F:/Desktop/DeepOnet_Abaqus/StaticElasticJob.odb,Step-1,Increment      1: Step Time =    1.000,"PLATE-1",           764,             1,  -639.226E-03,      -1.02544,            0.,"ASSEMBLY_PLATE-1__PICKEDSET2","ROCK","",  -971.766E-03,      -1.59530,      -1.59264,  -974.418E-03,   40.5825E-03
F:/Desktop/DeepOnet_Abaqus/StaticElasticJob.odb,Step-1,Increment      1: Step Time =    1.000,"PLATE-1",           765,             1,  -648.324E-03,  -835.615E-03,            0.,"ASSEMBLY_PLATE-1__PICKEDSET2","ROCK","",  -967.261E-03,      -1.59767,      -1.59237,  -972.559E-03,   57.5483E-03
F:/Desktop/DeepOnet_Abaqus/StaticElasticJob.odb,Step-1,Increment      1: Step Time =    1.000,"PLATE-1",           766,             1,  -600.098E-03,  -718.666E-03,            0.,"ASSEMBLY_PLATE-1__PICKEDSET2","ROCK","",  -962.576E-03,      -1.60332,      -1.59526,  -970.636E-03,   71.4108E-03
F:/Desktop/DeepOnet_Abaqus/StaticElasticJob.odb,Step-1,Increment      1: Step Time =    1.000,"PLATE-1",           767,             1,  -559.611E-03,  -664.235E-03,            0.,"ASSEMBLY_PLATE-1__PICKEDSET2","ROCK","",  -958.238E-03,      -1.61012,      -1.59932,  -969.036E-03,   83.2015E-03
F:/Desktop/DeepOnet_Abaqus/StaticElasticJob.odb,Step-1,Increment      1: Step Time =    1.000,"PLATE-1",           768,             1,  -386.847E-03,  -475.653E-03,            0.,"ASSEMBLY_PLATE-1__PICKEDSET2","ROCK","",  -933.234E-03,      -1.67373,      -1.64645,  -960.514E-03,   139.487E-03
F:/Desktop/DeepOnet_Abaqus/StaticElasticJob.odb,Step-1,Increment      1: Step Time =    1.000,"PLATE-1",           769,             1,  -520.251E-03,  -548.337E-03,            0.,"ASSEMBLY_PLATE-1__PICKEDSET2","ROCK","",  -949.176E-03,      -1.62045,      -1.60222,  -967.406E-03,   109.112E-03
F:/Desktop/DeepOnet_Abaqus/StaticElasticJob.odb,Step-1,Increment      1: Step Time =    1.000,"PLATE-1",           770,             1,  -717.311E-03,  -465.861E-03,            0.,"ASSEMBLY_PLATE-1__PICKEDSET2","ROCK","",  -971.490E-03,      -1.55919,      -1.53688,  -993.797E-03,   112.305E-03
F:/Desktop/DeepOnet_Abaqus/StaticElasticJob.odb,Step-1,Increment      1: Step Time =    1.000,"PLATE-1",           771,             1,  -915.735E-03,  -563.520E-03,            0.,"ASSEMBLY_PLATE-1__PICKEDSET2","ROCK","",  -986.578E-03,      -1.54708,      -1.53588,  -997.774E-03,   78.4242E-03
F:/Desktop/DeepOnet_Abaqus/StaticElasticJob.odb,Step-1,Increment      1: Step Time =    1.000,"PLATE-1",           772,             1,      -1.03053,  -540.449E-03,            0.,"ASSEMBLY_PLATE-1__PICKEDSET2","ROCK","",  -995.817E-03,      -1.53511,      -1.52590,      -1.00503,   69.8840E-03
F:/Desktop/DeepOnet_Abaqus/StaticElasticJob.odb,Step-1,Increment      1: Step Time =    1.000,"PLATE-1",           773,             1,      -1.22835,  -529.978E-03,            0.,"ASSEMBLY_PLATE-1__PICKEDSET2","ROCK","",      -1.00644,      -1.52528,      -1.51958,      -1.01213,   54.0517E-03
F:/Desktop/DeepOnet_Abaqus/StaticElasticJob.odb,Step-1,Increment      1: Step Time =    1.000,"PLATE-1",           774,             1,      -1.37284,  -530.941E-03,            0.,"ASSEMBLY_PLATE-1__PICKEDSET2","ROCK","",      -1.01066,      -1.52387,      -1.51992,      -1.01461,   44.8403E-03
F:/Desktop/DeepOnet_Abaqus/StaticElasticJob.odb,Step-1,Increment      1: Step Time =    1.000,"PLATE-1",           775,             1,      -1.55251,  -549.310E-03,            0.,"ASSEMBLY_PLATE-1__PICKEDSET2","ROCK","",      -1.01237,      -1.52642,      -1.52380,      -1.01499,   36.6177E-03
F:/Desktop/DeepOnet_Abaqus/StaticElasticJob.odb,Step-1,Increment      1: Step Time =    1.000,"PLATE-1",           776,             1,      -1.35164,  -617.578E-03,            0.,"ASSEMBLY_PLATE-1__PICKEDSET2","ROCK","",      -1.00478,      -1.53279,      -1.52869,      -1.00887,   46.3174E-03
F:/Desktop/DeepOnet_Abaqus/StaticElasticJob.odb,Step-1,Increment      1: Step Time =    1.000,"PLATE-1",           777,             1,      -1.22026,  -416.910E-03,            0.,"ASSEMBLY_PLATE-1__PICKEDSET2","ROCK","",      -1.01412,      -1.51171,      -1.50575,      -1.02008,   54.1333E-03
F:/Desktop/DeepOnet_Abaqus/StaticElasticJob.odb,Step-1,Increment      1: Step Time =    1.000,"PLATE-1",           778,             1,      -1.55357,  -450.098E-03,            0.,"ASSEMBLY_PLATE-1__PICKEDSET2","ROCK","",      -1.01712,      -1.51890,      -1.51649,      -1.01953,   34.6818E-03
F:/Desktop/DeepOnet_Abaqus/StaticElasticJob.odb,Step-1,Increment      1: Step Time =    1.000,"PLATE-1",           779,             1,      -1.35287,  -291.964E-03,            0.,"ASSEMBLY_PLATE-1__PICKEDSET2","ROCK","",      -1.02589,      -1.49828,      -1.49487,      -1.02931,   39.9918E-03
F:/Desktop/DeepOnet_Abaqus/StaticElasticJob.odb,Step-1,Increment      1: Step Time =    1.000,"PLATE-1",           780,             1,      -1.45681,  -356.503E-03,            0.,"ASSEMBLY_PLATE-1__PICKEDSET2","ROCK","",      -1.02141,      -1.50930,      -1.50654,      -1.02417,   36.6331E-03
F:/Desktop/DeepOnet_Abaqus/StaticElasticJob.odb,Step-1,Increment      1: Step Time =    1.000,"PLATE-1",           781,             1,      -1.55025,  -350.522E-03,            0.,"ASSEMBLY_PLATE-1__PICKEDSET2","ROCK","",      -1.02203,      -1.51111,      -1.50898,      -1.02416,   32.2150E-03
F:/Desktop/DeepOnet_Abaqus/StaticElasticJob.odb,Step-1,Increment      1: Step Time =    1.000,"PLATE-1",           782,             1,      -1.55018,  -45.3840E-03,            0.,"ASSEMBLY_PLATE-1__PICKEDSET2","ROCK","",      -1.03513,      -1.49161,      -1.49110,      -1.03564,   15.1930E-03
F:/Desktop/DeepOnet_Abaqus/StaticElasticJob.odb,Step-1,Increment      1: Step Time =    1.000,"PLATE-1",           783,             1,      -1.54074,  -143.198E-03,            0.,"ASSEMBLY_PLATE-1__PICKEDSET2","ROCK","",      -1.03150,      -1.49654,      -1.49544,      -1.03260,   22.5626E-03
F:/Desktop/DeepOnet_Abaqus/StaticElasticJob.odb,Step-1,Increment      1: Step Time =    1.000,"PLATE-1",           784,             1,      -1.55576,      -1.04988,            0.,"ASSEMBLY_PLATE-1__PICKEDSET2","ROCK","",  -997.443E-03,      -1.55248,      -1.55057,  -999.356E-03,   32.5286E-03
F:/Desktop/DeepOnet_Abaqus/StaticElasticJob.odb,Step-1,Increment      1: Step Time =    1.000,"PLATE-1",           785,             1,      -1.37578,      -1.16863,            0.,"ASSEMBLY_PLATE-1__PICKEDSET2","ROCK","",  -991.276E-03,      -1.56104,      -1.55917,  -993.151E-03,   32.6314E-03
F:/Desktop/DeepOnet_Abaqus/StaticElasticJob.odb,Step-1,Increment      1: Step Time =    1.000,"PLATE-1",           786,             1,      -1.22091,      -1.30637,            0.,"ASSEMBLY_PLATE-1__PICKEDSET2","ROCK","",  -987.967E-03,      -1.56791,      -1.56645,  -989.425E-03,   29.0461E-03
F:/Desktop/DeepOnet_Abaqus/StaticElasticJob.odb,Step-1,Increment      1: Step Time =    1.000,"PLATE-1",           787,             1,      -1.15891,      -1.47945,            0.,"ASSEMBLY_PLATE-1__PICKEDSET2","ROCK","",  -987.604E-03,      -1.57102,      -1.57003,  -988.591E-03,   23.9767E-03
F:/Desktop/DeepOnet_Abaqus/StaticElasticJob.odb,Step-1,Increment      1: Step Time =    1.000,"PLATE-1",           788,             1,      -1.06016,      -1.37220,            0.,"ASSEMBLY_PLATE-1__PICKEDSET2","ROCK","",  -985.007E-03,      -1.57350,      -1.57223,  -986.274E-03,   27.2763E-03
F:/Desktop/DeepOnet_Abaqus/StaticElasticJob.odb,Step-1,Increment      1: Step Time =    1.000,"PLATE-1",           789,             1,      -1.54955,      -1.55081,            0.,"ASSEMBLY_PLATE-1__PICKEDSET2","ROCK","",  -993.771E-03,      -1.56254,      -1.56162,  -994.683E-03,   22.7628E-03
F:/Desktop/DeepOnet_Abaqus/StaticElasticJob.odb,Step-1,Increment      1: Step Time =    1.000,"PLATE-1",           790,             1,      -1.44867,      -1.55270,            0.,"ASSEMBLY_PLATE-1__PICKEDSET2","ROCK","",  -992.410E-03,      -1.56442,      -1.56353,  -993.296E-03,   22.4896E-03
F:/Desktop/DeepOnet_Abaqus/StaticElasticJob.odb,Step-1,Increment      1: Step Time =    1.000,"PLATE-1",           791,             1,      -1.34334,      -1.46633,            0.,"ASSEMBLY_PLATE-1__PICKEDSET2","ROCK","",  -990.485E-03,      -1.56624,      -1.56519,  -991.540E-03,   24.6224E-03
F:/Desktop/DeepOnet_Abaqus/StaticElasticJob.odb,Step-1,Increment      1: Step Time =    1.000,"PLATE-1",           792,             1,      -1.39248,      -1.26863,            0.,"ASSEMBLY_PLATE-1__PICKEDSET2","ROCK","",  -991.734E-03,      -1.56207,      -1.56052,  -993.281E-03,   29.6633E-03
F:/Desktop/DeepOnet_Abaqus/StaticElasticJob.odb,Step-1,Increment      1: Step Time =    1.000,"PLATE-1",           793,             1,      -1.44990,      -1.21202,            0.,"ASSEMBLY_PLATE-1__PICKEDSET2","ROCK","",  -993.449E-03,      -1.55963,      -1.55799,  -995.087E-03,   30.4027E-03
F:/Desktop/DeepOnet_Abaqus/StaticElasticJob.odb,Step-1,Increment      1: Step Time =    1.000,"PLATE-1",           794,             1,      -1.47361,      -1.13320,            0.,"ASSEMBLY_PLATE-1__PICKEDSET2","ROCK","",  -994.775E-03,      -1.55677,      -1.55499,  -996.555E-03,   31.5746E-03
F:/Desktop/DeepOnet_Abaqus/StaticElasticJob.odb,Step-1,Increment      1: Step Time =    1.000,"PLATE-1",           795,             1,      -1.25056,      -1.55862,            0.,"ASSEMBLY_PLATE-1__PICKEDSET2","ROCK","",  -989.342E-03,      -1.56897,      -1.56810,  -990.202E-03,   22.3164E-03
F:/Desktop/DeepOnet_Abaqus/StaticElasticJob.odb,Step-1,Increment      1: Step Time =    1.000,"PLATE-1",           796,             1,      -1.24867,      -1.47483,            0.,"ASSEMBLY_PLATE-1__PICKEDSET2","ROCK","",  -988.856E-03,      -1.56865,      -1.56763,  -989.881E-03,   24.3620E-03
F:/Desktop/DeepOnet_Abaqus/StaticElasticJob.odb,Step-1,Increment      1: Step Time =    1.000,"PLATE-1",           797,             1,  -548.605E-03,      -1.55646,            0.,"ASSEMBLY_PLATE-1__PICKEDSET2","ROCK","",  -981.370E-03,      -1.58624,      -1.58581,  -981.804E-03,   16.1905E-03
F:/Desktop/DeepOnet_Abaqus/StaticElasticJob.odb,Step-1,Increment      1: Step Time =    1.000,"PLATE-1",           798,             1,  -539.731E-03,      -1.16901,            0.,"ASSEMBLY_PLATE-1__PICKEDSET2","ROCK","",  -973.457E-03,      -1.59711,      -1.59568,  -974.888E-03,   29.8348E-03
F:/Desktop/DeepOnet_Abaqus/StaticElasticJob.odb,Step-1,Increment      1: Step Time =    1.000,"PLATE-1",           799,             1,  -515.247E-03,      -1.04255,            0.,"ASSEMBLY_PLATE-1__PICKEDSET2","ROCK","",  -969.844E-03,      -1.60280,      -1.60063,  -972.017E-03,   37.0155E-03
F:/Desktop/DeepOnet_Abaqus/StaticElasticJob.odb,Step-1,Increment      1: Step Time =    1.000,"PLATE-1",           800,             1,  -458.516E-03,  -862.334E-03,            0.,"ASSEMBLY_PLATE-1__PICKEDSET2","ROCK","",  -962.625E-03,      -1.61687,      -1.61277,  -966.726E-03,   51.6384E-03
F:/Desktop/DeepOnet_Abaqus/StaticElasticJob.odb,Step-1,Increment      1: Step Time =    1.000,"PLATE-1",           801,             1,  -552.577E-03,  -760.729E-03,            0.,"ASSEMBLY_PLATE-1__PICKEDSET2","ROCK","",  -961.406E-03,      -1.61013,      -1.60328,  -968.258E-03,   66.3207E-03
F:/Desktop/DeepOnet_Abaqus/StaticElasticJob.odb,Step-1,Increment      1: Step Time =    1.000,"PLATE-1",           802,             1,  -462.935E-03,  -760.187E-03,            0.,"ASSEMBLY_PLATE-1__PICKEDSET2","ROCK","",  -958.140E-03,      -1.62397,      -1.61762,  -964.488E-03,   64.7057E-03
F:/Desktop/DeepOnet_Abaqus/StaticElasticJob.odb,Step-1,Increment      1: Step Time =    1.000,"PLATE-1",           803,             1,   45.4168E-03,      -1.54082,            0.,"ASSEMBLY_PLATE-1__PICKEDSET2","ROCK","",  -974.842E-03,      -1.59978,      -1.59976,  -974.855E-03,   2.78763E-03
F:/Desktop/DeepOnet_Abaqus/StaticElasticJob.odb,Step-1,Increment      1: Step Time =    1.000,"PLATE-1",           804,             1,   92.9212E-03,      -1.37914,            0.,"ASSEMBLY_PLATE-1__PICKEDSET2","ROCK","",  -968.891E-03,      -1.60798,      -1.60796,  -968.907E-03,   3.20517E-03
F:/Desktop/DeepOnet_Abaqus/StaticElasticJob.odb,Step-1,Increment      1: Step Time =    1.000,"PLATE-1",           805,             1,  -14.8422E-03,      -1.22747,            0.,"ASSEMBLY_PLATE-1__PICKEDSET2","ROCK","",  -963.945E-03,      -1.61598,      -1.61577,  -964.154E-03,   11.6668E-03
F:/Desktop/DeepOnet_Abaqus/StaticElasticJob.odb,Step-1,Increment      1: Step Time =    1.000,"PLATE-1",           806,             1,   134.493E-03,      -1.09409,            0.,"ASSEMBLY_PLATE-1__PICKEDSET2","ROCK","",  -950.944E-03,      -1.63163,      -1.63157,  -950.996E-03,   5.92659E-03
F:/Desktop/DeepOnet_Abaqus/StaticElasticJob.odb,Step-1,Increment      1: Step Time =    1.000,"PLATE-1",           807,             1,   46.7980E-03,  -907.268E-03,            0.,"ASSEMBLY_PLATE-1__PICKEDSET2","ROCK","",  -938.790E-03,      -1.65236,      -1.65189,  -939.257E-03,   18.2500E-03
F:/Desktop/DeepOnet_Abaqus/StaticElasticJob.odb,Step-1,Increment      1: Step Time =    1.000,"PLATE-1",           808,             1,   74.8459E-03,  -798.969E-03,            0.,"ASSEMBLY_PLATE-1__PICKEDSET2","ROCK","",  -921.179E-03,      -1.67647,      -1.67602,  -921.628E-03,   18.4035E-03
F:/Desktop/DeepOnet_Abaqus/StaticElasticJob.odb,Step-1,Increment      1: Step Time =    1.000,"PLATE-1",           809,             1,   951.521E-03,  -28.0247E-03,            0.,"ASSEMBLY_PLATE-1__PICKEDSET2","ROCK","",  -970.730E-03,      -1.61836,      -1.60993,  -979.158E-03,  -73.3989E-03
F:/Desktop/DeepOnet_Abaqus/StaticElasticJob.odb,Step-1,Increment      1: Step Time =    1.000,"PLATE-1",           810,             1,       1.11208,  -233.430E-03,            0.,"ASSEMBLY_PLATE-1__PICKEDSET2","ROCK","",      -1.03123,      -1.59204,      -1.57663,      -1.04664,  -91.6848E-03
F:/Desktop/DeepOnet_Abaqus/StaticElasticJob.odb,Step-1,Increment      1: Step Time =    1.000,"PLATE-1",           811,             1,       1.08930,  -379.931E-03,            0.,"ASSEMBLY_PLATE-1__PICKEDSET2","ROCK","",      -1.01249,      -1.58901,      -1.57327,      -1.02823,  -93.9387E-03
F:/Desktop/DeepOnet_Abaqus/StaticElasticJob.odb,Step-1,Increment      1: Step Time =    1.000,"PLATE-1",           812,             1,       1.18639,  -511.042E-03,            0.,"ASSEMBLY_PLATE-1__PICKEDSET2","ROCK","",      -1.02047,      -1.58434,      -1.57275,      -1.03207,  -80.0200E-03
F:/Desktop/DeepOnet_Abaqus/StaticElasticJob.odb,Step-1,Increment      1: Step Time =    1.000,"PLATE-1",           813,             1,       1.32519,  -567.579E-03,            0.,"ASSEMBLY_PLATE-1__PICKEDSET2","ROCK","",      -1.03596,      -1.57762,      -1.56981,      -1.04377,  -64.5689E-03
F:/Desktop/DeepOnet_Abaqus/StaticElasticJob.odb,Step-1,Increment      1: Step Time =    1.000,"PLATE-1",           814,             1,       1.54278,  -651.389E-03,            0.,"ASSEMBLY_PLATE-1__PICKEDSET2","ROCK","",      -1.03796,      -1.57261,      -1.56845,      -1.04211,  -46.9275E-03
F:/Desktop/DeepOnet_Abaqus/StaticElasticJob.odb,Step-1,Increment      1: Step Time =    1.000,"PLATE-1",           815,             1,       1.53888,  -551.478E-03,            0.,"ASSEMBLY_PLATE-1__PICKEDSET2","ROCK","",      -1.04664,      -1.57368,      -1.56972,      -1.05060,  -45.4960E-03
F:/Desktop/DeepOnet_Abaqus/StaticElasticJob.odb,Step-1,Increment      1: Step Time =    1.000,"PLATE-1",           816,             1,       1.42187,  -561.373E-03,            0.,"ASSEMBLY_PLATE-1__PICKEDSET2","ROCK","",      -1.04099,      -1.57462,      -1.56877,      -1.04684,  -55.5720E-03
F:/Desktop/DeepOnet_Abaqus/StaticElasticJob.odb,Step-1,Increment      1: Step Time =    1.000,"PLATE-1",           817,             1,       1.53810,  -345.202E-03,            0.,"ASSEMBLY_PLATE-1__PICKEDSET2","ROCK","",      -1.06632,      -1.58031,      -1.57696,      -1.06967,  -41.3633E-03
F:/Desktop/DeepOnet_Abaqus/StaticElasticJob.odb,Step-1,Increment      1: Step Time =    1.000,"PLATE-1",           818,             1,       1.39967,  -203.943E-03,            0.,"ASSEMBLY_PLATE-1__PICKEDSET2","ROCK","",      -1.08330,      -1.59022,      -1.58483,      -1.08870,  -52.0210E-03
F:/Desktop/DeepOnet_Abaqus/StaticElasticJob.odb,Step-1,Increment      1: Step Time =    1.000,"PLATE-1",           819,             1,       1.34025,  -114.341E-03,            0.,"ASSEMBLY_PLATE-1__PICKEDSET2","ROCK","",      -1.09985,      -1.60095,      -1.59375,      -1.10705,  -59.6393E-03
F:/Desktop/DeepOnet_Abaqus/StaticElasticJob.odb,Step-1,Increment      1: Step Time =    1.000,"PLATE-1",           820,             1,       1.20179,   51.3642E-03,            0.,"ASSEMBLY_PLATE-1__PICKEDSET2","ROCK","",      -1.10180,      -1.65915,      -1.64272,      -1.11824,  -94.2934E-03
F:/Desktop/DeepOnet_Abaqus/StaticElasticJob.odb,Step-1,Increment      1: Step Time =    1.000,"PLATE-1",           821,             1,       1.13837,   93.3156E-03,            0.,"ASSEMBLY_PLATE-1__PICKEDSET2","ROCK","",      -1.05826,      -1.69176,      -1.67533,      -1.07470,  -100.708E-03
F:/Desktop/DeepOnet_Abaqus/StaticElasticJob.odb,Step-1,Increment      1: Step Time =    1.000,"PLATE-1",           822,             1,       1.04458,   92.6317E-03,            0.,"ASSEMBLY_PLATE-1__PICKEDSET2","ROCK","",  -994.005E-03,      -1.69545,      -1.68282,      -1.00664,  -93.2908E-03
F:/Desktop/DeepOnet_Abaqus/StaticElasticJob.odb,Step-1,Increment      1: Step Time =    1.000,"PLATE-1",           823,             1,   978.196E-03,   25.2857E-03,            0.,"ASSEMBLY_PLATE-1__PICKEDSET2","ROCK","",  -967.740E-03,      -1.64555,      -1.63693,  -976.364E-03,  -75.9664E-03
F:/Desktop/DeepOnet_Abaqus/StaticElasticJob.odb,Step-1,Increment      1: Step Time =    1.000,"PLATE-1",           824,             1,   990.317E-03,   84.7071E-03,            0.,"ASSEMBLY_PLATE-1__PICKEDSET2","ROCK","",  -956.783E-03,      -1.69239,      -1.68322,  -965.949E-03,  -81.6002E-03
F:/Desktop/DeepOnet_Abaqus/StaticElasticJob.odb,Step-1,Increment      1: Step Time =    1.000,"PLATE-1",           825,             1,   749.261E-03,  -128.627E-03,            0.,"ASSEMBLY_PLATE-1__PICKEDSET2","ROCK","",  -948.667E-03,      -1.53272,      -1.52647,  -954.911E-03,  -60.0673E-03
F:/Desktop/DeepOnet_Abaqus/StaticElasticJob.odb,Step-1,Increment      1: Step Time =    1.000,"PLATE-1",           826,             1,   979.445E-03,  -275.441E-03,            0.,"ASSEMBLY_PLATE-1__PICKEDSET2","ROCK","",  -990.206E-03,      -1.59169,      -1.57410,      -1.00780,  -101.348E-03
F:/Desktop/DeepOnet_Abaqus/StaticElasticJob.odb,Step-1,Increment      1: Step Time =    1.000,"PLATE-1",           827,             1,       1.10610,  -481.283E-03,            0.,"ASSEMBLY_PLATE-1__PICKEDSET2","ROCK","",      -1.00855,      -1.58846,      -1.57448,      -1.02254,  -88.9639E-03
F:/Desktop/DeepOnet_Abaqus/StaticElasticJob.odb,Step-1,Increment      1: Step Time =    1.000,"PLATE-1",           828,             1,       1.21992,  -604.949E-03,            0.,"ASSEMBLY_PLATE-1__PICKEDSET2","ROCK","",      -1.01851,      -1.58392,      -1.57386,      -1.02857,  -74.7559E-03
F:/Desktop/DeepOnet_Abaqus/StaticElasticJob.odb,Step-1,Increment      1: Step Time =    1.000,"PLATE-1",           829,             1,       1.36036,  -693.025E-03,            0.,"ASSEMBLY_PLATE-1__PICKEDSET2","ROCK","",      -1.02709,      -1.57748,      -1.57101,      -1.03356,  -59.3241E-03
F:/Desktop/DeepOnet_Abaqus/StaticElasticJob.odb,Step-1,Increment      1: Step Time =    1.000,"PLATE-1",           830,             1,       1.53904,  -857.446E-03,            0.,"ASSEMBLY_PLATE-1__PICKEDSET2","ROCK","",      -1.02744,      -1.57239,      -1.56885,      -1.03098,  -43.7914E-03
F:/Desktop/DeepOnet_Abaqus/StaticElasticJob.odb,Step-1,Increment      1: Step Time =    1.000,"PLATE-1",           831,             1,       1.53754,  -753.612E-03,            0.,"ASSEMBLY_PLATE-1__PICKEDSET2","ROCK","",      -1.03274,      -1.57274,      -1.56865,      -1.03683,  -46.8317E-03
F:/Desktop/DeepOnet_Abaqus/StaticElasticJob.odb,Step-1,Increment      1: Step Time =    1.000,"PLATE-1",           832,             1,       1.11557,  -628.037E-03,            0.,"ASSEMBLY_PLATE-1__PICKEDSET2","ROCK","",      -1.00035,      -1.59147,      -1.58005,      -1.01177,  -81.3602E-03
F:/Desktop/DeepOnet_Abaqus/StaticElasticJob.odb,Step-1,Increment      1: Step Time =    1.000,"PLATE-1",           833,             1,       1.18591,  -752.536E-03,            0.,"ASSEMBLY_PLATE-1__PICKEDSET2","ROCK","",      -1.00556,      -1.58750,      -1.57934,      -1.01373,  -68.4497E-03
F:/Desktop/DeepOnet_Abaqus/StaticElasticJob.odb,Step-1,Increment      1: Step Time =    1.000,"PLATE-1",           834,             1,       1.43086,  -891.523E-03,            0.,"ASSEMBLY_PLATE-1__PICKEDSET2","ROCK","",      -1.02121,      -1.57597,      -1.57160,      -1.02559,  -49.0557E-03
F:/Desktop/DeepOnet_Abaqus/StaticElasticJob.odb,Step-1,Increment      1: Step Time =    1.000,"PLATE-1",           835,             1,       1.46744,      -1.06702,            0.,"ASSEMBLY_PLATE-1__PICKEDSET2","ROCK","",      -1.01573,      -1.57491,      -1.57177,      -1.01887,  -41.7790E-03
F:/Desktop/DeepOnet_Abaqus/StaticElasticJob.odb,Step-1,Increment      1: Step Time =    1.000,"PLATE-1",           836,             1,       1.55684,      -1.15277,            0.,"ASSEMBLY_PLATE-1__PICKEDSET2","ROCK","",      -1.01639,      -1.57216,      -1.56974,      -1.01881,  -36.5442E-03
F:/Desktop/DeepOnet_Abaqus/StaticElasticJob.odb,Step-1,Increment      1: Step Time =    1.000,"PLATE-1",           837,             1,       1.55480,      -1.35024,            0.,"ASSEMBLY_PLATE-1__PICKEDSET2","ROCK","",      -1.01234,      -1.57128,      -1.56946,      -1.01416,  -31.8414E-03
F:/Desktop/DeepOnet_Abaqus/StaticElasticJob.odb,Step-1,Increment      1: Step Time =    1.000,"PLATE-1",           838,             1,       1.55031,      -1.55020,            0.,"ASSEMBLY_PLATE-1__PICKEDSET2","ROCK","",      -1.00927,      -1.57055,      -1.56919,      -1.01063,  -27.5697E-03
F:/Desktop/DeepOnet_Abaqus/StaticElasticJob.odb,Step-1,Increment      1: Step Time =    1.000,"PLATE-1",           839,             1,       1.55232,      -1.45008,            0.,"ASSEMBLY_PLATE-1__PICKEDSET2","ROCK","",      -1.01030,      -1.57140,      -1.56984,      -1.01186,  -29.5982E-03
F:/Desktop/DeepOnet_Abaqus/StaticElasticJob.odb,Step-1,Increment      1: Step Time =    1.000,"PLATE-1",           840,             1,       1.13121,  -714.573E-03,            0.,"ASSEMBLY_PLATE-1__PICKEDSET2","ROCK","",  -998.654E-03,      -1.59172,      -1.58219,      -1.00818,  -74.5674E-03
F:/Desktop/DeepOnet_Abaqus/StaticElasticJob.odb,Step-1,Increment      1: Step Time =    1.000,"PLATE-1",           841,             1,       1.29489,  -894.510E-03,            0.,"ASSEMBLY_PLATE-1__PICKEDSET2","ROCK","",      -1.01092,      -1.58189,      -1.57641,      -1.01640,  -55.6757E-03
F:/Desktop/DeepOnet_Abaqus/StaticElasticJob.odb,Step-1,Increment      1: Step Time =    1.000,"PLATE-1",           842,             1,       1.37516,      -1.00336,            0.,"ASSEMBLY_PLATE-1__PICKEDSET2","ROCK","",      -1.01323,      -1.57832,      -1.57426,      -1.01729,  -47.7336E-03
F:/Desktop/DeepOnet_Abaqus/StaticElasticJob.odb,Step-1,Increment      1: Step Time =    1.000,"PLATE-1",           843,             1,       1.35001,  -943.080E-03,            0.,"ASSEMBLY_PLATE-1__PICKEDSET2","ROCK","",      -1.01291,      -1.57975,      -1.57499,      -1.01767,  -51.7381E-03
F:/Desktop/DeepOnet_Abaqus/StaticElasticJob.odb,Step-1,Increment      1: Step Time =    1.000,"PLATE-1",           844,             1,       1.34814,      -1.54357,            0.,"ASSEMBLY_PLATE-1__PICKEDSET2","ROCK","",      -1.00343,      -1.57584,      -1.57431,      -1.00497,  -29.6139E-03
F:/Desktop/DeepOnet_Abaqus/StaticElasticJob.odb,Step-1,Increment      1: Step Time =    1.000,"PLATE-1",           845,             1,       1.45103,      -1.54873,            0.,"ASSEMBLY_PLATE-1__PICKEDSET2","ROCK","",      -1.00668,      -1.57317,      -1.57172,      -1.00813,  -28.6362E-03
F:/Desktop/DeepOnet_Abaqus/StaticElasticJob.odb,Step-1,Increment      1: Step Time =    1.000,"PLATE-1",           846,             1,       1.38035,      -1.34139,            0.,"ASSEMBLY_PLATE-1__PICKEDSET2","ROCK","",      -1.00605,      -1.57699,      -1.57474,      -1.00830,  -35.7312E-03
F:/Desktop/DeepOnet_Abaqus/StaticElasticJob.odb,Step-1,Increment      1: Step Time =    1.000,"PLATE-1",           847,             1,       1.22097,      -1.26391,            0.,"ASSEMBLY_PLATE-1__PICKEDSET2","ROCK","",  -998.630E-03,      -1.58411,      -1.58133,      -1.00142,  -40.2965E-03
F:/Desktop/DeepOnet_Abaqus/StaticElasticJob.odb,Step-1,Increment      1: Step Time =    1.000,"PLATE-1",           848,             1,       1.08814,      -1.09101,            0.,"ASSEMBLY_PLATE-1__PICKEDSET2","ROCK","",  -989.074E-03,      -1.59363,      -1.58937,  -993.333E-03,  -50.5681E-03
F:/Desktop/DeepOnet_Abaqus/StaticElasticJob.odb,Step-1,Increment      1: Step Time =    1.000,"PLATE-1",           849,             1,   934.779E-03,  -892.613E-03,            0.,"ASSEMBLY_PLATE-1__PICKEDSET2","ROCK","",  -970.750E-03,      -1.60766,      -1.60092,  -977.495E-03,  -65.1953E-03
F:/Desktop/DeepOnet_Abaqus/StaticElasticJob.odb,Step-1,Increment      1: Step Time =    1.000,"PLATE-1",           850,             1,   777.039E-03,  -844.102E-03,            0.,"ASSEMBLY_PLATE-1__PICKEDSET2","ROCK","",  -948.738E-03,      -1.62326,      -1.61692,  -955.082E-03,  -65.1072E-03
F:/Desktop/DeepOnet_Abaqus/StaticElasticJob.odb,Step-1,Increment      1: Step Time =    1.000,"PLATE-1",           851,             1,   135.547E-03,  -196.032E-03,            0.,"ASSEMBLY_PLATE-1__PICKEDSET2","ROCK","",  -221.190E-03,      -2.62480,      -2.31961,  -526.381E-03,  -800.261E-03
F:/Desktop/DeepOnet_Abaqus/StaticElasticJob.odb,Step-1,Increment      1: Step Time =    1.000,"PLATE-1",           852,             1,       1.55646,      -1.25097,            0.,"ASSEMBLY_PLATE-1__PICKEDSET2","ROCK","",      -1.01429,      -1.57219,      -1.57002,      -1.01646,  -34.6797E-03
F:/Desktop/DeepOnet_Abaqus/StaticElasticJob.odb,Step-1,Increment      1: Step Time =    1.000,"PLATE-1",           853,             1,       1.55460,  -245.874E-03,            0.,"ASSEMBLY_PLATE-1__PICKEDSET2","ROCK","",      -1.07566,      -1.58576,      -1.58311,      -1.07832,  -36.7186E-03
F:/Desktop/DeepOnet_Abaqus/StaticElasticJob.odb,Step-1,Increment      1: Step Time =    1.000,"PLATE-1",           854,             1,       1.47166,  -230.421E-03,            0.,"ASSEMBLY_PLATE-1__PICKEDSET2","ROCK","",      -1.07817,      -1.58820,      -1.58441,      -1.08196,  -43.8181E-03
F:/Desktop/DeepOnet_Abaqus/StaticElasticJob.odb,Step-1,Increment      1: Step Time =    1.000,"PLATE-1",           855,             1,       1.55981,  -149.979E-03,            0.,"ASSEMBLY_PLATE-1__PICKEDSET2","ROCK","",      -1.08115,      -1.60150,      -1.59941,      -1.08324,  -32.9054E-03
F:/Desktop/DeepOnet_Abaqus/StaticElasticJob.odb,Step-1,Increment      1: Step Time =    1.000,"PLATE-1",           856,             1,       1.54696,   47.6131E-03,            0.,"ASSEMBLY_PLATE-1__PICKEDSET2","ROCK","",      -1.09385,      -1.64800,      -1.64626,      -1.09559,  -31.0343E-03
F:/Desktop/DeepOnet_Abaqus/StaticElasticJob.odb,Step-1,Increment      1: Step Time =    1.000,"PLATE-1",           857,             1,       1.33197,   146.505E-03,            0.,"ASSEMBLY_PLATE-1__PICKEDSET2","ROCK","",      -1.14041,      -1.69777,      -1.69383,      -1.14435,  -46.6576E-03
F:/Desktop/DeepOnet_Abaqus/StaticElasticJob.odb,Step-1,Increment      1: Step Time =    1.000,"PLATE-1",           858,             1,       1.23980,   115.598E-03,            0.,"ASSEMBLY_PLATE-1__PICKEDSET2","ROCK","",      -1.12495,      -1.68687,      -1.67505,      -1.13677,  -80.6476E-03
F:/Desktop/DeepOnet_Abaqus/StaticElasticJob.odb,Step-1,Increment      1: Step Time =    1.000,"PLATE-1",           859,             1,       1.45112,   23.7158E-03,            0.,"ASSEMBLY_PLATE-1__PICKEDSET2","ROCK","",      -1.11151,      -1.63362,      -1.63197,      -1.11316,  -29.3524E-03
F:/Desktop/DeepOnet_Abaqus/StaticElasticJob.odb,Step-1,Increment      1: Step Time =    1.000,"PLATE-1",           860,             1,       1.55888,   647.253E-03,            0.,"ASSEMBLY_PLATE-1__PICKEDSET2","ROCK","",  -993.444E-03,      -1.50061,      -1.30139,      -1.19266,  -247.688E-03
F:/Desktop/DeepOnet_Abaqus/StaticElasticJob.odb,Step-1,Increment      1: Step Time =    1.000,"PLATE-1",           861,             1,       1.39881,   818.739E-03,            0.,"ASSEMBLY_PLATE-1__PICKEDSET2","ROCK","",  -687.285E-03,      -1.33689,  -698.274E-03,      -1.32590,   83.7752E-03
F:/Desktop/DeepOnet_Abaqus/StaticElasticJob.odb,Step-1,Increment      1: Step Time =    1.000,"PLATE-1",           862,             1,       1.19220,   857.929E-03,            0.,"ASSEMBLY_PLATE-1__PICKEDSET2","ROCK","",  -71.5254E-03,  -982.588E-03,  -414.299E-03,  -639.815E-03,   441.355E-03
F:/Desktop/DeepOnet_Abaqus/StaticElasticJob.odb,Step-1,Increment      1: Step Time =    1.000,"PLATE-1",           863,             1,       1.25841,   827.184E-03,            0.,"ASSEMBLY_PLATE-1__PICKEDSET2","ROCK","",  -192.992E-03,      -1.09195,  -412.498E-03,  -872.448E-03,   386.193E-03
F:/Desktop/DeepOnet_Abaqus/StaticElasticJob.odb,Step-1,Increment      1: Step Time =    1.000,"PLATE-1",           864,             1,       1.27487,   669.381E-03,            0.,"ASSEMBLY_PLATE-1__PICKEDSET2","ROCK","",  -243.695E-03,      -1.54494,  -244.427E-03,      -1.54421,  -30.8525E-03
F:/Desktop/DeepOnet_Abaqus/StaticElasticJob.odb,Step-1,Increment      1: Step Time =    1.000,"PLATE-1",           865,             1,   112.250E-03,   749.568E-03,            0.,"ASSEMBLY_PLATE-1__PICKEDSET2","ROCK","",      -1.12624,      -1.36534,      -1.36521,      -1.12638,   5.69870E-03
F:/Desktop/DeepOnet_Abaqus/StaticElasticJob.odb,Step-1,Increment      1: Step Time =    1.000,"PLATE-1",           866,             1,  -42.1085E-03,   996.786E-03,            0.,"ASSEMBLY_PLATE-1__PICKEDSET2","ROCK","",      -1.05668,      -1.51444,      -1.49400,      -1.07711,  -94.5411E-03
F:/Desktop/DeepOnet_Abaqus/StaticElasticJob.odb,Step-1,Increment      1: Step Time =    1.000,"PLATE-1",           867,             1,  -383.856E-03,       1.17585,            0.,"ASSEMBLY_PLATE-1__PICKEDSET2","ROCK","",      -1.00363,      -1.57544,      -1.56696,      -1.01210,  -69.0814E-03
F:/Desktop/DeepOnet_Abaqus/StaticElasticJob.odb,Step-1,Increment      1: Step Time =    1.000,"PLATE-1",           868,             1,  -498.622E-03,       1.31223,            0.,"ASSEMBLY_PLATE-1__PICKEDSET2","ROCK","",  -994.987E-03,      -1.58892,      -1.58283,      -1.00107,  -59.7996E-03
F:/Desktop/DeepOnet_Abaqus/StaticElasticJob.odb,Step-1,Increment      1: Step Time =    1.000,"PLATE-1",           869,             1,  -666.452E-03,       1.53680,            0.,"ASSEMBLY_PLATE-1__PICKEDSET2","ROCK","",  -991.197E-03,      -1.59368,      -1.59041,  -994.467E-03,  -44.2609E-03
F:/Desktop/DeepOnet_Abaqus/StaticElasticJob.odb,Step-1,Increment      1: Step Time =    1.000,"PLATE-1",           870,             1,  -849.629E-03,       1.55987,            0.,"ASSEMBLY_PLATE-1__PICKEDSET2","ROCK","",  -991.011E-03,      -1.58464,      -1.58168,  -993.972E-03,  -41.8256E-03
F:/Desktop/DeepOnet_Abaqus/StaticElasticJob.odb,Step-1,Increment      1: Step Time =    1.000,"PLATE-1",           871,             1,  -944.941E-03,       1.55113,            0.,"ASSEMBLY_PLATE-1__PICKEDSET2","ROCK","",  -990.706E-03,      -1.58202,      -1.57914,  -993.586E-03,  -41.1665E-03
F:/Desktop/DeepOnet_Abaqus/StaticElasticJob.odb,Step-1,Increment      1: Step Time =    1.000,"PLATE-1",           872,             1,  -965.015E-03,       1.29211,            0.,"ASSEMBLY_PLATE-1__PICKEDSET2","ROCK","",  -993.659E-03,      -1.56620,      -1.56173,  -998.122E-03,  -50.3548E-03
F:/Desktop/DeepOnet_Abaqus/StaticElasticJob.odb,Step-1,Increment      1: Step Time =    1.000,"PLATE-1",           873,             1,      -1.01499,       1.20590,            0.,"ASSEMBLY_PLATE-1__PICKEDSET2","ROCK","",  -995.844E-03,      -1.55783,      -1.55296,      -1.00072,  -52.1120E-03
F:/Desktop/DeepOnet_Abaqus/StaticElasticJob.odb,Step-1,Increment      1: Step Time =    1.000,"PLATE-1",           874,             1,  -925.236E-03,       1.04356,            0.,"ASSEMBLY_PLATE-1__PICKEDSET2","ROCK","",  -997.378E-03,      -1.54734,      -1.54090,      -1.00382,  -59.1581E-03
F:/Desktop/DeepOnet_Abaqus/StaticElasticJob.odb,Step-1,Increment      1: Step Time =    1.000,"PLATE-1",           875,             1,  -829.667E-03,       1.06798,            0.,"ASSEMBLY_PLATE-1__PICKEDSET2","ROCK","",  -995.613E-03,      -1.55247,      -1.54576,      -1.00233,  -60.7878E-03
F:/Desktop/DeepOnet_Abaqus/StaticElasticJob.odb,Step-1,Increment      1: Step Time =    1.000,"PLATE-1",           876,             1,  -810.003E-03,   963.271E-03,            0.,"ASSEMBLY_PLATE-1__PICKEDSET2","ROCK","",  -996.697E-03,      -1.54365,      -1.53611,      -1.00424,  -63.7849E-03
F:/Desktop/DeepOnet_Abaqus/StaticElasticJob.odb,Step-1,Increment      1: Step Time =    1.000,"PLATE-1",           877,             1,       1.54797,       1.55034,            0.,"ASSEMBLY_PLATE-1__PICKEDSET2","ROCK","",  -832.240E-03,      -1.61434,      -1.58409,  -862.495E-03,   150.822E-03
F:/Desktop/DeepOnet_Abaqus/StaticElasticJob.odb,Step-1,Increment      1: Step Time =    1.000,"PLATE-1",           878,             1,       1.44610,       1.55383,            0.,"ASSEMBLY_PLATE-1__PICKEDSET2","ROCK","",  -804.147E-03,      -1.64323,      -1.61868,  -828.698E-03,   141.412E-03
F:/Desktop/DeepOnet_Abaqus/StaticElasticJob.odb,Step-1,Increment      1: Step Time =    1.000,"PLATE-1",           879,             1,       1.33478,       1.48032,            0.,"ASSEMBLY_PLATE-1__PICKEDSET2","ROCK","",  -740.264E-03,      -1.68458,      -1.65750,  -767.347E-03,   157.612E-03
F:/Desktop/DeepOnet_Abaqus/StaticElasticJob.odb,Step-1,Increment      1: Step Time =    1.000,"PLATE-1",           880,             1,       1.30901,       1.40323,            0.,"ASSEMBLY_PLATE-1__PICKEDSET2","ROCK","",  -680.893E-03,      -1.70775,      -1.66304,  -725.605E-03,   209.557E-03
F:/Desktop/DeepOnet_Abaqus/StaticElasticJob.odb,Step-1,Increment      1: Step Time =    1.000,"PLATE-1",           881,             1,       1.40409,       1.20149,            0.,"ASSEMBLY_PLATE-1__PICKEDSET2","ROCK","",  -664.082E-03,      -1.55785,      -1.39775,  -824.184E-03,   342.726E-03
F:/Desktop/DeepOnet_Abaqus/StaticElasticJob.odb,Step-1,Increment      1: Step Time =    1.000,"PLATE-1",           882,             1,       1.45631,   923.881E-03,            0.,"ASSEMBLY_PLATE-1__PICKEDSET2","ROCK","",  -749.010E-03,      -1.31334,  -907.713E-03,      -1.15463,   253.720E-03
F:/Desktop/DeepOnet_Abaqus/StaticElasticJob.odb,Step-1,Increment      1: Step Time =    1.000,"PLATE-1",           883,             1,       1.33366,   822.055E-03,            0.,"ASSEMBLY_PLATE-1__PICKEDSET2","ROCK","",  -370.007E-03,      -1.30938,  -491.418E-03,      -1.18797,   315.135E-03
F:/Desktop/DeepOnet_Abaqus/StaticElasticJob.odb,Step-1,Increment      1: Step Time =    1.000,"PLATE-1",           884,             1,       1.47292,   832.017E-03,            0.,"ASSEMBLY_PLATE-1__PICKEDSET2","ROCK","",  -847.839E-03,      -1.27304,  -859.110E-03,      -1.26177,   68.3023E-03
F:/Desktop/DeepOnet_Abaqus/StaticElasticJob.odb,Step-1,Increment      1: Step Time =    1.000,"PLATE-1",           885,             1,       1.39563,   740.313E-03,            0.,"ASSEMBLY_PLATE-1__PICKEDSET2","ROCK","",  -735.527E-03,      -1.35819,  -747.556E-03,      -1.34616,  -85.7060E-03
F:/Desktop/DeepOnet_Abaqus/StaticElasticJob.odb,Step-1,Increment      1: Step Time =    1.000,"PLATE-1",           886,             1,       1.53047,       1.34696,            0.,"ASSEMBLY_PLATE-1__PICKEDSET2","ROCK","",  -788.621E-03,      -1.56489,      -1.48216,  -871.358E-03,   239.543E-03
F:/Desktop/DeepOnet_Abaqus/StaticElasticJob.odb,Step-1,Increment      1: Step Time =    1.000,"PLATE-1",           887,             1,       1.54241,       1.45102,            0.,"ASSEMBLY_PLATE-1__PICKEDSET2","ROCK","",  -814.441E-03,      -1.59256,      -1.54390,  -863.095E-03,   188.392E-03
F:/Desktop/DeepOnet_Abaqus/StaticElasticJob.odb,Step-1,Increment      1: Step Time =    1.000,"PLATE-1",           888,             1,       1.24853,       1.56522,            0.,"ASSEMBLY_PLATE-1__PICKEDSET2","ROCK","",  -768.564E-03,      -1.72306,      -1.71628,  -775.342E-03,   80.1504E-03
F:/Desktop/DeepOnet_Abaqus/StaticElasticJob.odb,Step-1,Increment      1: Step Time =    1.000,"PLATE-1",           889,             1,       1.24273,       1.49752,            0.,"ASSEMBLY_PLATE-1__PICKEDSET2","ROCK","",  -735.688E-03,      -1.73667,      -1.72373,  -748.629E-03,   113.073E-03
F:/Desktop/DeepOnet_Abaqus/StaticElasticJob.odb,Step-1,Increment      1: Step Time =    1.000,"PLATE-1",           890,             1,       1.22411,       1.43447,            0.,"ASSEMBLY_PLATE-1__PICKEDSET2","ROCK","",  -687.528E-03,      -1.74761,      -1.73088,  -704.262E-03,   132.134E-03
F:/Desktop/DeepOnet_Abaqus/StaticElasticJob.odb,Step-1,Increment      1: Step Time =    1.000,"PLATE-1",           891,             1,       1.25801,       1.21305,            0.,"ASSEMBLY_PLATE-1__PICKEDSET2","ROCK","",  -474.796E-03,      -1.68036,      -1.52730,  -627.853E-03,   401.364E-03
F:/Desktop/DeepOnet_Abaqus/StaticElasticJob.odb,Step-1,Increment      1: Step Time =    1.000,"PLATE-1",           892,             1,       1.20474,       1.09024,            0.,"ASSEMBLY_PLATE-1__PICKEDSET2","ROCK","",  -281.263E-03,      -1.56692,      -1.24096,  -607.223E-03,   559.306E-03
F:/Desktop/DeepOnet_Abaqus/StaticElasticJob.odb,Step-1,Increment      1: Step Time =    1.000,"PLATE-1",           893,             1,       1.25393,   743.241E-03,            0.,"ASSEMBLY_PLATE-1__PICKEDSET2","ROCK","",  -31.3215E-03,      -1.04396,  -164.703E-03,  -910.578E-03,   342.457E-03
F:/Desktop/DeepOnet_Abaqus/StaticElasticJob.odb,Step-1,Increment      1: Step Time =    1.000,"PLATE-1",           894,             1,       1.15235,       1.56651,            0.,"ASSEMBLY_PLATE-1__PICKEDSET2","ROCK","",  -778.186E-03,      -1.75954,      -1.75809,  -779.637E-03,   37.7081E-03
F:/Desktop/DeepOnet_Abaqus/StaticElasticJob.odb,Step-1,Increment      1: Step Time =    1.000,"PLATE-1",           895,             1,       1.07675,       1.48590,            0.,"ASSEMBLY_PLATE-1__PICKEDSET2","ROCK","",  -749.124E-03,      -1.81634,      -1.81590,  -749.562E-03,   21.6108E-03
F:/Desktop/DeepOnet_Abaqus/StaticElasticJob.odb,Step-1,Increment      1: Step Time =    1.000,"PLATE-1",           896,             1,       1.13537,       1.31295,            0.,"ASSEMBLY_PLATE-1__PICKEDSET2","ROCK","",  -545.087E-03,      -1.84249,      -1.80887,  -578.713E-03,   206.146E-03
F:/Desktop/DeepOnet_Abaqus/StaticElasticJob.odb,Step-1,Increment      1: Step Time =    1.000,"PLATE-1",           897,             1,       1.06601,       1.20892,            0.,"ASSEMBLY_PLATE-1__PICKEDSET2","ROCK","",  -372.279E-03,      -1.95851,      -1.88517,  -445.619E-03,   333.101E-03
F:/Desktop/DeepOnet_Abaqus/StaticElasticJob.odb,Step-1,Increment      1: Step Time =    1.000,"PLATE-1",           898,             1,       1.06576,       1.00685,            0.,"ASSEMBLY_PLATE-1__PICKEDSET2","ROCK","",  -44.3742E-03,      -1.39619,  -924.038E-03,  -516.524E-03,   644.463E-03
F:/Desktop/DeepOnet_Abaqus/StaticElasticJob.odb,Step-1,Increment      1: Step Time =    1.000,"PLATE-1",           899,             1,       1.13999,   935.389E-03,            0.,"ASSEMBLY_PLATE-1__PICKEDSET2","ROCK","",  -95.4572E-03,      -1.16247,  -691.359E-03,  -566.568E-03,   529.845E-03
F:/Desktop/DeepOnet_Abaqus/StaticElasticJob.odb,Step-1,Increment      1: Step Time =    1.000,"PLATE-1",           900,             1,   959.832E-03,       1.55280,            0.,"ASSEMBLY_PLATE-1__PICKEDSET2","ROCK","",  -879.856E-03,      -1.80471,      -1.79687,  -887.691E-03,  -84.7617E-03
F:/Desktop/DeepOnet_Abaqus/StaticElasticJob.odb,Step-1,Increment      1: Step Time =    1.000,"PLATE-1",           901,             1,       1.04854,       1.36305,            0.,"ASSEMBLY_PLATE-1__PICKEDSET2","ROCK","",  -662.941E-03,      -1.90023,      -1.89731,  -665.866E-03,   60.0854E-03
F:/Desktop/DeepOnet_Abaqus/StaticElasticJob.odb,Step-1,Increment      1: Step Time =    1.000,"PLATE-1",           902,             1,   979.196E-03,       1.28462,            0.,"ASSEMBLY_PLATE-1__PICKEDSET2","ROCK","",  -598.114E-03,      -1.99389,      -1.99268,  -599.322E-03,   41.0461E-03
F:/Desktop/DeepOnet_Abaqus/StaticElasticJob.odb,Step-1,Increment      1: Step Time =    1.000,"PLATE-1",           903,             1,   892.246E-03,       1.11332,            0.,"ASSEMBLY_PLATE-1__PICKEDSET2","ROCK","",  -96.2277E-03,      -2.40507,      -2.13548,  -365.824E-03,   741.467E-03
F:/Desktop/DeepOnet_Abaqus/StaticElasticJob.odb,Step-1,Increment      1: Step Time =    1.000,"PLATE-1",           904,             1,   978.823E-03,       1.06406,            0.,"ASSEMBLY_PLATE-1__PICKEDSET2","ROCK","",  -137.817E-03,      -1.79705,      -1.42616,  -508.703E-03,   691.252E-03
F:/Desktop/DeepOnet_Abaqus/StaticElasticJob.odb,Step-1,Increment      1: Step Time =    1.000,"PLATE-1",           905,             1,   929.350E-03,       1.19450,            0.,"ASSEMBLY_PLATE-1__PICKEDSET2","ROCK","",  -435.493E-03,      -2.31382,      -2.29920,  -450.114E-03,   165.073E-03
F:/Desktop/DeepOnet_Abaqus/StaticElasticJob.odb,Step-1,Increment      1: Step Time =    1.000,"PLATE-1",           906,             1,   420.781E-03,   482.044E-03,            0.,"ASSEMBLY_PLATE-1__PICKEDSET2","ROCK","",  -683.069E-03,      -1.60842,      -1.41858,  -872.908E-03,   373.669E-03
F:/Desktop/DeepOnet_Abaqus/StaticElasticJob.odb,Step-1,Increment      1: Step Time =    1.000,"PLATE-1",           907,             1,   158.642E-03,   794.248E-03,            0.,"ASSEMBLY_PLATE-1__PICKEDSET2","ROCK","",      -1.14066,      -1.33702,      -1.33369,      -1.14398,  -25.3393E-03
F:/Desktop/DeepOnet_Abaqus/StaticElasticJob.odb,Step-1,Increment      1: Step Time =    1.000,"PLATE-1",           908,             1,   46.8791E-03,   936.501E-03,            0.,"ASSEMBLY_PLATE-1__PICKEDSET2","ROCK","",      -1.08311,      -1.46910,      -1.44341,      -1.10880,  -96.2083E-03
F:/Desktop/DeepOnet_Abaqus/StaticElasticJob.odb,Step-1,Increment      1: Step Time =    1.000,"PLATE-1",           909,             1,  -72.0769E-03,       1.13340,            0.,"ASSEMBLY_PLATE-1__PICKEDSET2","ROCK","",      -1.02222,      -1.57719,      -1.55684,      -1.04257,  -104.311E-03
F:/Desktop/DeepOnet_Abaqus/StaticElasticJob.odb,Step-1,Increment      1: Step Time =    1.000,"PLATE-1",           910,             1,  -202.222E-03,       1.20392,            0.,"ASSEMBLY_PLATE-1__PICKEDSET2","ROCK","",      -1.01023,      -1.58900,      -1.57629,      -1.02294,  -84.8151E-03
F:/Desktop/DeepOnet_Abaqus/StaticElasticJob.odb,Step-1,Increment      1: Step Time =    1.000,"PLATE-1",           911,             1,  -404.955E-03,       1.37735,            0.,"ASSEMBLY_PLATE-1__PICKEDSET2","ROCK","",  -995.872E-03,      -1.60100,      -1.59506,      -1.00181,  -59.6640E-03
F:/Desktop/DeepOnet_Abaqus/StaticElasticJob.odb,Step-1,Increment      1: Step Time =    1.000,"PLATE-1",           912,             1,  -565.390E-03,       1.53311,            0.,"ASSEMBLY_PLATE-1__PICKEDSET2","ROCK","",  -991.468E-03,      -1.60017,      -1.59674,  -994.900E-03,  -45.5764E-03
F:/Desktop/DeepOnet_Abaqus/StaticElasticJob.odb,Step-1,Increment      1: Step Time =    1.000,"PLATE-1",           913,             1,  -627.600E-03,       1.27814,            0.,"ASSEMBLY_PLATE-1__PICKEDSET2","ROCK","",  -993.389E-03,      -1.57891,      -1.57318,  -999.120E-03,  -57.6456E-03
F:/Desktop/DeepOnet_Abaqus/StaticElasticJob.odb,Step-1,Increment      1: Step Time =    1.000,"PLATE-1",           914,             1,  -131.006E-03,       1.13100,            0.,"ASSEMBLY_PLATE-1__PICKEDSET2","ROCK","",      -1.02228,      -1.57167,      -1.55457,      -1.03938,  -95.4138E-03
F:/Desktop/DeepOnet_Abaqus/StaticElasticJob.odb,Step-1,Increment      1: Step Time =    1.000,"PLATE-1",           915,             1,  -217.383E-03,       1.28457,            0.,"ASSEMBLY_PLATE-1__PICKEDSET2","ROCK","",      -1.00195,      -1.60642,      -1.59617,      -1.01219,  -78.0327E-03
F:/Desktop/DeepOnet_Abaqus/StaticElasticJob.odb,Step-1,Increment      1: Step Time =    1.000,"PLATE-1",           916,             1,  -405.189E-03,       1.47011,            0.,"ASSEMBLY_PLATE-1__PICKEDSET2","ROCK","",  -993.480E-03,      -1.60900,      -1.60426,  -998.221E-03,  -53.8118E-03
F:/Desktop/DeepOnet_Abaqus/StaticElasticJob.odb,Step-1,Increment      1: Step Time =    1.000,"PLATE-1",           917,             1,  -480.601E-03,       1.50202,            0.,"ASSEMBLY_PLATE-1__PICKEDSET2","ROCK","",  -992.490E-03,      -1.60474,      -1.60077,  -996.457E-03,  -49.1213E-03
F:/Desktop/DeepOnet_Abaqus/StaticElasticJob.odb,Step-1,Increment      1: Step Time =    1.000,"PLATE-1",           918,             1,  -139.240E-03,       1.36600,            0.,"ASSEMBLY_PLATE-1__PICKEDSET2","ROCK","",  -999.062E-03,      -1.62931,      -1.62030,      -1.00807,  -74.8042E-03
F:/Desktop/DeepOnet_Abaqus/StaticElasticJob.odb,Step-1,Increment      1: Step Time =    1.000,"PLATE-1",           919,             1,  -233.398E-03,       1.46438,            0.,"ASSEMBLY_PLATE-1__PICKEDSET2","ROCK","",  -996.570E-03,      -1.62373,      -1.61832,      -1.00199,  -58.0298E-03
F:/Desktop/DeepOnet_Abaqus/StaticElasticJob.odb,Step-1,Increment      1: Step Time =    1.000,"PLATE-1",           920,             1,  -339.721E-03,       1.55660,            0.,"ASSEMBLY_PLATE-1__PICKEDSET2","ROCK","",  -994.515E-03,      -1.61855,      -1.61500,  -998.065E-03,  -46.9332E-03
F:/Desktop/DeepOnet_Abaqus/StaticElasticJob.odb,Step-1,Increment      1: Step Time =    1.000,"PLATE-1",           921,             1,  -46.6646E-03,       1.55398,            0.,"ASSEMBLY_PLATE-1__PICKEDSET2","ROCK","",      -1.00389,      -1.65317,      -1.64975,      -1.00731,  -47.0080E-03
F:/Desktop/DeepOnet_Abaqus/StaticElasticJob.odb,Step-1,Increment      1: Step Time =    1.000,"PLATE-1",           922,             1,  -145.666E-03,       1.55387,            0.,"ASSEMBLY_PLATE-1__PICKEDSET2","ROCK","",  -999.603E-03,      -1.63803,      -1.63432,      -1.00332,  -48.5505E-03
F:/Desktop/DeepOnet_Abaqus/StaticElasticJob.odb,Step-1,Increment      1: Step Time =    1.000,"PLATE-1",           923,             1,      -1.04502,       1.54781,            0.,"ASSEMBLY_PLATE-1__PICKEDSET2","ROCK","",  -991.712E-03,      -1.57744,      -1.57476,  -994.393E-03,  -39.5354E-03
F:/Desktop/DeepOnet_Abaqus/StaticElasticJob.odb,Step-1,Increment      1: Step Time =    1.000,"PLATE-1",           924,             1,      -1.04877,       1.33796,            0.,"ASSEMBLY_PLATE-1__PICKEDSET2","ROCK","",  -994.154E-03,      -1.56601,      -1.56207,  -998.089E-03,  -47.2736E-03
F:/Desktop/DeepOnet_Abaqus/StaticElasticJob.odb,Step-1,Increment      1: Step Time =    1.000,"PLATE-1",           925,             1,      -1.08749,       1.24509,            0.,"ASSEMBLY_PLATE-1__PICKEDSET2","ROCK","",  -996.233E-03,      -1.55817,      -1.55376,      -1.00064,  -49.5732E-03
F:/Desktop/DeepOnet_Abaqus/StaticElasticJob.odb,Step-1,Increment      1: Step Time =    1.000,"PLATE-1",           926,             1,      -1.35223,       1.54018,            0.,"ASSEMBLY_PLATE-1__PICKEDSET2","ROCK","",  -995.795E-03,      -1.56545,      -1.56317,  -998.074E-03,  -35.9632E-03
F:/Desktop/DeepOnet_Abaqus/StaticElasticJob.odb,Step-1,Increment      1: Step Time =    1.000,"PLATE-1",           927,             1,   807.394E-03,       1.14364,            0.,"ASSEMBLY_PLATE-1__PICKEDSET2","ROCK","",  -443.671E-03,      -3.34216,      -3.33396,  -451.867E-03,   153.916E-03
F:/Desktop/DeepOnet_Abaqus/StaticElasticJob.odb,Step-1,Increment      1: Step Time =    1.000,"PLATE-1",           928,             1,   843.738E-03,       1.22064,            0.,"ASSEMBLY_PLATE-1__PICKEDSET2","ROCK","",  -714.965E-03,      -2.32219,      -2.31568,  -721.473E-03,  -102.062E-03
F:/Desktop/DeepOnet_Abaqus/StaticElasticJob.odb,Step-1,Increment      1: Step Time =    1.000,"PLATE-1",           929,             1,   785.032E-03,       1.44412,            0.,"ASSEMBLY_PLATE-1__PICKEDSET2","ROCK","",      -1.03587,      -1.89327,      -1.86422,      -1.06492,  -155.122E-03
F:/Desktop/DeepOnet_Abaqus/StaticElasticJob.odb,Step-1,Increment      1: Step Time =    1.000,"PLATE-1",           930,             1,   861.010E-03,       1.54833,            0.,"ASSEMBLY_PLATE-1__PICKEDSET2","ROCK","",  -949.719E-03,      -1.80939,      -1.79381,  -965.308E-03,  -114.710E-03
F:/Desktop/DeepOnet_Abaqus/StaticElasticJob.odb,Step-1,Increment      1: Step Time =    1.000,"PLATE-1",           931,             1,   758.687E-03,       1.54529,            0.,"ASSEMBLY_PLATE-1__PICKEDSET2","ROCK","",      -1.05587,      -1.78470,      -1.76319,      -1.07739,  -123.366E-03
F:/Desktop/DeepOnet_Abaqus/StaticElasticJob.odb,Step-1,Increment      1: Step Time =    1.000,"PLATE-1",           932,             1,   654.492E-03,       1.54829,            0.,"ASSEMBLY_PLATE-1__PICKEDSET2","ROCK","",      -1.11495,      -1.74849,      -1.73921,      -1.12423,  -76.1418E-03
F:/Desktop/DeepOnet_Abaqus/StaticElasticJob.odb,Step-1,Increment      1: Step Time =    1.000,"PLATE-1",           933,             1,   762.347E-03,       1.34151,            0.,"ASSEMBLY_PLATE-1__PICKEDSET2","ROCK","",      -1.07953,      -2.00018,      -1.96025,      -1.11947,  -187.541E-03
F:/Desktop/DeepOnet_Abaqus/StaticElasticJob.odb,Step-1,Increment      1: Step Time =    1.000,"PLATE-1",           934,             1,   741.631E-03,       1.17957,            0.,"ASSEMBLY_PLATE-1__PICKEDSET2","ROCK","",  -977.032E-03,      -3.27649,      -3.18602,      -1.06751,  -447.051E-03
F:/Desktop/DeepOnet_Abaqus/StaticElasticJob.odb,Step-1,Increment      1: Step Time =    1.000,"PLATE-1",           935,             1,   695.258E-03,       1.13656,            0.,"ASSEMBLY_PLATE-1__PICKEDSET2","ROCK","",  -962.696E-03,      -4.13276,      -3.58749,      -1.50796,      -1.19633
F:/Desktop/DeepOnet_Abaqus/StaticElasticJob.odb,Step-1,Increment      1: Step Time =    1.000,"PLATE-1",           936,             1,       1.27303,   568.878E-03,            0.,"ASSEMBLY_PLATE-1__PICKEDSET2","ROCK","",  -906.705E-03,      -3.20561,      -1.89915,      -2.21316,      -1.13868
F:/Desktop/DeepOnet_Abaqus/StaticElasticJob.odb,Step-1,Increment      1: Step Time =    1.000,"PLATE-1",           937,             1,       1.13745,   512.378E-03,            0.,"ASSEMBLY_PLATE-1__PICKEDSET2","ROCK","",  -392.200E-03,      -3.43827,      -3.43629,  -394.180E-03,   77.6374E-03
F:/Desktop/DeepOnet_Abaqus/StaticElasticJob.odb,Step-1,Increment      1: Step Time =    1.000,"PLATE-1",           938,             1,       1.06223,   453.727E-03,            0.,"ASSEMBLY_PLATE-1__PICKEDSET2","ROCK","",  -502.560E-03,      -2.51069,      -2.51065,  -502.600E-03,   8.94269E-03
F:/Desktop/DeepOnet_Abaqus/StaticElasticJob.odb,Step-1,Increment      1: Step Time =    1.000,"PLATE-1",           939,             1,   863.637E-03,   655.010E-03,            0.,"ASSEMBLY_PLATE-1__PICKEDSET2","ROCK","",  -70.2459E-03,      -1.44513,  -950.367E-03,  -565.011E-03,   659.889E-03
F:/Desktop/DeepOnet_Abaqus/StaticElasticJob.odb,Step-1,Increment      1: Step Time =    1.000,"PLATE-1",           940,             1,   746.036E-03,   667.251E-03,            0.,"ASSEMBLY_PLATE-1__PICKEDSET2","ROCK","",  -156.149E-03,      -1.41475,  -949.021E-03,  -621.876E-03,   607.670E-03
F:/Desktop/DeepOnet_Abaqus/StaticElasticJob.odb,Step-1,Increment      1: Step Time =    1.000,"PLATE-1",           941,             1,   687.693E-03,   731.926E-03,            0.,"ASSEMBLY_PLATE-1__PICKEDSET2","ROCK","",  -164.728E-03,      -1.29835,  -735.026E-03,  -728.051E-03,   566.800E-03
F:/Desktop/DeepOnet_Abaqus/StaticElasticJob.odb,Step-1,Increment      1: Step Time =    1.000,"PLATE-1",           942,             1,   439.522E-03,   907.127E-03,            0.,"ASSEMBLY_PLATE-1__PICKEDSET2","ROCK","",  -951.043E-03,      -1.35179,      -1.04590,      -1.25694,  -170.339E-03
F:/Desktop/DeepOnet_Abaqus/StaticElasticJob.odb,Step-1,Increment      1: Step Time =    1.000,"PLATE-1",           943,             1,   350.216E-03,       1.02642,            0.,"ASSEMBLY_PLATE-1__PICKEDSET2","ROCK","",  -983.369E-03,      -1.56183,      -1.39348,      -1.15172,  -262.758E-03
F:/Desktop/DeepOnet_Abaqus/StaticElasticJob.odb,Step-1,Increment      1: Step Time =    1.000,"PLATE-1",           944,             1,   225.094E-03,       1.21865,            0.,"ASSEMBLY_PLATE-1__PICKEDSET2","ROCK","",  -991.372E-03,      -1.70334,      -1.65747,      -1.03724,  -174.799E-03
F:/Desktop/DeepOnet_Abaqus/StaticElasticJob.odb,Step-1,Increment      1: Step Time =    1.000,"PLATE-1",           945,             1,  -3.59160E-03,       1.29510,            0.,"ASSEMBLY_PLATE-1__PICKEDSET2","ROCK","",      -1.00192,      -1.64476,      -1.62813,      -1.01855,  -102.026E-03
F:/Desktop/DeepOnet_Abaqus/StaticElasticJob.odb,Step-1,Increment      1: Step Time =    1.000,"PLATE-1",           946,             1,  -62.8279E-03,       1.33697,            0.,"ASSEMBLY_PLATE-1__PICKEDSET2","ROCK","",      -1.00163,      -1.63923,      -1.62773,      -1.01313,  -84.8417E-03
F:/Desktop/DeepOnet_Abaqus/StaticElasticJob.odb,Step-1,Increment      1: Step Time =    1.000,"PLATE-1",           947,             1,   797.756E-03,   724.330E-03,            0.,"ASSEMBLY_PLATE-1__PICKEDSET2","ROCK","",  -30.7852E-03,      -1.16754,  -636.610E-03,  -561.714E-03,   567.142E-03
F:/Desktop/DeepOnet_Abaqus/StaticElasticJob.odb,Step-1,Increment      1: Step Time =    1.000,"PLATE-1",           948,             1,   681.093E-03,   867.184E-03,            0.,"ASSEMBLY_PLATE-1__PICKEDSET2","ROCK","",  -72.9158E-03,  -975.000E-03,  -263.003E-03,  -784.913E-03,   367.888E-03
F:/Desktop/DeepOnet_Abaqus/StaticElasticJob.odb,Step-1,Increment      1: Step Time =    1.000,"PLATE-1",           949,             1,   609.360E-03,   905.182E-03,            0.,"ASSEMBLY_PLATE-1__PICKEDSET2","ROCK","",  -302.445E-03,      -1.25612,  -334.296E-03,      -1.22427,   171.352E-03
F:/Desktop/DeepOnet_Abaqus/StaticElasticJob.odb,Step-1,Increment      1: Step Time =    1.000,"PLATE-1",           950,             1,   623.343E-03,   994.243E-03,            0.,"ASSEMBLY_PLATE-1__PICKEDSET2","ROCK","",  -425.755E-03,      -1.67924,  -481.604E-03,      -1.62339,  -258.625E-03
F:/Desktop/DeepOnet_Abaqus/StaticElasticJob.odb,Step-1,Increment      1: Step Time =    1.000,"PLATE-1",           951,             1,   654.883E-03,       1.10470,            0.,"ASSEMBLY_PLATE-1__PICKEDSET2","ROCK","",  -785.781E-03,      -3.34180,      -2.07134,      -2.05624,      -1.27799
F:/Desktop/DeepOnet_Abaqus/StaticElasticJob.odb,Step-1,Increment      1: Step Time =    1.000,"PLATE-1",           952,             1,   593.334E-03,       1.07291,            0.,"ASSEMBLY_PLATE-1__PICKEDSET2","ROCK","",  -818.988E-03,      -2.26365,      -1.41252,      -1.67011,  -710.755E-03
F:/Desktop/DeepOnet_Abaqus/StaticElasticJob.odb,Step-1,Increment      1: Step Time =    1.000,"PLATE-1",           953,             1,   481.959E-03,       1.12809,            0.,"ASSEMBLY_PLATE-1__PICKEDSET2","ROCK","",  -942.265E-03,      -1.98650,      -1.76337,      -1.16540,  -428.034E-03
F:/Desktop/DeepOnet_Abaqus/StaticElasticJob.odb,Step-1,Increment      1: Step Time =    1.000,"PLATE-1",           954,             1,   520.372E-03,   909.587E-03,            0.,"ASSEMBLY_PLATE-1__PICKEDSET2","ROCK","",  -714.933E-03,      -1.52283,  -747.437E-03,      -1.49033,  -158.756E-03
F:/Desktop/DeepOnet_Abaqus/StaticElasticJob.odb,Step-1,Increment      1: Step Time =    1.000,"PLATE-1",           955,             1,   521.627E-03,   982.389E-03,            0.,"ASSEMBLY_PLATE-1__PICKEDSET2","ROCK","",  -764.606E-03,      -1.67099,      -1.04495,      -1.39064,  -418.936E-03
F:/Desktop/DeepOnet_Abaqus/StaticElasticJob.odb,Step-1,Increment      1: Step Time =    1.000,"PLATE-1",           956,             1,  -787.731E-03,   293.854E-03,            0.,"ASSEMBLY_PLATE-1__PICKEDSET2","ROCK","",      -1.05055,      -1.40080,      -1.38879,      -1.06256,  -63.7378E-03
F:/Desktop/DeepOnet_Abaqus/StaticElasticJob.odb,Step-1,Increment      1: Step Time =    1.000,"PLATE-1",           957,             1,  -960.527E-03,   505.773E-03,            0.,"ASSEMBLY_PLATE-1__PICKEDSET2","ROCK","",      -1.02731,      -1.46854,      -1.46028,      -1.03557,  -59.8027E-03
F:/Desktop/DeepOnet_Abaqus/StaticElasticJob.odb,Step-1,Increment      1: Step Time =    1.000,"PLATE-1",           958,             1,      -1.07225,   633.480E-03,            0.,"ASSEMBLY_PLATE-1__PICKEDSET2","ROCK","",      -1.02014,      -1.49365,      -1.48703,      -1.02675,  -55.5746E-03
F:/Desktop/DeepOnet_Abaqus/StaticElasticJob.odb,Step-1,Increment      1: Step Time =    1.000,"PLATE-1",           959,             1,      -1.17220,   772.866E-03,            0.,"ASSEMBLY_PLATE-1__PICKEDSET2","ROCK","",      -1.01436,      -1.51298,      -1.50757,      -1.01978,  -51.6605E-03
F:/Desktop/DeepOnet_Abaqus/StaticElasticJob.odb,Step-1,Increment      1: Step Time =    1.000,"PLATE-1",           960,             1,      -1.43453,   892.310E-03,            0.,"ASSEMBLY_PLATE-1__PICKEDSET2","ROCK","",      -1.01373,      -1.52510,      -1.52177,      -1.01706,  -41.1595E-03
F:/Desktop/DeepOnet_Abaqus/StaticElasticJob.odb,Step-1,Increment      1: Step Time =    1.000,"PLATE-1",           961,             1,      -1.45651,       1.08048,            0.,"ASSEMBLY_PLATE-1__PICKEDSET2","ROCK","",      -1.00691,      -1.53970,      -1.53650,      -1.01012,  -41.1965E-03
F:/Desktop/DeepOnet_Abaqus/StaticElasticJob.odb,Step-1,Increment      1: Step Time =    1.000,"PLATE-1",           962,             1,      -1.55680,       1.15681,            0.,"ASSEMBLY_PLATE-1__PICKEDSET2","ROCK","",      -1.00638,      -1.54303,      -1.54034,      -1.00907,  -37.8526E-03
F:/Desktop/DeepOnet_Abaqus/StaticElasticJob.odb,Step-1,Increment      1: Step Time =    1.000,"PLATE-1",           963,             1,      -1.55913,       1.35084,            0.,"ASSEMBLY_PLATE-1__PICKEDSET2","ROCK","",      -1.00165,      -1.55319,      -1.55088,      -1.00395,  -35.5699E-03
F:/Desktop/DeepOnet_Abaqus/StaticElasticJob.odb,Step-1,Increment      1: Step Time =    1.000,"PLATE-1",           964,             1,      -1.55504,       1.44947,            0.,"ASSEMBLY_PLATE-1__PICKEDSET2","ROCK","",  -999.760E-03,      -1.55789,      -1.55580,      -1.00185,  -34.0805E-03
F:/Desktop/DeepOnet_Abaqus/StaticElasticJob.odb,Step-1,Increment      1: Step Time =    1.000,"PLATE-1",           965,             1,  -176.684E-03,  -175.437E-03,            0.,"ASSEMBLY_PLATE-1__PICKEDSET2","ROCK","",  -572.958E-03,      -3.40678,      -2.36527,      -1.61447,       1.36628
F:/Desktop/DeepOnet_Abaqus/StaticElasticJob.odb,Step-1,Increment      1: Step Time =    1.000,"PLATE-1",           966,             1,  -214.241E-03,  -59.3874E-03,            0.,"ASSEMBLY_PLATE-1__PICKEDSET2","ROCK","",  -110.098E-03,      -1.33830,  -126.089E-03,      -1.32231,   139.232E-03
F:/Desktop/DeepOnet_Abaqus/StaticElasticJob.odb,Step-1,Increment      1: Step Time =    1.000,"PLATE-1",           967,             1,  -201.530E-03,   22.9089E-03,            0.,"ASSEMBLY_PLATE-1__PICKEDSET2","ROCK","",  -46.3996E-03,      -1.10741,  -105.613E-03,      -1.04820,  -243.557E-03
F:/Desktop/DeepOnet_Abaqus/StaticElasticJob.odb,Step-1,Increment      1: Step Time =    1.000,"PLATE-1",           968,             1,  -558.543E-03,   543.692E-03,            0.,"ASSEMBLY_PLATE-1__PICKEDSET2","ROCK","",  -971.995E-03,      -1.50750,      -1.48991,  -989.585E-03,  -95.4468E-03
F:/Desktop/DeepOnet_Abaqus/StaticElasticJob.odb,Step-1,Increment      1: Step Time =    1.000,"PLATE-1",           969,             1,  -847.299E-03,   658.502E-03,            0.,"ASSEMBLY_PLATE-1__PICKEDSET2","ROCK","",      -1.00527,      -1.50212,      -1.49157,      -1.01582,  -71.6278E-03
F:/Desktop/DeepOnet_Abaqus/StaticElasticJob.odb,Step-1,Increment      1: Step Time =    1.000,"PLATE-1",           970,             1,  -851.698E-03,   723.307E-03,            0.,"ASSEMBLY_PLATE-1__PICKEDSET2","ROCK","",      -1.00333,      -1.51148,      -1.50184,      -1.01297,  -69.3166E-03
F:/Desktop/DeepOnet_Abaqus/StaticElasticJob.odb,Step-1,Increment      1: Step Time =    1.000,"PLATE-1",           971,             1,      -1.06533,   932.539E-03,            0.,"ASSEMBLY_PLATE-1__PICKEDSET2","ROCK","",      -1.00399,      -1.53189,      -1.52573,      -1.01015,  -56.7145E-03
F:/Desktop/DeepOnet_Abaqus/StaticElasticJob.odb,Step-1,Increment      1: Step Time =    1.000,"PLATE-1",           972,             1,      -1.30166,       1.04680,            0.,"ASSEMBLY_PLATE-1__PICKEDSET2","ROCK","",      -1.00535,      -1.53878,      -1.53463,      -1.00950,  -46.8729E-03
F:/Desktop/DeepOnet_Abaqus/StaticElasticJob.odb,Step-1,Increment      1: Step Time =    1.000,"PLATE-1",           973,             1,      -1.32477,       1.16609,            0.,"ASSEMBLY_PLATE-1__PICKEDSET2","ROCK","",      -1.00265,      -1.54666,      -1.54305,      -1.00626,  -44.1740E-03
F:/Desktop/DeepOnet_Abaqus/StaticElasticJob.odb,Step-1,Increment      1: Step Time =    1.000,"PLATE-1",           974,             1,      -1.36774,       1.08366,            0.,"ASSEMBLY_PLATE-1__PICKEDSET2","ROCK","",      -1.00528,      -1.54102,      -1.53738,      -1.00891,  -43.9974E-03
F:/Desktop/DeepOnet_Abaqus/StaticElasticJob.odb,Step-1,Increment      1: Step Time =    1.000,"PLATE-1",           975,             1,      -1.34332,   937.431E-03,            0.,"ASSEMBLY_PLATE-1__PICKEDSET2","ROCK","",      -1.01021,      -1.52933,      -1.52532,      -1.01422,  -45.4446E-03
F:/Desktop/DeepOnet_Abaqus/StaticElasticJob.odb,Step-1,Increment      1: Step Time =    1.000,"PLATE-1",           976,             1,      -1.20032,   841.418E-03,            0.,"ASSEMBLY_PLATE-1__PICKEDSET2","ROCK","",      -1.01162,      -1.52017,      -1.51501,      -1.01678,  -50.9795E-03
F:/Desktop/DeepOnet_Abaqus/StaticElasticJob.odb,Step-1,Increment      1: Step Time =    1.000,"PLATE-1",           977,             1,      -1.07887,   713.864E-03,            0.,"ASSEMBLY_PLATE-1__PICKEDSET2","ROCK","",      -1.01457,      -1.50573,      -1.49903,      -1.02126,  -56.9444E-03
F:/Desktop/DeepOnet_Abaqus/StaticElasticJob.odb,Step-1,Increment      1: Step Time =    1.000,"PLATE-1",           978,             1,  -837.533E-03,   394.592E-03,            0.,"ASSEMBLY_PLATE-1__PICKEDSET2","ROCK","",      -1.03441,      -1.43834,      -1.42701,      -1.04574,  -66.6942E-03
F:/Desktop/DeepOnet_Abaqus/StaticElasticJob.odb,Step-1,Increment      1: Step Time =    1.000,"PLATE-1",           979,             1,  -165.342E-03,   121.423E-03,            0.,"ASSEMBLY_PLATE-1__PICKEDSET2","ROCK","",  -115.003E-03,      -1.58530,  -713.451E-03,  -986.853E-03,  -722.327E-03
F:/Desktop/DeepOnet_Abaqus/StaticElasticJob.odb,Step-1,Increment      1: Step Time =    1.000,"PLATE-1",           980,             1,  -177.996E-03,   101.900E-03,            0.,"ASSEMBLY_PLATE-1__PICKEDSET2","ROCK","",  -118.230E-03,      -1.44951,  -548.911E-03,      -1.01883,  -622.794E-03
F:/Desktop/DeepOnet_Abaqus/StaticElasticJob.odb,Step-1,Increment      1: Step Time =    1.000,"PLATE-1",           981,             1,  -152.056E-03,   138.652E-03,            0.,"ASSEMBLY_PLATE-1__PICKEDSET2","ROCK","",  -137.077E-03,      -1.74326,  -920.885E-03,  -959.456E-03,  -802.862E-03
F:/Desktop/DeepOnet_Abaqus/StaticElasticJob.odb,Step-1,Increment      1: Step Time =    1.000,"PLATE-1",           982,             1,   180.392E-03,   80.4502E-03,            0.,"ASSEMBLY_PLATE-1__PICKEDSET2","ROCK","",  -77.6749E-03,      -1.77090,  -478.343E-03,      -1.37023,   719.644E-03
F:/Desktop/DeepOnet_Abaqus/StaticElasticJob.odb,Step-1,Increment      1: Step Time =    1.000,"PLATE-1",           983,             1,   205.686E-03,   25.8910E-03,            0.,"ASSEMBLY_PLATE-1__PICKEDSET2","ROCK","",  -66.7381E-03,      -1.29051,  -181.134E-03,      -1.17612,   356.242E-03
F:/Desktop/DeepOnet_Abaqus/StaticElasticJob.odb,Step-1,Increment      1: Step Time =    1.000,"PLATE-1",           984,             1,   219.222E-03,  -16.1940E-03,            0.,"ASSEMBLY_PLATE-1__PICKEDSET2","ROCK","",  -122.512E-03,      -1.11892,  -156.415E-03,      -1.08501,   180.643E-03
F:/Desktop/DeepOnet_Abaqus/StaticElasticJob.odb,Step-1,Increment      1: Step Time =    1.000,"PLATE-1",           985,             1,   365.190E-03,  -304.203E-03,            0.,"ASSEMBLY_PLATE-1__PICKEDSET2","ROCK","",  -806.727E-03,      -1.66374,      -1.60814,  -862.324E-03,  -211.083E-03
F:/Desktop/DeepOnet_Abaqus/StaticElasticJob.odb,Step-1,Increment      1: Step Time =    1.000,"PLATE-1",           986,             1,   603.642E-03,  -622.043E-03,            0.,"ASSEMBLY_PLATE-1__PICKEDSET2","ROCK","",  -904.933E-03,      -1.64636,      -1.63632,  -914.969E-03,  -85.6764E-03
F:/Desktop/DeepOnet_Abaqus/StaticElasticJob.odb,Step-1,Increment      1: Step Time =    1.000,"PLATE-1",           987,             1,   764.892E-03,  -778.264E-03,            0.,"ASSEMBLY_PLATE-1__PICKEDSET2","ROCK","",  -942.276E-03,      -1.62610,      -1.61820,  -950.180E-03,  -73.0946E-03
F:/Desktop/DeepOnet_Abaqus/StaticElasticJob.odb,Step-1,Increment      1: Step Time =    1.000,"PLATE-1",           988,             1,       1.01603,  -859.574E-03,            0.,"ASSEMBLY_PLATE-1__PICKEDSET2","ROCK","",  -981.087E-03,      -1.60099,      -1.59359,  -988.491E-03,  -67.3427E-03
F:/Desktop/DeepOnet_Abaqus/StaticElasticJob.odb,Step-1,Increment      1: Step Time =    1.000,"PLATE-1",           989,             1,       1.18557,      -1.09282,            0.,"ASSEMBLY_PLATE-1__PICKEDSET2","ROCK","",  -997.232E-03,      -1.58769,      -1.58358,      -1.00134,  -49.0690E-03
F:/Desktop/DeepOnet_Abaqus/StaticElasticJob.odb,Step-1,Increment      1: Step Time =    1.000,"PLATE-1",           990,             1,       1.47015,      -1.25123,            0.,"ASSEMBLY_PLATE-1__PICKEDSET2","ROCK","",      -1.01116,      -1.57442,      -1.57204,      -1.01354,  -36.5573E-03
F:/Desktop/DeepOnet_Abaqus/StaticElasticJob.odb,Step-1,Increment      1: Step Time =    1.000,"PLATE-1",           991,             1,       1.38252,      -1.16265,            0.,"ASSEMBLY_PLATE-1__PICKEDSET2","ROCK","",      -1.00917,      -1.57785,      -1.57477,      -1.01225,  -41.7524E-03
F:/Desktop/DeepOnet_Abaqus/StaticElasticJob.odb,Step-1,Increment      1: Step Time =    1.000,"PLATE-1",           992,             1,       1.37911,      -1.07925,            0.,"ASSEMBLY_PLATE-1__PICKEDSET2","ROCK","",      -1.01171,      -1.57780,      -1.57426,      -1.01525,  -44.6563E-03
F:/Desktop/DeepOnet_Abaqus/StaticElasticJob.odb,Step-1,Increment      1: Step Time =    1.000,"PLATE-1",           993,             1,       1.30078,      -1.00418,            0.,"ASSEMBLY_PLATE-1__PICKEDSET2","ROCK","",      -1.00717,      -1.58224,      -1.57774,      -1.01167,  -50.6623E-03
F:/Desktop/DeepOnet_Abaqus/StaticElasticJob.odb,Step-1,Increment      1: Step Time =    1.000,"PLATE-1",           994,             1,       1.12671,  -876.954E-03,            0.,"ASSEMBLY_PLATE-1__PICKEDSET2","ROCK","",  -993.735E-03,      -1.59303,      -1.58600,      -1.00076,  -64.4930E-03
F:/Desktop/DeepOnet_Abaqus/StaticElasticJob.odb,Step-1,Increment      1: Step Time =    1.000,"PLATE-1",           995,             1,       1.01958,  -642.837E-03,            0.,"ASSEMBLY_PLATE-1__PICKEDSET2","ROCK","",  -982.957E-03,      -1.59937,      -1.58736,  -994.975E-03,  -85.2281E-03
F:/Desktop/DeepOnet_Abaqus/StaticElasticJob.odb,Step-1,Increment      1: Step Time =    1.000,"PLATE-1",           996,             1,   763.352E-03,  -514.418E-03,            0.,"ASSEMBLY_PLATE-1__PICKEDSET2","ROCK","",  -929.032E-03,      -1.61768,      -1.60125,  -945.459E-03,  -105.085E-03
F:/Desktop/DeepOnet_Abaqus/StaticElasticJob.odb,Step-1,Increment      1: Step Time =    1.000,"PLATE-1",           997,             1,   190.996E-03,  -161.190E-03,            0.,"ASSEMBLY_PLATE-1__PICKEDSET2","ROCK","",  -390.860E-03,      -2.56407,      -1.50762,      -1.44731,      -1.08619
F:/Desktop/DeepOnet_Abaqus/StaticElasticJob.odb,Step-1,Increment      1: Step Time =    1.000,"PLATE-1",           998,             1,   184.846E-03,  -208.028E-03,            0.,"ASSEMBLY_PLATE-1__PICKEDSET2","ROCK","",  -653.906E-03,      -2.11765,      -1.77359,  -997.961E-03,  -620.672E-03
F:/Desktop/DeepOnet_Abaqus/StaticElasticJob.odb,Step-1,Increment      1: Step Time =    1.000,"PLATE-1",           999,             1,      -1.54263,   53.1737E-03,            0.,"ASSEMBLY_PLATE-1__PICKEDSET2","ROCK","",      -1.03721,      -1.48805,      -1.48792,      -1.03735,   7.78253E-03
F:/Desktop/DeepOnet_Abaqus/StaticElasticJob.odb,Step-1,Increment      1: Step Time =    1.000,"PLATE-1",          1000,             1,      -1.53927,   154.167E-03,            0.,"ASSEMBLY_PLATE-1__PICKEDSET2","ROCK","",      -1.03816,      -1.48699,      -1.48698,      -1.03817,   1.25661E-03
F:/Desktop/DeepOnet_Abaqus/StaticElasticJob.odb,Step-1,Increment      1: Step Time =    1.000,"PLATE-1",          1001,             1,      -1.55258,   353.684E-03,            0.,"ASSEMBLY_PLATE-1__PICKEDSET2","ROCK","",      -1.03457,      -1.49316,      -1.49267,      -1.03506,  -14.9926E-03
F:/Desktop/DeepOnet_Abaqus/StaticElasticJob.odb,Step-1,Increment      1: Step Time =    1.000,"PLATE-1",          1002,             1,      -1.55221,   551.338E-03,            0.,"ASSEMBLY_PLATE-1__PICKEDSET2","ROCK","",      -1.02815,      -1.50310,      -1.50163,      -1.02961,  -26.3423E-03
F:/Desktop/DeepOnet_Abaqus/StaticElasticJob.odb,Step-1,Increment      1: Step Time =    1.000,"PLATE-1",          1003,             1,      -1.45902,   649.609E-03,            0.,"ASSEMBLY_PLATE-1__PICKEDSET2","ROCK","",      -1.02438,      -1.50664,      -1.50422,      -1.02680,  -34.0977E-03
F:/Desktop/DeepOnet_Abaqus/StaticElasticJob.odb,Step-1,Increment      1: Step Time =    1.000,"PLATE-1",          1004,             1,      -1.21945,   625.757E-03,            0.,"ASSEMBLY_PLATE-1__PICKEDSET2","ROCK","",      -1.02419,      -1.49631,      -1.49187,      -1.02864,  -45.5826E-03
F:/Desktop/DeepOnet_Abaqus/StaticElasticJob.odb,Step-1,Increment      1: Step Time =    1.000,"PLATE-1",          1005,             1,      -1.22960,   685.664E-03,            0.,"ASSEMBLY_PLATE-1__PICKEDSET2","ROCK","",      -1.02088,      -1.50311,      -1.49852,      -1.02547,  -46.8271E-03
F:/Desktop/DeepOnet_Abaqus/StaticElasticJob.odb,Step-1,Increment      1: Step Time =    1.000,"PLATE-1",          1006,             1,       1.30774,  -52.7983E-03,            0.,"ASSEMBLY_PLATE-1__PICKEDSET2","ROCK","",      -1.10266,      -1.61607,      -1.60806,      -1.11068,  -63.6428E-03
F:/Desktop/DeepOnet_Abaqus/StaticElasticJob.odb,Step-1,Increment      1: Step Time =    1.000,"PLATE-1",          1007,             1,       1.55711,  -53.4151E-03,            0.,"ASSEMBLY_PLATE-1__PICKEDSET2","ROCK","",      -1.08980,      -1.61165,      -1.61011,      -1.09134,  -28.3017E-03
F:/Desktop/DeepOnet_Abaqus/StaticElasticJob.odb,Step-1,Increment      1: Step Time =    1.000,"PLATE-1",          1008,             1,      -1.45571,   457.840E-03,            0.,"ASSEMBLY_PLATE-1__PICKEDSET2","ROCK","",      -1.03282,      -1.49245,      -1.49111,      -1.03416,  -24.8159E-03
F:/Desktop/DeepOnet_Abaqus/StaticElasticJob.odb,Step-1,Increment      1: Step Time =    1.000,"PLATE-1",          1009,             1,       1.42961,       1.11259,            0.,"ASSEMBLY_PLATE-1__PICKEDSET2","ROCK","",  -647.505E-03,      -1.46969,      -1.21251,  -904.692E-03,   381.197E-03
F:/Desktop/DeepOnet_Abaqus/StaticElasticJob.odb,Step-1,Increment      1: Step Time =    1.000,"PLATE-1",          1010,             1,       1.52992,       1.24092,            0.,"ASSEMBLY_PLATE-1__PICKEDSET2","ROCK","",  -781.481E-03,      -1.50915,      -1.37908,  -911.546E-03,   278.797E-03
F:/Desktop/DeepOnet_Abaqus/StaticElasticJob.odb,Step-1,Increment      1: Step Time =    1.000,"PLATE-1",          1011,             1,       1.26277,       1.33277,            0.,"ASSEMBLY_PLATE-1__PICKEDSET2","ROCK","",  -596.415E-03,      -1.73012,      -1.66798,  -658.548E-03,   258.032E-03
F:/Desktop/DeepOnet_Abaqus/StaticElasticJob.odb,Step-1,Increment      1: Step Time =    1.000,"PLATE-1",          1012,             1,      -1.13613,       1.44842,            0.,"ASSEMBLY_PLATE-1__PICKEDSET2","ROCK","",  -993.908E-03,      -1.56867,      -1.56560,  -996.975E-03,  -41.8747E-03
F:/Desktop/DeepOnet_Abaqus/StaticElasticJob.odb,Step-1,Increment      1: Step Time =    1.000,"PLATE-1",          1013,             1,      -1.22888,       1.44216,            0.,"ASSEMBLY_PLATE-1__PICKEDSET2","ROCK","",  -995.323E-03,      -1.56513,      -1.56228,  -998.182E-03,  -40.2593E-03
F:/Desktop/DeepOnet_Abaqus/StaticElasticJob.odb,Step-1,Increment      1: Step Time =    1.000,"PLATE-1",          1014,             1,      -1.21918,       1.36036,            0.,"ASSEMBLY_PLATE-1__PICKEDSET2","ROCK","",  -996.302E-03,      -1.56125,      -1.55787,  -999.678E-03,  -43.5407E-03
F:/Desktop/DeepOnet_Abaqus/StaticElasticJob.odb,Step-1,Increment      1: Step Time =    1.000,"PLATE-1",          1015,             1,      -1.03484,       1.44206,            0.,"ASSEMBLY_PLATE-1__PICKEDSET2","ROCK","",  -992.630E-03,      -1.57221,      -1.56879,  -996.050E-03,  -44.3905E-03
F:/Desktop/DeepOnet_Abaqus/StaticElasticJob.odb,Step-1,Increment      1: Step Time =    1.000,"PLATE-1",          1016,             1,  -889.696E-03,       1.36088,            0.,"ASSEMBLY_PLATE-1__PICKEDSET2","ROCK","",  -992.240E-03,      -1.57303,      -1.56880,  -996.466E-03,  -49.3624E-03
F:/Desktop/DeepOnet_Abaqus/StaticElasticJob.odb,Step-1,Increment      1: Step Time =    1.000,"PLATE-1",          1017,             1,  -788.620E-03,       1.40265,            0.,"ASSEMBLY_PLATE-1__PICKEDSET2","ROCK","",  -991.325E-03,      -1.58089,      -1.57676,  -995.456E-03,  -49.1808E-03
F:/Desktop/DeepOnet_Abaqus/StaticElasticJob.odb,Step-1,Increment      1: Step Time =    1.000,"PLATE-1",          1018,             1,  -694.988E-03,       1.30862,            0.,"ASSEMBLY_PLATE-1__PICKEDSET2","ROCK","",  -992.460E-03,      -1.57841,      -1.57313,  -997.734E-03,  -55.3380E-03
F:/Desktop/DeepOnet_Abaqus/StaticElasticJob.odb,Step-1,Increment      1: Step Time =    1.000,"PLATE-1",          1019,             1,  -323.679E-03,       1.46645,            0.,"ASSEMBLY_PLATE-1__PICKEDSET2","ROCK","",  -995.696E-03,      -1.61459,      -1.60963,      -1.00065,  -55.1737E-03
F:/Desktop/DeepOnet_Abaqus/StaticElasticJob.odb,Step-1,Increment      1: Step Time =    1.000,"PLATE-1",          1020,             1,   152.468E-03,       1.54892,            0.,"ASSEMBLY_PLATE-1__PICKEDSET2","ROCK","",      -1.01855,      -1.69118,      -1.68860,      -1.02113,  -41.6349E-03
F:/Desktop/DeepOnet_Abaqus/StaticElasticJob.odb,Step-1,Increment      1: Step Time =    1.000,"PLATE-1",          1021,             1,   361.151E-03,       1.26641,            0.,"ASSEMBLY_PLATE-1__PICKEDSET2","ROCK","",      -1.00114,      -1.82277,      -1.79234,      -1.03157,  -155.160E-03
F:/Desktop/DeepOnet_Abaqus/StaticElasticJob.odb,Step-1,Increment      1: Step Time =    1.000,"PLATE-1",          1022,             1,   253.899E-03,       1.54341,            0.,"ASSEMBLY_PLATE-1__PICKEDSET2","ROCK","",      -1.03882,      -1.70711,      -1.70498,      -1.04094,  -37.5883E-03
F:/Desktop/DeepOnet_Abaqus/StaticElasticJob.odb,Step-1,Increment      1: Step Time =    1.000,"PLATE-1",          1023,             1,   188.552E-03,       1.30000,            0.,"ASSEMBLY_PLATE-1__PICKEDSET2","ROCK","",  -999.070E-03,      -1.71116,      -1.69042,      -1.01980,  -119.730E-03
F:/Desktop/DeepOnet_Abaqus/StaticElasticJob.odb,Step-1,Increment      1: Step Time =    1.000,"PLATE-1",          1024,             1,   336.258E-03,       1.09440,            0.,"ASSEMBLY_PLATE-1__PICKEDSET2","ROCK","",      -1.00070,      -1.67220,      -1.53852,      -1.13438,  -268.134E-03
F:/Desktop/DeepOnet_Abaqus/StaticElasticJob.odb,Step-1,Increment      1: Step Time =    1.000,"PLATE-1",          1025,             1,   468.051E-03,       1.46530,            0.,"ASSEMBLY_PLATE-1__PICKEDSET2","ROCK","",      -1.09555,      -1.77992,      -1.77734,      -1.09812,  -41.8949E-03
F:/Desktop/DeepOnet_Abaqus/StaticElasticJob.odb,Step-1,Increment      1: Step Time =    1.000,"PLATE-1",          1026,             1,   557.387E-03,       1.46853,            0.,"ASSEMBLY_PLATE-1__PICKEDSET2","ROCK","",      -1.13800,      -1.77423,      -1.77037,      -1.14186,  -49.4074E-03
F:/Desktop/DeepOnet_Abaqus/StaticElasticJob.odb,Step-1,Increment      1: Step Time =    1.000,"PLATE-1",          1027,             1,   571.962E-03,       1.30834,            0.,"ASSEMBLY_PLATE-1__PICKEDSET2","ROCK","",      -1.13885,      -1.95315,      -1.94106,      -1.15094,  -98.4883E-03
F:/Desktop/DeepOnet_Abaqus/StaticElasticJob.odb,Step-1,Increment      1: Step Time =    1.000,"PLATE-1",          1028,             1,   877.341E-03,       1.34694,            0.,"ASSEMBLY_PLATE-1__PICKEDSET2","ROCK","",  -828.534E-03,      -2.05672,      -2.04160,  -843.658E-03,  -135.450E-03
F:/Desktop/DeepOnet_Abaqus/StaticElasticJob.odb,Step-1,Increment      1: Step Time =    1.000,"PLATE-1",          1029,             1,   711.567E-03,       1.41025,            0.,"ASSEMBLY_PLATE-1__PICKEDSET2","ROCK","",      -1.15648,      -1.88708,      -1.85457,      -1.18899,  -150.654E-03
F:/Desktop/DeepOnet_Abaqus/StaticElasticJob.odb,Step-1,Increment      1: Step Time =    1.000,"PLATE-1",          1030,             1,   986.941E-03,       1.45419,            0.,"ASSEMBLY_PLATE-1__PICKEDSET2","ROCK","",  -778.129E-03,      -1.88246,      -1.87918,  -781.409E-03,  -60.0894E-03
F:/Desktop/DeepOnet_Abaqus/StaticElasticJob.odb,Step-1,Increment      1: Step Time =    1.000,"PLATE-1",          1031,             1,       1.11832,       1.42119,            0.,"ASSEMBLY_PLATE-1__PICKEDSET2","ROCK","",  -696.085E-03,      -1.80056,      -1.79594,  -700.713E-03,   71.3420E-03
F:/Desktop/DeepOnet_Abaqus/StaticElasticJob.odb,Step-1,Increment      1: Step Time =    1.000,"PLATE-1",          1032,             1,   53.1240E-03,       1.39190,            0.,"ASSEMBLY_PLATE-1__PICKEDSET2","ROCK","",      -1.00118,      -1.67142,      -1.66184,      -1.01077,  -79.5757E-03
F:/Desktop/DeepOnet_Abaqus/StaticElasticJob.odb,Step-1,Increment      1: Step Time =    1.000,"PLATE-1",          1033,             1,   52.8424E-03,       1.55329,            0.,"ASSEMBLY_PLATE-1__PICKEDSET2","ROCK","",      -1.00902,      -1.67042,      -1.66691,      -1.01252,  -48.0247E-03
F:/Desktop/DeepOnet_Abaqus/StaticElasticJob.odb,Step-1,Increment      1: Step Time =    1.000,"PLATE-1",          1034,             1,      -1.47782,       1.35007,            0.,"ASSEMBLY_PLATE-1__PICKEDSET2","ROCK","",      -1.00062,      -1.55486,      -1.55234,      -1.00314,  -37.2862E-03
F:/Desktop/DeepOnet_Abaqus/StaticElasticJob.odb,Step-1,Increment      1: Step Time =    1.000,"PLATE-1",          1035,             1,      -1.20069,       1.19919,            0.,"ASSEMBLY_PLATE-1__PICKEDSET2","ROCK","",  -999.254E-03,      -1.55176,      -1.54760,      -1.00342,  -47.7870E-03
F:/Desktop/DeepOnet_Abaqus/StaticElasticJob.odb,Step-1,Increment      1: Step Time =    1.000,"PLATE-1",          1036,             1,  -926.097E-03,   797.797E-03,            0.,"ASSEMBLY_PLATE-1__PICKEDSET2","ROCK","",      -1.00406,      -1.51989,      -1.51169,      -1.01226,  -64.5180E-03
F:/Desktop/DeepOnet_Abaqus/StaticElasticJob.odb,Step-1,Increment      1: Step Time =    1.000,"PLATE-1",          1037,             1,  -780.041E-03,   719.494E-03,            0.,"ASSEMBLY_PLATE-1__PICKEDSET2","ROCK","",  -999.119E-03,      -1.51365,      -1.50313,      -1.00963,  -72.7940E-03
F:/Desktop/DeepOnet_Abaqus/StaticElasticJob.odb,Step-1,Increment      1: Step Time =    1.000,"PLATE-1",          1038,             1,  -618.326E-03,   523.559E-03,            0.,"ASSEMBLY_PLATE-1__PICKEDSET2","ROCK","",  -982.496E-03,      -1.49271,      -1.47367,      -1.00154,  -96.7141E-03
F:/Desktop/DeepOnet_Abaqus/StaticElasticJob.odb,Step-1,Increment      1: Step Time =    1.000,"PLATE-1",          1039,             1,  -588.216E-03,   353.480E-03,            0.,"ASSEMBLY_PLATE-1__PICKEDSET2","ROCK","",  -985.940E-03,      -1.43852,      -1.40048,      -1.02398,  -125.578E-03
F:/Desktop/DeepOnet_Abaqus/StaticElasticJob.odb,Step-1,Increment      1: Step Time =    1.000,"PLATE-1",          1040,             1,  -947.379E-03,       1.15894,            0.,"ASSEMBLY_PLATE-1__PICKEDSET2","ROCK","",  -995.614E-03,      -1.55675,      -1.55121,      -1.00115,  -55.4500E-03
F:/Desktop/DeepOnet_Abaqus/StaticElasticJob.odb,Step-1,Increment      1: Step Time =    1.000,"PLATE-1",          1041,             1,  -835.062E-03,       1.17447,            0.,"ASSEMBLY_PLATE-1__PICKEDSET2","ROCK","",  -994.056E-03,      -1.56209,      -1.55616,  -999.987E-03,  -57.7368E-03
F:/Desktop/DeepOnet_Abaqus/StaticElasticJob.odb,Step-1,Increment      1: Step Time =    1.000,"PLATE-1",          1042,             1,  -724.746E-03,       1.13339,            0.,"ASSEMBLY_PLATE-1__PICKEDSET2","ROCK","",  -994.223E-03,      -1.56208,      -1.55547,      -1.00083,  -60.9134E-03
F:/Desktop/DeepOnet_Abaqus/StaticElasticJob.odb,Step-1,Increment      1: Step Time =    1.000,"PLATE-1",          1043,             1,  -523.533E-03,       1.16216,            0.,"ASSEMBLY_PLATE-1__PICKEDSET2","ROCK","",  -997.662E-03,      -1.57059,      -1.56317,      -1.00508,  -64.7734E-03
F:/Desktop/DeepOnet_Abaqus/StaticElasticJob.odb,Step-1,Increment      1: Step Time =    1.000,"PLATE-1",          1044,             1,  -658.941E-03,       1.12600,            0.,"ASSEMBLY_PLATE-1__PICKEDSET2","ROCK","",  -995.023E-03,      -1.56342,      -1.55649,      -1.00195,  -62.3739E-03
F:/Desktop/DeepOnet_Abaqus/StaticElasticJob.odb,Step-1,Increment      1: Step Time =    1.000,"PLATE-1",          1045,             1,  -333.673E-03,       1.14084,            0.,"ASSEMBLY_PLATE-1__PICKEDSET2","ROCK","",      -1.00815,      -1.57189,      -1.56222,      -1.01782,  -73.1791E-03
F:/Desktop/DeepOnet_Abaqus/StaticElasticJob.odb,Step-1,Increment      1: Step Time =    1.000,"PLATE-1",          1046,             1,  -82.1268E-03,       1.26721,            0.,"ASSEMBLY_PLATE-1__PICKEDSET2","ROCK","",      -1.00440,      -1.61999,      -1.60489,      -1.01951,  -95.2432E-03
F:/Desktop/DeepOnet_Abaqus/StaticElasticJob.odb,Step-1,Increment      1: Step Time =    1.000,"PLATE-1",          1047,             1,  -28.9654E-03,       1.24808,            0.,"ASSEMBLY_PLATE-1__PICKEDSET2","ROCK","",      -1.00818,      -1.62387,      -1.60550,      -1.02655,  -104.749E-03
F:/Desktop/DeepOnet_Abaqus/StaticElasticJob.odb,Step-1,Increment      1: Step Time =    1.000,"PLATE-1",          1048,             1,   81.8467E-03,       1.20952,            0.,"ASSEMBLY_PLATE-1__PICKEDSET2","ROCK","",      -1.01011,      -1.63547,      -1.60634,      -1.03924,  -131.787E-03
F:/Desktop/DeepOnet_Abaqus/StaticElasticJob.odb,Step-1,Increment      1: Step Time =    1.000,"PLATE-1",          1049,             1,       1.13554,       1.24402,            0.,"ASSEMBLY_PLATE-1__PICKEDSET2","ROCK","",  -481.326E-03,      -1.81741,      -1.75082,  -547.916E-03,   290.752E-03
F:/Desktop/DeepOnet_Abaqus/StaticElasticJob.odb,Step-1,Increment      1: Step Time =    1.000,"PLATE-1",          1050,             1,       1.18435,       1.37533,            0.,"ASSEMBLY_PLATE-1__PICKEDSET2","ROCK","",  -643.791E-03,      -1.80509,      -1.78406,  -664.825E-03,   154.867E-03
F:/Desktop/DeepOnet_Abaqus/StaticElasticJob.odb,Step-1,Increment      1: Step Time =    1.000,"PLATE-1",          1051,             1,  -774.747E-03,       1.05331,            0.,"ASSEMBLY_PLATE-1__PICKEDSET2","ROCK","",  -995.161E-03,      -1.55266,      -1.54553,      -1.00229,  -62.6557E-03
F:/Desktop/DeepOnet_Abaqus/StaticElasticJob.odb,Step-1,Increment      1: Step Time =    1.000,"PLATE-1",          1052,             1,  -660.876E-03,       1.05447,            0.,"ASSEMBLY_PLATE-1__PICKEDSET2","ROCK","",  -995.611E-03,      -1.55613,      -1.54870,      -1.00304,  -64.0969E-03
F:/Desktop/DeepOnet_Abaqus/StaticElasticJob.odb,Step-1,Increment      1: Step Time =    1.000,"PLATE-1",          1053,             1,  -536.793E-03,       1.09486,            0.,"ASSEMBLY_PLATE-1__PICKEDSET2","ROCK","",  -998.678E-03,      -1.56261,      -1.55505,      -1.00624,  -64.8507E-03
F:/Desktop/DeepOnet_Abaqus/StaticElasticJob.odb,Step-1,Increment      1: Step Time =    1.000,"PLATE-1",          1054,             1,  -347.342E-03,       1.08441,            0.,"ASSEMBLY_PLATE-1__PICKEDSET2","ROCK","",      -1.01088,      -1.56127,      -1.55205,      -1.02009,  -70.6273E-03
F:/Desktop/DeepOnet_Abaqus/StaticElasticJob.odb,Step-1,Increment      1: Step Time =    1.000,"PLATE-1",          1055,             1,  -404.039E-03,       1.11110,            0.,"ASSEMBLY_PLATE-1__PICKEDSET2","ROCK","",      -1.00494,      -1.56574,      -1.55720,      -1.01349,  -68.6833E-03
F:/Desktop/DeepOnet_Abaqus/StaticElasticJob.odb,Step-1,Increment      1: Step Time =    1.000,"PLATE-1",          1056,             1,  -717.654E-03,       1.05889,            0.,"ASSEMBLY_PLATE-1__PICKEDSET2","ROCK","",  -994.991E-03,      -1.55444,      -1.54715,      -1.00227,  -63.4187E-03
F:/Desktop/DeepOnet_Abaqus/StaticElasticJob.odb,Step-1,Increment      1: Step Time =    1.000,"PLATE-1",          1057,             1,  -597.105E-03,       1.11267,            0.,"ASSEMBLY_PLATE-1__PICKEDSET2","ROCK","",  -996.246E-03,      -1.56357,      -1.55627,      -1.00355,  -63.9356E-03
F:/Desktop/DeepOnet_Abaqus/StaticElasticJob.odb,Step-1,Increment      1: Step Time =    1.000,"PLATE-1",          1058,             1,  -289.154E-03,       1.12562,            0.,"ASSEMBLY_PLATE-1__PICKEDSET2","ROCK","",      -1.01264,      -1.56836,      -1.55772,      -1.02328,  -76.1641E-03
F:/Desktop/DeepOnet_Abaqus/StaticElasticJob.odb,Step-1,Increment      1: Step Time =    1.000,"PLATE-1",          1059,             1,  -119.220E-03,       1.06096,            0.,"ASSEMBLY_PLATE-1__PICKEDSET2","ROCK","",      -1.03425,      -1.54724,      -1.53040,      -1.05109,  -91.3905E-03
F:/Desktop/DeepOnet_Abaqus/StaticElasticJob.odb,Step-1,Increment      1: Step Time =    1.000,"PLATE-1",          1060,             1,   198.555E-03,       1.05634,            0.,"ASSEMBLY_PLATE-1__PICKEDSET2","ROCK","",      -1.04070,      -1.56353,      -1.49311,      -1.11112,  -178.489E-03
F:/Desktop/DeepOnet_Abaqus/StaticElasticJob.odb,Step-1,Increment      1: Step Time =    1.000,"PLATE-1",          1061,             1,   119.473E-03,       1.10867,            0.,"ASSEMBLY_PLATE-1__PICKEDSET2","ROCK","",      -1.03126,      -1.58250,      -1.53216,      -1.08160,  -158.793E-03
F:/Desktop/DeepOnet_Abaqus/StaticElasticJob.odb,Step-1,Increment      1: Step Time =    1.000,"PLATE-1",          1062,             1,       1.10512,       1.09233,            0.,"ASSEMBLY_PLATE-1__PICKEDSET2","ROCK","",  -237.561E-03,      -1.66565,      -1.39617,  -507.034E-03,   558.761E-03
F:/Desktop/DeepOnet_Abaqus/StaticElasticJob.odb,Step-1,Increment      1: Step Time =    1.000,"PLATE-1",          1063,             1,       1.54681,       1.04077,            0.,"ASSEMBLY_PLATE-1__PICKEDSET2","ROCK","",  -855.192E-03,      -1.35001,      -1.13318,      -1.07202,   245.510E-03
F:/Desktop/DeepOnet_Abaqus/StaticElasticJob.odb,Step-1,Increment      1: Step Time =    1.000,"PLATE-1",          1064,             1,       1.55204,   942.521E-03,            0.,"ASSEMBLY_PLATE-1__PICKEDSET2","ROCK","",  -934.421E-03,      -1.27800,      -1.05440,      -1.15802,   163.790E-03
F:/Desktop/DeepOnet_Abaqus/StaticElasticJob.odb,Step-1,Increment      1: Step Time =    1.000,"PLATE-1",          1065,             1,      -1.26332,   979.844E-03,            0.,"ASSEMBLY_PLATE-1__PICKEDSET2","ROCK","",      -1.00677,      -1.53424,      -1.52975,      -1.01126,  -48.4652E-03
F:/Desktop/DeepOnet_Abaqus/StaticElasticJob.odb,Step-1,Increment      1: Step Time =    1.000,"PLATE-1",          1066,             1,      -1.23447,   907.797E-03,            0.,"ASSEMBLY_PLATE-1__PICKEDSET2","ROCK","",      -1.00904,      -1.52730,      -1.52239,      -1.01396,  -50.2355E-03
F:/Desktop/DeepOnet_Abaqus/StaticElasticJob.odb,Step-1,Increment      1: Step Time =    1.000,"PLATE-1",          1067,             1,      -1.39083,   821.418E-03,            0.,"ASSEMBLY_PLATE-1__PICKEDSET2","ROCK","",      -1.01603,      -1.51943,      -1.51591,      -1.01955,  -41.9623E-03
F:/Desktop/DeepOnet_Abaqus/StaticElasticJob.odb,Step-1,Increment      1: Step Time =    1.000,"PLATE-1",          1068,             1,      -1.31180,   725.028E-03,            0.,"ASSEMBLY_PLATE-1__PICKEDSET2","ROCK","",      -1.01995,      -1.50886,      -1.50496,      -1.02386,  -43.5087E-03
F:/Desktop/DeepOnet_Abaqus/StaticElasticJob.odb,Step-1,Increment      1: Step Time =    1.000,"PLATE-1",          1069,             1,      -1.37296,   721.362E-03,            0.,"ASSEMBLY_PLATE-1__PICKEDSET2","ROCK","",      -1.02061,      -1.51003,      -1.50663,      -1.02401,  -40.6406E-03
F:/Desktop/DeepOnet_Abaqus/StaticElasticJob.odb,Step-1,Increment      1: Step Time =    1.000,"PLATE-1",          1070,             1,  -993.247E-03,   892.515E-03,            0.,"ASSEMBLY_PLATE-1__PICKEDSET2","ROCK","",      -1.00334,      -1.52919,      -1.52224,      -1.01029,  -60.0457E-03
F:/Desktop/DeepOnet_Abaqus/StaticElasticJob.odb,Step-1,Increment      1: Step Time =    1.000,"PLATE-1",          1071,             1,      -1.00730,   806.424E-03,            0.,"ASSEMBLY_PLATE-1__PICKEDSET2","ROCK","",      -1.00701,      -1.51906,      -1.51182,      -1.01425,  -60.4899E-03
F:/Desktop/DeepOnet_Abaqus/StaticElasticJob.odb,Step-1,Increment      1: Step Time =    1.000,"PLATE-1",          1072,             1,  -631.410E-03,   835.197E-03,            0.,"ASSEMBLY_PLATE-1__PICKEDSET2","ROCK","",  -994.503E-03,      -1.53438,      -1.52543,      -1.00345,  -68.9310E-03
F:/Desktop/DeepOnet_Abaqus/StaticElasticJob.odb,Step-1,Increment      1: Step Time =    1.000,"PLATE-1",          1073,             1,  -503.402E-03,   822.379E-03,            0.,"ASSEMBLY_PLATE-1__PICKEDSET2","ROCK","",  -996.696E-03,      -1.53551,      -1.52752,      -1.00468,  -65.0939E-03
F:/Desktop/DeepOnet_Abaqus/StaticElasticJob.odb,Step-1,Increment      1: Step Time =    1.000,"PLATE-1",          1074,             1,  -379.969E-03,   705.312E-03,            0.,"ASSEMBLY_PLATE-1__PICKEDSET2","ROCK","",  -995.542E-03,      -1.53063,      -1.52583,      -1.00034,  -50.4463E-03
F:/Desktop/DeepOnet_Abaqus/StaticElasticJob.odb,Step-1,Increment      1: Step Time =    1.000,"PLATE-1",          1075,             1,  -548.262E-03,       1.03228,            0.,"ASSEMBLY_PLATE-1__PICKEDSET2","ROCK","",  -998.362E-03,      -1.55547,      -1.54768,      -1.00615,  -65.4091E-03
F:/Desktop/DeepOnet_Abaqus/StaticElasticJob.odb,Step-1,Increment      1: Step Time =    1.000,"PLATE-1",          1076,             1,  -418.214E-03,   834.120E-03,            0.,"ASSEMBLY_PLATE-1__PICKEDSET2","ROCK","",      -1.00416,      -1.53434,      -1.52761,      -1.01089,  -59.3313E-03
F:/Desktop/DeepOnet_Abaqus/StaticElasticJob.odb,Step-1,Increment      1: Step Time =    1.000,"PLATE-1",          1077,             1,  -186.208E-03,   676.865E-03,            0.,"ASSEMBLY_PLATE-1__PICKEDSET2","ROCK","",      -1.03163,      -1.51531,      -1.51520,      -1.03175,  -7.48114E-03
F:/Desktop/DeepOnet_Abaqus/StaticElasticJob.odb,Step-1,Increment      1: Step Time =    1.000,"PLATE-1",          1078,             1,  -40.0295E-03,   499.435E-03,            0.,"ASSEMBLY_PLATE-1__PICKEDSET2","ROCK","",      -1.01965,      -1.61007,      -1.59683,      -1.03289,   87.4204E-03
F:/Desktop/DeepOnet_Abaqus/StaticElasticJob.odb,Step-1,Increment      1: Step Time =    1.000,"PLATE-1",          1079,             1,   127.825E-03,   570.581E-03,            0.,"ASSEMBLY_PLATE-1__PICKEDSET2","ROCK","",      -1.04372,      -1.48665,      -1.44762,      -1.08274,   125.552E-03
F:/Desktop/DeepOnet_Abaqus/StaticElasticJob.odb,Step-1,Increment      1: Step Time =    1.000,"PLATE-1",          1080,             1,   200.092E-03,   464.216E-03,            0.,"ASSEMBLY_PLATE-1__PICKEDSET2","ROCK","",  -921.604E-03,      -1.62262,      -1.54898,  -995.252E-03,   214.953E-03
F:/Desktop/DeepOnet_Abaqus/StaticElasticJob.odb,Step-1,Increment      1: Step Time =    1.000,"PLATE-1",          1081,             1,  -613.191E-03,   752.847E-03,            0.,"ASSEMBLY_PLATE-1__PICKEDSET2","ROCK","",  -991.944E-03,      -1.52692,      -1.51704,      -1.00183,  -72.0384E-03
F:/Desktop/DeepOnet_Abaqus/StaticElasticJob.odb,Step-1,Increment      1: Step Time =    1.000,"PLATE-1",          1082,             1,  -556.074E-03,   853.714E-03,            0.,"ASSEMBLY_PLATE-1__PICKEDSET2","ROCK","",  -995.683E-03,      -1.53797,      -1.52965,      -1.00401,  -66.6632E-03
F:/Desktop/DeepOnet_Abaqus/StaticElasticJob.odb,Step-1,Increment      1: Step Time =    1.000,"PLATE-1",          1083,             1,  -682.723E-03,   849.506E-03,            0.,"ASSEMBLY_PLATE-1__PICKEDSET2","ROCK","",  -994.699E-03,      -1.53383,      -1.52476,      -1.00377,  -69.3436E-03
F:/Desktop/DeepOnet_Abaqus/StaticElasticJob.odb,Step-1,Increment      1: Step Time =    1.000,"PLATE-1",          1084,             1,  -358.276E-03,       1.02128,            0.,"ASSEMBLY_PLATE-1__PICKEDSET2","ROCK","",      -1.01237,      -1.55139,      -1.54270,      -1.02106,  -67.9077E-03
F:/Desktop/DeepOnet_Abaqus/StaticElasticJob.odb,Step-1,Increment      1: Step Time =    1.000,"PLATE-1",          1085,             1,  -71.5617E-03,   656.747E-03,            0.,"ASSEMBLY_PLATE-1__PICKEDSET2","ROCK","",      -1.07124,      -1.48711,      -1.48550,      -1.07285,   25.8156E-03
F:/Desktop/DeepOnet_Abaqus/StaticElasticJob.odb,Step-1,Increment      1: Step Time =    1.000,"PLATE-1",          1086,             1,   153.565E-03,   689.305E-03,            0.,"ASSEMBLY_PLATE-1__PICKEDSET2","ROCK","",      -1.10852,      -1.36356,      -1.34893,      -1.12316,   59.3122E-03
F:/Desktop/DeepOnet_Abaqus/StaticElasticJob.odb,Step-1,Increment      1: Step Time =    1.000,"PLATE-1",          1087,             1,  -296.119E-03,       1.00162,            0.,"ASSEMBLY_PLATE-1__PICKEDSET2","ROCK","",      -1.02157,      -1.54367,      -1.53454,      -1.03070,  -68.4302E-03
F:/Desktop/DeepOnet_Abaqus/StaticElasticJob.odb,Step-1,Increment      1: Step Time =    1.000,"PLATE-1",          1088,             1,  -303.220E-03,   932.442E-03,            0.,"ASSEMBLY_PLATE-1__PICKEDSET2","ROCK","",      -1.02246,      -1.53374,      -1.52626,      -1.02994,  -61.3837E-03
F:/Desktop/DeepOnet_Abaqus/StaticElasticJob.odb,Step-1,Increment      1: Step Time =    1.000,"PLATE-1",          1089,             1,  -170.983E-03,   813.728E-03,            0.,"ASSEMBLY_PLATE-1__PICKEDSET2","ROCK","",      -1.05414,      -1.49704,      -1.49392,      -1.05726,  -37.0364E-03
F:/Desktop/DeepOnet_Abaqus/StaticElasticJob.odb,Step-1,Increment      1: Step Time =    1.000,"PLATE-1",          1090,             1,  -104.216E-03,   924.506E-03,            0.,"ASSEMBLY_PLATE-1__PICKEDSET2","ROCK","",      -1.06265,      -1.49712,      -1.48604,      -1.07373,  -68.4863E-03
F:/Desktop/DeepOnet_Abaqus/StaticElasticJob.odb,Step-1,Increment      1: Step Time =    1.000,"PLATE-1",          1091,             1,   210.336E-03,   936.258E-03,            0.,"ASSEMBLY_PLATE-1__PICKEDSET2","ROCK","",      -1.08325,      -1.43388,      -1.35695,      -1.16018,  -145.104E-03
F:/Desktop/DeepOnet_Abaqus/StaticElasticJob.odb,Step-1,Increment      1: Step Time =    1.000,"PLATE-1",          1092,             1,   368.285E-03,   837.473E-03,            0.,"ASSEMBLY_PLATE-1__PICKEDSET2","ROCK","",      -1.09066,      -1.22139,      -1.09853,      -1.21352,  -31.1030E-03
F:/Desktop/DeepOnet_Abaqus/StaticElasticJob.odb,Step-1,Increment      1: Step Time =    1.000,"PLATE-1",          1093,             1,   544.547E-03,   652.457E-03,            0.,"ASSEMBLY_PLATE-1__PICKEDSET2","ROCK","",  -554.422E-03,      -1.46786,      -1.07463,  -947.651E-03,   452.287E-03
F:/Desktop/DeepOnet_Abaqus/StaticElasticJob.odb,Step-1,Increment      1: Step Time =    1.000,"PLATE-1",          1094,             1,   635.349E-03,   562.468E-03,            0.,"ASSEMBLY_PLATE-1__PICKEDSET2","ROCK","",  -412.716E-03,      -1.60801,      -1.28557,  -735.162E-03,   530.516E-03
F:/Desktop/DeepOnet_Abaqus/StaticElasticJob.odb,Step-1,Increment      1: Step Time =    1.000,"PLATE-1",          1095,             1,   733.928E-03,   406.053E-03,            0.,"ASSEMBLY_PLATE-1__PICKEDSET2","ROCK","",  -476.770E-03,      -1.76718,      -1.63084,  -613.105E-03,   396.662E-03
F:/Desktop/DeepOnet_Abaqus/StaticElasticJob.odb,Step-1,Increment      1: Step Time =    1.000,"PLATE-1",          1096,             1,   955.059E-03,   175.789E-03,            0.,"ASSEMBLY_PLATE-1__PICKEDSET2","ROCK","",  -871.451E-03,      -1.75641,      -1.75454,  -873.321E-03,  -40.6324E-03
F:/Desktop/DeepOnet_Abaqus/StaticElasticJob.odb,Step-1,Increment      1: Step Time =    1.000,"PLATE-1",          1097,             1,   952.589E-03,   288.492E-03,            0.,"ASSEMBLY_PLATE-1__PICKEDSET2","ROCK","",  -749.024E-03,      -1.89557,      -1.89557,  -749.027E-03,  -1.69625E-03
F:/Desktop/DeepOnet_Abaqus/StaticElasticJob.odb,Step-1,Increment      1: Step Time =    1.000,"PLATE-1",          1098,             1,       1.06496,   292.183E-03,            0.,"ASSEMBLY_PLATE-1__PICKEDSET2","ROCK","",  -913.862E-03,      -1.93578,      -1.91964,  -930.009E-03,  -127.438E-03
F:/Desktop/DeepOnet_Abaqus/StaticElasticJob.odb,Step-1,Increment      1: Step Time =    1.000,"PLATE-1",          1099,             1,       1.04623,   395.360E-03,            0.,"ASSEMBLY_PLATE-1__PICKEDSET2","ROCK","",  -722.017E-03,      -2.23040,      -2.21757,  -734.849E-03,  -138.534E-03
F:/Desktop/DeepOnet_Abaqus/StaticElasticJob.odb,Step-1,Increment      1: Step Time =    1.000,"PLATE-1",          1100,             1,       1.13310,   248.282E-03,            0.,"ASSEMBLY_PLATE-1__PICKEDSET2","ROCK","",      -1.05841,      -1.83528,      -1.80924,      -1.08446,  -139.831E-03
F:/Desktop/DeepOnet_Abaqus/StaticElasticJob.odb,Step-1,Increment      1: Step Time =    1.000,"PLATE-1",          1101,             1,   120.922E-03,   862.540E-03,            0.,"ASSEMBLY_PLATE-1__PICKEDSET2","ROCK","",      -1.11787,      -1.38855,      -1.36805,      -1.13838,  -71.6227E-03
F:/Desktop/DeepOnet_Abaqus/StaticElasticJob.odb,Step-1,Increment      1: Step Time =    1.000,"PLATE-1",          1102,             1,   294.869E-03,   888.377E-03,            0.,"ASSEMBLY_PLATE-1__PICKEDSET2","ROCK","",      -1.09256,      -1.34917,      -1.24373,      -1.19800,  -126.250E-03
F:/Desktop/DeepOnet_Abaqus/StaticElasticJob.odb,Step-1,Increment      1: Step Time =    1.000,"PLATE-1",          1103,             1,   369.343E-03,   776.711E-03,            0.,"ASSEMBLY_PLATE-1__PICKEDSET2","ROCK","",      -1.05370,      -1.24826,      -1.07074,      -1.23122,   55.0025E-03
F:/Desktop/DeepOnet_Abaqus/StaticElasticJob.odb,Step-1,Increment      1: Step Time =    1.000,"PLATE-1",          1104,             1,   317.881E-03,   707.740E-03,            0.,"ASSEMBLY_PLATE-1__PICKEDSET2","ROCK","",      -1.04725,      -1.29644,      -1.18309,      -1.16059,   124.083E-03
F:/Desktop/DeepOnet_Abaqus/StaticElasticJob.odb,Step-1,Increment      1: Step Time =    1.000,"PLATE-1",          1105,             1,   495.686E-03,   595.965E-03,            0.,"ASSEMBLY_PLATE-1__PICKEDSET2","ROCK","",  -623.412E-03,      -1.49486,      -1.20281,  -915.464E-03,   411.356E-03
F:/Desktop/DeepOnet_Abaqus/StaticElasticJob.odb,Step-1,Increment      1: Step Time =    1.000,"PLATE-1",          1106,             1,   541.527E-03,   474.526E-03,            0.,"ASSEMBLY_PLATE-1__PICKEDSET2","ROCK","",  -561.475E-03,      -1.63980,      -1.40204,  -799.238E-03,   447.052E-03
F:/Desktop/DeepOnet_Abaqus/StaticElasticJob.odb,Step-1,Increment      1: Step Time =    1.000,"PLATE-1",          1107,             1,   584.635E-03,   517.586E-03,            0.,"ASSEMBLY_PLATE-1__PICKEDSET2","ROCK","",  -489.375E-03,      -1.62237,      -1.35610,  -755.649E-03,   480.402E-03
F:/Desktop/DeepOnet_Abaqus/StaticElasticJob.odb,Step-1,Increment      1: Step Time =    1.000,"PLATE-1",          1108,             1,   620.456E-03,   469.880E-03,            0.,"ASSEMBLY_PLATE-1__PICKEDSET2","ROCK","",  -494.583E-03,      -1.66611,      -1.43405,  -726.647E-03,   466.922E-03
F:/Desktop/DeepOnet_Abaqus/StaticElasticJob.odb,Step-1,Increment      1: Step Time =    1.000,"PLATE-1",          1109,             1,   743.724E-03,   297.841E-03,            0.,"ASSEMBLY_PLATE-1__PICKEDSET2","ROCK","",  -617.515E-03,      -1.74180,      -1.67343,  -685.891E-03,   268.698E-03
F:/Desktop/DeepOnet_Abaqus/StaticElasticJob.odb,Step-1,Increment      1: Step Time =    1.000,"PLATE-1",          1110,             1,   501.961E-03,   687.675E-03,            0.,"ASSEMBLY_PLATE-1__PICKEDSET2","ROCK","",  -639.840E-03,      -1.38554,      -1.00555,      -1.01983,   372.780E-03
F:/Desktop/DeepOnet_Abaqus/StaticElasticJob.odb,Step-1,Increment      1: Step Time =    1.000,"PLATE-1",          1111,             1,   538.727E-03,   746.911E-03,            0.,"ASSEMBLY_PLATE-1__PICKEDSET2","ROCK","",  -595.857E-03,      -1.34082,  -857.482E-03,      -1.07919,   355.602E-03
F:/Desktop/DeepOnet_Abaqus/StaticElasticJob.odb,Step-1,Increment      1: Step Time =    1.000,"PLATE-1",          1112,             1,   285.911E-03,   949.661E-03,            0.,"ASSEMBLY_PLATE-1__PICKEDSET2","ROCK","",      -1.06953,      -1.42082,      -1.30784,      -1.18251,  -164.091E-03
F:/Desktop/DeepOnet_Abaqus/StaticElasticJob.odb,Step-1,Increment      1: Step Time =    1.000,"PLATE-1",          1113,             1,   175.355E-03,   840.654E-03,            0.,"ASSEMBLY_PLATE-1__PICKEDSET2","ROCK","",      -1.14426,      -1.35000,      -1.32714,      -1.16712,  -64.6513E-03
F:/Desktop/DeepOnet_Abaqus/StaticElasticJob.odb,Step-1,Increment      1: Step Time =    1.000,"PLATE-1",          1114,             1,  -56.8353E-03,       1.06605,            0.,"ASSEMBLY_PLATE-1__PICKEDSET2","ROCK","",      -1.03729,      -1.54832,      -1.52535,      -1.06025,  -105.863E-03
F:/Desktop/DeepOnet_Abaqus/StaticElasticJob.odb,Step-1,Increment      1: Step Time =    1.000,"PLATE-1",          1115,             1,      -1.17008,       1.07956,            0.,"ASSEMBLY_PLATE-1__PICKEDSET2","ROCK","",      -1.00195,      -1.54316,      -1.53835,      -1.00677,  -50.8315E-03
F:/Desktop/DeepOnet_Abaqus/StaticElasticJob.odb,Step-1,Increment      1: Step Time =    1.000,"PLATE-1",          1116,             1,      -1.55305,       1.05913,            0.,"ASSEMBLY_PLATE-1__PICKEDSET2","ROCK","",      -1.00906,      -1.53753,      -1.53476,      -1.01182,  -38.1537E-03
F:/Desktop/DeepOnet_Abaqus/StaticElasticJob.odb,Step-1,Increment      1: Step Time =    1.000,"PLATE-1",          1117,             1,      -1.54991,   959.716E-03,            0.,"ASSEMBLY_PLATE-1__PICKEDSET2","ROCK","",      -1.01213,      -1.53137,      -1.52859,      -1.01492,  -37.9114E-03
F:/Desktop/DeepOnet_Abaqus/StaticElasticJob.odb,Step-1,Increment      1: Step Time =    1.000,"PLATE-1",          1118,             1,      -1.44492,   743.546E-03,            0.,"ASSEMBLY_PLATE-1__PICKEDSET2","ROCK","",      -1.02010,      -1.51382,      -1.51089,      -1.02302,  -37.8910E-03
F:/Desktop/DeepOnet_Abaqus/StaticElasticJob.odb,Step-1,Increment      1: Step Time =    1.000,"PLATE-1",          1119,             1,      -1.55118,   650.559E-03,            0.,"ASSEMBLY_PLATE-1__PICKEDSET2","ROCK","",      -1.02446,      -1.50913,      -1.50714,      -1.02645,  -31.0039E-03
F:/Desktop/DeepOnet_Abaqus/StaticElasticJob.odb,Step-1,Increment      1: Step Time =    1.000,"PLATE-1",          1120,             1,  -559.087E-03,   976.707E-03,            0.,"ASSEMBLY_PLATE-1__PICKEDSET2","ROCK","",  -998.463E-03,      -1.54985,      -1.54191,      -1.00641,  -65.7114E-03
F:/Desktop/DeepOnet_Abaqus/StaticElasticJob.odb,Step-1,Increment      1: Step Time =    1.000,"PLATE-1",          1121,             1,  -370.382E-03,   955.678E-03,            0.,"ASSEMBLY_PLATE-1__PICKEDSET2","ROCK","",      -1.01339,      -1.54239,      -1.53471,      -1.02107,  -63.2823E-03
F:/Desktop/DeepOnet_Abaqus/StaticElasticJob.odb,Step-1,Increment      1: Step Time =    1.000,"PLATE-1",          1122,             1,   129.633E-03,   936.926E-03,            0.,"ASSEMBLY_PLATE-1__PICKEDSET2","ROCK","",      -1.09118,      -1.44836,      -1.41016,      -1.12938,  -110.387E-03
F:/Desktop/DeepOnet_Abaqus/StaticElasticJob.odb,Step-1,Increment      1: Step Time =    1.000,"PLATE-1",          1123,             1,  -917.670E-03,   651.362E-03,            0.,"ASSEMBLY_PLATE-1__PICKEDSET2","ROCK","",      -1.01104,      -1.49766,      -1.48824,      -1.02046,  -67.0563E-03
F:/Desktop/DeepOnet_Abaqus/StaticElasticJob.odb,Step-1,Increment      1: Step Time =    1.000,"PLATE-1",          1124,             1,  -993.435E-03,   639.701E-03,            0.,"ASSEMBLY_PLATE-1__PICKEDSET2","ROCK","",      -1.01624,      -1.49464,      -1.48664,      -1.02424,  -61.3173E-03
F:/Desktop/DeepOnet_Abaqus/StaticElasticJob.odb,Step-1,Increment      1: Step Time =    1.000,"PLATE-1",          1125,             1,  -19.0529E-03,   211.843E-03,            0.,"ASSEMBLY_PLATE-1__PICKEDSET2","ROCK","",  -282.465E-03,      -3.46267,      -3.43996,  -305.174E-03,  -267.775E-03
F:/Desktop/DeepOnet_Abaqus/StaticElasticJob.odb,Step-1,Increment      1: Step Time =    1.000,"PLATE-1",          1126,             1,  -377.082E-03,   786.485E-03,            0.,"ASSEMBLY_PLATE-1__PICKEDSET2","ROCK","",      -1.00598,      -1.52980,      -1.52422,      -1.01156,  -53.7718E-03
F:/Desktop/DeepOnet_Abaqus/StaticElasticJob.odb,Step-1,Increment      1: Step Time =    1.000,"PLATE-1",          1127,             1,  -258.109E-03,   764.750E-03,            0.,"ASSEMBLY_PLATE-1__PICKEDSET2","ROCK","",      -1.02755,      -1.51658,      -1.51422,      -1.02991,  -33.9094E-03
F:/Desktop/DeepOnet_Abaqus/StaticElasticJob.odb,Step-1,Increment      1: Step Time =    1.000,"PLATE-1",          1128,             1,   209.862E-03,   626.175E-03,            0.,"ASSEMBLY_PLATE-1__PICKEDSET2","ROCK","",      -1.03677,      -1.40660,      -1.34932,      -1.09405,   133.804E-03
F:/Desktop/DeepOnet_Abaqus/StaticElasticJob.odb,Step-1,Increment      1: Step Time =    1.000,"PLATE-1",          1129,             1,   639.542E-03,   668.834E-03,            0.,"ASSEMBLY_PLATE-1__PICKEDSET2","ROCK","",  -355.437E-03,      -1.46164,  -977.097E-03,  -839.981E-03,   548.836E-03
F:/Desktop/DeepOnet_Abaqus/StaticElasticJob.odb,Step-1,Increment      1: Step Time =    1.000,"PLATE-1",          1130,             1,      -1.54317,   753.941E-03,            0.,"ASSEMBLY_PLATE-1__PICKEDSET2","ROCK","",      -1.02011,      -1.51630,      -1.51388,      -1.02253,  -34.5358E-03
F:/Desktop/DeepOnet_Abaqus/StaticElasticJob.odb,Step-1,Increment      1: Step Time =    1.000,"PLATE-1",          1131,             1,      -1.29358,   418.649E-03,            0.,"ASSEMBLY_PLATE-1__PICKEDSET2","ROCK","",      -1.03747,      -1.47792,      -1.47609,      -1.03930,  -28.3416E-03
F:/Desktop/DeepOnet_Abaqus/StaticElasticJob.odb,Step-1,Increment      1: Step Time =    1.000,"PLATE-1",          1132,             1,      -1.01435,   228.087E-03,            0.,"ASSEMBLY_PLATE-1__PICKEDSET2","ROCK","",      -1.05969,      -1.42450,      -1.42337,      -1.06083,  -20.3091E-03
F:/Desktop/DeepOnet_Abaqus/StaticElasticJob.odb,Step-1,Increment      1: Step Time =    1.000,"PLATE-1",          1133,             1,  -955.272E-03,   116.021E-03,            0.,"ASSEMBLY_PLATE-1__PICKEDSET2","ROCK","",      -1.07143,      -1.40237,      -1.40237,      -1.07144,  -1.09438E-03
F:/Desktop/DeepOnet_Abaqus/StaticElasticJob.odb,Step-1,Increment      1: Step Time =    1.000,"PLATE-1",          1134,             1,  -754.463E-03,  -102.802E-03,            0.,"ASSEMBLY_PLATE-1__PICKEDSET2","ROCK","",      -1.05742,      -1.39811,      -1.37359,      -1.08194,   88.0541E-03
F:/Desktop/DeepOnet_Abaqus/StaticElasticJob.odb,Step-1,Increment      1: Step Time =    1.000,"PLATE-1",          1135,             1,  -633.822E-03,  -256.578E-03,            0.,"ASSEMBLY_PLATE-1__PICKEDSET2","ROCK","",  -984.544E-03,      -1.49946,      -1.44463,      -1.03938,   158.835E-03
F:/Desktop/DeepOnet_Abaqus/StaticElasticJob.odb,Step-1,Increment      1: Step Time =    1.000,"PLATE-1",          1136,             1,  -382.765E-03,  -331.866E-03,            0.,"ASSEMBLY_PLATE-1__PICKEDSET2","ROCK","",  -907.429E-03,      -1.69155,      -1.61697,  -982.006E-03,   230.034E-03
F:/Desktop/DeepOnet_Abaqus/StaticElasticJob.odb,Step-1,Increment      1: Step Time =    1.000,"PLATE-1",          1137,             1,  -962.515E-03,   344.520E-03,            0.,"ASSEMBLY_PLATE-1__PICKEDSET2","ROCK","",      -1.04728,      -1.43697,      -1.43198,      -1.05227,  -43.8123E-03
F:/Desktop/DeepOnet_Abaqus/StaticElasticJob.odb,Step-1,Increment      1: Step Time =    1.000,"PLATE-1",          1138,             1,      -1.11061,   487.067E-03,            0.,"ASSEMBLY_PLATE-1__PICKEDSET2","ROCK","",      -1.03352,      -1.47277,      -1.46819,      -1.03810,  -44.5944E-03
F:/Desktop/DeepOnet_Abaqus/StaticElasticJob.odb,Step-1,Increment      1: Step Time =    1.000,"PLATE-1",          1139,             1,      -1.26194,   474.977E-03,            0.,"ASSEMBLY_PLATE-1__PICKEDSET2","ROCK","",      -1.03476,      -1.48080,      -1.47821,      -1.03735,  -33.8791E-03
F:/Desktop/DeepOnet_Abaqus/StaticElasticJob.odb,Step-1,Increment      1: Step Time =    1.000,"PLATE-1",          1140,             1,      -1.23044,   391.196E-03,            0.,"ASSEMBLY_PLATE-1__PICKEDSET2","ROCK","",      -1.04062,      -1.46961,      -1.46768,      -1.04255,  -28.6933E-03
F:/Desktop/DeepOnet_Abaqus/StaticElasticJob.odb,Step-1,Increment      1: Step Time =    1.000,"PLATE-1",          1141,             1,      -1.08364,   556.585E-03,            0.,"ASSEMBLY_PLATE-1__PICKEDSET2","ROCK","",      -1.02659,      -1.48259,      -1.47670,      -1.03248,  -51.4965E-03
F:/Desktop/DeepOnet_Abaqus/StaticElasticJob.odb,Step-1,Increment      1: Step Time =    1.000,"PLATE-1",          1142,             1,  -814.501E-03,   535.419E-03,            0.,"ASSEMBLY_PLATE-1__PICKEDSET2","ROCK","",      -1.01188,      -1.47643,      -1.46349,      -1.02482,  -76.4550E-03
F:/Desktop/DeepOnet_Abaqus/StaticElasticJob.odb,Step-1,Increment      1: Step Time =    1.000,"PLATE-1",          1143,             1,  -749.034E-03,   557.870E-03,            0.,"ASSEMBLY_PLATE-1__PICKEDSET2","ROCK","",      -1.00144,      -1.48633,      -1.47175,      -1.01602,  -82.8005E-03
F:/Desktop/DeepOnet_Abaqus/StaticElasticJob.odb,Step-1,Increment      1: Step Time =    1.000,"PLATE-1",          1144,             1,  -552.669E-03,   638.677E-03,            0.,"ASSEMBLY_PLATE-1__PICKEDSET2","ROCK","",  -981.373E-03,      -1.51963,      -1.50769,  -993.308E-03,  -79.2585E-03
F:/Desktop/DeepOnet_Abaqus/StaticElasticJob.odb,Step-1,Increment      1: Step Time =    1.000,"PLATE-1",          1145,             1,  -339.820E-03,   659.934E-03,            0.,"ASSEMBLY_PLATE-1__PICKEDSET2","ROCK","",  -989.403E-03,      -1.53517,      -1.53191,  -992.668E-03,  -42.0830E-03
F:/Desktop/DeepOnet_Abaqus/StaticElasticJob.odb,Step-1,Increment      1: Step Time =    1.000,"PLATE-1",          1146,             1,   90.7831E-03,   465.198E-03,            0.,"ASSEMBLY_PLATE-1__PICKEDSET2","ROCK","",      -1.00687,      -1.62984,      -1.59082,      -1.04589,   150.947E-03
F:/Desktop/DeepOnet_Abaqus/StaticElasticJob.odb,Step-1,Increment      1: Step Time =    1.000,"PLATE-1",          1147,             1,   803.315E-03,   598.112E-03,            0.,"ASSEMBLY_PLATE-1__PICKEDSET2","ROCK","",  -143.534E-03,      -1.64113,      -1.26905,  -515.616E-03,   647.136E-03
F:/Desktop/DeepOnet_Abaqus/StaticElasticJob.odb,Step-1,Increment      1: Step Time =    1.000,"PLATE-1",          1148,             1,   977.553E-03,   518.679E-03,            0.,"ASSEMBLY_PLATE-1__PICKEDSET2","ROCK","",  -250.897E-03,      -2.12453,      -1.93149,  -443.932E-03,   569.575E-03
F:/Desktop/DeepOnet_Abaqus/StaticElasticJob.odb,Step-1,Increment      1: Step Time =    1.000,"PLATE-1",          1149,             1,      -1.38883,   86.7993E-03,            0.,"ASSEMBLY_PLATE-1__PICKEDSET2","ROCK","",      -1.04284,      -1.47467,      -1.47454,      -1.04297,   7.53063E-03
F:/Desktop/DeepOnet_Abaqus/StaticElasticJob.odb,Step-1,Increment      1: Step Time =    1.000,"PLATE-1",          1150,             1,      -1.27227,   185.348E-03,            0.,"ASSEMBLY_PLATE-1__PICKEDSET2","ROCK","",      -1.04776,      -1.46177,      -1.46172,      -1.04781,  -4.53162E-03
F:/Desktop/DeepOnet_Abaqus/StaticElasticJob.odb,Step-1,Increment      1: Step Time =    1.000,"PLATE-1",          1151,             1,      -1.38004,   364.703E-03,            0.,"ASSEMBLY_PLATE-1__PICKEDSET2","ROCK","",      -1.03820,      -1.48118,      -1.48025,      -1.03912,  -20.2483E-03
F:/Desktop/DeepOnet_Abaqus/StaticElasticJob.odb,Step-1,Increment      1: Step Time =    1.000,"PLATE-1",          1152,             1,      -1.36707,   445.360E-03,            0.,"ASSEMBLY_PLATE-1__PICKEDSET2","ROCK","",      -1.03472,      -1.48614,      -1.48448,      -1.03637,  -27.2473E-03
F:/Desktop/DeepOnet_Abaqus/StaticElasticJob.odb,Step-1,Increment      1: Step Time =    1.000,"PLATE-1",          1153,             1,      -1.26165,   339.056E-03,            0.,"ASSEMBLY_PLATE-1__PICKEDSET2","ROCK","",      -1.04262,      -1.46816,      -1.46694,      -1.04384,  -22.7440E-03
F:/Desktop/DeepOnet_Abaqus/StaticElasticJob.odb,Step-1,Increment      1: Step Time =    1.000,"PLATE-1",          1154,             1,      -1.15343,   261.554E-03,            0.,"ASSEMBLY_PLATE-1__PICKEDSET2","ROCK","",      -1.05057,      -1.45001,      -1.44921,      -1.05137,  -17.8641E-03
F:/Desktop/DeepOnet_Abaqus/StaticElasticJob.odb,Step-1,Increment      1: Step Time =    1.000,"PLATE-1",          1155,             1,      -1.10087,   113.697E-03,            0.,"ASSEMBLY_PLATE-1__PICKEDSET2","ROCK","",      -1.05933,      -1.43399,      -1.43394,      -1.05938,   4.46439E-03
F:/Desktop/DeepOnet_Abaqus/StaticElasticJob.odb,Step-1,Increment      1: Step Time =    1.000,"PLATE-1",          1156,             1,  -923.261E-03,  -60.7988E-03,            0.,"ASSEMBLY_PLATE-1__PICKEDSET2","ROCK","",      -1.06036,      -1.41811,      -1.41137,      -1.06710,   48.6373E-03
F:/Desktop/DeepOnet_Abaqus/StaticElasticJob.odb,Step-1,Increment      1: Step Time =    1.000,"PLATE-1",          1157,             1,  -471.005E-03,  -349.073E-03,            0.,"ASSEMBLY_PLATE-1__PICKEDSET2","ROCK","",  -927.424E-03,      -1.62461,      -1.56480,  -987.232E-03,   195.244E-03
F:/Desktop/DeepOnet_Abaqus/StaticElasticJob.odb,Step-1,Increment      1: Step Time =    1.000,"PLATE-1",          1158,             1,      -1.13996,   423.201E-03,            0.,"ASSEMBLY_PLATE-1__PICKEDSET2","ROCK","",      -1.03899,      -1.46618,      -1.46286,      -1.04231,  -37.5024E-03
F:/Desktop/DeepOnet_Abaqus/StaticElasticJob.odb,Step-1,Increment      1: Step Time =    1.000,"PLATE-1",          1159,             1,      -1.11514,   332.653E-03,            0.,"ASSEMBLY_PLATE-1__PICKEDSET2","ROCK","",      -1.04698,      -1.45202,      -1.44979,      -1.04921,  -30.0127E-03
F:/Desktop/DeepOnet_Abaqus/StaticElasticJob.odb,Step-1,Increment      1: Step Time =    1.000,"PLATE-1",          1160,             1,  -908.505E-03,   190.445E-03,            0.,"ASSEMBLY_PLATE-1__PICKEDSET2","ROCK","",      -1.06977,      -1.39907,      -1.39813,      -1.07072,  -17.5903E-03
F:/Desktop/DeepOnet_Abaqus/StaticElasticJob.odb,Step-1,Increment      1: Step Time =    1.000,"PLATE-1",          1161,             1,  -955.364E-03,   215.084E-03,            0.,"ASSEMBLY_PLATE-1__PICKEDSET2","ROCK","",      -1.06387,      -1.41259,      -1.41117,      -1.06529,  -22.2135E-03
F:/Desktop/DeepOnet_Abaqus/StaticElasticJob.odb,Step-1,Increment      1: Step Time =    1.000,"PLATE-1",          1162,             1,  -671.612E-03,   306.454E-03,            0.,"ASSEMBLY_PLATE-1__PICKEDSET2","ROCK","",      -1.02466,      -1.40858,      -1.38294,      -1.05030,  -95.8456E-03
F:/Desktop/DeepOnet_Abaqus/StaticElasticJob.odb,Step-1,Increment      1: Step Time =    1.000,"PLATE-1",          1163,             1,  -687.369E-03,   258.196E-03,            0.,"ASSEMBLY_PLATE-1__PICKEDSET2","ROCK","",      -1.05128,      -1.37163,      -1.34996,      -1.07295,  -80.4533E-03
F:/Desktop/DeepOnet_Abaqus/StaticElasticJob.odb,Step-1,Increment      1: Step Time =    1.000,"PLATE-1",          1164,             1,  -740.692E-03,   273.642E-03,            0.,"ASSEMBLY_PLATE-1__PICKEDSET2","ROCK","",      -1.05272,      -1.38590,      -1.37048,      -1.06814,  -69.9877E-03
F:/Desktop/DeepOnet_Abaqus/StaticElasticJob.odb,Step-1,Increment      1: Step Time =    1.000,"PLATE-1",          1165,             1,   635.162E-03,   372.420E-03,            0.,"ASSEMBLY_PLATE-1__PICKEDSET2","ROCK","",  -538.095E-03,      -1.72194,      -1.55971,  -700.318E-03,   407.100E-03
F:/Desktop/DeepOnet_Abaqus/StaticElasticJob.odb,Step-1,Increment      1: Step Time =    1.000,"PLATE-1",          1166,             1,   620.582E-03,   244.471E-03,            0.,"ASSEMBLY_PLATE-1__PICKEDSET2","ROCK","",  -670.435E-03,      -1.64566,      -1.53708,  -779.006E-03,   306.746E-03
F:/Desktop/DeepOnet_Abaqus/StaticElasticJob.odb,Step-1,Increment      1: Step Time =    1.000,"PLATE-1",          1167,             1,       1.36937,   423.192E-03,            0.,"ASSEMBLY_PLATE-1__PICKEDSET2","ROCK","",      -1.16045,      -2.00491,      -1.98066,      -1.18470,  -141.026E-03
F:/Desktop/DeepOnet_Abaqus/StaticElasticJob.odb,Step-1,Increment      1: Step Time =    1.000,"PLATE-1",          1168,             1,       1.39880,   356.217E-03,            0.,"ASSEMBLY_PLATE-1__PICKEDSET2","ROCK","",      -1.14790,      -1.86628,      -1.85533,      -1.15884,  -87.9772E-03
F:/Desktop/DeepOnet_Abaqus/StaticElasticJob.odb,Step-1,Increment      1: Step Time =    1.000,"PLATE-1",          1169,             1,       1.37311,   500.911E-03,            0.,"ASSEMBLY_PLATE-1__PICKEDSET2","ROCK","",      -1.09853,      -2.11521,      -1.90252,      -1.31122,  -413.525E-03
F:/Desktop/DeepOnet_Abaqus/StaticElasticJob.odb,Step-1,Increment      1: Step Time =    1.000,"PLATE-1",          1170,             1,       1.13348,   436.388E-03,            0.,"ASSEMBLY_PLATE-1__PICKEDSET2","ROCK","",  -908.894E-03,      -2.49054,      -2.41871,  -980.731E-03,  -329.334E-03
F:/Desktop/DeepOnet_Abaqus/StaticElasticJob.odb,Step-1,Increment      1: Step Time =    1.000,"PLATE-1",          1171,             1,   845.363E-03,   410.871E-03,            0.,"ASSEMBLY_PLATE-1__PICKEDSET2","ROCK","",  -460.384E-03,      -1.87941,      -1.80234,  -537.457E-03,   321.604E-03
F:/Desktop/DeepOnet_Abaqus/StaticElasticJob.odb,Step-1,Increment      1: Step Time =    1.000,"PLATE-1",          1172,             1,      -1.46102,   361.498E-03,            0.,"ASSEMBLY_PLATE-1__PICKEDSET2","ROCK","",      -1.03670,      -1.48665,      -1.48597,      -1.03738,  -17.5345E-03
F:/Desktop/DeepOnet_Abaqus/StaticElasticJob.odb,Step-1,Increment      1: Step Time =    1.000,"PLATE-1",          1173,             1,      -1.34096,   216.351E-03,            0.,"ASSEMBLY_PLATE-1__PICKEDSET2","ROCK","",      -1.04457,      -1.46992,      -1.46984,      -1.04465,  -5.83421E-03
F:/Desktop/DeepOnet_Abaqus/StaticElasticJob.odb,Step-1,Increment      1: Step Time =    1.000,"PLATE-1",          1174,             1,      -1.18015,   184.409E-03,            0.,"ASSEMBLY_PLATE-1__PICKEDSET2","ROCK","",      -1.05275,      -1.44892,      -1.44884,      -1.05283,  -5.52676E-03
F:/Desktop/DeepOnet_Abaqus/StaticElasticJob.odb,Step-1,Increment      1: Step Time =    1.000,"PLATE-1",          1175,             1,      -1.18492,   108.811E-03,            0.,"ASSEMBLY_PLATE-1__PICKEDSET2","ROCK","",      -1.05349,      -1.44832,      -1.44823,      -1.05358,   5.99824E-03
F:/Desktop/DeepOnet_Abaqus/StaticElasticJob.odb,Step-1,Increment      1: Step Time =    1.000,"PLATE-1",          1176,             1,      -1.06378,  -102.742E-03,            0.,"ASSEMBLY_PLATE-1__PICKEDSET2","ROCK","",      -1.04677,      -1.45091,      -1.44569,      -1.05199,   45.6255E-03
F:/Desktop/DeepOnet_Abaqus/StaticElasticJob.odb,Step-1,Increment      1: Step Time =    1.000,"PLATE-1",          1177,             1,  -903.983E-03,  -132.865E-03,            0.,"ASSEMBLY_PLATE-1__PICKEDSET2","ROCK","",      -1.04830,      -1.43478,      -1.42232,      -1.06075,   68.2635E-03
F:/Desktop/DeepOnet_Abaqus/StaticElasticJob.odb,Step-1,Increment      1: Step Time =    1.000,"PLATE-1",          1178,             1,  -768.522E-03,  -326.410E-03,            0.,"ASSEMBLY_PLATE-1__PICKEDSET2","ROCK","",  -995.022E-03,      -1.50973,      -1.48173,      -1.02302,   116.729E-03
F:/Desktop/DeepOnet_Abaqus/StaticElasticJob.odb,Step-1,Increment      1: Step Time =    1.000,"PLATE-1",          1179,             1,      -1.02418,   170.834E-03,            0.,"ASSEMBLY_PLATE-1__PICKEDSET2","ROCK","",      -1.06351,      -1.42085,      -1.42066,      -1.06369,  -8.19679E-03
F:/Desktop/DeepOnet_Abaqus/StaticElasticJob.odb,Step-1,Increment      1: Step Time =    1.000,"PLATE-1",          1180,             1,  -840.461E-03,  -32.0801E-03,            0.,"ASSEMBLY_PLATE-1__PICKEDSET2","ROCK","",      -1.07273,      -1.38995,      -1.38164,      -1.08104,   50.6771E-03
F:/Desktop/DeepOnet_Abaqus/StaticElasticJob.odb,Step-1,Increment      1: Step Time =    1.000,"PLATE-1",          1181,             1,   480.772E-03,   46.1597E-03,            0.,"ASSEMBLY_PLATE-1__PICKEDSET2","ROCK","",  -886.946E-03,      -1.37186,      -1.24440,      -1.01441,   213.449E-03
F:/Desktop/DeepOnet_Abaqus/StaticElasticJob.odb,Step-1,Increment      1: Step Time =    1.000,"PLATE-1",          1182,             1,      -1.37724,  -173.482E-03,            0.,"ASSEMBLY_PLATE-1__PICKEDSET2","ROCK","",      -1.03324,      -1.48844,      -1.48637,      -1.03531,   30.6515E-03
F:/Desktop/DeepOnet_Abaqus/StaticElasticJob.odb,Step-1,Increment      1: Step Time =    1.000,"PLATE-1",          1183,             1,      -1.22222,  -57.9417E-03,            0.,"ASSEMBLY_PLATE-1__PICKEDSET2","ROCK","",      -1.04517,      -1.46338,      -1.46152,      -1.04704,   27.8660E-03
F:/Desktop/DeepOnet_Abaqus/StaticElasticJob.odb,Step-1,Increment      1: Step Time =    1.000,"PLATE-1",          1184,             1,      -1.17400,   39.2017E-03,            0.,"ASSEMBLY_PLATE-1__PICKEDSET2","ROCK","",      -1.05280,      -1.44901,      -1.44839,      -1.05342,   15.7211E-03
F:/Desktop/DeepOnet_Abaqus/StaticElasticJob.odb,Step-1,Increment      1: Step Time =    1.000,"PLATE-1",          1185,             1,      -1.06780,  -53.9965E-03,            0.,"ASSEMBLY_PLATE-1__PICKEDSET2","ROCK","",      -1.05379,      -1.44027,      -1.43677,      -1.05729,   36.6025E-03
F:/Desktop/DeepOnet_Abaqus/StaticElasticJob.odb,Step-1,Increment      1: Step Time =    1.000,"PLATE-1",          1186,             1,  -961.490E-03,  -233.081E-03,            0.,"ASSEMBLY_PLATE-1__PICKEDSET2","ROCK","",      -1.02944,      -1.47054,      -1.45780,      -1.04218,   73.8761E-03
F:/Desktop/DeepOnet_Abaqus/StaticElasticJob.odb,Step-1,Increment      1: Step Time =    1.000,"PLATE-1",          1187,             1,  -901.748E-03,  -367.506E-03,            0.,"ASSEMBLY_PLATE-1__PICKEDSET2","ROCK","",      -1.00344,      -1.51040,      -1.49417,      -1.01967,   89.2344E-03
F:/Desktop/DeepOnet_Abaqus/StaticElasticJob.odb,Step-1,Increment      1: Step Time =    1.000,"PLATE-1",          1188,             1,  -837.777E-03,  -349.785E-03,            0.,"ASSEMBLY_PLATE-1__PICKEDSET2","ROCK","",  -999.247E-03,      -1.51139,      -1.48998,      -1.02065,   102.482E-03
F:/Desktop/DeepOnet_Abaqus/StaticElasticJob.odb,Step-1,Increment      1: Step Time =    1.000,"PLATE-1",          1189,             1,  -750.776E-03,  -169.640E-03,            0.,"ASSEMBLY_PLATE-1__PICKEDSET2","ROCK","",      -1.03657,      -1.43188,      -1.40138,      -1.06708,   105.496E-03
F:/Desktop/DeepOnet_Abaqus/StaticElasticJob.odb,Step-1,Increment      1: Step Time =    1.000,"PLATE-1",          1190,             1,  -587.007E-03,  -80.2665E-03,            0.,"ASSEMBLY_PLATE-1__PICKEDSET2","ROCK","",      -1.04994,      -1.35106,      -1.27322,      -1.12778,   131.837E-03
F:/Desktop/DeepOnet_Abaqus/StaticElasticJob.odb,Step-1,Increment      1: Step Time =    1.000,"PLATE-1",          1191,             1,  -640.329E-03,  -86.1413E-03,            0.,"ASSEMBLY_PLATE-1__PICKEDSET2","ROCK","",      -1.05942,      -1.36068,      -1.30821,      -1.11189,   114.252E-03
F:/Desktop/DeepOnet_Abaqus/StaticElasticJob.odb,Step-1,Increment      1: Step Time =    1.000,"PLATE-1",          1192,             1,  -941.926E-03,   7.09281E-03,            0.,"ASSEMBLY_PLATE-1__PICKEDSET2","ROCK","",      -1.06817,      -1.40876,      -1.40563,      -1.07130,   32.5142E-03
F:/Desktop/DeepOnet_Abaqus/StaticElasticJob.odb,Step-1,Increment      1: Step Time =    1.000,"PLATE-1",          1193,             1,      -1.08260,  -4.61233E-03,            0.,"ASSEMBLY_PLATE-1__PICKEDSET2","ROCK","",      -1.05663,      -1.43716,      -1.43537,      -1.05842,   26.0434E-03
F:/Desktop/DeepOnet_Abaqus/StaticElasticJob.odb,Step-1,Increment      1: Step Time =    1.000,"PLATE-1",          1194,             1,      -1.39901,   13.0474E-03,            0.,"ASSEMBLY_PLATE-1__PICKEDSET2","ROCK","",      -1.04174,      -1.47577,      -1.47531,      -1.04220,   14.1246E-03
F:/Desktop/DeepOnet_Abaqus/StaticElasticJob.odb,Step-1,Increment      1: Step Time =    1.000,"PLATE-1",          1195,             1,      -1.29762,  -107.120E-03,            0.,"ASSEMBLY_PLATE-1__PICKEDSET2","ROCK","",      -1.03955,      -1.47515,      -1.47318,      -1.04153,   29.2406E-03
F:/Desktop/DeepOnet_Abaqus/StaticElasticJob.odb,Step-1,Increment      1: Step Time =    1.000,"PLATE-1",          1196,             1,      -1.37524,  -368.438E-03,            0.,"ASSEMBLY_PLATE-1__PICKEDSET2","ROCK","",      -1.02034,      -1.50796,      -1.50437,      -1.02394,   41.7091E-03
F:/Desktop/DeepOnet_Abaqus/StaticElasticJob.odb,Step-1,Increment      1: Step Time =    1.000,"PLATE-1",          1197,             1,      -1.03367,  -275.520E-03,            0.,"ASSEMBLY_PLATE-1__PICKEDSET2","ROCK","",      -1.02445,      -1.48425,      -1.47412,      -1.03458,   67.5017E-03
F:/Desktop/DeepOnet_Abaqus/StaticElasticJob.odb,Step-1,Increment      1: Step Time =    1.000,"PLATE-1",          1198,             1,      -1.15595,  -372.614E-03,            0.,"ASSEMBLY_PLATE-1__PICKEDSET2","ROCK","",      -1.01634,      -1.50477,      -1.49750,      -1.02361,   59.1386E-03
F:/Desktop/DeepOnet_Abaqus/StaticElasticJob.odb,Step-1,Increment      1: Step Time =    1.000,"PLATE-1",          1199,             1,  -885.169E-03,  -205.359E-03,            0.,"ASSEMBLY_PLATE-1__PICKEDSET2","ROCK","",      -1.03303,      -1.45635,      -1.43891,      -1.05047,   84.1347E-03
F:/Desktop/DeepOnet_Abaqus/StaticElasticJob.odb,Step-1,Increment      1: Step Time =    1.000,"PLATE-1",          1200,             1,  -794.876E-03,  -253.786E-03,            0.,"ASSEMBLY_PLATE-1__PICKEDSET2","ROCK","",      -1.01433,      -1.47687,      -1.44940,      -1.04180,   109.320E-03
F:/Desktop/DeepOnet_Abaqus/StaticElasticJob.odb,Step-1,Increment      1: Step Time =    1.000,"PLATE-1",          1201,             1,   263.160E-03,  -963.117E-03,            0.,"ASSEMBLY_PLATE-1__PICKEDSET2","ROCK","",  -934.184E-03,      -1.64775,      -1.64770,  -934.240E-03,  -6.37224E-03
F:/Desktop/DeepOnet_Abaqus/StaticElasticJob.odb,Step-1,Increment      1: Step Time =    1.000,"PLATE-1",          1202,             1,   277.913E-03,      -1.14421,            0.,"ASSEMBLY_PLATE-1__PICKEDSET2","ROCK","",  -951.658E-03,      -1.62768,      -1.62762,  -951.718E-03,  -6.34817E-03
F:/Desktop/DeepOnet_Abaqus/StaticElasticJob.odb,Step-1,Increment      1: Step Time =    1.000,"PLATE-1",          1203,             1,   279.590E-03,      -1.23052,            0.,"ASSEMBLY_PLATE-1__PICKEDSET2","ROCK","",  -958.046E-03,      -1.62034,      -1.62029,  -958.094E-03,  -5.63572E-03
F:/Desktop/DeepOnet_Abaqus/StaticElasticJob.odb,Step-1,Increment      1: Step Time =    1.000,"PLATE-1",          1204,             1,   251.178E-03,      -1.28599,            0.,"ASSEMBLY_PLATE-1__PICKEDSET2","ROCK","",  -961.796E-03,      -1.61608,      -1.61606,  -961.820E-03,  -3.97083E-03
F:/Desktop/DeepOnet_Abaqus/StaticElasticJob.odb,Step-1,Increment      1: Step Time =    1.000,"PLATE-1",          1205,             1,   257.321E-03,      -1.55183,            0.,"ASSEMBLY_PLATE-1__PICKEDSET2","ROCK","",  -974.577E-03,      -1.60026,      -1.60023,  -974.616E-03,  -4.92390E-03
F:/Desktop/DeepOnet_Abaqus/StaticElasticJob.odb,Step-1,Increment      1: Step Time =    1.000,"PLATE-1",          1206,             1,   278.027E-03,      -1.46050,            0.,"ASSEMBLY_PLATE-1__PICKEDSET2","ROCK","",  -971.172E-03,      -1.60455,      -1.60450,  -971.221E-03,  -5.56672E-03
F:/Desktop/DeepOnet_Abaqus/StaticElasticJob.odb,Step-1,Increment      1: Step Time =    1.000,"PLATE-1",          1207,             1,   401.324E-03,      -1.31544,            0.,"ASSEMBLY_PLATE-1__PICKEDSET2","ROCK","",  -964.281E-03,      -1.61248,      -1.61223,  -964.533E-03,  -12.7829E-03
F:/Desktop/DeepOnet_Abaqus/StaticElasticJob.odb,Step-1,Increment      1: Step Time =    1.000,"PLATE-1",          1208,             1,   330.876E-03,      -1.24773,            0.,"ASSEMBLY_PLATE-1__PICKEDSET2","ROCK","",  -959.169E-03,      -1.61847,      -1.61833,  -959.310E-03,  -9.63137E-03
F:/Desktop/DeepOnet_Abaqus/StaticElasticJob.odb,Step-1,Increment      1: Step Time =    1.000,"PLATE-1",          1209,             1,   316.008E-03,      -1.09767,            0.,"ASSEMBLY_PLATE-1__PICKEDSET2","ROCK","",  -947.363E-03,      -1.63176,      -1.63162,  -947.498E-03,  -9.61745E-03
F:/Desktop/DeepOnet_Abaqus/StaticElasticJob.odb,Step-1,Increment      1: Step Time =    1.000,"PLATE-1",          1210,             1,   304.282E-03,  -925.373E-03,            0.,"ASSEMBLY_PLATE-1__PICKEDSET2","ROCK","",  -929.107E-03,      -1.65136,      -1.65115,  -929.312E-03,  -12.1741E-03
F:/Desktop/DeepOnet_Abaqus/StaticElasticJob.odb,Step-1,Increment      1: Step Time =    1.000,"PLATE-1",          1211,             1,   372.639E-03,  -812.990E-03,            0.,"ASSEMBLY_PLATE-1__PICKEDSET2","ROCK","",  -912.355E-03,      -1.66318,      -1.66200,  -913.540E-03,  -29.7998E-03
F:/Desktop/DeepOnet_Abaqus/StaticElasticJob.odb,Step-1,Increment      1: Step Time =    1.000,"PLATE-1",          1212,             1,   311.620E-03,  -513.886E-03,            0.,"ASSEMBLY_PLATE-1__PICKEDSET2","ROCK","",  -847.025E-03,      -1.71996,      -1.71339,  -853.597E-03,  -75.4544E-03
F:/Desktop/DeepOnet_Abaqus/StaticElasticJob.odb,Step-1,Increment      1: Step Time =    1.000,"PLATE-1",          1213,             1,   190.219E-03,  -410.427E-03,            0.,"ASSEMBLY_PLATE-1__PICKEDSET2","ROCK","",  -785.568E-03,      -1.82185,      -1.80805,  -799.367E-03,  -118.784E-03
F:/Desktop/DeepOnet_Abaqus/StaticElasticJob.odb,Step-1,Increment      1: Step Time =    1.000,"PLATE-1",          1214,             1,   568.010E-03,  -178.078E-03,            0.,"ASSEMBLY_PLATE-1__PICKEDSET2","ROCK","",  -942.072E-03,      -1.46284,      -1.44075,  -964.167E-03,  -104.968E-03
F:/Desktop/DeepOnet_Abaqus/StaticElasticJob.odb,Step-1,Increment      1: Step Time =    1.000,"PLATE-1",          1215,             1,   573.406E-03,  -64.4708E-03,            0.,"ASSEMBLY_PLATE-1__PICKEDSET2","ROCK","",  -982.772E-03,      -1.37974,      -1.37974,  -982.772E-03,  -3.29882E-06
F:/Desktop/DeepOnet_Abaqus/StaticElasticJob.odb,Step-1,Increment      1: Step Time =    1.000,"PLATE-1",          1216,             1,   450.215E-03,  -158.699E-03,            0.,"ASSEMBLY_PLATE-1__PICKEDSET2","ROCK","",  -935.344E-03,      -1.38513,      -1.32038,      -1.00010,  -157.899E-03
F:/Desktop/DeepOnet_Abaqus/StaticElasticJob.odb,Step-1,Increment      1: Step Time =    1.000,"PLATE-1",          1217,             1,   515.448E-03,  -337.363E-03,            0.,"ASSEMBLY_PLATE-1__PICKEDSET2","ROCK","",  -869.915E-03,      -1.60020,      -1.56780,  -902.314E-03,  -150.368E-03
F:/Desktop/DeepOnet_Abaqus/StaticElasticJob.odb,Step-1,Increment      1: Step Time =    1.000,"PLATE-1",          1218,             1,   609.651E-03,  -279.374E-03,            0.,"ASSEMBLY_PLATE-1__PICKEDSET2","ROCK","",  -909.487E-03,      -1.55350,      -1.52727,  -935.715E-03,  -127.293E-03
F:/Desktop/DeepOnet_Abaqus/StaticElasticJob.odb,Step-1,Increment      1: Step Time =    1.000,"PLATE-1",          1219,             1,   862.787E-03,  -354.013E-03,            0.,"ASSEMBLY_PLATE-1__PICKEDSET2","ROCK","",  -958.229E-03,      -1.59175,      -1.57265,  -977.336E-03,  -108.350E-03
F:/Desktop/DeepOnet_Abaqus/StaticElasticJob.odb,Step-1,Increment      1: Step Time =    1.000,"PLATE-1",          1220,             1,   872.757E-03,  -410.108E-03,            0.,"ASSEMBLY_PLATE-1__PICKEDSET2","ROCK","",  -957.713E-03,      -1.59798,      -1.57939,  -976.301E-03,  -107.499E-03
F:/Desktop/DeepOnet_Abaqus/StaticElasticJob.odb,Step-1,Increment      1: Step Time =    1.000,"PLATE-1",          1221,             1,   752.512E-03,  -358.097E-03,            0.,"ASSEMBLY_PLATE-1__PICKEDSET2","ROCK","",  -932.160E-03,      -1.59347,      -1.57295,  -952.685E-03,  -114.684E-03
F:/Desktop/DeepOnet_Abaqus/StaticElasticJob.odb,Step-1,Increment      1: Step Time =    1.000,"PLATE-1",          1222,             1,   843.717E-03,  -258.519E-03,            0.,"ASSEMBLY_PLATE-1__PICKEDSET2","ROCK","",  -958.752E-03,      -1.57792,      -1.56064,  -976.026E-03,  -101.965E-03
F:/Desktop/DeepOnet_Abaqus/StaticElasticJob.odb,Step-1,Increment      1: Step Time =    1.000,"PLATE-1",          1223,             1,       1.07666,  -167.696E-03,            0.,"ASSEMBLY_PLATE-1__PICKEDSET2","ROCK","",      -1.02577,      -1.60020,      -1.58390,      -1.04208,  -95.3814E-03
F:/Desktop/DeepOnet_Abaqus/StaticElasticJob.odb,Step-1,Increment      1: Step Time =    1.000,"PLATE-1",          1224,             1,       1.23985,  -177.080E-03,            0.,"ASSEMBLY_PLATE-1__PICKEDSET2","ROCK","",      -1.07152,      -1.59234,      -1.58074,      -1.08312,  -76.8688E-03
F:/Desktop/DeepOnet_Abaqus/StaticElasticJob.odb,Step-1,Increment      1: Step Time =    1.000,"PLATE-1",          1225,             1,       1.25590,  -89.7313E-03,            0.,"ASSEMBLY_PLATE-1__PICKEDSET2","ROCK","",      -1.09109,      -1.60603,      -1.59576,      -1.10135,  -71.9850E-03
F:/Desktop/DeepOnet_Abaqus/StaticElasticJob.odb,Step-1,Increment      1: Step Time =    1.000,"PLATE-1",          1226,             1,       1.21140,  -51.6893E-03,            0.,"ASSEMBLY_PLATE-1__PICKEDSET2","ROCK","",      -1.08413,      -1.61890,      -1.60508,      -1.09795,  -84.8332E-03
F:/Desktop/DeepOnet_Abaqus/StaticElasticJob.odb,Step-1,Increment      1: Step Time =    1.000,"PLATE-1",          1227,             1,       1.14197,  -134.560E-03,            0.,"ASSEMBLY_PLATE-1__PICKEDSET2","ROCK","",      -1.04916,      -1.60273,      -1.58831,      -1.06357,  -88.1567E-03
F:/Desktop/DeepOnet_Abaqus/StaticElasticJob.odb,Step-1,Increment      1: Step Time =    1.000,"PLATE-1",          1228,             1,       1.09735,  -67.1959E-03,            0.,"ASSEMBLY_PLATE-1__PICKEDSET2","ROCK","",      -1.04016,      -1.62142,      -1.60554,      -1.05604,  -94.7612E-03
F:/Desktop/DeepOnet_Abaqus/StaticElasticJob.odb,Step-1,Increment      1: Step Time =    1.000,"PLATE-1",          1229,             1,       1.29200,  -239.544E-03,            0.,"ASSEMBLY_PLATE-1__PICKEDSET2","ROCK","",      -1.07140,      -1.58651,      -1.57689,      -1.08102,  -69.7400E-03
F:/Desktop/DeepOnet_Abaqus/StaticElasticJob.odb,Step-1,Increment      1: Step Time =    1.000,"PLATE-1",          1230,             1,       1.25116,  -367.225E-03,            0.,"ASSEMBLY_PLATE-1__PICKEDSET2","ROCK","",      -1.04595,      -1.58199,      -1.57113,      -1.05682,  -75.5317E-03
F:/Desktop/DeepOnet_Abaqus/StaticElasticJob.odb,Step-1,Increment      1: Step Time =    1.000,"PLATE-1",          1231,             1,       1.36376,  -362.466E-03,            0.,"ASSEMBLY_PLATE-1__PICKEDSET2","ROCK","",      -1.06084,      -1.57768,      -1.57032,      -1.06820,  -61.2372E-03
F:/Desktop/DeepOnet_Abaqus/StaticElasticJob.odb,Step-1,Increment      1: Step Time =    1.000,"PLATE-1",          1232,             1,      -1.37913,  -448.495E-03,            0.,"ASSEMBLY_PLATE-1__PICKEDSET2","ROCK","",      -1.01509,      -1.51661,      -1.51281,      -1.01889,   43.4664E-03
F:/Desktop/DeepOnet_Abaqus/StaticElasticJob.odb,Step-1,Increment      1: Step Time =    1.000,"PLATE-1",          1233,             1,      -1.29641,  -442.697E-03,            0.,"ASSEMBLY_PLATE-1__PICKEDSET2","ROCK","",      -1.01416,      -1.51503,      -1.51024,      -1.01895,   48.7494E-03
F:/Desktop/DeepOnet_Abaqus/StaticElasticJob.odb,Step-1,Increment      1: Step Time =    1.000,"PLATE-1",          1234,             1,      -1.19708,  -319.619E-03,            0.,"ASSEMBLY_PLATE-1__PICKEDSET2","ROCK","",      -1.02214,      -1.49748,      -1.49147,      -1.02815,   53.1108E-03
F:/Desktop/DeepOnet_Abaqus/StaticElasticJob.odb,Step-1,Increment      1: Step Time =    1.000,"PLATE-1",          1235,             1,   688.592E-03,  -472.286E-03,            0.,"ASSEMBLY_PLATE-1__PICKEDSET2","ROCK","",  -911.192E-03,      -1.62047,      -1.60235,  -929.309E-03,  -111.901E-03
F:/Desktop/DeepOnet_Abaqus/StaticElasticJob.odb,Step-1,Increment      1: Step Time =    1.000,"PLATE-1",          1236,             1,   752.131E-03,  -463.988E-03,            0.,"ASSEMBLY_PLATE-1__PICKEDSET2","ROCK","",  -927.031E-03,      -1.61204,      -1.59356,  -945.506E-03,  -110.970E-03
F:/Desktop/DeepOnet_Abaqus/StaticElasticJob.odb,Step-1,Increment      1: Step Time =    1.000,"PLATE-1",          1237,             1,   874.362E-03,  -465.096E-03,            0.,"ASSEMBLY_PLATE-1__PICKEDSET2","ROCK","",  -957.157E-03,      -1.60321,      -1.58530,  -975.066E-03,  -106.066E-03
F:/Desktop/DeepOnet_Abaqus/StaticElasticJob.odb,Step-1,Increment      1: Step Time =    1.000,"PLATE-1",          1238,             1,       1.02062,  -466.909E-03,            0.,"ASSEMBLY_PLATE-1__PICKEDSET2","ROCK","",  -991.211E-03,      -1.59484,      -1.57875,      -1.00730,  -97.2176E-03
F:/Desktop/DeepOnet_Abaqus/StaticElasticJob.odb,Step-1,Increment      1: Step Time =    1.000,"PLATE-1",          1239,             1,   941.652E-03,  -466.383E-03,            0.,"ASSEMBLY_PLATE-1__PICKEDSET2","ROCK","",  -971.501E-03,      -1.59876,      -1.58164,  -988.616E-03,  -102.188E-03
F:/Desktop/DeepOnet_Abaqus/StaticElasticJob.odb,Step-1,Increment      1: Step Time =    1.000,"PLATE-1",          1240,             1,       1.01591,  -399.815E-03,            0.,"ASSEMBLY_PLATE-1__PICKEDSET2","ROCK","",  -993.038E-03,      -1.59174,      -1.57463,      -1.01014,  -99.7437E-03
F:/Desktop/DeepOnet_Abaqus/StaticElasticJob.odb,Step-1,Increment      1: Step Time =    1.000,"PLATE-1",          1241,             1,      -1.34425,  -767.907E-03,            0.,"ASSEMBLY_PLATE-1__PICKEDSET2","ROCK","",  -998.747E-03,      -1.54407,      -1.54044,      -1.00237,   44.3069E-03
F:/Desktop/DeepOnet_Abaqus/StaticElasticJob.odb,Step-1,Increment      1: Step Time =    1.000,"PLATE-1",          1242,             1,      -1.18029,  -933.964E-03,            0.,"ASSEMBLY_PLATE-1__PICKEDSET2","ROCK","",  -988.790E-03,      -1.56017,      -1.55688,  -992.086E-03,   43.2729E-03
F:/Desktop/DeepOnet_Abaqus/StaticElasticJob.odb,Step-1,Increment      1: Step Time =    1.000,"PLATE-1",          1243,             1,      -1.09174,      -1.04963,            0.,"ASSEMBLY_PLATE-1__PICKEDSET2","ROCK","",  -984.767E-03,      -1.56817,      -1.56538,  -987.548E-03,   40.1856E-03
F:/Desktop/DeepOnet_Abaqus/StaticElasticJob.odb,Step-1,Increment      1: Step Time =    1.000,"PLATE-1",          1244,             1,  -973.129E-03,      -1.22508,            0.,"ASSEMBLY_PLATE-1__PICKEDSET2","ROCK","",  -982.466E-03,      -1.57592,      -1.57419,  -984.201E-03,   32.0362E-03
F:/Desktop/DeepOnet_Abaqus/StaticElasticJob.odb,Step-1,Increment      1: Step Time =    1.000,"PLATE-1",          1245,             1,  -732.281E-03,      -1.43786,            0.,"ASSEMBLY_PLATE-1__PICKEDSET2","ROCK","",  -981.079E-03,      -1.58373,      -1.58293,  -981.879E-03,   21.9436E-03
F:/Desktop/DeepOnet_Abaqus/StaticElasticJob.odb,Step-1,Increment      1: Step Time =    1.000,"PLATE-1",          1246,             1,      -1.23350,  -631.055E-03,            0.,"ASSEMBLY_PLATE-1__PICKEDSET2","ROCK","",      -1.00109,      -1.53553,      -1.53037,      -1.00625,   52.2515E-03
F:/Desktop/DeepOnet_Abaqus/StaticElasticJob.odb,Step-1,Increment      1: Step Time =    1.000,"PLATE-1",          1247,             1,      -1.20395,  -791.551E-03,            0.,"ASSEMBLY_PLATE-1__PICKEDSET2","ROCK","",  -992.689E-03,      -1.55098,      -1.54658,  -997.083E-03,   49.3334E-03
F:/Desktop/DeepOnet_Abaqus/StaticElasticJob.odb,Step-1,Increment      1: Step Time =    1.000,"PLATE-1",          1248,             1,      -1.04933,  -870.547E-03,            0.,"ASSEMBLY_PLATE-1__PICKEDSET2","ROCK","",  -984.630E-03,      -1.56383,      -1.55946,  -989.000E-03,   50.1203E-03
F:/Desktop/DeepOnet_Abaqus/StaticElasticJob.odb,Step-1,Increment      1: Step Time =    1.000,"PLATE-1",          1249,             1,      -1.01032,      -1.08947,            0.,"ASSEMBLY_PLATE-1__PICKEDSET2","ROCK","",  -982.759E-03,      -1.57263,      -1.57014,  -985.246E-03,   38.2223E-03
F:/Desktop/DeepOnet_Abaqus/StaticElasticJob.odb,Step-1,Increment      1: Step Time =    1.000,"PLATE-1",          1250,             1,      -1.06856,  -666.762E-03,            0.,"ASSEMBLY_PLATE-1__PICKEDSET2","ROCK","",  -990.740E-03,      -1.54825,      -1.54147,  -997.516E-03,   61.0888E-03
F:/Desktop/DeepOnet_Abaqus/StaticElasticJob.odb,Step-1,Increment      1: Step Time =    1.000,"PLATE-1",          1251,             1,      -1.05064,  -767.269E-03,            0.,"ASSEMBLY_PLATE-1__PICKEDSET2","ROCK","",  -986.421E-03,      -1.55811,      -1.55259,  -991.945E-03,   55.9271E-03
F:/Desktop/DeepOnet_Abaqus/StaticElasticJob.odb,Step-1,Increment      1: Step Time =    1.000,"PLATE-1",          1252,             1,  -884.988E-03,  -928.364E-03,            0.,"ASSEMBLY_PLATE-1__PICKEDSET2","ROCK","",  -977.785E-03,      -1.57716,      -1.57316,  -981.785E-03,   48.8003E-03
F:/Desktop/DeepOnet_Abaqus/StaticElasticJob.odb,Step-1,Increment      1: Step Time =    1.000,"PLATE-1",          1253,             1,  -757.597E-03,      -1.03452,            0.,"ASSEMBLY_PLATE-1__PICKEDSET2","ROCK","",  -974.825E-03,      -1.58733,      -1.58457,  -977.585E-03,   41.0207E-03
F:/Desktop/DeepOnet_Abaqus/StaticElasticJob.odb,Step-1,Increment      1: Step Time =    1.000,"PLATE-1",          1254,             1,      -1.00764,  -706.424E-03,            0.,"ASSEMBLY_PLATE-1__PICKEDSET2","ROCK","",  -986.180E-03,      -1.55619,      -1.54960,  -992.769E-03,   60.9254E-03
F:/Desktop/DeepOnet_Abaqus/StaticElasticJob.odb,Step-1,Increment      1: Step Time =    1.000,"PLATE-1",          1255,             1,  -948.841E-03,  -752.801E-03,            0.,"ASSEMBLY_PLATE-1__PICKEDSET2","ROCK","",  -981.856E-03,      -1.56412,      -1.55777,  -988.210E-03,   60.4923E-03
F:/Desktop/DeepOnet_Abaqus/StaticElasticJob.odb,Step-1,Increment      1: Step Time =    1.000,"PLATE-1",          1256,             1,  -766.273E-03,  -913.022E-03,            0.,"ASSEMBLY_PLATE-1__PICKEDSET2","ROCK","",  -973.312E-03,      -1.58594,      -1.58171,  -977.535E-03,   50.6916E-03
F:/Desktop/DeepOnet_Abaqus/StaticElasticJob.odb,Step-1,Increment      1: Step Time =    1.000,"PLATE-1",          1257,             1,  -792.573E-03,  -672.071E-03,            0.,"ASSEMBLY_PLATE-1__PICKEDSET2","ROCK","",  -972.920E-03,      -1.57504,      -1.56544,  -982.523E-03,   75.4319E-03
F:/Desktop/DeepOnet_Abaqus/StaticElasticJob.odb,Step-1,Increment      1: Step Time =    1.000,"PLATE-1",          1258,             1,  -751.369E-03,  -734.798E-03,            0.,"ASSEMBLY_PLATE-1__PICKEDSET2","ROCK","",  -969.822E-03,      -1.58455,      -1.57669,  -977.691E-03,   69.1049E-03
F:/Desktop/DeepOnet_Abaqus/StaticElasticJob.odb,Step-1,Increment      1: Step Time =    1.000,"PLATE-1",          1259,             1,  -671.589E-03,  -772.313E-03,            0.,"ASSEMBLY_PLATE-1__PICKEDSET2","ROCK","",  -966.774E-03,      -1.59514,      -1.58847,  -973.445E-03,   64.4000E-03
F:/Desktop/DeepOnet_Abaqus/StaticElasticJob.odb,Step-1,Increment      1: Step Time =    1.000,"PLATE-1",          1260,             1,  -303.888E-03,  -871.499E-03,            0.,"ASSEMBLY_PLATE-1__PICKEDSET2","ROCK","",  -957.467E-03,      -1.63276,      -1.62953,  -960.698E-03,   46.5945E-03
F:/Desktop/DeepOnet_Abaqus/StaticElasticJob.odb,Step-1,Increment      1: Step Time =    1.000,"PLATE-1",          1261,             1,  -402.961E-03,  -911.134E-03,            0.,"ASSEMBLY_PLATE-1__PICKEDSET2","ROCK","",  -962.434E-03,      -1.61961,      -1.61639,  -965.662E-03,   45.9452E-03
F:/Desktop/DeepOnet_Abaqus/StaticElasticJob.odb,Step-1,Increment      1: Step Time =    1.000,"PLATE-1",          1262,             1,  -389.803E-03,      -1.01805,            0.,"ASSEMBLY_PLATE-1__PICKEDSET2","ROCK","",  -966.453E-03,      -1.61228,      -1.61025,  -968.488E-03,   36.1922E-03
F:/Desktop/DeepOnet_Abaqus/StaticElasticJob.odb,Step-1,Increment      1: Step Time =    1.000,"PLATE-1",          1263,             1,  -319.849E-03,      -1.09091,            0.,"ASSEMBLY_PLATE-1__PICKEDSET2","ROCK","",  -966.599E-03,      -1.61324,      -1.61190,  -967.947E-03,   29.4950E-03
F:/Desktop/DeepOnet_Abaqus/StaticElasticJob.odb,Step-1,Increment      1: Step Time =    1.000,"PLATE-1",          1264,             1,  -358.376E-03,      -1.40083,            0.,"ASSEMBLY_PLATE-1__PICKEDSET2","ROCK","",  -976.374E-03,      -1.59586,      -1.59541,  -976.828E-03,   16.7817E-03
F:/Desktop/DeepOnet_Abaqus/StaticElasticJob.odb,Step-1,Increment      1: Step Time =    1.000,"PLATE-1",          1265,             1,  -450.145E-03,      -1.55951,            0.,"ASSEMBLY_PLATE-1__PICKEDSET2","ROCK","",  -980.539E-03,      -1.58865,      -1.58832,  -980.873E-03,   14.2509E-03
F:/Desktop/DeepOnet_Abaqus/StaticElasticJob.odb,Step-1,Increment      1: Step Time =    1.000,"PLATE-1",          1266,             1,  -72.2243E-03,  -648.980E-03,            0.,"ASSEMBLY_PLATE-1__PICKEDSET2","ROCK","",  -910.584E-03,      -1.71506,      -1.71055,  -915.090E-03,   60.0397E-03
F:/Desktop/DeepOnet_Abaqus/StaticElasticJob.odb,Step-1,Increment      1: Step Time =    1.000,"PLATE-1",          1267,             1,  -27.0889E-03,  -894.619E-03,            0.,"ASSEMBLY_PLATE-1__PICKEDSET2","ROCK","",  -941.262E-03,      -1.65345,      -1.65241,  -942.307E-03,   27.2630E-03
F:/Desktop/DeepOnet_Abaqus/StaticElasticJob.odb,Step-1,Increment      1: Step Time =    1.000,"PLATE-1",          1268,             1,   414.803E-03,  -769.879E-03,            0.,"ASSEMBLY_PLATE-1__PICKEDSET2","ROCK","",  -905.686E-03,      -1.66528,      -1.66311,  -907.852E-03,  -40.5047E-03
F:/Desktop/DeepOnet_Abaqus/StaticElasticJob.odb,Step-1,Increment      1: Step Time =    1.000,"PLATE-1",          1269,             1,   460.038E-03,  -623.408E-03,            0.,"ASSEMBLY_PLATE-1__PICKEDSET2","ROCK","",  -885.367E-03,      -1.67115,      -1.66462,  -891.895E-03,  -71.3210E-03
F:/Desktop/DeepOnet_Abaqus/StaticElasticJob.odb,Step-1,Increment      1: Step Time =    1.000,"PLATE-1",          1270,             1,   503.250E-03,  -729.869E-03,            0.,"ASSEMBLY_PLATE-1__PICKEDSET2","ROCK","",  -906.200E-03,      -1.65823,      -1.65379,  -910.638E-03,  -57.5968E-03
F:/Desktop/DeepOnet_Abaqus/StaticElasticJob.odb,Step-1,Increment      1: Step Time =    1.000,"PLATE-1",          1271,             1,   579.340E-03,  -897.778E-03,            0.,"ASSEMBLY_PLATE-1__PICKEDSET2","ROCK","",  -933.134E-03,      -1.63832,      -1.63517,  -936.291E-03,  -47.0736E-03
F:/Desktop/DeepOnet_Abaqus/StaticElasticJob.odb,Step-1,Increment      1: Step Time =    1.000,"PLATE-1",          1272,             1,   439.206E-03,      -1.10341,            0.,"ASSEMBLY_PLATE-1__PICKEDSET2","ROCK","",  -948.947E-03,      -1.62819,      -1.62758,  -949.557E-03,  -20.3560E-03
F:/Desktop/DeepOnet_Abaqus/StaticElasticJob.odb,Step-1,Increment      1: Step Time =    1.000,"PLATE-1",          1273,             1,   492.507E-03,      -1.30351,            0.,"ASSEMBLY_PLATE-1__PICKEDSET2","ROCK","",  -964.336E-03,      -1.61219,      -1.61166,  -964.871E-03,  -18.6138E-03
F:/Desktop/DeepOnet_Abaqus/StaticElasticJob.odb,Step-1,Increment      1: Step Time =    1.000,"PLATE-1",          1274,             1,   457.016E-03,      -1.56265,            0.,"ASSEMBLY_PLATE-1__PICKEDSET2","ROCK","",  -976.380E-03,      -1.59850,      -1.59824,  -976.639E-03,  -12.6990E-03
F:/Desktop/DeepOnet_Abaqus/StaticElasticJob.odb,Step-1,Increment      1: Step Time =    1.000,"PLATE-1",          1275,             1,   551.252E-03,      -1.56619,            0.,"ASSEMBLY_PLATE-1__PICKEDSET2","ROCK","",  -977.285E-03,      -1.59815,      -1.59771,  -977.720E-03,  -16.4318E-03
F:/Desktop/DeepOnet_Abaqus/StaticElasticJob.odb,Step-1,Increment      1: Step Time =    1.000,"PLATE-1",          1276,             1,   646.130E-03,      -1.56437,            0.,"ASSEMBLY_PLATE-1__PICKEDSET2","ROCK","",  -979.735E-03,      -1.59558,      -1.59495,  -980.365E-03,  -19.6755E-03
F:/Desktop/DeepOnet_Abaqus/StaticElasticJob.odb,Step-1,Increment      1: Step Time =    1.000,"PLATE-1",          1277,             1,   631.412E-03,      -1.48842,            0.,"ASSEMBLY_PLATE-1__PICKEDSET2","ROCK","",  -976.315E-03,      -1.59963,      -1.59897,  -976.982E-03,  -20.3782E-03
F:/Desktop/DeepOnet_Abaqus/StaticElasticJob.odb,Step-1,Increment      1: Step Time =    1.000,"PLATE-1",          1278,             1,   737.861E-03,      -1.48545,            0.,"ASSEMBLY_PLATE-1__PICKEDSET2","ROCK","",  -978.802E-03,      -1.59739,      -1.59640,  -979.784E-03,  -24.6256E-03
F:/Desktop/DeepOnet_Abaqus/StaticElasticJob.odb,Step-1,Increment      1: Step Time =    1.000,"PLATE-1",          1279,             1,   746.375E-03,      -1.32728,            0.,"ASSEMBLY_PLATE-1__PICKEDSET2","ROCK","",  -973.726E-03,      -1.60316,      -1.60171,  -975.179E-03,  -30.2126E-03
F:/Desktop/DeepOnet_Abaqus/StaticElasticJob.odb,Step-1,Increment      1: Step Time =    1.000,"PLATE-1",          1280,             1,   872.323E-03,      -1.19928,            0.,"ASSEMBLY_PLATE-1__PICKEDSET2","ROCK","",  -975.448E-03,      -1.60294,      -1.60026,  -978.130E-03,  -40.9412E-03
F:/Desktop/DeepOnet_Abaqus/StaticElasticJob.odb,Step-1,Increment      1: Step Time =    1.000,"PLATE-1",          1281,             1,   848.705E-03,      -1.03814,            0.,"ASSEMBLY_PLATE-1__PICKEDSET2","ROCK","",  -966.787E-03,      -1.61056,      -1.60646,  -970.883E-03,  -51.1860E-03
F:/Desktop/DeepOnet_Abaqus/StaticElasticJob.odb,Step-1,Increment      1: Step Time =    1.000,"PLATE-1",          1282,             1,   779.911E-03,  -909.135E-03,            0.,"ASSEMBLY_PLATE-1__PICKEDSET2","ROCK","",  -953.234E-03,      -1.62053,      -1.61520,  -958.560E-03,  -59.3769E-03
F:/Desktop/DeepOnet_Abaqus/StaticElasticJob.odb,Step-1,Increment      1: Step Time =    1.000,"PLATE-1",          1283,             1,   787.025E-03,  -969.997E-03,            0.,"ASSEMBLY_PLATE-1__PICKEDSET2","ROCK","",  -957.137E-03,      -1.61801,      -1.61351,  -961.636E-03,  -54.3386E-03
F:/Desktop/DeepOnet_Abaqus/StaticElasticJob.odb,Step-1,Increment      1: Step Time =    1.000,"PLATE-1",          1284,             1,   656.507E-03,  -879.755E-03,            0.,"ASSEMBLY_PLATE-1__PICKEDSET2","ROCK","",  -938.675E-03,      -1.63241,      -1.62812,  -942.966E-03,  -54.3910E-03
F:/Desktop/DeepOnet_Abaqus/StaticElasticJob.odb,Step-1,Increment      1: Step Time =    1.000,"PLATE-1",          1285,             1,   604.754E-03,  -849.872E-03,            0.,"ASSEMBLY_PLATE-1__PICKEDSET2","ROCK","",  -931.435E-03,      -1.63823,      -1.63402,  -935.644E-03,  -54.3803E-03
F:/Desktop/DeepOnet_Abaqus/StaticElasticJob.odb,Step-1,Increment      1: Step Time =    1.000,"PLATE-1",          1286,             1,   677.714E-03,  -832.331E-03,            0.,"ASSEMBLY_PLATE-1__PICKEDSET2","ROCK","",  -935.193E-03,      -1.63388,      -1.62855,  -940.522E-03,  -60.7876E-03
F:/Desktop/DeepOnet_Abaqus/StaticElasticJob.odb,Step-1,Increment      1: Step Time =    1.000,"PLATE-1",          1287,             1,   568.009E-03,  -721.702E-03,            0.,"ASSEMBLY_PLATE-1__PICKEDSET2","ROCK","",  -911.189E-03,      -1.65055,      -1.64441,  -917.327E-03,  -67.0869E-03
F:/Desktop/DeepOnet_Abaqus/StaticElasticJob.odb,Step-1,Increment      1: Step Time =    1.000,"PLATE-1",          1288,             1,   807.623E-03,  -642.082E-03,            0.,"ASSEMBLY_PLATE-1__PICKEDSET2","ROCK","",  -942.678E-03,      -1.62079,      -1.60832,  -955.139E-03,  -91.0760E-03
F:/Desktop/DeepOnet_Abaqus/StaticElasticJob.odb,Step-1,Increment      1: Step Time =    1.000,"PLATE-1",          1289,             1,   997.054E-03,  -592.736E-03,            0.,"ASSEMBLY_PLATE-1__PICKEDSET2","ROCK","",  -981.015E-03,      -1.60034,      -1.58690,  -994.449E-03,  -90.2192E-03
F:/Desktop/DeepOnet_Abaqus/StaticElasticJob.odb,Step-1,Increment      1: Step Time =    1.000,"PLATE-1",          1290,             1,       1.05737,  -599.909E-03,            0.,"ASSEMBLY_PLATE-1__PICKEDSET2","ROCK","",  -992.335E-03,      -1.59442,      -1.58189,      -1.00487,  -85.9643E-03
F:/Desktop/DeepOnet_Abaqus/StaticElasticJob.odb,Step-1,Increment      1: Step Time =    1.000,"PLATE-1",          1291,             1,   974.625E-03,  -788.511E-03,            0.,"ASSEMBLY_PLATE-1__PICKEDSET2","ROCK","",  -974.662E-03,      -1.60474,      -1.59586,  -983.542E-03,  -74.2719E-03
F:/Desktop/DeepOnet_Abaqus/StaticElasticJob.odb,Step-1,Increment      1: Step Time =    1.000,"PLATE-1",          1292,             1,       1.17725,  -662.048E-03,            0.,"ASSEMBLY_PLATE-1__PICKEDSET2","ROCK","",      -1.00870,      -1.58689,      -1.57712,      -1.01847,  -74.5325E-03
F:/Desktop/DeepOnet_Abaqus/StaticElasticJob.odb,Step-1,Increment      1: Step Time =    1.000,"PLATE-1",          1293,             1,       1.29452,  -641.507E-03,            0.,"ASSEMBLY_PLATE-1__PICKEDSET2","ROCK","",      -1.02539,      -1.57940,      -1.57154,      -1.03325,  -65.5218E-03
F:/Desktop/DeepOnet_Abaqus/StaticElasticJob.odb,Step-1,Increment      1: Step Time =    1.000,"PLATE-1",          1294,             1,  -660.184E-03,  -552.441E-03,            0.,"ASSEMBLY_PLATE-1__PICKEDSET2","ROCK","",  -962.908E-03,      -1.58558,      -1.56897,  -979.518E-03,   100.333E-03
F:/Desktop/DeepOnet_Abaqus/StaticElasticJob.odb,Step-1,Increment      1: Step Time =    1.000,"PLATE-1",          1295,             1,  -732.562E-03,  -549.872E-03,            0.,"ASSEMBLY_PLATE-1__PICKEDSET2","ROCK","",  -970.097E-03,      -1.57131,      -1.55582,  -985.587E-03,   95.2533E-03
F:/Desktop/DeepOnet_Abaqus/StaticElasticJob.odb,Step-1,Increment      1: Step Time =    1.000,"PLATE-1",          1296,             1,  -971.169E-03,  -505.167E-03,            0.,"ASSEMBLY_PLATE-1__PICKEDSET2","ROCK","",  -994.809E-03,      -1.53339,      -1.52226,      -1.00594,   76.6240E-03
F:/Desktop/DeepOnet_Abaqus/StaticElasticJob.odb,Step-1,Increment      1: Step Time =    1.000,"PLATE-1",          1297,             1,      -1.08182,  -573.772E-03,            0.,"ASSEMBLY_PLATE-1__PICKEDSET2","ROCK","",  -997.431E-03,      -1.53559,      -1.52798,      -1.00504,   63.5321E-03
F:/Desktop/DeepOnet_Abaqus/StaticElasticJob.odb,Step-1,Increment      1: Step Time =    1.000,"PLATE-1",          1298,             1,      -1.17843,  -577.861E-03,            0.,"ASSEMBLY_PLATE-1__PICKEDSET2","ROCK","",      -1.00157,      -1.53206,      -1.52587,      -1.00776,   56.9597E-03
F:/Desktop/DeepOnet_Abaqus/StaticElasticJob.odb,Step-1,Increment      1: Step Time =    1.000,"PLATE-1",          1299,             1,  -346.309E-03,  -583.241E-03,            0.,"ASSEMBLY_PLATE-1__PICKEDSET2","ROCK","",  -941.236E-03,      -1.66864,      -1.65447,  -955.403E-03,   100.521E-03
F:/Desktop/DeepOnet_Abaqus/StaticElasticJob.odb,Step-1,Increment      1: Step Time =    1.000,"PLATE-1",          1300,             1,      -1.35449,  -867.502E-03,            0.,"ASSEMBLY_PLATE-1__PICKEDSET2","ROCK","",  -996.073E-03,      -1.54978,      -1.54673,  -999.126E-03,   41.0020E-03
F:/Desktop/DeepOnet_Abaqus/StaticElasticJob.odb,Step-1,Increment      1: Step Time =    1.000,"PLATE-1",          1301,             1,      -1.34877,  -969.935E-03,            0.,"ASSEMBLY_PLATE-1__PICKEDSET2","ROCK","",  -993.625E-03,      -1.55495,      -1.55225,  -996.325E-03,   38.8332E-03
F:/Desktop/DeepOnet_Abaqus/StaticElasticJob.odb,Step-1,Increment      1: Step Time =    1.000,"PLATE-1",          1302,             1,      -1.22584,      -1.05122,            0.,"ASSEMBLY_PLATE-1__PICKEDSET2","ROCK","",  -988.904E-03,      -1.56229,      -1.55974,  -991.459E-03,   38.1930E-03
F:/Desktop/DeepOnet_Abaqus/StaticElasticJob.odb,Step-1,Increment      1: Step Time =    1.000,"PLATE-1",          1303,             1,      -1.10276,      -1.25517,            0.,"ASSEMBLY_PLATE-1__PICKEDSET2","ROCK","",  -985.254E-03,      -1.57129,      -1.56961,  -986.931E-03,   31.3103E-03
F:/Desktop/DeepOnet_Abaqus/StaticElasticJob.odb,Step-1,Increment      1: Step Time =    1.000,"PLATE-1",          1304,             1,  -930.146E-03,      -1.36787,            0.,"ASSEMBLY_PLATE-1__PICKEDSET2","ROCK","",  -982.870E-03,      -1.57780,      -1.57662,  -984.046E-03,   26.4234E-03
F:/Desktop/DeepOnet_Abaqus/StaticElasticJob.odb,Step-1,Increment      1: Step Time =    1.000,"PLATE-1",          1305,             1,      -1.26793,  -792.671E-03,            0.,"ASSEMBLY_PLATE-1__PICKEDSET2","ROCK","",  -995.179E-03,      -1.54835,      -1.54442,  -999.111E-03,   46.4680E-03
F:/Desktop/DeepOnet_Abaqus/StaticElasticJob.odb,Step-1,Increment      1: Step Time =    1.000,"PLATE-1",          1306,             1,  -845.298E-03,  -736.246E-03,            0.,"ASSEMBLY_PLATE-1__PICKEDSET2","ROCK","",  -976.311E-03,      -1.57248,      -1.56521,  -983.590E-03,   65.4711E-03
F:/Desktop/DeepOnet_Abaqus/StaticElasticJob.odb,Step-1,Increment      1: Step Time =    1.000,"PLATE-1",          1307,             1,  -507.580E-03,  -811.107E-03,            0.,"ASSEMBLY_PLATE-1__PICKEDSET2","ROCK","",  -961.964E-03,      -1.61401,      -1.60864,  -967.329E-03,   58.9000E-03
F:/Desktop/DeepOnet_Abaqus/StaticElasticJob.odb,Step-1,Increment      1: Step Time =    1.000,"PLATE-1",          1308,             1,   2.90763E-03,      -1.03013,            0.,"ASSEMBLY_PLATE-1__PICKEDSET2","ROCK","",  -951.440E-03,      -1.63508,      -1.63464,  -951.884E-03,   17.4160E-03
F:/Desktop/DeepOnet_Abaqus/StaticElasticJob.odb,Step-1,Increment      1: Step Time =    1.000,"PLATE-1",          1309,             1,   16.2299E-03,  -862.612E-03,            0.,"ASSEMBLY_PLATE-1__PICKEDSET2","ROCK","",  -934.913E-03,      -1.66116,      -1.66029,  -935.786E-03,   25.1612E-03
F:/Desktop/DeepOnet_Abaqus/StaticElasticJob.odb,Step-1,Increment      1: Step Time =    1.000,"PLATE-1",          1310,             1,   392.847E-03,  -981.664E-03,            0.,"ASSEMBLY_PLATE-1__PICKEDSET2","ROCK","",  -935.790E-03,      -1.64165,      -1.64104,  -936.400E-03,  -20.7479E-03
F:/Desktop/DeepOnet_Abaqus/StaticElasticJob.odb,Step-1,Increment      1: Step Time =    1.000,"PLATE-1",          1311,             1,   596.937E-03,  -981.605E-03,            0.,"ASSEMBLY_PLATE-1__PICKEDSET2","ROCK","",  -943.004E-03,      -1.63091,      -1.62843,  -945.486E-03,  -41.2527E-03
F:/Desktop/DeepOnet_Abaqus/StaticElasticJob.odb,Step-1,Increment      1: Step Time =    1.000,"PLATE-1",          1312,             1,   647.131E-03,      -1.01934,            0.,"ASSEMBLY_PLATE-1__PICKEDSET2","ROCK","",  -949.624E-03,      -1.62505,      -1.62241,  -952.263E-03,  -42.1390E-03
F:/Desktop/DeepOnet_Abaqus/StaticElasticJob.odb,Step-1,Increment      1: Step Time =    1.000,"PLATE-1",          1313,             1,   690.930E-03,      -1.22296,            0.,"ASSEMBLY_PLATE-1__PICKEDSET2","ROCK","",  -965.541E-03,      -1.61114,      -1.60946,  -967.218E-03,  -32.8637E-03
F:/Desktop/DeepOnet_Abaqus/StaticElasticJob.odb,Step-1,Increment      1: Step Time =    1.000,"PLATE-1",          1314,             1,   623.811E-03,      -1.39827,            0.,"ASSEMBLY_PLATE-1__PICKEDSET2","ROCK","",  -972.085E-03,      -1.60414,      -1.60332,  -972.895E-03,  -22.6185E-03
F:/Desktop/DeepOnet_Abaqus/StaticElasticJob.odb,Step-1,Increment      1: Step Time =    1.000,"PLATE-1",          1315,             1,   735.418E-03,      -1.40670,            0.,"ASSEMBLY_PLATE-1__PICKEDSET2","ROCK","",  -976.342E-03,      -1.60032,      -1.59912,  -977.543E-03,  -27.3557E-03
F:/Desktop/DeepOnet_Abaqus/StaticElasticJob.odb,Step-1,Increment      1: Step Time =    1.000,"PLATE-1",          1316,             1,   834.176E-03,      -1.41266,            0.,"ASSEMBLY_PLATE-1__PICKEDSET2","ROCK","",  -980.289E-03,      -1.59682,      -1.59536,  -981.746E-03,  -29.9361E-03
F:/Desktop/DeepOnet_Abaqus/StaticElasticJob.odb,Step-1,Increment      1: Step Time =    1.000,"PLATE-1",          1317,             1,       1.13872,  -794.977E-03,            0.,"ASSEMBLY_PLATE-1__PICKEDSET2","ROCK","",  -998.019E-03,      -1.59110,      -1.58308,      -1.00604,  -68.4940E-03
F:/Desktop/DeepOnet_Abaqus/StaticElasticJob.odb,Step-1,Increment      1: Step Time =    1.000,"PLATE-1",          1318,             1,       1.09899,      -1.01988,            0.,"ASSEMBLY_PLATE-1__PICKEDSET2","ROCK","",  -990.416E-03,      -1.59331,      -1.58836,  -995.365E-03,  -54.3992E-03
F:/Desktop/DeepOnet_Abaqus/StaticElasticJob.odb,Step-1,Increment      1: Step Time =    1.000,"PLATE-1",          1319,             1,       1.17203,      -1.01646,            0.,"ASSEMBLY_PLATE-1__PICKEDSET2","ROCK","",  -997.125E-03,      -1.58895,      -1.58405,      -1.00202,  -53.5942E-03
F:/Desktop/DeepOnet_Abaqus/StaticElasticJob.odb,Step-1,Increment      1: Step Time =    1.000,"PLATE-1",          1320,             1,       1.36944,  -821.349E-03,            0.,"ASSEMBLY_PLATE-1__PICKEDSET2","ROCK","",      -1.02008,      -1.57793,      -1.57257,      -1.02544,  -54.4134E-03
F:/Desktop/DeepOnet_Abaqus/StaticElasticJob.odb,Step-1,Increment      1: Step Time =    1.000,"PLATE-1",          1321,             1,      -1.40466,      -1.10050,            0.,"ASSEMBLY_PLATE-1__PICKEDSET2","ROCK","",  -993.315E-03,      -1.55772,      -1.55566,  -995.380E-03,   34.0731E-03
F:/Desktop/DeepOnet_Abaqus/StaticElasticJob.odb,Step-1,Increment      1: Step Time =    1.000,"PLATE-1",          1322,             1,      -1.08010,  -975.252E-03,            0.,"ASSEMBLY_PLATE-1__PICKEDSET2","ROCK","",  -984.724E-03,      -1.56674,      -1.56347,  -987.996E-03,   43.5200E-03
F:/Desktop/DeepOnet_Abaqus/StaticElasticJob.odb,Step-1,Increment      1: Step Time =    1.000,"PLATE-1",          1323,             1,  -821.946E-03,  -982.662E-03,            0.,"ASSEMBLY_PLATE-1__PICKEDSET2","ROCK","",  -976.061E-03,      -1.58247,      -1.57906,  -979.470E-03,   45.3379E-03
F:/Desktop/DeepOnet_Abaqus/StaticElasticJob.odb,Step-1,Increment      1: Step Time =    1.000,"PLATE-1",          1324,             1,  -558.012E-03,  -859.556E-03,            0.,"ASSEMBLY_PLATE-1__PICKEDSET2","ROCK","",  -965.285E-03,      -1.60632,      -1.60178,  -969.823E-03,   53.7441E-03
F:/Desktop/DeepOnet_Abaqus/StaticElasticJob.odb,Step-1,Increment      1: Step Time =    1.000,"PLATE-1",          1325,             1,  -94.1346E-03,      -1.08971,            0.,"ASSEMBLY_PLATE-1__PICKEDSET2","ROCK","",  -959.777E-03,      -1.62427,      -1.62360,  -960.443E-03,   21.0174E-03
F:/Desktop/DeepOnet_Abaqus/StaticElasticJob.odb,Step-1,Increment      1: Step Time =    1.000,"PLATE-1",          1326,             1,  -190.758E-03,      -1.08783,            0.,"ASSEMBLY_PLATE-1__PICKEDSET2","ROCK","",  -962.761E-03,      -1.62006,      -1.61912,  -963.706E-03,   24.9127E-03
F:/Desktop/DeepOnet_Abaqus/StaticElasticJob.odb,Step-1,Increment      1: Step Time =    1.000,"PLATE-1",          1327,             1,   89.1197E-03,  -948.442E-03,            0.,"ASSEMBLY_PLATE-1__PICKEDSET2","ROCK","",  -940.306E-03,      -1.64850,      -1.64823,  -940.581E-03,   13.9634E-03
F:/Desktop/DeepOnet_Abaqus/StaticElasticJob.odb,Step-1,Increment      1: Step Time =    1.000,"PLATE-1",          1328,             1,   380.090E-03,      -1.17718,            0.,"ASSEMBLY_PLATE-1__PICKEDSET2","ROCK","",  -953.451E-03,      -1.62433,      -1.62404,  -953.740E-03,  -13.9206E-03
F:/Desktop/DeepOnet_Abaqus/StaticElasticJob.odb,Step-1,Increment      1: Step Time =    1.000,"PLATE-1",          1329,             1,   221.629E-03,      -1.00351,            0.,"ASSEMBLY_PLATE-1__PICKEDSET2","ROCK","",  -939.829E-03,      -1.64272,      -1.64272,  -939.833E-03,  -1.55268E-03
F:/Desktop/DeepOnet_Abaqus/StaticElasticJob.odb,Step-1,Increment      1: Step Time =    1.000,"PLATE-1",          1330,             1,   410.318E-03,      -1.03828,            0.,"ASSEMBLY_PLATE-1__PICKEDSET2","ROCK","",  -941.671E-03,      -1.63565,      -1.63505,  -942.263E-03,  -20.2574E-03
F:/Desktop/DeepOnet_Abaqus/StaticElasticJob.odb,Step-1,Increment      1: Step Time =    1.000,"PLATE-1",          1331,             1,   784.394E-03,      -1.02574,            0.,"ASSEMBLY_PLATE-1__PICKEDSET2","ROCK","",  -960.888E-03,      -1.61531,      -1.61154,  -964.662E-03,  -49.5509E-03
F:/Desktop/DeepOnet_Abaqus/StaticElasticJob.odb,Step-1,Increment      1: Step Time =    1.000,"PLATE-1",          1332,             1,   700.329E-03,      -1.05531,            0.,"ASSEMBLY_PLATE-1__PICKEDSET2","ROCK","",  -955.410E-03,      -1.62002,      -1.61719,  -958.237E-03,  -43.2553E-03
F:/Desktop/DeepOnet_Abaqus/StaticElasticJob.odb,Step-1,Increment      1: Step Time =    1.000,"PLATE-1",          1333,             1,       1.00210,      -1.06857,            0.,"ASSEMBLY_PLATE-1__PICKEDSET2","ROCK","",  -980.637E-03,      -1.59978,      -1.59544,  -984.976E-03,  -51.6483E-03
F:/Desktop/DeepOnet_Abaqus/StaticElasticJob.odb,Step-1,Increment      1: Step Time =    1.000,"PLATE-1",          1334,             1,   922.812E-03,      -1.05127,            0.,"ASSEMBLY_PLATE-1__PICKEDSET2","ROCK","",  -974.185E-03,      -1.60501,      -1.60070,  -978.495E-03,  -51.9643E-03
F:/Desktop/DeepOnet_Abaqus/StaticElasticJob.odb,Step-1,Increment      1: Step Time =    1.000,"PLATE-1",          1335,             1,   926.107E-03,      -1.41323,            0.,"ASSEMBLY_PLATE-1__PICKEDSET2","ROCK","",  -984.482E-03,      -1.59336,      -1.59164,  -986.199E-03,  -32.2864E-03
F:/Desktop/DeepOnet_Abaqus/StaticElasticJob.odb,Step-1,Increment      1: Step Time =    1.000,"PLATE-1",          1336,             1,   838.317E-03,      -1.48721,            0.,"ASSEMBLY_PLATE-1__PICKEDSET2","ROCK","",  -982.695E-03,      -1.59409,      -1.59286,  -983.934E-03,  -27.5005E-03
F:/Desktop/DeepOnet_Abaqus/StaticElasticJob.odb,Step-1,Increment      1: Step Time =    1.000,"PLATE-1",          1337,             1,   944.867E-03,      -1.56242,            0.,"ASSEMBLY_PLATE-1__PICKEDSET2","ROCK","",  -988.774E-03,      -1.58801,      -1.58678,  -990.007E-03,  -27.1531E-03
F:/Desktop/DeepOnet_Abaqus/StaticElasticJob.odb,Step-1,Increment      1: Step Time =    1.000,"PLATE-1",          1338,             1,       1.04357,      -1.56061,            0.,"ASSEMBLY_PLATE-1__PICKEDSET2","ROCK","",  -992.081E-03,      -1.58533,      -1.58393,  -993.481E-03,  -28.7772E-03
F:/Desktop/DeepOnet_Abaqus/StaticElasticJob.odb,Step-1,Increment      1: Step Time =    1.000,"PLATE-1",          1339,             1,       1.12233,      -1.47073,            0.,"ASSEMBLY_PLATE-1__PICKEDSET2","ROCK","",  -994.403E-03,      -1.58452,      -1.58275,  -996.174E-03,  -32.2780E-03
F:/Desktop/DeepOnet_Abaqus/StaticElasticJob.odb,Step-1,Increment      1: Step Time =    1.000,"PLATE-1",          1340,             1,       1.21339,      -1.44974,            0.,"ASSEMBLY_PLATE-1__PICKEDSET2","ROCK","",  -998.592E-03,      -1.58128,      -1.57939,      -1.00048,  -33.1525E-03
F:/Desktop/DeepOnet_Abaqus/StaticElasticJob.odb,Step-1,Increment      1: Step Time =    1.000,"PLATE-1",          1341,             1,       1.17458,      -1.36710,            0.,"ASSEMBLY_PLATE-1__PICKEDSET2","ROCK","",  -996.263E-03,      -1.58463,      -1.58233,  -998.560E-03,  -36.6899E-03
F:/Desktop/DeepOnet_Abaqus/StaticElasticJob.odb,Step-1,Increment      1: Step Time =    1.000,"PLATE-1",          1342,             1,       1.07434,      -1.31656,            0.,"ASSEMBLY_PLATE-1__PICKEDSET2","ROCK","",  -990.262E-03,      -1.59002,      -1.58751,  -992.772E-03,  -38.7161E-03
F:/Desktop/DeepOnet_Abaqus/StaticElasticJob.odb,Step-1,Increment      1: Step Time =    1.000,"PLATE-1",          1343,             1,       1.11614,      -1.21512,            0.,"ASSEMBLY_PLATE-1__PICKEDSET2","ROCK","",  -992.134E-03,      -1.58994,      -1.58670,  -995.376E-03,  -43.9062E-03
F:/Desktop/DeepOnet_Abaqus/StaticElasticJob.odb,Step-1,Increment      1: Step Time =    1.000,"PLATE-1",          1344,             1,       1.14667,      -1.28949,            0.,"ASSEMBLY_PLATE-1__PICKEDSET2","ROCK","",  -994.603E-03,      -1.58683,      -1.58411,  -997.319E-03,  -40.0117E-03
F:/Desktop/DeepOnet_Abaqus/StaticElasticJob.odb,Step-1,Increment      1: Step Time =    1.000,"PLATE-1",          1345,             1,       1.28601,      -1.08352,            0.,"ASSEMBLY_PLATE-1__PICKEDSET2","ROCK","",      -1.00473,      -1.58263,      -1.57865,      -1.00871,  -47.7808E-03
F:/Desktop/DeepOnet_Abaqus/StaticElasticJob.odb,Step-1,Increment      1: Step Time =    1.000,"PLATE-1",          1346,             1,   482.493E-03,  -944.687E-03,            0.,"ASSEMBLY_PLATE-1__PICKEDSET2","ROCK","",  -933.918E-03,      -1.64096,      -1.63951,  -935.367E-03,  -31.9730E-03
F:/Desktop/DeepOnet_Abaqus/StaticElasticJob.odb,Step-1,Increment      1: Step Time =    1.000,"PLATE-1",          1347,             1,       1.55063,  -957.670E-03,            0.,"ASSEMBLY_PLATE-1__PICKEDSET2","ROCK","",      -1.02251,      -1.57261,      -1.56949,      -1.02563,  -41.2853E-03
F:/Desktop/DeepOnet_Abaqus/StaticElasticJob.odb,Step-1,Increment      1: Step Time =    1.000,"PLATE-1",          1348,             1,      -1.23949,      -1.39117,            0.,"ASSEMBLY_PLATE-1__PICKEDSET2","ROCK","",  -988.491E-03,      -1.56849,      -1.56726,  -989.718E-03,   26.6463E-03
F:/Desktop/DeepOnet_Abaqus/StaticElasticJob.odb,Step-1,Increment      1: Step Time =    1.000,"PLATE-1",          1349,             1,  -773.029E-03,      -1.22221,            0.,"ASSEMBLY_PLATE-1__PICKEDSET2","ROCK","",  -978.513E-03,      -1.58461,      -1.58304,  -980.079E-03,   30.7717E-03
F:/Desktop/DeepOnet_Abaqus/StaticElasticJob.odb,Step-1,Increment      1: Step Time =    1.000,"PLATE-1",          1350,             1,  -574.504E-03,      -1.28224,            0.,"ASSEMBLY_PLATE-1__PICKEDSET2","ROCK","",  -976.410E-03,      -1.59217,      -1.59110,  -977.482E-03,   25.6783E-03
F:/Desktop/DeepOnet_Abaqus/StaticElasticJob.odb,Step-1,Increment      1: Step Time =    1.000,"PLATE-1",          1351,             1,  -165.696E-03,      -1.21417,            0.,"ASSEMBLY_PLATE-1__PICKEDSET2","ROCK","",  -967.401E-03,      -1.61173,      -1.61120,  -967.929E-03,   18.4361E-03
F:/Desktop/DeepOnet_Abaqus/StaticElasticJob.odb,Step-1,Increment      1: Step Time =    1.000,"PLATE-1",          1352,             1,  -138.114E-03,      -1.28856,            0.,"ASSEMBLY_PLATE-1__PICKEDSET2","ROCK","",  -969.363E-03,      -1.60826,      -1.60792,  -969.698E-03,   14.6252E-03
F:/Desktop/DeepOnet_Abaqus/StaticElasticJob.odb,Step-1,Increment      1: Step Time =    1.000,"PLATE-1",          1353,             1,  -209.717E-03,      -1.30690,            0.,"ASSEMBLY_PLATE-1__PICKEDSET2","ROCK","",  -971.513E-03,      -1.60476,      -1.60435,  -971.923E-03,   16.1013E-03
F:/Desktop/DeepOnet_Abaqus/StaticElasticJob.odb,Step-1,Increment      1: Step Time =    1.000,"PLATE-1",          1354,             1,   87.9007E-03,      -1.24978,            0.,"ASSEMBLY_PLATE-1__PICKEDSET2","ROCK","",  -962.756E-03,      -1.61649,      -1.61644,  -962.807E-03,   5.81609E-03
F:/Desktop/DeepOnet_Abaqus/StaticElasticJob.odb,Step-1,Increment      1: Step Time =    1.000,"PLATE-1",          1355,             1,   319.125E-03,      -1.19333,            0.,"ASSEMBLY_PLATE-1__PICKEDSET2","ROCK","",  -954.929E-03,      -1.62334,      -1.62321,  -955.055E-03,  -9.17127E-03
F:/Desktop/DeepOnet_Abaqus/StaticElasticJob.odb,Step-1,Increment      1: Step Time =    1.000,"PLATE-1",          1356,             1,   394.117E-03,      -1.24447,            0.,"ASSEMBLY_PLATE-1__PICKEDSET2","ROCK","",  -959.551E-03,      -1.61765,      -1.61735,  -959.846E-03,  -13.9381E-03
F:/Desktop/DeepOnet_Abaqus/StaticElasticJob.odb,Step-1,Increment      1: Step Time =    1.000,"PLATE-1",          1357,             1,   320.986E-03,      -1.30936,            0.,"ASSEMBLY_PLATE-1__PICKEDSET2","ROCK","",  -963.034E-03,      -1.61415,      -1.61405,  -963.137E-03,  -8.17593E-03
F:/Desktop/DeepOnet_Abaqus/StaticElasticJob.odb,Step-1,Increment      1: Step Time =    1.000,"PLATE-1",          1358,             1,   798.411E-03,      -1.17680,            0.,"ASSEMBLY_PLATE-1__PICKEDSET2","ROCK","",  -969.328E-03,      -1.60802,      -1.60548,  -971.873E-03,  -40.2408E-03
F:/Desktop/DeepOnet_Abaqus/StaticElasticJob.odb,Step-1,Increment      1: Step Time =    1.000,"PLATE-1",          1359,             1,   918.424E-03,      -1.27545,            0.,"ASSEMBLY_PLATE-1__PICKEDSET2","ROCK","",  -980.621E-03,      -1.59799,      -1.59558,  -983.022E-03,  -38.4248E-03
F:/Desktop/DeepOnet_Abaqus/StaticElasticJob.odb,Step-1,Increment      1: Step Time =    1.000,"PLATE-1",          1360,             1,   511.908E-03,      -1.19260,            0.,"ASSEMBLY_PLATE-1__PICKEDSET2","ROCK","",  -956.742E-03,      -1.61985,      -1.61907,  -957.525E-03,  -22.7660E-03
F:/Desktop/DeepOnet_Abaqus/StaticElasticJob.odb,Step-1,Increment      1: Step Time =    1.000,"PLATE-1",          1361,             1,   89.3891E-03,      -1.04214,            0.,"ASSEMBLY_PLATE-1__PICKEDSET2","ROCK","",  -948.703E-03,      -1.63625,      -1.63609,  -948.868E-03,   10.6503E-03
F:/Desktop/DeepOnet_Abaqus/StaticElasticJob.odb,Step-1,Increment      1: Step Time =    1.000,"PLATE-1",          1362,             1,  -376.298E-03,      -1.17098,            0.,"ASSEMBLY_PLATE-1__PICKEDSET2","ROCK","",  -970.897E-03,      -1.60461,      -1.60351,  -971.991E-03,   26.3089E-03
F:/Desktop/DeepOnet_Abaqus/StaticElasticJob.odb,Step-1,Increment      1: Step Time =    1.000,"PLATE-1",          1363,             1,  -465.672E-03,      -1.12227,            0.,"ASSEMBLY_PLATE-1__PICKEDSET2","ROCK","",  -970.790E-03,      -1.60318,      -1.60165,  -972.315E-03,   31.0211E-03
F:/Desktop/DeepOnet_Abaqus/StaticElasticJob.odb,Step-1,Increment      1: Step Time =    1.000,"PLATE-1",          1364,             1,  -807.971E-03,      -1.10647,            0.,"ASSEMBLY_PLATE-1__PICKEDSET2","ROCK","",  -977.285E-03,      -1.58391,      -1.58164,  -979.557E-03,   37.0548E-03
F:/Desktop/DeepOnet_Abaqus/StaticElasticJob.odb,Step-1,Increment      1: Step Time =    1.000,"PLATE-1",          1365,             1,  -928.774E-03,      -1.14065,            0.,"ASSEMBLY_PLATE-1__PICKEDSET2","ROCK","",  -980.616E-03,      -1.57772,      -1.57556,  -982.771E-03,   35.8069E-03
F:/Desktop/DeepOnet_Abaqus/StaticElasticJob.odb,Step-1,Increment      1: Step Time =    1.000,"PLATE-1",          1366,             1,      -1.15473,      -1.12615,            0.,"ASSEMBLY_PLATE-1__PICKEDSET2","ROCK","",  -986.659E-03,      -1.56710,      -1.56488,  -988.875E-03,   35.7932E-03
F:/Desktop/DeepOnet_Abaqus/StaticElasticJob.odb,Step-1,Increment      1: Step Time =    1.000,"PLATE-1",          1367,             1,      -1.29260,      -1.20363,            0.,"ASSEMBLY_PLATE-1__PICKEDSET2","ROCK","",  -989.671E-03,      -1.56358,      -1.56174,  -991.504E-03,   32.3865E-03
F:/Desktop/DeepOnet_Abaqus/StaticElasticJob.odb,Step-1,Increment      1: Step Time =    1.000,"PLATE-1",          1368,             1,      -1.54688,      -1.45098,            0.,"ASSEMBLY_PLATE-1__PICKEDSET2","ROCK","",  -993.818E-03,      -1.56165,      -1.56060,  -994.864E-03,   24.3460E-03
F:/Desktop/DeepOnet_Abaqus/StaticElasticJob.odb,Step-1,Increment      1: Step Time =    1.000,"PLATE-1",          1369,             1,      -1.54100,      -1.34782,            0.,"ASSEMBLY_PLATE-1__PICKEDSET2","ROCK","",  -994.267E-03,      -1.56025,      -1.55899,  -995.530E-03,   26.7058E-03
F:/Desktop/DeepOnet_Abaqus/StaticElasticJob.odb,Step-1,Increment      1: Step Time =    1.000,"PLATE-1",          1370,             1,  -994.600E-03,      -1.43945,            0.,"ASSEMBLY_PLATE-1__PICKEDSET2","ROCK","",  -984.489E-03,      -1.57601,      -1.57499,  -985.504E-03,   24.4792E-03
F:/Desktop/DeepOnet_Abaqus/StaticElasticJob.odb,Step-1,Increment      1: Step Time =    1.000,"PLATE-1",          1371,             1,  -528.978E-03,      -1.38588,            0.,"ASSEMBLY_PLATE-1__PICKEDSET2","ROCK","",  -977.866E-03,      -1.59139,      -1.59069,  -978.560E-03,   20.6191E-03
F:/Desktop/DeepOnet_Abaqus/StaticElasticJob.odb,Step-1,Increment      1: Step Time =    1.000,"PLATE-1",          1372,             1,   32.6669E-03,      -1.30069,            0.,"ASSEMBLY_PLATE-1__PICKEDSET2","ROCK","",  -966.339E-03,      -1.61189,      -1.61179,  -966.433E-03,   7.78707E-03
F:/Desktop/DeepOnet_Abaqus/StaticElasticJob.odb,Step-1,Increment      1: Step Time =    1.000,"PLATE-1",          1373,             1,      -1.33013,      -1.37755,            0.,"ASSEMBLY_PLATE-1__PICKEDSET2","ROCK","",  -990.049E-03,      -1.56578,      -1.56451,  -991.316E-03,   26.9820E-03
F:/Desktop/DeepOnet_Abaqus/StaticElasticJob.odb,Step-1,Increment      1: Step Time =    1.000,"PLATE-1",          1374,             1,   911.323E-03,  -166.993E-03,            0.,"ASSEMBLY_PLATE-1__PICKEDSET2","ROCK","",  -974.466E-03,      -1.58387,      -1.57024,  -988.095E-03,  -90.1111E-03
F:/Desktop/DeepOnet_Abaqus/StaticElasticJob.odb,Step-1,Increment      1: Step Time =    1.000,"PLATE-1",          1375,             1,       1.33680,       1.00879,            0.,"ASSEMBLY_PLATE-1__PICKEDSET2","ROCK","",  -491.865E-03,      -1.40563,      -1.00624,  -891.252E-03,   453.250E-03
F:/Desktop/DeepOnet_Abaqus/StaticElasticJob.odb,Step-1,Increment      1: Step Time =    1.000,"PLATE-1",          1376,             1,       1.23089,   992.871E-03,            0.,"ASSEMBLY_PLATE-1__PICKEDSET2","ROCK","",  -271.040E-03,      -1.41109,  -960.010E-03,  -722.121E-03,   557.478E-03
F:/Desktop/DeepOnet_Abaqus/StaticElasticJob.odb,Step-1,Increment      1: Step Time =    1.000,"PLATE-1",          1377,             1,      -1.56034,       1.25348,            0.,"ASSEMBLY_PLATE-1__PICKEDSET2","ROCK","",      -1.00380,      -1.54854,      -1.54601,      -1.00634,  -37.1044E-03
F:/Desktop/DeepOnet_Abaqus/StaticElasticJob.odb,Step-1,Increment      1: Step Time =    1.000,"PLATE-1",          1378,             1,      -1.54866,   254.185E-03,            0.,"ASSEMBLY_PLATE-1__PICKEDSET2","ROCK","",      -1.03687,      -1.48934,      -1.48922,      -1.03700,  -7.48086E-03
F:/Desktop/DeepOnet_Abaqus/StaticElasticJob.odb,Step-1,Increment      1: Step Time =    1.000,"PLATE-1",          1379,             1,      -1.54212,   858.490E-03,            0.,"ASSEMBLY_PLATE-1__PICKEDSET2","ROCK","",      -1.01611,      -1.52376,      -1.52110,      -1.01878,  -36.6607E-03
F:/Desktop/DeepOnet_Abaqus/StaticElasticJob.odb,Step-1,Increment      1: Step Time =    1.000,"PLATE-1",          1380,             1,      -1.55247,   452.748E-03,            0.,"ASSEMBLY_PLATE-1__PICKEDSET2","ROCK","",      -1.03168,      -1.49768,      -1.49669,      -1.03266,  -21.4215E-03
F:/Desktop/DeepOnet_Abaqus/StaticElasticJob.odb,Step-1,Increment      1: Step Time =    1.000,"PLATE-1",          1381,             1,      -1.55602,      -1.14579,            0.,"ASSEMBLY_PLATE-1__PICKEDSET2","ROCK","",  -996.142E-03,      -1.55564,      -1.55394,  -997.846E-03,   30.8287E-03
F:/Desktop/DeepOnet_Abaqus/StaticElasticJob.odb,Step-1,Increment      1: Step Time =    1.000,"PLATE-1",          1382,             1,      -1.05649,      -1.55527,            0.,"ASSEMBLY_PLATE-1__PICKEDSET2","ROCK","",  -986.538E-03,      -1.57366,      -1.57284,  -987.351E-03,   21.8255E-03
F:/Desktop/DeepOnet_Abaqus/StaticElasticJob.odb,Step-1,Increment      1: Step Time =    1.000,"PLATE-1",          1383,             1,  -851.344E-03,      -1.53609,            0.,"ASSEMBLY_PLATE-1__PICKEDSET2","ROCK","",  -983.674E-03,      -1.57926,      -1.57855,  -984.388E-03,   20.6020E-03
F:/Desktop/DeepOnet_Abaqus/StaticElasticJob.odb,Step-1,Increment      1: Step Time =    1.000,"PLATE-1",          1384,             1,   152.390E-03,      -1.54110,            0.,"ASSEMBLY_PLATE-1__PICKEDSET2","ROCK","",  -974.596E-03,      -1.60020,      -1.60020,  -974.596E-03,  -529.359E-06
F:/Desktop/DeepOnet_Abaqus/StaticElasticJob.odb,Step-1,Increment      1: Step Time =    1.000,"PLATE-1",          1385,             1,   358.161E-03,      -1.55730,            0.,"ASSEMBLY_PLATE-1__PICKEDSET2","ROCK","",  -975.592E-03,      -1.59928,      -1.59915,  -975.720E-03,  -8.91183E-03
F:/Desktop/DeepOnet_Abaqus/StaticElasticJob.odb,Step-1,Increment      1: Step Time =    1.000,"PLATE-1",          1386,             1,   845.671E-03,      -1.56263,            0.,"ASSEMBLY_PLATE-1__PICKEDSET2","ROCK","",  -984.693E-03,      -1.59142,      -1.59040,  -985.710E-03,  -24.8308E-03
F:/Desktop/DeepOnet_Abaqus/StaticElasticJob.odb,Step-1,Increment      1: Step Time =    1.000,"PLATE-1",          1387,             1,       1.14225,      -1.55625,            0.,"ASSEMBLY_PLATE-1__PICKEDSET2","ROCK","",  -995.738E-03,      -1.58227,      -1.58078,  -997.228E-03,  -29.5233E-03
F:/Desktop/DeepOnet_Abaqus/StaticElasticJob.odb,Step-1,Increment      1: Step Time =    1.000,"PLATE-1",          1388,             1,       1.53128,  -448.671E-03,            0.,"ASSEMBLY_PLATE-1__PICKEDSET2","ROCK","",      -1.05696,      -1.57466,      -1.57078,      -1.06084,  -44.6604E-03
F:/Desktop/DeepOnet_Abaqus/StaticElasticJob.odb,Step-1,Increment      1: Step Time =    1.000,"PLATE-1",          1389,             1,       1.54627,   151.839E-03,            0.,"ASSEMBLY_PLATE-1__PICKEDSET2","ROCK","",      -1.09816,      -1.66925,      -1.66709,      -1.10031,  -35.0478E-03
F:/Desktop/DeepOnet_Abaqus/StaticElasticJob.odb,Step-1,Increment      1: Step Time =    1.000,"PLATE-1",          1390,             1,       1.56041,   548.919E-03,            0.,"ASSEMBLY_PLATE-1__PICKEDSET2","ROCK","",  -985.813E-03,      -1.68536,      -1.52838,      -1.14279,  -291.842E-03
F:/Desktop/DeepOnet_Abaqus/StaticElasticJob.odb,Step-1,Increment      1: Step Time =    1.000,"PLATE-1",          1391,             1,       1.55664,   844.244E-03,            0.,"ASSEMBLY_PLATE-1__PICKEDSET2","ROCK","",  -989.147E-03,      -1.25088,  -993.809E-03,      -1.24622,   34.6196E-03
F:/Desktop/DeepOnet_Abaqus/StaticElasticJob.odb,Step-1,Increment      1: Step Time =    1.000,"PLATE-1",          1392,             1,       1.54108,       1.13957,            0.,"ASSEMBLY_PLATE-1__PICKEDSET2","ROCK","",  -809.035E-03,      -1.43917,      -1.25919,  -989.014E-03,   284.637E-03
F:/Desktop/DeepOnet_Abaqus/StaticElasticJob.odb,Step-1,Increment      1: Step Time =    1.000,"PLATE-1",          1393,             1,   552.941E-03,       1.55474,            0.,"ASSEMBLY_PLATE-1__PICKEDSET2","ROCK","",      -1.10941,      -1.74069,      -1.73673,      -1.11336,  -49.8193E-03
F:/Desktop/DeepOnet_Abaqus/StaticElasticJob.odb,Step-1,Increment      1: Step Time =    1.000,"PLATE-1",          1394,             1,   454.927E-03,       1.55378,            0.,"ASSEMBLY_PLATE-1__PICKEDSET2","ROCK","",      -1.09444,      -1.72555,      -1.72405,      -1.09593,  -30.6862E-03
F:/Desktop/DeepOnet_Abaqus/StaticElasticJob.odb,Step-1,Increment      1: Step Time =    1.000,"PLATE-1",          1395,             1,  -762.030E-03,       1.55165,            0.,"ASSEMBLY_PLATE-1__PICKEDSET2","ROCK","",  -990.764E-03,      -1.58852,      -1.58539,  -993.890E-03,  -43.1161E-03
F:/Desktop/DeepOnet_Abaqus/StaticElasticJob.odb,Step-1,Increment      1: Step Time =    1.000,"PLATE-1",          1396,             1,      -1.14542,       1.54757,            0.,"ASSEMBLY_PLATE-1__PICKEDSET2","ROCK","",  -992.807E-03,      -1.57267,      -1.57008,  -995.398E-03,  -38.6698E-03
F:/Desktop/DeepOnet_Abaqus/StaticElasticJob.odb,Step-1,Increment      1: Step Time =    1.000,"PLATE-1",          1397,             1,      -1.55157,       1.54934,            0.,"ASSEMBLY_PLATE-1__PICKEDSET2","ROCK","",  -998.332E-03,      -1.56066,      -1.55873,      -1.00025,  -32.8260E-03
F:/Desktop/DeepOnet_Abaqus/StaticElasticJob.odb,Step-1,Increment      1: Step Time =    1.000,"PLATE-1",          1398,             1,   735.805E-03,   796.857E-03,            0.,"ASSEMBLY_PLATE-1__PICKEDSET2","ROCK","",  -70.3688E-03,  -985.863E-03,  -429.091E-03,  -627.141E-03,   446.908E-03
F:/Desktop/DeepOnet_Abaqus/StaticElasticJob.odb,Step-1,Increment      1: Step Time =    1.000,"PLATE-1",          1399,             1,   930.499E-03,   592.067E-03,            0.,"ASSEMBLY_PLATE-1__PICKEDSET2","ROCK","",  -99.0824E-03,      -1.83980,      -1.42767,  -511.214E-03,   739.968E-03
F:/Desktop/DeepOnet_Abaqus/StaticElasticJob.odb,Step-1,Increment      1: Step Time =    1.000,"PLATE-1",          1400,             1,   5.76061E-03,   209.998E-03,            0.,"ASSEMBLY_PLATE-1__PICKEDSET2","ROCK","",  -175.385E-03,      -3.63262,      -3.62201,  -185.993E-03,   191.217E-03
F:/Desktop/DeepOnet_Abaqus/StaticElasticJob.odb,Step-1,Increment      1: Step Time =    1.000,"PLATE-1",          1401,             1,   60.8429E-03,  -206.592E-03,            0.,"ASSEMBLY_PLATE-1__PICKEDSET2","ROCK","",  -66.3498E-03,      -2.60484,      -2.54971,  -121.479E-03,  -370.007E-03
F:/Desktop/DeepOnet_Abaqus/StaticElasticJob.odb,Step-1,Increment      1: Step Time =    1.000,"PLATE-1",          1402,             1,  -57.9154E-03,  -207.124E-03,            0.,"ASSEMBLY_PLATE-1__PICKEDSET2","ROCK","",  -47.8677E-03,      -2.75507,      -2.69857,  -104.375E-03,   387.020E-03
F:/Desktop/DeepOnet_Abaqus/StaticElasticJob.odb,Step-1,Increment      1: Step Time =    1.000,"PLATE-1",          1403,             1,   35.3348E-03,  -210.869E-03,            0.,"ASSEMBLY_PLATE-1__PICKEDSET2","ROCK","",  -65.5627E-03,      -2.61375,      -2.59556,  -83.7431E-03,  -214.468E-03
F:/Desktop/DeepOnet_Abaqus/StaticElasticJob.odb,Step-1,Increment      1: Step Time =    1.000,"PLATE-1",          1404,             1,  -69.7557E-03,  -205.651E-03,            0.,"ASSEMBLY_PLATE-1__PICKEDSET2","ROCK","",  -112.969E-03,      -2.76287,      -2.68037,  -195.464E-03,   460.214E-03
F:/Desktop/DeepOnet_Abaqus/StaticElasticJob.odb,Step-1,Increment      1: Step Time =    1.000,"PLATE-1",          1405,             1,  -82.3004E-03,  -204.039E-03,            0.,"ASSEMBLY_PLATE-1__PICKEDSET2","ROCK","",  -68.3220E-03,      -2.78565,      -2.66701,  -186.964E-03,   555.260E-03
F:/Desktop/DeepOnet_Abaqus/StaticElasticJob.odb,Step-1,Increment      1: Step Time =    1.000,"PLATE-1",          1406,             1,   92.7776E-03,  -195.331E-03,            0.,"ASSEMBLY_PLATE-1__PICKEDSET2","ROCK","",  -11.2792E-03,      -2.55222,      -2.42398,  -139.522E-03,  -556.248E-03
F:/Desktop/DeepOnet_Abaqus/StaticElasticJob.odb,Step-1,Increment      1: Step Time =    1.000,"PLATE-1",          1407,             1,  -106.460E-03,  -196.922E-03,            0.,"ASSEMBLY_PLATE-1__PICKEDSET2","ROCK","",  -65.4112E-03,      -2.82969,      -2.62478,  -270.326E-03,   724.190E-03
F:/Desktop/DeepOnet_Abaqus/StaticElasticJob.odb,Step-1,Increment      1: Step Time =    1.000,"PLATE-1",          1408,             1,   105.378E-03,  -197.185E-03,            0.,"ASSEMBLY_PLATE-1__PICKEDSET2","ROCK","",  -79.2379E-03,      -2.55137,      -2.38588,  -244.732E-03,  -617.847E-03
F:/Desktop/DeepOnet_Abaqus/StaticElasticJob.odb,Step-1,Increment      1: Step Time =    1.000,"PLATE-1",          1409,             1,  -135.421E-03,  -194.668E-03,            0.,"ASSEMBLY_PLATE-1__PICKEDSET2","ROCK","",  -208.153E-03,      -2.97738,      -2.60583,  -579.709E-03,   943.860E-03
F:/Desktop/DeepOnet_Abaqus/StaticElasticJob.odb,Step-1,Increment      1: Step Time =    1.000,"PLATE-1",          1410,             1,  -46.8587E-03,   207.564E-03,            0.,"ASSEMBLY_PLATE-1__PICKEDSET2","ROCK","",  -283.102E-03,      -3.16452,      -3.00308,  -444.534E-03,  -662.641E-03
F:/Desktop/DeepOnet_Abaqus/StaticElasticJob.odb,Step-1,Increment      1: Step Time =    1.000,"PLATE-1",          1411,             1,   30.1860E-03,   206.822E-03,            0.,"ASSEMBLY_PLATE-1__PICKEDSET2","ROCK","",  -174.395E-03,      -3.68124,      -3.56031,  -295.324E-03,   639.887E-03
F:/Desktop/DeepOnet_Abaqus/StaticElasticJob.odb,Step-1,Increment      1: Step Time =    1.000,"PLATE-1",          1412,             1,  -162.341E-03,  -183.431E-03,            0.,"ASSEMBLY_PLATE-1__PICKEDSET2","ROCK","",  -564.363E-03,      -3.28502,      -2.63851,      -1.21088,       1.15800
F:/Desktop/DeepOnet_Abaqus/StaticElasticJob.odb,Step-1,Increment      1: Step Time =    1.000,"PLATE-1",          1413,             1,   205.237E-03,  -142.541E-03,            0.,"ASSEMBLY_PLATE-1__PICKEDSET2","ROCK","",  -361.769E-03,      -2.08250,  -951.246E-03,      -1.49302,  -816.606E-03
F:/Desktop/DeepOnet_Abaqus/StaticElasticJob.odb,Step-1,Increment      1: Step Time =    1.000,"PLATE-1",          1414,             1,  -60.0730E-03,   202.373E-03,            0.,"ASSEMBLY_PLATE-1__PICKEDSET2","ROCK","",  -287.240E-03,      -3.00292,      -2.73445,  -555.704E-03,  -810.548E-03
F:/Desktop/DeepOnet_Abaqus/StaticElasticJob.odb,Step-1,Increment      1: Step Time =    1.000,"PLATE-1",          1415,             1,   61.9694E-03,   232.566E-03,            0.,"ASSEMBLY_PLATE-1__PICKEDSET2","ROCK","",  -610.471E-03,      -2.87404,      -2.68492,  -799.592E-03,   626.355E-03
F:/Desktop/DeepOnet_Abaqus/StaticElasticJob.odb,Step-1,Increment      1: Step Time =    1.000,"PLATE-1",          1416,             1,   56.9727E-03,   203.766E-03,            0.,"ASSEMBLY_PLATE-1__PICKEDSET2","ROCK","",  -220.776E-03,      -3.48886,      -3.15591,  -553.730E-03,   988.567E-03
F:/Desktop/DeepOnet_Abaqus/StaticElasticJob.odb,Step-1,Increment      1: Step Time =    1.000,"PLATE-1",          1417,             1,   7.54807E-03,  -214.062E-03,            0.,"ASSEMBLY_PLATE-1__PICKEDSET2","ROCK","",  -101.382E-03,      -2.66150,      -2.66097,  -101.913E-03,  -36.8722E-03
F:/Desktop/DeepOnet_Abaqus/StaticElasticJob.odb,Step-1,Increment      1: Step Time =    1.000,"PLATE-1",          1418,             1,  -22.8802E-03,  -214.077E-03,            0.,"ASSEMBLY_PLATE-1__PICKEDSET2","ROCK","",  -114.378E-03,      -2.69348,      -2.68298,  -124.877E-03,   164.219E-03
F:/Desktop/DeepOnet_Abaqus/StaticElasticJob.odb,Step-1,Increment      1: Step Time =    1.000,"PLATE-1",          1419,             1,  -82.8249E-03,   186.840E-03,            0.,"ASSEMBLY_PLATE-1__PICKEDSET2","ROCK","",  -118.601E-03,      -2.68710,      -2.13034,  -675.367E-03,      -1.05833
F:/Desktop/DeepOnet_Abaqus/StaticElasticJob.odb,Step-1,Increment      1: Step Time =    1.000,"PLATE-1",          1420,             1,   72.3468E-03,   201.067E-03,            0.,"ASSEMBLY_PLATE-1__PICKEDSET2","ROCK","",  -364.885E-03,      -3.37354,      -2.91697,  -821.459E-03,       1.07945
F:/Desktop/DeepOnet_Abaqus/StaticElasticJob.odb,Step-1,Increment      1: Step Time =    1.000,"PLATE-1",          1421,             1,  -148.760E-03,  -189.578E-03,            0.,"ASSEMBLY_PLATE-1__PICKEDSET2","ROCK","",  -140.844E-03,      -3.07656,      -2.59780,  -619.601E-03,       1.08457
F:/Desktop/DeepOnet_Abaqus/StaticElasticJob.odb,Step-1,Increment      1: Step Time =    1.000,"PLATE-1",          1422,             1,  -106.686E-03,   170.383E-03,            0.,"ASSEMBLY_PLATE-1__PICKEDSET2","ROCK","",  -84.8048E-03,      -2.31344,      -1.55841,  -839.831E-03,      -1.05481
F:/Desktop/DeepOnet_Abaqus/StaticElasticJob.odb,Step-1,Increment      1: Step Time =    1.000,"PLATE-1",          1423,             1,   85.8646E-03,   192.491E-03,            0.,"ASSEMBLY_PLATE-1__PICKEDSET2","ROCK","",  -328.042E-03,      -3.25418,      -2.62708,  -955.146E-03,       1.20072
F:/Desktop/DeepOnet_Abaqus/StaticElasticJob.odb,Step-1,Increment      1: Step Time =    1.000,"PLATE-1",          1424,             1,   106.711E-03,   171.984E-03,            0.,"ASSEMBLY_PLATE-1__PICKEDSET2","ROCK","",  -99.1127E-03,      -2.94333,      -1.94973,      -1.09271,       1.35601
F:/Desktop/DeepOnet_Abaqus/StaticElasticJob.odb,Step-1,Increment      1: Step Time =    1.000,"PLATE-1",          1425,             1,   212.093E-03,  -60.8676E-03,            0.,"ASSEMBLY_PLATE-1__PICKEDSET2","ROCK","",  -66.3847E-03,      -1.05912,  -67.7993E-03,      -1.05770,  -37.4481E-03
F:/Desktop/DeepOnet_Abaqus/StaticElasticJob.odb,Step-1,Increment      1: Step Time =    1.000,"PLATE-1",          1426,             1,   122.332E-03,   165.649E-03,            0.,"ASSEMBLY_PLATE-1__PICKEDSET2","ROCK","",  -128.355E-03,      -2.77609,      -1.72552,      -1.17892,       1.29535
F:/Desktop/DeepOnet_Abaqus/StaticElasticJob.odb,Step-1,Increment      1: Step Time =    1.000,"PLATE-1",          1427,             1,  -215.464E-03,  -79.5137E-03,            0.,"ASSEMBLY_PLATE-1__PICKEDSET2","ROCK","",  -123.796E-03,      -1.50197,  -176.064E-03,      -1.44970,   263.253E-03
F:/Desktop/DeepOnet_Abaqus/StaticElasticJob.odb,Step-1,Increment      1: Step Time =    1.000,"PLATE-1",          1428,             1,   209.685E-03,  -79.2645E-03,            0.,"ASSEMBLY_PLATE-1__PICKEDSET2","ROCK","",  -82.6708E-03,      -1.12254,  -100.100E-03,      -1.10511,  -133.492E-03
F:/Desktop/DeepOnet_Abaqus/StaticElasticJob.odb,Step-1,Increment      1: Step Time =    1.000,"PLATE-1",          1429,             1,   194.408E-03,  -191.585E-03,            0.,"ASSEMBLY_PLATE-1__PICKEDSET2","ROCK","",  -676.722E-03,      -2.13647,      -1.68697,      -1.12622,  -673.872E-03
F:/Desktop/DeepOnet_Abaqus/StaticElasticJob.odb,Step-1,Increment      1: Step Time =    1.000,"PLATE-1",          1430,             1,   234.607E-03,  -80.3792E-03,            0.,"ASSEMBLY_PLATE-1__PICKEDSET2","ROCK","",  -168.414E-03,      -1.31784,  -214.792E-03,      -1.27146,  -226.181E-03
F:/Desktop/DeepOnet_Abaqus/StaticElasticJob.odb,Step-1,Increment      1: Step Time =    1.000,"PLATE-1",          1431,             1,  -135.879E-03,   151.485E-03,            0.,"ASSEMBLY_PLATE-1__PICKEDSET2","ROCK","",  -100.694E-03,      -1.90451,      -1.09443,  -910.775E-03,  -897.221E-03
F:/Desktop/DeepOnet_Abaqus/StaticElasticJob.odb,Step-1,Increment      1: Step Time =    1.000,"PLATE-1",          1432,             1,   208.694E-03,  -98.2597E-03,            0.,"ASSEMBLY_PLATE-1__PICKEDSET2","ROCK","",  -87.4312E-03,      -1.27792,  -152.877E-03,      -1.21247,  -271.346E-03
F:/Desktop/DeepOnet_Abaqus/StaticElasticJob.odb,Step-1,Increment      1: Step Time =    1.000,"PLATE-1",          1433,             1,  -239.180E-03,  -31.1732E-03,            0.,"ASSEMBLY_PLATE-1__PICKEDSET2","ROCK","",  -200.515E-03,      -1.34651,  -202.431E-03,      -1.34460,   46.8173E-03
F:/Desktop/DeepOnet_Abaqus/StaticElasticJob.odb,Step-1,Increment      1: Step Time =    1.000,"PLATE-1",          1434,             1,   241.241E-03,  -62.4158E-03,            0.,"ASSEMBLY_PLATE-1__PICKEDSET2","ROCK","",  -225.494E-03,      -1.26997,  -242.681E-03,      -1.25278,  -132.875E-03
F:/Desktop/DeepOnet_Abaqus/StaticElasticJob.odb,Step-1,Increment      1: Step Time =    1.000,"PLATE-1",          1435,             1,   196.889E-03,   44.1284E-03,            0.,"ASSEMBLY_PLATE-1__PICKEDSET2","ROCK","",  -66.2106E-03,      -1.42173,  -247.005E-03,      -1.24093,   460.851E-03
F:/Desktop/DeepOnet_Abaqus/StaticElasticJob.odb,Step-1,Increment      1: Step Time =    1.000,"PLATE-1",          1436,             1,  -230.804E-03,   9.12799E-03,            0.,"ASSEMBLY_PLATE-1__PICKEDSET2","ROCK","",  -166.472E-03,      -1.24247,  -201.384E-03,      -1.20755,  -190.644E-03
F:/Desktop/DeepOnet_Abaqus/StaticElasticJob.odb,Step-1,Increment      1: Step Time =    1.000,"PLATE-1",          1437,             1,  -256.070E-03,   5.00773E-03,            0.,"ASSEMBLY_PLATE-1__PICKEDSET2","ROCK","",  -292.833E-03,      -1.33214,  -305.398E-03,      -1.31957,  -113.585E-03
F:/Desktop/DeepOnet_Abaqus/StaticElasticJob.odb,Step-1,Increment      1: Step Time =    1.000,"PLATE-1",          1438,             1,   209.545E-03,  -119.311E-03,            0.,"ASSEMBLY_PLATE-1__PICKEDSET2","ROCK","",  -230.052E-03,      -1.61223,  -462.166E-03,      -1.38012,  -516.668E-03
F:/Desktop/DeepOnet_Abaqus/StaticElasticJob.odb,Step-1,Increment      1: Step Time =    1.000,"PLATE-1",          1439,             1,  -229.808E-03,   97.3257E-03,            0.,"ASSEMBLY_PLATE-1__PICKEDSET2","ROCK","",  -295.600E-03,      -1.41666,  -649.774E-03,      -1.06248,  -521.162E-03
F:/Desktop/DeepOnet_Abaqus/StaticElasticJob.odb,Step-1,Increment      1: Step Time =    1.000,"PLATE-1",          1440,             1,   203.459E-03,   92.2456E-03,            0.,"ASSEMBLY_PLATE-1__PICKEDSET2","ROCK","",  -177.021E-03,      -1.77311,  -732.641E-03,      -1.21749,   760.331E-03
F:/Desktop/DeepOnet_Abaqus/StaticElasticJob.odb,Step-1,Increment      1: Step Time =    1.000,"PLATE-1",          1441,             1,   215.853E-03,   6.55018E-03,            0.,"ASSEMBLY_PLATE-1__PICKEDSET2","ROCK","",  -70.6127E-03,      -1.18957,  -141.046E-03,      -1.11913,   271.756E-03
F:/Desktop/DeepOnet_Abaqus/StaticElasticJob.odb,Step-1,Increment      1: Step Time =    1.000,"PLATE-1",          1442,             1,   137.361E-03,   154.274E-03,            0.,"ASSEMBLY_PLATE-1__PICKEDSET2","ROCK","",  -190.870E-03,      -2.60830,      -1.52387,      -1.27530,       1.20231
F:/Desktop/DeepOnet_Abaqus/StaticElasticJob.odb,Step-1,Increment      1: Step Time =    1.000,"PLATE-1",          1443,             1,   193.123E-03,   125.891E-03,            0.,"ASSEMBLY_PLATE-1__PICKEDSET2","ROCK","",  -222.141E-03,      -2.00270,      -1.04360,      -1.18125,   887.616E-03
F:/Desktop/DeepOnet_Abaqus/StaticElasticJob.odb,Step-1,Increment      1: Step Time =    1.000,"PLATE-1",          1444,             1,   188.776E-03,   62.2228E-03,            0.,"ASSEMBLY_PLATE-1__PICKEDSET2","ROCK","",  -62.3956E-03,      -1.58860,  -339.067E-03,      -1.31193,   587.971E-03
F:/Desktop/DeepOnet_Abaqus/StaticElasticJob.odb,Step-1,Increment      1: Step Time =    1.000,"PLATE-1",          1445,             1,   610.075E-03,       1.17344,            0.,"ASSEMBLY_PLATE-1__PICKEDSET2","ROCK","",      -1.04495,      -2.43466,      -2.41393,      -1.06568,  -168.458E-03
F:/Desktop/DeepOnet_Abaqus/StaticElasticJob.odb,Step-1,Increment      1: Step Time =    1.000,"PLATE-1",          1446,             1,   551.760E-03,       1.14894,            0.,"ASSEMBLY_PLATE-1__PICKEDSET2","ROCK","",  -919.230E-03,      -2.35552,      -2.15631,      -1.11844,  -496.429E-03
F:/Desktop/DeepOnet_Abaqus/StaticElasticJob.odb,Step-1,Increment      1: Step Time =    1.000,"PLATE-1",          1447,             1,   45.8152E-03,   227.042E-03,            0.,"ASSEMBLY_PLATE-1__PICKEDSET2","ROCK","",  -485.779E-03,      -3.07314,      -2.94411,  -614.813E-03,   563.212E-03
F:/Desktop/DeepOnet_Abaqus/StaticElasticJob.odb,Step-1,Increment      1: Step Time =    1.000,"PLATE-1",          1448,             1,  -35.3075E-03,  -211.064E-03,            0.,"ASSEMBLY_PLATE-1__PICKEDSET2","ROCK","",  -80.8732E-03,      -2.68567,      -2.66229,  -104.246E-03,   245.630E-03
F:/Desktop/DeepOnet_Abaqus/StaticElasticJob.odb,Step-1,Increment      1: Step Time =    1.000,"PLATE-1",          1449,             1,   22.2327E-03,  -213.332E-03,            0.,"ASSEMBLY_PLATE-1__PICKEDSET2","ROCK","",  -108.712E-03,      -2.64783,      -2.64131,  -115.237E-03,  -128.548E-03
F:/Desktop/DeepOnet_Abaqus/StaticElasticJob.odb,Step-1,Increment      1: Step Time =    1.000,"PLATE-1",          1450,             1,  -7.96920E-03,  -213.569E-03,            0.,"ASSEMBLY_PLATE-1__PICKEDSET2","ROCK","",  -93.1756E-03,      -2.67724,      -2.67543,  -94.9844E-03,   68.3404E-03
F:/Desktop/DeepOnet_Abaqus/StaticElasticJob.odb,Step-1,Increment      1: Step Time =    1.000,"PLATE-1",          1451,             1,   126.916E-03,  -230.593E-03,            0.,"ASSEMBLY_PLATE-1__PICKEDSET2","ROCK","",  -369.869E-03,      -2.36379,      -2.18318,  -550.488E-03,  -572.291E-03
F:/Desktop/DeepOnet_Abaqus/StaticElasticJob.odb,Step-1,Increment      1: Step Time =    1.000,"PLATE-1",          1452,             1,  -103.865E-03,  -214.330E-03,            0.,"ASSEMBLY_PLATE-1__PICKEDSET2","ROCK","",  -187.971E-03,      -2.74747,      -2.56606,  -369.382E-03,   656.820E-03
F:/Desktop/DeepOnet_Abaqus/StaticElasticJob.odb,Step-1,Increment      1: Step Time =    1.000,"PLATE-1",          1453,             1,  -25.4476E-03,   233.292E-03,            0.,"ASSEMBLY_PLATE-1__PICKEDSET2","ROCK","",  -546.516E-03,      -2.89023,      -2.88659,  -550.157E-03,  -92.3050E-03
F:/Desktop/DeepOnet_Abaqus/StaticElasticJob.odb,Step-1,Increment      1: Step Time =    1.000,"PLATE-1",          1454,             1,   162.356E-03,  -183.328E-03,            0.,"ASSEMBLY_PLATE-1__PICKEDSET2","ROCK","",  -330.258E-03,      -2.85402,      -2.27980,  -904.478E-03,      -1.05805
F:/Desktop/DeepOnet_Abaqus/StaticElasticJob.odb,Step-1,Increment      1: Step Time =    1.000,"PLATE-1",          1455,             1,  -25.7443E-03,   268.523E-03,            0.,"ASSEMBLY_PLATE-1__PICKEDSET2","ROCK","",  -763.778E-03,      -2.39493,      -2.39444,  -764.275E-03,   28.4574E-03
F:/Desktop/DeepOnet_Abaqus/StaticElasticJob.odb,Step-1,Increment      1: Step Time =    1.000,"PLATE-1",          1456,             1,  -87.4070E-03,   211.463E-03,            0.,"ASSEMBLY_PLATE-1__PICKEDSET2","ROCK","",  -354.166E-03,      -2.54595,      -2.32515,  -574.966E-03,  -659.692E-03
F:/Desktop/DeepOnet_Abaqus/StaticElasticJob.odb,Step-1,Increment      1: Step Time =    1.000,"PLATE-1",          1457,             1,  -143.544E-03,   197.747E-03,            0.,"ASSEMBLY_PLATE-1__PICKEDSET2","ROCK","",  -363.874E-03,      -2.01162,      -1.68051,  -694.987E-03,  -660.268E-03
F:/Desktop/DeepOnet_Abaqus/StaticElasticJob.odb,Step-1,Increment      1: Step Time =    1.000,"PLATE-1",          1458,             1,   132.881E-03,   192.273E-03,            0.,"ASSEMBLY_PLATE-1__PICKEDSET2","ROCK","",  -393.652E-03,      -2.53708,      -1.97107,  -959.666E-03,   944.901E-03
F:/Desktop/DeepOnet_Abaqus/StaticElasticJob.odb,Step-1,Increment      1: Step Time =    1.000,"PLATE-1",          1459,             1,  -118.861E-03,   186.756E-03,            0.,"ASSEMBLY_PLATE-1__PICKEDSET2","ROCK","",  -242.529E-03,      -2.19254,      -1.71764,  -717.425E-03,  -836.974E-03
F:/Desktop/DeepOnet_Abaqus/StaticElasticJob.odb,Step-1,Increment      1: Step Time =    1.000,"PLATE-1",          1460,             1,  -213.592E-03,  -100.722E-03,            0.,"ASSEMBLY_PLATE-1__PICKEDSET2","ROCK","",  -172.417E-03,      -1.75018,  -307.571E-03,      -1.61503,   441.559E-03
F:/Desktop/DeepOnet_Abaqus/StaticElasticJob.odb,Step-1,Increment      1: Step Time =    1.000,"PLATE-1",          1461,             1,  -203.954E-03,  -143.978E-03,            0.,"ASSEMBLY_PLATE-1__PICKEDSET2","ROCK","",  -366.491E-03,      -2.64156,      -1.09222,      -1.91582,       1.06038
F:/Desktop/DeepOnet_Abaqus/StaticElasticJob.odb,Step-1,Increment      1: Step Time =    1.000,"PLATE-1",          1462,             1,   148.779E-03,   137.413E-03,            0.,"ASSEMBLY_PLATE-1__PICKEDSET2","ROCK","",  -163.945E-03,      -2.39619,      -1.22493,      -1.33520,       1.11476
F:/Desktop/DeepOnet_Abaqus/StaticElasticJob.odb,Step-1,Increment      1: Step Time =    1.000,"PLATE-1",          1463,             1,  -212.524E-03,   120.264E-03,            0.,"ASSEMBLY_PLATE-1__PICKEDSET2","ROCK","",  -279.753E-03,      -1.50247,  -782.671E-03,  -999.557E-03,  -601.666E-03
F:/Desktop/DeepOnet_Abaqus/StaticElasticJob.odb,Step-1,Increment      1: Step Time =    1.000,"PLATE-1",          1464,             1,   779.261E-03,       1.24084,            0.,"ASSEMBLY_PLATE-1__PICKEDSET2","ROCK","",  -971.579E-03,      -2.46604,      -2.41006,      -1.02756,  -283.772E-03
F:/Desktop/DeepOnet_Abaqus/StaticElasticJob.odb,Step-1,Increment      1: Step Time =    1.000,"PLATE-1",          1465,             1,   90.5243E-03,  -249.666E-03,            0.,"ASSEMBLY_PLATE-1__PICKEDSET2","ROCK","",  -328.472E-03,      -2.37022,      -2.30139,  -397.300E-03,  -368.499E-03
F:/Desktop/DeepOnet_Abaqus/StaticElasticJob.odb,Step-1,Increment      1: Step Time =    1.000,"PLATE-1",          1466,             1,  -46.2437E-03,  -227.170E-03,            0.,"ASSEMBLY_PLATE-1__PICKEDSET2","ROCK","",  -180.011E-03,      -2.64034,      -2.60196,  -218.384E-03,   304.857E-03
F:/Desktop/DeepOnet_Abaqus/StaticElasticJob.odb,Step-1,Increment      1: Step Time =    1.000,"PLATE-1",          1467,             1,   74.9812E-03,  -247.038E-03,            0.,"ASSEMBLY_PLATE-1__PICKEDSET2","ROCK","",  -291.154E-03,      -2.41218,      -2.36508,  -338.250E-03,  -312.530E-03
F:/Desktop/DeepOnet_Abaqus/StaticElasticJob.odb,Step-1,Increment      1: Step Time =    1.000,"PLATE-1",          1468,             1,   55.1844E-03,  -229.912E-03,            0.,"ASSEMBLY_PLATE-1__PICKEDSET2","ROCK","",  -191.801E-03,      -2.49862,      -2.46662,  -223.800E-03,  -269.800E-03
F:/Desktop/DeepOnet_Abaqus/StaticElasticJob.odb,Step-1,Increment      1: Step Time =    1.000,"PLATE-1",          1469,             1,   19.9220E-03,   225.554E-03,            0.,"ASSEMBLY_PLATE-1__PICKEDSET2","ROCK","",  -423.599E-03,      -3.22347,      -3.17733,  -469.742E-03,   356.464E-03
F:/Desktop/DeepOnet_Abaqus/StaticElasticJob.odb,Step-1,Increment      1: Step Time =    1.000,"PLATE-1",          1470,             1,  -93.7028E-03,   271.698E-03,            0.,"ASSEMBLY_PLATE-1__PICKEDSET2","ROCK","",  -684.549E-03,      -2.13502,      -2.11661,  -702.960E-03,  -162.376E-03
F:/Desktop/DeepOnet_Abaqus/StaticElasticJob.odb,Step-1,Increment      1: Step Time =    1.000,"PLATE-1",          1471,             1,  -201.288E-03,  -253.911E-03,            0.,"ASSEMBLY_PLATE-1__PICKEDSET2","ROCK","",  -840.314E-03,      -2.08013,      -1.84871,      -1.07173,   483.074E-03
F:/Desktop/DeepOnet_Abaqus/StaticElasticJob.odb,Step-1,Increment      1: Step Time =    1.000,"PLATE-1",          1472,             1,   81.2109E-03,   234.626E-03,            0.,"ASSEMBLY_PLATE-1__PICKEDSET2","ROCK","",  -659.634E-03,      -2.64580,      -2.43261,  -872.825E-03,   614.804E-03
F:/Desktop/DeepOnet_Abaqus/StaticElasticJob.odb,Step-1,Increment      1: Step Time =    1.000,"PLATE-1",          1473,             1,  -121.992E-03,   256.826E-03,            0.,"ASSEMBLY_PLATE-1__PICKEDSET2","ROCK","",  -611.481E-03,      -2.05586,      -1.99309,  -674.257E-03,  -294.503E-03
F:/Desktop/DeepOnet_Abaqus/StaticElasticJob.odb,Step-1,Increment      1: Step Time =    1.000,"PLATE-1",          1474,             1,  -281.782E-03,  -87.1121E-03,            0.,"ASSEMBLY_PLATE-1__PICKEDSET2","ROCK","",  -473.054E-03,      -1.67377,  -737.300E-03,      -1.40952,   497.451E-03
F:/Desktop/DeepOnet_Abaqus/StaticElasticJob.odb,Step-1,Increment      1: Step Time =    1.000,"PLATE-1",          1475,             1,   165.962E-03,   246.631E-03,            0.,"ASSEMBLY_PLATE-1__PICKEDSET2","ROCK","",  -626.010E-03,      -2.14424,      -1.89980,  -870.455E-03,   558.007E-03
F:/Desktop/DeepOnet_Abaqus/StaticElasticJob.odb,Step-1,Increment      1: Step Time =    1.000,"PLATE-1",          1476,             1,   160.163E-03,   119.141E-03,            0.,"ASSEMBLY_PLATE-1__PICKEDSET2","ROCK","",  -113.094E-03,      -2.17026,  -916.314E-03,      -1.36704,       1.00359
F:/Desktop/DeepOnet_Abaqus/StaticElasticJob.odb,Step-1,Increment      1: Step Time =    1.000,"PLATE-1",          1477,             1,   220.650E-03,  -293.242E-03,            0.,"ASSEMBLY_PLATE-1__PICKEDSET2","ROCK","",  -756.168E-03,      -1.84068,      -1.75811,  -838.735E-03,  -287.625E-03
F:/Desktop/DeepOnet_Abaqus/StaticElasticJob.odb,Step-1,Increment      1: Step Time =    1.000,"PLATE-1",          1478,             1,  -229.749E-03,  -224.957E-03,            0.,"ASSEMBLY_PLATE-1__PICKEDSET2","ROCK","",  -853.001E-03,      -2.03055,      -1.76309,      -1.12046,   493.366E-03
F:/Desktop/DeepOnet_Abaqus/StaticElasticJob.odb,Step-1,Increment      1: Step Time =    1.000,"PLATE-1",          1479,             1,  -179.961E-03,   280.406E-03,            0.,"ASSEMBLY_PLATE-1__PICKEDSET2","ROCK","",  -662.137E-03,      -1.82944,      -1.76105,  -730.527E-03,  -274.144E-03
F:/Desktop/DeepOnet_Abaqus/StaticElasticJob.odb,Step-1,Increment      1: Step Time =    1.000,"PLATE-1",          1480,             1,  -261.912E-03,  -33.6502E-03,            0.,"ASSEMBLY_PLATE-1__PICKEDSET2","ROCK","",  -329.999E-03,      -1.41324,  -346.518E-03,      -1.39673,   132.744E-03
F:/Desktop/DeepOnet_Abaqus/StaticElasticJob.odb,Step-1,Increment      1: Step Time =    1.000,"PLATE-1",          1481,             1,  -200.658E-03,   144.059E-03,            0.,"ASSEMBLY_PLATE-1__PICKEDSET2","ROCK","",  -312.101E-03,      -1.60704,  -999.065E-03,  -920.074E-03,  -646.262E-03
F:/Desktop/DeepOnet_Abaqus/StaticElasticJob.odb,Step-1,Increment      1: Step Time =    1.000,"PLATE-1",          1482,             1,  -236.836E-03,   48.3743E-03,            0.,"ASSEMBLY_PLATE-1__PICKEDSET2","ROCK","",  -251.284E-03,      -1.30475,  -376.543E-03,      -1.17949,  -340.979E-03
F:/Desktop/DeepOnet_Abaqus/StaticElasticJob.odb,Step-1,Increment      1: Step Time =    1.000,"PLATE-1",          1483,             1,   272.033E-03,   106.476E-03,            0.,"ASSEMBLY_PLATE-1__PICKEDSET2","ROCK","",  -408.850E-03,      -1.68069,      -1.02553,      -1.06401,   635.628E-03
F:/Desktop/DeepOnet_Abaqus/StaticElasticJob.odb,Step-1,Increment      1: Step Time =    1.000,"PLATE-1",          1484,             1,  -225.756E-03,  -199.577E-03,            0.,"ASSEMBLY_PLATE-1__PICKEDSET2","ROCK","",  -816.339E-03,      -2.08155,      -1.73405,      -1.16384,   564.714E-03
F:/Desktop/DeepOnet_Abaqus/StaticElasticJob.odb,Step-1,Increment      1: Step Time =    1.000,"PLATE-1",          1485,             1,  -211.793E-03,   231.681E-03,            0.,"ASSEMBLY_PLATE-1__PICKEDSET2","ROCK","",  -575.947E-03,      -1.72836,      -1.53037,  -773.944E-03,  -434.709E-03
F:/Desktop/DeepOnet_Abaqus/StaticElasticJob.odb,Step-1,Increment      1: Step Time =    1.000,"PLATE-1",          1486,             1,  -61.5089E-03,  -229.994E-03,            0.,"ASSEMBLY_PLATE-1__PICKEDSET2","ROCK","",  -205.044E-03,      -2.63085,      -2.56640,  -269.501E-03,   390.137E-03
F:/Desktop/DeepOnet_Abaqus/StaticElasticJob.odb,Step-1,Increment      1: Step Time =    1.000,"PLATE-1",          1487,             1,  -82.7287E-03,  -228.544E-03,            0.,"ASSEMBLY_PLATE-1__PICKEDSET2","ROCK","",  -255.080E-03,      -2.63394,      -2.52785,  -361.170E-03,   491.039E-03
F:/Desktop/DeepOnet_Abaqus/StaticElasticJob.odb,Step-1,Increment      1: Step Time =    1.000,"PLATE-1",          1488,             1,  -6.88543E-03,  -256.728E-03,            0.,"ASSEMBLY_PLATE-1__PICKEDSET2","ROCK","",  -309.432E-03,      -2.44578,      -2.44341,  -311.808E-03,   71.1987E-03
F:/Desktop/DeepOnet_Abaqus/StaticElasticJob.odb,Step-1,Increment      1: Step Time =    1.000,"PLATE-1",          1489,             1,  -150.898E-03,   266.410E-03,            0.,"ASSEMBLY_PLATE-1__PICKEDSET2","ROCK","",  -630.596E-03,      -1.91706,      -1.84610,  -701.554E-03,  -293.683E-03
F:/Desktop/DeepOnet_Abaqus/StaticElasticJob.odb,Step-1,Increment      1: Step Time =    1.000,"PLATE-1",          1490,             1,   112.401E-03,   190.887E-03,            0.,"ASSEMBLY_PLATE-1__PICKEDSET2","ROCK","",  -268.997E-03,      -2.91557,      -2.21054,  -974.023E-03,       1.16997
F:/Desktop/DeepOnet_Abaqus/StaticElasticJob.odb,Step-1,Increment      1: Step Time =    1.000,"PLATE-1",          1491,             1,   155.200E-03,  -282.101E-03,            0.,"ASSEMBLY_PLATE-1__PICKEDSET2","ROCK","",  -636.348E-03,      -2.04675,      -1.94918,  -733.925E-03,  -357.913E-03
F:/Desktop/DeepOnet_Abaqus/StaticElasticJob.odb,Step-1,Increment      1: Step Time =    1.000,"PLATE-1",          1492,             1,   230.555E-03,   154.152E-03,            0.,"ASSEMBLY_PLATE-1__PICKEDSET2","ROCK","",  -391.073E-03,      -1.90633,      -1.31935,  -978.054E-03,   738.162E-03
F:/Desktop/DeepOnet_Abaqus/StaticElasticJob.odb,Step-1,Increment      1: Step Time =    1.000,"PLATE-1",          1493,             1,   310.799E-03,  -31.4923E-03,            0.,"ASSEMBLY_PLATE-1__PICKEDSET2","ROCK","",  -655.748E-03,      -1.25619,  -663.154E-03,      -1.24878,   66.2701E-03
F:/Desktop/DeepOnet_Abaqus/StaticElasticJob.odb,Step-1,Increment      1: Step Time =    1.000,"PLATE-1",          1494,             1,   244.472E-03,  -158.721E-03,            0.,"ASSEMBLY_PLATE-1__PICKEDSET2","ROCK","",  -533.653E-03,      -1.76671,      -1.27452,      -1.02584,  -603.860E-03
F:/Desktop/DeepOnet_Abaqus/StaticElasticJob.odb,Step-1,Increment      1: Step Time =    1.000,"PLATE-1",          1495,             1,   263.444E-03,   211.800E-03,            0.,"ASSEMBLY_PLATE-1__PICKEDSET2","ROCK","",  -520.585E-03,      -1.89485,      -1.54542,  -870.016E-03,   598.422E-03
F:/Desktop/DeepOnet_Abaqus/StaticElasticJob.odb,Step-1,Increment      1: Step Time =    1.000,"PLATE-1",          1496,             1,  -408.034E-03,   89.7377E-03,            0.,"ASSEMBLY_PLATE-1__PICKEDSET2","ROCK","",  -901.875E-03,      -1.27518,  -980.049E-03,      -1.19700,  -151.892E-03
F:/Desktop/DeepOnet_Abaqus/StaticElasticJob.odb,Step-1,Increment      1: Step Time =    1.000,"PLATE-1",          1497,             1,  -283.212E-03,   107.544E-03,            0.,"ASSEMBLY_PLATE-1__PICKEDSET2","ROCK","",  -548.849E-03,      -1.40814,  -848.546E-03,      -1.10845,  -409.524E-03
F:/Desktop/DeepOnet_Abaqus/StaticElasticJob.odb,Step-1,Increment      1: Step Time =    1.000,"PLATE-1",          1498,             1,   243.203E-03,  -116.134E-03,            0.,"ASSEMBLY_PLATE-1__PICKEDSET2","ROCK","",  -336.851E-03,      -1.62895,  -691.310E-03,      -1.27449,  -576.501E-03
F:/Desktop/DeepOnet_Abaqus/StaticElasticJob.odb,Step-1,Increment      1: Step Time =    1.000,"PLATE-1",          1499,             1,  -137.490E-03,  -245.412E-03,            0.,"ASSEMBLY_PLATE-1__PICKEDSET2","ROCK","",  -567.902E-03,      -2.45178,      -2.17833,  -841.347E-03,   663.600E-03
F:/Desktop/DeepOnet_Abaqus/StaticElasticJob.odb,Step-1,Increment      1: Step Time =    1.000,"PLATE-1",          1500,             1,  -142.945E-03,  -223.750E-03,            0.,"ASSEMBLY_PLATE-1__PICKEDSET2","ROCK","",  -417.970E-03,      -2.64881,      -2.25743,  -809.351E-03,   848.485E-03
F:/Desktop/DeepOnet_Abaqus/StaticElasticJob.odb,Step-1,Increment      1: Step Time =    1.000,"PLATE-1",          1501,             1,   320.559E-03,  -84.2982E-03,            0.,"ASSEMBLY_PLATE-1__PICKEDSET2","ROCK","",  -746.760E-03,      -1.27888,  -832.302E-03,      -1.19334,  -195.452E-03
F:/Desktop/DeepOnet_Abaqus/StaticElasticJob.odb,Step-1,Increment      1: Step Time =    1.000,"PLATE-1",          1502,             1,   197.090E-03,   242.896E-03,            0.,"ASSEMBLY_PLATE-1__PICKEDSET2","ROCK","",  -584.271E-03,      -2.06089,      -1.77995,  -865.217E-03,   579.586E-03
F:/Desktop/DeepOnet_Abaqus/StaticElasticJob.odb,Step-1,Increment      1: Step Time =    1.000,"PLATE-1",          1503,             1,   239.617E-03,  -186.531E-03,            0.,"ASSEMBLY_PLATE-1__PICKEDSET2","ROCK","",  -636.634E-03,      -1.83706,      -1.52255,  -951.150E-03,  -527.859E-03
F:/Desktop/DeepOnet_Abaqus/StaticElasticJob.odb,Step-1,Increment      1: Step Time =    1.000,"PLATE-1",          1504,             1,   336.266E-03,   28.3034E-03,            0.,"ASSEMBLY_PLATE-1__PICKEDSET2","ROCK","",  -657.258E-03,      -1.34342,  -824.559E-03,      -1.17611,   294.627E-03
F:/Desktop/DeepOnet_Abaqus/StaticElasticJob.odb,Step-1,Increment      1: Step Time =    1.000,"PLATE-1",          1505,             1,   269.138E-03,  -13.9386E-03,            0.,"ASSEMBLY_PLATE-1__PICKEDSET2","ROCK","",  -368.427E-03,      -1.29530,  -403.766E-03,      -1.25996,   177.498E-03
F:/Desktop/DeepOnet_Abaqus/StaticElasticJob.odb,Step-1,Increment      1: Step Time =    1.000,"PLATE-1",          1506,             1,   238.968E-03,   256.338E-03,            0.,"ASSEMBLY_PLATE-1__PICKEDSET2","ROCK","",  -602.458E-03,      -1.91492,      -1.66863,  -848.741E-03,   512.427E-03
F:/Desktop/DeepOnet_Abaqus/StaticElasticJob.odb,Step-1,Increment      1: Step Time =    1.000,"PLATE-1",          1507,             1,  -245.172E-03,   192.086E-03,            0.,"ASSEMBLY_PLATE-1__PICKEDSET2","ROCK","",  -548.935E-03,      -1.60678,      -1.27851,  -877.206E-03,  -489.386E-03
F:/Desktop/DeepOnet_Abaqus/StaticElasticJob.odb,Step-1,Increment      1: Step Time =    1.000,"PLATE-1",          1508,             1,  -18.0251E-03,  -263.187E-03,            0.,"ASSEMBLY_PLATE-1__PICKEDSET2","ROCK","",  -354.201E-03,      -2.42222,      -2.41435,  -362.062E-03,   127.258E-03
F:/Desktop/DeepOnet_Abaqus/StaticElasticJob.odb,Step-1,Increment      1: Step Time =    1.000,"PLATE-1",          1509,             1,  -139.837E-03,  -315.133E-03,            0.,"ASSEMBLY_PLATE-1__PICKEDSET2","ROCK","",  -740.108E-03,      -2.09259,      -1.98169,  -851.010E-03,   371.070E-03
F:/Desktop/DeepOnet_Abaqus/StaticElasticJob.odb,Step-1,Increment      1: Step Time =    1.000,"PLATE-1",          1510,             1,   63.1152E-03,  -262.584E-03,            0.,"ASSEMBLY_PLATE-1__PICKEDSET2","ROCK","",  -383.550E-03,      -2.32384,      -2.29774,  -409.644E-03,  -223.490E-03
F:/Desktop/DeepOnet_Abaqus/StaticElasticJob.odb,Step-1,Increment      1: Step Time =    1.000,"PLATE-1",          1511,             1,   43.2120E-03,  -264.843E-03,            0.,"ASSEMBLY_PLATE-1__PICKEDSET2","ROCK","",  -361.041E-03,      -2.35596,      -2.34820,  -368.802E-03,  -124.188E-03
F:/Desktop/DeepOnet_Abaqus/StaticElasticJob.odb,Step-1,Increment      1: Step Time =    1.000,"PLATE-1",          1512,             1,  -306.049E-03,   13.1291E-03,            0.,"ASSEMBLY_PLATE-1__PICKEDSET2","ROCK","",  -568.860E-03,      -1.33682,  -572.666E-03,      -1.33301,  -53.9327E-03
F:/Desktop/DeepOnet_Abaqus/StaticElasticJob.odb,Step-1,Increment      1: Step Time =    1.000,"PLATE-1",          1513,             1,  -107.427E-03,   306.897E-03,            0.,"ASSEMBLY_PLATE-1__PICKEDSET2","ROCK","",  -764.662E-03,      -1.97288,      -1.96879,  -768.758E-03,  -70.2277E-03
F:/Desktop/DeepOnet_Abaqus/StaticElasticJob.odb,Step-1,Increment      1: Step Time =    1.000,"PLATE-1",          1514,             1,   288.830E-03,  -77.1006E-03,            0.,"ASSEMBLY_PLATE-1__PICKEDSET2","ROCK","",  -573.980E-03,      -1.31307,  -636.816E-03,      -1.25023,  -206.138E-03
F:/Desktop/DeepOnet_Abaqus/StaticElasticJob.odb,Step-1,Increment      1: Step Time =    1.000,"PLATE-1",          1515,             1,   287.049E-03,  -117.263E-03,            0.,"ASSEMBLY_PLATE-1__PICKEDSET2","ROCK","",  -591.034E-03,      -1.44334,  -868.532E-03,      -1.16585,  -399.386E-03
F:/Desktop/DeepOnet_Abaqus/StaticElasticJob.odb,Step-1,Increment      1: Step Time =    1.000,"PLATE-1",          1516,             1,  -280.089E-03,  -106.598E-03,            0.,"ASSEMBLY_PLATE-1__PICKEDSET2","ROCK","",  -508.372E-03,      -1.72435,  -900.674E-03,      -1.33205,   568.446E-03
F:/Desktop/DeepOnet_Abaqus/StaticElasticJob.odb,Step-1,Increment      1: Step Time =    1.000,"PLATE-1",          1517,             1,   351.007E-03,  -4.40889E-03,            0.,"ASSEMBLY_PLATE-1__PICKEDSET2","ROCK","",  -779.551E-03,      -1.25282,  -847.615E-03,      -1.18476,   166.072E-03
F:/Desktop/DeepOnet_Abaqus/StaticElasticJob.odb,Step-1,Increment      1: Step Time =    1.000,"PLATE-1",          1518,             1,  -282.805E-03,  -13.0851E-03,            0.,"ASSEMBLY_PLATE-1__PICKEDSET2","ROCK","",  -460.679E-03,      -1.36978,  -461.645E-03,      -1.36882,   29.6255E-03
F:/Desktop/DeepOnet_Abaqus/StaticElasticJob.odb,Step-1,Increment      1: Step Time =    1.000,"PLATE-1",          1519,             1,  -195.724E-03,   257.878E-03,            0.,"ASSEMBLY_PLATE-1__PICKEDSET2","ROCK","",  -630.988E-03,      -1.79338,      -1.68699,  -737.373E-03,  -335.176E-03
F:/Desktop/DeepOnet_Abaqus/StaticElasticJob.odb,Step-1,Increment      1: Step Time =    1.000,"PLATE-1",          1520,             1,   249.447E-03,  -234.888E-03,            0.,"ASSEMBLY_PLATE-1__PICKEDSET2","ROCK","",  -727.329E-03,      -1.80169,      -1.64801,  -881.011E-03,  -376.154E-03
F:/Desktop/DeepOnet_Abaqus/StaticElasticJob.odb,Step-1,Increment      1: Step Time =    1.000,"PLATE-1",          1521,             1,  -308.647E-03,   156.579E-03,            0.,"ASSEMBLY_PLATE-1__PICKEDSET2","ROCK","",  -659.081E-03,      -1.44303,      -1.06190,      -1.04021,  -391.823E-03
F:/Desktop/DeepOnet_Abaqus/StaticElasticJob.odb,Step-1,Increment      1: Step Time =    1.000,"PLATE-1",          1522,             1,   39.6577E-03,   269.421E-03,            0.,"ASSEMBLY_PLATE-1__PICKEDSET2","ROCK","",  -810.496E-03,      -2.37333,      -2.31830,  -865.525E-03,   288.051E-03
F:/Desktop/DeepOnet_Abaqus/StaticElasticJob.odb,Step-1,Increment      1: Step Time =    1.000,"PLATE-1",          1523,             1,  -157.567E-03,  -270.441E-03,            0.,"ASSEMBLY_PLATE-1__PICKEDSET2","ROCK","",  -702.511E-03,      -2.22331,      -2.01648,  -909.347E-03,   521.320E-03
F:/Desktop/DeepOnet_Abaqus/StaticElasticJob.odb,Step-1,Increment      1: Step Time =    1.000,"PLATE-1",          1524,             1,   103.844E-03,  -285.737E-03,            0.,"ASSEMBLY_PLATE-1__PICKEDSET2","ROCK","",  -530.452E-03,      -2.16653,      -2.11670,  -580.283E-03,  -281.150E-03
F:/Desktop/DeepOnet_Abaqus/StaticElasticJob.odb,Step-1,Increment      1: Step Time =    1.000,"PLATE-1",          1525,             1,  -75.5593E-03,  -301.877E-03,            0.,"ASSEMBLY_PLATE-1__PICKEDSET2","ROCK","",  -568.399E-03,      -2.23397,      -2.17526,  -627.110E-03,   307.147E-03
F:/Desktop/DeepOnet_Abaqus/StaticElasticJob.odb,Step-1,Increment      1: Step Time =    1.000,"PLATE-1",          1526,             1,  -252.791E-03,  -130.095E-03,            0.,"ASSEMBLY_PLATE-1__PICKEDSET2","ROCK","",  -464.889E-03,      -1.97492,      -1.06974,      -1.37008,   739.933E-03
F:/Desktop/DeepOnet_Abaqus/StaticElasticJob.odb,Step-1,Increment      1: Step Time =    1.000,"PLATE-1",          1527,             1,   92.8554E-03,   268.056E-03,            0.,"ASSEMBLY_PLATE-1__PICKEDSET2","ROCK","",  -774.466E-03,      -2.32189,      -2.20439,  -891.965E-03,   409.896E-03
F:/Desktop/DeepOnet_Abaqus/StaticElasticJob.odb,Step-1,Increment      1: Step Time =    1.000,"PLATE-1",          1528,             1,  -144.189E-03,   294.854E-03,            0.,"ASSEMBLY_PLATE-1__PICKEDSET2","ROCK","",  -715.297E-03,      -1.90537,      -1.88135,  -739.322E-03,  -167.376E-03
F:/Desktop/DeepOnet_Abaqus/StaticElasticJob.odb,Step-1,Increment      1: Step Time =    1.000,"PLATE-1",          1529,             1,  -283.231E-03,  -67.2168E-03,            0.,"ASSEMBLY_PLATE-1__PICKEDSET2","ROCK","",  -455.554E-03,      -1.56742,  -594.478E-03,      -1.42850,   367.648E-03
F:/Desktop/DeepOnet_Abaqus/StaticElasticJob.odb,Step-1,Increment      1: Step Time =    1.000,"PLATE-1",          1530,             1,  -283.718E-03,  -193.019E-03,            0.,"ASSEMBLY_PLATE-1__PICKEDSET2","ROCK","",  -764.351E-03,      -1.88205,      -1.55215,      -1.09426,   509.803E-03
F:/Desktop/DeepOnet_Abaqus/StaticElasticJob.odb,Step-1,Increment      1: Step Time =    1.000,"PLATE-1",          1531,             1,  -272.986E-03,   233.828E-03,            0.,"ASSEMBLY_PLATE-1__PICKEDSET2","ROCK","",  -659.566E-03,      -1.60720,      -1.40509,  -861.675E-03,  -388.171E-03
F:/Desktop/DeepOnet_Abaqus/StaticElasticJob.odb,Step-1,Increment      1: Step Time =    1.000,"PLATE-1",          1532,             1,  -43.5435E-03,   339.193E-03,            0.,"ASSEMBLY_PLATE-1__PICKEDSET2","ROCK","",  -896.243E-03,      -1.94966,      -1.94070,  -905.203E-03,   96.7359E-03
F:/Desktop/DeepOnet_Abaqus/StaticElasticJob.odb,Step-1,Increment      1: Step Time =    1.000,"PLATE-1",          1533,             1,   71.8124E-03,  -347.911E-03,            0.,"ASSEMBLY_PLATE-1__PICKEDSET2","ROCK","",  -644.371E-03,      -2.04469,      -2.03819,  -650.871E-03,  -95.1850E-03
F:/Desktop/DeepOnet_Abaqus/StaticElasticJob.odb,Step-1,Increment      1: Step Time =    1.000,"PLATE-1",          1534,             1,  -342.334E-03,  -62.9846E-03,            0.,"ASSEMBLY_PLATE-1__PICKEDSET2","ROCK","",  -713.803E-03,      -1.45130,  -853.761E-03,      -1.31134,   289.189E-03
F:/Desktop/DeepOnet_Abaqus/StaticElasticJob.odb,Step-1,Increment      1: Step Time =    1.000,"PLATE-1",          1535,             1,   77.4816E-03,   310.604E-03,            0.,"ASSEMBLY_PLATE-1__PICKEDSET2","ROCK","",  -882.113E-03,      -2.09472,      -2.02649,  -950.342E-03,   279.427E-03
F:/Desktop/DeepOnet_Abaqus/StaticElasticJob.odb,Step-1,Increment      1: Step Time =    1.000,"PLATE-1",          1536,             1,  -124.643E-03,   353.816E-03,            0.,"ASSEMBLY_PLATE-1__PICKEDSET2","ROCK","",  -837.472E-03,      -1.82252,      -1.82219,  -837.798E-03,  -17.9257E-03
F:/Desktop/DeepOnet_Abaqus/StaticElasticJob.odb,Step-1,Increment      1: Step Time =    1.000,"PLATE-1",          1537,             1,   297.632E-03,  -259.025E-03,            0.,"ASSEMBLY_PLATE-1__PICKEDSET2","ROCK","",  -760.512E-03,      -1.71259,      -1.61183,  -861.275E-03,  -292.884E-03
F:/Desktop/DeepOnet_Abaqus/StaticElasticJob.odb,Step-1,Increment      1: Step Time =    1.000,"PLATE-1",          1538,             1,   136.844E-03,   256.770E-03,            0.,"ASSEMBLY_PLATE-1__PICKEDSET2","ROCK","",  -687.766E-03,      -2.21644,      -2.02326,  -880.951E-03,   507.934E-03
F:/Desktop/DeepOnet_Abaqus/StaticElasticJob.odb,Step-1,Increment      1: Step Time =    1.000,"PLATE-1",          1539,             1,   321.448E-03,  -168.163E-03,            0.,"ASSEMBLY_PLATE-1__PICKEDSET2","ROCK","",  -751.506E-03,      -1.52665,      -1.28712,  -991.039E-03,  -358.186E-03
F:/Desktop/DeepOnet_Abaqus/StaticElasticJob.odb,Step-1,Increment      1: Step Time =    1.000,"PLATE-1",          1540,             1,  -224.916E-03,   338.831E-03,            0.,"ASSEMBLY_PLATE-1__PICKEDSET2","ROCK","",  -787.207E-03,      -1.69987,      -1.67040,  -816.679E-03,  -161.335E-03
F:/Desktop/DeepOnet_Abaqus/StaticElasticJob.odb,Step-1,Increment      1: Step Time =    1.000,"PLATE-1",          1541,             1,  -328.545E-03,  -189.866E-03,            0.,"ASSEMBLY_PLATE-1__PICKEDSET2","ROCK","",  -789.407E-03,      -1.73646,      -1.44110,      -1.08476,   438.728E-03
F:/Desktop/DeepOnet_Abaqus/StaticElasticJob.odb,Step-1,Increment      1: Step Time =    1.000,"PLATE-1",          1542,             1,  -376.142E-03,  -14.7386E-03,            0.,"ASSEMBLY_PLATE-1__PICKEDSET2","ROCK","",  -838.392E-03,      -1.32384,  -865.928E-03,      -1.29630,   112.291E-03
F:/Desktop/DeepOnet_Abaqus/StaticElasticJob.odb,Step-1,Increment      1: Step Time =    1.000,"PLATE-1",          1543,             1,   273.307E-03,   330.679E-03,            0.,"ASSEMBLY_PLATE-1__PICKEDSET2","ROCK","",  -695.294E-03,      -1.79195,      -1.62614,  -861.099E-03,   392.861E-03
F:/Desktop/DeepOnet_Abaqus/StaticElasticJob.odb,Step-1,Increment      1: Step Time =    1.000,"PLATE-1",          1544,             1,  -373.768E-03,   213.781E-03,            0.,"ASSEMBLY_PLATE-1__PICKEDSET2","ROCK","",  -825.589E-03,      -1.43712,      -1.24858,      -1.01413,  -282.401E-03
F:/Desktop/DeepOnet_Abaqus/StaticElasticJob.odb,Step-1,Increment      1: Step Time =    1.000,"PLATE-1",          1545,             1,   281.951E-03,   253.954E-03,            0.,"ASSEMBLY_PLATE-1__PICKEDSET2","ROCK","",  -596.816E-03,      -1.84202,      -1.58755,  -851.286E-03,   502.108E-03
F:/Desktop/DeepOnet_Abaqus/StaticElasticJob.odb,Step-1,Increment      1: Step Time =    1.000,"PLATE-1",          1546,             1,   11.1169E-03,  -359.949E-03,            0.,"ASSEMBLY_PLATE-1__PICKEDSET2","ROCK","",  -648.481E-03,      -2.06436,      -2.06323,  -649.611E-03,   39.9789E-03
F:/Desktop/DeepOnet_Abaqus/StaticElasticJob.odb,Step-1,Increment      1: Step Time =    1.000,"PLATE-1",          1547,             1,   318.597E-03,   234.694E-03,            0.,"ASSEMBLY_PLATE-1__PICKEDSET2","ROCK","",  -575.680E-03,      -1.79690,      -1.51460,  -857.981E-03,   514.838E-03
F:/Desktop/DeepOnet_Abaqus/StaticElasticJob.odb,Step-1,Increment      1: Step Time =    1.000,"PLATE-1",          1548,             1,   416.580E-03,  -12.1778E-03,            0.,"ASSEMBLY_PLATE-1__PICKEDSET2","ROCK","",  -962.293E-03,      -1.20389,      -1.04933,      -1.11686,   115.985E-03
F:/Desktop/DeepOnet_Abaqus/StaticElasticJob.odb,Step-1,Increment      1: Step Time =    1.000,"PLATE-1",          1549,             1,   262.347E-03,  -266.936E-03,            0.,"ASSEMBLY_PLATE-1__PICKEDSET2","ROCK","",  -753.353E-03,      -1.77530,      -1.67903,  -849.618E-03,  -298.512E-03
F:/Desktop/DeepOnet_Abaqus/StaticElasticJob.odb,Step-1,Increment      1: Step Time =    1.000,"PLATE-1",          1550,             1,  -303.234E-03,   277.921E-03,            0.,"ASSEMBLY_PLATE-1__PICKEDSET2","ROCK","",  -761.354E-03,      -1.58450,      -1.47015,  -875.708E-03,  -284.698E-03
F:/Desktop/DeepOnet_Abaqus/StaticElasticJob.odb,Step-1,Increment      1: Step Time =    1.000,"PLATE-1",          1551,             1,   239.043E-03,  -320.721E-03,            0.,"ASSEMBLY_PLATE-1__PICKEDSET2","ROCK","",  -762.625E-03,      -1.81008,      -1.75489,  -817.810E-03,  -234.005E-03
F:/Desktop/DeepOnet_Abaqus/StaticElasticJob.odb,Step-1,Increment      1: Step Time =    1.000,"PLATE-1",          1552,             1,  -307.117E-03,   212.304E-03,            0.,"ASSEMBLY_PLATE-1__PICKEDSET2","ROCK","",  -701.428E-03,      -1.52258,      -1.28583,  -938.178E-03,  -371.966E-03
F:/Desktop/DeepOnet_Abaqus/StaticElasticJob.odb,Step-1,Increment      1: Step Time =    1.000,"PLATE-1",          1553,             1,   342.301E-03,   355.161E-03,            0.,"ASSEMBLY_PLATE-1__PICKEDSET2","ROCK","",  -674.479E-03,      -1.72188,      -1.54299,  -853.361E-03,   394.159E-03
F:/Desktop/DeepOnet_Abaqus/StaticElasticJob.odb,Step-1,Increment      1: Step Time =    1.000,"PLATE-1",          1554,             1,   111.202E-03,  -323.619E-03,            0.,"ASSEMBLY_PLATE-1__PICKEDSET2","ROCK","",  -632.509E-03,      -2.04650,      -2.01550,  -663.516E-03,  -207.079E-03
F:/Desktop/DeepOnet_Abaqus/StaticElasticJob.odb,Step-1,Increment      1: Step Time =    1.000,"PLATE-1",          1555,             1,  -10.5611E-03,  -294.188E-03,            0.,"ASSEMBLY_PLATE-1__PICKEDSET2","ROCK","",  -497.013E-03,      -2.25985,      -2.25260,  -504.267E-03,   112.846E-03
F:/Desktop/DeepOnet_Abaqus/StaticElasticJob.odb,Step-1,Increment      1: Step Time =    1.000,"PLATE-1",          1556,             1,   14.5895E-03,  -299.403E-03,            0.,"ASSEMBLY_PLATE-1__PICKEDSET2","ROCK","",  -494.590E-03,      -2.23747,      -2.23728,  -494.779E-03,   18.1177E-03
F:/Desktop/DeepOnet_Abaqus/StaticElasticJob.odb,Step-1,Increment      1: Step Time =    1.000,"PLATE-1",          1557,             1,  -470.487E-03,   132.763E-03,            0.,"ASSEMBLY_PLATE-1__PICKEDSET2","ROCK","",      -1.01433,      -1.27010,      -1.14293,      -1.14151,  -127.882E-03
F:/Desktop/DeepOnet_Abaqus/StaticElasticJob.odb,Step-1,Increment      1: Step Time =    1.000,"PLATE-1",          1558,             1,  -332.565E-03,  -283.682E-03,            0.,"ASSEMBLY_PLATE-1__PICKEDSET2","ROCK","",  -881.907E-03,      -1.75024,      -1.63305,  -999.097E-03,   296.693E-03
F:/Desktop/DeepOnet_Abaqus/StaticElasticJob.odb,Step-1,Increment      1: Step Time =    1.000,"PLATE-1",          1559,             1,  -285.083E-03,  -288.886E-03,            0.,"ASSEMBLY_PLATE-1__PICKEDSET2","ROCK","",  -883.847E-03,      -1.81565,      -1.69663,      -1.00286,   311.024E-03
F:/Desktop/DeepOnet_Abaqus/StaticElasticJob.odb,Step-1,Increment      1: Step Time =    1.000,"PLATE-1",          1560,             1,  -386.236E-03,  -190.668E-03,            0.,"ASSEMBLY_PLATE-1__PICKEDSET2","ROCK","",  -844.742E-03,      -1.62661,      -1.39376,      -1.07758,   357.541E-03
F:/Desktop/DeepOnet_Abaqus/StaticElasticJob.odb,Step-1,Increment      1: Step Time =    1.000,"PLATE-1",          1561,             1,  -328.207E-03,   43.2931E-03,            0.,"ASSEMBLY_PLATE-1__PICKEDSET2","ROCK","",  -676.203E-03,      -1.30888,  -711.738E-03,      -1.27334,  -145.670E-03
F:/Desktop/DeepOnet_Abaqus/StaticElasticJob.odb,Step-1,Increment      1: Step Time =    1.000,"PLATE-1",          1562,             1,   422.893E-03,   249.291E-03,            0.,"ASSEMBLY_PLATE-1__PICKEDSET2","ROCK","",  -615.006E-03,      -1.69225,      -1.45992,  -847.332E-03,   443.054E-03
F:/Desktop/DeepOnet_Abaqus/StaticElasticJob.odb,Step-1,Increment      1: Step Time =    1.000,"PLATE-1",          1563,             1,   354.602E-03,   165.179E-03,            0.,"ASSEMBLY_PLATE-1__PICKEDSET2","ROCK","",  -578.249E-03,      -1.66800,      -1.30735,  -938.898E-03,   512.786E-03
F:/Desktop/DeepOnet_Abaqus/StaticElasticJob.odb,Step-1,Increment      1: Step Time =    1.000,"PLATE-1",          1564,             1,   368.776E-03,  -233.713E-03,            0.,"ASSEMBLY_PLATE-1__PICKEDSET2","ROCK","",  -807.625E-03,      -1.58200,      -1.47685,  -912.772E-03,  -265.269E-03
F:/Desktop/DeepOnet_Abaqus/StaticElasticJob.odb,Step-1,Increment      1: Step Time =    1.000,"PLATE-1",          1565,             1,  -360.045E-03,   73.6949E-03,            0.,"ASSEMBLY_PLATE-1__PICKEDSET2","ROCK","",  -799.448E-03,      -1.29336,  -871.554E-03,      -1.22125,  -174.398E-03
F:/Desktop/DeepOnet_Abaqus/StaticElasticJob.odb,Step-1,Increment      1: Step Time =    1.000,"PLATE-1",          1566,             1,   309.585E-03,   303.612E-03,            0.,"ASSEMBLY_PLATE-1__PICKEDSET2","ROCK","",  -639.069E-03,      -1.79561,      -1.59179,  -842.887E-03,   440.660E-03
F:/Desktop/DeepOnet_Abaqus/StaticElasticJob.odb,Step-1,Increment      1: Step Time =    1.000,"PLATE-1",          1567,             1,   351.149E-03,   280.385E-03,            0.,"ASSEMBLY_PLATE-1__PICKEDSET2","ROCK","",  -611.921E-03,      -1.75881,      -1.52709,  -843.632E-03,   460.495E-03
F:/Desktop/DeepOnet_Abaqus/StaticElasticJob.odb,Step-1,Increment      1: Step Time =    1.000,"PLATE-1",          1568,             1,  -383.321E-03,  -285.706E-03,            0.,"ASSEMBLY_PLATE-1__PICKEDSET2","ROCK","",  -891.217E-03,      -1.68150,      -1.57463,  -998.093E-03,   270.259E-03
F:/Desktop/DeepOnet_Abaqus/StaticElasticJob.odb,Step-1,Increment      1: Step Time =    1.000,"PLATE-1",          1569,             1,   418.171E-03,  -100.479E-03,            0.,"ASSEMBLY_PLATE-1__PICKEDSET2","ROCK","",  -993.642E-03,      -1.23985,      -1.16396,      -1.06953,  -113.691E-03
F:/Desktop/DeepOnet_Abaqus/StaticElasticJob.odb,Step-1,Increment      1: Step Time =    1.000,"PLATE-1",          1570,             1,   415.374E-03,   94.5041E-03,            0.,"ASSEMBLY_PLATE-1__PICKEDSET2","ROCK","",  -733.358E-03,      -1.48243,      -1.20248,      -1.01330,   362.393E-03
F:/Desktop/DeepOnet_Abaqus/StaticElasticJob.odb,Step-1,Increment      1: Step Time =    1.000,"PLATE-1",          1571,             1,  -97.4927E-03,   460.257E-03,            0.,"ASSEMBLY_PLATE-1__PICKEDSET2","ROCK","",  -972.268E-03,      -1.65926,      -1.65293,  -978.591E-03,   65.6016E-03
F:/Desktop/DeepOnet_Abaqus/StaticElasticJob.odb,Step-1,Increment      1: Step Time =    1.000,"PLATE-1",          1572,             1,   69.9929E-03,   348.982E-03,            0.,"ASSEMBLY_PLATE-1__PICKEDSET2","ROCK","",  -942.268E-03,      -1.92218,      -1.87336,  -991.089E-03,   213.206E-03
F:/Desktop/DeepOnet_Abaqus/StaticElasticJob.odb,Step-1,Increment      1: Step Time =    1.000,"PLATE-1",          1573,             1,   296.669E-03,  -313.418E-03,            0.,"ASSEMBLY_PLATE-1__PICKEDSET2","ROCK","",  -782.405E-03,      -1.73311,      -1.67609,  -839.429E-03,  -225.746E-03
F:/Desktop/DeepOnet_Abaqus/StaticElasticJob.odb,Step-1,Increment      1: Step Time =    1.000,"PLATE-1",          1574,             1,  -412.765E-03,   51.7556E-03,            0.,"ASSEMBLY_PLATE-1__PICKEDSET2","ROCK","",  -928.174E-03,      -1.24839,  -941.860E-03,      -1.23471,  -64.7699E-03
F:/Desktop/DeepOnet_Abaqus/StaticElasticJob.odb,Step-1,Increment      1: Step Time =    1.000,"PLATE-1",          1575,             1,   427.060E-03,  -240.464E-03,            0.,"ASSEMBLY_PLATE-1__PICKEDSET2","ROCK","",  -854.992E-03,      -1.54158,      -1.47207,  -924.506E-03,  -207.113E-03
F:/Desktop/DeepOnet_Abaqus/StaticElasticJob.odb,Step-1,Increment      1: Step Time =    1.000,"PLATE-1",          1576,             1,   353.887E-03,  -206.185E-03,            0.,"ASSEMBLY_PLATE-1__PICKEDSET2","ROCK","",  -798.348E-03,      -1.55173,      -1.41234,  -937.728E-03,  -292.539E-03
F:/Desktop/DeepOnet_Abaqus/StaticElasticJob.odb,Step-1,Increment      1: Step Time =    1.000,"PLATE-1",          1577,             1,  -465.930E-03,   82.8900E-03,            0.,"ASSEMBLY_PLATE-1__PICKEDSET2","ROCK","",      -1.04340,      -1.22171,      -1.08427,      -1.18084,  -74.9479E-03
F:/Desktop/DeepOnet_Abaqus/StaticElasticJob.odb,Step-1,Increment      1: Step Time =    1.000,"PLATE-1",          1578,             1,   165.655E-03,   370.892E-03,            0.,"ASSEMBLY_PLATE-1__PICKEDSET2","ROCK","",  -875.696E-03,      -1.80401,      -1.72897,  -950.733E-03,   253.037E-03
F:/Desktop/DeepOnet_Abaqus/StaticElasticJob.odb,Step-1,Increment      1: Step Time =    1.000,"PLATE-1",          1579,             1,   423.646E-03,   292.391E-03,            0.,"ASSEMBLY_PLATE-1__PICKEDSET2","ROCK","",  -614.419E-03,      -1.71193,      -1.49741,  -828.939E-03,   435.224E-03
F:/Desktop/DeepOnet_Abaqus/StaticElasticJob.odb,Step-1,Increment      1: Step Time =    1.000,"PLATE-1",          1580,             1,  -288.793E-03,  -228.123E-03,            0.,"ASSEMBLY_PLATE-1__PICKEDSET2","ROCK","",  -834.929E-03,      -1.83873,      -1.62754,      -1.04611,   409.131E-03
F:/Desktop/DeepOnet_Abaqus/StaticElasticJob.odb,Step-1,Increment      1: Step Time =    1.000,"PLATE-1",          1581,             1,   419.068E-03,   59.0352E-03,            0.,"ASSEMBLY_PLATE-1__PICKEDSET2","ROCK","",  -802.676E-03,      -1.38157,      -1.11867,      -1.06558,   288.229E-03
F:/Desktop/DeepOnet_Abaqus/StaticElasticJob.odb,Step-1,Increment      1: Step Time =    1.000,"PLATE-1",          1582,             1,   400.403E-03,   183.836E-03,            0.,"ASSEMBLY_PLATE-1__PICKEDSET2","ROCK","",  -618.333E-03,      -1.65817,      -1.36518,  -911.323E-03,   467.780E-03
F:/Desktop/DeepOnet_Abaqus/StaticElasticJob.odb,Step-1,Increment      1: Step Time =    1.000,"PLATE-1",          1583,             1,  -491.585E-03,  -67.2912E-03,            0.,"ASSEMBLY_PLATE-1__PICKEDSET2","ROCK","",      -1.00901,      -1.33357,      -1.16656,      -1.17602,   162.212E-03
F:/Desktop/DeepOnet_Abaqus/StaticElasticJob.odb,Step-1,Increment      1: Step Time =    1.000,"PLATE-1",          1584,             1,   384.787E-03,  -185.958E-03,            0.,"ASSEMBLY_PLATE-1__PICKEDSET2","ROCK","",  -848.325E-03,      -1.47872,      -1.35688,  -970.170E-03,  -248.927E-03
F:/Desktop/DeepOnet_Abaqus/StaticElasticJob.odb,Step-1,Increment      1: Step Time =    1.000,"PLATE-1",          1585,             1,   413.476E-03,  -135.239E-03,            0.,"ASSEMBLY_PLATE-1__PICKEDSET2","ROCK","",  -938.333E-03,      -1.33334,      -1.23615,      -1.03552,  -170.131E-03
F:/Desktop/DeepOnet_Abaqus/StaticElasticJob.odb,Step-1,Increment      1: Step Time =    1.000,"PLATE-1",          1586,             1,   331.174E-03,  -315.637E-03,            0.,"ASSEMBLY_PLATE-1__PICKEDSET2","ROCK","",  -797.133E-03,      -1.69668,      -1.64475,  -849.057E-03,  -209.791E-03
F:/Desktop/DeepOnet_Abaqus/StaticElasticJob.odb,Step-1,Increment      1: Step Time =    1.000,"PLATE-1",          1587,             1,  -215.144E-03,  -400.985E-03,            0.,"ASSEMBLY_PLATE-1__PICKEDSET2","ROCK","",  -896.940E-03,      -1.80626,      -1.75617,  -947.024E-03,   207.445E-03
F:/Desktop/DeepOnet_Abaqus/StaticElasticJob.odb,Step-1,Increment      1: Step Time =    1.000,"PLATE-1",          1588,             1,  -479.499E-03,   9.27358E-03,            0.,"ASSEMBLY_PLATE-1__PICKEDSET2","ROCK","",      -1.07049,      -1.21693,      -1.08564,      -1.20178,   44.5963E-03
F:/Desktop/DeepOnet_Abaqus/StaticElasticJob.odb,Step-1,Increment      1: Step Time =    1.000,"PLATE-1",          1589,             1,  -284.998E-03,   385.558E-03,            0.,"ASSEMBLY_PLATE-1__PICKEDSET2","ROCK","",  -847.421E-03,      -1.61169,      -1.58506,  -874.044E-03,  -140.138E-03
F:/Desktop/DeepOnet_Abaqus/StaticElasticJob.odb,Step-1,Increment      1: Step Time =    1.000,"PLATE-1",          1590,             1,   49.3270E-03,   384.110E-03,            0.,"ASSEMBLY_PLATE-1__PICKEDSET2","ROCK","",  -974.450E-03,      -1.81584,      -1.77697,      -1.01332,   176.619E-03
F:/Desktop/DeepOnet_Abaqus/StaticElasticJob.odb,Step-1,Increment      1: Step Time =    1.000,"PLATE-1",          1591,             1,   484.470E-03,  -18.9037E-03,            0.,"ASSEMBLY_PLATE-1__PICKEDSET2","ROCK","",      -1.01049,      -1.25520,      -1.22286,      -1.04283,   82.8761E-03
F:/Desktop/DeepOnet_Abaqus/StaticElasticJob.odb,Step-1,Increment      1: Step Time =    1.000,"PLATE-1",          1592,             1,  -153.271E-03,   369.351E-03,            0.,"ASSEMBLY_PLATE-1__PICKEDSET2","ROCK","",  -845.903E-03,      -1.76853,      -1.76763,  -846.793E-03,  -28.6517E-03
F:/Desktop/DeepOnet_Abaqus/StaticElasticJob.odb,Step-1,Increment      1: Step Time =    1.000,"PLATE-1",          1593,             1,  -530.039E-03,   125.703E-03,            0.,"ASSEMBLY_PLATE-1__PICKEDSET2","ROCK","",      -1.07398,      -1.25155,      -1.18838,      -1.13715,  -85.0059E-03
F:/Desktop/DeepOnet_Abaqus/StaticElasticJob.odb,Step-1,Increment      1: Step Time =    1.000,"PLATE-1",          1594,             1,  -420.171E-03,   19.3931E-03,            0.,"ASSEMBLY_PLATE-1__PICKEDSET2","ROCK","",  -950.690E-03,      -1.25634,  -955.200E-03,      -1.25183,   36.8536E-03
F:/Desktop/DeepOnet_Abaqus/StaticElasticJob.odb,Step-1,Increment      1: Step Time =    1.000,"PLATE-1",          1595,             1,  -432.176E-03,   239.691E-03,            0.,"ASSEMBLY_PLATE-1__PICKEDSET2","ROCK","",  -896.610E-03,      -1.42580,      -1.30335,      -1.01905,  -223.165E-03
F:/Desktop/DeepOnet_Abaqus/StaticElasticJob.odb,Step-1,Increment      1: Step Time =    1.000,"PLATE-1",          1596,             1,   200.805E-03,   385.486E-03,            0.,"ASSEMBLY_PLATE-1__PICKEDSET2","ROCK","",  -840.524E-03,      -1.75114,      -1.65521,  -936.450E-03,   279.553E-03
F:/Desktop/DeepOnet_Abaqus/StaticElasticJob.odb,Step-1,Increment      1: Step Time =    1.000,"PLATE-1",          1597,             1,   390.149E-03,  -261.910E-03,            0.,"ASSEMBLY_PLATE-1__PICKEDSET2","ROCK","",  -821.449E-03,      -1.60174,      -1.52850,  -894.694E-03,  -227.570E-03
F:/Desktop/DeepOnet_Abaqus/StaticElasticJob.odb,Step-1,Increment      1: Step Time =    1.000,"PLATE-1",          1598,             1,   466.703E-03,  -90.9431E-03,            0.,"ASSEMBLY_PLATE-1__PICKEDSET2","ROCK","",      -1.02606,      -1.25393,      -1.23677,      -1.04322,  -60.1298E-03
F:/Desktop/DeepOnet_Abaqus/StaticElasticJob.odb,Step-1,Increment      1: Step Time =    1.000,"PLATE-1",          1599,             1,  -461.099E-03,  -47.0559E-03,            0.,"ASSEMBLY_PLATE-1__PICKEDSET2","ROCK","",  -994.575E-03,      -1.31055,      -1.10393,      -1.20119,   150.317E-03
F:/Desktop/DeepOnet_Abaqus/StaticElasticJob.odb,Step-1,Increment      1: Step Time =    1.000,"PLATE-1",          1600,             1,  -385.288E-03,  -238.710E-03,            0.,"ASSEMBLY_PLATE-1__PICKEDSET2","ROCK","",  -870.678E-03,      -1.66945,      -1.51438,      -1.02575,   315.943E-03
F:/Desktop/DeepOnet_Abaqus/StaticElasticJob.odb,Step-1,Increment      1: Step Time =    1.000,"PLATE-1",          1601,             1,   413.159E-03,   138.253E-03,            0.,"ASSEMBLY_PLATE-1__PICKEDSET2","ROCK","",  -673.971E-03,      -1.56473,      -1.27803,  -960.678E-03,   416.158E-03
F:/Desktop/DeepOnet_Abaqus/StaticElasticJob.odb,Step-1,Increment      1: Step Time =    1.000,"PLATE-1",          1602,             1,  -213.608E-03,  -343.686E-03,            0.,"ASSEMBLY_PLATE-1__PICKEDSET2","ROCK","",  -880.692E-03,      -1.87868,      -1.79244,  -966.937E-03,   280.416E-03
F:/Desktop/DeepOnet_Abaqus/StaticElasticJob.odb,Step-1,Increment      1: Step Time =    1.000,"PLATE-1",          1603,             1,  -28.4437E-03,   402.686E-03,            0.,"ASSEMBLY_PLATE-1__PICKEDSET2","ROCK","",  -970.279E-03,      -1.76784,      -1.74964,  -988.480E-03,   119.104E-03
F:/Desktop/DeepOnet_Abaqus/StaticElasticJob.odb,Step-1,Increment      1: Step Time =    1.000,"PLATE-1",          1604,             1,   53.2848E-03,  -413.143E-03,            0.,"ASSEMBLY_PLATE-1__PICKEDSET2","ROCK","",  -746.927E-03,      -1.92476,      -1.92476,  -746.927E-03,  -640.456E-06
F:/Desktop/DeepOnet_Abaqus/StaticElasticJob.odb,Step-1,Increment      1: Step Time =    1.000,"PLATE-1",          1605,             1,  -110.027E-03,   388.812E-03,            0.,"ASSEMBLY_PLATE-1__PICKEDSET2","ROCK","",  -899.926E-03,      -1.76953,      -1.76756,  -901.896E-03,   41.3482E-03
F:/Desktop/DeepOnet_Abaqus/StaticElasticJob.odb,Step-1,Increment      1: Step Time =    1.000,"PLATE-1",          1606,             1,   72.6757E-03,   418.998E-03,            0.,"ASSEMBLY_PLATE-1__PICKEDSET2","ROCK","",  -989.932E-03,      -1.72383,      -1.68208,      -1.03168,   169.997E-03
F:/Desktop/DeepOnet_Abaqus/StaticElasticJob.odb,Step-1,Increment      1: Step Time =    1.000,"PLATE-1",          1607,             1,  -292.661E-03,  -338.596E-03,            0.,"ASSEMBLY_PLATE-1__PICKEDSET2","ROCK","",  -905.462E-03,      -1.77308,      -1.69529,  -983.260E-03,   247.884E-03
F:/Desktop/DeepOnet_Abaqus/StaticElasticJob.odb,Step-1,Increment      1: Step Time =    1.000,"PLATE-1",          1608,             1,   48.7206E-03,   482.444E-03,            0.,"ASSEMBLY_PLATE-1__PICKEDSET2","ROCK","",      -1.02577,      -1.62212,      -1.59151,      -1.05638,   131.601E-03
F:/Desktop/DeepOnet_Abaqus/StaticElasticJob.odb,Step-1,Increment      1: Step Time =    1.000,"PLATE-1",          1609,             1,   395.779E-03,  -218.654E-03,            0.,"ASSEMBLY_PLATE-1__PICKEDSET2","ROCK","",  -836.690E-03,      -1.52626,      -1.42291,  -940.040E-03,  -246.141E-03
F:/Desktop/DeepOnet_Abaqus/StaticElasticJob.odb,Step-1,Increment      1: Step Time =    1.000,"PLATE-1",          1610,             1,  -588.549E-03,   119.082E-03,            0.,"ASSEMBLY_PLATE-1__PICKEDSET2","ROCK","",      -1.10898,      -1.25615,      -1.23665,      -1.12848,  -49.8941E-03
F:/Desktop/DeepOnet_Abaqus/StaticElasticJob.odb,Step-1,Increment      1: Step Time =    1.000,"PLATE-1",          1611,             1,  -180.022E-03,   380.722E-03,            0.,"ASSEMBLY_PLATE-1__PICKEDSET2","ROCK","",  -849.818E-03,      -1.72824,      -1.72563,  -852.429E-03,  -47.8151E-03
F:/Desktop/DeepOnet_Abaqus/StaticElasticJob.odb,Step-1,Increment      1: Step Time =    1.000,"PLATE-1",          1612,             1,  -527.262E-03,  -122.031E-03,            0.,"ASSEMBLY_PLATE-1__PICKEDSET2","ROCK","",  -991.896E-03,      -1.41499,      -1.28805,      -1.11883,   193.889E-03
F:/Desktop/DeepOnet_Abaqus/StaticElasticJob.odb,Step-1,Increment      1: Step Time =    1.000,"PLATE-1",          1613,             1,   488.259E-03,   112.339E-03,            0.,"ASSEMBLY_PLATE-1__PICKEDSET2","ROCK","",  -783.514E-03,      -1.49085,      -1.32126,  -953.104E-03,   301.987E-03
F:/Desktop/DeepOnet_Abaqus/StaticElasticJob.odb,Step-1,Increment      1: Step Time =    1.000,"PLATE-1",          1614,             1,   516.016E-03,   74.4984E-03,            0.,"ASSEMBLY_PLATE-1__PICKEDSET2","ROCK","",  -859.597E-03,      -1.42915,      -1.31664,  -972.108E-03,   226.765E-03
F:/Desktop/DeepOnet_Abaqus/StaticElasticJob.odb,Step-1,Increment      1: Step Time =    1.000,"PLATE-1",          1615,             1,  -568.692E-03,  -235.544E-03,            0.,"ASSEMBLY_PLATE-1__PICKEDSET2","ROCK","",  -968.603E-03,      -1.50776,      -1.42819,      -1.04817,   191.227E-03
F:/Desktop/DeepOnet_Abaqus/StaticElasticJob.odb,Step-1,Increment      1: Step Time =    1.000,"PLATE-1",          1616,             1,   423.951E-03,   382.517E-03,            0.,"ASSEMBLY_PLATE-1__PICKEDSET2","ROCK","",  -639.368E-03,      -1.68352,      -1.49163,  -831.257E-03,   404.400E-03
F:/Desktop/DeepOnet_Abaqus/StaticElasticJob.odb,Step-1,Increment      1: Step Time =    1.000,"PLATE-1",          1617,             1,  -517.338E-03,  -169.344E-03,            0.,"ASSEMBLY_PLATE-1__PICKEDSET2","ROCK","",  -966.319E-03,      -1.46903,      -1.34527,      -1.09009,   216.567E-03
F:/Desktop/DeepOnet_Abaqus/StaticElasticJob.odb,Step-1,Increment      1: Step Time =    1.000,"PLATE-1",          1618,             1,   368.108E-03,   409.546E-03,            0.,"ASSEMBLY_PLATE-1__PICKEDSET2","ROCK","",  -685.929E-03,      -1.67406,      -1.49672,  -863.269E-03,   379.191E-03
F:/Desktop/DeepOnet_Abaqus/StaticElasticJob.odb,Step-1,Increment      1: Step Time =    1.000,"PLATE-1",          1619,             1,  -359.509E-03,  -433.302E-03,            0.,"ASSEMBLY_PLATE-1__PICKEDSET2","ROCK","",  -927.653E-03,      -1.69263,      -1.65784,  -962.436E-03,   159.368E-03
F:/Desktop/DeepOnet_Abaqus/StaticElasticJob.odb,Step-1,Increment      1: Step Time =    1.000,"PLATE-1",          1620,             1,  -535.910E-03,  -74.9176E-03,            0.,"ASSEMBLY_PLATE-1__PICKEDSET2","ROCK","",      -1.02931,      -1.34480,      -1.22217,      -1.15194,   153.789E-03
F:/Desktop/DeepOnet_Abaqus/StaticElasticJob.odb,Step-1,Increment      1: Step Time =    1.000,"PLATE-1",          1621,             1,  -595.326E-03,   167.876E-03,            0.,"ASSEMBLY_PLATE-1__PICKEDSET2","ROCK","",      -1.07164,      -1.29806,      -1.26135,      -1.10835,  -83.4573E-03
F:/Desktop/DeepOnet_Abaqus/StaticElasticJob.odb,Step-1,Increment      1: Step Time =    1.000,"PLATE-1",          1622,             1,  -427.451E-03,  -337.267E-03,            0.,"ASSEMBLY_PLATE-1__PICKEDSET2","ROCK","",  -915.599E-03,      -1.64945,      -1.58102,  -984.031E-03,   213.392E-03
F:/Desktop/DeepOnet_Abaqus/StaticElasticJob.odb,Step-1,Increment      1: Step Time =    1.000,"PLATE-1",          1623,             1,  -206.299E-03,   385.046E-03,            0.,"ASSEMBLY_PLATE-1__PICKEDSET2","ROCK","",  -843.779E-03,      -1.68798,      -1.68026,  -851.496E-03,  -80.3469E-03
F:/Desktop/DeepOnet_Abaqus/StaticElasticJob.odb,Step-1,Increment      1: Step Time =    1.000,"PLATE-1",          1624,             1,  -90.0880E-03,  -377.580E-03,            0.,"ASSEMBLY_PLATE-1__PICKEDSET2","ROCK","",  -753.934E-03,      -1.98921,      -1.95249,  -790.655E-03,   209.790E-03
F:/Desktop/DeepOnet_Abaqus/StaticElasticJob.odb,Step-1,Increment      1: Step Time =    1.000,"PLATE-1",          1625,             1,   504.621E-03,   231.371E-03,            0.,"ASSEMBLY_PLATE-1__PICKEDSET2","ROCK","",  -652.310E-03,      -1.65458,      -1.46756,  -839.331E-03,   390.472E-03
F:/Desktop/DeepOnet_Abaqus/StaticElasticJob.odb,Step-1,Increment      1: Step Time =    1.000,"PLATE-1",          1626,             1,   25.7947E-03,   360.512E-03,            0.,"ASSEMBLY_PLATE-1__PICKEDSET2","ROCK","",  -961.048E-03,      -1.90121,      -1.86848,  -993.776E-03,   172.332E-03
F:/Desktop/DeepOnet_Abaqus/StaticElasticJob.odb,Step-1,Increment      1: Step Time =    1.000,"PLATE-1",          1627,             1,   117.178E-03,  -428.359E-03,            0.,"ASSEMBLY_PLATE-1__PICKEDSET2","ROCK","",  -771.887E-03,      -1.87024,      -1.86728,  -774.848E-03,  -56.9486E-03
F:/Desktop/DeepOnet_Abaqus/StaticElasticJob.odb,Step-1,Increment      1: Step Time =    1.000,"PLATE-1",          1628,             1,  -52.3168E-03,  -367.638E-03,            0.,"ASSEMBLY_PLATE-1__PICKEDSET2","ROCK","",  -700.875E-03,      -2.03730,      -2.01543,  -722.748E-03,   169.569E-03
F:/Desktop/DeepOnet_Abaqus/StaticElasticJob.odb,Step-1,Increment      1: Step Time =    1.000,"PLATE-1",          1629,             1,  -166.126E-03,  -394.433E-03,            0.,"ASSEMBLY_PLATE-1__PICKEDSET2","ROCK","",  -851.397E-03,      -1.88084,      -1.82551,  -906.729E-03,   232.164E-03
F:/Desktop/DeepOnet_Abaqus/StaticElasticJob.odb,Step-1,Increment      1: Step Time =    1.000,"PLATE-1",          1630,             1,  -577.475E-03,  -183.576E-03,            0.,"ASSEMBLY_PLATE-1__PICKEDSET2","ROCK","",  -987.298E-03,      -1.46453,      -1.37934,      -1.07249,   182.757E-03
F:/Desktop/DeepOnet_Abaqus/StaticElasticJob.odb,Step-1,Increment      1: Step Time =    1.000,"PLATE-1",          1631,             1,  -536.838E-03,   177.783E-03,            0.,"ASSEMBLY_PLATE-1__PICKEDSET2","ROCK","",      -1.04003,      -1.30622,      -1.23989,      -1.10637,  -115.137E-03
F:/Desktop/DeepOnet_Abaqus/StaticElasticJob.odb,Step-1,Increment      1: Step Time =    1.000,"PLATE-1",          1632,             1,  -485.539E-03,   236.129E-03,            0.,"ASSEMBLY_PLATE-1__PICKEDSET2","ROCK","",  -954.028E-03,      -1.38926,      -1.29257,      -1.05072,  -180.927E-03
F:/Desktop/DeepOnet_Abaqus/StaticElasticJob.odb,Step-1,Increment      1: Step Time =    1.000,"PLATE-1",          1633,             1,  -537.355E-03,  -27.2604E-03,            0.,"ASSEMBLY_PLATE-1__PICKEDSET2","ROCK","",      -1.07891,      -1.26936,      -1.17884,      -1.16944,   95.1103E-03
F:/Desktop/DeepOnet_Abaqus/StaticElasticJob.odb,Step-1,Increment      1: Step Time =    1.000,"PLATE-1",          1634,             1,  -493.559E-03,  -30.6623E-03,            0.,"ASSEMBLY_PLATE-1__PICKEDSET2","ROCK","",      -1.04368,      -1.27671,      -1.12992,      -1.19047,   112.515E-03
F:/Desktop/DeepOnet_Abaqus/StaticElasticJob.odb,Step-1,Increment      1: Step Time =    1.000,"PLATE-1",          1635,             1,  -346.002E-03,  -382.647E-03,            0.,"ASSEMBLY_PLATE-1__PICKEDSET2","ROCK","",  -917.185E-03,      -1.71441,      -1.66025,  -971.345E-03,   200.611E-03
F:/Desktop/DeepOnet_Abaqus/StaticElasticJob.odb,Step-1,Increment      1: Step Time =    1.000,"PLATE-1",          1636,             1,   109.325E-03,   395.759E-03,            0.,"ASSEMBLY_PLATE-1__PICKEDSET2","ROCK","",  -952.268E-03,      -1.76102,      -1.71045,      -1.00283,   195.801E-03
F:/Desktop/DeepOnet_Abaqus/StaticElasticJob.odb,Step-1,Increment      1: Step Time =    1.000,"PLATE-1",          1637,             1,  -91.0152E-03,  -435.009E-03,            0.,"ASSEMBLY_PLATE-1__PICKEDSET2","ROCK","",  -816.472E-03,      -1.88612,      -1.86516,  -837.437E-03,   148.274E-03
F:/Desktop/DeepOnet_Abaqus/StaticElasticJob.odb,Step-1,Increment      1: Step Time =    1.000,"PLATE-1",          1638,             1,  -59.1591E-03,   463.489E-03,            0.,"ASSEMBLY_PLATE-1__PICKEDSET2","ROCK","",  -991.660E-03,      -1.65597,      -1.64341,      -1.00423,   90.4986E-03
F:/Desktop/DeepOnet_Abaqus/StaticElasticJob.odb,Step-1,Increment      1: Step Time =    1.000,"PLATE-1",          1639,             1,   512.733E-03,  -241.745E-03,            0.,"ASSEMBLY_PLATE-1__PICKEDSET2","ROCK","",  -897.610E-03,      -1.52015,      -1.47921,  -938.556E-03,  -154.316E-03
F:/Desktop/DeepOnet_Abaqus/StaticElasticJob.odb,Step-1,Increment      1: Step Time =    1.000,"PLATE-1",          1640,             1,   573.476E-03,   57.9349E-03,            0.,"ASSEMBLY_PLATE-1__PICKEDSET2","ROCK","",  -887.647E-03,      -1.44081,      -1.38249,  -945.972E-03,   169.887E-03
F:/Desktop/DeepOnet_Abaqus/StaticElasticJob.odb,Step-1,Increment      1: Step Time =    1.000,"PLATE-1",          1641,             1,   403.252E-03,  -366.083E-03,            0.,"ASSEMBLY_PLATE-1__PICKEDSET2","ROCK","",  -830.594E-03,      -1.66514,      -1.63190,  -863.830E-03,  -163.195E-03
F:/Desktop/DeepOnet_Abaqus/StaticElasticJob.odb,Step-1,Increment      1: Step Time =    1.000,"PLATE-1",          1642,             1,   526.780E-03,  -122.643E-03,            0.,"ASSEMBLY_PLATE-1__PICKEDSET2","ROCK","",  -985.940E-03,      -1.36066,      -1.34464,      -1.00196,  -75.8084E-03
F:/Desktop/DeepOnet_Abaqus/StaticElasticJob.odb,Step-1,Increment      1: Step Time =    1.000,"PLATE-1",          1643,             1,  -328.997E-03,   381.732E-03,            0.,"ASSEMBLY_PLATE-1__PICKEDSET2","ROCK","",  -871.515E-03,      -1.57300,      -1.53990,  -904.612E-03,  -148.733E-03
F:/Desktop/DeepOnet_Abaqus/StaticElasticJob.odb,Step-1,Increment      1: Step Time =    1.000,"PLATE-1",          1644,             1,  -529.965E-03,   22.2361E-03,            0.,"ASSEMBLY_PLATE-1__PICKEDSET2","ROCK","",      -1.12855,      -1.19845,      -1.15130,      -1.17570,   32.7511E-03
F:/Desktop/DeepOnet_Abaqus/StaticElasticJob.odb,Step-1,Increment      1: Step Time =    1.000,"PLATE-1",          1645,             1,  -52.5538E-03,   429.428E-03,            0.,"ASSEMBLY_PLATE-1__PICKEDSET2","ROCK","",  -976.080E-03,      -1.71177,      -1.69843,  -989.418E-03,   98.1571E-03
F:/Desktop/DeepOnet_Abaqus/StaticElasticJob.odb,Step-1,Increment      1: Step Time =    1.000,"PLATE-1",          1646,             1,   477.784E-03,  -198.969E-03,            0.,"ASSEMBLY_PLATE-1__PICKEDSET2","ROCK","",  -909.533E-03,      -1.46555,      -1.41396,  -961.128E-03,  -161.326E-03
F:/Desktop/DeepOnet_Abaqus/StaticElasticJob.odb,Step-1,Increment      1: Step Time =    1.000,"PLATE-1",          1647,             1,   449.254E-03,   213.868E-03,            0.,"ASSEMBLY_PLATE-1__PICKEDSET2","ROCK","",  -638.997E-03,      -1.65628,      -1.42981,  -865.467E-03,   423.197E-03
F:/Desktop/DeepOnet_Abaqus/StaticElasticJob.odb,Step-1,Increment      1: Step Time =    1.000,"PLATE-1",          1648,             1,   514.242E-03,   178.062E-03,            0.,"ASSEMBLY_PLATE-1__PICKEDSET2","ROCK","",  -713.128E-03,      -1.58608,      -1.42319,  -876.013E-03,   340.087E-03
F:/Desktop/DeepOnet_Abaqus/StaticElasticJob.odb,Step-1,Increment      1: Step Time =    1.000,"PLATE-1",          1649,             1,   178.918E-03,   539.036E-03,            0.,"ASSEMBLY_PLATE-1__PICKEDSET2","ROCK","",      -1.00339,      -1.51248,      -1.45617,      -1.05970,   159.676E-03
F:/Desktop/DeepOnet_Abaqus/StaticElasticJob.odb,Step-1,Increment      1: Step Time =    1.000,"PLATE-1",          1650,             1,   37.7645E-03,   440.761E-03,            0.,"ASSEMBLY_PLATE-1__PICKEDSET2","ROCK","",      -1.00878,      -1.68536,      -1.65354,      -1.04060,   143.249E-03
F:/Desktop/DeepOnet_Abaqus/StaticElasticJob.odb,Step-1,Increment      1: Step Time =    1.000,"PLATE-1",          1651,             1,  -203.928E-03,  -456.488E-03,            0.,"ASSEMBLY_PLATE-1__PICKEDSET2","ROCK","",  -897.764E-03,      -1.78472,      -1.75327,  -929.223E-03,   164.052E-03
F:/Desktop/DeepOnet_Abaqus/StaticElasticJob.odb,Step-1,Increment      1: Step Time =    1.000,"PLATE-1",          1652,             1,  -544.973E-03,   291.311E-03,            0.,"ASSEMBLY_PLATE-1__PICKEDSET2","ROCK","",  -983.515E-03,      -1.40862,      -1.35343,      -1.03871,  -142.885E-03
F:/Desktop/DeepOnet_Abaqus/StaticElasticJob.odb,Step-1,Increment      1: Step Time =    1.000,"PLATE-1",          1653,             1,  -399.150E-03,  -412.345E-03,            0.,"ASSEMBLY_PLATE-1__PICKEDSET2","ROCK","",  -927.174E-03,      -1.67005,      -1.62867,  -968.549E-03,   170.367E-03
F:/Desktop/DeepOnet_Abaqus/StaticElasticJob.odb,Step-1,Increment      1: Step Time =    1.000,"PLATE-1",          1654,             1,   154.692E-03,   490.393E-03,            0.,"ASSEMBLY_PLATE-1__PICKEDSET2","ROCK","",  -984.409E-03,      -1.57770,      -1.52131,      -1.04080,   173.995E-03
F:/Desktop/DeepOnet_Abaqus/StaticElasticJob.odb,Step-1,Increment      1: Step Time =    1.000,"PLATE-1",          1655,             1,  -534.176E-03,  -328.289E-03,            0.,"ASSEMBLY_PLATE-1__PICKEDSET2","ROCK","",  -944.348E-03,      -1.57849,      -1.51927,      -1.00356,   184.509E-03
F:/Desktop/DeepOnet_Abaqus/StaticElasticJob.odb,Step-1,Increment      1: Step Time =    1.000,"PLATE-1",          1656,             1,  -434.044E-03,  -293.099E-03,            0.,"ASSEMBLY_PLATE-1__PICKEDSET2","ROCK","",  -908.713E-03,      -1.63609,      -1.54341,      -1.00140,   242.546E-03
F:/Desktop/DeepOnet_Abaqus/StaticElasticJob.odb,Step-1,Increment      1: Step Time =    1.000,"PLATE-1",          1657,             1,  -496.883E-03,  -262.924E-03,            0.,"ASSEMBLY_PLATE-1__PICKEDSET2","ROCK","",  -932.861E-03,      -1.56667,      -1.47181,      -1.02772,   226.105E-03
F:/Desktop/DeepOnet_Abaqus/StaticElasticJob.odb,Step-1,Increment      1: Step Time =    1.000,"PLATE-1",          1658,             1,  -507.783E-03,  -216.720E-03,            0.,"ASSEMBLY_PLATE-1__PICKEDSET2","ROCK","",  -943.251E-03,      -1.52266,      -1.40978,      -1.05612,   229.476E-03
F:/Desktop/DeepOnet_Abaqus/StaticElasticJob.odb,Step-1,Increment      1: Step Time =    1.000,"PLATE-1",          1659,             1,  -587.414E-03,   70.6381E-03,            0.,"ASSEMBLY_PLATE-1__PICKEDSET2","ROCK","",      -1.14190,      -1.22088,      -1.22039,      -1.14239,  -6.24781E-03
F:/Desktop/DeepOnet_Abaqus/StaticElasticJob.odb,Step-1,Increment      1: Step Time =    1.000,"PLATE-1",          1660,             1,  -241.030E-03,  -442.674E-03,            0.,"ASSEMBLY_PLATE-1__PICKEDSET2","ROCK","",  -910.217E-03,      -1.76413,      -1.72845,  -945.899E-03,   170.869E-03
F:/Desktop/DeepOnet_Abaqus/StaticElasticJob.odb,Step-1,Increment      1: Step Time =    1.000,"PLATE-1",          1661,             1,   222.843E-03,   564.299E-03,            0.,"ASSEMBLY_PLATE-1__PICKEDSET2","ROCK","",  -987.086E-03,      -1.47740,      -1.40253,      -1.06196,   176.369E-03
F:/Desktop/DeepOnet_Abaqus/StaticElasticJob.odb,Step-1,Increment      1: Step Time =    1.000,"PLATE-1",          1662,             1,  -272.886E-03,  -413.712E-03,            0.,"ASSEMBLY_PLATE-1__PICKEDSET2","ROCK","",  -915.259E-03,      -1.75258,      -1.70947,  -958.374E-03,   185.047E-03
F:/Desktop/DeepOnet_Abaqus/StaticElasticJob.odb,Step-1,Increment      1: Step Time =    1.000,"PLATE-1",          1663,             1,  -427.676E-03,   337.960E-03,            0.,"ASSEMBLY_PLATE-1__PICKEDSET2","ROCK","",  -905.681E-03,      -1.48763,      -1.42499,  -968.324E-03,  -180.365E-03
F:/Desktop/DeepOnet_Abaqus/StaticElasticJob.odb,Step-1,Increment      1: Step Time =    1.000,"PLATE-1",          1664,             1,  -181.756E-03,   444.269E-03,            0.,"ASSEMBLY_PLATE-1__PICKEDSET2","ROCK","",  -916.299E-03,      -1.64950,      -1.64941,  -916.388E-03,  -8.03869E-03
F:/Desktop/DeepOnet_Abaqus/StaticElasticJob.odb,Step-1,Increment      1: Step Time =    1.000,"PLATE-1",          1665,             1,   577.130E-03,   385.010E-03,            0.,"ASSEMBLY_PLATE-1__PICKEDSET2","ROCK","",  -539.362E-03,      -1.69366,      -1.50068,  -732.333E-03,   430.706E-03
F:/Desktop/DeepOnet_Abaqus/StaticElasticJob.odb,Step-1,Increment      1: Step Time =    1.000,"PLATE-1",          1666,             1,  -56.8588E-03,  -505.374E-03,            0.,"ASSEMBLY_PLATE-1__PICKEDSET2","ROCK","",  -855.578E-03,      -1.80999,      -1.80063,  -864.939E-03,   94.0591E-03
F:/Desktop/DeepOnet_Abaqus/StaticElasticJob.odb,Step-1,Increment      1: Step Time =    1.000,"PLATE-1",          1667,             1,   27.8667E-03,  -450.160E-03,            0.,"ASSEMBLY_PLATE-1__PICKEDSET2","ROCK","",  -787.532E-03,      -1.88067,      -1.87978,  -788.419E-03,   31.1175E-03
F:/Desktop/DeepOnet_Abaqus/StaticElasticJob.odb,Step-1,Increment      1: Step Time =    1.000,"PLATE-1",          1668,             1,   551.744E-03,  -9.76418E-03,            0.,"ASSEMBLY_PLATE-1__PICKEDSET2","ROCK","",  -968.016E-03,      -1.35658,      -1.33628,  -988.317E-03,   86.4651E-03
F:/Desktop/DeepOnet_Abaqus/StaticElasticJob.odb,Step-1,Increment      1: Step Time =    1.000,"PLATE-1",          1669,             1,   556.084E-03,   95.7405E-03,            0.,"ASSEMBLY_PLATE-1__PICKEDSET2","ROCK","",  -836.393E-03,      -1.48212,      -1.38853,  -929.989E-03,   227.327E-03
F:/Desktop/DeepOnet_Abaqus/StaticElasticJob.odb,Step-1,Increment      1: Step Time =    1.000,"PLATE-1",          1670,             1,  -648.739E-03,   69.5486E-03,            0.,"ASSEMBLY_PLATE-1__PICKEDSET2","ROCK","",      -1.12194,      -1.27565,      -1.27552,      -1.12207,   4.37739E-03
F:/Desktop/DeepOnet_Abaqus/StaticElasticJob.odb,Step-1,Increment      1: Step Time =    1.000,"PLATE-1",          1671,             1,  -582.328E-03,  -131.437E-03,            0.,"ASSEMBLY_PLATE-1__PICKEDSET2","ROCK","",      -1.01679,      -1.40808,      -1.32135,      -1.10352,   162.526E-03
F:/Desktop/DeepOnet_Abaqus/StaticElasticJob.odb,Step-1,Increment      1: Step Time =    1.000,"PLATE-1",          1672,             1,  -278.947E-03,   444.743E-03,            0.,"ASSEMBLY_PLATE-1__PICKEDSET2","ROCK","",  -898.665E-03,      -1.60084,      -1.59196,  -907.541E-03,  -78.4459E-03
F:/Desktop/DeepOnet_Abaqus/StaticElasticJob.odb,Step-1,Increment      1: Step Time =    1.000,"PLATE-1",          1673,             1,  -143.415E-03,   453.825E-03,            0.,"ASSEMBLY_PLATE-1__PICKEDSET2","ROCK","",  -939.894E-03,      -1.65887,      -1.65752,  -941.242E-03,   31.1067E-03
F:/Desktop/DeepOnet_Abaqus/StaticElasticJob.odb,Step-1,Increment      1: Step Time =    1.000,"PLATE-1",          1674,             1,  -458.116E-03,  -390.807E-03,            0.,"ASSEMBLY_PLATE-1__PICKEDSET2","ROCK","",  -929.026E-03,      -1.63992,      -1.59374,  -975.211E-03,   175.213E-03
F:/Desktop/DeepOnet_Abaqus/StaticElasticJob.odb,Step-1,Increment      1: Step Time =    1.000,"PLATE-1",          1675,             1,   413.071E-03,  -319.059E-03,            0.,"ASSEMBLY_PLATE-1__PICKEDSET2","ROCK","",  -830.491E-03,      -1.63908,      -1.59445,  -875.118E-03,  -184.645E-03
F:/Desktop/DeepOnet_Abaqus/StaticElasticJob.odb,Step-1,Increment      1: Step Time =    1.000,"PLATE-1",          1676,             1,   520.231E-03,   290.151E-03,            0.,"ASSEMBLY_PLATE-1__PICKEDSET2","ROCK","",  -609.943E-03,      -1.68246,      -1.49859,  -793.816E-03,   404.225E-03
F:/Desktop/DeepOnet_Abaqus/StaticElasticJob.odb,Step-1,Increment      1: Step Time =    1.000,"PLATE-1",          1677,             1,  -482.728E-03,   345.334E-03,            0.,"ASSEMBLY_PLATE-1__PICKEDSET2","ROCK","",  -939.087E-03,      -1.46720,      -1.41463,  -991.651E-03,  -158.103E-03
F:/Desktop/DeepOnet_Abaqus/StaticElasticJob.odb,Step-1,Increment      1: Step Time =    1.000,"PLATE-1",          1678,             1,   303.286E-03,   511.611E-03,            0.,"ASSEMBLY_PLATE-1__PICKEDSET2","ROCK","",  -860.224E-03,      -1.55274,      -1.42527,  -987.699E-03,   268.381E-03
F:/Desktop/DeepOnet_Abaqus/StaticElasticJob.odb,Step-1,Increment      1: Step Time =    1.000,"PLATE-1",          1679,             1,   470.679E-03,   332.271E-03,            0.,"ASSEMBLY_PLATE-1__PICKEDSET2","ROCK","",  -609.227E-03,      -1.69853,      -1.49386,  -813.900E-03,   425.512E-03
F:/Desktop/DeepOnet_Abaqus/StaticElasticJob.odb,Step-1,Increment      1: Step Time =    1.000,"PLATE-1",          1680,             1,       1.31464,   618.593E-03,            0.,"ASSEMBLY_PLATE-1__PICKEDSET2","ROCK","",  -488.531E-03,      -2.16850,  -806.509E-03,      -1.85052,  -658.090E-03
F:/Desktop/DeepOnet_Abaqus/StaticElasticJob.odb,Step-1,Increment      1: Step Time =    1.000,"PLATE-1",          1681,             1,       1.37487,   583.875E-03,            0.,"ASSEMBLY_PLATE-1__PICKEDSET2","ROCK","",  -841.315E-03,      -2.14463,      -1.67013,      -1.31582,  -627.117E-03
F:/Desktop/DeepOnet_Abaqus/StaticElasticJob.odb,Step-1,Increment      1: Step Time =    1.000,"PLATE-1",          1682,             1,   273.801E-03,  -468.779E-03,            0.,"ASSEMBLY_PLATE-1__PICKEDSET2","ROCK","",  -826.947E-03,      -1.74703,      -1.73761,  -836.373E-03,  -92.6484E-03
F:/Desktop/DeepOnet_Abaqus/StaticElasticJob.odb,Step-1,Increment      1: Step Time =    1.000,"PLATE-1",          1683,             1,  -169.661E-03,  -501.180E-03,            0.,"ASSEMBLY_PLATE-1__PICKEDSET2","ROCK","",  -897.474E-03,      -1.77176,      -1.75146,  -917.773E-03,   131.660E-03
F:/Desktop/DeepOnet_Abaqus/StaticElasticJob.odb,Step-1,Increment      1: Step Time =    1.000,"PLATE-1",          1684,             1,  -170.504E-03,  -462.899E-03,            0.,"ASSEMBLY_PLATE-1__PICKEDSET2","ROCK","",  -884.702E-03,      -1.80359,      -1.77378,  -914.507E-03,   162.786E-03
F:/Desktop/DeepOnet_Abaqus/StaticElasticJob.odb,Step-1,Increment      1: Step Time =    1.000,"PLATE-1",          1685,             1,  -5.10821E-03,  -501.150E-03,            0.,"ASSEMBLY_PLATE-1__PICKEDSET2","ROCK","",  -835.392E-03,      -1.82380,      -1.81992,  -839.270E-03,   61.7903E-03
F:/Desktop/DeepOnet_Abaqus/StaticElasticJob.odb,Step-1,Increment      1: Step Time =    1.000,"PLATE-1",          1686,             1,   166.823E-03,  -467.123E-03,            0.,"ASSEMBLY_PLATE-1__PICKEDSET2","ROCK","",  -811.187E-03,      -1.80544,      -1.80198,  -814.638E-03,  -58.4783E-03
F:/Desktop/DeepOnet_Abaqus/StaticElasticJob.odb,Step-1,Increment      1: Step Time =    1.000,"PLATE-1",          1687,             1,   528.060E-03,  -45.3115E-03,            0.,"ASSEMBLY_PLATE-1__PICKEDSET2","ROCK","",      -1.01040,      -1.30288,      -1.29948,      -1.01380,   31.3589E-03
F:/Desktop/DeepOnet_Abaqus/StaticElasticJob.odb,Step-1,Increment      1: Step Time =    1.000,"PLATE-1",          1688,             1,  -37.8796E-03,   572.218E-03,            0.,"ASSEMBLY_PLATE-1__PICKEDSET2","ROCK","",      -1.05245,      -1.53498,      -1.52457,      -1.06286,   70.1026E-03
F:/Desktop/DeepOnet_Abaqus/StaticElasticJob.odb,Step-1,Increment      1: Step Time =    1.000,"PLATE-1",          1689,             1,  -486.503E-03,   289.392E-03,            0.,"ASSEMBLY_PLATE-1__PICKEDSET2","ROCK","",  -943.943E-03,      -1.43023,      -1.35765,      -1.01652,  -173.281E-03
F:/Desktop/DeepOnet_Abaqus/StaticElasticJob.odb,Step-1,Increment      1: Step Time =    1.000,"PLATE-1",          1690,             1,  -234.551E-03,   430.473E-03,            0.,"ASSEMBLY_PLATE-1__PICKEDSET2","ROCK","",  -885.971E-03,      -1.63015,      -1.62446,  -891.670E-03,  -64.8707E-03
F:/Desktop/DeepOnet_Abaqus/StaticElasticJob.odb,Step-1,Increment      1: Step Time =    1.000,"PLATE-1",          1691,             1,   437.623E-03,  -297.609E-03,            0.,"ASSEMBLY_PLATE-1__PICKEDSET2","ROCK","",  -841.529E-03,      -1.60326,      -1.55217,  -892.620E-03,  -190.545E-03
F:/Desktop/DeepOnet_Abaqus/StaticElasticJob.odb,Step-1,Increment      1: Step Time =    1.000,"PLATE-1",          1692,             1,  -306.468E-03,   525.084E-03,            0.,"ASSEMBLY_PLATE-1__PICKEDSET2","ROCK","",  -944.041E-03,      -1.56638,      -1.56181,  -948.610E-03,  -53.1285E-03
F:/Desktop/DeepOnet_Abaqus/StaticElasticJob.odb,Step-1,Increment      1: Step Time =    1.000,"PLATE-1",          1693,             1,   51.2051E-03,   534.770E-03,            0.,"ASSEMBLY_PLATE-1__PICKEDSET2","ROCK","",      -1.04758,      -1.54339,      -1.51767,      -1.07330,   109.962E-03
F:/Desktop/DeepOnet_Abaqus/StaticElasticJob.odb,Step-1,Increment      1: Step Time =    1.000,"PLATE-1",          1694,             1,   466.655E-03,  -268.726E-03,            0.,"ASSEMBLY_PLATE-1__PICKEDSET2","ROCK","",  -865.566E-03,      -1.56130,      -1.51109,  -915.775E-03,  -180.032E-03
F:/Desktop/DeepOnet_Abaqus/StaticElasticJob.odb,Step-1,Increment      1: Step Time =    1.000,"PLATE-1",          1695,             1,  -589.899E-03,  -28.9574E-03,            0.,"ASSEMBLY_PLATE-1__PICKEDSET2","ROCK","",      -1.09293,      -1.28691,      -1.23382,      -1.14601,   86.4838E-03
F:/Desktop/DeepOnet_Abaqus/StaticElasticJob.odb,Step-1,Increment      1: Step Time =    1.000,"PLATE-1",          1696,             1,  -420.905E-03,  -380.901E-03,            0.,"ASSEMBLY_PLATE-1__PICKEDSET2","ROCK","",  -923.892E-03,      -1.66102,      -1.61075,  -974.159E-03,   185.812E-03
F:/Desktop/DeepOnet_Abaqus/StaticElasticJob.odb,Step-1,Increment      1: Step Time =    1.000,"PLATE-1",          1697,             1,  -639.564E-03,  -193.704E-03,            0.,"ASSEMBLY_PLATE-1__PICKEDSET2","ROCK","",      -1.00571,      -1.45719,      -1.39687,      -1.06602,   153.598E-03
F:/Desktop/DeepOnet_Abaqus/StaticElasticJob.odb,Step-1,Increment      1: Step Time =    1.000,"PLATE-1",          1698,             1,  -553.463E-03,  -284.258E-03,            0.,"ASSEMBLY_PLATE-1__PICKEDSET2","ROCK","",  -953.292E-03,      -1.54496,      -1.47540,      -1.02285,   190.570E-03
F:/Desktop/DeepOnet_Abaqus/StaticElasticJob.odb,Step-1,Increment      1: Step Time =    1.000,"PLATE-1",          1699,             1,   332.412E-03,  -415.586E-03,            0.,"ASSEMBLY_PLATE-1__PICKEDSET2","ROCK","",  -820.657E-03,      -1.71930,      -1.69857,  -841.389E-03,  -134.912E-03
F:/Desktop/DeepOnet_Abaqus/StaticElasticJob.odb,Step-1,Increment      1: Step Time =    1.000,"PLATE-1",          1700,             1,   559.545E-03,   221.800E-03,            0.,"ASSEMBLY_PLATE-1__PICKEDSET2","ROCK","",  -679.821E-03,      -1.62539,      -1.48958,  -815.631E-03,   331.623E-03
F:/Desktop/DeepOnet_Abaqus/StaticElasticJob.odb,Step-1,Increment      1: Step Time =    1.000,"PLATE-1",          1701,             1,  -371.747E-03,   379.619E-03,            0.,"ASSEMBLY_PLATE-1__PICKEDSET2","ROCK","",  -882.211E-03,      -1.54587,      -1.50515,  -922.931E-03,  -159.269E-03
F:/Desktop/DeepOnet_Abaqus/StaticElasticJob.odb,Step-1,Increment      1: Step Time =    1.000,"PLATE-1",          1702,             1,  -356.113E-03,   422.227E-03,            0.,"ASSEMBLY_PLATE-1__PICKEDSET2","ROCK","",  -895.565E-03,      -1.56136,      -1.53634,  -920.587E-03,  -126.624E-03
F:/Desktop/DeepOnet_Abaqus/StaticElasticJob.odb,Step-1,Increment      1: Step Time =    1.000,"PLATE-1",          1703,             1,   353.713E-03,   539.845E-03,            0.,"ASSEMBLY_PLATE-1__PICKEDSET2","ROCK","",  -797.716E-03,      -1.51746,      -1.34668,  -968.490E-03,   306.185E-03
F:/Desktop/DeepOnet_Abaqus/StaticElasticJob.odb,Step-1,Increment      1: Step Time =    1.000,"PLATE-1",          1704,             1,   549.959E-03,  -211.165E-03,            0.,"ASSEMBLY_PLATE-1__PICKEDSET2","ROCK","",  -922.732E-03,      -1.49141,      -1.46132,  -952.827E-03,  -127.313E-03
F:/Desktop/DeepOnet_Abaqus/StaticElasticJob.odb,Step-1,Increment      1: Step Time =    1.000,"PLATE-1",          1705,             1,  -552.714E-03,  -395.417E-03,            0.,"ASSEMBLY_PLATE-1__PICKEDSET2","ROCK","",  -949.565E-03,      -1.59010,      -1.55091,  -988.763E-03,   153.530E-03
F:/Desktop/DeepOnet_Abaqus/StaticElasticJob.odb,Step-1,Increment      1: Step Time =    1.000,"PLATE-1",          1706,             1,  -582.606E-03,  -359.011E-03,            0.,"ASSEMBLY_PLATE-1__PICKEDSET2","ROCK","",  -954.748E-03,      -1.56717,      -1.52167,      -1.00025,   160.617E-03
F:/Desktop/DeepOnet_Abaqus/StaticElasticJob.odb,Step-1,Increment      1: Step Time =    1.000,"PLATE-1",          1707,             1,   555.993E-03,   338.369E-03,            0.,"ASSEMBLY_PLATE-1__PICKEDSET2","ROCK","",  -580.245E-03,      -1.70867,      -1.53313,  -755.785E-03,   408.986E-03
F:/Desktop/DeepOnet_Abaqus/StaticElasticJob.odb,Step-1,Increment      1: Step Time =    1.000,"PLATE-1",          1708,             1,   617.669E-03,   11.8655E-03,            0.,"ASSEMBLY_PLATE-1__PICKEDSET2","ROCK","",  -930.106E-03,      -1.43880,      -1.42280,  -946.105E-03,   88.7844E-03
F:/Desktop/DeepOnet_Abaqus/StaticElasticJob.odb,Step-1,Increment      1: Step Time =    1.000,"PLATE-1",          1709,             1,  -1.21951E-03,   528.994E-03,            0.,"ASSEMBLY_PLATE-1__PICKEDSET2","ROCK","",      -1.04706,      -1.56129,      -1.54317,      -1.06518,   94.8301E-03
F:/Desktop/DeepOnet_Abaqus/StaticElasticJob.odb,Step-1,Increment      1: Step Time =    1.000,"PLATE-1",          1710,             1,   616.622E-03,   180.561E-03,            0.,"ASSEMBLY_PLATE-1__PICKEDSET2","ROCK","",  -735.003E-03,      -1.60078,      -1.51074,  -825.046E-03,   264.291E-03
F:/Desktop/DeepOnet_Abaqus/StaticElasticJob.odb,Step-1,Increment      1: Step Time =    1.000,"PLATE-1",          1711,             1,   367.070E-03,  -386.978E-03,            0.,"ASSEMBLY_PLATE-1__PICKEDSET2","ROCK","",  -820.574E-03,      -1.69509,      -1.66686,  -848.801E-03,  -154.558E-03
F:/Desktop/DeepOnet_Abaqus/StaticElasticJob.odb,Step-1,Increment      1: Step Time =    1.000,"PLATE-1",          1712,             1,  -651.789E-03,   156.726E-03,            0.,"ASSEMBLY_PLATE-1__PICKEDSET2","ROCK","",      -1.09298,      -1.30499,      -1.29162,      -1.10635,  -51.5373E-03
F:/Desktop/DeepOnet_Abaqus/StaticElasticJob.odb,Step-1,Increment      1: Step Time =    1.000,"PLATE-1",          1713,             1,  -478.092E-03,   404.903E-03,            0.,"ASSEMBLY_PLATE-1__PICKEDSET2","ROCK","",  -938.241E-03,      -1.49501,      -1.45777,  -975.489E-03,  -139.109E-03
F:/Desktop/DeepOnet_Abaqus/StaticElasticJob.odb,Step-1,Increment      1: Step Time =    1.000,"PLATE-1",          1714,             1,  -535.897E-03,   409.909E-03,            0.,"ASSEMBLY_PLATE-1__PICKEDSET2","ROCK","",  -960.449E-03,      -1.47798,      -1.44392,  -994.505E-03,  -128.317E-03
F:/Desktop/DeepOnet_Abaqus/StaticElasticJob.odb,Step-1,Increment      1: Step Time =    1.000,"PLATE-1",          1715,             1,  -312.931E-03,  -441.475E-03,            0.,"ASSEMBLY_PLATE-1__PICKEDSET2","ROCK","",  -925.915E-03,      -1.71361,      -1.67936,  -960.168E-03,   160.646E-03
F:/Desktop/DeepOnet_Abaqus/StaticElasticJob.odb,Step-1,Increment      1: Step Time =    1.000,"PLATE-1",          1716,             1,  -304.863E-03,  -501.455E-03,            0.,"ASSEMBLY_PLATE-1__PICKEDSET2","ROCK","",  -928.925E-03,      -1.70434,      -1.68031,  -952.964E-03,   134.396E-03
F:/Desktop/DeepOnet_Abaqus/StaticElasticJob.odb,Step-1,Increment      1: Step Time =    1.000,"PLATE-1",          1717,             1,   83.1075E-03,   649.240E-03,            0.,"ASSEMBLY_PLATE-1__PICKEDSET2","ROCK","",      -1.09339,      -1.43038,      -1.41782,      -1.10594,   63.8219E-03
F:/Desktop/DeepOnet_Abaqus/StaticElasticJob.odb,Step-1,Increment      1: Step Time =    1.000,"PLATE-1",          1718,             1,  -193.318E-03,  -582.833E-03,            0.,"ASSEMBLY_PLATE-1__PICKEDSET2","ROCK","",  -923.594E-03,      -1.71351,      -1.70139,  -935.720E-03,   97.1185E-03
F:/Desktop/DeepOnet_Abaqus/StaticElasticJob.odb,Step-1,Increment      1: Step Time =    1.000,"PLATE-1",          1719,             1,  -611.151E-03,  -313.598E-03,            0.,"ASSEMBLY_PLATE-1__PICKEDSET2","ROCK","",  -966.763E-03,      -1.53950,      -1.48926,      -1.01700,   162.021E-03
F:/Desktop/DeepOnet_Abaqus/StaticElasticJob.odb,Step-1,Increment      1: Step Time =    1.000,"PLATE-1",          1720,             1,   602.173E-03,  -226.799E-03,            0.,"ASSEMBLY_PLATE-1__PICKEDSET2","ROCK","",  -924.650E-03,      -1.51264,      -1.48807,  -949.216E-03,  -117.650E-03
F:/Desktop/DeepOnet_Abaqus/StaticElasticJob.odb,Step-1,Increment      1: Step Time =    1.000,"PLATE-1",          1721,             1,  -610.336E-03,   218.212E-03,            0.,"ASSEMBLY_PLATE-1__PICKEDSET2","ROCK","",      -1.04880,      -1.34281,      -1.30705,      -1.08456,  -96.0921E-03
F:/Desktop/DeepOnet_Abaqus/StaticElasticJob.odb,Step-1,Increment      1: Step Time =    1.000,"PLATE-1",          1722,             1,   145.656E-03,   629.561E-03,            0.,"ASSEMBLY_PLATE-1__PICKEDSET2","ROCK","",      -1.08121,      -1.42299,      -1.39261,      -1.11158,   97.2628E-03
F:/Desktop/DeepOnet_Abaqus/StaticElasticJob.odb,Step-1,Increment      1: Step Time =    1.000,"PLATE-1",          1723,             1,  -492.733E-03,  -404.317E-03,            0.,"ASSEMBLY_PLATE-1__PICKEDSET2","ROCK","",  -938.298E-03,      -1.61977,      -1.57916,  -978.904E-03,   161.316E-03
F:/Desktop/DeepOnet_Abaqus/StaticElasticJob.odb,Step-1,Increment      1: Step Time =    1.000,"PLATE-1",          1724,             1,  -464.320E-03,  -431.688E-03,            0.,"ASSEMBLY_PLATE-1__PICKEDSET2","ROCK","",  -933.447E-03,      -1.64190,      -1.60628,  -969.073E-03,   154.824E-03
F:/Desktop/DeepOnet_Abaqus/StaticElasticJob.odb,Step-1,Increment      1: Step Time =    1.000,"PLATE-1",          1725,             1,   594.194E-03,  -29.6334E-03,            0.,"ASSEMBLY_PLATE-1__PICKEDSET2","ROCK","",  -968.943E-03,      -1.39492,      -1.39088,  -972.981E-03,   41.2748E-03
F:/Desktop/DeepOnet_Abaqus/StaticElasticJob.odb,Step-1,Increment      1: Step Time =    1.000,"PLATE-1",          1726,             1,   281.788E-03,   574.694E-03,            0.,"ASSEMBLY_PLATE-1__PICKEDSET2","ROCK","",  -925.518E-03,      -1.46256,      -1.34988,      -1.03820,   218.674E-03
F:/Desktop/DeepOnet_Abaqus/StaticElasticJob.odb,Step-1,Increment      1: Step Time =    1.000,"PLATE-1",          1727,             1,   546.331E-03,  -287.250E-03,            0.,"ASSEMBLY_PLATE-1__PICKEDSET2","ROCK","",  -891.060E-03,      -1.56107,      -1.52839,  -923.742E-03,  -144.324E-03
F:/Desktop/DeepOnet_Abaqus/StaticElasticJob.odb,Step-1,Increment      1: Step Time =    1.000,"PLATE-1",          1728,             1,  -750.275E-03,   49.5346E-03,            0.,"ASSEMBLY_PLATE-1__PICKEDSET2","ROCK","",      -1.09903,      -1.33408,      -1.33209,      -1.10102,   21.5873E-03
F:/Desktop/DeepOnet_Abaqus/StaticElasticJob.odb,Step-1,Increment      1: Step Time =    1.000,"PLATE-1",          1729,             1,  -653.238E-03,   19.4379E-03,            0.,"ASSEMBLY_PLATE-1__PICKEDSET2","ROCK","",      -1.11652,      -1.28430,      -1.27361,      -1.12720,   40.9639E-03
F:/Desktop/DeepOnet_Abaqus/StaticElasticJob.odb,Step-1,Increment      1: Step Time =    1.000,"PLATE-1",          1730,             1,   620.423E-03,   62.7024E-03,            0.,"ASSEMBLY_PLATE-1__PICKEDSET2","ROCK","",  -883.179E-03,      -1.47958,      -1.44273,  -920.036E-03,   143.607E-03
F:/Desktop/DeepOnet_Abaqus/StaticElasticJob.odb,Step-1,Increment      1: Step Time =    1.000,"PLATE-1",          1731,             1,   258.546E-03,  -581.884E-03,            0.,"ASSEMBLY_PLATE-1__PICKEDSET2","ROCK","",  -858.351E-03,      -1.72406,      -1.72151,  -860.905E-03,  -46.9499E-03
F:/Desktop/DeepOnet_Abaqus/StaticElasticJob.odb,Step-1,Increment      1: Step Time =    1.000,"PLATE-1",          1732,             1,  -252.703E-03,  -493.309E-03,            0.,"ASSEMBLY_PLATE-1__PICKEDSET2","ROCK","",  -923.067E-03,      -1.72928,      -1.70395,  -948.400E-03,   140.651E-03
F:/Desktop/DeepOnet_Abaqus/StaticElasticJob.odb,Step-1,Increment      1: Step Time =    1.000,"PLATE-1",          1733,             1,  -71.4925E-03,   530.565E-03,            0.,"ASSEMBLY_PLATE-1__PICKEDSET2","ROCK","",      -1.02093,      -1.58148,      -1.57269,      -1.02972,   69.6451E-03
F:/Desktop/DeepOnet_Abaqus/StaticElasticJob.odb,Step-1,Increment      1: Step Time =    1.000,"PLATE-1",          1734,             1,   9.75901E-03,  -552.980E-03,            0.,"ASSEMBLY_PLATE-1__PICKEDSET2","ROCK","",  -860.641E-03,      -1.78147,      -1.77874,  -863.375E-03,   50.1019E-03
F:/Desktop/DeepOnet_Abaqus/StaticElasticJob.odb,Step-1,Increment      1: Step Time =    1.000,"PLATE-1",          1735,             1,  -111.962E-03,   552.504E-03,            0.,"ASSEMBLY_PLATE-1__PICKEDSET2","ROCK","",      -1.01609,      -1.56245,      -1.55869,      -1.01985,   45.1957E-03
F:/Desktop/DeepOnet_Abaqus/StaticElasticJob.odb,Step-1,Increment      1: Step Time =    1.000,"PLATE-1",          1736,             1,  -697.734E-03,   93.8948E-03,            0.,"ASSEMBLY_PLATE-1__PICKEDSET2","ROCK","",      -1.10954,      -1.30593,      -1.30573,      -1.10974,  -6.19024E-03
F:/Desktop/DeepOnet_Abaqus/StaticElasticJob.odb,Step-1,Increment      1: Step Time =    1.000,"PLATE-1",          1737,             1,  -701.036E-03,  -287.965E-03,            0.,"ASSEMBLY_PLATE-1__PICKEDSET2","ROCK","",  -993.198E-03,      -1.50166,      -1.46296,      -1.03190,   134.840E-03
F:/Desktop/DeepOnet_Abaqus/StaticElasticJob.odb,Step-1,Increment      1: Step Time =    1.000,"PLATE-1",          1738,             1,   436.281E-03,  -396.845E-03,            0.,"ASSEMBLY_PLATE-1__PICKEDSET2","ROCK","",  -842.894E-03,      -1.65990,      -1.63394,  -868.852E-03,  -143.296E-03
F:/Desktop/DeepOnet_Abaqus/StaticElasticJob.odb,Step-1,Increment      1: Step Time =    1.000,"PLATE-1",          1739,             1,   326.534E-03,   649.608E-03,            0.,"ASSEMBLY_PLATE-1__PICKEDSET2","ROCK","",  -932.328E-03,      -1.37862,      -1.22806,      -1.08288,   211.007E-03
F:/Desktop/DeepOnet_Abaqus/StaticElasticJob.odb,Step-1,Increment      1: Step Time =    1.000,"PLATE-1",          1740,             1,   398.037E-03,   609.128E-03,            0.,"ASSEMBLY_PLATE-1__PICKEDSET2","ROCK","",  -782.356E-03,      -1.44780,      -1.22851,      -1.00165,   312.790E-03
F:/Desktop/DeepOnet_Abaqus/StaticElasticJob.odb,Step-1,Increment      1: Step Time =    1.000,"PLATE-1",          1741,             1,   42.4067E-03,  -488.686E-03,            0.,"ASSEMBLY_PLATE-1__PICKEDSET2","ROCK","",  -820.211E-03,      -1.82961,      -1.82888,  -820.937E-03,   27.0675E-03
F:/Desktop/DeepOnet_Abaqus/StaticElasticJob.odb,Step-1,Increment      1: Step Time =    1.000,"PLATE-1",          1742,             1,   498.825E-03,  -303.521E-03,            0.,"ASSEMBLY_PLATE-1__PICKEDSET2","ROCK","",  -871.443E-03,      -1.58019,      -1.54243,  -909.204E-03,  -159.175E-03
F:/Desktop/DeepOnet_Abaqus/StaticElasticJob.odb,Step-1,Increment      1: Step Time =    1.000,"PLATE-1",          1743,             1,   571.055E-03,   435.891E-03,            0.,"ASSEMBLY_PLATE-1__PICKEDSET2","ROCK","",  -515.284E-03,      -1.68096,      -1.45636,  -739.893E-03,   459.753E-03
F:/Desktop/DeepOnet_Abaqus/StaticElasticJob.odb,Step-1,Increment      1: Step Time =    1.000,"PLATE-1",          1744,             1,   143.418E-03,  -568.481E-03,            0.,"ASSEMBLY_PLATE-1__PICKEDSET2","ROCK","",  -855.498E-03,      -1.75642,      -1.75632,  -855.600E-03,  -9.57517E-03
F:/Desktop/DeepOnet_Abaqus/StaticElasticJob.odb,Step-1,Increment      1: Step Time =    1.000,"PLATE-1",          1745,             1,   575.647E-03,   268.656E-03,            0.,"ASSEMBLY_PLATE-1__PICKEDSET2","ROCK","",  -639.754E-03,      -1.67668,      -1.53089,  -785.544E-03,   360.442E-03
F:/Desktop/DeepOnet_Abaqus/StaticElasticJob.odb,Step-1,Increment      1: Step Time =    1.000,"PLATE-1",          1746,             1,  -669.801E-03,  -355.506E-03,            0.,"ASSEMBLY_PLATE-1__PICKEDSET2","ROCK","",  -973.361E-03,      -1.53969,      -1.50355,      -1.00950,   138.431E-03
F:/Desktop/DeepOnet_Abaqus/StaticElasticJob.odb,Step-1,Increment      1: Step Time =    1.000,"PLATE-1",          1747,             1,  -524.800E-03,  -429.814E-03,            0.,"ASSEMBLY_PLATE-1__PICKEDSET2","ROCK","",  -940.794E-03,      -1.61419,      -1.57916,  -975.818E-03,   149.527E-03
F:/Desktop/DeepOnet_Abaqus/StaticElasticJob.odb,Step-1,Increment      1: Step Time =    1.000,"PLATE-1",          1748,             1,   533.088E-03,   135.474E-03,            0.,"ASSEMBLY_PLATE-1__PICKEDSET2","ROCK","",  -774.332E-03,      -1.53465,      -1.39997,  -909.010E-03,   290.276E-03
F:/Desktop/DeepOnet_Abaqus/StaticElasticJob.odb,Step-1,Increment      1: Step Time =    1.000,"PLATE-1",          1749,             1,  -713.517E-03,   5.69497E-03,            0.,"ASSEMBLY_PLATE-1__PICKEDSET2","ROCK","",      -1.10450,      -1.31764,      -1.30898,      -1.11316,   42.0781E-03
F:/Desktop/DeepOnet_Abaqus/StaticElasticJob.odb,Step-1,Increment      1: Step Time =    1.000,"PLATE-1",          1750,             1,  -188.897E-03,   514.563E-03,            0.,"ASSEMBLY_PLATE-1__PICKEDSET2","ROCK","",  -963.583E-03,      -1.59410,      -1.59396,  -963.729E-03,   9.58755E-03
F:/Desktop/DeepOnet_Abaqus/StaticElasticJob.odb,Step-1,Increment      1: Step Time =    1.000,"PLATE-1",          1751,             1,  -695.984E-03,  -180.877E-03,            0.,"ASSEMBLY_PLATE-1__PICKEDSET2","ROCK","",      -1.02247,      -1.44093,      -1.39741,      -1.06599,   127.738E-03
F:/Desktop/DeepOnet_Abaqus/StaticElasticJob.odb,Step-1,Increment      1: Step Time =    1.000,"PLATE-1",          1752,             1,   552.374E-03,  -381.790E-03,            0.,"ASSEMBLY_PLATE-1__PICKEDSET2","ROCK","",  -876.657E-03,      -1.61791,      -1.59233,  -902.241E-03,  -135.311E-03
F:/Desktop/DeepOnet_Abaqus/StaticElasticJob.odb,Step-1,Increment      1: Step Time =    1.000,"PLATE-1",          1753,             1,   208.117E-03,   688.521E-03,            0.,"ASSEMBLY_PLATE-1__PICKEDSET2","ROCK","",      -1.11265,      -1.33842,      -1.30739,      -1.14369,   77.7417E-03
F:/Desktop/DeepOnet_Abaqus/StaticElasticJob.odb,Step-1,Increment      1: Step Time =    1.000,"PLATE-1",          1754,             1,  -537.121E-03,   350.130E-03,            0.,"ASSEMBLY_PLATE-1__PICKEDSET2","ROCK","",  -965.178E-03,      -1.45103,      -1.40672,      -1.00949,  -139.883E-03
F:/Desktop/DeepOnet_Abaqus/StaticElasticJob.odb,Step-1,Increment      1: Step Time =    1.000,"PLATE-1",          1755,             1,       1.36774,   672.786E-03,            0.,"ASSEMBLY_PLATE-1__PICKEDSET2","ROCK","",  -670.518E-03,      -1.60234,  -822.376E-03,      -1.45049,  -344.157E-03
F:/Desktop/DeepOnet_Abaqus/StaticElasticJob.odb,Step-1,Increment      1: Step Time =    1.000,"PLATE-1",          1756,             1,   718.470E-03,       1.27926,            0.,"ASSEMBLY_PLATE-1__PICKEDSET2","ROCK","",      -1.23760,      -2.20339,      -2.13684,      -1.30414,  -244.624E-03
F:/Desktop/DeepOnet_Abaqus/StaticElasticJob.odb,Step-1,Increment      1: Step Time =    1.000,"PLATE-1",          1757,             1,   659.691E-03,       1.20225,            0.,"ASSEMBLY_PLATE-1__PICKEDSET2","ROCK","",      -1.45843,      -2.10168,      -2.06855,      -1.49156,  -142.176E-03
F:/Desktop/DeepOnet_Abaqus/StaticElasticJob.odb,Step-1,Increment      1: Step Time =    1.000,"PLATE-1",          1758,             1,   673.373E-03,   79.5843E-03,            0.,"ASSEMBLY_PLATE-1__PICKEDSET2","ROCK","",  -861.215E-03,      -1.53069,      -1.50504,  -886.866E-03,   128.508E-03
F:/Desktop/DeepOnet_Abaqus/StaticElasticJob.odb,Step-1,Increment      1: Step Time =    1.000,"PLATE-1",          1759,             1,   600.188E-03,   113.003E-03,            0.,"ASSEMBLY_PLATE-1__PICKEDSET2","ROCK","",  -814.411E-03,      -1.52907,      -1.45723,  -886.251E-03,   214.898E-03
F:/Desktop/DeepOnet_Abaqus/StaticElasticJob.odb,Step-1,Increment      1: Step Time =    1.000,"PLATE-1",          1760,             1,   344.523E-03,  -550.515E-03,            0.,"ASSEMBLY_PLATE-1__PICKEDSET2","ROCK","",  -859.421E-03,      -1.70198,      -1.69573,  -865.668E-03,  -72.2792E-03
F:/Desktop/DeepOnet_Abaqus/StaticElasticJob.odb,Step-1,Increment      1: Step Time =    1.000,"PLATE-1",          1761,             1,  -141.593E-03,  -541.621E-03,            0.,"ASSEMBLY_PLATE-1__PICKEDSET2","ROCK","",  -898.451E-03,      -1.75632,      -1.74239,  -912.382E-03,   108.432E-03
F:/Desktop/DeepOnet_Abaqus/StaticElasticJob.odb,Step-1,Increment      1: Step Time =    1.000,"PLATE-1",          1762,             1,  -5.78251E-03,   625.881E-03,            0.,"ASSEMBLY_PLATE-1__PICKEDSET2","ROCK","",      -1.07682,      -1.48174,      -1.47425,      -1.08432,   54.5661E-03
F:/Desktop/DeepOnet_Abaqus/StaticElasticJob.odb,Step-1,Increment      1: Step Time =    1.000,"PLATE-1",          1763,             1,   157.096E-03,  -629.789E-03,            0.,"ASSEMBLY_PLATE-1__PICKEDSET2","ROCK","",  -877.367E-03,      -1.72527,      -1.72525,  -877.385E-03,  -3.82274E-03
F:/Desktop/DeepOnet_Abaqus/StaticElasticJob.odb,Step-1,Increment      1: Step Time =    1.000,"PLATE-1",          1764,             1,  -149.157E-03,   501.449E-03,            0.,"ASSEMBLY_PLATE-1__PICKEDSET2","ROCK","",  -972.529E-03,      -1.61123,      -1.60938,  -974.379E-03,   34.3198E-03
F:/Desktop/DeepOnet_Abaqus/StaticElasticJob.odb,Step-1,Increment      1: Step Time =    1.000,"PLATE-1",          1765,             1,   658.264E-03,   209.705E-03,            0.,"ASSEMBLY_PLATE-1__PICKEDSET2","ROCK","",  -715.899E-03,      -1.64590,      -1.56924,  -792.566E-03,   255.778E-03
F:/Desktop/DeepOnet_Abaqus/StaticElasticJob.odb,Step-1,Increment      1: Step Time =    1.000,"PLATE-1",          1766,             1,   462.446E-03,  -372.383E-03,            0.,"ASSEMBLY_PLATE-1__PICKEDSET2","ROCK","",  -850.830E-03,      -1.63689,      -1.60666,  -881.061E-03,  -151.160E-03
F:/Desktop/DeepOnet_Abaqus/StaticElasticJob.odb,Step-1,Increment      1: Step Time =    1.000,"PLATE-1",          1767,             1,  -699.983E-03,   205.165E-03,            0.,"ASSEMBLY_PLATE-1__PICKEDSET2","ROCK","",      -1.07437,      -1.34546,      -1.33220,      -1.08763,  -58.4648E-03
F:/Desktop/DeepOnet_Abaqus/StaticElasticJob.odb,Step-1,Increment      1: Step Time =    1.000,"PLATE-1",          1768,             1,  -496.191E-03,  -463.953E-03,            0.,"ASSEMBLY_PLATE-1__PICKEDSET2","ROCK","",  -940.266E-03,      -1.63145,      -1.60247,  -969.242E-03,   138.519E-03
F:/Desktop/DeepOnet_Abaqus/StaticElasticJob.odb,Step-1,Increment      1: Step Time =    1.000,"PLATE-1",          1769,             1,   609.366E-03,  -400.231E-03,            0.,"ASSEMBLY_PLATE-1__PICKEDSET2","ROCK","",  -892.342E-03,      -1.61438,      -1.59195,  -914.772E-03,  -125.270E-03
F:/Desktop/DeepOnet_Abaqus/StaticElasticJob.odb,Step-1,Increment      1: Step Time =    1.000,"PLATE-1",          1770,             1,  -557.082E-03,  -457.364E-03,            0.,"ASSEMBLY_PLATE-1__PICKEDSET2","ROCK","",  -947.656E-03,      -1.60742,      -1.57898,  -976.090E-03,   133.984E-03
F:/Desktop/DeepOnet_Abaqus/StaticElasticJob.odb,Step-1,Increment      1: Step Time =    1.000,"PLATE-1",          1771,             1,   655.958E-03,  -218.433E-03,            0.,"ASSEMBLY_PLATE-1__PICKEDSET2","ROCK","",  -932.438E-03,      -1.52529,      -1.50735,  -950.376E-03,  -101.551E-03
F:/Desktop/DeepOnet_Abaqus/StaticElasticJob.odb,Step-1,Increment      1: Step Time =    1.000,"PLATE-1",          1772,             1,   338.611E-03,   592.961E-03,            0.,"ASSEMBLY_PLATE-1__PICKEDSET2","ROCK","",  -890.884E-03,      -1.45617,      -1.30671,      -1.04034,   249.294E-03
F:/Desktop/DeepOnet_Abaqus/StaticElasticJob.odb,Step-1,Increment      1: Step Time =    1.000,"PLATE-1",          1773,             1,   645.908E-03,   134.225E-03,            0.,"ASSEMBLY_PLATE-1__PICKEDSET2","ROCK","",  -801.371E-03,      -1.56540,      -1.50768,  -859.093E-03,   201.915E-03
F:/Desktop/DeepOnet_Abaqus/StaticElasticJob.odb,Step-1,Increment      1: Step Time =    1.000,"PLATE-1",          1774,             1,   692.818E-03,   163.791E-03,            0.,"ASSEMBLY_PLATE-1__PICKEDSET2","ROCK","",  -771.769E-03,      -1.61089,      -1.56610,  -816.556E-03,   188.617E-03
F:/Desktop/DeepOnet_Abaqus/StaticElasticJob.odb,Step-1,Increment      1: Step Time =    1.000,"PLATE-1",          1775,             1,   462.244E-03,   444.664E-03,            0.,"ASSEMBLY_PLATE-1__PICKEDSET2","ROCK","",  -629.151E-03,      -1.65148,      -1.43837,  -842.254E-03,   415.269E-03
F:/Desktop/DeepOnet_Abaqus/StaticElasticJob.odb,Step-1,Increment      1: Step Time =    1.000,"PLATE-1",          1776,             1,   604.801E-03,   316.207E-03,            0.,"ASSEMBLY_PLATE-1__PICKEDSET2","ROCK","",  -595.463E-03,      -1.68839,      -1.54030,  -743.553E-03,   374.060E-03
F:/Desktop/DeepOnet_Abaqus/StaticElasticJob.odb,Step-1,Increment      1: Step Time =    1.000,"PLATE-1",          1777,             1,   199.440E-03,   797.493E-03,            0.,"ASSEMBLY_PLATE-1__PICKEDSET2","ROCK","",      -1.17197,      -1.29064,      -1.28738,      -1.17523,  -19.4096E-03
F:/Desktop/DeepOnet_Abaqus/StaticElasticJob.odb,Step-1,Increment      1: Step Time =    1.000,"PLATE-1",          1778,             1,   205.758E-03,   745.437E-03,            0.,"ASSEMBLY_PLATE-1__PICKEDSET2","ROCK","",      -1.14203,      -1.29499,      -1.28993,      -1.14709,   27.3525E-03
F:/Desktop/DeepOnet_Abaqus/StaticElasticJob.odb,Step-1,Increment      1: Step Time =    1.000,"PLATE-1",          1779,             1,   189.935E-03,  -666.328E-03,            0.,"ASSEMBLY_PLATE-1__PICKEDSET2","ROCK","",  -885.787E-03,      -1.70998,      -1.70992,  -885.841E-03,  -6.62498E-03
F:/Desktop/DeepOnet_Abaqus/StaticElasticJob.odb,Step-1,Increment      1: Step Time =    1.000,"PLATE-1",          1780,             1,   499.951E-03,   504.710E-03,            0.,"ASSEMBLY_PLATE-1__PICKEDSET2","ROCK","",  -593.694E-03,      -1.59457,      -1.35657,  -831.694E-03,   426.105E-03
F:/Desktop/DeepOnet_Abaqus/StaticElasticJob.odb,Step-1,Increment      1: Step Time =    1.000,"PLATE-1",          1781,             1,   663.955E-03,  -98.9289E-03,            0.,"ASSEMBLY_PLATE-1__PICKEDSET2","ROCK","",  -955.464E-03,      -1.47163,      -1.46956,  -957.536E-03,  -32.6334E-03
F:/Desktop/DeepOnet_Abaqus/StaticElasticJob.odb,Step-1,Increment      1: Step Time =    1.000,"PLATE-1",          1782,             1,   643.581E-03,  -174.573E-03,            0.,"ASSEMBLY_PLATE-1__PICKEDSET2","ROCK","",  -947.106E-03,      -1.48709,      -1.47412,  -960.081E-03,  -82.6932E-03
F:/Desktop/DeepOnet_Abaqus/StaticElasticJob.odb,Step-1,Increment      1: Step Time =    1.000,"PLATE-1",          1783,             1,   58.6516E-03,   724.816E-03,            0.,"ASSEMBLY_PLATE-1__PICKEDSET2","ROCK","",      -1.11585,      -1.39900,      -1.39834,      -1.11651,   13.6210E-03
F:/Desktop/DeepOnet_Abaqus/StaticElasticJob.odb,Step-1,Increment      1: Step Time =    1.000,"PLATE-1",          1784,             1,   713.520E-03,  -68.3238E-03,            0.,"ASSEMBLY_PLATE-1__PICKEDSET2","ROCK","",  -943.328E-03,      -1.50762,      -1.50690,  -944.047E-03,  -20.1252E-03
F:/Desktop/DeepOnet_Abaqus/StaticElasticJob.odb,Step-1,Increment      1: Step Time =    1.000,"PLATE-1",          1785,             1,  -358.909E-03,   551.522E-03,            0.,"ASSEMBLY_PLATE-1__PICKEDSET2","ROCK","",  -952.831E-03,      -1.54832,      -1.54116,  -959.987E-03,  -64.8861E-03
F:/Desktop/DeepOnet_Abaqus/StaticElasticJob.odb,Step-1,Increment      1: Step Time =    1.000,"PLATE-1",          1786,             1,  -95.5594E-03,   601.611E-03,            0.,"ASSEMBLY_PLATE-1__PICKEDSET2","ROCK","",      -1.04147,      -1.52308,      -1.51973,      -1.04482,   40.0553E-03
F:/Desktop/DeepOnet_Abaqus/StaticElasticJob.odb,Step-1,Increment      1: Step Time =    1.000,"PLATE-1",          1787,             1,  -102.822E-03,  -591.237E-03,            0.,"ASSEMBLY_PLATE-1__PICKEDSET2","ROCK","",  -902.800E-03,      -1.73771,      -1.72976,  -910.751E-03,   81.0890E-03
F:/Desktop/DeepOnet_Abaqus/StaticElasticJob.odb,Step-1,Increment      1: Step Time =    1.000,"PLATE-1",          1788,             1,   30.2428E-03,  -607.425E-03,            0.,"ASSEMBLY_PLATE-1__PICKEDSET2","ROCK","",  -880.503E-03,      -1.74708,      -1.74533,  -882.255E-03,   38.9262E-03
F:/Desktop/DeepOnet_Abaqus/StaticElasticJob.odb,Step-1,Increment      1: Step Time =    1.000,"PLATE-1",          1789,             1,  -288.502E-03,  -563.886E-03,            0.,"ASSEMBLY_PLATE-1__PICKEDSET2","ROCK","",  -934.601E-03,      -1.69157,      -1.67650,  -949.666E-03,   105.720E-03
F:/Desktop/DeepOnet_Abaqus/StaticElasticJob.odb,Step-1,Increment      1: Step Time =    1.000,"PLATE-1",          1790,             1,  -190.801E-03,   591.417E-03,            0.,"ASSEMBLY_PLATE-1__PICKEDSET2","ROCK","",      -1.00527,      -1.54575,      -1.54555,      -1.00546,   10.1799E-03
F:/Desktop/DeepOnet_Abaqus/StaticElasticJob.odb,Step-1,Increment      1: Step Time =    1.000,"PLATE-1",          1791,             1,   708.144E-03,  -203.955E-03,            0.,"ASSEMBLY_PLATE-1__PICKEDSET2","ROCK","",  -940.795E-03,      -1.53666,      -1.52209,  -955.366E-03,  -92.0330E-03
F:/Desktop/DeepOnet_Abaqus/StaticElasticJob.odb,Step-1,Increment      1: Step Time =    1.000,"PLATE-1",          1792,             1,  -594.110E-03,   406.514E-03,            0.,"ASSEMBLY_PLATE-1__PICKEDSET2","ROCK","",  -981.786E-03,      -1.46068,      -1.43029,      -1.01217,  -116.741E-03
F:/Desktop/DeepOnet_Abaqus/StaticElasticJob.odb,Step-1,Increment      1: Step Time =    1.000,"PLATE-1",          1793,             1,   509.148E-03,  -490.302E-03,            0.,"ASSEMBLY_PLATE-1__PICKEDSET2","ROCK","",  -871.860E-03,      -1.65691,      -1.64119,  -887.582E-03,  -109.981E-03
F:/Desktop/DeepOnet_Abaqus/StaticElasticJob.odb,Step-1,Increment      1: Step Time =    1.000,"PLATE-1",          1794,             1,  -653.974E-03,   394.578E-03,            0.,"ASSEMBLY_PLATE-1__PICKEDSET2","ROCK","",      -1.00403,      -1.44350,      -1.41812,      -1.02940,  -102.512E-03
F:/Desktop/DeepOnet_Abaqus/StaticElasticJob.odb,Step-1,Increment      1: Step Time =    1.000,"PLATE-1",          1795,             1,  -330.576E-03,   468.673E-03,            0.,"ASSEMBLY_PLATE-1__PICKEDSET2","ROCK","",  -913.689E-03,      -1.57072,      -1.55823,  -926.180E-03,  -89.7252E-03
F:/Desktop/DeepOnet_Abaqus/StaticElasticJob.odb,Step-1,Increment      1: Step Time =    1.000,"PLATE-1",          1796,             1,   157.503E-03,   743.814E-03,            0.,"ASSEMBLY_PLATE-1__PICKEDSET2","ROCK","",      -1.15120,      -1.33374,      -1.33181,      -1.15313,   18.6667E-03
F:/Desktop/DeepOnet_Abaqus/StaticElasticJob.odb,Step-1,Increment      1: Step Time =    1.000,"PLATE-1",          1797,             1,   403.951E-03,   554.098E-03,            0.,"ASSEMBLY_PLATE-1__PICKEDSET2","ROCK","",  -759.111E-03,      -1.51732,      -1.31285,  -963.578E-03,   336.485E-03
F:/Desktop/DeepOnet_Abaqus/StaticElasticJob.odb,Step-1,Increment      1: Step Time =    1.000,"PLATE-1",          1798,             1,  -475.756E-03,  -503.762E-03,            0.,"ASSEMBLY_PLATE-1__PICKEDSET2","ROCK","",  -942.413E-03,      -1.63473,      -1.61139,  -965.751E-03,   124.948E-03
F:/Desktop/DeepOnet_Abaqus/StaticElasticJob.odb,Step-1,Increment      1: Step Time =    1.000,"PLATE-1",          1799,             1,  -47.2574E-03,  -566.799E-03,            0.,"ASSEMBLY_PLATE-1__PICKEDSET2","ROCK","",  -881.357E-03,      -1.76405,      -1.75795,  -887.456E-03,   73.1212E-03
F:/Desktop/DeepOnet_Abaqus/StaticElasticJob.odb,Step-1,Increment      1: Step Time =    1.000,"PLATE-1",          1800,             1,   653.853E-03,   288.110E-03,            0.,"ASSEMBLY_PLATE-1__PICKEDSET2","ROCK","",  -624.986E-03,      -1.70077,      -1.58921,  -736.542E-03,   327.970E-03
F:/Desktop/DeepOnet_Abaqus/StaticElasticJob.odb,Step-1,Increment      1: Step Time =    1.000,"PLATE-1",          1801,             1,   669.761E-03,   437.424E-03,            0.,"ASSEMBLY_PLATE-1__PICKEDSET2","ROCK","",  -436.580E-03,      -1.72319,      -1.52224,  -637.528E-03,   467.077E-03
F:/Desktop/DeepOnet_Abaqus/StaticElasticJob.odb,Step-1,Increment      1: Step Time =    1.000,"PLATE-1",          1802,             1,  -732.366E-03,  -227.152E-03,            0.,"ASSEMBLY_PLATE-1__PICKEDSET2","ROCK","",      -1.01174,      -1.46971,      -1.43248,      -1.04898,   125.164E-03
F:/Desktop/DeepOnet_Abaqus/StaticElasticJob.odb,Step-1,Increment      1: Step Time =    1.000,"PLATE-1",          1803,             1,  -567.528E-03,  -522.892E-03,            0.,"ASSEMBLY_PLATE-1__PICKEDSET2","ROCK","",  -953.765E-03,      -1.60458,      -1.58432,  -974.033E-03,   113.047E-03
F:/Desktop/DeepOnet_Abaqus/StaticElasticJob.odb,Step-1,Increment      1: Step Time =    1.000,"PLATE-1",          1804,             1,  -470.246E-03,  -553.074E-03,            0.,"ASSEMBLY_PLATE-1__PICKEDSET2","ROCK","",  -947.423E-03,      -1.63470,      -1.61736,  -964.765E-03,   107.786E-03
F:/Desktop/DeepOnet_Abaqus/StaticElasticJob.odb,Step-1,Increment      1: Step Time =    1.000,"PLATE-1",          1805,             1,  -386.355E-03,   499.156E-03,            0.,"ASSEMBLY_PLATE-1__PICKEDSET2","ROCK","",  -936.409E-03,      -1.54429,      -1.52999,  -950.715E-03,  -92.1522E-03
F:/Desktop/DeepOnet_Abaqus/StaticElasticJob.odb,Step-1,Increment      1: Step Time =    1.000,"PLATE-1",          1806,             1,  -416.945E-03,  -543.823E-03,            0.,"ASSEMBLY_PLATE-1__PICKEDSET2","ROCK","",  -943.077E-03,      -1.64962,      -1.63133,  -961.373E-03,   112.216E-03
F:/Desktop/DeepOnet_Abaqus/StaticElasticJob.odb,Step-1,Increment      1: Step Time =    1.000,"PLATE-1",          1807,             1,  -362.387E-03,  -523.103E-03,            0.,"ASSEMBLY_PLATE-1__PICKEDSET2","ROCK","",  -938.204E-03,      -1.67338,      -1.65245,  -959.127E-03,   122.245E-03
F:/Desktop/DeepOnet_Abaqus/StaticElasticJob.odb,Step-1,Increment      1: Step Time =    1.000,"PLATE-1",          1808,             1,  -713.241E-03,   147.732E-03,            0.,"ASSEMBLY_PLATE-1__PICKEDSET2","ROCK","",      -1.09514,      -1.32494,      -1.32138,      -1.09870,  -28.4038E-03
F:/Desktop/DeepOnet_Abaqus/StaticElasticJob.odb,Step-1,Increment      1: Step Time =    1.000,"PLATE-1",          1809,             1,  -585.443E-03,  -430.511E-03,            0.,"ASSEMBLY_PLATE-1__PICKEDSET2","ROCK","",  -952.540E-03,      -1.58924,      -1.55780,  -983.974E-03,   137.936E-03
F:/Desktop/DeepOnet_Abaqus/StaticElasticJob.odb,Step-1,Increment      1: Step Time =    1.000,"PLATE-1",          1810,             1,  -627.632E-03,  -404.601E-03,            0.,"ASSEMBLY_PLATE-1__PICKEDSET2","ROCK","",  -962.742E-03,      -1.56574,      -1.53281,  -995.679E-03,   137.026E-03
F:/Desktop/DeepOnet_Abaqus/StaticElasticJob.odb,Step-1,Increment      1: Step Time =    1.000,"PLATE-1",          1811,             1,   667.316E-03,  -17.9452E-03,            0.,"ASSEMBLY_PLATE-1__PICKEDSET2","ROCK","",  -935.916E-03,      -1.47023,      -1.46723,  -938.910E-03,   39.8866E-03
F:/Desktop/DeepOnet_Abaqus/StaticElasticJob.odb,Step-1,Increment      1: Step Time =    1.000,"PLATE-1",          1812,             1,   689.798E-03,  -151.463E-03,            0.,"ASSEMBLY_PLATE-1__PICKEDSET2","ROCK","",  -948.501E-03,      -1.50393,      -1.49575,  -956.681E-03,  -66.9043E-03
F:/Desktop/DeepOnet_Abaqus/StaticElasticJob.odb,Step-1,Increment      1: Step Time =    1.000,"PLATE-1",          1813,             1,   315.937E-03,  -568.137E-03,            0.,"ASSEMBLY_PLATE-1__PICKEDSET2","ROCK","",  -860.107E-03,      -1.71104,      -1.70685,  -864.288E-03,  -59.4998E-03
F:/Desktop/DeepOnet_Abaqus/StaticElasticJob.odb,Step-1,Increment      1: Step Time =    1.000,"PLATE-1",          1814,             1,  -471.070E-03,   469.687E-03,            0.,"ASSEMBLY_PLATE-1__PICKEDSET2","ROCK","",  -945.069E-03,      -1.51597,      -1.49216,  -968.877E-03,  -114.129E-03
F:/Desktop/DeepOnet_Abaqus/StaticElasticJob.odb,Step-1,Increment      1: Step Time =    1.000,"PLATE-1",          1815,             1,   85.4807E-03,  -589.608E-03,            0.,"ASSEMBLY_PLATE-1__PICKEDSET2","ROCK","",  -865.325E-03,      -1.75698,      -1.75665,  -865.652E-03,   17.0773E-03
F:/Desktop/DeepOnet_Abaqus/StaticElasticJob.odb,Step-1,Increment      1: Step Time =    1.000,"PLATE-1",          1816,             1,   497.673E-03,  -395.031E-03,            0.,"ASSEMBLY_PLATE-1__PICKEDSET2","ROCK","",  -862.808E-03,      -1.63346,      -1.60791,  -888.355E-03,  -137.969E-03
F:/Desktop/DeepOnet_Abaqus/StaticElasticJob.odb,Step-1,Increment      1: Step Time =    1.000,"PLATE-1",          1817,             1,  -538.182E-03,   475.701E-03,            0.,"ASSEMBLY_PLATE-1__PICKEDSET2","ROCK","",  -963.610E-03,      -1.49757,      -1.47384,  -987.341E-03,  -110.038E-03
F:/Desktop/DeepOnet_Abaqus/StaticElasticJob.odb,Step-1,Increment      1: Step Time =    1.000,"PLATE-1",          1818,             1,  -602.720E-03,   464.889E-03,            0.,"ASSEMBLY_PLATE-1__PICKEDSET2","ROCK","",  -981.969E-03,      -1.47847,      -1.45480,      -1.00564,  -105.805E-03
F:/Desktop/DeepOnet_Abaqus/StaticElasticJob.odb,Step-1,Increment      1: Step Time =    1.000,"PLATE-1",          1819,             1,  -332.603E-03,   606.931E-03,            0.,"ASSEMBLY_PLATE-1__PICKEDSET2","ROCK","",  -976.689E-03,      -1.54245,      -1.53883,  -980.301E-03,  -45.0601E-03
F:/Desktop/DeepOnet_Abaqus/StaticElasticJob.odb,Step-1,Increment      1: Step Time =    1.000,"PLATE-1",          1820,             1,   618.369E-03,  -338.916E-03,            0.,"ASSEMBLY_PLATE-1__PICKEDSET2","ROCK","",  -900.463E-03,      -1.58796,      -1.56275,  -925.677E-03,  -129.224E-03
F:/Desktop/DeepOnet_Abaqus/StaticElasticJob.odb,Step-1,Increment      1: Step Time =    1.000,"PLATE-1",          1821,             1,   704.353E-03,  -296.752E-03,            0.,"ASSEMBLY_PLATE-1__PICKEDSET2","ROCK","",  -925.639E-03,      -1.57104,      -1.54962,  -947.051E-03,  -115.589E-03
F:/Desktop/DeepOnet_Abaqus/StaticElasticJob.odb,Step-1,Increment      1: Step Time =    1.000,"PLATE-1",          1822,             1,  -278.949E-03,   585.070E-03,            0.,"ASSEMBLY_PLATE-1__PICKEDSET2","ROCK","",  -975.849E-03,      -1.55042,      -1.54889,  -977.383E-03,  -29.6534E-03
F:/Desktop/DeepOnet_Abaqus/StaticElasticJob.odb,Step-1,Increment      1: Step Time =    1.000,"PLATE-1",          1823,             1,   50.6059E-03,  -666.247E-03,            0.,"ASSEMBLY_PLATE-1__PICKEDSET2","ROCK","",  -896.558E-03,      -1.71818,      -1.71712,  -897.621E-03,   29.5372E-03
F:/Desktop/DeepOnet_Abaqus/StaticElasticJob.odb,Step-1,Increment      1: Step Time =    1.000,"PLATE-1",          1824,             1,  -11.5989E-03,   727.608E-03,            0.,"ASSEMBLY_PLATE-1__PICKEDSET2","ROCK","",      -1.09908,      -1.44107,      -1.44078,      -1.09938,   9.99344E-03
F:/Desktop/DeepOnet_Abaqus/StaticElasticJob.odb,Step-1,Increment      1: Step Time =    1.000,"PLATE-1",          1825,             1,   817.087E-03,  -111.734E-03,            0.,"ASSEMBLY_PLATE-1__PICKEDSET2","ROCK","",  -952.451E-03,      -1.56097,      -1.55411,  -959.314E-03,  -64.2572E-03
F:/Desktop/DeepOnet_Abaqus/StaticElasticJob.odb,Step-1,Increment      1: Step Time =    1.000,"PLATE-1",          1826,             1,  -429.729E-03,  -494.125E-03,            0.,"ASSEMBLY_PLATE-1__PICKEDSET2","ROCK","",  -939.612E-03,      -1.65129,      -1.62707,  -963.838E-03,   129.051E-03
F:/Desktop/DeepOnet_Abaqus/StaticElasticJob.odb,Step-1,Increment      1: Step Time =    1.000,"PLATE-1",          1827,             1,   542.231E-03,   558.528E-03,            0.,"ASSEMBLY_PLATE-1__PICKEDSET2","ROCK","",  -550.928E-03,      -1.57766,      -1.28018,  -848.408E-03,   465.767E-03
F:/Desktop/DeepOnet_Abaqus/StaticElasticJob.odb,Step-1,Increment      1: Step Time =    1.000,"PLATE-1",          1828,             1,   454.742E-03,   537.236E-03,            0.,"ASSEMBLY_PLATE-1__PICKEDSET2","ROCK","",  -672.710E-03,      -1.55979,      -1.32423,  -908.272E-03,   391.756E-03
F:/Desktop/DeepOnet_Abaqus/StaticElasticJob.odb,Step-1,Increment      1: Step Time =    1.000,"PLATE-1",          1829,             1,  -815.769E-03,   246.649E-03,            0.,"ASSEMBLY_PLATE-1__PICKEDSET2","ROCK","",      -1.06476,      -1.38862,      -1.38206,      -1.07132,  -45.6248E-03
F:/Desktop/DeepOnet_Abaqus/StaticElasticJob.odb,Step-1,Increment      1: Step Time =    1.000,"PLATE-1",          1830,             1,  -811.896E-03,   87.5780E-03,            0.,"ASSEMBLY_PLATE-1__PICKEDSET2","ROCK","",      -1.08973,      -1.35785,      -1.35772,      -1.08985,   5.72783E-03
F:/Desktop/DeepOnet_Abaqus/StaticElasticJob.odb,Step-1,Increment      1: Step Time =    1.000,"PLATE-1",          1831,             1,  -783.484E-03,   155.043E-03,            0.,"ASSEMBLY_PLATE-1__PICKEDSET2","ROCK","",      -1.08762,      -1.35149,      -1.34956,      -1.08955,  -22.4729E-03
F:/Desktop/DeepOnet_Abaqus/StaticElasticJob.odb,Step-1,Increment      1: Step Time =    1.000,"PLATE-1",          1832,             1,   277.063E-03,  -541.832E-03,            0.,"ASSEMBLY_PLATE-1__PICKEDSET2","ROCK","",  -853.182E-03,      -1.72211,      -1.71778,  -857.512E-03,  -61.1880E-03
F:/Desktop/DeepOnet_Abaqus/StaticElasticJob.odb,Step-1,Increment      1: Step Time =    1.000,"PLATE-1",          1833,             1,   691.639E-03,   341.187E-03,            0.,"ASSEMBLY_PLATE-1__PICKEDSET2","ROCK","",  -556.327E-03,      -1.72416,      -1.60725,  -673.236E-03,   350.517E-03
F:/Desktop/DeepOnet_Abaqus/StaticElasticJob.odb,Step-1,Increment      1: Step Time =    1.000,"PLATE-1",          1834,             1,   407.295E-03,  -482.150E-03,            0.,"ASSEMBLY_PLATE-1__PICKEDSET2","ROCK","",  -850.076E-03,      -1.68650,      -1.67234,  -864.231E-03,  -107.885E-03
F:/Desktop/DeepOnet_Abaqus/StaticElasticJob.odb,Step-1,Increment      1: Step Time =    1.000,"PLATE-1",          1835,             1,   372.872E-03,  -443.653E-03,            0.,"ASSEMBLY_PLATE-1__PICKEDSET2","ROCK","",  -837.551E-03,      -1.69244,      -1.67449,  -855.497E-03,  -122.556E-03
F:/Desktop/DeepOnet_Abaqus/StaticElasticJob.odb,Step-1,Increment      1: Step Time =    1.000,"PLATE-1",          1836,             1,   673.731E-03,   503.113E-03,            0.,"ASSEMBLY_PLATE-1__PICKEDSET2","ROCK","",  -392.923E-03,      -1.68248,      -1.42769,  -647.716E-03,   513.470E-03
F:/Desktop/DeepOnet_Abaqus/StaticElasticJob.odb,Step-1,Increment      1: Step Time =    1.000,"PLATE-1",          1837,             1,   63.3880E-03,   794.814E-03,            0.,"ASSEMBLY_PLATE-1__PICKEDSET2","ROCK","",      -1.12061,      -1.39372,      -1.39160,      -1.12274,  -23.9936E-03
F:/Desktop/DeepOnet_Abaqus/StaticElasticJob.odb,Step-1,Increment      1: Step Time =    1.000,"PLATE-1",          1838,             1,   255.204E-03,  -629.397E-03,            0.,"ASSEMBLY_PLATE-1__PICKEDSET2","ROCK","",  -872.492E-03,      -1.71402,      -1.71297,  -873.546E-03,  -29.7578E-03
F:/Desktop/DeepOnet_Abaqus/StaticElasticJob.odb,Step-1,Increment      1: Step Time =    1.000,"PLATE-1",          1839,             1,   406.418E-03,  -421.148E-03,            0.,"ASSEMBLY_PLATE-1__PICKEDSET2","ROCK","",  -839.339E-03,      -1.68110,      -1.66008,  -860.360E-03,  -131.350E-03
F:/Desktop/DeepOnet_Abaqus/StaticElasticJob.odb,Step-1,Increment      1: Step Time =    1.000,"PLATE-1",          1840,             1,   354.019E-03,  -586.202E-03,            0.,"ASSEMBLY_PLATE-1__PICKEDSET2","ROCK","",  -869.174E-03,      -1.69459,      -1.68973,  -874.031E-03,  -63.1271E-03
F:/Desktop/DeepOnet_Abaqus/StaticElasticJob.odb,Step-1,Increment      1: Step Time =    1.000,"PLATE-1",          1841,             1,   419.490E-03,  -562.266E-03,            0.,"ASSEMBLY_PLATE-1__PICKEDSET2","ROCK","",  -870.043E-03,      -1.68232,      -1.67457,  -877.794E-03,  -78.9668E-03
F:/Desktop/DeepOnet_Abaqus/StaticElasticJob.odb,Step-1,Increment      1: Step Time =    1.000,"PLATE-1",          1842,             1,  -797.064E-03,   359.219E-03,            0.,"ASSEMBLY_PLATE-1__PICKEDSET2","ROCK","",      -1.03732,      -1.42416,      -1.41088,      -1.05061,  -70.4389E-03
F:/Desktop/DeepOnet_Abaqus/StaticElasticJob.odb,Step-1,Increment      1: Step Time =    1.000,"PLATE-1",          1843,             1,  -229.194E-03,  -631.613E-03,            0.,"ASSEMBLY_PLATE-1__PICKEDSET2","ROCK","",  -934.859E-03,      -1.68745,      -1.67764,  -944.668E-03,   85.3588E-03
F:/Desktop/DeepOnet_Abaqus/StaticElasticJob.odb,Step-1,Increment      1: Step Time =    1.000,"PLATE-1",          1844,             1,   486.590E-03,  -535.901E-03,            0.,"ASSEMBLY_PLATE-1__PICKEDSET2","ROCK","",  -873.445E-03,      -1.66647,      -1.65457,  -885.342E-03,  -96.4003E-03
F:/Desktop/DeepOnet_Abaqus/StaticElasticJob.odb,Step-1,Increment      1: Step Time =    1.000,"PLATE-1",          1845,             1,   299.545E-03,  -627.846E-03,            0.,"ASSEMBLY_PLATE-1__PICKEDSET2","ROCK","",  -874.183E-03,      -1.70165,      -1.69938,  -876.457E-03,  -43.3251E-03
F:/Desktop/DeepOnet_Abaqus/StaticElasticJob.odb,Step-1,Increment      1: Step Time =    1.000,"PLATE-1",          1846,             1,  -23.2455E-03,  -625.064E-03,            0.,"ASSEMBLY_PLATE-1__PICKEDSET2","ROCK","",  -896.775E-03,      -1.73101,      -1.72772,  -900.070E-03,   52.3217E-03
F:/Desktop/DeepOnet_Abaqus/StaticElasticJob.odb,Step-1,Increment      1: Step Time =    1.000,"PLATE-1",          1847,             1,  -716.310E-03,   387.768E-03,            0.,"ASSEMBLY_PLATE-1__PICKEDSET2","ROCK","",      -1.01787,      -1.43692,      -1.41682,      -1.03796,  -89.5395E-03
F:/Desktop/DeepOnet_Abaqus/StaticElasticJob.odb,Step-1,Increment      1: Step Time =    1.000,"PLATE-1",          1848,             1,  -131.635E-03,   675.055E-03,            0.,"ASSEMBLY_PLATE-1__PICKEDSET2","ROCK","",      -1.05256,      -1.49935,      -1.49926,      -1.05265,   6.14516E-03
F:/Desktop/DeepOnet_Abaqus/StaticElasticJob.odb,Step-1,Increment      1: Step Time =    1.000,"PLATE-1",          1849,             1,  -651.267E-03,  -473.655E-03,            0.,"ASSEMBLY_PLATE-1__PICKEDSET2","ROCK","",  -962.529E-03,      -1.57728,      -1.55403,  -985.783E-03,   117.280E-03
F:/Desktop/DeepOnet_Abaqus/StaticElasticJob.odb,Step-1,Increment      1: Step Time =    1.000,"PLATE-1",          1850,             1,   756.882E-03,   57.1795E-03,            0.,"ASSEMBLY_PLATE-1__PICKEDSET2","ROCK","",  -879.943E-03,      -1.57602,      -1.57139,  -884.579E-03,   56.6190E-03
F:/Desktop/DeepOnet_Abaqus/StaticElasticJob.odb,Step-1,Increment      1: Step Time =    1.000,"PLATE-1",          1851,             1,   725.101E-03,   111.447E-03,            0.,"ASSEMBLY_PLATE-1__PICKEDSET2","ROCK","",  -833.875E-03,      -1.58726,      -1.56844,  -852.695E-03,   117.579E-03
F:/Desktop/DeepOnet_Abaqus/StaticElasticJob.odb,Step-1,Increment      1: Step Time =    1.000,"PLATE-1",          1852,             1,  -826.486E-03,  -110.104E-03,            0.,"ASSEMBLY_PLATE-1__PICKEDSET2","ROCK","",      -1.05602,      -1.41257,      -1.39622,      -1.07237,   74.5704E-03
F:/Desktop/DeepOnet_Abaqus/StaticElasticJob.odb,Step-1,Increment      1: Step Time =    1.000,"PLATE-1",          1853,             1,  -595.180E-03,  -477.511E-03,            0.,"ASSEMBLY_PLATE-1__PICKEDSET2","ROCK","",  -953.732E-03,      -1.59445,      -1.56977,  -978.411E-03,   123.301E-03
F:/Desktop/DeepOnet_Abaqus/StaticElasticJob.odb,Step-1,Increment      1: Step Time =    1.000,"PLATE-1",          1854,             1,  -663.198E-03,   454.316E-03,            0.,"ASSEMBLY_PLATE-1__PICKEDSET2","ROCK","",  -996.654E-03,      -1.46627,      -1.44487,      -1.01806,  -97.9439E-03
F:/Desktop/DeepOnet_Abaqus/StaticElasticJob.odb,Step-1,Increment      1: Step Time =    1.000,"PLATE-1",          1855,             1,  -763.606E-03,   218.899E-03,            0.,"ASSEMBLY_PLATE-1__PICKEDSET2","ROCK","",      -1.07108,      -1.36774,      -1.35970,      -1.07912,  -48.1859E-03
F:/Desktop/DeepOnet_Abaqus/StaticElasticJob.odb,Step-1,Increment      1: Step Time =    1.000,"PLATE-1",          1856,             1,  -448.172E-03,   531.124E-03,            0.,"ASSEMBLY_PLATE-1__PICKEDSET2","ROCK","",  -954.063E-03,      -1.52794,      -1.51316,  -968.847E-03,  -90.9140E-03
F:/Desktop/DeepOnet_Abaqus/StaticElasticJob.odb,Step-1,Increment      1: Step Time =    1.000,"PLATE-1",          1857,             1,   738.380E-03,   541.037E-03,            0.,"ASSEMBLY_PLATE-1__PICKEDSET2","ROCK","",  -306.058E-03,      -1.68398,      -1.41581,  -574.226E-03,   545.527E-03
F:/Desktop/DeepOnet_Abaqus/StaticElasticJob.odb,Step-1,Increment      1: Step Time =    1.000,"PLATE-1",          1858,             1,  -68.0667E-03,  -803.818E-03,            0.,"ASSEMBLY_PLATE-1__PICKEDSET2","ROCK","",  -935.154E-03,      -1.66835,      -1.66623,  -937.273E-03,   39.3571E-03
F:/Desktop/DeepOnet_Abaqus/StaticElasticJob.odb,Step-1,Increment      1: Step Time =    1.000,"PLATE-1",          1859,             1,  -41.9801E-03,  -705.000E-03,            0.,"ASSEMBLY_PLATE-1__PICKEDSET2","ROCK","",  -918.140E-03,      -1.69691,      -1.69417,  -920.878E-03,   46.0953E-03
F:/Desktop/DeepOnet_Abaqus/StaticElasticJob.odb,Step-1,Increment      1: Step Time =    1.000,"PLATE-1",          1860,             1,   355.246E-03,  -646.746E-03,            0.,"ASSEMBLY_PLATE-1__PICKEDSET2","ROCK","",  -879.968E-03,      -1.68812,      -1.68488,  -883.209E-03,  -51.0754E-03
F:/Desktop/DeepOnet_Abaqus/StaticElasticJob.odb,Step-1,Increment      1: Step Time =    1.000,"PLATE-1",          1861,             1,   225.998E-03,  -699.439E-03,            0.,"ASSEMBLY_PLATE-1__PICKEDSET2","ROCK","",  -892.120E-03,      -1.69656,      -1.69633,  -892.353E-03,  -13.6803E-03
F:/Desktop/DeepOnet_Abaqus/StaticElasticJob.odb,Step-1,Increment      1: Step Time =    1.000,"PLATE-1",          1862,             1,   270.036E-03,  -679.234E-03,            0.,"ASSEMBLY_PLATE-1__PICKEDSET2","ROCK","",  -886.780E-03,      -1.69660,      -1.69588,  -887.503E-03,  -24.1927E-03
F:/Desktop/DeepOnet_Abaqus/StaticElasticJob.odb,Step-1,Increment      1: Step Time =    1.000,"PLATE-1",          1863,             1,   64.6949E-03,  -729.983E-03,            0.,"ASSEMBLY_PLATE-1__PICKEDSET2","ROCK","",  -910.089E-03,      -1.69458,      -1.69388,  -910.787E-03,   23.3881E-03
F:/Desktop/DeepOnet_Abaqus/StaticElasticJob.odb,Step-1,Increment      1: Step Time =    1.000,"PLATE-1",          1864,             1,  -505.376E-03,   579.188E-03,            0.,"ASSEMBLY_PLATE-1__PICKEDSET2","ROCK","",  -969.004E-03,      -1.51992,      -1.50576,  -983.165E-03,  -87.1815E-03
F:/Desktop/DeepOnet_Abaqus/StaticElasticJob.odb,Step-1,Increment      1: Step Time =    1.000,"PLATE-1",          1865,             1,  -83.2920E-03,   828.421E-03,            0.,"ASSEMBLY_PLATE-1__PICKEDSET2","ROCK","",      -1.07724,      -1.47339,      -1.46895,      -1.08167,  -41.6756E-03
F:/Desktop/DeepOnet_Abaqus/StaticElasticJob.odb,Step-1,Increment      1: Step Time =    1.000,"PLATE-1",          1866,             1,  -290.995E-03,   698.803E-03,            0.,"ASSEMBLY_PLATE-1__PICKEDSET2","ROCK","",      -1.00740,      -1.52649,      -1.52432,      -1.00957,  -33.4775E-03
F:/Desktop/DeepOnet_Abaqus/StaticElasticJob.odb,Step-1,Increment      1: Step Time =    1.000,"PLATE-1",          1867,             1,      -1.01420,  -1.01294E-03,            0.,"ASSEMBLY_PLATE-1__PICKEDSET2","ROCK","",      -1.06091,      -1.42558,      -1.42314,      -1.06335,   29.7303E-03
F:/Desktop/DeepOnet_Abaqus/StaticElasticJob.odb,Step-1,Increment      1: Step Time =    1.000,"PLATE-1",          1868,             1,   778.553E-03,   145.963E-03,            0.,"ASSEMBLY_PLATE-1__PICKEDSET2","ROCK","",  -808.161E-03,      -1.64193,      -1.62922,  -820.868E-03,   102.146E-03
F:/Desktop/DeepOnet_Abaqus/StaticElasticJob.odb,Step-1,Increment      1: Step Time =    1.000,"PLATE-1",          1869,             1,   699.549E-03,   249.556E-03,            0.,"ASSEMBLY_PLATE-1__PICKEDSET2","ROCK","",  -671.914E-03,      -1.67997,      -1.61102,  -740.861E-03,   254.459E-03
F:/Desktop/DeepOnet_Abaqus/StaticElasticJob.odb,Step-1,Increment      1: Step Time =    1.000,"PLATE-1",          1870,             1,  -65.2305E-03,   718.743E-03,            0.,"ASSEMBLY_PLATE-1__PICKEDSET2","ROCK","",      -1.08506,      -1.46289,      -1.46283,      -1.08512,   4.76801E-03
F:/Desktop/DeepOnet_Abaqus/StaticElasticJob.odb,Step-1,Increment      1: Step Time =    1.000,"PLATE-1",          1871,             1,  -200.518E-03,  -718.461E-03,            0.,"ASSEMBLY_PLATE-1__PICKEDSET2","ROCK","",  -941.031E-03,      -1.67052,      -1.66472,  -946.831E-03,   64.7861E-03
F:/Desktop/DeepOnet_Abaqus/StaticElasticJob.odb,Step-1,Increment      1: Step Time =    1.000,"PLATE-1",          1872,             1,  -534.162E-03,  -603.532E-03,            0.,"ASSEMBLY_PLATE-1__PICKEDSET2","ROCK","",  -953.851E-03,      -1.61733,      -1.60357,  -967.609E-03,   94.5468E-03
F:/Desktop/DeepOnet_Abaqus/StaticElasticJob.odb,Step-1,Increment      1: Step Time =    1.000,"PLATE-1",          1873,             1,  -190.389E-03,   742.751E-03,            0.,"ASSEMBLY_PLATE-1__PICKEDSET2","ROCK","",      -1.04064,      -1.50542,      -1.50444,      -1.04162,  -21.3272E-03
F:/Desktop/DeepOnet_Abaqus/StaticElasticJob.odb,Step-1,Increment      1: Step Time =    1.000,"PLATE-1",          1874,             1,  -323.513E-03,   793.533E-03,            0.,"ASSEMBLY_PLATE-1__PICKEDSET2","ROCK","",      -1.01348,      -1.52594,      -1.52125,      -1.01817,  -48.7982E-03
F:/Desktop/DeepOnet_Abaqus/StaticElasticJob.odb,Step-1,Increment      1: Step Time =    1.000,"PLATE-1",          1875,             1,  -346.692E-03,  -675.988E-03,            0.,"ASSEMBLY_PLATE-1__PICKEDSET2","ROCK","",  -948.361E-03,      -1.65293,      -1.64408,  -957.215E-03,   78.4859E-03
F:/Desktop/DeepOnet_Abaqus/StaticElasticJob.odb,Step-1,Increment      1: Step Time =    1.000,"PLATE-1",          1876,             1,   788.703E-03,   6.18645E-03,            0.,"ASSEMBLY_PLATE-1__PICKEDSET2","ROCK","",  -914.166E-03,      -1.57044,      -1.57043,  -914.170E-03,   1.70374E-03
F:/Desktop/DeepOnet_Abaqus/StaticElasticJob.odb,Step-1,Increment      1: Step Time =    1.000,"PLATE-1",          1877,             1,   837.182E-03,   30.2196E-03,            0.,"ASSEMBLY_PLATE-1__PICKEDSET2","ROCK","",  -912.183E-03,      -1.60761,      -1.60739,  -912.407E-03,  -12.4857E-03
F:/Desktop/DeepOnet_Abaqus/StaticElasticJob.odb,Step-1,Increment      1: Step Time =    1.000,"PLATE-1",          1878,             1,   824.657E-03,  -317.325E-03,            0.,"ASSEMBLY_PLATE-1__PICKEDSET2","ROCK","",  -951.375E-03,      -1.58713,      -1.56799,  -970.520E-03,  -108.650E-03
F:/Desktop/DeepOnet_Abaqus/StaticElasticJob.odb,Step-1,Increment      1: Step Time =    1.000,"PLATE-1",          1879,             1,   763.755E-03,  -306.330E-03,            0.,"ASSEMBLY_PLATE-1__PICKEDSET2","ROCK","",  -937.897E-03,      -1.58013,      -1.56033,  -957.697E-03,  -111.015E-03
F:/Desktop/DeepOnet_Abaqus/StaticElasticJob.odb,Step-1,Increment      1: Step Time =    1.000,"PLATE-1",          1880,             1,   680.462E-03,  -409.828E-03,            0.,"ASSEMBLY_PLATE-1__PICKEDSET2","ROCK","",  -909.868E-03,      -1.60969,      -1.58867,  -930.878E-03,  -119.424E-03
F:/Desktop/DeepOnet_Abaqus/StaticElasticJob.odb,Step-1,Increment      1: Step Time =    1.000,"PLATE-1",          1881,             1,   687.162E-03,  -348.350E-03,            0.,"ASSEMBLY_PLATE-1__PICKEDSET2","ROCK","",  -915.407E-03,      -1.58900,      -1.56673,  -937.676E-03,  -120.434E-03
F:/Desktop/DeepOnet_Abaqus/StaticElasticJob.odb,Step-1,Increment      1: Step Time =    1.000,"PLATE-1",          1882,             1,  -814.783E-03,  -183.937E-03,            0.,"ASSEMBLY_PLATE-1__PICKEDSET2","ROCK","",      -1.03456,      -1.44437,      -1.42045,      -1.05847,   96.0735E-03
F:/Desktop/DeepOnet_Abaqus/StaticElasticJob.odb,Step-1,Increment      1: Step Time =    1.000,"PLATE-1",          1883,             1,  -598.004E-03,   605.489E-03,            0.,"ASSEMBLY_PLATE-1__PICKEDSET2","ROCK","",  -982.844E-03,      -1.51067,      -1.49667,  -996.838E-03,  -84.7981E-03
F:/Desktop/DeepOnet_Abaqus/StaticElasticJob.odb,Step-1,Increment      1: Step Time =    1.000,"PLATE-1",          1884,             1,   246.886E-03,   813.405E-03,            0.,"ASSEMBLY_PLATE-1__PICKEDSET2","ROCK","",      -1.16281,      -1.26125,      -1.24962,      -1.17444,  -31.7793E-03
F:/Desktop/DeepOnet_Abaqus/StaticElasticJob.odb,Step-1,Increment      1: Step Time =    1.000,"PLATE-1",          1885,             1,   113.580E-03,   801.008E-03,            0.,"ASSEMBLY_PLATE-1__PICKEDSET2","ROCK","",      -1.14338,      -1.36482,      -1.36213,      -1.14606,  -24.2278E-03
F:/Desktop/DeepOnet_Abaqus/StaticElasticJob.odb,Step-1,Increment      1: Step Time =    1.000,"PLATE-1",          1886,             1,  -777.559E-03,  -449.326E-03,            0.,"ASSEMBLY_PLATE-1__PICKEDSET2","ROCK","",  -982.318E-03,      -1.54236,      -1.52231,      -1.00237,   104.060E-03
F:/Desktop/DeepOnet_Abaqus/StaticElasticJob.odb,Step-1,Increment      1: Step Time =    1.000,"PLATE-1",          1887,             1,   690.813E-03,   611.216E-03,            0.,"ASSEMBLY_PLATE-1__PICKEDSET2","ROCK","",  -250.666E-03,      -1.56619,      -1.15986,  -656.998E-03,   607.809E-03
F:/Desktop/DeepOnet_Abaqus/StaticElasticJob.odb,Step-1,Increment      1: Step Time =    1.000,"PLATE-1",          1888,             1,  -240.715E-03,  -724.615E-03,            0.,"ASSEMBLY_PLATE-1__PICKEDSET2","ROCK","",  -944.283E-03,      -1.66322,      -1.65720,  -950.300E-03,   65.4949E-03
F:/Desktop/DeepOnet_Abaqus/StaticElasticJob.odb,Step-1,Increment      1: Step Time =    1.000,"PLATE-1",          1889,             1,   333.879E-03,  -615.107E-03,            0.,"ASSEMBLY_PLATE-1__PICKEDSET2","ROCK","",  -873.113E-03,      -1.69641,      -1.69292,  -876.598E-03,  -53.4498E-03
F:/Desktop/DeepOnet_Abaqus/StaticElasticJob.odb,Step-1,Increment      1: Step Time =    1.000,"PLATE-1",          1890,             1,  -779.363E-06,  -679.185E-03,            0.,"ASSEMBLY_PLATE-1__PICKEDSET2","ROCK","",  -905.354E-03,      -1.71209,      -1.71006,  -907.388E-03,   40.4529E-03
F:/Desktop/DeepOnet_Abaqus/StaticElasticJob.odb,Step-1,Increment      1: Step Time =    1.000,"PLATE-1",          1891,             1,  -281.219E-03,  -740.673E-03,            0.,"ASSEMBLY_PLATE-1__PICKEDSET2","ROCK","",  -948.779E-03,      -1.65284,      -1.64700,  -954.628E-03,   63.9046E-03
F:/Desktop/DeepOnet_Abaqus/StaticElasticJob.odb,Step-1,Increment      1: Step Time =    1.000,"PLATE-1",          1892,             1,   404.361E-03,  -601.925E-03,            0.,"ASSEMBLY_PLATE-1__PICKEDSET2","ROCK","",  -874.274E-03,      -1.68420,      -1.67832,  -880.152E-03,  -68.7476E-03
F:/Desktop/DeepOnet_Abaqus/StaticElasticJob.odb,Step-1,Increment      1: Step Time =    1.000,"PLATE-1",          1893,             1,   525.725E-03,  -576.573E-03,            0.,"ASSEMBLY_PLATE-1__PICKEDSET2","ROCK","",  -884.416E-03,      -1.65979,      -1.64910,  -895.111E-03,  -90.4325E-03
F:/Desktop/DeepOnet_Abaqus/StaticElasticJob.odb,Step-1,Increment      1: Step Time =    1.000,"PLATE-1",          1894,             1,   588.504E-03,  -454.996E-03,            0.,"ASSEMBLY_PLATE-1__PICKEDSET2","ROCK","",  -887.560E-03,      -1.63270,      -1.61330,  -906.960E-03,  -118.657E-03
F:/Desktop/DeepOnet_Abaqus/StaticElasticJob.odb,Step-1,Increment      1: Step Time =    1.000,"PLATE-1",          1895,             1,  -860.225E-03,   280.469E-03,            0.,"ASSEMBLY_PLATE-1__PICKEDSET2","ROCK","",      -1.05593,      -1.40831,      -1.40172,      -1.06252,  -47.7368E-03
F:/Desktop/DeepOnet_Abaqus/StaticElasticJob.odb,Step-1,Increment      1: Step Time =    1.000,"PLATE-1",          1896,             1,  -187.812E-03,  -660.778E-03,            0.,"ASSEMBLY_PLATE-1__PICKEDSET2","ROCK","",  -932.320E-03,      -1.69022,      -1.68266,  -939.883E-03,   75.3304E-03
F:/Desktop/DeepOnet_Abaqus/StaticElasticJob.odb,Step-1,Increment      1: Step Time =    1.000,"PLATE-1",          1897,             1,   574.870E-03,  -504.935E-03,            0.,"ASSEMBLY_PLATE-1__PICKEDSET2","ROCK","",  -887.063E-03,      -1.64512,      -1.62969,  -902.492E-03,  -107.045E-03
F:/Desktop/DeepOnet_Abaqus/StaticElasticJob.odb,Step-1,Increment      1: Step Time =    1.000,"PLATE-1",          1898,             1,  -470.554E-03,  -610.941E-03,            0.,"ASSEMBLY_PLATE-1__PICKEDSET2","ROCK","",  -950.905E-03,      -1.63001,      -1.61690,  -964.016E-03,   93.4416E-03
F:/Desktop/DeepOnet_Abaqus/StaticElasticJob.odb,Step-1,Increment      1: Step Time =    1.000,"PLATE-1",          1899,             1,  -641.178E-03,   576.361E-03,            0.,"ASSEMBLY_PLATE-1__PICKEDSET2","ROCK","",  -984.529E-03,      -1.50176,      -1.48580,      -1.00048,  -89.4253E-03
F:/Desktop/DeepOnet_Abaqus/StaticElasticJob.odb,Step-1,Increment      1: Step Time =    1.000,"PLATE-1",          1900,             1,  -689.938E-03,   565.733E-03,            0.,"ASSEMBLY_PLATE-1__PICKEDSET2","ROCK","",  -993.722E-03,      -1.49353,      -1.47807,      -1.00919,  -86.5496E-03
F:/Desktop/DeepOnet_Abaqus/StaticElasticJob.odb,Step-1,Increment      1: Step Time =    1.000,"PLATE-1",          1901,             1,  -341.571E-03,   742.192E-03,            0.,"ASSEMBLY_PLATE-1__PICKEDSET2","ROCK","",      -1.00677,      -1.52689,      -1.52267,      -1.01099,  -46.6707E-03
F:/Desktop/DeepOnet_Abaqus/StaticElasticJob.odb,Step-1,Increment      1: Step Time =    1.000,"PLATE-1",          1902,             1,  -719.658E-03,   447.338E-03,            0.,"ASSEMBLY_PLATE-1__PICKEDSET2","ROCK","",      -1.00859,      -1.45798,      -1.43929,      -1.02728,  -89.7216E-03
F:/Desktop/DeepOnet_Abaqus/StaticElasticJob.odb,Step-1,Increment      1: Step Time =    1.000,"PLATE-1",          1903,             1,   837.858E-03,   181.572E-03,            0.,"ASSEMBLY_PLATE-1__PICKEDSET2","ROCK","",  -792.604E-03,      -1.70468,      -1.69925,  -798.037E-03,   70.1830E-03
F:/Desktop/DeepOnet_Abaqus/StaticElasticJob.odb,Step-1,Increment      1: Step Time =    1.000,"PLATE-1",          1904,             1,   792.463E-03,   244.104E-03,            0.,"ASSEMBLY_PLATE-1__PICKEDSET2","ROCK","",  -698.069E-03,      -1.72696,      -1.69987,  -725.156E-03,   164.728E-03
F:/Desktop/DeepOnet_Abaqus/StaticElasticJob.odb,Step-1,Increment      1: Step Time =    1.000,"PLATE-1",          1905,             1,   251.528E-03,  -749.388E-03,            0.,"ASSEMBLY_PLATE-1__PICKEDSET2","ROCK","",  -900.959E-03,      -1.68393,      -1.68367,  -901.221E-03,  -14.3152E-03
F:/Desktop/DeepOnet_Abaqus/StaticElasticJob.odb,Step-1,Increment      1: Step Time =    1.000,"PLATE-1",          1906,             1,   2.33408E-03,  -798.550E-03,            0.,"ASSEMBLY_PLATE-1__PICKEDSET2","ROCK","",  -928.061E-03,      -1.67398,      -1.67269,  -929.356E-03,   31.0544E-03
F:/Desktop/DeepOnet_Abaqus/StaticElasticJob.odb,Step-1,Increment      1: Step Time =    1.000,"PLATE-1",          1907,             1,   751.984E-03,  -27.9764E-03,            0.,"ASSEMBLY_PLATE-1__PICKEDSET2","ROCK","",  -930.976E-03,      -1.53548,      -1.53541,  -931.047E-03,  -6.56576E-03
F:/Desktop/DeepOnet_Abaqus/StaticElasticJob.odb,Step-1,Increment      1: Step Time =    1.000,"PLATE-1",          1908,             1,   773.080E-03,  -252.370E-03,            0.,"ASSEMBLY_PLATE-1__PICKEDSET2","ROCK","",  -944.355E-03,      -1.56578,      -1.54817,  -961.960E-03,  -103.103E-03
F:/Desktop/DeepOnet_Abaqus/StaticElasticJob.odb,Step-1,Increment      1: Step Time =    1.000,"PLATE-1",          1909,             1,   748.520E-03,  -411.053E-03,            0.,"ASSEMBLY_PLATE-1__PICKEDSET2","ROCK","",  -927.865E-03,      -1.60256,      -1.58287,  -947.556E-03,  -113.569E-03
F:/Desktop/DeepOnet_Abaqus/StaticElasticJob.odb,Step-1,Increment      1: Step Time =    1.000,"PLATE-1",          1910,             1,  -868.734E-03,   36.4856E-03,            0.,"ASSEMBLY_PLATE-1__PICKEDSET2","ROCK","",      -1.08159,      -1.37741,      -1.37505,      -1.08394,   26.2800E-03
F:/Desktop/DeepOnet_Abaqus/StaticElasticJob.odb,Step-1,Increment      1: Step Time =    1.000,"PLATE-1",          1911,             1,  -595.389E-03,  -573.346E-03,            0.,"ASSEMBLY_PLATE-1__PICKEDSET2","ROCK","",  -957.060E-03,      -1.60073,      -1.58468,  -973.115E-03,   100.382E-03
F:/Desktop/DeepOnet_Abaqus/StaticElasticJob.odb,Step-1,Increment      1: Step Time =    1.000,"PLATE-1",          1912,             1,  -508.711E-03,  -709.238E-03,            0.,"ASSEMBLY_PLATE-1__PICKEDSET2","ROCK","",  -957.492E-03,      -1.61897,      -1.61047,  -965.989E-03,   74.4904E-03
F:/Desktop/DeepOnet_Abaqus/StaticElasticJob.odb,Step-1,Increment      1: Step Time =    1.000,"PLATE-1",          1913,             1,   256.957E-03,   754.961E-03,            0.,"ASSEMBLY_PLATE-1__PICKEDSET2","ROCK","",      -1.16550,      -1.24793,      -1.22936,      -1.18407,   34.4371E-03
F:/Desktop/DeepOnet_Abaqus/StaticElasticJob.odb,Step-1,Increment      1: Step Time =    1.000,"PLATE-1",          1914,             1,   315.379E-03,  -664.866E-03,            0.,"ASSEMBLY_PLATE-1__PICKEDSET2","ROCK","",  -881.732E-03,      -1.69474,      -1.69291,  -883.565E-03,  -38.5604E-03
F:/Desktop/DeepOnet_Abaqus/StaticElasticJob.odb,Step-1,Increment      1: Step Time =    1.000,"PLATE-1",          1915,             1,   541.888E-03,  -628.747E-03,            0.,"ASSEMBLY_PLATE-1__PICKEDSET2","ROCK","",  -895.364E-03,      -1.65717,      -1.64878,  -903.761E-03,  -79.5421E-03
F:/Desktop/DeepOnet_Abaqus/StaticElasticJob.odb,Step-1,Increment      1: Step Time =    1.000,"PLATE-1",          1916,             1,   179.914E-03,  -712.444E-03,            0.,"ASSEMBLY_PLATE-1__PICKEDSET2","ROCK","",  -897.633E-03,      -1.69690,      -1.69690,  -897.634E-03,  -762.291E-06
F:/Desktop/DeepOnet_Abaqus/StaticElasticJob.odb,Step-1,Increment      1: Step Time =    1.000,"PLATE-1",          1917,             1,  -87.1195E-03,  -735.411E-03,            0.,"ASSEMBLY_PLATE-1__PICKEDSET2","ROCK","",  -927.785E-03,      -1.68413,      -1.68088,  -931.033E-03,   49.4558E-03
F:/Desktop/DeepOnet_Abaqus/StaticElasticJob.odb,Step-1,Increment      1: Step Time =    1.000,"PLATE-1",          1918,             1,   586.076E-03,  -562.026E-03,            0.,"ASSEMBLY_PLATE-1__PICKEDSET2","ROCK","",  -895.941E-03,      -1.64622,      -1.63362,  -908.540E-03,  -96.4057E-03
F:/Desktop/DeepOnet_Abaqus/StaticElasticJob.odb,Step-1,Increment      1: Step Time =    1.000,"PLATE-1",          1919,             1,  -462.175E-03,   625.588E-03,            0.,"ASSEMBLY_PLATE-1__PICKEDSET2","ROCK","",  -973.281E-03,      -1.52980,      -1.52011,  -982.972E-03,  -72.7997E-03
F:/Desktop/DeepOnet_Abaqus/StaticElasticJob.odb,Step-1,Increment      1: Step Time =    1.000,"PLATE-1",          1920,             1,  -732.724E-03,   502.064E-03,            0.,"ASSEMBLY_PLATE-1__PICKEDSET2","ROCK","",      -1.00391,      -1.47375,      -1.45726,      -1.02040,  -86.4569E-03
F:/Desktop/DeepOnet_Abaqus/StaticElasticJob.odb,Step-1,Increment      1: Step Time =    1.000,"PLATE-1",          1921,             1,  -804.528E-03,  -532.418E-03,            0.,"ASSEMBLY_PLATE-1__PICKEDSET2","ROCK","",  -978.447E-03,      -1.55626,      -1.54153,  -993.177E-03,   91.0718E-03
F:/Desktop/DeepOnet_Abaqus/StaticElasticJob.odb,Step-1,Increment      1: Step Time =    1.000,"PLATE-1",          1922,             1,   311.797E-03,   766.942E-03,            0.,"ASSEMBLY_PLATE-1__PICKEDSET2","ROCK","",      -1.11322,      -1.22481,      -1.16441,      -1.17362,   55.6031E-03
F:/Desktop/DeepOnet_Abaqus/StaticElasticJob.odb,Step-1,Increment      1: Step Time =    1.000,"PLATE-1",          1923,             1,   6.78524E-03,       1.07873,            0.,"ASSEMBLY_PLATE-1__PICKEDSET2","ROCK","",      -1.03424,      -1.56116,      -1.53281,      -1.06260,  -118.904E-03
F:/Desktop/DeepOnet_Abaqus/StaticElasticJob.odb,Step-1,Increment      1: Step Time =    1.000,"PLATE-1",          1924,             1,   91.5924E-03,       1.05022,            0.,"ASSEMBLY_PLATE-1__PICKEDSET2","ROCK","",      -1.04788,      -1.54050,      -1.49998,      -1.08840,  -135.352E-03
F:/Desktop/DeepOnet_Abaqus/StaticElasticJob.odb,Step-1,Increment      1: Step Time =    1.000,"PLATE-1",          1925,             1,  -956.585E-03,   64.9197E-03,            0.,"ASSEMBLY_PLATE-1__PICKEDSET2","ROCK","",      -1.07270,      -1.40177,      -1.40105,      -1.07342,   15.3716E-03
F:/Desktop/DeepOnet_Abaqus/StaticElasticJob.odb,Step-1,Increment      1: Step Time =    1.000,"PLATE-1",          1926,             1,  -854.230E-03,   169.328E-03,            0.,"ASSEMBLY_PLATE-1__PICKEDSET2","ROCK","",      -1.07645,      -1.38205,      -1.38100,      -1.07750,  -17.8904E-03
F:/Desktop/DeepOnet_Abaqus/StaticElasticJob.odb,Step-1,Increment      1: Step Time =    1.000,"PLATE-1",          1927,             1,   791.728E-03,   353.128E-03,            0.,"ASSEMBLY_PLATE-1__PICKEDSET2","ROCK","",  -537.405E-03,      -1.79177,      -1.71937,  -609.802E-03,   292.525E-03
F:/Desktop/DeepOnet_Abaqus/StaticElasticJob.odb,Step-1,Increment      1: Step Time =    1.000,"PLATE-1",          1928,             1,   768.368E-03,  -192.782E-03,            0.,"ASSEMBLY_PLATE-1__PICKEDSET2","ROCK","",  -947.646E-03,      -1.55234,      -1.53915,  -960.832E-03,  -88.3147E-03
F:/Desktop/DeepOnet_Abaqus/StaticElasticJob.odb,Step-1,Increment      1: Step Time =    1.000,"PLATE-1",          1929,             1,  -665.345E-03,  -620.420E-03,            0.,"ASSEMBLY_PLATE-1__PICKEDSET2","ROCK","",  -963.884E-03,      -1.58962,      -1.57693,  -976.570E-03,   88.1867E-03
F:/Desktop/DeepOnet_Abaqus/StaticElasticJob.odb,Step-1,Increment      1: Step Time =    1.000,"PLATE-1",          1930,             1,  -983.072E-03,  -158.442E-03,            0.,"ASSEMBLY_PLATE-1__PICKEDSET2","ROCK","",      -1.04208,      -1.45185,      -1.44236,      -1.05156,   61.6291E-03
F:/Desktop/DeepOnet_Abaqus/StaticElasticJob.odb,Step-1,Increment      1: Step Time =    1.000,"PLATE-1",          1931,             1,  -903.775E-03,   90.8274E-03,            0.,"ASSEMBLY_PLATE-1__PICKEDSET2","ROCK","",      -1.07777,      -1.38778,      -1.38773,      -1.07782,   3.87641E-03
F:/Desktop/DeepOnet_Abaqus/StaticElasticJob.odb,Step-1,Increment      1: Step Time =    1.000,"PLATE-1",          1932,             1,   812.736E-03,  -462.501E-03,            0.,"ASSEMBLY_PLATE-1__PICKEDSET2","ROCK","",  -942.280E-03,      -1.60629,      -1.58835,  -960.224E-03,  -107.670E-03
F:/Desktop/DeepOnet_Abaqus/StaticElasticJob.odb,Step-1,Increment      1: Step Time =    1.000,"PLATE-1",          1933,             1,   811.591E-03,  -412.196E-03,            0.,"ASSEMBLY_PLATE-1__PICKEDSET2","ROCK","",  -943.295E-03,      -1.60035,      -1.58126,  -962.388E-03,  -110.367E-03
F:/Desktop/DeepOnet_Abaqus/StaticElasticJob.odb,Step-1,Increment      1: Step Time =    1.000,"PLATE-1",          1934,             1,   298.244E-03,  -726.359E-03,            0.,"ASSEMBLY_PLATE-1__PICKEDSET2","ROCK","",  -896.512E-03,      -1.68385,      -1.68306,  -897.300E-03,  -24.8991E-03
F:/Desktop/DeepOnet_Abaqus/StaticElasticJob.odb,Step-1,Increment      1: Step Time =    1.000,"PLATE-1",          1935,             1,   331.765E-03,  -770.393E-03,            0.,"ASSEMBLY_PLATE-1__PICKEDSET2","ROCK","",  -903.425E-03,      -1.67395,      -1.67301,  -904.371E-03,  -26.9778E-03
F:/Desktop/DeepOnet_Abaqus/StaticElasticJob.odb,Step-1,Increment      1: Step Time =    1.000,"PLATE-1",          1936,             1,  -412.321E-03,   582.791E-03,            0.,"ASSEMBLY_PLATE-1__PICKEDSET2","ROCK","",  -965.307E-03,      -1.53511,      -1.52593,  -974.494E-03,  -71.7664E-03
F:/Desktop/DeepOnet_Abaqus/StaticElasticJob.odb,Step-1,Increment      1: Step Time =    1.000,"PLATE-1",          1937,             1,  -245.932E-03,  -817.781E-03,            0.,"ASSEMBLY_PLATE-1__PICKEDSET2","ROCK","",  -951.862E-03,      -1.64465,      -1.64094,  -955.573E-03,   50.5687E-03
F:/Desktop/DeepOnet_Abaqus/StaticElasticJob.odb,Step-1,Increment      1: Step Time =    1.000,"PLATE-1",          1938,             1,   380.309E-03,  -679.793E-03,            0.,"ASSEMBLY_PLATE-1__PICKEDSET2","ROCK","",  -889.482E-03,      -1.67962,      -1.67662,  -892.479E-03,  -48.5755E-03
F:/Desktop/DeepOnet_Abaqus/StaticElasticJob.odb,Step-1,Increment      1: Step Time =    1.000,"PLATE-1",          1939,             1,  -322.355E-03,  -783.954E-03,            0.,"ASSEMBLY_PLATE-1__PICKEDSET2","ROCK","",  -953.924E-03,      -1.64062,      -1.63557,  -958.975E-03,   58.6724E-03
F:/Desktop/DeepOnet_Abaqus/StaticElasticJob.odb,Step-1,Increment      1: Step Time =    1.000,"PLATE-1",          1940,             1,  -507.365E-03,   677.179E-03,            0.,"ASSEMBLY_PLATE-1__PICKEDSET2","ROCK","",  -981.830E-03,      -1.52767,      -1.51763,  -991.875E-03,  -73.3601E-03
F:/Desktop/DeepOnet_Abaqus/StaticElasticJob.odb,Step-1,Increment      1: Step Time =    1.000,"PLATE-1",          1941,             1,   304.674E-03,   827.442E-03,            0.,"ASSEMBLY_PLATE-1__PICKEDSET2","ROCK","",      -1.15588,      -1.24438,      -1.17605,      -1.22421,  -37.1288E-03
F:/Desktop/DeepOnet_Abaqus/StaticElasticJob.odb,Step-1,Increment      1: Step Time =    1.000,"PLATE-1",          1942,             1,  -772.656E-03,   398.648E-03,            0.,"ASSEMBLY_PLATE-1__PICKEDSET2","ROCK","",      -1.02578,      -1.43872,      -1.42332,      -1.04119,  -78.2489E-03
F:/Desktop/DeepOnet_Abaqus/StaticElasticJob.odb,Step-1,Increment      1: Step Time =    1.000,"PLATE-1",          1943,             1,   849.983E-03,  -582.564E-03,            0.,"ASSEMBLY_PLATE-1__PICKEDSET2","ROCK","",  -949.251E-03,      -1.61415,      -1.59957,  -963.830E-03,  -97.3693E-03
F:/Desktop/DeepOnet_Abaqus/StaticElasticJob.odb,Step-1,Increment      1: Step Time =    1.000,"PLATE-1",          1944,             1,   124.376E-03,  -719.089E-03,            0.,"ASSEMBLY_PLATE-1__PICKEDSET2","ROCK","",  -902.360E-03,      -1.69770,      -1.69755,  -902.503E-03,   10.6772E-03
F:/Desktop/DeepOnet_Abaqus/StaticElasticJob.odb,Step-1,Increment      1: Step Time =    1.000,"PLATE-1",          1945,             1,   844.902E-03,   294.071E-03,            0.,"ASSEMBLY_PLATE-1__PICKEDSET2","ROCK","",  -651.771E-03,      -1.80989,      -1.78853,  -673.135E-03,   155.840E-03
F:/Desktop/DeepOnet_Abaqus/StaticElasticJob.odb,Step-1,Increment      1: Step Time =    1.000,"PLATE-1",          1946,             1,   808.727E-03,   87.5541E-03,            0.,"ASSEMBLY_PLATE-1__PICKEDSET2","ROCK","",  -859.424E-03,      -1.62140,      -1.61916,  -861.660E-03,   41.2201E-03
F:/Desktop/DeepOnet_Abaqus/StaticElasticJob.odb,Step-1,Increment      1: Step Time =    1.000,"PLATE-1",          1947,             1,  -954.970E-03,   166.644E-03,            0.,"ASSEMBLY_PLATE-1__PICKEDSET2","ROCK","",      -1.06807,      -1.40665,      -1.40629,      -1.06843,  -11.0396E-03
F:/Desktop/DeepOnet_Abaqus/StaticElasticJob.odb,Step-1,Increment      1: Step Time =    1.000,"PLATE-1",          1948,             1,  -868.008E-03,  -495.940E-03,            0.,"ASSEMBLY_PLATE-1__PICKEDSET2","ROCK","",  -987.036E-03,      -1.54195,      -1.52762,      -1.00137,   88.0383E-03
F:/Desktop/DeepOnet_Abaqus/StaticElasticJob.odb,Step-1,Increment      1: Step Time =    1.000,"PLATE-1",          1949,             1,  -732.626E-03,  -395.209E-03,            0.,"ASSEMBLY_PLATE-1__PICKEDSET2","ROCK","",  -980.290E-03,      -1.53899,      -1.51270,      -1.00658,   118.306E-03
F:/Desktop/DeepOnet_Abaqus/StaticElasticJob.odb,Step-1,Increment      1: Step Time =    1.000,"PLATE-1",          1950,             1,   147.570E-03,       1.01138,            0.,"ASSEMBLY_PLATE-1__PICKEDSET2","ROCK","",      -1.04989,      -1.51700,      -1.45529,      -1.11159,  -158.162E-03
F:/Desktop/DeepOnet_Abaqus/StaticElasticJob.odb,Step-1,Increment      1: Step Time =    1.000,"PLATE-1",          1951,             1,   225.970E-03,   872.205E-03,            0.,"ASSEMBLY_PLATE-1__PICKEDSET2","ROCK","",      -1.13159,      -1.34170,      -1.29779,      -1.17550,  -85.4298E-03
F:/Desktop/DeepOnet_Abaqus/StaticElasticJob.odb,Step-1,Increment      1: Step Time =    1.000,"PLATE-1",          1952,             1,   229.872E-03,  -826.528E-03,            0.,"ASSEMBLY_PLATE-1__PICKEDSET2","ROCK","",  -916.081E-03,      -1.66987,      -1.66983,  -916.115E-03,  -5.09445E-03
F:/Desktop/DeepOnet_Abaqus/StaticElasticJob.odb,Step-1,Increment      1: Step Time =    1.000,"PLATE-1",          1953,             1,   458.547E-03,  -696.349E-03,            0.,"ASSEMBLY_PLATE-1__PICKEDSET2","ROCK","",  -896.192E-03,      -1.66757,      -1.66328,  -900.480E-03,  -57.3537E-03
F:/Desktop/DeepOnet_Abaqus/StaticElasticJob.odb,Step-1,Increment      1: Step Time =    1.000,"PLATE-1",          1954,             1,   503.177E-03,  -681.318E-03,            0.,"ASSEMBLY_PLATE-1__PICKEDSET2","ROCK","",  -896.466E-03,      -1.66151,      -1.65502,  -902.960E-03,  -70.1852E-03
F:/Desktop/DeepOnet_Abaqus/StaticElasticJob.odb,Step-1,Increment      1: Step Time =    1.000,"PLATE-1",          1955,             1,   552.693E-03,  -676.054E-03,            0.,"ASSEMBLY_PLATE-1__PICKEDSET2","ROCK","",  -901.499E-03,      -1.65533,      -1.64819,  -908.636E-03,  -72.9999E-03
F:/Desktop/DeepOnet_Abaqus/StaticElasticJob.odb,Step-1,Increment      1: Step Time =    1.000,"PLATE-1",          1956,             1,  -708.156E-03,   710.017E-03,            0.,"ASSEMBLY_PLATE-1__PICKEDSET2","ROCK","",  -994.111E-03,      -1.51645,      -1.50529,      -1.00527,  -75.5256E-03
F:/Desktop/DeepOnet_Abaqus/StaticElasticJob.odb,Step-1,Increment      1: Step Time =    1.000,"PLATE-1",          1957,             1,  -130.963E-03,  -811.895E-03,            0.,"ASSEMBLY_PLATE-1__PICKEDSET2","ROCK","",  -942.344E-03,      -1.66015,      -1.65726,  -945.237E-03,   45.4808E-03
F:/Desktop/DeepOnet_Abaqus/StaticElasticJob.odb,Step-1,Increment      1: Step Time =    1.000,"PLATE-1",          1958,             1,  -462.393E-03,   715.018E-03,            0.,"ASSEMBLY_PLATE-1__PICKEDSET2","ROCK","",  -988.335E-03,      -1.53053,      -1.52286,  -996.004E-03,  -64.0214E-03
F:/Desktop/DeepOnet_Abaqus/StaticElasticJob.odb,Step-1,Increment      1: Step Time =    1.000,"PLATE-1",          1959,             1,   865.183E-03,   111.534E-03,            0.,"ASSEMBLY_PLATE-1__PICKEDSET2","ROCK","",  -871.579E-03,      -1.66921,      -1.66919,  -871.601E-03,   4.21545E-03
F:/Desktop/DeepOnet_Abaqus/StaticElasticJob.odb,Step-1,Increment      1: Step Time =    1.000,"PLATE-1",          1960,             1,       1.00829,   137.080E-03,            0.,"ASSEMBLY_PLATE-1__PICKEDSET2","ROCK","",  -952.793E-03,      -1.72704,      -1.71683,  -963.000E-03,  -88.3099E-03
F:/Desktop/DeepOnet_Abaqus/StaticElasticJob.odb,Step-1,Increment      1: Step Time =    1.000,"PLATE-1",          1961,             1,  -315.271E-03,   861.269E-03,            0.,"ASSEMBLY_PLATE-1__PICKEDSET2","ROCK","",      -1.02054,      -1.52793,      -1.52216,      -1.02631,  -53.8012E-03
F:/Desktop/DeepOnet_Abaqus/StaticElasticJob.odb,Step-1,Increment      1: Step Time =    1.000,"PLATE-1",          1962,             1,  -418.720E-03,   749.332E-03,            0.,"ASSEMBLY_PLATE-1__PICKEDSET2","ROCK","",  -996.115E-03,      -1.53187,      -1.52539,      -1.00259,  -58.5588E-03
F:/Desktop/DeepOnet_Abaqus/StaticElasticJob.odb,Step-1,Increment      1: Step Time =    1.000,"PLATE-1",          1963,             1,   838.724E-03,  -185.143E-03,            0.,"ASSEMBLY_PLATE-1__PICKEDSET2","ROCK","",  -961.124E-03,      -1.56969,      -1.55617,  -974.640E-03,  -89.6824E-03
F:/Desktop/DeepOnet_Abaqus/StaticElasticJob.odb,Step-1,Increment      1: Step Time =    1.000,"PLATE-1",          1964,             1,  -373.225E-03,  -743.635E-03,            0.,"ASSEMBLY_PLATE-1__PICKEDSET2","ROCK","",  -954.258E-03,      -1.63757,      -1.63131,  -960.524E-03,   65.1363E-03
F:/Desktop/DeepOnet_Abaqus/StaticElasticJob.odb,Step-1,Increment      1: Step Time =    1.000,"PLATE-1",          1965,             1,      -1.11793,  -79.0096E-03,            0.,"ASSEMBLY_PLATE-1__PICKEDSET2","ROCK","",      -1.04769,      -1.45356,      -1.45000,      -1.05125,   37.8576E-03
F:/Desktop/DeepOnet_Abaqus/StaticElasticJob.odb,Step-1,Increment      1: Step Time =    1.000,"PLATE-1",          1966,             1,      -1.15107,  -24.2221E-03,            0.,"ASSEMBLY_PLATE-1__PICKEDSET2","ROCK","",      -1.05014,      -1.45208,      -1.45025,      -1.05197,   27.0441E-03
F:/Desktop/DeepOnet_Abaqus/StaticElasticJob.odb,Step-1,Increment      1: Step Time =    1.000,"PLATE-1",          1967,             1,   630.976E-03,  -492.100E-03,            0.,"ASSEMBLY_PLATE-1__PICKEDSET2","ROCK","",  -899.969E-03,      -1.63027,      -1.61288,  -917.361E-03,  -111.349E-03
F:/Desktop/DeepOnet_Abaqus/StaticElasticJob.odb,Step-1,Increment      1: Step Time =    1.000,"PLATE-1",          1968,             1,   652.768E-03,  -551.883E-03,            0.,"ASSEMBLY_PLATE-1__PICKEDSET2","ROCK","",  -907.733E-03,      -1.63413,      -1.61953,  -922.327E-03,  -101.922E-03
F:/Desktop/DeepOnet_Abaqus/StaticElasticJob.odb,Step-1,Increment      1: Step Time =    1.000,"PLATE-1",          1969,             1,   262.999E-03,   696.282E-03,            0.,"ASSEMBLY_PLATE-1__PICKEDSET2","ROCK","",      -1.06649,      -1.31531,      -1.25208,      -1.12972,   108.327E-03
F:/Desktop/DeepOnet_Abaqus/StaticElasticJob.odb,Step-1,Increment      1: Step Time =    1.000,"PLATE-1",          1970,             1,  -727.441E-03,  -632.733E-03,            0.,"ASSEMBLY_PLATE-1__PICKEDSET2","ROCK","",  -968.665E-03,      -1.58007,      -1.56838,  -980.359E-03,   83.7451E-03
F:/Desktop/DeepOnet_Abaqus/StaticElasticJob.odb,Step-1,Increment      1: Step Time =    1.000,"PLATE-1",          1971,             1,  -527.919E-03,   771.482E-03,            0.,"ASSEMBLY_PLATE-1__PICKEDSET2","ROCK","",  -991.937E-03,      -1.53169,      -1.52317,      -1.00046,  -67.2744E-03
F:/Desktop/DeepOnet_Abaqus/StaticElasticJob.odb,Step-1,Increment      1: Step Time =    1.000,"PLATE-1",          1972,             1,  -456.927E-03,   789.599E-03,            0.,"ASSEMBLY_PLATE-1__PICKEDSET2","ROCK","",  -995.810E-03,      -1.53289,      -1.52578,      -1.00292,  -61.3830E-03
F:/Desktop/DeepOnet_Abaqus/StaticElasticJob.odb,Step-1,Increment      1: Step Time =    1.000,"PLATE-1",          1973,             1,   4.13042E-03,  -733.237E-03,            0.,"ASSEMBLY_PLATE-1__PICKEDSET2","ROCK","",  -917.679E-03,      -1.69115,      -1.68953,  -919.301E-03,   35.3865E-03
F:/Desktop/DeepOnet_Abaqus/StaticElasticJob.odb,Step-1,Increment      1: Step Time =    1.000,"PLATE-1",          1974,             1,   174.717E-03,  -856.532E-03,            0.,"ASSEMBLY_PLATE-1__PICKEDSET2","ROCK","",  -923.659E-03,      -1.66524,      -1.66522,  -923.682E-03,   4.19489E-03
F:/Desktop/DeepOnet_Abaqus/StaticElasticJob.odb,Step-1,Increment      1: Step Time =    1.000,"PLATE-1",          1975,             1,  -635.308E-03,   693.527E-03,            0.,"ASSEMBLY_PLATE-1__PICKEDSET2","ROCK","",  -989.157E-03,      -1.51897,      -1.50757,      -1.00056,  -76.8882E-03
F:/Desktop/DeepOnet_Abaqus/StaticElasticJob.odb,Step-1,Increment      1: Step Time =    1.000,"PLATE-1",          1976,             1,  -387.099E-03,   889.986E-03,            0.,"ASSEMBLY_PLATE-1__PICKEDSET2","ROCK","",      -1.00914,      -1.53685,      -1.52996,      -1.01602,  -59.8737E-03
F:/Desktop/DeepOnet_Abaqus/StaticElasticJob.odb,Step-1,Increment      1: Step Time =    1.000,"PLATE-1",          1977,             1,  -475.146E-03,   870.854E-03,            0.,"ASSEMBLY_PLATE-1__PICKEDSET2","ROCK","",      -1.00038,      -1.53899,      -1.53137,      -1.00800,  -63.5950E-03
F:/Desktop/DeepOnet_Abaqus/StaticElasticJob.odb,Step-1,Increment      1: Step Time =    1.000,"PLATE-1",          1978,             1,   605.206E-03,  -679.230E-03,            0.,"ASSEMBLY_PLATE-1__PICKEDSET2","ROCK","",  -911.860E-03,      -1.64633,      -1.63846,  -919.731E-03,  -75.6240E-03
F:/Desktop/DeepOnet_Abaqus/StaticElasticJob.odb,Step-1,Increment      1: Step Time =    1.000,"PLATE-1",          1979,             1,  -187.363E-03,  -878.591E-03,            0.,"ASSEMBLY_PLATE-1__PICKEDSET2","ROCK","",  -951.656E-03,      -1.64317,      -1.64072,  -954.110E-03,   41.1171E-03
F:/Desktop/DeepOnet_Abaqus/StaticElasticJob.odb,Step-1,Increment      1: Step Time =    1.000,"PLATE-1",          1980,             1,  -413.467E-03,  -804.278E-03,            0.,"ASSEMBLY_PLATE-1__PICKEDSET2","ROCK","",  -958.794E-03,      -1.62604,      -1.62108,  -963.758E-03,   57.3408E-03
F:/Desktop/DeepOnet_Abaqus/StaticElasticJob.odb,Step-1,Increment      1: Step Time =    1.000,"PLATE-1",          1981,             1,  -834.552E-03,   596.042E-03,            0.,"ASSEMBLY_PLATE-1__PICKEDSET2","ROCK","",      -1.00894,      -1.48910,      -1.47752,      -1.02052,  -73.6555E-03
F:/Desktop/DeepOnet_Abaqus/StaticElasticJob.odb,Step-1,Increment      1: Step Time =    1.000,"PLATE-1",          1982,             1,  -726.037E-03,   647.868E-03,            0.,"ASSEMBLY_PLATE-1__PICKEDSET2","ROCK","",  -995.452E-03,      -1.50627,      -1.49383,      -1.00789,  -78.7421E-03
F:/Desktop/DeepOnet_Abaqus/StaticElasticJob.odb,Step-1,Increment      1: Step Time =    1.000,"PLATE-1",          1983,             1,   462.937E-03,   716.343E-03,            0.,"ASSEMBLY_PLATE-1__PICKEDSET2","ROCK","",  -763.503E-03,      -1.34142,  -998.587E-03,      -1.10633,   283.890E-03
F:/Desktop/DeepOnet_Abaqus/StaticElasticJob.odb,Step-1,Increment      1: Step Time =    1.000,"PLATE-1",          1984,             1,   435.816E-03,   841.334E-03,            0.,"ASSEMBLY_PLATE-1__PICKEDSET2","ROCK","",  -930.072E-03,      -1.33120,  -933.390E-03,      -1.32788,  -36.3284E-03
F:/Desktop/DeepOnet_Abaqus/StaticElasticJob.odb,Step-1,Increment      1: Step Time =    1.000,"PLATE-1",          1985,             1,   915.894E-03,  -273.939E-03,            0.,"ASSEMBLY_PLATE-1__PICKEDSET2","ROCK","",  -973.710E-03,      -1.58736,      -1.56954,  -991.521E-03,  -103.018E-03
F:/Desktop/DeepOnet_Abaqus/StaticElasticJob.odb,Step-1,Increment      1: Step Time =    1.000,"PLATE-1",          1986,             1,  -232.016E-03,   917.279E-03,            0.,"ASSEMBLY_PLATE-1__PICKEDSET2","ROCK","",      -1.03672,      -1.52131,      -1.51373,      -1.04431,  -60.1526E-03
F:/Desktop/DeepOnet_Abaqus/StaticElasticJob.odb,Step-1,Increment      1: Step Time =    1.000,"PLATE-1",          1987,             1,   282.714E-03,  -798.587E-03,            0.,"ASSEMBLY_PLATE-1__PICKEDSET2","ROCK","",  -910.060E-03,      -1.67205,      -1.67171,  -910.393E-03,  -15.9329E-03
F:/Desktop/DeepOnet_Abaqus/StaticElasticJob.odb,Step-1,Increment      1: Step Time =    1.000,"PLATE-1",          1988,             1,   398.866E-03,  -645.923E-03,            0.,"ASSEMBLY_PLATE-1__PICKEDSET2","ROCK","",  -884.185E-03,      -1.68017,      -1.67597,  -888.390E-03,  -57.7023E-03
F:/Desktop/DeepOnet_Abaqus/StaticElasticJob.odb,Step-1,Increment      1: Step Time =    1.000,"PLATE-1",          1989,             1,   948.849E-03,  -224.798E-03,            0.,"ASSEMBLY_PLATE-1__PICKEDSET2","ROCK","",  -983.398E-03,      -1.58676,      -1.56998,      -1.00017,  -99.2009E-03
F:/Desktop/DeepOnet_Abaqus/StaticElasticJob.odb,Step-1,Increment      1: Step Time =    1.000,"PLATE-1",          1990,             1,   128.037E-03,  -899.138E-03,            0.,"ASSEMBLY_PLATE-1__PICKEDSET2","ROCK","",  -931.403E-03,      -1.65825,      -1.65811,  -931.550E-03,   10.3171E-03
F:/Desktop/DeepOnet_Abaqus/StaticElasticJob.odb,Step-1,Increment      1: Step Time =    1.000,"PLATE-1",          1991,             1,  -660.657E-03,   794.437E-03,            0.,"ASSEMBLY_PLATE-1__PICKEDSET2","ROCK","",  -992.939E-03,      -1.52865,      -1.51895,      -1.00264,  -71.4465E-03
F:/Desktop/DeepOnet_Abaqus/StaticElasticJob.odb,Step-1,Increment      1: Step Time =    1.000,"PLATE-1",          1992,             1,   679.181E-03,  -692.596E-03,            0.,"ASSEMBLY_PLATE-1__PICKEDSET2","ROCK","",  -924.288E-03,      -1.63583,      -1.62659,  -933.528E-03,  -80.5549E-03
F:/Desktop/DeepOnet_Abaqus/StaticElasticJob.odb,Step-1,Increment      1: Step Time =    1.000,"PLATE-1",          1993,             1,   676.635E-03,  -618.163E-03,            0.,"ASSEMBLY_PLATE-1__PICKEDSET2","ROCK","",  -917.816E-03,      -1.63546,      -1.62360,  -929.673E-03,  -91.4794E-03
F:/Desktop/DeepOnet_Abaqus/StaticElasticJob.odb,Step-1,Increment      1: Step Time =    1.000,"PLATE-1",          1994,             1,  -770.738E-03,   611.775E-03,            0.,"ASSEMBLY_PLATE-1__PICKEDSET2","ROCK","",      -1.00047,      -1.49627,      -1.48332,      -1.01342,  -79.0715E-03
F:/Desktop/DeepOnet_Abaqus/StaticElasticJob.odb,Step-1,Increment      1: Step Time =    1.000,"PLATE-1",          1995,             1,  -253.682E-03,  -941.863E-03,            0.,"ASSEMBLY_PLATE-1__PICKEDSET2","ROCK","",  -958.994E-03,      -1.62939,      -1.62717,  -961.212E-03,   38.4964E-03
F:/Desktop/DeepOnet_Abaqus/StaticElasticJob.odb,Step-1,Increment      1: Step Time =    1.000,"PLATE-1",          1996,             1,   709.037E-03,  -793.592E-03,            0.,"ASSEMBLY_PLATE-1__PICKEDSET2","ROCK","",  -935.749E-03,      -1.63183,      -1.62492,  -942.659E-03,  -69.0057E-03
F:/Desktop/DeepOnet_Abaqus/StaticElasticJob.odb,Step-1,Increment      1: Step Time =    1.000,"PLATE-1",          1997,             1,  -186.745E-03,  -945.659E-03,            0.,"ASSEMBLY_PLATE-1__PICKEDSET2","ROCK","",  -955.599E-03,      -1.63434,      -1.63262,  -957.325E-03,   34.1784E-03
F:/Desktop/DeepOnet_Abaqus/StaticElasticJob.odb,Step-1,Increment      1: Step Time =    1.000,"PLATE-1",          1998,             1,  -123.406E-03,  -942.584E-03,            0.,"ASSEMBLY_PLATE-1__PICKEDSET2","ROCK","",  -952.119E-03,      -1.63923,      -1.63780,  -953.548E-03,   31.2921E-03
F:/Desktop/DeepOnet_Abaqus/StaticElasticJob.odb,Step-1,Increment      1: Step Time =    1.000,"PLATE-1",          1999,             1,   317.403E-03,  -845.737E-03,            0.,"ASSEMBLY_PLATE-1__PICKEDSET2","ROCK","",  -917.344E-03,      -1.66243,      -1.66200,  -917.770E-03,  -17.8178E-03
F:/Desktop/DeepOnet_Abaqus/StaticElasticJob.odb,Step-1,Increment      1: Step Time =    1.000,"PLATE-1",          2000,             1,   219.401E-03,  -912.752E-03,            0.,"ASSEMBLY_PLATE-1__PICKEDSET2","ROCK","",  -929.621E-03,      -1.65488,      -1.65487,  -929.624E-03,  -1.61071E-03
F:/Desktop/DeepOnet_Abaqus/StaticElasticJob.odb,Step-1,Increment      1: Step Time =    1.000,"PLATE-1",          2001,             1,  -239.963E-03,   840.433E-03,            0.,"ASSEMBLY_PLATE-1__PICKEDSET2","ROCK","",      -1.03700,      -1.51276,      -1.50812,      -1.04163,  -46.7312E-03
F:/Desktop/DeepOnet_Abaqus/StaticElasticJob.odb,Step-1,Increment      1: Step Time =    1.000,"PLATE-1",          2002,             1,   141.315E-03,  -790.515E-03,            0.,"ASSEMBLY_PLATE-1__PICKEDSET2","ROCK","",  -915.644E-03,      -1.67814,      -1.67804,  -915.746E-03,   8.81963E-03
F:/Desktop/DeepOnet_Abaqus/StaticElasticJob.odb,Step-1,Increment      1: Step Time =    1.000,"PLATE-1",          2003,             1,  -812.319E-03,   450.624E-03,            0.,"ASSEMBLY_PLATE-1__PICKEDSET2","ROCK","",      -1.02238,      -1.45500,      -1.44166,      -1.03572,  -74.7869E-03
F:/Desktop/DeepOnet_Abaqus/StaticElasticJob.odb,Step-1,Increment      1: Step Time =    1.000,"PLATE-1",          2004,             1,  -787.079E-03,   486.111E-03,            0.,"ASSEMBLY_PLATE-1__PICKEDSET2","ROCK","",      -1.01382,      -1.46548,      -1.45097,      -1.02833,  -79.6350E-03
F:/Desktop/DeepOnet_Abaqus/StaticElasticJob.odb,Step-1,Increment      1: Step Time =    1.000,"PLATE-1",          2005,             1,   482.710E-03,  -788.443E-03,            0.,"ASSEMBLY_PLATE-1__PICKEDSET2","ROCK","",  -913.252E-03,      -1.65586,      -1.65285,  -916.267E-03,  -47.2191E-03
F:/Desktop/DeepOnet_Abaqus/StaticElasticJob.odb,Step-1,Increment      1: Step Time =    1.000,"PLATE-1",          2006,             1,   923.410E-03,  -341.352E-03,            0.,"ASSEMBLY_PLATE-1__PICKEDSET2","ROCK","",  -971.927E-03,      -1.59089,      -1.57246,  -990.355E-03,  -105.199E-03
F:/Desktop/DeepOnet_Abaqus/StaticElasticJob.odb,Step-1,Increment      1: Step Time =    1.000,"PLATE-1",          2007,             1,   995.930E-03,  -334.666E-03,            0.,"ASSEMBLY_PLATE-1__PICKEDSET2","ROCK","",  -993.067E-03,      -1.59161,      -1.57355,      -1.01112,  -102.369E-03
F:/Desktop/DeepOnet_Abaqus/StaticElasticJob.odb,Step-1,Increment      1: Step Time =    1.000,"PLATE-1",          2008,             1,  -423.450E-03,  -712.755E-03,            0.,"ASSEMBLY_PLATE-1__PICKEDSET2","ROCK","",  -954.653E-03,      -1.63307,      -1.62549,  -962.240E-03,   71.3403E-03
F:/Desktop/DeepOnet_Abaqus/StaticElasticJob.odb,Step-1,Increment      1: Step Time =    1.000,"PLATE-1",          2009,             1,  -130.906E-03,   869.694E-03,            0.,"ASSEMBLY_PLATE-1__PICKEDSET2","ROCK","",      -1.06243,      -1.49071,      -1.48418,      -1.06896,  -52.4541E-03
F:/Desktop/DeepOnet_Abaqus/StaticElasticJob.odb,Step-1,Increment      1: Step Time =    1.000,"PLATE-1",          2010,             1,   175.849E-03,  -952.416E-03,            0.,"ASSEMBLY_PLATE-1__PICKEDSET2","ROCK","",  -935.705E-03,      -1.64975,      -1.64973,  -935.722E-03,   3.54970E-03
F:/Desktop/DeepOnet_Abaqus/StaticElasticJob.odb,Step-1,Increment      1: Step Time =    1.000,"PLATE-1",          2011,             1,   596.183E-03,  -768.392E-03,            0.,"ASSEMBLY_PLATE-1__PICKEDSET2","ROCK","",  -921.341E-03,      -1.64395,      -1.63842,  -926.869E-03,  -62.9638E-03
F:/Desktop/DeepOnet_Abaqus/StaticElasticJob.odb,Step-1,Increment      1: Step Time =    1.000,"PLATE-1",          2012,             1,  -128.640E-03,  -874.197E-03,            0.,"ASSEMBLY_PLATE-1__PICKEDSET2","ROCK","",  -946.824E-03,      -1.65014,      -1.64811,  -948.850E-03,   37.6927E-03
F:/Desktop/DeepOnet_Abaqus/StaticElasticJob.odb,Step-1,Increment      1: Step Time =    1.000,"PLATE-1",          2013,             1,  -71.3227E-03,  -870.073E-03,            0.,"ASSEMBLY_PLATE-1__PICKEDSET2","ROCK","",  -942.348E-03,      -1.65457,      -1.65303,  -943.883E-03,   33.0248E-03
F:/Desktop/DeepOnet_Abaqus/StaticElasticJob.odb,Step-1,Increment      1: Step Time =    1.000,"PLATE-1",          2014,             1,   413.481E-03,  -719.111E-03,            0.,"ASSEMBLY_PLATE-1__PICKEDSET2","ROCK","",  -898.074E-03,      -1.67071,      -1.66788,  -900.902E-03,  -46.6584E-03
F:/Desktop/DeepOnet_Abaqus/StaticElasticJob.odb,Step-1,Increment      1: Step Time =    1.000,"PLATE-1",          2015,             1,   349.738E-03,  -891.468E-03,            0.,"ASSEMBLY_PLATE-1__PICKEDSET2","ROCK","",  -923.559E-03,      -1.65483,      -1.65428,  -924.107E-03,  -20.0213E-03
F:/Desktop/DeepOnet_Abaqus/StaticElasticJob.odb,Step-1,Increment      1: Step Time =    1.000,"PLATE-1",          2016,             1,  -256.732E-03,      -1.01329,            0.,"ASSEMBLY_PLATE-1__PICKEDSET2","ROCK","",  -962.312E-03,      -1.62172,      -1.62014,  -963.896E-03,   32.2836E-03
F:/Desktop/DeepOnet_Abaqus/StaticElasticJob.odb,Step-1,Increment      1: Step Time =    1.000,"PLATE-1",          2017,             1,   938.226E-03,  -405.606E-03,            0.,"ASSEMBLY_PLATE-1__PICKEDSET2","ROCK","",  -973.540E-03,      -1.59645,      -1.57828,  -991.715E-03,  -104.837E-03
F:/Desktop/DeepOnet_Abaqus/StaticElasticJob.odb,Step-1,Increment      1: Step Time =    1.000,"PLATE-1",          2018,             1,   467.190E-03,  -851.409E-03,            0.,"ASSEMBLY_PLATE-1__PICKEDSET2","ROCK","",  -920.876E-03,      -1.65175,      -1.64978,  -922.845E-03,  -37.8887E-03
F:/Desktop/DeepOnet_Abaqus/StaticElasticJob.odb,Step-1,Increment      1: Step Time =    1.000,"PLATE-1",          2019,             1,  -68.0158E-03,  -928.223E-03,            0.,"ASSEMBLY_PLATE-1__PICKEDSET2","ROCK","",  -948.327E-03,      -1.64383,      -1.64265,  -949.505E-03,   28.5998E-03
F:/Desktop/DeepOnet_Abaqus/StaticElasticJob.odb,Step-1,Increment      1: Step Time =    1.000,"PLATE-1",          2020,             1,  -115.434E-03,   785.742E-03,            0.,"ASSEMBLY_PLATE-1__PICKEDSET2","ROCK","",      -1.06997,      -1.47822,      -1.47658,      -1.07160,  -25.8116E-03
F:/Desktop/DeepOnet_Abaqus/StaticElasticJob.odb,Step-1,Increment      1: Step Time =    1.000,"PLATE-1",          2021,             1,  -67.6651E-03,   777.679E-03,            0.,"ASSEMBLY_PLATE-1__PICKEDSET2","ROCK","",      -1.08869,      -1.45662,      -1.45513,      -1.09018,  -23.3698E-03
F:/Desktop/DeepOnet_Abaqus/StaticElasticJob.odb,Step-1,Increment      1: Step Time =    1.000,"PLATE-1",          2022,             1,   721.976E-03,  -845.709E-03,            0.,"ASSEMBLY_PLATE-1__PICKEDSET2","ROCK","",  -943.201E-03,      -1.62740,      -1.62146,  -949.140E-03,  -63.4666E-03
F:/Desktop/DeepOnet_Abaqus/StaticElasticJob.odb,Step-1,Increment      1: Step Time =    1.000,"PLATE-1",          2023,             1,   371.838E-03,  -741.310E-03,            0.,"ASSEMBLY_PLATE-1__PICKEDSET2","ROCK","",  -900.135E-03,      -1.67422,      -1.67260,  -901.749E-03,  -35.3149E-03
F:/Desktop/DeepOnet_Abaqus/StaticElasticJob.odb,Step-1,Increment      1: Step Time =    1.000,"PLATE-1",          2024,             1,   377.784E-03,  -935.241E-03,            0.,"ASSEMBLY_PLATE-1__PICKEDSET2","ROCK","",  -929.078E-03,      -1.64823,      -1.64757,  -929.743E-03,  -21.8598E-03
F:/Desktop/DeepOnet_Abaqus/StaticElasticJob.odb,Step-1,Increment      1: Step Time =    1.000,"PLATE-1",          2025,             1,   7.51181E-03,  -943.279E-03,            0.,"ASSEMBLY_PLATE-1__PICKEDSET2","ROCK","",  -943.666E-03,      -1.64724,      -1.64660,  -944.309E-03,   21.2627E-03
F:/Desktop/DeepOnet_Abaqus/StaticElasticJob.odb,Step-1,Increment      1: Step Time =    1.000,"PLATE-1",          2026,             1,  -768.784E-03,   444.149E-03,            0.,"ASSEMBLY_PLATE-1__PICKEDSET2","ROCK","",      -1.01590,      -1.45372,      -1.43714,      -1.03248,  -83.5846E-03
F:/Desktop/DeepOnet_Abaqus/StaticElasticJob.odb,Step-1,Increment      1: Step Time =    1.000,"PLATE-1",          2027,             1,   810.796E-03,  -363.382E-03,            0.,"ASSEMBLY_PLATE-1__PICKEDSET2","ROCK","",  -944.233E-03,      -1.59264,      -1.57310,  -963.773E-03,  -110.851E-03
F:/Desktop/DeepOnet_Abaqus/StaticElasticJob.odb,Step-1,Increment      1: Step Time =    1.000,"PLATE-1",          2028,             1,  -887.078E-03,   512.314E-03,            0.,"ASSEMBLY_PLATE-1__PICKEDSET2","ROCK","",      -1.02201,      -1.46922,      -1.45886,      -1.03237,  -67.2650E-03
F:/Desktop/DeepOnet_Abaqus/StaticElasticJob.odb,Step-1,Increment      1: Step Time =    1.000,"PLATE-1",          2029,             1,   310.900E-03,      -1.01017,            0.,"ASSEMBLY_PLATE-1__PICKEDSET2","ROCK","",  -938.764E-03,      -1.64090,      -1.64072,  -938.944E-03,  -11.2523E-03
F:/Desktop/DeepOnet_Abaqus/StaticElasticJob.odb,Step-1,Increment      1: Step Time =    1.000,"PLATE-1",          2030,             1,   266.468E-03,  -878.058E-03,            0.,"ASSEMBLY_PLATE-1__PICKEDSET2","ROCK","",  -923.258E-03,      -1.65968,      -1.65958,  -923.358E-03,  -8.58829E-03
F:/Desktop/DeepOnet_Abaqus/StaticElasticJob.odb,Step-1,Increment      1: Step Time =    1.000,"PLATE-1",          2031,             1,  -360.006E-03,  -846.405E-03,            0.,"ASSEMBLY_PLATE-1__PICKEDSET2","ROCK","",  -959.055E-03,      -1.62790,      -1.62398,  -962.980E-03,   51.0892E-03
F:/Desktop/DeepOnet_Abaqus/StaticElasticJob.odb,Step-1,Increment      1: Step Time =    1.000,"PLATE-1",          2032,             1,   660.240E-03,  -758.512E-03,            0.,"ASSEMBLY_PLATE-1__PICKEDSET2","ROCK","",  -927.377E-03,      -1.63790,      -1.63110,  -934.182E-03,  -69.2015E-03
F:/Desktop/DeepOnet_Abaqus/StaticElasticJob.odb,Step-1,Increment      1: Step Time =    1.000,"PLATE-1",          2033,             1,   73.1164E-03,  -862.593E-03,            0.,"ASSEMBLY_PLATE-1__PICKEDSET2","ROCK","",  -930.296E-03,      -1.66374,      -1.66328,  -930.751E-03,   18.2659E-03
F:/Desktop/DeepOnet_Abaqus/StaticElasticJob.odb,Step-1,Increment      1: Step Time =    1.000,"PLATE-1",          2034,             1,  -724.300E-03,   328.326E-03,            0.,"ASSEMBLY_PLATE-1__PICKEDSET2","ROCK","",      -1.03276,      -1.41195,      -1.39265,      -1.05206,  -83.3342E-03
F:/Desktop/DeepOnet_Abaqus/StaticElasticJob.odb,Step-1,Increment      1: Step Time =    1.000,"PLATE-1",          2035,             1,   46.9812E-03,  -991.396E-03,            0.,"ASSEMBLY_PLATE-1__PICKEDSET2","ROCK","",  -946.513E-03,      -1.64084,      -1.64049,  -946.867E-03,   15.6779E-03
F:/Desktop/DeepOnet_Abaqus/StaticElasticJob.odb,Step-1,Increment      1: Step Time =    1.000,"PLATE-1",          2036,             1,   841.411E-03,  -838.917E-03,            0.,"ASSEMBLY_PLATE-1__PICKEDSET2","ROCK","",  -956.278E-03,      -1.61729,      -1.61004,  -963.521E-03,  -68.8142E-03
F:/Desktop/DeepOnet_Abaqus/StaticElasticJob.odb,Step-1,Increment      1: Step Time =    1.000,"PLATE-1",          2037,             1,   836.025E-03,  -730.266E-03,            0.,"ASSEMBLY_PLATE-1__PICKEDSET2","ROCK","",  -951.928E-03,      -1.61814,      -1.60802,  -962.047E-03,  -81.4789E-03
F:/Desktop/DeepOnet_Abaqus/StaticElasticJob.odb,Step-1,Increment      1: Step Time =    1.000,"PLATE-1",          2038,             1,   353.999E-03,      -1.05929,            0.,"ASSEMBLY_PLATE-1__PICKEDSET2","ROCK","",  -943.274E-03,      -1.63529,      -1.63499,  -943.576E-03,  -14.4423E-03
F:/Desktop/DeepOnet_Abaqus/StaticElasticJob.odb,Step-1,Increment      1: Step Time =    1.000,"PLATE-1",          2039,             1,  -115.876E-03,      -1.01711,            0.,"ASSEMBLY_PLATE-1__PICKEDSET2","ROCK","",  -956.398E-03,      -1.63041,      -1.62945,  -957.360E-03,   25.4422E-03
F:/Desktop/DeepOnet_Abaqus/StaticElasticJob.odb,Step-1,Increment      1: Step Time =    1.000,"PLATE-1",          2040,             1,  -875.869E-03,   358.614E-03,            0.,"ASSEMBLY_PLATE-1__PICKEDSET2","ROCK","",      -1.04244,      -1.43069,      -1.42184,      -1.05129,  -57.9453E-03
F:/Desktop/DeepOnet_Abaqus/StaticElasticJob.odb,Step-1,Increment      1: Step Time =    1.000,"PLATE-1",          2041,             1,  -830.774E-03,   322.226E-03,            0.,"ASSEMBLY_PLATE-1__PICKEDSET2","ROCK","",      -1.04835,      -1.41538,      -1.40604,      -1.05770,  -57.8057E-03
F:/Desktop/DeepOnet_Abaqus/StaticElasticJob.odb,Step-1,Increment      1: Step Time =    1.000,"PLATE-1",          2042,             1,   268.308E-03,      -1.05199,            0.,"ASSEMBLY_PLATE-1__PICKEDSET2","ROCK","",  -944.128E-03,      -1.63650,      -1.63645,  -944.176E-03,  -5.75901E-03
F:/Desktop/DeepOnet_Abaqus/StaticElasticJob.odb,Step-1,Increment      1: Step Time =    1.000,"PLATE-1",          2043,             1,   767.175E-03,  -707.706E-03,            0.,"ASSEMBLY_PLATE-1__PICKEDSET2","ROCK","",  -939.205E-03,      -1.62599,      -1.61620,  -948.991E-03,  -81.3946E-03
F:/Desktop/DeepOnet_Abaqus/StaticElasticJob.odb,Step-1,Increment      1: Step Time =    1.000,"PLATE-1",          2044,             1,   878.881E-03,  -766.807E-03,            0.,"ASSEMBLY_PLATE-1__PICKEDSET2","ROCK","",  -960.721E-03,      -1.61306,      -1.60379,  -969.994E-03,  -77.2211E-03
F:/Desktop/DeepOnet_Abaqus/StaticElasticJob.odb,Step-1,Increment      1: Step Time =    1.000,"PLATE-1",          2045,             1,   908.518E-03,  -822.805E-03,            0.,"ASSEMBLY_PLATE-1__PICKEDSET2","ROCK","",  -966.345E-03,      -1.61043,      -1.60239,  -974.388E-03,  -71.5271E-03
F:/Desktop/DeepOnet_Abaqus/StaticElasticJob.odb,Step-1,Increment      1: Step Time =    1.000,"PLATE-1",          2046,             1,   925.791E-03,  -731.378E-03,            0.,"ASSEMBLY_PLATE-1__PICKEDSET2","ROCK","",  -967.206E-03,      -1.60945,      -1.59941,  -977.240E-03,  -79.6465E-03
F:/Desktop/DeepOnet_Abaqus/StaticElasticJob.odb,Step-1,Increment      1: Step Time =    1.000,"PLATE-1",          2047,             1,  -184.665E-03,      -1.01949,            0.,"ASSEMBLY_PLATE-1__PICKEDSET2","ROCK","",  -959.695E-03,      -1.62656,      -1.62527,  -960.985E-03,   29.3020E-03
F:/Desktop/DeepOnet_Abaqus/StaticElasticJob.odb,Step-1,Increment      1: Step Time =    1.000,"PLATE-1",          2048,             1,   874.464E-03,  -682.433E-03,            0.,"ASSEMBLY_PLATE-1__PICKEDSET2","ROCK","",  -957.614E-03,      -1.61325,      -1.60200,  -968.866E-03,  -85.1517E-03
F:/Desktop/DeepOnet_Abaqus/StaticElasticJob.odb,Step-1,Increment      1: Step Time =    1.000,"PLATE-1",          2049,             1,   971.728E-03,  -685.496E-03,            0.,"ASSEMBLY_PLATE-1__PICKEDSET2","ROCK","",  -973.002E-03,      -1.60458,      -1.59333,  -984.253E-03,  -83.5406E-03
F:/Desktop/DeepOnet_Abaqus/StaticElasticJob.odb,Step-1,Increment      1: Step Time =    1.000,"PLATE-1",          2050,             1,  -992.851E-03,   286.576E-03,            0.,"ASSEMBLY_PLATE-1__PICKEDSET2","ROCK","",      -1.05444,      -1.42987,      -1.42712,      -1.05719,  -32.0171E-03
F:/Desktop/DeepOnet_Abaqus/StaticElasticJob.odb,Step-1,Increment      1: Step Time =    1.000,"PLATE-1",          2051,             1,      -1.02204,   58.6645E-03,            0.,"ASSEMBLY_PLATE-1__PICKEDSET2","ROCK","",      -1.06568,      -1.41838,      -1.41764,      -1.06643,   16.2093E-03
F:/Desktop/DeepOnet_Abaqus/StaticElasticJob.odb,Step-1,Increment      1: Step Time =    1.000,"PLATE-1",          2052,             1,      -1.09461,   52.6747E-03,            0.,"ASSEMBLY_PLATE-1__PICKEDSET2","ROCK","",      -1.05825,      -1.43564,      -1.43495,      -1.05894,   16.1488E-03
F:/Desktop/DeepOnet_Abaqus/StaticElasticJob.odb,Step-1,Increment      1: Step Time =    1.000,"PLATE-1",          2053,             1,  -848.964E-03,  -612.404E-03,            0.,"ASSEMBLY_PLATE-1__PICKEDSET2","ROCK","",  -978.217E-03,      -1.56262,      -1.55174,  -989.101E-03,   79.0072E-03
F:/Desktop/DeepOnet_Abaqus/StaticElasticJob.odb,Step-1,Increment      1: Step Time =    1.000,"PLATE-1",          2054,             1,   179.026E-03,      -1.04756,            0.,"ASSEMBLY_PLATE-1__PICKEDSET2","ROCK","",  -945.611E-03,      -1.63727,      -1.63726,  -945.621E-03,   2.57987E-03
F:/Desktop/DeepOnet_Abaqus/StaticElasticJob.odb,Step-1,Increment      1: Step Time =    1.000,"PLATE-1",          2055,             1,   226.674E-03,      -1.09687,            0.,"ASSEMBLY_PLATE-1__PICKEDSET2","ROCK","",  -948.462E-03,      -1.63239,      -1.63239,  -948.467E-03,  -1.81850E-03
F:/Desktop/DeepOnet_Abaqus/StaticElasticJob.odb,Step-1,Increment      1: Step Time =    1.000,"PLATE-1",          2056,             1,   371.593E-03,      -1.11484,            0.,"ASSEMBLY_PLATE-1__PICKEDSET2","ROCK","",  -948.994E-03,      -1.62901,      -1.62871,  -949.293E-03,  -14.2687E-03
F:/Desktop/DeepOnet_Abaqus/StaticElasticJob.odb,Step-1,Increment      1: Step Time =    1.000,"PLATE-1",          2057,             1,   924.664E-03,  -596.507E-03,            0.,"ASSEMBLY_PLATE-1__PICKEDSET2","ROCK","",  -965.558E-03,      -1.60624,      -1.59248,  -979.320E-03,  -92.8865E-03
F:/Desktop/DeepOnet_Abaqus/StaticElasticJob.odb,Step-1,Increment      1: Step Time =    1.000,"PLATE-1",          2058,             1,       1.08572,  -825.043E-03,            0.,"ASSEMBLY_PLATE-1__PICKEDSET2","ROCK","",  -989.627E-03,      -1.59582,      -1.58789,  -997.555E-03,  -68.8709E-03
F:/Desktop/DeepOnet_Abaqus/StaticElasticJob.odb,Step-1,Increment      1: Step Time =    1.000,"PLATE-1",          2059,             1,       1.02925,  -736.362E-03,            0.,"ASSEMBLY_PLATE-1__PICKEDSET2","ROCK","",  -983.636E-03,      -1.59990,      -1.59018,  -993.348E-03,  -76.7508E-03
F:/Desktop/DeepOnet_Abaqus/StaticElasticJob.odb,Step-1,Increment      1: Step Time =    1.000,"PLATE-1",          2060,             1,  -349.106E-03,  -959.439E-03,            0.,"ASSEMBLY_PLATE-1__PICKEDSET2","ROCK","",  -962.826E-03,      -1.62056,      -1.61811,  -965.275E-03,   40.0627E-03
F:/Desktop/DeepOnet_Abaqus/StaticElasticJob.odb,Step-1,Increment      1: Step Time =    1.000,"PLATE-1",          2061,             1,   897.997E-03,   348.708E-03,            0.,"ASSEMBLY_PLATE-1__PICKEDSET2","ROCK","",  -600.845E-03,      -1.88994,      -1.87016,  -620.632E-03,   158.480E-03
F:/Desktop/DeepOnet_Abaqus/StaticElasticJob.odb,Step-1,Increment      1: Step Time =    1.000,"PLATE-1",          2062,             1,   266.547E-03,       1.07672,            0.,"ASSEMBLY_PLATE-1__PICKEDSET2","ROCK","",  -993.859E-03,      -1.61097,      -1.50902,      -1.09581,  -229.179E-03
F:/Desktop/DeepOnet_Abaqus/StaticElasticJob.odb,Step-1,Increment      1: Step Time =    1.000,"PLATE-1",          2063,             1,   927.316E-03,   108.422E-03,            0.,"ASSEMBLY_PLATE-1__PICKEDSET2","ROCK","",  -895.436E-03,      -1.68089,      -1.67964,  -896.684E-03,  -31.2788E-03
F:/Desktop/DeepOnet_Abaqus/StaticElasticJob.odb,Step-1,Increment      1: Step Time =    1.000,"PLATE-1",          2064,             1,       1.01038,   232.964E-03,            0.,"ASSEMBLY_PLATE-1__PICKEDSET2","ROCK","",  -900.252E-03,      -1.82031,      -1.81306,  -907.500E-03,  -81.3427E-03
F:/Desktop/DeepOnet_Abaqus/StaticElasticJob.odb,Step-1,Increment      1: Step Time =    1.000,"PLATE-1",          2065,             1,   583.908E-03,       1.23880,            0.,"ASSEMBLY_PLATE-1__PICKEDSET2","ROCK","",      -1.22564,      -2.04407,      -1.99590,      -1.27381,  -192.618E-03
F:/Desktop/DeepOnet_Abaqus/StaticElasticJob.odb,Step-1,Increment      1: Step Time =    1.000,"PLATE-1",          2066,             1,   485.431E-03,   769.871E-03,            0.,"ASSEMBLY_PLATE-1__PICKEDSET2","ROCK","",  -754.946E-03,      -1.30450,  -905.955E-03,      -1.15349,   245.323E-03
F:/Desktop/DeepOnet_Abaqus/StaticElasticJob.odb,Step-1,Increment      1: Step Time =    1.000,"PLATE-1",          2067,             1,   712.395E-03,  -533.578E-03,            0.,"ASSEMBLY_PLATE-1__PICKEDSET2","ROCK","",  -918.735E-03,      -1.62585,      -1.61018,  -934.412E-03,  -104.115E-03
F:/Desktop/DeepOnet_Abaqus/StaticElasticJob.odb,Step-1,Increment      1: Step Time =    1.000,"PLATE-1",          2068,             1,       1.04330,  -256.421E-03,            0.,"ASSEMBLY_PLATE-1__PICKEDSET2","ROCK","",      -1.00867,      -1.59205,      -1.57446,      -1.02627,  -99.7858E-03
F:/Desktop/DeepOnet_Abaqus/StaticElasticJob.odb,Step-1,Increment      1: Step Time =    1.000,"PLATE-1",          2069,             1,      -1.02097,   529.349E-03,            0.,"ASSEMBLY_PLATE-1__PICKEDSET2","ROCK","",      -1.02735,      -1.47609,      -1.46930,      -1.03414,  -54.7925E-03
F:/Desktop/DeepOnet_Abaqus/StaticElasticJob.odb,Step-1,Increment      1: Step Time =    1.000,"PLATE-1",          2070,             1,  -867.668E-03,   445.013E-03,            0.,"ASSEMBLY_PLATE-1__PICKEDSET2","ROCK","",      -1.02856,      -1.45378,      -1.44320,      -1.03914,  -66.2326E-03
F:/Desktop/DeepOnet_Abaqus/StaticElasticJob.odb,Step-1,Increment      1: Step Time =    1.000,"PLATE-1",          2071,             1,   915.969E-03,   41.9123E-03,            0.,"ASSEMBLY_PLATE-1__PICKEDSET2","ROCK","",  -933.323E-03,      -1.64305,      -1.63982,  -936.552E-03,  -47.7574E-03
F:/Desktop/DeepOnet_Abaqus/StaticElasticJob.odb,Step-1,Increment      1: Step Time =    1.000,"PLATE-1",          2072,             1,   590.197E-03,   611.702E-03,            0.,"ASSEMBLY_PLATE-1__PICKEDSET2","ROCK","",  -448.055E-03,      -1.51540,      -1.14972,  -813.732E-03,   506.541E-03
F:/Desktop/DeepOnet_Abaqus/StaticElasticJob.odb,Step-1,Increment      1: Step Time =    1.000,"PLATE-1",          2073,             1,   455.761E-03,   638.243E-03,            0.,"ASSEMBLY_PLATE-1__PICKEDSET2","ROCK","",  -731.570E-03,      -1.44625,      -1.16470,      -1.01312,   349.210E-03
F:/Desktop/DeepOnet_Abaqus/StaticElasticJob.odb,Step-1,Increment      1: Step Time =    1.000,"PLATE-1",          2074,             1,   551.218E-03,  -815.506E-03,            0.,"ASSEMBLY_PLATE-1__PICKEDSET2","ROCK","",  -921.382E-03,      -1.64663,      -1.64273,  -925.289E-03,  -53.0874E-03
F:/Desktop/DeepOnet_Abaqus/StaticElasticJob.odb,Step-1,Increment      1: Step Time =    1.000,"PLATE-1",          2075,             1,       1.30825,   489.061E-03,            0.,"ASSEMBLY_PLATE-1__PICKEDSET2","ROCK","",      -1.31223,      -2.19901,      -2.05637,      -1.45486,  -325.793E-03
F:/Desktop/DeepOnet_Abaqus/StaticElasticJob.odb,Step-1,Increment      1: Step Time =    1.000,"PLATE-1",          2076,             1,   713.215E-03,  -902.789E-03,            0.,"ASSEMBLY_PLATE-1__PICKEDSET2","ROCK","",  -946.003E-03,      -1.62639,      -1.62167,  -950.730E-03,  -56.5116E-03
F:/Desktop/DeepOnet_Abaqus/StaticElasticJob.odb,Step-1,Increment      1: Step Time =    1.000,"PLATE-1",          2077,             1,  -511.431E-03,  -919.105E-03,            0.,"ASSEMBLY_PLATE-1__PICKEDSET2","ROCK","",  -965.911E-03,      -1.60836,      -1.60486,  -969.411E-03,   47.2896E-03
F:/Desktop/DeepOnet_Abaqus/StaticElasticJob.odb,Step-1,Increment      1: Step Time =    1.000,"PLATE-1",          2078,             1,  -392.354E-03,      -1.09548,            0.,"ASSEMBLY_PLATE-1__PICKEDSET2","ROCK","",  -968.589E-03,      -1.60847,      -1.60693,  -970.133E-03,   31.3920E-03
F:/Desktop/DeepOnet_Abaqus/StaticElasticJob.odb,Step-1,Increment      1: Step Time =    1.000,"PLATE-1",          2079,             1,  -530.190E-03,   902.012E-03,            0.,"ASSEMBLY_PLATE-1__PICKEDSET2","ROCK","",  -998.463E-03,      -1.54186,      -1.53378,      -1.00654,  -65.7636E-03
F:/Desktop/DeepOnet_Abaqus/StaticElasticJob.odb,Step-1,Increment      1: Step Time =    1.000,"PLATE-1",          2080,             1,   422.154E-03,  -915.125E-03,            0.,"ASSEMBLY_PLATE-1__PICKEDSET2","ROCK","",  -928.147E-03,      -1.64762,      -1.64654,  -929.222E-03,  -27.7830E-03
F:/Desktop/DeepOnet_Abaqus/StaticElasticJob.odb,Step-1,Increment      1: Step Time =    1.000,"PLATE-1",          2081,             1,       1.00396,   343.553E-03,            0.,"ASSEMBLY_PLATE-1__PICKEDSET2","ROCK","",  -762.075E-03,      -2.00907,      -2.00727,  -763.873E-03,  -47.3069E-03
F:/Desktop/DeepOnet_Abaqus/StaticElasticJob.odb,Step-1,Increment      1: Step Time =    1.000,"PLATE-1",          2082,             1,   857.891E-03,  -969.617E-03,            0.,"ASSEMBLY_PLATE-1__PICKEDSET2","ROCK","",  -964.066E-03,      -1.61264,      -1.60750,  -969.206E-03,  -57.5039E-03
F:/Desktop/DeepOnet_Abaqus/StaticElasticJob.odb,Step-1,Increment      1: Step Time =    1.000,"PLATE-1",          2083,             1,   853.720E-03,  -903.136E-03,            0.,"ASSEMBLY_PLATE-1__PICKEDSET2","ROCK","",  -961.229E-03,      -1.61445,      -1.60843,  -967.250E-03,  -62.4263E-03
F:/Desktop/DeepOnet_Abaqus/StaticElasticJob.odb,Step-1,Increment      1: Step Time =    1.000,"PLATE-1",          2084,             1,  -778.641E-03,   781.981E-03,            0.,"ASSEMBLY_PLATE-1__PICKEDSET2","ROCK","",  -997.522E-03,      -1.52210,      -1.51235,      -1.00727,  -70.8434E-03
F:/Desktop/DeepOnet_Abaqus/StaticElasticJob.odb,Step-1,Increment      1: Step Time =    1.000,"PLATE-1",          2085,             1,  -712.621E-03,   778.344E-03,            0.,"ASSEMBLY_PLATE-1__PICKEDSET2","ROCK","",  -994.573E-03,      -1.52519,      -1.51522,      -1.00455,  -72.0605E-03
F:/Desktop/DeepOnet_Abaqus/StaticElasticJob.odb,Step-1,Increment      1: Step Time =    1.000,"PLATE-1",          2086,             1,   792.941E-03,  -554.288E-03,            0.,"ASSEMBLY_PLATE-1__PICKEDSET2","ROCK","",  -937.847E-03,      -1.61763,      -1.60242,  -953.060E-03,  -100.549E-03
F:/Desktop/DeepOnet_Abaqus/StaticElasticJob.odb,Step-1,Increment      1: Step Time =    1.000,"PLATE-1",          2087,             1,   886.831E-03,  -96.2413E-03,            0.,"ASSEMBLY_PLATE-1__PICKEDSET2","ROCK","",  -964.651E-03,      -1.58543,      -1.57630,  -973.783E-03,  -74.7345E-03
F:/Desktop/DeepOnet_Abaqus/StaticElasticJob.odb,Step-1,Increment      1: Step Time =    1.000,"PLATE-1",          2088,             1,   804.850E-03,  -46.5595E-03,            0.,"ASSEMBLY_PLATE-1__PICKEDSET2","ROCK","",  -939.847E-03,      -1.56157,      -1.55920,  -942.221E-03,  -38.3505E-03
F:/Desktop/DeepOnet_Abaqus/StaticElasticJob.odb,Step-1,Increment      1: Step Time =    1.000,"PLATE-1",          2089,             1,      -1.08121,   242.922E-03,            0.,"ASSEMBLY_PLATE-1__PICKEDSET2","ROCK","",      -1.05544,      -1.43716,      -1.43628,      -1.05631,  -18.2351E-03
F:/Desktop/DeepOnet_Abaqus/StaticElasticJob.odb,Step-1,Increment      1: Step Time =    1.000,"PLATE-1",          2090,             1,   24.4560E-03,   763.297E-03,            0.,"ASSEMBLY_PLATE-1__PICKEDSET2","ROCK","",      -1.11900,      -1.41594,      -1.41574,      -1.11920,  -7.61409E-03
F:/Desktop/DeepOnet_Abaqus/StaticElasticJob.odb,Step-1,Increment      1: Step Time =    1.000,"PLATE-1",          2091,             1,  -450.792E-03,   923.803E-03,            0.,"ASSEMBLY_PLATE-1__PICKEDSET2","ROCK","",      -1.00421,      -1.54301,      -1.53534,      -1.01188,  -63.8337E-03
F:/Desktop/DeepOnet_Abaqus/StaticElasticJob.odb,Step-1,Increment      1: Step Time =    1.000,"PLATE-1",          2092,             1,  -936.232E-03,   263.300E-03,            0.,"ASSEMBLY_PLATE-1__PICKEDSET2","ROCK","",      -1.05903,      -1.41683,      -1.41376,      -1.06209,  -32.9541E-03
F:/Desktop/DeepOnet_Abaqus/StaticElasticJob.odb,Step-1,Increment      1: Step Time =    1.000,"PLATE-1",          2093,             1,  -885.543E-03,   237.244E-03,            0.,"ASSEMBLY_PLATE-1__PICKEDSET2","ROCK","",      -1.06633,      -1.39817,      -1.39472,      -1.06977,  -33.6222E-03
F:/Desktop/DeepOnet_Abaqus/StaticElasticJob.odb,Step-1,Increment      1: Step Time =    1.000,"PLATE-1",          2094,             1,   506.737E-03,       1.05338,            0.,"ASSEMBLY_PLATE-1__PICKEDSET2","ROCK","",  -803.973E-03,      -1.74865,      -1.34201,      -1.21061,  -467.747E-03
F:/Desktop/DeepOnet_Abaqus/StaticElasticJob.odb,Step-1,Increment      1: Step Time =    1.000,"PLATE-1",          2095,             1,  -42.6453E-03,      -1.06302,            0.,"ASSEMBLY_PLATE-1__PICKEDSET2","ROCK","",  -955.645E-03,      -1.62984,      -1.62927,  -956.219E-03,   19.6702E-03
F:/Desktop/DeepOnet_Abaqus/StaticElasticJob.odb,Step-1,Increment      1: Step Time =    1.000,"PLATE-1",          2096,             1,   365.189E-03,   899.713E-03,            0.,"ASSEMBLY_PLATE-1__PICKEDSET2","ROCK","",      -1.05827,      -1.34371,      -1.13733,      -1.26465,  -127.736E-03
F:/Desktop/DeepOnet_Abaqus/StaticElasticJob.odb,Step-1,Increment      1: Step Time =    1.000,"PLATE-1",          2097,             1,  -891.384E-03,  -804.073E-03,            0.,"ASSEMBLY_PLATE-1__PICKEDSET2","ROCK","",  -978.105E-03,      -1.57203,      -1.56621,  -983.927E-03,   58.5163E-03
F:/Desktop/DeepOnet_Abaqus/StaticElasticJob.odb,Step-1,Increment      1: Step Time =    1.000,"PLATE-1",          2098,             1,  -4.98021E-03,      -1.12382,            0.,"ASSEMBLY_PLATE-1__PICKEDSET2","ROCK","",  -958.247E-03,      -1.62472,      -1.62439,  -958.572E-03,   14.6979E-03
F:/Desktop/DeepOnet_Abaqus/StaticElasticJob.odb,Step-1,Increment      1: Step Time =    1.000,"PLATE-1",          2099,             1,   133.420E-03,  -997.018E-03,            0.,"ASSEMBLY_PLATE-1__PICKEDSET2","ROCK","",  -942.388E-03,      -1.64312,      -1.64303,  -942.477E-03,   7.87165E-03
F:/Desktop/DeepOnet_Abaqus/StaticElasticJob.odb,Step-1,Increment      1: Step Time =    1.000,"PLATE-1",          2100,             1,       1.27054,   453.300E-03,            0.,"ASSEMBLY_PLATE-1__PICKEDSET2","ROCK","",      -1.31981,      -2.44723,      -2.39916,      -1.36788,  -227.782E-03
F:/Desktop/DeepOnet_Abaqus/StaticElasticJob.odb,Step-1,Increment      1: Step Time =    1.000,"PLATE-1",          2101,             1,   404.225E-03,  -861.840E-03,            0.,"ASSEMBLY_PLATE-1__PICKEDSET2","ROCK","",  -919.873E-03,      -1.65520,      -1.65399,  -921.086E-03,  -29.8296E-03
F:/Desktop/DeepOnet_Abaqus/StaticElasticJob.odb,Step-1,Increment      1: Step Time =    1.000,"PLATE-1",          2102,             1,   429.272E-03,   682.069E-03,            0.,"ASSEMBLY_PLATE-1__PICKEDSET2","ROCK","",  -785.963E-03,      -1.37181,      -1.08363,      -1.07415,   292.885E-03
F:/Desktop/DeepOnet_Abaqus/StaticElasticJob.odb,Step-1,Increment      1: Step Time =    1.000,"PLATE-1",          2103,             1,  -597.189E-03,  -803.672E-03,            0.,"ASSEMBLY_PLATE-1__PICKEDSET2","ROCK","",  -964.862E-03,      -1.60268,      -1.59679,  -970.752E-03,   61.0066E-03
F:/Desktop/DeepOnet_Abaqus/StaticElasticJob.odb,Step-1,Increment      1: Step Time =    1.000,"PLATE-1",          2104,             1,   441.313E-03,  -965.240E-03,            0.,"ASSEMBLY_PLATE-1__PICKEDSET2","ROCK","",  -935.251E-03,      -1.64078,      -1.63977,  -936.257E-03,  -26.6285E-03
F:/Desktop/DeepOnet_Abaqus/StaticElasticJob.odb,Step-1,Increment      1: Step Time =    1.000,"PLATE-1",          2105,             1,       1.05688,   530.818E-03,            0.,"ASSEMBLY_PLATE-1__PICKEDSET2","ROCK","",  -199.442E-03,      -2.55264,      -2.35460,  -397.489E-03,   653.316E-03
F:/Desktop/DeepOnet_Abaqus/StaticElasticJob.odb,Step-1,Increment      1: Step Time =    1.000,"PLATE-1",          2106,             1,   789.855E-03,   472.304E-03,            0.,"ASSEMBLY_PLATE-1__PICKEDSET2","ROCK","",  -355.411E-03,      -1.77792,      -1.59898,  -534.350E-03,   471.722E-03
F:/Desktop/DeepOnet_Abaqus/StaticElasticJob.odb,Step-1,Increment      1: Step Time =    1.000,"PLATE-1",          2107,             1,       1.06782,  -318.661E-03,            0.,"ASSEMBLY_PLATE-1__PICKEDSET2","ROCK","",      -1.01029,      -1.59024,      -1.57369,      -1.02684,  -96.5681E-03
F:/Desktop/DeepOnet_Abaqus/StaticElasticJob.odb,Step-1,Increment      1: Step Time =    1.000,"PLATE-1",          2108,             1,       1.01870,       1.13988,            0.,"ASSEMBLY_PLATE-1__PICKEDSET2","ROCK","",  -204.086E-03,      -1.88984,      -1.69597,  -397.948E-03,   537.791E-03
F:/Desktop/DeepOnet_Abaqus/StaticElasticJob.odb,Step-1,Increment      1: Step Time =    1.000,"PLATE-1",          2109,             1,      -1.46619,      -1.05546,            0.,"ASSEMBLY_PLATE-1__PICKEDSET2","ROCK","",  -995.446E-03,      -1.55478,      -1.55270,  -997.534E-03,   34.1142E-03
F:/Desktop/DeepOnet_Abaqus/StaticElasticJob.odb,Step-1,Increment      1: Step Time =    1.000,"PLATE-1",          2110,             1,      -1.45025,  -964.361E-03,            0.,"ASSEMBLY_PLATE-1__PICKEDSET2","ROCK","",  -996.343E-03,      -1.55206,      -1.54969,  -998.719E-03,   36.2596E-03
F:/Desktop/DeepOnet_Abaqus/StaticElasticJob.odb,Step-1,Increment      1: Step Time =    1.000,"PLATE-1",          2111,             1,      -1.44146,  -751.754E-03,            0.,"ASSEMBLY_PLATE-1__PICKEDSET2","ROCK","",      -1.00170,      -1.54098,      -1.53785,      -1.00483,   40.9800E-03
F:/Desktop/DeepOnet_Abaqus/StaticElasticJob.odb,Step-1,Increment      1: Step Time =    1.000,"PLATE-1",          2112,             1,      -1.45951,  -544.155E-03,            0.,"ASSEMBLY_PLATE-1__PICKEDSET2","ROCK","",      -1.01120,      -1.52530,      -1.52203,      -1.01446,   40.8213E-03
F:/Desktop/DeepOnet_Abaqus/StaticElasticJob.odb,Step-1,Increment      1: Step Time =    1.000,"PLATE-1",          2113,             1,      -1.54022,  -246.787E-03,            0.,"ASSEMBLY_PLATE-1__PICKEDSET2","ROCK","",      -1.02726,      -1.50278,      -1.50111,      -1.02894,   28.1658E-03
F:/Desktop/DeepOnet_Abaqus/StaticElasticJob.odb,Step-1,Increment      1: Step Time =    1.000,"PLATE-1",          2114,             1,       1.47433,   737.204E-03,            0.,"ASSEMBLY_PLATE-1__PICKEDSET2","ROCK","",  -863.556E-03,      -1.39351,  -907.772E-03,      -1.34930,  -146.552E-03
F:/Desktop/DeepOnet_Abaqus/StaticElasticJob.odb,Step-1,Increment      1: Step Time =    1.000,"PLATE-1",          2115,             1,  -583.392E-03,       1.41070,            0.,"ASSEMBLY_PLATE-1__PICKEDSET2","ROCK","",  -992.431E-03,      -1.59137,      -1.58661,  -997.191E-03,  -53.1839E-03
F:/Desktop/DeepOnet_Abaqus/StaticElasticJob.odb,Step-1,Increment      1: Step Time =    1.000,"PLATE-1",          2116,             1,   885.176E-03,       1.44294,            0.,"ASSEMBLY_PLATE-1__PICKEDSET2","ROCK","",  -876.398E-03,      -1.89332,      -1.87670,  -893.016E-03,  -128.933E-03
F:/Desktop/DeepOnet_Abaqus/StaticElasticJob.odb,Step-1,Increment      1: Step Time =    1.000,"PLATE-1",          2117,             1,      -1.45312,   983.326E-03,            0.,"ASSEMBLY_PLATE-1__PICKEDSET2","ROCK","",      -1.01036,      -1.53239,      -1.52910,      -1.01365,  -41.3058E-03
F:/Desktop/DeepOnet_Abaqus/StaticElasticJob.odb,Step-1,Increment      1: Step Time =    1.000,"PLATE-1",          2118,             1,   745.749E-03,      -1.56238,            0.,"ASSEMBLY_PLATE-1__PICKEDSET2","ROCK","",  -981.598E-03,      -1.59437,      -1.59354,  -982.430E-03,  -22.5595E-03
F:/Desktop/DeepOnet_Abaqus/StaticElasticJob.odb,Step-1,Increment      1: Step Time =    1.000,"PLATE-1",          2119,             1,       1.45728,  -978.417E-03,            0.,"ASSEMBLY_PLATE-1__PICKEDSET2","ROCK","",      -1.01889,      -1.57487,      -1.57128,      -1.02247,  -44.4749E-03
F:/Desktop/DeepOnet_Abaqus/StaticElasticJob.odb,Step-1,Increment      1: Step Time =    1.000,"PLATE-1",          2120,             1,      -1.45529,   555.243E-03,            0.,"ASSEMBLY_PLATE-1__PICKEDSET2","ROCK","",      -1.02888,      -1.49894,      -1.49699,      -1.03083,  -30.1938E-03
F:/Desktop/DeepOnet_Abaqus/StaticElasticJob.odb,Step-1,Increment      1: Step Time =    1.000,"PLATE-1",          2121,             1,  -636.204E-03,      -1.45487,            0.,"ASSEMBLY_PLATE-1__PICKEDSET2","ROCK","",  -980.350E-03,      -1.58619,      -1.58551,  -981.032E-03,   20.3219E-03
F:/Desktop/DeepOnet_Abaqus/StaticElasticJob.odb,Step-1,Increment      1: Step Time =    1.000,"PLATE-1",          2122,             1,   378.207E-03,      -1.47277,            0.,"ASSEMBLY_PLATE-1__PICKEDSET2","ROCK","",  -971.481E-03,      -1.60414,      -1.60397,  -971.653E-03,  -10.4281E-03
F:/Desktop/DeepOnet_Abaqus/StaticElasticJob.odb,Step-1,Increment      1: Step Time =    1.000,"PLATE-1",          2123,             1,       1.02966,      -1.48199,            0.,"ASSEMBLY_PLATE-1__PICKEDSET2","ROCK","",  -990.605E-03,      -1.58747,      -1.58583,  -992.246E-03,  -31.2549E-03
F:/Desktop/DeepOnet_Abaqus/StaticElasticJob.odb,Step-1,Increment      1: Step Time =    1.000,"PLATE-1",          2124,             1,   935.087E-03,      -1.48694,            0.,"ASSEMBLY_PLATE-1__PICKEDSET2","ROCK","",  -986.401E-03,      -1.59089,      -1.58945,  -987.843E-03,  -29.4872E-03
F:/Desktop/DeepOnet_Abaqus/StaticElasticJob.odb,Step-1,Increment      1: Step Time =    1.000,"PLATE-1",          2125,             1,       1.43675,  -654.937E-03,            0.,"ASSEMBLY_PLATE-1__PICKEDSET2","ROCK","",      -1.03595,      -1.57450,      -1.56920,      -1.04125,  -53.1723E-03
F:/Desktop/DeepOnet_Abaqus/StaticElasticJob.odb,Step-1,Increment      1: Step Time =    1.000,"PLATE-1",          2126,             1,       1.48374,  -148.850E-03,            0.,"ASSEMBLY_PLATE-1__PICKEDSET2","ROCK","",      -1.08828,      -1.59555,      -1.59285,      -1.09098,  -36.9101E-03
F:/Desktop/DeepOnet_Abaqus/StaticElasticJob.odb,Step-1,Increment      1: Step Time =    1.000,"PLATE-1",          2127,             1,       1.48086,   452.858E-03,            0.,"ASSEMBLY_PLATE-1__PICKEDSET2","ROCK","",      -1.03998,      -1.85261,      -1.78955,      -1.10303,  -217.403E-03
F:/Desktop/DeepOnet_Abaqus/StaticElasticJob.odb,Step-1,Increment      1: Step Time =    1.000,"PLATE-1",          2128,             1,       1.47553,   358.438E-03,            0.,"ASSEMBLY_PLATE-1__PICKEDSET2","ROCK","",      -1.07972,      -1.82831,      -1.81558,      -1.09244,  -96.7646E-03
F:/Desktop/DeepOnet_Abaqus/StaticElasticJob.odb,Step-1,Increment      1: Step Time =    1.000,"PLATE-1",          2129,             1,       1.44075,       1.01906,            0.,"ASSEMBLY_PLATE-1__PICKEDSET2","ROCK","",  -700.078E-03,      -1.38622,      -1.05575,      -1.03054,   342.838E-03
F:/Desktop/DeepOnet_Abaqus/StaticElasticJob.odb,Step-1,Increment      1: Step Time =    1.000,"PLATE-1",          2130,             1,   647.079E-03,       1.46049,            0.,"ASSEMBLY_PLATE-1__PICKEDSET2","ROCK","",      -1.13566,      -1.81515,      -1.80350,      -1.14732,  -88.2119E-03
F:/Desktop/DeepOnet_Abaqus/StaticElasticJob.odb,Step-1,Increment      1: Step Time =    1.000,"PLATE-1",          2131,             1,  -427.602E-03,       1.55631,            0.,"ASSEMBLY_PLATE-1__PICKEDSET2","ROCK","",  -993.531E-03,      -1.61038,      -1.60699,  -996.927E-03,  -45.6396E-03
F:/Desktop/DeepOnet_Abaqus/StaticElasticJob.odb,Step-1,Increment      1: Step Time =    1.000,"PLATE-1",          2132,             1,  -927.929E-03,       1.45235,            0.,"ASSEMBLY_PLATE-1__PICKEDSET2","ROCK","",  -991.713E-03,      -1.57670,      -1.57314,  -995.273E-03,  -45.4964E-03
F:/Desktop/DeepOnet_Abaqus/StaticElasticJob.odb,Step-1,Increment      1: Step Time =    1.000,"PLATE-1",          2133,             1,      -1.43379,  -105.440E-03,            0.,"ASSEMBLY_PLATE-1__PICKEDSET2","ROCK","",      -1.03505,      -1.48768,      -1.48645,      -1.03628,   23.6053E-03
F:/Desktop/DeepOnet_Abaqus/StaticElasticJob.odb,Step-1,Increment      1: Step Time =    1.000,"PLATE-1",          2134,             1,      -1.46240,  -29.9444E-03,            0.,"ASSEMBLY_PLATE-1__PICKEDSET2","ROCK","",      -1.03773,      -1.48488,      -1.48429,      -1.03833,   16.3448E-03
F:/Desktop/DeepOnet_Abaqus/StaticElasticJob.odb,Step-1,Increment      1: Step Time =    1.000,"PLATE-1",          2135,             1,   15.3117E-03,      -1.43233,            0.,"ASSEMBLY_PLATE-1__PICKEDSET2","ROCK","",  -972.010E-03,      -1.60381,      -1.60376,  -972.055E-03,   5.35987E-03
F:/Desktop/DeepOnet_Abaqus/StaticElasticJob.odb,Step-1,Increment      1: Step Time =    1.000,"PLATE-1",          2136,             1,  -77.8441E-03,      -1.45711,            0.,"ASSEMBLY_PLATE-1__PICKEDSET2","ROCK","",  -974.108E-03,      -1.60077,      -1.60067,  -974.213E-03,   8.09953E-03
F:/Desktop/DeepOnet_Abaqus/StaticElasticJob.odb,Step-1,Increment      1: Step Time =    1.000,"PLATE-1",          2137,             1,       1.36448,   214.593E-03,            0.,"ASSEMBLY_PLATE-1__PICKEDSET2","ROCK","",      -1.17723,      -1.72189,      -1.71613,      -1.18298,  -55.6861E-03
F:/Desktop/DeepOnet_Abaqus/StaticElasticJob.odb,Step-1,Increment      1: Step Time =    1.000,"PLATE-1",          2138,             1,  -244.037E-03,       1.55537,            0.,"ASSEMBLY_PLATE-1__PICKEDSET2","ROCK","",  -996.810E-03,      -1.62770,      -1.62402,      -1.00049,  -48.0613E-03
F:/Desktop/DeepOnet_Abaqus/StaticElasticJob.odb,Step-1,Increment      1: Step Time =    1.000,"PLATE-1",          2139,             1,  -136.555E-03,       1.45930,            0.,"ASSEMBLY_PLATE-1__PICKEDSET2","ROCK","",  -999.524E-03,      -1.63758,      -1.63159,      -1.00551,  -61.5248E-03
F:/Desktop/DeepOnet_Abaqus/StaticElasticJob.odb,Step-1,Increment      1: Step Time =    1.000,"PLATE-1",          2140,             1,  -38.7251E-03,       1.46257,            0.,"ASSEMBLY_PLATE-1__PICKEDSET2","ROCK","",      -1.00089,      -1.65293,      -1.64652,      -1.00730,  -64.3291E-03
F:/Desktop/DeepOnet_Abaqus/StaticElasticJob.odb,Step-1,Increment      1: Step Time =    1.000,"PLATE-1",          2141,             1,   177.818E-03,      -1.43617,            0.,"ASSEMBLY_PLATE-1__PICKEDSET2","ROCK","",  -970.208E-03,      -1.60589,      -1.60589,  -970.209E-03,  -801.419E-06
F:/Desktop/DeepOnet_Abaqus/StaticElasticJob.odb,Step-1,Increment      1: Step Time =    1.000,"PLATE-1",          2142,             1,      -1.45641,   42.1800E-03,            0.,"ASSEMBLY_PLATE-1__PICKEDSET2","ROCK","",      -1.03972,      -1.48202,      -1.48187,      -1.03988,   8.27623E-03
F:/Desktop/DeepOnet_Abaqus/StaticElasticJob.odb,Step-1,Increment      1: Step Time =    1.000,"PLATE-1",          2143,             1,  -262.398E-03,      -1.47862,            0.,"ASSEMBLY_PLATE-1__PICKEDSET2","ROCK","",  -977.051E-03,      -1.59562,      -1.59537,  -977.304E-03,   12.5000E-03
F:/Desktop/DeepOnet_Abaqus/StaticElasticJob.odb,Step-1,Increment      1: Step Time =    1.000,"PLATE-1",          2144,             1,  -355.137E-03,      -1.48077,            0.,"ASSEMBLY_PLATE-1__PICKEDSET2","ROCK","",  -978.036E-03,      -1.59337,      -1.59303,  -978.376E-03,   14.4508E-03
F:/Desktop/DeepOnet_Abaqus/StaticElasticJob.odb,Step-1,Increment      1: Step Time =    1.000,"PLATE-1",          2145,             1,  -107.606E-03,      -1.36953,            0.,"ASSEMBLY_PLATE-1__PICKEDSET2","ROCK","",  -971.656E-03,      -1.60453,      -1.60434,  -971.845E-03,   10.9488E-03
F:/Desktop/DeepOnet_Abaqus/StaticElasticJob.odb,Step-1,Increment      1: Step Time =    1.000,"PLATE-1",          2146,             1,  -169.997E-03,      -1.47125,            0.,"ASSEMBLY_PLATE-1__PICKEDSET2","ROCK","",  -975.694E-03,      -1.59820,      -1.59803,  -975.865E-03,   10.3231E-03
F:/Desktop/DeepOnet_Abaqus/StaticElasticJob.odb,Step-1,Increment      1: Step Time =    1.000,"PLATE-1",          2147,             1,       1.47587,  -65.7628E-03,            0.,"ASSEMBLY_PLATE-1__PICKEDSET2","ROCK","",      -1.10001,      -1.61343,      -1.61047,      -1.10296,  -38.8536E-03
F:/Desktop/DeepOnet_Abaqus/StaticElasticJob.odb,Step-1,Increment      1: Step Time =    1.000,"PLATE-1",          2148,             1,   152.011E-03,       1.44778,            0.,"ASSEMBLY_PLATE-1__PICKEDSET2","ROCK","",      -1.00926,      -1.69967,      -1.69271,      -1.01622,  -68.9711E-03
F:/Desktop/DeepOnet_Abaqus/StaticElasticJob.odb,Step-1,Increment      1: Step Time =    1.000,"PLATE-1",          2149,             1,   251.106E-03,       1.43494,            0.,"ASSEMBLY_PLATE-1__PICKEDSET2","ROCK","",      -1.02324,      -1.73149,      -1.72600,      -1.02873,  -62.0982E-03
F:/Desktop/DeepOnet_Abaqus/StaticElasticJob.odb,Step-1,Increment      1: Step Time =    1.000,"PLATE-1",          2150,             1,   56.3204E-03,       1.46478,            0.,"ASSEMBLY_PLATE-1__PICKEDSET2","ROCK","",      -1.00674,      -1.67318,      -1.66716,      -1.01275,  -63.0418E-03
F:/Desktop/DeepOnet_Abaqus/StaticElasticJob.odb,Step-1,Increment      1: Step Time =    1.000,"PLATE-1",          2151,             1,       1.55519,   253.445E-03,            0.,"ASSEMBLY_PLATE-1__PICKEDSET2","ROCK","",      -1.07048,      -1.72764,      -1.72360,      -1.07451,  -51.3445E-03
F:/Desktop/DeepOnet_Abaqus/StaticElasticJob.odb,Step-1,Increment      1: Step Time =    1.000,"PLATE-1",          2152,             1,  -448.200E-03,      -1.47794,            0.,"ASSEMBLY_PLATE-1__PICKEDSET2","ROCK","",  -978.930E-03,      -1.59100,      -1.59056,  -979.369E-03,   16.3959E-03
F:/Desktop/DeepOnet_Abaqus/StaticElasticJob.odb,Step-1,Increment      1: Step Time =    1.000,"PLATE-1",          2153,             1,       1.44160,  -314.239E-03,            0.,"ASSEMBLY_PLATE-1__PICKEDSET2","ROCK","",      -1.06848,      -1.58027,      -1.57537,      -1.07337,  -49.8117E-03
F:/Desktop/DeepOnet_Abaqus/StaticElasticJob.odb,Step-1,Increment      1: Step Time =    1.000,"PLATE-1",          2154,             1,   379.824E-03,       1.45119,            0.,"ASSEMBLY_PLATE-1__PICKEDSET2","ROCK","",      -1.06178,      -1.75981,      -1.75642,      -1.06517,  -48.4965E-03
F:/Desktop/DeepOnet_Abaqus/StaticElasticJob.odb,Step-1,Increment      1: Step Time =    1.000,"PLATE-1",          2155,             1,   355.861E-03,       1.54644,            0.,"ASSEMBLY_PLATE-1__PICKEDSET2","ROCK","",      -1.05564,      -1.72520,      -1.72370,      -1.05713,  -31.6033E-03
F:/Desktop/DeepOnet_Abaqus/StaticElasticJob.odb,Step-1,Increment      1: Step Time =    1.000,"PLATE-1",          2156,             1,      -1.45208,   268.084E-03,            0.,"ASSEMBLY_PLATE-1__PICKEDSET2","ROCK","",      -1.03926,      -1.48251,      -1.48229,      -1.03948,  -9.86171E-03
F:/Desktop/DeepOnet_Abaqus/StaticElasticJob.odb,Step-1,Increment      1: Step Time =    1.000,"PLATE-1",          2157,             1,      -1.42394,   174.884E-03,            0.,"ASSEMBLY_PLATE-1__PICKEDSET2","ROCK","",      -1.04191,      -1.47711,      -1.47711,      -1.04192,  -1.60565E-03
F:/Desktop/DeepOnet_Abaqus/StaticElasticJob.odb,Step-1,Increment      1: Step Time =    1.000,"PLATE-1",          2158,             1,      -1.07532,      -1.47163,            0.,"ASSEMBLY_PLATE-1__PICKEDSET2","ROCK","",  -986.156E-03,      -1.57303,      -1.57205,  -987.136E-03,   23.9608E-03
F:/Desktop/DeepOnet_Abaqus/StaticElasticJob.odb,Step-1,Increment      1: Step Time =    1.000,"PLATE-1",          2159,             1,      -1.34901,      -1.55583,            0.,"ASSEMBLY_PLATE-1__PICKEDSET2","ROCK","",  -990.708E-03,      -1.56672,      -1.56583,  -991.593E-03,   22.5647E-03
F:/Desktop/DeepOnet_Abaqus/StaticElasticJob.odb,Step-1,Increment      1: Step Time =    1.000,"PLATE-1",          2160,             1,       1.24343,      -1.54647,            0.,"ASSEMBLY_PLATE-1__PICKEDSET2","ROCK","",  -999.652E-03,      -1.57917,      -1.57763,      -1.00119,  -29.8408E-03
F:/Desktop/DeepOnet_Abaqus/StaticElasticJob.odb,Step-1,Increment      1: Step Time =    1.000,"PLATE-1",          2161,             1,       1.28189,      -1.40289,            0.,"ASSEMBLY_PLATE-1__PICKEDSET2","ROCK","",      -1.00135,      -1.57977,      -1.57773,      -1.00339,  -34.3523E-03
F:/Desktop/DeepOnet_Abaqus/StaticElasticJob.odb,Step-1,Increment      1: Step Time =    1.000,"PLATE-1",          2162,             1,       1.46575,      -1.34808,            0.,"ASSEMBLY_PLATE-1__PICKEDSET2","ROCK","",      -1.00915,      -1.57442,      -1.57238,      -1.01120,  -33.9358E-03
F:/Desktop/DeepOnet_Abaqus/StaticElasticJob.odb,Step-1,Increment      1: Step Time =    1.000,"PLATE-1",          2163,             1,       1.34509,       1.27761,            0.,"ASSEMBLY_PLATE-1__PICKEDSET2","ROCK","",  -636.114E-03,      -1.63133,      -1.51264,  -754.812E-03,   322.554E-03
F:/Desktop/DeepOnet_Abaqus/StaticElasticJob.odb,Step-1,Increment      1: Step Time =    1.000,"PLATE-1",          2164,             1,       1.34652,       1.55980,            0.,"ASSEMBLY_PLATE-1__PICKEDSET2","ROCK","",  -782.632E-03,      -1.68705,      -1.67162,  -798.063E-03,   117.121E-03
F:/Desktop/DeepOnet_Abaqus/StaticElasticJob.odb,Step-1,Increment      1: Step Time =    1.000,"PLATE-1",          2165,             1,      -1.24807,       1.54117,            0.,"ASSEMBLY_PLATE-1__PICKEDSET2","ROCK","",  -994.370E-03,      -1.56876,      -1.56630,  -996.830E-03,  -37.5110E-03
F:/Desktop/DeepOnet_Abaqus/StaticElasticJob.odb,Step-1,Increment      1: Step Time =    1.000,"PLATE-1",          2166,             1,      -1.29090,       1.38781,            0.,"ASSEMBLY_PLATE-1__PICKEDSET2","ROCK","",  -996.944E-03,      -1.56067,      -1.55768,  -999.925E-03,  -40.8848E-03
F:/Desktop/DeepOnet_Abaqus/StaticElasticJob.odb,Step-1,Increment      1: Step Time =    1.000,"PLATE-1",          2167,             1,      -1.54530,      -1.24456,            0.,"ASSEMBLY_PLATE-1__PICKEDSET2","ROCK","",  -995.017E-03,      -1.55795,      -1.55650,  -996.469E-03,   28.5556E-03
F:/Desktop/DeepOnet_Abaqus/StaticElasticJob.odb,Step-1,Increment      1: Step Time =    1.000,"PLATE-1",          2168,             1,      -1.46736,       1.17551,            0.,"ASSEMBLY_PLATE-1__PICKEDSET2","ROCK","",      -1.00454,      -1.54518,      -1.54217,      -1.00756,  -40.2757E-03
F:/Desktop/DeepOnet_Abaqus/StaticElasticJob.odb,Step-1,Increment      1: Step Time =    1.000,"PLATE-1",          2169,             1,      -1.48257,       1.26220,            0.,"ASSEMBLY_PLATE-1__PICKEDSET2","ROCK","",      -1.00240,      -1.55016,      -1.54739,      -1.00517,  -38.8579E-03
F:/Desktop/DeepOnet_Abaqus/StaticElasticJob.odb,Step-1,Increment      1: Step Time =    1.000,"PLATE-1",          2170,             1,      -1.42936,      -1.35783,            0.,"ASSEMBLY_PLATE-1__PICKEDSET2","ROCK","",  -992.018E-03,      -1.56290,      -1.56161,  -993.306E-03,   27.0929E-03
F:/Desktop/DeepOnet_Abaqus/StaticElasticJob.odb,Step-1,Increment      1: Step Time =    1.000,"PLATE-1",          2171,             1,      -1.15326,      -1.55955,            0.,"ASSEMBLY_PLATE-1__PICKEDSET2","ROCK","",  -987.852E-03,      -1.57114,      -1.57031,  -988.689E-03,   22.0819E-03
F:/Desktop/DeepOnet_Abaqus/StaticElasticJob.odb,Step-1,Increment      1: Step Time =    1.000,"PLATE-1",          2172,             1,       1.36122,      -1.43743,            0.,"ASSEMBLY_PLATE-1__PICKEDSET2","ROCK","",      -1.00416,      -1.57697,      -1.57512,      -1.00601,  -32.5337E-03
F:/Desktop/DeepOnet_Abaqus/StaticElasticJob.odb,Step-1,Increment      1: Step Time =    1.000,"PLATE-1",          2173,             1,       1.47056,      -1.15768,            0.,"ASSEMBLY_PLATE-1__PICKEDSET2","ROCK","",      -1.01376,      -1.57461,      -1.57185,      -1.01652,  -39.2751E-03
F:/Desktop/DeepOnet_Abaqus/StaticElasticJob.odb,Step-1,Increment      1: Step Time =    1.000,"PLATE-1",          2174,             1,       1.40809,       1.36501,            0.,"ASSEMBLY_PLATE-1__PICKEDSET2","ROCK","",  -719.755E-03,      -1.62564,      -1.55240,  -792.997E-03,   246.951E-03
F:/Desktop/DeepOnet_Abaqus/StaticElasticJob.odb,Step-1,Increment      1: Step Time =    1.000,"PLATE-1",          2175,             1,       1.15889,       1.50236,            0.,"ASSEMBLY_PLATE-1__PICKEDSET2","ROCK","",  -739.506E-03,      -1.76713,      -1.76373,  -742.902E-03,   58.9833E-03
F:/Desktop/DeepOnet_Abaqus/StaticElasticJob.odb,Step-1,Increment      1: Step Time =    1.000,"PLATE-1",          2176,             1,      -1.37103,       1.42973,            0.,"ASSEMBLY_PLATE-1__PICKEDSET2","ROCK","",  -997.605E-03,      -1.56067,      -1.55806,      -1.00021,  -38.2082E-03
F:/Desktop/DeepOnet_Abaqus/StaticElasticJob.odb,Step-1,Increment      1: Step Time =    1.000,"PLATE-1",          2177,             1,      -1.02601,   115.283E-03,            0.,"ASSEMBLY_PLATE-1__PICKEDSET2","ROCK","",      -1.06508,      -1.41921,      -1.41919,      -1.06510,   2.63616E-03
F:/Desktop/DeepOnet_Abaqus/StaticElasticJob.odb,Step-1,Increment      1: Step Time =    1.000,"PLATE-1",          2178,             1,   30.4306E-03,       1.01107,            0.,"ASSEMBLY_PLATE-1__PICKEDSET2","ROCK","",      -1.05412,      -1.51558,      -1.48316,      -1.08654,  -117.938E-03
F:/Desktop/DeepOnet_Abaqus/StaticElasticJob.odb,Step-1,Increment      1: Step Time =    1.000,"PLATE-1",          2179,             1,      -1.06255,  -164.569E-03,            0.,"ASSEMBLY_PLATE-1__PICKEDSET2","ROCK","",      -1.03954,      -1.46257,      -1.45570,      -1.04640,   53.4513E-03
F:/Desktop/DeepOnet_Abaqus/StaticElasticJob.odb,Step-1,Increment      1: Step Time =    1.000,"PLATE-1",          2180,             1,   111.354E-03,       1.16186,            0.,"ASSEMBLY_PLATE-1__PICKEDSET2","ROCK","",      -1.00664,      -1.62198,      -1.57916,      -1.04945,  -156.565E-03
F:/Desktop/DeepOnet_Abaqus/StaticElasticJob.odb,Step-1,Increment      1: Step Time =    1.000,"PLATE-1",          2181,             1,   72.8330E-03,       1.12859,            0.,"ASSEMBLY_PLATE-1__PICKEDSET2","ROCK","",      -1.03038,      -1.58251,      -1.54975,      -1.06315,  -130.445E-03
F:/Desktop/DeepOnet_Abaqus/StaticElasticJob.odb,Step-1,Increment      1: Step Time =    1.000,"PLATE-1",          2182,             1,   857.440E-03,   531.996E-03,            0.,"ASSEMBLY_PLATE-1__PICKEDSET2","ROCK","",  -258.122E-03,      -1.81845,      -1.60763,  -468.941E-03,   533.388E-03
F:/Desktop/DeepOnet_Abaqus/StaticElasticJob.odb,Step-1,Increment      1: Step Time =    1.000,"PLATE-1",          2183,             1,   906.126E-03,   466.828E-03,            0.,"ASSEMBLY_PLATE-1__PICKEDSET2","ROCK","",  -367.262E-03,      -1.92613,      -1.81278,  -480.611E-03,   404.781E-03
F:/Desktop/DeepOnet_Abaqus/StaticElasticJob.odb,Step-1,Increment      1: Step Time =    1.000,"PLATE-1",          2184,             1,   631.409E-03,   783.605E-03,            0.,"ASSEMBLY_PLATE-1__PICKEDSET2","ROCK","",  -347.227E-03,      -1.32128,  -656.905E-03,      -1.01160,   453.587E-03
F:/Desktop/DeepOnet_Abaqus/StaticElasticJob.odb,Step-1,Increment      1: Step Time =    1.000,"PLATE-1",          2185,             1,   501.255E-03,       1.29951,            0.,"ASSEMBLY_PLATE-1__PICKEDSET2","ROCK","",      -1.10235,      -1.91700,      -1.89914,      -1.12022,  -119.311E-03
F:/Desktop/DeepOnet_Abaqus/StaticElasticJob.odb,Step-1,Increment      1: Step Time =    1.000,"PLATE-1",          2186,             1,   935.224E-03,  -528.832E-03,            0.,"ASSEMBLY_PLATE-1__PICKEDSET2","ROCK","",  -969.009E-03,      -1.60350,      -1.58749,  -985.020E-03,  -99.5101E-03
F:/Desktop/DeepOnet_Abaqus/StaticElasticJob.odb,Step-1,Increment      1: Step Time =    1.000,"PLATE-1",          2187,             1,  -454.478E-03,  -978.879E-03,            0.,"ASSEMBLY_PLATE-1__PICKEDSET2","ROCK","",  -966.781E-03,      -1.60999,      -1.60748,  -969.292E-03,   40.1086E-03
F:/Desktop/DeepOnet_Abaqus/StaticElasticJob.odb,Step-1,Increment      1: Step Time =    1.000,"PLATE-1",          2188,             1,   37.0624E-03,       1.16985,            0.,"ASSEMBLY_PLATE-1__PICKEDSET2","ROCK","",      -1.01416,      -1.60282,      -1.57263,      -1.04436,  -129.858E-03
F:/Desktop/DeepOnet_Abaqus/StaticElasticJob.odb,Step-1,Increment      1: Step Time =    1.000,"PLATE-1",          2189,             1,  -32.0829E-03,       1.19873,            0.,"ASSEMBLY_PLATE-1__PICKEDSET2","ROCK","",      -1.01139,      -1.60595,      -1.58414,      -1.03319,  -111.757E-03
F:/Desktop/DeepOnet_Abaqus/StaticElasticJob.odb,Step-1,Increment      1: Step Time =    1.000,"PLATE-1",          2190,             1,       1.01154,  -196.408E-03,            0.,"ASSEMBLY_PLATE-1__PICKEDSET2","ROCK","",      -1.00109,      -1.59364,      -1.57746,      -1.01726,  -96.5521E-03
F:/Desktop/DeepOnet_Abaqus/StaticElasticJob.odb,Step-1,Increment      1: Step Time =    1.000,"PLATE-1",          2191,             1,  -367.369E-03,      -1.24360,            0.,"ASSEMBLY_PLATE-1__PICKEDSET2","ROCK","",  -972.450E-03,      -1.60213,      -1.60133,  -973.259E-03,   22.5553E-03
F:/Desktop/DeepOnet_Abaqus/StaticElasticJob.odb,Step-1,Increment      1: Step Time =    1.000,"PLATE-1",          2192,             1,  -309.857E-03,      -1.16416,            0.,"ASSEMBLY_PLATE-1__PICKEDSET2","ROCK","",  -969.133E-03,      -1.60860,      -1.60761,  -970.122E-03,   25.1391E-03
F:/Desktop/DeepOnet_Abaqus/StaticElasticJob.odb,Step-1,Increment      1: Step Time =    1.000,"PLATE-1",          2193,             1,      -1.09748,   177.050E-03,            0.,"ASSEMBLY_PLATE-1__PICKEDSET2","ROCK","",      -1.05812,      -1.43479,      -1.43467,      -1.05825,  -6.93031E-03
F:/Desktop/DeepOnet_Abaqus/StaticElasticJob.odb,Step-1,Increment      1: Step Time =    1.000,"PLATE-1",          2194,             1,       1.30336,   393.784E-03,            0.,"ASSEMBLY_PLATE-1__PICKEDSET2","ROCK","",      -1.30640,      -1.99685,      -1.97195,      -1.33130,  -128.742E-03
F:/Desktop/DeepOnet_Abaqus/StaticElasticJob.odb,Step-1,Increment      1: Step Time =    1.000,"PLATE-1",          2195,             1,  -109.364E-03,   992.127E-03,            0.,"ASSEMBLY_PLATE-1__PICKEDSET2","ROCK","",      -1.04846,      -1.52135,      -1.50608,      -1.06373,  -83.6048E-03
F:/Desktop/DeepOnet_Abaqus/StaticElasticJob.odb,Step-1,Increment      1: Step Time =    1.000,"PLATE-1",          2196,             1,   951.927E-03,   401.419E-03,            0.,"ASSEMBLY_PLATE-1__PICKEDSET2","ROCK","",  -516.855E-03,      -2.06787,      -2.04920,  -535.523E-03,   169.135E-03
F:/Desktop/DeepOnet_Abaqus/StaticElasticJob.odb,Step-1,Increment      1: Step Time =    1.000,"PLATE-1",          2197,             1,  -923.427E-03,   402.644E-03,            0.,"ASSEMBLY_PLATE-1__PICKEDSET2","ROCK","",      -1.03745,      -1.44693,      -1.43905,      -1.04533,  -56.2722E-03
F:/Desktop/DeepOnet_Abaqus/StaticElasticJob.odb,Step-1,Increment      1: Step Time =    1.000,"PLATE-1",          2198,             1,      -1.01999,   373.161E-03,            0.,"ASSEMBLY_PLATE-1__PICKEDSET2","ROCK","",      -1.04417,      -1.44769,      -1.44324,      -1.04862,  -42.1568E-03
F:/Desktop/DeepOnet_Abaqus/StaticElasticJob.odb,Step-1,Increment      1: Step Time =    1.000,"PLATE-1",          2199,             1,  -929.557E-03,  -302.791E-03,            0.,"ASSEMBLY_PLATE-1__PICKEDSET2","ROCK","",      -1.01514,      -1.49161,      -1.47591,      -1.03084,   85.0482E-03
F:/Desktop/DeepOnet_Abaqus/StaticElasticJob.odb,Step-1,Increment      1: Step Time =    1.000,"PLATE-1",          2200,             1,  -861.573E-03,  -276.678E-03,            0.,"ASSEMBLY_PLATE-1__PICKEDSET2","ROCK","",      -1.01524,      -1.48365,      -1.46287,      -1.03602,   96.4333E-03
F:/Desktop/DeepOnet_Abaqus/StaticElasticJob.odb,Step-1,Increment      1: Step Time =    1.000,"PLATE-1",          2201,             1,  -611.412E-03,   888.425E-03,            0.,"ASSEMBLY_PLATE-1__PICKEDSET2","ROCK","",  -995.011E-03,      -1.54028,      -1.53171,      -1.00358,  -67.8244E-03
F:/Desktop/DeepOnet_Abaqus/StaticElasticJob.odb,Step-1,Increment      1: Step Time =    1.000,"PLATE-1",          2202,             1,   43.3168E-03,      -1.08494,            0.,"ASSEMBLY_PLATE-1__PICKEDSET2","ROCK","",  -953.660E-03,      -1.63033,      -1.63008,  -953.908E-03,   12.9737E-03
F:/Desktop/DeepOnet_Abaqus/StaticElasticJob.odb,Step-1,Increment      1: Step Time =    1.000,"PLATE-1",          2203,             1,   939.550E-03,  -971.922E-03,            0.,"ASSEMBLY_PLATE-1__PICKEDSET2","ROCK","",  -973.484E-03,      -1.60566,      -1.60017,  -978.974E-03,  -58.6549E-03
F:/Desktop/DeepOnet_Abaqus/StaticElasticJob.odb,Step-1,Increment      1: Step Time =    1.000,"PLATE-1",          2204,             1,   864.523E-03,  -28.9637E-03,            0.,"ASSEMBLY_PLATE-1__PICKEDSET2","ROCK","",  -948.086E-03,      -1.59267,      -1.58852,  -952.236E-03,  -51.5498E-03
F:/Desktop/DeepOnet_Abaqus/StaticElasticJob.odb,Step-1,Increment      1: Step Time =    1.000,"PLATE-1",          2205,             1,   467.379E-03,      -1.01715,            0.,"ASSEMBLY_PLATE-1__PICKEDSET2","ROCK","",  -941.025E-03,      -1.63514,      -1.63412,  -942.044E-03,  -26.5690E-03
F:/Desktop/DeepOnet_Abaqus/StaticElasticJob.odb,Step-1,Increment      1: Step Time =    1.000,"PLATE-1",          2206,             1,   467.805E-03,  -903.354E-03,            0.,"ASSEMBLY_PLATE-1__PICKEDSET2","ROCK","",  -928.206E-03,      -1.64610,      -1.64456,  -929.750E-03,  -33.2534E-03
F:/Desktop/DeepOnet_Abaqus/StaticElasticJob.odb,Step-1,Increment      1: Step Time =    1.000,"PLATE-1",          2207,             1,  -507.885E-03,   952.768E-03,            0.,"ASSEMBLY_PLATE-1__PICKEDSET2","ROCK","",      -1.00009,      -1.54735,      -1.53948,      -1.00795,  -65.1264E-03
F:/Desktop/DeepOnet_Abaqus/StaticElasticJob.odb,Step-1,Increment      1: Step Time =    1.000,"PLATE-1",          2208,             1,  -958.452E-03,  -400.030E-03,            0.,"ASSEMBLY_PLATE-1__PICKEDSET2","ROCK","",      -1.00508,      -1.51291,      -1.49984,      -1.01814,   80.4115E-03
F:/Desktop/DeepOnet_Abaqus/StaticElasticJob.odb,Step-1,Increment      1: Step Time =    1.000,"PLATE-1",          2209,             1,  -919.044E-03,  -453.876E-03,            0.,"ASSEMBLY_PLATE-1__PICKEDSET2","ROCK","",  -995.076E-03,      -1.52772,      -1.51353,      -1.00926,   85.7498E-03
F:/Desktop/DeepOnet_Abaqus/StaticElasticJob.odb,Step-1,Increment      1: Step Time =    1.000,"PLATE-1",          2210,             1,  -22.0410E-03,   848.753E-03,            0.,"ASSEMBLY_PLATE-1__PICKEDSET2","ROCK","",      -1.09145,      -1.45249,      -1.44516,      -1.09878,  -50.8970E-03
F:/Desktop/DeepOnet_Abaqus/StaticElasticJob.odb,Step-1,Increment      1: Step Time =    1.000,"PLATE-1",          2211,             1,  -33.2476E-03,   923.275E-03,            0.,"ASSEMBLY_PLATE-1__PICKEDSET2","ROCK","",      -1.07302,      -1.48416,      -1.46905,      -1.08813,  -77.3566E-03
F:/Desktop/DeepOnet_Abaqus/StaticElasticJob.odb,Step-1,Increment      1: Step Time =    1.000,"PLATE-1",          2212,             1,  -850.633E-03,   789.566E-03,            0.,"ASSEMBLY_PLATE-1__PICKEDSET2","ROCK","",      -1.00107,      -1.52077,      -1.51169,      -1.01016,  -68.1009E-03
F:/Desktop/DeepOnet_Abaqus/StaticElasticJob.odb,Step-1,Increment      1: Step Time =    1.000,"PLATE-1",          2213,             1,  -491.412E-03,       1.01009,            0.,"ASSEMBLY_PLATE-1__PICKEDSET2","ROCK","",      -1.00184,      -1.55318,      -1.54526,      -1.00976,  -65.6063E-03
F:/Desktop/DeepOnet_Abaqus/StaticElasticJob.odb,Step-1,Increment      1: Step Time =    1.000,"PLATE-1",          2214,             1,   182.565E-03,      -1.14483,            0.,"ASSEMBLY_PLATE-1__PICKEDSET2","ROCK","",  -953.618E-03,      -1.62709,      -1.62708,  -953.620E-03,   1.24267E-03
F:/Desktop/DeepOnet_Abaqus/StaticElasticJob.odb,Step-1,Increment      1: Step Time =    1.000,"PLATE-1",          2215,             1,   359.285E-03,   962.065E-03,            0.,"ASSEMBLY_PLATE-1__PICKEDSET2","ROCK","",      -1.00465,      -1.48444,      -1.26091,      -1.22818,  -239.336E-03
F:/Desktop/DeepOnet_Abaqus/StaticElasticJob.odb,Step-1,Increment      1: Step Time =    1.000,"PLATE-1",          2216,             1,   210.638E-03,       1.00054,            0.,"ASSEMBLY_PLATE-1__PICKEDSET2","ROCK","",      -1.05263,      -1.49762,      -1.42094,      -1.12930,  -168.053E-03
F:/Desktop/DeepOnet_Abaqus/StaticElasticJob.odb,Step-1,Increment      1: Step Time =    1.000,"PLATE-1",          2217,             1,   551.137E-03,  -944.571E-03,            0.,"ASSEMBLY_PLATE-1__PICKEDSET2","ROCK","",  -936.333E-03,      -1.63706,      -1.63479,  -938.607E-03,  -39.8514E-03
F:/Desktop/DeepOnet_Abaqus/StaticElasticJob.odb,Step-1,Increment      1: Step Time =    1.000,"PLATE-1",          2218,             1,   686.573E-03,  -961.966E-03,            0.,"ASSEMBLY_PLATE-1__PICKEDSET2","ROCK","",  -948.080E-03,      -1.62560,      -1.62194,  -951.734E-03,  -49.6173E-03
F:/Desktop/DeepOnet_Abaqus/StaticElasticJob.odb,Step-1,Increment      1: Step Time =    1.000,"PLATE-1",          2219,             1,       1.14211,  -300.968E-03,            0.,"ASSEMBLY_PLATE-1__PICKEDSET2","ROCK","",      -1.03155,      -1.58835,      -1.57340,      -1.04650,  -90.0266E-03
F:/Desktop/DeepOnet_Abaqus/StaticElasticJob.odb,Step-1,Increment      1: Step Time =    1.000,"PLATE-1",          2220,             1,   522.184E-03,       1.22303,            0.,"ASSEMBLY_PLATE-1__PICKEDSET2","ROCK","",      -1.08958,      -1.99530,      -1.97386,      -1.11103,  -137.701E-03
F:/Desktop/DeepOnet_Abaqus/StaticElasticJob.odb,Step-1,Increment      1: Step Time =    1.000,"PLATE-1",          2221,             1,   425.797E-03,       1.03963,            0.,"ASSEMBLY_PLATE-1__PICKEDSET2","ROCK","",  -953.774E-03,      -1.67920,      -1.37874,      -1.25424,  -357.334E-03
F:/Desktop/DeepOnet_Abaqus/StaticElasticJob.odb,Step-1,Increment      1: Step Time =    1.000,"PLATE-1",          2222,             1,  -702.974E-03,  -968.083E-03,            0.,"ASSEMBLY_PLATE-1__PICKEDSET2","ROCK","",  -972.057E-03,      -1.59171,      -1.58830,  -975.464E-03,   45.8247E-03
F:/Desktop/DeepOnet_Abaqus/StaticElasticJob.odb,Step-1,Increment      1: Step Time =    1.000,"PLATE-1",          2223,             1,   588.784E-03,   713.634E-03,            0.,"ASSEMBLY_PLATE-1__PICKEDSET2","ROCK","",  -438.448E-03,      -1.35513,  -861.678E-03,  -931.902E-03,   456.995E-03
F:/Desktop/DeepOnet_Abaqus/StaticElasticJob.odb,Step-1,Increment      1: Step Time =    1.000,"PLATE-1",          2224,             1,      -1.08534,  -225.332E-03,            0.,"ASSEMBLY_PLATE-1__PICKEDSET2","ROCK","",      -1.03169,      -1.47583,      -1.46803,      -1.03948,   58.3189E-03
F:/Desktop/DeepOnet_Abaqus/StaticElasticJob.odb,Step-1,Increment      1: Step Time =    1.000,"PLATE-1",          2225,             1,  -777.142E-03,   910.280E-03,            0.,"ASSEMBLY_PLATE-1__PICKEDSET2","ROCK","",  -996.473E-03,      -1.53816,      -1.52987,      -1.00477,  -66.5220E-03
F:/Desktop/DeepOnet_Abaqus/StaticElasticJob.odb,Step-1,Increment      1: Step Time =    1.000,"PLATE-1",          2226,             1,   248.871E-03,       1.14419,            0.,"ASSEMBLY_PLATE-1__PICKEDSET2","ROCK","",      -1.00826,      -1.66530,      -1.59530,      -1.07826,  -202.715E-03
F:/Desktop/DeepOnet_Abaqus/StaticElasticJob.odb,Step-1,Increment      1: Step Time =    1.000,"PLATE-1",          2227,             1,   180.499E-03,       1.11814,            0.,"ASSEMBLY_PLATE-1__PICKEDSET2","ROCK","",      -1.00590,      -1.61513,      -1.55240,      -1.06863,  -185.153E-03
F:/Desktop/DeepOnet_Abaqus/StaticElasticJob.odb,Step-1,Increment      1: Step Time =    1.000,"PLATE-1",          2228,             1,   436.305E-03,   972.733E-03,            0.,"ASSEMBLY_PLATE-1__PICKEDSET2","ROCK","",  -959.024E-03,      -1.46800,      -1.15722,      -1.26980,  -248.186E-03
F:/Desktop/DeepOnet_Abaqus/StaticElasticJob.odb,Step-1,Increment      1: Step Time =    1.000,"PLATE-1",          2229,             1,  -324.334E-03,      -1.01935,            0.,"ASSEMBLY_PLATE-1__PICKEDSET2","ROCK","",  -964.360E-03,      -1.61791,      -1.61616,  -966.112E-03,   33.7897E-03
F:/Desktop/DeepOnet_Abaqus/StaticElasticJob.odb,Step-1,Increment      1: Step Time =    1.000,"PLATE-1",          2230,             1,  -297.568E-03,      -1.23947,            0.,"ASSEMBLY_PLATE-1__PICKEDSET2","ROCK","",  -971.230E-03,      -1.60488,      -1.60418,  -971.929E-03,   21.0396E-03
F:/Desktop/DeepOnet_Abaqus/StaticElasticJob.odb,Step-1,Increment      1: Step Time =    1.000,"PLATE-1",          2231,             1,       1.17708,   314.342E-03,            0.,"ASSEMBLY_PLATE-1__PICKEDSET2","ROCK","",      -1.09633,      -1.97029,      -1.93643,      -1.13019,  -168.652E-03
F:/Desktop/DeepOnet_Abaqus/StaticElasticJob.odb,Step-1,Increment      1: Step Time =    1.000,"PLATE-1",          2232,             1,  -789.983E-03,  -786.240E-03,            0.,"ASSEMBLY_PLATE-1__PICKEDSET2","ROCK","",  -972.577E-03,      -1.58168,      -1.57523,  -979.026E-03,   62.3424E-03
F:/Desktop/DeepOnet_Abaqus/StaticElasticJob.odb,Step-1,Increment      1: Step Time =    1.000,"PLATE-1",          2233,             1,  -731.112E-03,  -796.724E-03,            0.,"ASSEMBLY_PLATE-1__PICKEDSET2","ROCK","",  -970.171E-03,      -1.58813,      -1.58199,  -976.312E-03,   61.2953E-03
F:/Desktop/DeepOnet_Abaqus/StaticElasticJob.odb,Step-1,Increment      1: Step Time =    1.000,"PLATE-1",          2234,             1,  -903.072E-03,   582.558E-03,            0.,"ASSEMBLY_PLATE-1__PICKEDSET2","ROCK","",      -1.01493,      -1.48648,      -1.47660,      -1.02481,  -67.5539E-03
F:/Desktop/DeepOnet_Abaqus/StaticElasticJob.odb,Step-1,Increment      1: Step Time =    1.000,"PLATE-1",          2235,             1,   555.932E-03,      -1.13374,            0.,"ASSEMBLY_PLATE-1__PICKEDSET2","ROCK","",  -954.379E-03,      -1.62186,      -1.62066,  -955.573E-03,  -28.2049E-03
F:/Desktop/DeepOnet_Abaqus/StaticElasticJob.odb,Step-1,Increment      1: Step Time =    1.000,"PLATE-1",          2236,             1,       1.41493,   468.173E-03,            0.,"ASSEMBLY_PLATE-1__PICKEDSET2","ROCK","",      -1.01922,      -1.96084,      -1.88836,      -1.09170,  -250.992E-03
F:/Desktop/DeepOnet_Abaqus/StaticElasticJob.odb,Step-1,Increment      1: Step Time =    1.000,"PLATE-1",          2237,             1,      -1.13201,  -178.318E-03,            0.,"ASSEMBLY_PLATE-1__PICKEDSET2","ROCK","",      -1.03728,      -1.47039,      -1.46522,      -1.04246,   47.0564E-03
F:/Desktop/DeepOnet_Abaqus/StaticElasticJob.odb,Step-1,Increment      1: Step Time =    1.000,"PLATE-1",          2238,             1,      -1.14197,  -274.122E-03,            0.,"ASSEMBLY_PLATE-1__PICKEDSET2","ROCK","",      -1.02593,      -1.48829,      -1.48132,      -1.03290,   56.3350E-03
F:/Desktop/DeepOnet_Abaqus/StaticElasticJob.odb,Step-1,Increment      1: Step Time =    1.000,"PLATE-1",          2239,             1,      -1.26139,   13.8784E-03,            0.,"ASSEMBLY_PLATE-1__PICKEDSET2","ROCK","",      -1.04651,      -1.46350,      -1.46275,      -1.04727,   17.7234E-03
F:/Desktop/DeepOnet_Abaqus/StaticElasticJob.odb,Step-1,Increment      1: Step Time =    1.000,"PLATE-1",          2240,             1,      -1.17474,  -120.068E-03,            0.,"ASSEMBLY_PLATE-1__PICKEDSET2","ROCK","",      -1.04160,      -1.46613,      -1.46263,      -1.04510,   38.3863E-03
F:/Desktop/DeepOnet_Abaqus/StaticElasticJob.odb,Step-1,Increment      1: Step Time =    1.000,"PLATE-1",          2241,             1,       1.00760,  -531.814E-03,            0.,"ASSEMBLY_PLATE-1__PICKEDSET2","ROCK","",  -984.614E-03,      -1.59675,      -1.58214,  -999.223E-03,  -93.4326E-03
F:/Desktop/DeepOnet_Abaqus/StaticElasticJob.odb,Step-1,Increment      1: Step Time =    1.000,"PLATE-1",          2242,             1,   449.886E-03,      -1.16927,            0.,"ASSEMBLY_PLATE-1__PICKEDSET2","ROCK","",  -953.860E-03,      -1.62313,      -1.62255,  -954.435E-03,  -19.6077E-03
F:/Desktop/DeepOnet_Abaqus/StaticElasticJob.odb,Step-1,Increment      1: Step Time =    1.000,"PLATE-1",          2243,             1,  -55.5011E-03,      -1.15809,            0.,"ASSEMBLY_PLATE-1__PICKEDSET2","ROCK","",  -961.814E-03,      -1.61986,      -1.61947,  -962.201E-03,   15.9708E-03
F:/Desktop/DeepOnet_Abaqus/StaticElasticJob.odb,Step-1,Increment      1: Step Time =    1.000,"PLATE-1",          2244,             1,       1.32648,   749.054E-03,            0.,"ASSEMBLY_PLATE-1__PICKEDSET2","ROCK","",  -424.528E-03,      -1.46233,  -425.537E-03,      -1.46132,   32.3446E-03
F:/Desktop/DeepOnet_Abaqus/StaticElasticJob.odb,Step-1,Increment      1: Step Time =    1.000,"PLATE-1",          2245,             1,       1.26076,   907.167E-03,            0.,"ASSEMBLY_PLATE-1__PICKEDSET2","ROCK","",  -267.701E-03,      -1.28287,  -681.818E-03,  -868.757E-03,   498.907E-03
F:/Desktop/DeepOnet_Abaqus/StaticElasticJob.odb,Step-1,Increment      1: Step Time =    1.000,"PLATE-1",          2246,             1,      -1.54909,  -852.866E-03,            0.,"ASSEMBLY_PLATE-1__PICKEDSET2","ROCK","",      -1.00116,      -1.54501,      -1.54261,      -1.00356,   36.0606E-03
F:/Desktop/DeepOnet_Abaqus/StaticElasticJob.odb,Step-1,Increment      1: Step Time =    1.000,"PLATE-1",          2247,             1,       1.55544,      -1.05533,            0.,"ASSEMBLY_PLATE-1__PICKEDSET2","ROCK","",      -1.01992,      -1.57222,      -1.56945,      -1.02269,  -39.0160E-03
F:/Desktop/DeepOnet_Abaqus/StaticElasticJob.odb,Step-1,Increment      1: Step Time =    1.000,"PLATE-1",          2248,             1,       1.45739,      -1.44724,            0.,"ASSEMBLY_PLATE-1__PICKEDSET2","ROCK","",      -1.00780,      -1.57351,      -1.57180,      -1.00951,  -31.0523E-03
F:/Desktop/DeepOnet_Abaqus/StaticElasticJob.odb,Step-1,Increment      1: Step Time =    1.000,"PLATE-1",          2249,             1,       1.43394,       1.46139,            0.,"ASSEMBLY_PLATE-1__PICKEDSET2","ROCK","",  -770.837E-03,      -1.64137,      -1.59960,  -812.607E-03,   186.057E-03
F:/Desktop/DeepOnet_Abaqus/StaticElasticJob.odb,Step-1,Increment      1: Step Time =    1.000,"PLATE-1",          2250,             1,      -1.46373,       1.44532,            0.,"ASSEMBLY_PLATE-1__PICKEDSET2","ROCK","",  -998.608E-03,      -1.55901,      -1.55667,      -1.00095,  -36.1190E-03
F:/Desktop/DeepOnet_Abaqus/StaticElasticJob.odb,Step-1,Increment      1: Step Time =    1.000,"PLATE-1",          2251,             1,      -1.44265,      -1.45652,            0.,"ASSEMBLY_PLATE-1__PICKEDSET2","ROCK","",  -992.218E-03,      -1.56377,      -1.56269,  -993.295E-03,   24.7948E-03
F:/Desktop/DeepOnet_Abaqus/StaticElasticJob.odb,Step-1,Increment      1: Step Time =    1.000,"PLATE-1",          2252,             1,       1.05645,       1.56127,            0.,"ASSEMBLY_PLATE-1__PICKEDSET2","ROCK","",  -805.263E-03,      -1.79837,      -1.79725,  -806.382E-03,  -33.3143E-03
F:/Desktop/DeepOnet_Abaqus/StaticElasticJob.odb,Step-1,Increment      1: Step Time =    1.000,"PLATE-1",          2253,             1,  -833.878E-03,      -1.41618,            0.,"ASSEMBLY_PLATE-1__PICKEDSET2","ROCK","",  -982.085E-03,      -1.58071,      -1.57974,  -983.052E-03,   24.0430E-03
F:/Desktop/DeepOnet_Abaqus/StaticElasticJob.odb,Step-1,Increment      1: Step Time =    1.000,"PLATE-1",          2254,             1,      -1.46345,  -449.885E-03,            0.,"ASSEMBLY_PLATE-1__PICKEDSET2","ROCK","",      -1.01630,      -1.51749,      -1.51445,      -1.01935,   38.9662E-03
F:/Desktop/DeepOnet_Abaqus/StaticElasticJob.odb,Step-1,Increment      1: Step Time =    1.000,"PLATE-1",          2255,             1,  -494.063E-03,       1.40010,            0.,"ASSEMBLY_PLATE-1__PICKEDSET2","ROCK","",  -993.494E-03,      -1.59565,      -1.59057,  -998.574E-03,  -55.0720E-03
F:/Desktop/DeepOnet_Abaqus/StaticElasticJob.odb,Step-1,Increment      1: Step Time =    1.000,"PLATE-1",          2256,             1,       1.11056,   360.442E-03,            0.,"ASSEMBLY_PLATE-1__PICKEDSET2","ROCK","",  -996.223E-03,      -2.05147,      -2.02141,      -1.02628,  -175.554E-03
F:/Desktop/DeepOnet_Abaqus/StaticElasticJob.odb,Step-1,Increment      1: Step Time =    1.000,"PLATE-1",          2257,             1,      -1.15613,      -1.40448,            0.,"ASSEMBLY_PLATE-1__PICKEDSET2","ROCK","",  -986.867E-03,      -1.57088,      -1.56970,  -988.042E-03,   26.1654E-03
F:/Desktop/DeepOnet_Abaqus/StaticElasticJob.odb,Step-1,Increment      1: Step Time =    1.000,"PLATE-1",          2258,             1,       1.30368,       1.13882,            0.,"ASSEMBLY_PLATE-1__PICKEDSET2","ROCK","",  -497.289E-03,      -1.56481,      -1.31314,  -748.963E-03,   453.130E-03
F:/Desktop/DeepOnet_Abaqus/StaticElasticJob.odb,Step-1,Increment      1: Step Time =    1.000,"PLATE-1",          2259,             1,      -1.44573,  -644.379E-03,            0.,"ASSEMBLY_PLATE-1__PICKEDSET2","ROCK","",      -1.00623,      -1.53356,      -1.53023,      -1.00957,   41.8193E-03
F:/Desktop/DeepOnet_Abaqus/StaticElasticJob.odb,Step-1,Increment      1: Step Time =    1.000,"PLATE-1",          2260,             1,  -615.218E-03,      -1.35967,            0.,"ASSEMBLY_PLATE-1__PICKEDSET2","ROCK","",  -978.317E-03,      -1.58903,      -1.58815,  -979.198E-03,   23.1876E-03
F:/Desktop/DeepOnet_Abaqus/StaticElasticJob.odb,Step-1,Increment      1: Step Time =    1.000,"PLATE-1",          2261,             1,       1.30517,      -1.33113,            0.,"ASSEMBLY_PLATE-1__PICKEDSET2","ROCK","",      -1.00308,      -1.57955,      -1.57720,      -1.00543,  -36.7246E-03
F:/Desktop/DeepOnet_Abaqus/StaticElasticJob.odb,Step-1,Increment      1: Step Time =    1.000,"PLATE-1",          2262,             1,       1.24090,      -1.33957,            0.,"ASSEMBLY_PLATE-1__PICKEDSET2","ROCK","",  -999.282E-03,      -1.58236,      -1.57999,      -1.00166,  -37.1276E-03
F:/Desktop/DeepOnet_Abaqus/StaticElasticJob.odb,Step-1,Increment      1: Step Time =    1.000,"PLATE-1",          2263,             1,      -1.30780,      -1.29084,            0.,"ASSEMBLY_PLATE-1__PICKEDSET2","ROCK","",  -989.663E-03,      -1.56559,      -1.56409,  -991.158E-03,   29.3129E-03
F:/Desktop/DeepOnet_Abaqus/StaticElasticJob.odb,Step-1,Increment      1: Step Time =    1.000,"PLATE-1",          2264,             1,       1.37419,   886.359E-03,            0.,"ASSEMBLY_PLATE-1__PICKEDSET2","ROCK","",  -506.192E-03,      -1.31366,  -729.499E-03,      -1.09036,   361.176E-03
F:/Desktop/DeepOnet_Abaqus/StaticElasticJob.odb,Step-1,Increment      1: Step Time =    1.000,"PLATE-1",          2265,             1,       1.29204,      -1.16835,            0.,"ASSEMBLY_PLATE-1__PICKEDSET2","ROCK","",      -1.00391,      -1.58173,      -1.57840,      -1.00723,  -43.7116E-03
F:/Desktop/DeepOnet_Abaqus/StaticElasticJob.odb,Step-1,Increment      1: Step Time =    1.000,"PLATE-1",          2266,             1,       1.38463,      -1.25018,            0.,"ASSEMBLY_PLATE-1__PICKEDSET2","ROCK","",      -1.00776,      -1.57737,      -1.57474,      -1.01039,  -38.6062E-03
F:/Desktop/DeepOnet_Abaqus/StaticElasticJob.odb,Step-1,Increment      1: Step Time =    1.000,"PLATE-1",          2267,             1,       1.40038,  -459.573E-03,            0.,"ASSEMBLY_PLATE-1__PICKEDSET2","ROCK","",      -1.05103,      -1.57650,      -1.56991,      -1.05762,  -58.4468E-03
F:/Desktop/DeepOnet_Abaqus/StaticElasticJob.odb,Step-1,Increment      1: Step Time =    1.000,"PLATE-1",          2268,             1,   514.125E-03,  -985.359E-03,            0.,"ASSEMBLY_PLATE-1__PICKEDSET2","ROCK","",  -939.383E-03,      -1.63557,      -1.63404,  -940.908E-03,  -32.5496E-03
F:/Desktop/DeepOnet_Abaqus/StaticElasticJob.odb,Step-1,Increment      1: Step Time =    1.000,"PLATE-1",          2269,             1,      -1.01422,  -441.077E-03,            0.,"ASSEMBLY_PLATE-1__PICKEDSET2","ROCK","",      -1.00418,      -1.51787,      -1.50696,      -1.01510,   74.0778E-03
F:/Desktop/DeepOnet_Abaqus/StaticElasticJob.odb,Step-1,Increment      1: Step Time =    1.000,"PLATE-1",          2270,             1,   604.924E-03,      -1.07645,            0.,"ASSEMBLY_PLATE-1__PICKEDSET2","ROCK","",  -951.483E-03,      -1.62401,      -1.62215,  -953.343E-03,  -35.3208E-03
F:/Desktop/DeepOnet_Abaqus/StaticElasticJob.odb,Step-1,Increment      1: Step Time =    1.000,"PLATE-1",          2271,             1,   977.344E-03,  -138.981E-03,            0.,"ASSEMBLY_PLATE-1__PICKEDSET2","ROCK","",  -991.632E-03,      -1.59757,      -1.58340,      -1.00580,  -91.5624E-03
F:/Desktop/DeepOnet_Abaqus/StaticElasticJob.odb,Step-1,Increment      1: Step Time =    1.000,"PLATE-1",          2272,             1,  -964.549E-03,  -635.352E-03,            0.,"ASSEMBLY_PLATE-1__PICKEDSET2","ROCK","",  -986.083E-03,      -1.55260,      -1.54402,  -994.671E-03,   69.2231E-03
F:/Desktop/DeepOnet_Abaqus/StaticElasticJob.odb,Step-1,Increment      1: Step Time =    1.000,"PLATE-1",          2273,             1,   572.604E-03,   817.432E-03,            0.,"ASSEMBLY_PLATE-1__PICKEDSET2","ROCK","",  -494.112E-03,      -1.27248,  -647.579E-03,      -1.11902,   309.681E-03
F:/Desktop/DeepOnet_Abaqus/StaticElasticJob.odb,Step-1,Increment      1: Step Time =    1.000,"PLATE-1",          2274,             1,      -1.28345,   99.4581E-03,            0.,"ASSEMBLY_PLATE-1__PICKEDSET2","ROCK","",      -1.04786,      -1.46224,      -1.46214,      -1.04795,   6.30212E-03
F:/Desktop/DeepOnet_Abaqus/StaticElasticJob.odb,Step-1,Increment      1: Step Time =    1.000,"PLATE-1",          2275,             1,  -617.620E-03,  -900.697E-03,            0.,"ASSEMBLY_PLATE-1__PICKEDSET2","ROCK","",  -968.431E-03,      -1.59866,      -1.59455,  -972.537E-03,   50.7052E-03
F:/Desktop/DeepOnet_Abaqus/StaticElasticJob.odb,Step-1,Increment      1: Step Time =    1.000,"PLATE-1",          2276,             1,  -983.122E-03,   438.654E-03,            0.,"ASSEMBLY_PLATE-1__PICKEDSET2","ROCK","",      -1.03507,      -1.45795,      -1.45123,      -1.04178,  -52.8567E-03
F:/Desktop/DeepOnet_Abaqus/StaticElasticJob.odb,Step-1,Increment      1: Step Time =    1.000,"PLATE-1",          2277,             1,  -432.779E-03,   983.362E-03,            0.,"ASSEMBLY_PLATE-1__PICKEDSET2","ROCK","",      -1.00532,      -1.54927,      -1.54136,      -1.01323,  -65.1337E-03
F:/Desktop/DeepOnet_Abaqus/StaticElasticJob.odb,Step-1,Increment      1: Step Time =    1.000,"PLATE-1",          2278,             1,      -1.34704,  -38.6050E-03,            0.,"ASSEMBLY_PLATE-1__PICKEDSET2","ROCK","",      -1.04163,      -1.47426,      -1.47328,      -1.04261,   20.5979E-03
F:/Desktop/DeepOnet_Abaqus/StaticElasticJob.odb,Step-1,Increment      1: Step Time =    1.000,"PLATE-1",          2279,             1,   38.2693E-03,      -1.18661,            0.,"ASSEMBLY_PLATE-1__PICKEDSET2","ROCK","",  -960.406E-03,      -1.62047,      -1.62031,  -960.564E-03,   10.1973E-03
F:/Desktop/DeepOnet_Abaqus/StaticElasticJob.odb,Step-1,Increment      1: Step Time =    1.000,"PLATE-1",          2280,             1,   87.7300E-03,      -1.14122,            0.,"ASSEMBLY_PLATE-1__PICKEDSET2","ROCK","",  -956.168E-03,      -1.62571,      -1.62561,  -956.269E-03,   8.21870E-03
F:/Desktop/DeepOnet_Abaqus/StaticElasticJob.odb,Step-1,Increment      1: Step Time =    1.000,"PLATE-1",          2281,             1,  -172.399E-03,   990.240E-03,            0.,"ASSEMBLY_PLATE-1__PICKEDSET2","ROCK","",      -1.03912,      -1.52898,      -1.51743,      -1.05067,  -74.3247E-03
F:/Desktop/DeepOnet_Abaqus/StaticElasticJob.odb,Step-1,Increment      1: Step Time =    1.000,"PLATE-1",          2282,             1,  -233.718E-03,   991.422E-03,            0.,"ASSEMBLY_PLATE-1__PICKEDSET2","ROCK","",      -1.02982,      -1.53743,      -1.52713,      -1.04013,  -71.5952E-03
F:/Desktop/DeepOnet_Abaqus/StaticElasticJob.odb,Step-1,Increment      1: Step Time =    1.000,"PLATE-1",          2283,             1,   999.283E-03,  -57.5370E-03,            0.,"ASSEMBLY_PLATE-1__PICKEDSET2","ROCK","",  -994.268E-03,      -1.61872,      -1.60590,      -1.00710,  -88.5784E-03
F:/Desktop/DeepOnet_Abaqus/StaticElasticJob.odb,Step-1,Increment      1: Step Time =    1.000,"PLATE-1",          2284,             1,      -1.00173,   720.827E-03,            0.,"ASSEMBLY_PLATE-1__PICKEDSET2","ROCK","",      -1.01140,      -1.50714,      -1.49952,      -1.01903,  -61.0081E-03
F:/Desktop/DeepOnet_Abaqus/StaticElasticJob.odb,Step-1,Increment      1: Step Time =    1.000,"PLATE-1",          2285,             1,       1.07396,  -680.983E-03,            0.,"ASSEMBLY_PLATE-1__PICKEDSET2","ROCK","",  -991.258E-03,      -1.59522,      -1.58452,      -1.00195,  -79.6591E-03
F:/Desktop/DeepOnet_Abaqus/StaticElasticJob.odb,Step-1,Increment      1: Step Time =    1.000,"PLATE-1",          2286,             1,  -674.396E-03,   912.860E-03,            0.,"ASSEMBLY_PLATE-1__PICKEDSET2","ROCK","",  -995.516E-03,      -1.54083,      -1.53242,      -1.00393,  -67.2010E-03
F:/Desktop/DeepOnet_Abaqus/StaticElasticJob.odb,Step-1,Increment      1: Step Time =    1.000,"PLATE-1",          2287,             1,  -972.911E-03,   569.357E-03,            0.,"ASSEMBLY_PLATE-1__PICKEDSET2","ROCK","",      -1.02074,      -1.48258,      -1.47421,      -1.02911,  -61.6230E-03
F:/Desktop/DeepOnet_Abaqus/StaticElasticJob.odb,Step-1,Increment      1: Step Time =    1.000,"PLATE-1",          2288,             1,      -1.07142,  -481.753E-03,            0.,"ASSEMBLY_PLATE-1__PICKEDSET2","ROCK","",      -1.00310,      -1.52351,      -1.51448,      -1.01213,   67.9463E-03
F:/Desktop/DeepOnet_Abaqus/StaticElasticJob.odb,Step-1,Increment      1: Step Time =    1.000,"PLATE-1",          2289,             1,  -13.6455E-03,       1.14240,            0.,"ASSEMBLY_PLATE-1__PICKEDSET2","ROCK","",      -1.02668,      -1.58335,      -1.55869,      -1.05134,  -114.527E-03
F:/Desktop/DeepOnet_Abaqus/StaticElasticJob.odb,Step-1,Increment      1: Step Time =    1.000,"PLATE-1",          2290,             1,  -141.888E-03,       1.20334,            0.,"ASSEMBLY_PLATE-1__PICKEDSET2","ROCK","",      -1.01088,      -1.59420,      -1.57922,      -1.02586,  -92.2643E-03
F:/Desktop/DeepOnet_Abaqus/StaticElasticJob.odb,Step-1,Increment      1: Step Time =    1.000,"PLATE-1",          2291,             1,   646.022E-03,       1.30422,            0.,"ASSEMBLY_PLATE-1__PICKEDSET2","ROCK","",      -1.25832,      -1.99937,      -1.98434,      -1.27335,  -104.459E-03
F:/Desktop/DeepOnet_Abaqus/StaticElasticJob.odb,Step-1,Increment      1: Step Time =    1.000,"PLATE-1",          2292,             1,   431.178E-03,       1.28438,            0.,"ASSEMBLY_PLATE-1__PICKEDSET2","ROCK","",      -1.05164,      -1.85852,      -1.84080,      -1.06936,  -118.260E-03
F:/Desktop/DeepOnet_Abaqus/StaticElasticJob.odb,Step-1,Increment      1: Step Time =    1.000,"PLATE-1",          2293,             1,       1.08704,   132.679E-03,            0.,"ASSEMBLY_PLATE-1__PICKEDSET2","ROCK","",      -1.03014,      -1.71264,      -1.69431,      -1.04848,  -110.349E-03
F:/Desktop/DeepOnet_Abaqus/StaticElasticJob.odb,Step-1,Increment      1: Step Time =    1.000,"PLATE-1",          2294,             1,       1.20110,   210.382E-03,            0.,"ASSEMBLY_PLATE-1__PICKEDSET2","ROCK","",      -1.12789,      -1.79030,      -1.76687,      -1.15132,  -122.365E-03
F:/Desktop/DeepOnet_Abaqus/StaticElasticJob.odb,Step-1,Increment      1: Step Time =    1.000,"PLATE-1",          2295,             1,      -1.05341,   308.882E-03,            0.,"ASSEMBLY_PLATE-1__PICKEDSET2","ROCK","",      -1.05031,      -1.44185,      -1.43943,      -1.05273,  -30.7105E-03
F:/Desktop/DeepOnet_Abaqus/StaticElasticJob.odb,Step-1,Increment      1: Step Time =    1.000,"PLATE-1",          2296,             1,  -925.480E-03,   723.534E-03,            0.,"ASSEMBLY_PLATE-1__PICKEDSET2","ROCK","",      -1.00733,      -1.50938,      -1.50067,      -1.01604,  -65.5586E-03
F:/Desktop/DeepOnet_Abaqus/StaticElasticJob.odb,Step-1,Increment      1: Step Time =    1.000,"PLATE-1",          2297,             1,       1.12921,  -967.179E-03,            0.,"ASSEMBLY_PLATE-1__PICKEDSET2","ROCK","",  -993.516E-03,      -1.59213,      -1.58654,  -999.107E-03,  -57.5816E-03
F:/Desktop/DeepOnet_Abaqus/StaticElasticJob.odb,Step-1,Increment      1: Step Time =    1.000,"PLATE-1",          2298,             1,       1.08077,  -544.411E-03,            0.,"ASSEMBLY_PLATE-1__PICKEDSET2","ROCK","",  -998.995E-03,      -1.59214,      -1.57875,      -1.01239,  -88.1305E-03
F:/Desktop/DeepOnet_Abaqus/StaticElasticJob.odb,Step-1,Increment      1: Step Time =    1.000,"PLATE-1",          2299,             1,  -438.412E-03,      -1.23886,            0.,"ASSEMBLY_PLATE-1__PICKEDSET2","ROCK","",  -973.349E-03,      -1.59969,      -1.59872,  -974.325E-03,   24.7041E-03
F:/Desktop/DeepOnet_Abaqus/StaticElasticJob.odb,Step-1,Increment      1: Step Time =    1.000,"PLATE-1",          2300,             1,  -362.320E-03,      -1.32128,            0.,"ASSEMBLY_PLATE-1__PICKEDSET2","ROCK","",  -974.449E-03,      -1.59894,      -1.59832,  -975.065E-03,   19.5944E-03
F:/Desktop/DeepOnet_Abaqus/StaticElasticJob.odb,Step-1,Increment      1: Step Time =    1.000,"PLATE-1",          2301,             1,   163.817E-03,       1.18759,            0.,"ASSEMBLY_PLATE-1__PICKEDSET2","ROCK","",      -1.00844,      -1.65565,      -1.61554,      -1.04856,  -156.055E-03
F:/Desktop/DeepOnet_Abaqus/StaticElasticJob.odb,Step-1,Increment      1: Step Time =    1.000,"PLATE-1",          2302,             1,       1.15875,  -364.753E-03,            0.,"ASSEMBLY_PLATE-1__PICKEDSET2","ROCK","",      -1.02898,      -1.58536,      -1.57115,      -1.04319,  -87.7624E-03
F:/Desktop/DeepOnet_Abaqus/StaticElasticJob.odb,Step-1,Increment      1: Step Time =    1.000,"PLATE-1",          2303,             1,   461.446E-03,      -1.23190,            0.,"ASSEMBLY_PLATE-1__PICKEDSET2","ROCK","",  -959.045E-03,      -1.61792,      -1.61741,  -959.556E-03,  -18.3452E-03
F:/Desktop/DeepOnet_Abaqus/StaticElasticJob.odb,Step-1,Increment      1: Step Time =    1.000,"PLATE-1",          2304,             1,   408.415E-03,       1.11096,            0.,"ASSEMBLY_PLATE-1__PICKEDSET2","ROCK","",  -917.963E-03,      -1.77289,      -1.59071,      -1.10015,  -350.091E-03
F:/Desktop/DeepOnet_Abaqus/StaticElasticJob.odb,Step-1,Increment      1: Step Time =    1.000,"PLATE-1",          2305,             1,  -844.413E-03,   854.916E-03,            0.,"ASSEMBLY_PLATE-1__PICKEDSET2","ROCK","",  -999.260E-03,      -1.52945,      -1.52100,      -1.00771,  -66.3775E-03
F:/Desktop/DeepOnet_Abaqus/StaticElasticJob.odb,Step-1,Increment      1: Step Time =    1.000,"PLATE-1",          2306,             1,       1.00488,   443.553E-03,            0.,"ASSEMBLY_PLATE-1__PICKEDSET2","ROCK","",  -455.278E-03,      -2.29588,      -2.27149,  -479.675E-03,   210.500E-03
F:/Desktop/DeepOnet_Abaqus/StaticElasticJob.odb,Step-1,Increment      1: Step Time =    1.000,"PLATE-1",          2307,             1,  -660.886E-03,   983.325E-03,            0.,"ASSEMBLY_PLATE-1__PICKEDSET2","ROCK","",  -995.885E-03,      -1.54893,      -1.54104,      -1.00378,  -65.5911E-03
F:/Desktop/DeepOnet_Abaqus/StaticElasticJob.odb,Step-1,Increment      1: Step Time =    1.000,"PLATE-1",          2308,             1,  -582.077E-03,   934.103E-03,            0.,"ASSEMBLY_PLATE-1__PICKEDSET2","ROCK","",  -997.047E-03,      -1.54465,      -1.53658,      -1.00511,  -65.9706E-03
F:/Desktop/DeepOnet_Abaqus/StaticElasticJob.odb,Step-1,Increment      1: Step Time =    1.000,"PLATE-1",          2309,             1,       1.08913,  -767.933E-03,            0.,"ASSEMBLY_PLATE-1__PICKEDSET2","ROCK","",  -990.921E-03,      -1.59514,      -1.58640,  -999.664E-03,  -72.1565E-03
F:/Desktop/DeepOnet_Abaqus/StaticElasticJob.odb,Step-1,Increment      1: Step Time =    1.000,"PLATE-1",          2310,             1,  -108.120E-03,      -1.18920,            0.,"ASSEMBLY_PLATE-1__PICKEDSET2","ROCK","",  -964.662E-03,      -1.61593,      -1.61548,  -965.113E-03,   17.1140E-03
F:/Desktop/DeepOnet_Abaqus/StaticElasticJob.odb,Step-1,Increment      1: Step Time =    1.000,"PLATE-1",          2311,             1,       1.20395,  -112.914E-03,            0.,"ASSEMBLY_PLATE-1__PICKEDSET2","ROCK","",      -1.07073,      -1.60771,      -1.59403,      -1.08441,  -84.6025E-03
F:/Desktop/DeepOnet_Abaqus/StaticElasticJob.odb,Step-1,Increment      1: Step Time =    1.000,"PLATE-1",          2312,             1,       1.03840,  -108.001E-03,            0.,"ASSEMBLY_PLATE-1__PICKEDSET2","ROCK","",      -1.01065,      -1.60867,      -1.59372,      -1.02559,  -93.3425E-03
F:/Desktop/DeepOnet_Abaqus/StaticElasticJob.odb,Step-1,Increment      1: Step Time =    1.000,"PLATE-1",          2313,             1,       1.06695,  -924.323E-03,            0.,"ASSEMBLY_PLATE-1__PICKEDSET2","ROCK","",  -986.603E-03,      -1.59691,      -1.59062,  -992.899E-03,  -61.6657E-03
F:/Desktop/DeepOnet_Abaqus/StaticElasticJob.odb,Step-1,Increment      1: Step Time =    1.000,"PLATE-1",          2314,             1,       1.17684,  -834.761E-03,            0.,"ASSEMBLY_PLATE-1__PICKEDSET2","ROCK","",      -1.00014,      -1.58943,      -1.58213,      -1.00743,  -65.1724E-03
F:/Desktop/DeepOnet_Abaqus/StaticElasticJob.odb,Step-1,Increment      1: Step Time =    1.000,"PLATE-1",          2315,             1,       1.08935,   40.0809E-03,            0.,"ASSEMBLY_PLATE-1__PICKEDSET2","ROCK","",      -1.03419,      -1.66217,      -1.64585,      -1.05051,  -99.9114E-03
F:/Desktop/DeepOnet_Abaqus/StaticElasticJob.odb,Step-1,Increment      1: Step Time =    1.000,"PLATE-1",          2316,             1,      -1.36893,       1.00723,            0.,"ASSEMBLY_PLATE-1__PICKEDSET2","ROCK","",      -1.00842,      -1.53405,      -1.53031,      -1.01216,  -44.1661E-03
F:/Desktop/DeepOnet_Abaqus/StaticElasticJob.odb,Step-1,Increment      1: Step Time =    1.000,"PLATE-1",          2317,             1,   811.713E-03,  -511.482E-03,            0.,"ASSEMBLY_PLATE-1__PICKEDSET2","ROCK","",  -941.710E-03,      -1.61189,      -1.59495,  -958.652E-03,  -105.202E-03
F:/Desktop/DeepOnet_Abaqus/StaticElasticJob.odb,Step-1,Increment      1: Step Time =    1.000,"PLATE-1",          2318,             1,   868.259E-03,  -522.233E-03,            0.,"ASSEMBLY_PLATE-1__PICKEDSET2","ROCK","",  -954.276E-03,      -1.60732,      -1.59098,  -970.612E-03,  -101.985E-03
F:/Desktop/DeepOnet_Abaqus/StaticElasticJob.odb,Step-1,Increment      1: Step Time =    1.000,"PLATE-1",          2319,             1,       1.18012,  -207.642E-03,            0.,"ASSEMBLY_PLATE-1__PICKEDSET2","ROCK","",      -1.05345,      -1.59398,      -1.57994,      -1.06750,  -85.9837E-03
F:/Desktop/DeepOnet_Abaqus/StaticElasticJob.odb,Step-1,Increment      1: Step Time =    1.000,"PLATE-1",          2320,             1,   190.793E-03,      -1.24651,            0.,"ASSEMBLY_PLATE-1__PICKEDSET2","ROCK","",  -960.354E-03,      -1.61850,      -1.61850,  -960.354E-03,  -46.7553E-06
F:/Desktop/DeepOnet_Abaqus/StaticElasticJob.odb,Step-1,Increment      1: Step Time =    1.000,"PLATE-1",          2321,             1,   232.189E-03,      -1.19153,            0.,"ASSEMBLY_PLATE-1__PICKEDSET2","ROCK","",  -956.172E-03,      -1.62310,      -1.62309,  -956.182E-03,  -2.50782E-03
F:/Desktop/DeepOnet_Abaqus/StaticElasticJob.odb,Step-1,Increment      1: Step Time =    1.000,"PLATE-1",          2322,             1,       1.02356,  -990.986E-03,            0.,"ASSEMBLY_PLATE-1__PICKEDSET2","ROCK","",  -982.515E-03,      -1.59937,      -1.59399,  -987.896E-03,  -57.3639E-03
F:/Desktop/DeepOnet_Abaqus/StaticElasticJob.odb,Step-1,Increment      1: Step Time =    1.000,"PLATE-1",          2323,             1,       1.55816,   745.469E-03,            0.,"ASSEMBLY_PLATE-1__PICKEDSET2","ROCK","",      -1.00066,      -1.37476,      -1.10387,      -1.27155,  -167.203E-03
F:/Desktop/DeepOnet_Abaqus/StaticElasticJob.odb,Step-1,Increment      1: Step Time =    1.000,"PLATE-1",          2324,             1,   643.978E-03,       1.38441,            0.,"ASSEMBLY_PLATE-1__PICKEDSET2","ROCK","",      -1.20146,      -1.87593,      -1.85959,      -1.21780,  -103.694E-03
F:/Desktop/DeepOnet_Abaqus/StaticElasticJob.odb,Step-1,Increment      1: Step Time =    1.000,"PLATE-1",          2325,             1,  -584.582E-03,      -1.09480,            0.,"ASSEMBLY_PLATE-1__PICKEDSET2","ROCK","",  -972.469E-03,      -1.59696,      -1.59502,  -974.415E-03,   34.8033E-03
F:/Desktop/DeepOnet_Abaqus/StaticElasticJob.odb,Step-1,Increment      1: Step Time =    1.000,"PLATE-1",          2326,             1,      -1.24875,  -359.926E-03,            0.,"ASSEMBLY_PLATE-1__PICKEDSET2","ROCK","",      -1.01977,      -1.50376,      -1.49847,      -1.02507,   50.3328E-03
F:/Desktop/DeepOnet_Abaqus/StaticElasticJob.odb,Step-1,Increment      1: Step Time =    1.000,"PLATE-1",          2327,             1,      -1.09611,  -326.172E-03,            0.,"ASSEMBLY_PLATE-1__PICKEDSET2","ROCK","",      -1.01942,      -1.49662,      -1.48817,      -1.02788,   62.9657E-03
F:/Desktop/DeepOnet_Abaqus/StaticElasticJob.odb,Step-1,Increment      1: Step Time =    1.000,"PLATE-1",          2328,             1,   278.577E-03,       1.01256,            0.,"ASSEMBLY_PLATE-1__PICKEDSET2","ROCK","",      -1.03766,      -1.53026,      -1.40379,      -1.16413,  -215.183E-03
F:/Desktop/DeepOnet_Abaqus/StaticElasticJob.odb,Step-1,Increment      1: Step Time =    1.000,"PLATE-1",          2329,             1,  -994.342E-03,  -338.882E-03,            0.,"ASSEMBLY_PLATE-1__PICKEDSET2","ROCK","",      -1.01417,      -1.49847,      -1.48626,      -1.02638,   75.9049E-03
F:/Desktop/DeepOnet_Abaqus/StaticElasticJob.odb,Step-1,Increment      1: Step Time =    1.000,"PLATE-1",          2330,             1,   503.514E-03,      -1.07583,            0.,"ASSEMBLY_PLATE-1__PICKEDSET2","ROCK","",  -947.647E-03,      -1.62853,      -1.62749,  -948.689E-03,  -26.6249E-03
F:/Desktop/DeepOnet_Abaqus/StaticElasticJob.odb,Step-1,Increment      1: Step Time =    1.000,"PLATE-1",          2331,             1,   735.786E-03,  -998.363E-03,            0.,"ASSEMBLY_PLATE-1__PICKEDSET2","ROCK","",  -954.339E-03,      -1.62046,      -1.61671,  -958.091E-03,  -49.8460E-03
F:/Desktop/DeepOnet_Abaqus/StaticElasticJob.odb,Step-1,Increment      1: Step Time =    1.000,"PLATE-1",          2332,             1,      -1.21530,   296.524E-03,            0.,"ASSEMBLY_PLATE-1__PICKEDSET2","ROCK","",      -1.04650,      -1.45997,      -1.45903,      -1.04745,  -19.7286E-03
F:/Desktop/DeepOnet_Abaqus/StaticElasticJob.odb,Step-1,Increment      1: Step Time =    1.000,"PLATE-1",          2333,             1,  -574.355E-03,  -970.928E-03,            0.,"ASSEMBLY_PLATE-1__PICKEDSET2","ROCK","",  -969.114E-03,      -1.60111,      -1.59810,  -972.125E-03,   43.5180E-03
F:/Desktop/DeepOnet_Abaqus/StaticElasticJob.odb,Step-1,Increment      1: Step Time =    1.000,"PLATE-1",          2334,             1,      -1.13886,       1.35687,            0.,"ASSEMBLY_PLATE-1__PICKEDSET2","ROCK","",  -995.120E-03,      -1.56388,      -1.56028,  -998.714E-03,  -45.0668E-03
F:/Desktop/DeepOnet_Abaqus/StaticElasticJob.odb,Step-1,Increment      1: Step Time =    1.000,"PLATE-1",          2335,             1,       1.09778,      -1.39053,            0.,"ASSEMBLY_PLATE-1__PICKEDSET2","ROCK","",  -992.753E-03,      -1.58692,      -1.58479,  -994.884E-03,  -35.5186E-03
F:/Desktop/DeepOnet_Abaqus/StaticElasticJob.odb,Step-1,Increment      1: Step Time =    1.000,"PLATE-1",          2336,             1,       1.20513,       1.27461,            0.,"ASSEMBLY_PLATE-1__PICKEDSET2","ROCK","",  -556.965E-03,      -1.74667,      -1.67038,  -633.260E-03,   291.458E-03
F:/Desktop/DeepOnet_Abaqus/StaticElasticJob.odb,Step-1,Increment      1: Step Time =    1.000,"PLATE-1",          2337,             1,       1.17663,       1.17297,            0.,"ASSEMBLY_PLATE-1__PICKEDSET2","ROCK","",  -388.299E-03,      -1.77121,      -1.60847,  -551.043E-03,   445.618E-03
F:/Desktop/DeepOnet_Abaqus/StaticElasticJob.odb,Step-1,Increment      1: Step Time =    1.000,"PLATE-1",          2338,             1,      -1.27148,  -870.337E-03,            0.,"ASSEMBLY_PLATE-1__PICKEDSET2","ROCK","",  -993.357E-03,      -1.55264,      -1.54917,  -996.831E-03,   43.9410E-03
F:/Desktop/DeepOnet_Abaqus/StaticElasticJob.odb,Step-1,Increment      1: Step Time =    1.000,"PLATE-1",          2339,             1,  -800.166E-03,      -1.31236,            0.,"ASSEMBLY_PLATE-1__PICKEDSET2","ROCK","",  -980.108E-03,      -1.58273,      -1.58146,  -981.378E-03,   27.6346E-03
F:/Desktop/DeepOnet_Abaqus/StaticElasticJob.odb,Step-1,Increment      1: Step Time =    1.000,"PLATE-1",          2340,             1,  -165.987E-03,   921.437E-03,            0.,"ASSEMBLY_PLATE-1__PICKEDSET2","ROCK","",      -1.04762,      -1.51287,      -1.50412,      -1.05637,  -63.2071E-03
F:/Desktop/DeepOnet_Abaqus/StaticElasticJob.odb,Step-1,Increment      1: Step Time =    1.000,"PLATE-1",          2341,             1,      -1.05497,  -381.903E-03,            0.,"ASSEMBLY_PLATE-1__PICKEDSET2","ROCK","",      -1.01241,      -1.50601,      -1.49616,      -1.02226,   69.0340E-03
F:/Desktop/DeepOnet_Abaqus/StaticElasticJob.odb,Step-1,Increment      1: Step Time =    1.000,"PLATE-1",          2342,             1,      -1.27583,   252.745E-03,            0.,"ASSEMBLY_PLATE-1__PICKEDSET2","ROCK","",      -1.04670,      -1.46284,      -1.46244,      -1.04710,  -12.9063E-03
F:/Desktop/DeepOnet_Abaqus/StaticElasticJob.odb,Step-1,Increment      1: Step Time =    1.000,"PLATE-1",          2343,             1,   980.729E-03,      -1.14325,            0.,"ASSEMBLY_PLATE-1__PICKEDSET2","ROCK","",  -980.921E-03,      -1.59932,      -1.59573,  -984.518E-03,  -47.0216E-03
F:/Desktop/DeepOnet_Abaqus/StaticElasticJob.odb,Step-1,Increment      1: Step Time =    1.000,"PLATE-1",          2344,             1,       1.10974,   184.324E-03,            0.,"ASSEMBLY_PLATE-1__PICKEDSET2","ROCK","",      -1.02281,      -1.78351,      -1.76329,      -1.04302,  -122.338E-03
F:/Desktop/DeepOnet_Abaqus/StaticElasticJob.odb,Step-1,Increment      1: Step Time =    1.000,"PLATE-1",          2345,             1,  -604.481E-03,       1.04629,            0.,"ASSEMBLY_PLATE-1__PICKEDSET2","ROCK","",  -996.740E-03,      -1.55643,      -1.54886,      -1.00431,  -64.6485E-03
F:/Desktop/DeepOnet_Abaqus/StaticElasticJob.odb,Step-1,Increment      1: Step Time =    1.000,"PLATE-1",          2346,             1,  -477.534E-03,       1.07232,            0.,"ASSEMBLY_PLATE-1__PICKEDSET2","ROCK","",      -1.00136,      -1.56046,      -1.55250,      -1.00932,  -66.2552E-03
F:/Desktop/DeepOnet_Abaqus/StaticElasticJob.odb,Step-1,Increment      1: Step Time =    1.000,"PLATE-1",          2347,             1,       1.26656,   177.675E-03,            0.,"ASSEMBLY_PLATE-1__PICKEDSET2","ROCK","",      -1.18618,      -1.70539,      -1.69137,      -1.20019,  -84.1495E-03
F:/Desktop/DeepOnet_Abaqus/StaticElasticJob.odb,Step-1,Increment      1: Step Time =    1.000,"PLATE-1",          2348,             1,       1.29170,   237.689E-03,            0.,"ASSEMBLY_PLATE-1__PICKEDSET2","ROCK","",      -1.17575,      -1.78303,      -1.77418,      -1.18460,  -72.7795E-03
F:/Desktop/DeepOnet_Abaqus/StaticElasticJob.odb,Step-1,Increment      1: Step Time =    1.000,"PLATE-1",          2349,             1,       1.41555,   533.215E-03,            0.,"ASSEMBLY_PLATE-1__PICKEDSET2","ROCK","",  -996.065E-03,      -1.89269,      -1.69329,      -1.19546,  -372.859E-03
F:/Desktop/DeepOnet_Abaqus/StaticElasticJob.odb,Step-1,Increment      1: Step Time =    1.000,"PLATE-1",          2350,             1,  -83.4273E-03,       1.19956,            0.,"ASSEMBLY_PLATE-1__PICKEDSET2","ROCK","",      -1.01476,      -1.59799,      -1.57989,      -1.03285,  -101.117E-03
F:/Desktop/DeepOnet_Abaqus/StaticElasticJob.odb,Step-1,Increment      1: Step Time =    1.000,"PLATE-1",          2351,             1,  -235.269E-03,       1.06017,            0.,"ASSEMBLY_PLATE-1__PICKEDSET2","ROCK","",      -1.02330,      -1.55229,      -1.54068,      -1.03490,  -77.4922E-03
F:/Desktop/DeepOnet_Abaqus/StaticElasticJob.odb,Step-1,Increment      1: Step Time =    1.000,"PLATE-1",          2352,             1,       1.22376,  -282.324E-03,            0.,"ASSEMBLY_PLATE-1__PICKEDSET2","ROCK","",      -1.05389,      -1.58456,      -1.57271,      -1.06574,  -78.4071E-03
F:/Desktop/DeepOnet_Abaqus/StaticElasticJob.odb,Step-1,Increment      1: Step Time =    1.000,"PLATE-1",          2353,             1,       1.33548,  -177.057E-03,            0.,"ASSEMBLY_PLATE-1__PICKEDSET2","ROCK","",      -1.08950,      -1.58919,      -1.58206,      -1.09662,  -59.2429E-03
F:/Desktop/DeepOnet_Abaqus/StaticElasticJob.odb,Step-1,Increment      1: Step Time =    1.000,"PLATE-1",          2354,             1,   7.97183E-03,       1.21690,            0.,"ASSEMBLY_PLATE-1__PICKEDSET2","ROCK","",      -1.01166,      -1.62070,      -1.59815,      -1.03421,  -115.005E-03
F:/Desktop/DeepOnet_Abaqus/StaticElasticJob.odb,Step-1,Increment      1: Step Time =    1.000,"PLATE-1",          2355,             1,       1.15130,  -12.4043E-03,            0.,"ASSEMBLY_PLATE-1__PICKEDSET2","ROCK","",      -1.06164,      -1.63223,      -1.61756,      -1.07631,  -90.3100E-03
F:/Desktop/DeepOnet_Abaqus/StaticElasticJob.odb,Step-1,Increment      1: Step Time =    1.000,"PLATE-1",          2356,             1,   662.782E-03,      -1.11723,            0.,"ASSEMBLY_PLATE-1__PICKEDSET2","ROCK","",  -957.715E-03,      -1.61829,      -1.61624,  -959.768E-03,  -36.7706E-03
F:/Desktop/DeepOnet_Abaqus/StaticElasticJob.odb,Step-1,Increment      1: Step Time =    1.000,"PLATE-1",          2357,             1,   759.451E-03,      -1.08509,            0.,"ASSEMBLY_PLATE-1__PICKEDSET2","ROCK","",  -961.959E-03,      -1.61443,      -1.61137,  -965.023E-03,  -44.6046E-03
F:/Desktop/DeepOnet_Abaqus/StaticElasticJob.odb,Step-1,Increment      1: Step Time =    1.000,"PLATE-1",          2358,             1,   827.004E-03,      -1.10736,            0.,"ASSEMBLY_PLATE-1__PICKEDSET2","ROCK","",  -968.419E-03,      -1.60918,      -1.60596,  -971.640E-03,  -45.3127E-03
F:/Desktop/DeepOnet_Abaqus/StaticElasticJob.odb,Step-1,Increment      1: Step Time =    1.000,"PLATE-1",          2359,             1,  -715.074E-03,   994.763E-03,            0.,"ASSEMBLY_PLATE-1__PICKEDSET2","ROCK","",  -995.087E-03,      -1.54896,      -1.54122,      -1.00282,  -65.0018E-03
F:/Desktop/DeepOnet_Abaqus/StaticElasticJob.odb,Step-1,Increment      1: Step Time =    1.000,"PLATE-1",          2360,             1,  -764.959E-03,   991.852E-03,            0.,"ASSEMBLY_PLATE-1__PICKEDSET2","ROCK","",  -995.911E-03,      -1.54673,      -1.53920,      -1.00345,  -63.9824E-03
F:/Desktop/DeepOnet_Abaqus/StaticElasticJob.odb,Step-1,Increment      1: Step Time =    1.000,"PLATE-1",          2361,             1,       1.33800,   328.993E-03,            0.,"ASSEMBLY_PLATE-1__PICKEDSET2","ROCK","",      -1.21639,      -1.87805,      -1.86751,      -1.22693,  -82.8470E-03
F:/Desktop/DeepOnet_Abaqus/StaticElasticJob.odb,Step-1,Increment      1: Step Time =    1.000,"PLATE-1",          2362,             1,      -1.17333,   360.646E-03,            0.,"ASSEMBLY_PLATE-1__PICKEDSET2","ROCK","",      -1.04395,      -1.46044,      -1.45834,      -1.04604,  -29.4630E-03
F:/Desktop/DeepOnet_Abaqus/StaticElasticJob.odb,Step-1,Increment      1: Step Time =    1.000,"PLATE-1",          2363,             1,      -1.24650,  -270.444E-03,            0.,"ASSEMBLY_PLATE-1__PICKEDSET2","ROCK","",      -1.02739,      -1.49166,      -1.48702,      -1.03202,   46.1589E-03
F:/Desktop/DeepOnet_Abaqus/StaticElasticJob.odb,Step-1,Increment      1: Step Time =    1.000,"PLATE-1",          2364,             1,      -1.24391,  -166.745E-03,            0.,"ASSEMBLY_PLATE-1__PICKEDSET2","ROCK","",      -1.03609,      -1.47830,      -1.47505,      -1.03934,   37.7876E-03
F:/Desktop/DeepOnet_Abaqus/StaticElasticJob.odb,Step-1,Increment      1: Step Time =    1.000,"PLATE-1",          2365,             1,       1.15125,  -571.091E-03,            0.,"ASSEMBLY_PLATE-1__PICKEDSET2","ROCK","",      -1.00978,      -1.58715,      -1.57551,      -1.02142,  -81.1486E-03
F:/Desktop/DeepOnet_Abaqus/StaticElasticJob.odb,Step-1,Increment      1: Step Time =    1.000,"PLATE-1",          2366,             1,   563.723E-03,       1.38655,            0.,"ASSEMBLY_PLATE-1__PICKEDSET2","ROCK","",      -1.15770,      -1.86854,      -1.86280,      -1.16344,  -63.6398E-03
F:/Desktop/DeepOnet_Abaqus/StaticElasticJob.odb,Step-1,Increment      1: Step Time =    1.000,"PLATE-1",          2367,             1,   484.214E-03,       1.38084,            0.,"ASSEMBLY_PLATE-1__PICKEDSET2","ROCK","",      -1.09607,      -1.83239,      -1.82702,      -1.10144,  -62.6289E-03
F:/Desktop/DeepOnet_Abaqus/StaticElasticJob.odb,Step-1,Increment      1: Step Time =    1.000,"PLATE-1",          2368,             1,       1.17293,   151.412E-03,            0.,"ASSEMBLY_PLATE-1__PICKEDSET2","ROCK","",      -1.10595,      -1.72201,      -1.69902,      -1.12893,  -116.748E-03
F:/Desktop/DeepOnet_Abaqus/StaticElasticJob.odb,Step-1,Increment      1: Step Time =    1.000,"PLATE-1",          2369,             1,       1.04080,  -11.4189E-03,            0.,"ASSEMBLY_PLATE-1__PICKEDSET2","ROCK","",      -1.00837,      -1.63900,      -1.62534,      -1.02203,  -91.7960E-03
F:/Desktop/DeepOnet_Abaqus/StaticElasticJob.odb,Step-1,Increment      1: Step Time =    1.000,"PLATE-1",          2370,             1,      -1.15526,   702.067E-03,            0.,"ASSEMBLY_PLATE-1__PICKEDSET2","ROCK","",      -1.01808,      -1.50410,      -1.49849,      -1.02369,  -51.8969E-03
F:/Desktop/DeepOnet_Abaqus/StaticElasticJob.odb,Step-1,Increment      1: Step Time =    1.000,"PLATE-1",          2371,             1,   136.770E-03,      -1.19646,            0.,"ASSEMBLY_PLATE-1__PICKEDSET2","ROCK","",  -958.326E-03,      -1.62178,      -1.62176,  -958.349E-03,   3.91082E-03
F:/Desktop/DeepOnet_Abaqus/StaticElasticJob.odb,Step-1,Increment      1: Step Time =    1.000,"PLATE-1",          2372,             1,   146.887E-03,      -1.30870,            0.,"ASSEMBLY_PLATE-1__PICKEDSET2","ROCK","",  -964.462E-03,      -1.61354,      -1.61354,  -964.466E-03,   1.62358E-03
F:/Desktop/DeepOnet_Abaqus/StaticElasticJob.odb,Step-1,Increment      1: Step Time =    1.000,"PLATE-1",          2373,             1,  -996.510E-03,  -816.663E-03,            0.,"ASSEMBLY_PLATE-1__PICKEDSET2","ROCK","",  -983.132E-03,      -1.56459,      -1.55944,  -988.282E-03,   54.4763E-03
F:/Desktop/DeepOnet_Abaqus/StaticElasticJob.odb,Step-1,Increment      1: Step Time =    1.000,"PLATE-1",          2374,             1,  -418.459E-03,       1.04659,            0.,"ASSEMBLY_PLATE-1__PICKEDSET2","ROCK","",      -1.00647,      -1.55659,      -1.54836,      -1.01470,  -66.7909E-03
F:/Desktop/DeepOnet_Abaqus/StaticElasticJob.odb,Step-1,Increment      1: Step Time =    1.000,"PLATE-1",          2375,             1,      -1.04908,   463.681E-03,            0.,"ASSEMBLY_PLATE-1__PICKEDSET2","ROCK","",      -1.03429,      -1.46690,      -1.46154,      -1.03966,  -47.8949E-03
F:/Desktop/DeepOnet_Abaqus/StaticElasticJob.odb,Step-1,Increment      1: Step Time =    1.000,"PLATE-1",          2376,             1,       1.23709,  -966.660E-03,            0.,"ASSEMBLY_PLATE-1__PICKEDSET2","ROCK","",      -1.00261,      -1.58581,      -1.58073,      -1.00769,  -54.1764E-03
F:/Desktop/DeepOnet_Abaqus/StaticElasticJob.odb,Step-1,Increment      1: Step Time =    1.000,"PLATE-1",          2377,             1,       1.18101,  -919.949E-03,            0.,"ASSEMBLY_PLATE-1__PICKEDSET2","ROCK","",  -998.701E-03,      -1.58916,      -1.58315,      -1.00471,  -59.2482E-03
F:/Desktop/DeepOnet_Abaqus/StaticElasticJob.odb,Step-1,Increment      1: Step Time =    1.000,"PLATE-1",          2378,             1,  -730.928E-03,   940.752E-03,            0.,"ASSEMBLY_PLATE-1__PICKEDSET2","ROCK","",  -995.944E-03,      -1.54175,      -1.53360,      -1.00409,  -66.1982E-03
F:/Desktop/DeepOnet_Abaqus/StaticElasticJob.odb,Step-1,Increment      1: Step Time =    1.000,"PLATE-1",          2379,             1,      -1.08047,   398.537E-03,            0.,"ASSEMBLY_PLATE-1__PICKEDSET2","ROCK","",      -1.04135,      -1.45748,      -1.45360,      -1.04524,  -40.0056E-03
F:/Desktop/DeepOnet_Abaqus/StaticElasticJob.odb,Step-1,Increment      1: Step Time =    1.000,"PLATE-1",          2380,             1,   455.477E-03,       1.20493,            0.,"ASSEMBLY_PLATE-1__PICKEDSET2","ROCK","",  -983.023E-03,      -1.97085,      -1.90988,      -1.04399,  -237.706E-03
F:/Desktop/DeepOnet_Abaqus/StaticElasticJob.odb,Step-1,Increment      1: Step Time =    1.000,"PLATE-1",          2381,             1,  -178.733E-03,       1.05930,            0.,"ASSEMBLY_PLATE-1__PICKEDSET2","ROCK","",      -1.02904,      -1.54972,      -1.53576,      -1.04301,  -84.1308E-03
F:/Desktop/DeepOnet_Abaqus/StaticElasticJob.odb,Step-1,Increment      1: Step Time =    1.000,"PLATE-1",          2382,             1,  -895.380E-03,   940.402E-03,            0.,"ASSEMBLY_PLATE-1__PICKEDSET2","ROCK","",  -998.940E-03,      -1.53735,      -1.52999,      -1.00630,  -62.5344E-03
F:/Desktop/DeepOnet_Abaqus/StaticElasticJob.odb,Step-1,Increment      1: Step Time =    1.000,"PLATE-1",          2383,             1,  -697.056E-03,      -1.08540,            0.,"ASSEMBLY_PLATE-1__PICKEDSET2","ROCK","",  -974.469E-03,      -1.59037,      -1.58809,  -976.745E-03,   37.3671E-03
F:/Desktop/DeepOnet_Abaqus/StaticElasticJob.odb,Step-1,Increment      1: Step Time =    1.000,"PLATE-1",          2384,             1,      -1.11307,  -726.961E-03,            0.,"ASSEMBLY_PLATE-1__PICKEDSET2","ROCK","",  -991.028E-03,      -1.55070,      -1.54521,  -996.512E-03,   55.1257E-03
F:/Desktop/DeepOnet_Abaqus/StaticElasticJob.odb,Step-1,Increment      1: Step Time =    1.000,"PLATE-1",          2385,             1,  -32.4266E-03,      -1.34157,            0.,"ASSEMBLY_PLATE-1__PICKEDSET2","ROCK","",  -969.042E-03,      -1.60829,      -1.60816,  -969.176E-03,   9.25479E-03
F:/Desktop/DeepOnet_Abaqus/StaticElasticJob.odb,Step-1,Increment      1: Step Time =    1.000,"PLATE-1",          2386,             1,      -1.12478,   875.394E-03,            0.,"ASSEMBLY_PLATE-1__PICKEDSET2","ROCK","",      -1.00783,      -1.52494,      -1.51906,      -1.01370,  -54.7987E-03
F:/Desktop/DeepOnet_Abaqus/StaticElasticJob.odb,Step-1,Increment      1: Step Time =    1.000,"PLATE-1",          2387,             1,      -1.09197,   797.826E-03,            0.,"ASSEMBLY_PLATE-1__PICKEDSET2","ROCK","",      -1.01043,      -1.51670,      -1.51036,      -1.01676,  -56.2621E-03
F:/Desktop/DeepOnet_Abaqus/StaticElasticJob.odb,Step-1,Increment      1: Step Time =    1.000,"PLATE-1",          2388,             1,  -960.527E-03,   971.260E-03,            0.,"ASSEMBLY_PLATE-1__PICKEDSET2","ROCK","",  -999.669E-03,      -1.53922,      -1.53249,      -1.00640,  -59.9050E-03
F:/Desktop/DeepOnet_Abaqus/StaticElasticJob.odb,Step-1,Increment      1: Step Time =    1.000,"PLATE-1",          2389,             1,  -648.977E-03,      -1.14284,            0.,"ASSEMBLY_PLATE-1__PICKEDSET2","ROCK","",  -974.784E-03,      -1.59182,      -1.59002,  -976.589E-03,   33.3197E-03
F:/Desktop/DeepOnet_Abaqus/StaticElasticJob.odb,Step-1,Increment      1: Step Time =    1.000,"PLATE-1",          2390,             1,       1.25457,  -545.946E-03,            0.,"ASSEMBLY_PLATE-1__PICKEDSET2","ROCK","",      -1.02570,      -1.58149,      -1.57161,      -1.03558,  -73.4426E-03
F:/Desktop/DeepOnet_Abaqus/StaticElasticJob.odb,Step-1,Increment      1: Step Time =    1.000,"PLATE-1",          2391,             1,       1.26223,   3.67566E-03,            0.,"ASSEMBLY_PLATE-1__PICKEDSET2","ROCK","",      -1.10995,      -1.62471,      -1.61541,      -1.11925,  -68.5627E-03
F:/Desktop/DeepOnet_Abaqus/StaticElasticJob.odb,Step-1,Increment      1: Step Time =    1.000,"PLATE-1",          2392,             1,      -1.30690,   306.607E-03,            0.,"ASSEMBLY_PLATE-1__PICKEDSET2","ROCK","",      -1.04313,      -1.46984,      -1.46913,      -1.04385,  -17.4342E-03
F:/Desktop/DeepOnet_Abaqus/StaticElasticJob.odb,Step-1,Increment      1: Step Time =    1.000,"PLATE-1",          2393,             1,   44.1527E-03,       1.25498,            0.,"ASSEMBLY_PLATE-1__PICKEDSET2","ROCK","",      -1.00499,      -1.63997,      -1.61683,      -1.02813,  -118.987E-03
F:/Desktop/DeepOnet_Abaqus/StaticElasticJob.odb,Step-1,Increment      1: Step Time =    1.000,"PLATE-1",          2394,             1,      -1.15281,   567.851E-03,            0.,"ASSEMBLY_PLATE-1__PICKEDSET2","ROCK","",      -1.02692,      -1.48741,      -1.48256,      -1.03177,  -47.0044E-03
F:/Desktop/DeepOnet_Abaqus/StaticElasticJob.odb,Step-1,Increment      1: Step Time =    1.000,"PLATE-1",          2395,             1,      -1.17156,   506.146E-03,            0.,"ASSEMBLY_PLATE-1__PICKEDSET2","ROCK","",      -1.03233,      -1.47925,      -1.47530,      -1.03628,  -41.8227E-03
F:/Desktop/DeepOnet_Abaqus/StaticElasticJob.odb,Step-1,Increment      1: Step Time =    1.000,"PLATE-1",          2396,             1,       1.23962,  -703.693E-03,            0.,"ASSEMBLY_PLATE-1__PICKEDSET2","ROCK","",      -1.01410,      -1.58377,      -1.57547,      -1.02240,  -68.2605E-03
F:/Desktop/DeepOnet_Abaqus/StaticElasticJob.odb,Step-1,Increment      1: Step Time =    1.000,"PLATE-1",          2397,             1,       1.23154,  -802.795E-03,            0.,"ASSEMBLY_PLATE-1__PICKEDSET2","ROCK","",      -1.00857,      -1.58484,      -1.57786,      -1.01555,  -63.0376E-03
F:/Desktop/DeepOnet_Abaqus/StaticElasticJob.odb,Step-1,Increment      1: Step Time =    1.000,"PLATE-1",          2398,             1,   302.387E-03,      -1.38010,            0.,"ASSEMBLY_PLATE-1__PICKEDSET2","ROCK","",  -966.983E-03,      -1.60958,      -1.60951,  -967.054E-03,  -6.74954E-03
F:/Desktop/DeepOnet_Abaqus/StaticElasticJob.odb,Step-1,Increment      1: Step Time =    1.000,"PLATE-1",          2399,             1,   396.309E-03,      -1.39171,            0.,"ASSEMBLY_PLATE-1__PICKEDSET2","ROCK","",  -967.939E-03,      -1.60830,      -1.60809,  -968.140E-03,  -11.3486E-03
F:/Desktop/DeepOnet_Abaqus/StaticElasticJob.odb,Step-1,Increment      1: Step Time =    1.000,"PLATE-1",          2400,             1,       1.39154,   285.517E-03,            0.,"ASSEMBLY_PLATE-1__PICKEDSET2","ROCK","",      -1.15328,      -1.78257,      -1.77978,      -1.15607,  -41.8400E-03
F:/Desktop/DeepOnet_Abaqus/StaticElasticJob.odb,Step-1,Increment      1: Step Time =    1.000,"PLATE-1",          2401,             1,       1.28843,  -140.432E-03,            0.,"ASSEMBLY_PLATE-1__PICKEDSET2","ROCK","",      -1.08664,      -1.59975,      -1.59018,      -1.09621,  -69.4200E-03
F:/Desktop/DeepOnet_Abaqus/StaticElasticJob.odb,Step-1,Increment      1: Step Time =    1.000,"PLATE-1",          2402,             1,  -305.548E-03,       1.17886,            0.,"ASSEMBLY_PLATE-1__PICKEDSET2","ROCK","",      -1.00782,      -1.57975,      -1.56955,      -1.01801,  -75.6716E-03
F:/Desktop/DeepOnet_Abaqus/StaticElasticJob.odb,Step-1,Increment      1: Step Time =    1.000,"PLATE-1",          2403,             1,      -1.14817,   633.335E-03,            0.,"ASSEMBLY_PLATE-1__PICKEDSET2","ROCK","",      -1.02251,      -1.49519,      -1.48982,      -1.02788,  -50.1141E-03
F:/Desktop/DeepOnet_Abaqus/StaticElasticJob.odb,Step-1,Increment      1: Step Time =    1.000,"PLATE-1",          2404,             1,  -707.698E-03,  -864.521E-03,            0.,"ASSEMBLY_PLATE-1__PICKEDSET2","ROCK","",  -970.008E-03,      -1.59177,      -1.58691,  -974.868E-03,   54.7562E-03
F:/Desktop/DeepOnet_Abaqus/StaticElasticJob.odb,Step-1,Increment      1: Step Time =    1.000,"PLATE-1",          2405,             1,  -829.151E-03,  -856.034E-03,            0.,"ASSEMBLY_PLATE-1__PICKEDSET2","ROCK","",  -974.982E-03,      -1.57992,      -1.57486,  -980.046E-03,   55.1140E-03
F:/Desktop/DeepOnet_Abaqus/StaticElasticJob.odb,Step-1,Increment      1: Step Time =    1.000,"PLATE-1",          2406,             1,  -241.465E-03,       1.12749,            0.,"ASSEMBLY_PLATE-1__PICKEDSET2","ROCK","",      -1.01582,      -1.56928,      -1.55711,      -1.02799,  -81.1495E-03
F:/Desktop/DeepOnet_Abaqus/StaticElasticJob.odb,Step-1,Increment      1: Step Time =    1.000,"PLATE-1",          2407,             1,   385.971E-03,       1.18648,            0.,"ASSEMBLY_PLATE-1__PICKEDSET2","ROCK","",  -979.881E-03,      -1.84341,      -1.76212,      -1.06116,  -252.158E-03
F:/Desktop/DeepOnet_Abaqus/StaticElasticJob.odb,Step-1,Increment      1: Step Time =    1.000,"PLATE-1",          2408,             1,      -1.30542,  -376.210E-03,            0.,"ASSEMBLY_PLATE-1__PICKEDSET2","ROCK","",      -1.01916,      -1.50703,      -1.50251,      -1.02368,   46.7137E-03
F:/Desktop/DeepOnet_Abaqus/StaticElasticJob.odb,Step-1,Increment      1: Step Time =    1.000,"PLATE-1",          2409,             1,   649.548E-03,      -1.30444,            0.,"ASSEMBLY_PLATE-1__PICKEDSET2","ROCK","",  -968.323E-03,      -1.60825,      -1.60712,  -969.451E-03,  -26.8449E-03
F:/Desktop/DeepOnet_Abaqus/StaticElasticJob.odb,Step-1,Increment      1: Step Time =    1.000,"PLATE-1",          2410,             1,   620.302E-03,      -1.18340,            0.,"ASSEMBLY_PLATE-1__PICKEDSET2","ROCK","",  -960.483E-03,      -1.61586,      -1.61441,  -961.933E-03,  -30.7966E-03
F:/Desktop/DeepOnet_Abaqus/StaticElasticJob.odb,Step-1,Increment      1: Step Time =    1.000,"PLATE-1",          2411,             1,      -1.11506,  -426.725E-03,            0.,"ASSEMBLY_PLATE-1__PICKEDSET2","ROCK","",      -1.01031,      -1.51306,      -1.50488,      -1.01849,   63.5921E-03
F:/Desktop/DeepOnet_Abaqus/StaticElasticJob.odb,Step-1,Increment      1: Step Time =    1.000,"PLATE-1",          2412,             1,      -1.12711,  -526.161E-03,            0.,"ASSEMBLY_PLATE-1__PICKEDSET2","ROCK","",      -1.00209,      -1.52853,      -1.52116,      -1.00945,   61.8347E-03
F:/Desktop/DeepOnet_Abaqus/StaticElasticJob.odb,Step-1,Increment      1: Step Time =    1.000,"PLATE-1",          2413,             1,  -862.761E-03,       1.00527,            0.,"ASSEMBLY_PLATE-1__PICKEDSET2","ROCK","",  -996.760E-03,      -1.54580,      -1.53877,      -1.00379,  -61.7444E-03
F:/Desktop/DeepOnet_Abaqus/StaticElasticJob.odb,Step-1,Increment      1: Step Time =    1.000,"PLATE-1",          2414,             1,  -188.320E-03,       1.12983,            0.,"ASSEMBLY_PLATE-1__PICKEDSET2","ROCK","",      -1.01854,      -1.56995,      -1.55598,      -1.03251,  -86.6565E-03
F:/Desktop/DeepOnet_Abaqus/StaticElasticJob.odb,Step-1,Increment      1: Step Time =    1.000,"PLATE-1",          2415,             1,  -146.487E-03,       1.28097,            0.,"ASSEMBLY_PLATE-1__PICKEDSET2","ROCK","",      -1.00454,      -1.61330,      -1.60097,      -1.01687,  -85.7508E-03
F:/Desktop/DeepOnet_Abaqus/StaticElasticJob.odb,Step-1,Increment      1: Step Time =    1.000,"PLATE-1",          2416,             1,      -1.17816,  -474.716E-03,            0.,"ASSEMBLY_PLATE-1__PICKEDSET2","ROCK","",      -1.00833,      -1.51977,      -1.51304,      -1.01506,   58.2917E-03
F:/Desktop/DeepOnet_Abaqus/StaticElasticJob.odb,Step-1,Increment      1: Step Time =    1.000,"PLATE-1",          2417,             1,   901.242E-03,      -1.12790,            0.,"ASSEMBLY_PLATE-1__PICKEDSET2","ROCK","",  -974.666E-03,      -1.60392,      -1.60050,  -978.083E-03,  -46.2428E-03
F:/Desktop/DeepOnet_Abaqus/StaticElasticJob.odb,Step-1,Increment      1: Step Time =    1.000,"PLATE-1",          2418,             1,   316.673E-03,       1.16682,            0.,"ASSEMBLY_PLATE-1__PICKEDSET2","ROCK","",  -968.193E-03,      -1.73830,      -1.65195,      -1.05454,  -242.982E-03
F:/Desktop/DeepOnet_Abaqus/StaticElasticJob.odb,Step-1,Increment      1: Step Time =    1.000,"PLATE-1",          2419,             1,  -787.803E-03,       1.11740,            0.,"ASSEMBLY_PLATE-1__PICKEDSET2","ROCK","",  -994.380E-03,      -1.55903,      -1.55255,      -1.00086,  -60.1404E-03
F:/Desktop/DeepOnet_Abaqus/StaticElasticJob.odb,Step-1,Increment      1: Step Time =    1.000,"PLATE-1",          2420,             1,  -885.256E-03,       1.11178,            0.,"ASSEMBLY_PLATE-1__PICKEDSET2","ROCK","",  -995.521E-03,      -1.55435,      -1.54820,      -1.00168,  -58.3342E-03
F:/Desktop/DeepOnet_Abaqus/StaticElasticJob.odb,Step-1,Increment      1: Step Time =    1.000,"PLATE-1",          2421,             1,      -1.12652,  -625.461E-03,            0.,"ASSEMBLY_PLATE-1__PICKEDSET2","ROCK","",  -996.560E-03,      -1.53929,      -1.53270,      -1.00314,   59.4094E-03
F:/Desktop/DeepOnet_Abaqus/StaticElasticJob.odb,Step-1,Increment      1: Step Time =    1.000,"PLATE-1",          2422,             1,   218.494E-03,      -1.35373,            0.,"ASSEMBLY_PLATE-1__PICKEDSET2","ROCK","",  -965.920E-03,      -1.61127,      -1.61127,  -965.928E-03,  -2.28165E-03
F:/Desktop/DeepOnet_Abaqus/StaticElasticJob.odb,Step-1,Increment      1: Step Time =    1.000,"PLATE-1",          2423,             1,       1.30372,  -494.360E-03,            0.,"ASSEMBLY_PLATE-1__PICKEDSET2","ROCK","",      -1.03931,      -1.57791,      -1.56906,      -1.04816,  -68.4603E-03
F:/Desktop/DeepOnet_Abaqus/StaticElasticJob.odb,Step-1,Increment      1: Step Time =    1.000,"PLATE-1",          2424,             1,       1.23021,  -446.647E-03,            0.,"ASSEMBLY_PLATE-1__PICKEDSET2","ROCK","",      -1.03407,      -1.58123,      -1.57021,      -1.04509,  -76.8578E-03
F:/Desktop/DeepOnet_Abaqus/StaticElasticJob.odb,Step-1,Increment      1: Step Time =    1.000,"PLATE-1",          2425,             1,  -258.929E-03,       1.19703,            0.,"ASSEMBLY_PLATE-1__PICKEDSET2","ROCK","",      -1.00782,      -1.58414,      -1.57305,      -1.01891,  -79.1658E-03
F:/Desktop/DeepOnet_Abaqus/StaticElasticJob.odb,Step-1,Increment      1: Step Time =    1.000,"PLATE-1",          2426,             1,      -1.14142,  -788.432E-03,            0.,"ASSEMBLY_PLATE-1__PICKEDSET2","ROCK","",  -990.245E-03,      -1.55382,      -1.54909,  -994.983E-03,   51.4562E-03
F:/Desktop/DeepOnet_Abaqus/StaticElasticJob.odb,Step-1,Increment      1: Step Time =    1.000,"PLATE-1",          2427,             1,      -1.13663,  -847.738E-03,            0.,"ASSEMBLY_PLATE-1__PICKEDSET2","ROCK","",  -988.660E-03,      -1.55800,      -1.55385,  -992.806E-03,   48.4086E-03
F:/Desktop/DeepOnet_Abaqus/StaticElasticJob.odb,Step-1,Increment      1: Step Time =    1.000,"PLATE-1",          2428,             1,      -1.12469,   980.742E-03,            0.,"ASSEMBLY_PLATE-1__PICKEDSET2","ROCK","",      -1.00375,      -1.53607,      -1.53060,      -1.00922,  -53.6769E-03
F:/Desktop/DeepOnet_Abaqus/StaticElasticJob.odb,Step-1,Increment      1: Step Time =    1.000,"PLATE-1",          2429,             1,      -1.43455,  -260.063E-03,            0.,"ASSEMBLY_PLATE-1__PICKEDSET2","ROCK","",      -1.02742,      -1.49914,      -1.49677,      -1.02979,   33.3278E-03
F:/Desktop/DeepOnet_Abaqus/StaticElasticJob.odb,Step-1,Increment      1: Step Time =    1.000,"PLATE-1",          2430,             1,       1.32796,   49.9795E-03,            0.,"ASSEMBLY_PLATE-1__PICKEDSET2","ROCK","",      -1.12575,      -1.64895,      -1.64307,      -1.13163,  -55.1453E-03
F:/Desktop/DeepOnet_Abaqus/StaticElasticJob.odb,Step-1,Increment      1: Step Time =    1.000,"PLATE-1",          2431,             1,  -943.138E-03,  -872.286E-03,            0.,"ASSEMBLY_PLATE-1__PICKEDSET2","ROCK","",  -979.932E-03,      -1.57144,      -1.56682,  -984.559E-03,   52.1119E-03
F:/Desktop/DeepOnet_Abaqus/StaticElasticJob.odb,Step-1,Increment      1: Step Time =    1.000,"PLATE-1",          2432,             1,  -649.742E-03,       1.20089,            0.,"ASSEMBLY_PLATE-1__PICKEDSET2","ROCK","",  -994.041E-03,      -1.57084,      -1.56442,      -1.00045,  -60.4854E-03
F:/Desktop/DeepOnet_Abaqus/StaticElasticJob.odb,Step-1,Increment      1: Step Time =    1.000,"PLATE-1",          2433,             1,      -1.19981,   447.908E-03,            0.,"ASSEMBLY_PLATE-1__PICKEDSET2","ROCK","",      -1.03699,      -1.47323,      -1.47031,      -1.03990,  -35.5605E-03
F:/Desktop/DeepOnet_Abaqus/StaticElasticJob.odb,Step-1,Increment      1: Step Time =    1.000,"PLATE-1",          2434,             1,      -1.22822,   524.443E-03,            0.,"ASSEMBLY_PLATE-1__PICKEDSET2","ROCK","",      -1.03093,      -1.48524,      -1.48181,      -1.03435,  -39.3187E-03
F:/Desktop/DeepOnet_Abaqus/StaticElasticJob.odb,Step-1,Increment      1: Step Time =    1.000,"PLATE-1",          2435,             1,  -510.667E-03,      -1.24274,            0.,"ASSEMBLY_PLATE-1__PICKEDSET2","ROCK","",  -974.386E-03,      -1.59652,      -1.59540,  -975.506E-03,   26.3720E-03
F:/Desktop/DeepOnet_Abaqus/StaticElasticJob.odb,Step-1,Increment      1: Step Time =    1.000,"PLATE-1",          2436,             1,      -1.24600,   748.496E-03,            0.,"ASSEMBLY_PLATE-1__PICKEDSET2","ROCK","",      -1.01768,      -1.50998,      -1.50538,      -1.02229,  -47.3785E-03
F:/Desktop/DeepOnet_Abaqus/StaticElasticJob.odb,Step-1,Increment      1: Step Time =    1.000,"PLATE-1",          2437,             1,   569.431E-03,      -1.25501,            0.,"ASSEMBLY_PLATE-1__PICKEDSET2","ROCK","",  -963.150E-03,      -1.61337,      -1.61243,  -964.081E-03,  -24.5898E-03
F:/Desktop/DeepOnet_Abaqus/StaticElasticJob.odb,Step-1,Increment      1: Step Time =    1.000,"PLATE-1",          2438,             1,   291.560E-03,       1.24592,            0.,"ASSEMBLY_PLATE-1__PICKEDSET2","ROCK","",  -995.181E-03,      -1.76180,      -1.72376,      -1.03322,  -166.473E-03
F:/Desktop/DeepOnet_Abaqus/StaticElasticJob.odb,Step-1,Increment      1: Step Time =    1.000,"PLATE-1",          2439,             1,      -1.30216,   666.222E-03,            0.,"ASSEMBLY_PLATE-1__PICKEDSET2","ROCK","",      -1.02293,      -1.50273,      -1.49899,      -1.02668,  -42.2194E-03
F:/Desktop/DeepOnet_Abaqus/StaticElasticJob.odb,Step-1,Increment      1: Step Time =    1.000,"PLATE-1",          2440,             1,      -1.28946,   606.568E-03,            0.,"ASSEMBLY_PLATE-1__PICKEDSET2","ROCK","",      -1.02620,      -1.49648,      -1.49295,      -1.02973,  -40.5741E-03
F:/Desktop/DeepOnet_Abaqus/StaticElasticJob.odb,Step-1,Increment      1: Step Time =    1.000,"PLATE-1",          2441,             1,  -989.368E-03,       1.08409,            0.,"ASSEMBLY_PLATE-1__PICKEDSET2","ROCK","",  -997.869E-03,      -1.54850,      -1.54267,      -1.00370,  -56.3832E-03
F:/Desktop/DeepOnet_Abaqus/StaticElasticJob.odb,Step-1,Increment      1: Step Time =    1.000,"PLATE-1",          2442,             1,      -1.09398,       1.04795,            0.,"ASSEMBLY_PLATE-1__PICKEDSET2","ROCK","",      -1.00102,      -1.54212,      -1.53665,      -1.00650,  -54.1386E-03
F:/Desktop/DeepOnet_Abaqus/StaticElasticJob.odb,Step-1,Increment      1: Step Time =    1.000,"PLATE-1",          2443,             1,  -226.780E-03,       1.37224,            0.,"ASSEMBLY_PLATE-1__PICKEDSET2","ROCK","",  -999.081E-03,      -1.61763,      -1.60989,      -1.00681,  -68.7289E-03
F:/Desktop/DeepOnet_Abaqus/StaticElasticJob.odb,Step-1,Increment      1: Step Time =    1.000,"PLATE-1",          2444,             1,  -291.001E-03,       1.27603,            0.,"ASSEMBLY_PLATE-1__PICKEDSET2","ROCK","",      -1.00186,      -1.59753,      -1.58862,      -1.01076,  -72.2910E-03
F:/Desktop/DeepOnet_Abaqus/StaticElasticJob.odb,Step-1,Increment      1: Step Time =    1.000,"PLATE-1",          2445,             1,  -718.687E-03,       1.21722,            0.,"ASSEMBLY_PLATE-1__PICKEDSET2","ROCK","",  -993.366E-03,      -1.56912,      -1.56313,  -999.358E-03,  -58.4296E-03
F:/Desktop/DeepOnet_Abaqus/StaticElasticJob.odb,Step-1,Increment      1: Step Time =    1.000,"PLATE-1",          2446,             1,  -788.720E-03,       1.23954,            0.,"ASSEMBLY_PLATE-1__PICKEDSET2","ROCK","",  -993.070E-03,      -1.56887,      -1.56323,  -998.706E-03,  -56.6864E-03
F:/Desktop/DeepOnet_Abaqus/StaticElasticJob.odb,Step-1,Increment      1: Step Time =    1.000,"PLATE-1",          2447,             1,   131.259E-03,       1.25077,            0.,"ASSEMBLY_PLATE-1__PICKEDSET2","ROCK","",      -1.00108,      -1.66589,      -1.63607,      -1.03090,  -137.602E-03
F:/Desktop/DeepOnet_Abaqus/StaticElasticJob.odb,Step-1,Increment      1: Step Time =    1.000,"PLATE-1",          2448,             1,  -949.244E-03,      -1.00434,            0.,"ASSEMBLY_PLATE-1__PICKEDSET2","ROCK","",  -980.448E-03,      -1.57449,      -1.57130,  -983.639E-03,   43.4249E-03
F:/Desktop/DeepOnet_Abaqus/StaticElasticJob.odb,Step-1,Increment      1: Step Time =    1.000,"PLATE-1",          2449,             1,   769.423E-03,      -1.24978,            0.,"ASSEMBLY_PLATE-1__PICKEDSET2","ROCK","",  -971.172E-03,      -1.60607,      -1.60417,  -973.069E-03,  -34.6564E-03
F:/Desktop/DeepOnet_Abaqus/StaticElasticJob.odb,Step-1,Increment      1: Step Time =    1.000,"PLATE-1",          2450,             1,   847.496E-03,      -1.26770,            0.,"ASSEMBLY_PLATE-1__PICKEDSET2","ROCK","",  -976.121E-03,      -1.60166,      -1.59953,  -978.257E-03,  -36.4900E-03
F:/Desktop/DeepOnet_Abaqus/StaticElasticJob.odb,Step-1,Increment      1: Step Time =    1.000,"PLATE-1",          2451,             1,   504.739E-03,      -1.39416,            0.,"ASSEMBLY_PLATE-1__PICKEDSET2","ROCK","",  -969.385E-03,      -1.60677,      -1.60629,  -969.868E-03,  -17.5405E-03
F:/Desktop/DeepOnet_Abaqus/StaticElasticJob.odb,Step-1,Increment      1: Step Time =    1.000,"PLATE-1",          2452,             1,  -349.780E-03,       1.23827,            0.,"ASSEMBLY_PLATE-1__PICKEDSET2","ROCK","",      -1.00145,      -1.58775,      -1.57922,      -1.00998,  -70.1893E-03
F:/Desktop/DeepOnet_Abaqus/StaticElasticJob.odb,Step-1,Increment      1: Step Time =    1.000,"PLATE-1",          2453,             1,  -444.124E-03,       1.21028,            0.,"ASSEMBLY_PLATE-1__PICKEDSET2","ROCK","",  -999.594E-03,      -1.57829,      -1.57056,      -1.00732,  -66.4012E-03
F:/Desktop/DeepOnet_Abaqus/StaticElasticJob.odb,Step-1,Increment      1: Step Time =    1.000,"PLATE-1",          2454,             1,       1.40377,  -91.5762E-03,            0.,"ASSEMBLY_PLATE-1__PICKEDSET2","ROCK","",      -1.09983,      -1.60524,      -1.60147,      -1.10360,  -43.4641E-03
F:/Desktop/DeepOnet_Abaqus/StaticElasticJob.odb,Step-1,Increment      1: Step Time =    1.000,"PLATE-1",          2455,             1,       1.37253,  -16.5755E-03,            0.,"ASSEMBLY_PLATE-1__PICKEDSET2","ROCK","",      -1.12267,      -1.61869,      -1.61339,      -1.12798,  -51.0200E-03
F:/Desktop/DeepOnet_Abaqus/StaticElasticJob.odb,Step-1,Increment      1: Step Time =    1.000,"PLATE-1",          2456,             1,  -508.936E-03,       1.23481,            0.,"ASSEMBLY_PLATE-1__PICKEDSET2","ROCK","",  -996.618E-03,      -1.57923,      -1.57225,      -1.00360,  -63.3818E-03
F:/Desktop/DeepOnet_Abaqus/StaticElasticJob.odb,Step-1,Increment      1: Step Time =    1.000,"PLATE-1",          2457,             1,  -438.596E-03,      -1.31878,            0.,"ASSEMBLY_PLATE-1__PICKEDSET2","ROCK","",  -975.617E-03,      -1.59597,      -1.59524,  -976.347E-03,   21.2608E-03
F:/Desktop/DeepOnet_Abaqus/StaticElasticJob.odb,Step-1,Increment      1: Step Time =    1.000,"PLATE-1",          2458,             1,      -1.37170,   287.773E-03,            0.,"ASSEMBLY_PLATE-1__PICKEDSET2","ROCK","",      -1.04182,      -1.47523,      -1.47484,      -1.04220,  -12.9332E-03
F:/Desktop/DeepOnet_Abaqus/StaticElasticJob.odb,Step-1,Increment      1: Step Time =    1.000,"PLATE-1",          2459,             1,      -1.31311,   360.750E-03,            0.,"ASSEMBLY_PLATE-1__PICKEDSET2","ROCK","",      -1.03996,      -1.47521,      -1.47404,      -1.04113,  -22.5191E-03
F:/Desktop/DeepOnet_Abaqus/StaticElasticJob.odb,Step-1,Increment      1: Step Time =    1.000,"PLATE-1",          2460,             1,  -15.6336E-03,       1.38644,            0.,"ASSEMBLY_PLATE-1__PICKEDSET2","ROCK","",      -1.00148,      -1.65322,      -1.64388,      -1.01083,  -77.4629E-03
F:/Desktop/DeepOnet_Abaqus/StaticElasticJob.odb,Step-1,Increment      1: Step Time =    1.000,"PLATE-1",          2461,             1,      -1.29246,  -514.134E-03,            0.,"ASSEMBLY_PLATE-1__PICKEDSET2","ROCK","",      -1.00910,      -1.52314,      -1.51822,      -1.01402,   50.0786E-03
F:/Desktop/DeepOnet_Abaqus/StaticElasticJob.odb,Step-1,Increment      1: Step Time =    1.000,"PLATE-1",          2462,             1,  -229.607E-03,      -1.23011,            0.,"ASSEMBLY_PLATE-1__PICKEDSET2","ROCK","",  -969.523E-03,      -1.60812,      -1.60751,  -970.134E-03,   19.7432E-03
F:/Desktop/DeepOnet_Abaqus/StaticElasticJob.odb,Step-1,Increment      1: Step Time =    1.000,"PLATE-1",          2463,             1,  -877.909E-03,      -1.05848,            0.,"ASSEMBLY_PLATE-1__PICKEDSET2","ROCK","",  -978.621E-03,      -1.57968,      -1.57702,  -981.285E-03,   39.9232E-03
F:/Desktop/DeepOnet_Abaqus/StaticElasticJob.odb,Step-1,Increment      1: Step Time =    1.000,"PLATE-1",          2464,             1,      -1.27366,   810.262E-03,            0.,"ASSEMBLY_PLATE-1__PICKEDSET2","ROCK","",      -1.01476,      -1.51734,      -1.51292,      -1.01918,  -46.9172E-03
F:/Desktop/DeepOnet_Abaqus/StaticElasticJob.odb,Step-1,Increment      1: Step Time =    1.000,"PLATE-1",          2465,             1,  -898.253E-03,       1.22932,            0.,"ASSEMBLY_PLATE-1__PICKEDSET2","ROCK","",  -993.693E-03,      -1.56464,      -1.55944,  -998.895E-03,  -54.2488E-03
F:/Desktop/DeepOnet_Abaqus/StaticElasticJob.odb,Step-1,Increment      1: Step Time =    1.000,"PLATE-1",          2466,             1,  -742.828E-03,      -1.14748,            0.,"ASSEMBLY_PLATE-1__PICKEDSET2","ROCK","",  -976.480E-03,      -1.58723,      -1.58533,  -978.388E-03,   34.0835E-03
F:/Desktop/DeepOnet_Abaqus/StaticElasticJob.odb,Step-1,Increment      1: Step Time =    1.000,"PLATE-1",          2467,             1,  -693.808E-03,      -1.23887,            0.,"ASSEMBLY_PLATE-1__PICKEDSET2","ROCK","",  -977.265E-03,      -1.58814,      -1.58674,  -978.665E-03,   29.2056E-03
F:/Desktop/DeepOnet_Abaqus/StaticElasticJob.odb,Step-1,Increment      1: Step Time =    1.000,"PLATE-1",          2468,             1,  -285.159E-03,      -1.31753,            0.,"ASSEMBLY_PLATE-1__PICKEDSET2","ROCK","",  -973.156E-03,      -1.60168,      -1.60118,  -973.660E-03,   17.8036E-03
F:/Desktop/DeepOnet_Abaqus/StaticElasticJob.odb,Step-1,Increment      1: Step Time =    1.000,"PLATE-1",          2469,             1,  -273.130E-03,      -1.39753,            0.,"ASSEMBLY_PLATE-1__PICKEDSET2","ROCK","",  -975.115E-03,      -1.59861,      -1.59825,  -975.473E-03,   14.9279E-03
F:/Desktop/DeepOnet_Abaqus/StaticElasticJob.odb,Step-1,Increment      1: Step Time =    1.000,"PLATE-1",          2470,             1,      -1.27776,  -577.457E-03,            0.,"ASSEMBLY_PLATE-1__PICKEDSET2","ROCK","",      -1.00467,      -1.53052,      -1.52557,      -1.00961,   50.7712E-03
F:/Desktop/DeepOnet_Abaqus/StaticElasticJob.odb,Step-1,Increment      1: Step Time =    1.000,"PLATE-1",          2471,             1,   260.812E-03,       1.33507,            0.,"ASSEMBLY_PLATE-1__PICKEDSET2","ROCK","",      -1.00724,      -1.74571,      -1.72880,      -1.02415,  -110.456E-03
F:/Desktop/DeepOnet_Abaqus/StaticElasticJob.odb,Step-1,Increment      1: Step Time =    1.000,"PLATE-1",          2472,             1,   727.478E-03,      -1.15085,            0.,"ASSEMBLY_PLATE-1__PICKEDSET2","ROCK","",  -963.675E-03,      -1.61297,      -1.61068,  -965.969E-03,  -38.5284E-03
F:/Desktop/DeepOnet_Abaqus/StaticElasticJob.odb,Step-1,Increment      1: Step Time =    1.000,"PLATE-1",          2473,             1,  -849.984E-03,      -1.18653,            0.,"ASSEMBLY_PLATE-1__PICKEDSET2","ROCK","",  -979.381E-03,      -1.58144,      -1.57962,  -981.206E-03,   33.0898E-03
F:/Desktop/DeepOnet_Abaqus/StaticElasticJob.odb,Step-1,Increment      1: Step Time =    1.000,"PLATE-1",          2474,             1,  -585.969E-03,       1.18160,            0.,"ASSEMBLY_PLATE-1__PICKEDSET2","ROCK","",  -995.748E-03,      -1.57143,      -1.56456,      -1.00261,  -62.4739E-03
F:/Desktop/DeepOnet_Abaqus/StaticElasticJob.odb,Step-1,Increment      1: Step Time =    1.000,"PLATE-1",          2475,             1,      -1.16861,   937.287E-03,            0.,"ASSEMBLY_PLATE-1__PICKEDSET2","ROCK","",      -1.00654,      -1.53091,      -1.52566,      -1.01179,  -52.2038E-03
F:/Desktop/DeepOnet_Abaqus/StaticElasticJob.odb,Step-1,Increment      1: Step Time =    1.000,"PLATE-1",          2476,             1,      -1.12896,       1.16173,            0.,"ASSEMBLY_PLATE-1__PICKEDSET2","ROCK","",  -998.779E-03,      -1.55098,      -1.54635,      -1.00341,  -50.3483E-03
F:/Desktop/DeepOnet_Abaqus/StaticElasticJob.odb,Step-1,Increment      1: Step Time =    1.000,"PLATE-1",          2477,             1,   84.9010E-03,       1.30197,            0.,"ASSEMBLY_PLATE-1__PICKEDSET2","ROCK","",  -998.900E-03,      -1.67023,      -1.65053,      -1.01860,  -113.303E-03
F:/Desktop/DeepOnet_Abaqus/StaticElasticJob.odb,Step-1,Increment      1: Step Time =    1.000,"PLATE-1",          2478,             1,       1.39961,   99.3065E-03,            0.,"ASSEMBLY_PLATE-1__PICKEDSET2","ROCK","",      -1.14139,      -1.65823,      -1.65417,      -1.14545,  -45.6431E-03
F:/Desktop/DeepOnet_Abaqus/StaticElasticJob.odb,Step-1,Increment      1: Step Time =    1.000,"PLATE-1",          2479,             1,  -443.538E-03,      -1.39767,            0.,"ASSEMBLY_PLATE-1__PICKEDSET2","ROCK","",  -977.216E-03,      -1.59359,      -1.59303,  -977.775E-03,   18.5512E-03
F:/Desktop/DeepOnet_Abaqus/StaticElasticJob.odb,Step-1,Increment      1: Step Time =    1.000,"PLATE-1",          2480,             1,  -511.286E-03,      -1.31178,            0.,"ASSEMBLY_PLATE-1__PICKEDSET2","ROCK","",  -976.303E-03,      -1.59391,      -1.59309,  -977.131E-03,   22.5981E-03
F:/Desktop/DeepOnet_Abaqus/StaticElasticJob.odb,Step-1,Increment      1: Step Time =    1.000,"PLATE-1",          2481,             1,      -1.19861,  -862.056E-03,            0.,"ASSEMBLY_PLATE-1__PICKEDSET2","ROCK","",  -990.424E-03,      -1.55607,      -1.55225,  -994.246E-03,   46.3387E-03
F:/Desktop/DeepOnet_Abaqus/StaticElasticJob.odb,Step-1,Increment      1: Step Time =    1.000,"PLATE-1",          2482,             1,  -418.882E-03,       1.28749,            0.,"ASSEMBLY_PLATE-1__PICKEDSET2","ROCK","",  -997.629E-03,      -1.59031,      -1.58322,      -1.00471,  -64.4051E-03
F:/Desktop/DeepOnet_Abaqus/StaticElasticJob.odb,Step-1,Increment      1: Step Time =    1.000,"PLATE-1",          2483,             1,  -571.496E-03,       1.25005,            0.,"ASSEMBLY_PLATE-1__PICKEDSET2","ROCK","",  -994.404E-03,      -1.57899,      -1.57250,      -1.00089,  -61.2497E-03
F:/Desktop/DeepOnet_Abaqus/StaticElasticJob.odb,Step-1,Increment      1: Step Time =    1.000,"PLATE-1",          2484,             1,      -1.30989,   871.568E-03,            0.,"ASSEMBLY_PLATE-1__PICKEDSET2","ROCK","",      -1.01229,      -1.52387,      -1.51964,      -1.01652,  -46.3204E-03
F:/Desktop/DeepOnet_Abaqus/StaticElasticJob.odb,Step-1,Increment      1: Step Time =    1.000,"PLATE-1",          2485,             1,   30.8516E-03,       1.33991,            0.,"ASSEMBLY_PLATE-1__PICKEDSET2","ROCK","",      -1.00067,      -1.66210,      -1.64824,      -1.01453,  -94.7561E-03
F:/Desktop/DeepOnet_Abaqus/StaticElasticJob.odb,Step-1,Increment      1: Step Time =    1.000,"PLATE-1",          2486,             1,      -1.32455,   512.871E-03,            0.,"ASSEMBLY_PLATE-1__PICKEDSET2","ROCK","",      -1.03155,      -1.48943,      -1.48699,      -1.03398,  -33.3129E-03
F:/Desktop/DeepOnet_Abaqus/StaticElasticJob.odb,Step-1,Increment      1: Step Time =    1.000,"PLATE-1",          2487,             1,      -1.36554,   575.423E-03,            0.,"ASSEMBLY_PLATE-1__PICKEDSET2","ROCK","",      -1.02823,      -1.49670,      -1.49411,      -1.03082,  -34.7372E-03
F:/Desktop/DeepOnet_Abaqus/StaticElasticJob.odb,Step-1,Increment      1: Step Time =    1.000,"PLATE-1",          2488,             1,   127.591E-03,       1.36250,            0.,"ASSEMBLY_PLATE-1__PICKEDSET2","ROCK","",      -1.00618,      -1.69373,      -1.68109,      -1.01881,  -92.3529E-03
F:/Desktop/DeepOnet_Abaqus/StaticElasticJob.odb,Step-1,Increment      1: Step Time =    1.000,"PLATE-1",          2489,             1,      -1.05737,       1.12462,            0.,"ASSEMBLY_PLATE-1__PICKEDSET2","ROCK","",  -998.245E-03,      -1.54990,      -1.54466,      -1.00349,  -53.5222E-03
F:/Desktop/DeepOnet_Abaqus/StaticElasticJob.odb,Step-1,Increment      1: Step Time =    1.000,"PLATE-1",          2490,             1,  -541.995E-03,      -1.46927,            0.,"ASSEMBLY_PLATE-1__PICKEDSET2","ROCK","",  -979.602E-03,      -1.58874,      -1.58818,  -980.156E-03,   18.3556E-03
F:/Desktop/DeepOnet_Abaqus/StaticElasticJob.odb,Step-1,Increment      1: Step Time =    1.000,"PLATE-1",          2491,             1,      -1.00671,  -937.972E-03,            0.,"ASSEMBLY_PLATE-1__PICKEDSET2","ROCK","",  -982.409E-03,      -1.56942,      -1.56570,  -986.123E-03,   46.5429E-03
F:/Desktop/DeepOnet_Abaqus/StaticElasticJob.odb,Step-1,Increment      1: Step Time =    1.000,"PLATE-1",          2492,             1,      -1.01565,      -1.30478,            0.,"ASSEMBLY_PLATE-1__PICKEDSET2","ROCK","",  -984.048E-03,      -1.57462,      -1.57317,  -985.495E-03,   29.1923E-03
F:/Desktop/DeepOnet_Abaqus/StaticElasticJob.odb,Step-1,Increment      1: Step Time =    1.000,"PLATE-1",          2493,             1,   836.492E-03,      -1.33936,            0.,"ASSEMBLY_PLATE-1__PICKEDSET2","ROCK","",  -978.131E-03,      -1.59940,      -1.59763,  -979.902E-03,  -33.1264E-03
F:/Desktop/DeepOnet_Abaqus/StaticElasticJob.odb,Step-1,Increment      1: Step Time =    1.000,"PLATE-1",          2494,             1,  -314.389E-03,       1.36923,            0.,"ASSEMBLY_PLATE-1__PICKEDSET2","ROCK","",  -996.701E-03,      -1.60752,      -1.60068,      -1.00354,  -64.2622E-03
F:/Desktop/DeepOnet_Abaqus/StaticElasticJob.odb,Step-1,Increment      1: Step Time =    1.000,"PLATE-1",          2495,             1,  -575.019E-03,       1.31912,            0.,"ASSEMBLY_PLATE-1__PICKEDSET2","ROCK","",  -993.413E-03,      -1.58443,      -1.57890,  -998.942E-03,  -56.8955E-03
F:/Desktop/DeepOnet_Abaqus/StaticElasticJob.odb,Step-1,Increment      1: Step Time =    1.000,"PLATE-1",          2496,             1,  -887.659E-03,      -1.27424,            0.,"ASSEMBLY_PLATE-1__PICKEDSET2","ROCK","",  -981.169E-03,      -1.57972,      -1.57825,  -982.638E-03,   29.6105E-03
F:/Desktop/DeepOnet_Abaqus/StaticElasticJob.odb,Step-1,Increment      1: Step Time =    1.000,"PLATE-1",          2497,             1,      -1.14988,      -1.00312,            0.,"ASSEMBLY_PLATE-1__PICKEDSET2","ROCK","",  -987.178E-03,      -1.56385,      -1.56093,  -990.104E-03,   40.9702E-03
F:/Desktop/DeepOnet_Abaqus/StaticElasticJob.odb,Step-1,Increment      1: Step Time =    1.000,"PLATE-1",          2498,             1,      -1.06071,      -1.17558,            0.,"ASSEMBLY_PLATE-1__PICKEDSET2","ROCK","",  -984.247E-03,      -1.57196,      -1.56998,  -986.227E-03,   34.0511E-03
F:/Desktop/DeepOnet_Abaqus/StaticElasticJob.odb,Step-1,Increment      1: Step Time =    1.000,"PLATE-1",          2499,             1,      -1.09019,  -818.223E-03,            0.,"ASSEMBLY_PLATE-1__PICKEDSET2","ROCK","",  -987.220E-03,      -1.55866,      -1.55393,  -991.953E-03,   51.7883E-03
F:/Desktop/DeepOnet_Abaqus/StaticElasticJob.odb,Step-1,Increment      1: Step Time =    1.000,"PLATE-1",          2500,             1,      -1.11066,  -907.388E-03,            0.,"ASSEMBLY_PLATE-1__PICKEDSET2","ROCK","",  -986.325E-03,      -1.56267,      -1.55888,  -990.114E-03,   46.5789E-03
F:/Desktop/DeepOnet_Abaqus/StaticElasticJob.odb,Step-1,Increment      1: Step Time =    1.000,"PLATE-1",          2501,             1,       1.29872,  -760.556E-03,            0.,"ASSEMBLY_PLATE-1__PICKEDSET2","ROCK","",      -1.01801,      -1.58069,      -1.57384,      -1.02485,  -61.6722E-03
F:/Desktop/DeepOnet_Abaqus/StaticElasticJob.odb,Step-1,Increment      1: Step Time =    1.000,"PLATE-1",          2502,             1,       1.43080,  -741.456E-03,            0.,"ASSEMBLY_PLATE-1__PICKEDSET2","ROCK","",      -1.02860,      -1.57493,      -1.57000,      -1.03352,  -51.6576E-03
F:/Desktop/DeepOnet_Abaqus/StaticElasticJob.odb,Step-1,Increment      1: Step Time =    1.000,"PLATE-1",          2503,             1,      -1.26798,   555.890E-03,            0.,"ASSEMBLY_PLATE-1__PICKEDSET2","ROCK","",      -1.02885,      -1.49108,      -1.48772,      -1.03221,  -39.2673E-03
F:/Desktop/DeepOnet_Abaqus/StaticElasticJob.odb,Step-1,Increment      1: Step Time =    1.000,"PLATE-1",          2504,             1,       1.44848,   175.323E-03,            0.,"ASSEMBLY_PLATE-1__PICKEDSET2","ROCK","",      -1.11898,      -1.70140,      -1.69969,      -1.12069,  -31.5531E-03
F:/Desktop/DeepOnet_Abaqus/StaticElasticJob.odb,Step-1,Increment      1: Step Time =    1.000,"PLATE-1",          2505,             1,       1.06006,      -1.16323,            0.,"ASSEMBLY_PLATE-1__PICKEDSET2","ROCK","",  -987.824E-03,      -1.59351,      -1.58997,  -991.369E-03,  -46.2014E-03
F:/Desktop/DeepOnet_Abaqus/StaticElasticJob.odb,Step-1,Increment      1: Step Time =    1.000,"PLATE-1",          2506,             1,  -682.662E-03,       1.41517,            0.,"ASSEMBLY_PLATE-1__PICKEDSET2","ROCK","",  -991.255E-03,      -1.58664,      -1.58228,  -995.611E-03,  -50.7378E-03
F:/Desktop/DeepOnet_Abaqus/StaticElasticJob.odb,Step-1,Increment      1: Step Time =    1.000,"PLATE-1",          2507,             1,      -1.21414,   572.116E-03,            0.,"ASSEMBLY_PLATE-1__PICKEDSET2","ROCK","",      -1.02752,      -1.49011,      -1.48599,      -1.03164,  -43.4458E-03
F:/Desktop/DeepOnet_Abaqus/StaticElasticJob.odb,Step-1,Increment      1: Step Time =    1.000,"PLATE-1",          2508,             1,   998.715E-03,      -1.33495,            0.,"ASSEMBLY_PLATE-1__PICKEDSET2","ROCK","",  -986.370E-03,      -1.59269,      -1.59044,  -988.621E-03,  -36.8733E-03
F:/Desktop/DeepOnet_Abaqus/StaticElasticJob.odb,Step-1,Increment      1: Step Time =    1.000,"PLATE-1",          2509,             1,      -1.25830,  -957.156E-03,            0.,"ASSEMBLY_PLATE-1__PICKEDSET2","ROCK","",  -991.245E-03,      -1.55745,      -1.55451,  -994.183E-03,   40.6811E-03
F:/Desktop/DeepOnet_Abaqus/StaticElasticJob.odb,Step-1,Increment      1: Step Time =    1.000,"PLATE-1",          2510,             1,       1.19808,      -1.18125,            0.,"ASSEMBLY_PLATE-1__PICKEDSET2","ROCK","",  -997.476E-03,      -1.58621,      -1.58280,      -1.00088,  -44.6652E-03
F:/Desktop/DeepOnet_Abaqus/StaticElasticJob.odb,Step-1,Increment      1: Step Time =    1.000,"PLATE-1",          2511,             1,   985.368E-03,      -1.27008,            0.,"ASSEMBLY_PLATE-1__PICKEDSET2","ROCK","",  -984.512E-03,      -1.59499,      -1.59246,  -987.046E-03,  -39.2541E-03
F:/Desktop/DeepOnet_Abaqus/StaticElasticJob.odb,Step-1,Increment      1: Step Time =    1.000,"PLATE-1",          2512,             1,      -1.33839,   773.836E-03,            0.,"ASSEMBLY_PLATE-1__PICKEDSET2","ROCK","",      -1.01786,      -1.51393,      -1.51012,      -1.02168,  -43.3287E-03
F:/Desktop/DeepOnet_Abaqus/StaticElasticJob.odb,Step-1,Increment      1: Step Time =    1.000,"PLATE-1",          2513,             1,      -1.37710,   651.922E-03,            0.,"ASSEMBLY_PLATE-1__PICKEDSET2","ROCK","",      -1.02406,      -1.50450,      -1.50154,      -1.02703,  -37.6423E-03
F:/Desktop/DeepOnet_Abaqus/StaticElasticJob.odb,Step-1,Increment      1: Step Time =    1.000,"PLATE-1",          2514,             1,   919.864E-03,      -1.34246,            0.,"ASSEMBLY_PLATE-1__PICKEDSET2","ROCK","",  -982.408E-03,      -1.59583,      -1.59383,  -984.407E-03,  -34.9629E-03
F:/Desktop/DeepOnet_Abaqus/StaticElasticJob.odb,Step-1,Increment      1: Step Time =    1.000,"PLATE-1",          2515,             1,  -842.495E-03,       1.28774,            0.,"ASSEMBLY_PLATE-1__PICKEDSET2","ROCK","",  -992.667E-03,      -1.57040,      -1.56545,  -997.617E-03,  -53.2437E-03
F:/Desktop/DeepOnet_Abaqus/StaticElasticJob.odb,Step-1,Increment      1: Step Time =    1.000,"PLATE-1",          2516,             1,  -774.651E-03,       1.31469,            0.,"ASSEMBLY_PLATE-1__PICKEDSET2","ROCK","",  -992.067E-03,      -1.57580,      -1.57084,  -997.027E-03,  -53.5791E-03
F:/Desktop/DeepOnet_Abaqus/StaticElasticJob.odb,Step-1,Increment      1: Step Time =    1.000,"PLATE-1",          2517,             1,       1.14092,  -421.565E-03,            0.,"ASSEMBLY_PLATE-1__PICKEDSET2","ROCK","",      -1.01983,      -1.58687,      -1.57269,      -1.03401,  -88.5563E-03
F:/Desktop/DeepOnet_Abaqus/StaticElasticJob.odb,Step-1,Increment      1: Step Time =    1.000,"PLATE-1",          2518,             1,       1.30103,      -1.25152,            0.,"ASSEMBLY_PLATE-1__PICKEDSET2","ROCK","",      -1.00314,      -1.58076,      -1.57797,      -1.00593,  -40.0215E-03
F:/Desktop/DeepOnet_Abaqus/StaticElasticJob.odb,Step-1,Increment      1: Step Time =    1.000,"PLATE-1",          2519,             1,       1.05074,      -1.25183,            0.,"ASSEMBLY_PLATE-1__PICKEDSET2","ROCK","",  -987.398E-03,      -1.59277,      -1.58991,  -990.252E-03,  -41.4723E-03
F:/Desktop/DeepOnet_Abaqus/StaticElasticJob.odb,Step-1,Increment      1: Step Time =    1.000,"PLATE-1",          2520,             1,       1.01393,      -1.40615,            0.,"ASSEMBLY_PLATE-1__PICKEDSET2","ROCK","",  -988.442E-03,      -1.59022,      -1.58830,  -990.364E-03,  -33.9562E-03
F:/Desktop/DeepOnet_Abaqus/StaticElasticJob.odb,Step-1,Increment      1: Step Time =    1.000,"PLATE-1",          2521,             1,  -97.2812E-03,  -230.437E-03,            0.,"ASSEMBLY_PLATE-1__PICKEDSET2","ROCK","",  -291.663E-03,      -2.61600,      -2.46720,  -440.464E-03,   568.965E-03
F:/Desktop/DeepOnet_Abaqus/StaticElasticJob.odb,Step-1,Increment      1: Step Time =    1.000,"PLATE-1",          2522,             1,  -94.4822E-03,  -199.922E-03,            0.,"ASSEMBLY_PLATE-1__PICKEDSET2","ROCK","",  -90.1528E-03,      -2.79568,      -2.64524,  -240.586E-03,   619.977E-03
F:/Desktop/DeepOnet_Abaqus/StaticElasticJob.odb,Step-1,Increment      1: Step Time =    1.000,"PLATE-1",          2523,             1,  -126.448E-03,  -219.060E-03,            0.,"ASSEMBLY_PLATE-1__PICKEDSET2","ROCK","",  -284.825E-03,      -2.74803,      -2.45478,  -578.071E-03,   797.703E-03
F:/Desktop/DeepOnet_Abaqus/StaticElasticJob.odb,Step-1,Increment      1: Step Time =    1.000,"PLATE-1",          2524,             1,  -171.032E-03,  -209.349E-03,            0.,"ASSEMBLY_PLATE-1__PICKEDSET2","ROCK","",  -691.662E-03,      -2.66482,      -2.02950,      -1.32698,   921.929E-03
F:/Desktop/DeepOnet_Abaqus/StaticElasticJob.odb,Step-1,Increment      1: Step Time =    1.000,"PLATE-1",          2525,             1,  -189.575E-03,  -160.840E-03,            0.,"ASSEMBLY_PLATE-1__PICKEDSET2","ROCK","",  -350.708E-03,      -3.18708,      -1.65904,      -1.87874,       1.41392
F:/Desktop/DeepOnet_Abaqus/StaticElasticJob.odb,Step-1,Increment      1: Step Time =    1.000,"PLATE-1",          2526,             1,  -213.694E-03,  -179.349E-03,            0.,"ASSEMBLY_PLATE-1__PICKEDSET2","ROCK","",  -747.109E-03,      -2.41333,      -1.83379,      -1.32665,   793.585E-03
F:/Desktop/DeepOnet_Abaqus/StaticElasticJob.odb,Step-1,Increment      1: Step Time =    1.000,"PLATE-1",          2527,             1,   28.6470E-03,  -237.328E-03,            0.,"ASSEMBLY_PLATE-1__PICKEDSET2","ROCK","",  -227.561E-03,      -2.49370,      -2.48941,  -231.849E-03,  -98.4775E-03
F:/Desktop/DeepOnet_Abaqus/StaticElasticJob.odb,Step-1,Increment      1: Step Time =    1.000,"PLATE-1",          2528,             1,   18.8934E-03,  -246.002E-03,            0.,"ASSEMBLY_PLATE-1__PICKEDSET2","ROCK","",  -255.742E-03,      -2.47288,      -2.47221,  -256.407E-03,  -38.4029E-03
F:/Desktop/DeepOnet_Abaqus/StaticElasticJob.odb,Step-1,Increment      1: Step Time =    1.000,"PLATE-1",          2529,             1,   47.9805E-03,  -208.737E-03,            0.,"ASSEMBLY_PLATE-1__PICKEDSET2","ROCK","",  -88.6533E-03,      -2.61033,      -2.57798,  -120.999E-03,  -283.761E-03
F:/Desktop/DeepOnet_Abaqus/StaticElasticJob.odb,Step-1,Increment      1: Step Time =    1.000,"PLATE-1",          2530,             1,  -212.076E-03,  -123.124E-03,            0.,"ASSEMBLY_PLATE-1__PICKEDSET2","ROCK","",  -352.385E-03,      -2.16080,  -708.406E-03,      -1.80478,   719.084E-03
F:/Desktop/DeepOnet_Abaqus/StaticElasticJob.odb,Step-1,Increment      1: Step Time =    1.000,"PLATE-1",          2531,             1,   41.9864E-03,  -234.028E-03,            0.,"ASSEMBLY_PLATE-1__PICKEDSET2","ROCK","",  -220.833E-03,      -2.51290,      -2.49843,  -235.304E-03,  -181.549E-03
F:/Desktop/DeepOnet_Abaqus/StaticElasticJob.odb,Step-1,Increment      1: Step Time =    1.000,"PLATE-1",          2532,             1,   69.2856E-03,  -227.475E-03,            0.,"ASSEMBLY_PLATE-1__PICKEDSET2","ROCK","",  -202.119E-03,      -2.48566,      -2.43562,  -252.157E-03,  -334.308E-03
F:/Desktop/DeepOnet_Abaqus/StaticElasticJob.odb,Step-1,Increment      1: Step Time =    1.000,"PLATE-1",          2533,             1,   82.5259E-03,  -213.376E-03,            0.,"ASSEMBLY_PLATE-1__PICKEDSET2","ROCK","",  -134.968E-03,      -2.52286,      -2.43871,  -219.124E-03,  -440.310E-03
F:/Desktop/DeepOnet_Abaqus/StaticElasticJob.odb,Step-1,Increment      1: Step Time =    1.000,"PLATE-1",          2534,             1,   72.5411E-03,  -202.363E-03,            0.,"ASSEMBLY_PLATE-1__PICKEDSET2","ROCK","",  -54.4066E-03,      -2.59097,      -2.51395,  -131.429E-03,  -435.248E-03
F:/Desktop/DeepOnet_Abaqus/StaticElasticJob.odb,Step-1,Increment      1: Step Time =    1.000,"PLATE-1",          2535,             1,   82.5182E-03,  -197.193E-03,            0.,"ASSEMBLY_PLATE-1__PICKEDSET2","ROCK","",  -27.8206E-03,      -2.57861,      -2.47068,  -135.751E-03,  -513.476E-03
F:/Desktop/DeepOnet_Abaqus/StaticElasticJob.odb,Step-1,Increment      1: Step Time =    1.000,"PLATE-1",          2536,             1,   89.8778E-03,  -205.401E-03,            0.,"ASSEMBLY_PLATE-1__PICKEDSET2","ROCK","",  -62.8444E-03,      -2.56790,      -2.46051,  -170.240E-03,  -507.444E-03
F:/Desktop/DeepOnet_Abaqus/StaticElasticJob.odb,Step-1,Increment      1: Step Time =    1.000,"PLATE-1",          2537,             1,   120.333E-03,  -198.233E-03,            0.,"ASSEMBLY_PLATE-1__PICKEDSET2","ROCK","",  -163.678E-03,      -2.57710,      -2.35459,  -386.195E-03,  -698.223E-03
F:/Desktop/DeepOnet_Abaqus/StaticElasticJob.odb,Step-1,Increment      1: Step Time =    1.000,"PLATE-1",          2538,             1,   101.377E-03,  -213.118E-03,            0.,"ASSEMBLY_PLATE-1__PICKEDSET2","ROCK","",  -170.487E-03,      -2.51293,      -2.37807,  -305.347E-03,  -545.632E-03
F:/Desktop/DeepOnet_Abaqus/StaticElasticJob.odb,Step-1,Increment      1: Step Time =    1.000,"PLATE-1",          2539,             1,   122.876E-03,  -264.391E-03,            0.,"ASSEMBLY_PLATE-1__PICKEDSET2","ROCK","",  -497.964E-03,      -2.20864,      -2.10884,  -597.764E-03,  -400.957E-03
F:/Desktop/DeepOnet_Abaqus/StaticElasticJob.odb,Step-1,Increment      1: Step Time =    1.000,"PLATE-1",          2540,             1,   150.221E-03,  -234.660E-03,            0.,"ASSEMBLY_PLATE-1__PICKEDSET2","ROCK","",  -495.297E-03,      -2.25418,      -2.02985,  -719.629E-03,  -586.727E-03
F:/Desktop/DeepOnet_Abaqus/StaticElasticJob.odb,Step-1,Increment      1: Step Time =    1.000,"PLATE-1",          2541,             1,   171.604E-03,  -226.581E-03,            0.,"ASSEMBLY_PLATE-1__PICKEDSET2","ROCK","",  -618.010E-03,      -2.17303,      -1.90358,  -887.461E-03,  -588.555E-03
F:/Desktop/DeepOnet_Abaqus/StaticElasticJob.odb,Step-1,Increment      1: Step Time =    1.000,"PLATE-1",          2542,             1,   149.603E-03,  -191.079E-03,            0.,"ASSEMBLY_PLATE-1__PICKEDSET2","ROCK","",  -231.705E-03,      -2.71017,      -2.29126,  -650.610E-03,  -928.849E-03
F:/Desktop/DeepOnet_Abaqus/StaticElasticJob.odb,Step-1,Increment      1: Step Time =    1.000,"PLATE-1",          2543,             1,   175.164E-03,  -173.450E-03,            0.,"ASSEMBLY_PLATE-1__PICKEDSET2","ROCK","",  -339.005E-03,      -2.92003,      -2.07050,      -1.18853,      -1.21283
F:/Desktop/DeepOnet_Abaqus/StaticElasticJob.odb,Step-1,Increment      1: Step Time =    1.000,"PLATE-1",          2544,             1,  -309.176E-03,  -152.370E-03,            0.,"ASSEMBLY_PLATE-1__PICKEDSET2","ROCK","",  -704.966E-03,      -1.73299,      -1.26125,      -1.17671,   512.272E-03
F:/Desktop/DeepOnet_Abaqus/StaticElasticJob.odb,Step-1,Increment      1: Step Time =    1.000,"PLATE-1",          2545,             1,  -210.970E-03,  -39.2684E-03,            0.,"ASSEMBLY_PLATE-1__PICKEDSET2","ROCK","",  -69.3349E-03,      -1.19341,  -69.4345E-03,      -1.19331,   10.5798E-03
F:/Desktop/DeepOnet_Abaqus/StaticElasticJob.odb,Step-1,Increment      1: Step Time =    1.000,"PLATE-1",          2546,             1,  -208.328E-03,  -18.7765E-03,            0.,"ASSEMBLY_PLATE-1__PICKEDSET2","ROCK","",  -55.4909E-03,      -1.11802,  -62.0411E-03,      -1.11147,  -83.1681E-03
F:/Desktop/DeepOnet_Abaqus/StaticElasticJob.odb,Step-1,Increment      1: Step Time =    1.000,"PLATE-1",          2547,             1,  -205.097E-03,   1.31211E-03,            0.,"ASSEMBLY_PLATE-1__PICKEDSET2","ROCK","",  -56.1163E-03,      -1.09686,  -82.8678E-03,      -1.07011,  -164.699E-03
F:/Desktop/DeepOnet_Abaqus/StaticElasticJob.odb,Step-1,Increment      1: Step Time =    1.000,"PLATE-1",          2548,             1,  -197.560E-03,   56.4084E-03,            0.,"ASSEMBLY_PLATE-1__PICKEDSET2","ROCK","",  -81.4735E-03,      -1.23970,  -266.878E-03,      -1.05429,  -424.694E-03
F:/Desktop/DeepOnet_Abaqus/StaticElasticJob.odb,Step-1,Increment      1: Step Time =    1.000,"PLATE-1",          2549,             1,  -324.935E-03,   97.9799E-03,            0.,"ASSEMBLY_PLATE-1__PICKEDSET2","ROCK","",  -685.140E-03,      -1.34911,  -864.108E-03,      -1.17014,  -294.617E-03
F:/Desktop/DeepOnet_Abaqus/StaticElasticJob.odb,Step-1,Increment      1: Step Time =    1.000,"PLATE-1",          2550,             1,   262.755E-03,  -136.300E-03,            0.,"ASSEMBLY_PLATE-1__PICKEDSET2","ROCK","",  -501.475E-03,      -1.62925,      -1.01410,      -1.11662,  -561.552E-03
F:/Desktop/DeepOnet_Abaqus/StaticElasticJob.odb,Step-1,Increment      1: Step Time =    1.000,"PLATE-1",          2551,             1,   234.941E-03,  -97.0674E-03,            0.,"ASSEMBLY_PLATE-1__PICKEDSET2","ROCK","",  -238.145E-03,      -1.45526,  -374.591E-03,      -1.31882,  -383.997E-03
F:/Desktop/DeepOnet_Abaqus/StaticElasticJob.odb,Step-1,Increment      1: Step Time =    1.000,"PLATE-1",          2552,             1,   215.225E-03,  -40.3509E-03,            0.,"ASSEMBLY_PLATE-1__PICKEDSET2","ROCK","",  -112.276E-03,      -1.05915,  -116.429E-03,      -1.05499,   62.5708E-03
F:/Desktop/DeepOnet_Abaqus/StaticElasticJob.odb,Step-1,Increment      1: Step Time =    1.000,"PLATE-1",          2553,             1,   281.790E-03,  -54.3374E-03,            0.,"ASSEMBLY_PLATE-1__PICKEDSET2","ROCK","",  -490.858E-03,      -1.28520,  -503.724E-03,      -1.27234,  -100.270E-03
F:/Desktop/DeepOnet_Abaqus/StaticElasticJob.odb,Step-1,Increment      1: Step Time =    1.000,"PLATE-1",          2554,             1,   235.492E-03,   46.2197E-03,            0.,"ASSEMBLY_PLATE-1__PICKEDSET2","ROCK","",  -205.157E-03,      -1.43751,  -477.892E-03,      -1.16478,   511.587E-03
F:/Desktop/DeepOnet_Abaqus/StaticElasticJob.odb,Step-1,Increment      1: Step Time =    1.000,"PLATE-1",          2555,             1,   288.214E-03,   20.6831E-03,            0.,"ASSEMBLY_PLATE-1__PICKEDSET2","ROCK","",  -464.300E-03,      -1.37434,  -617.392E-03,      -1.22125,   340.417E-03
F:/Desktop/DeepOnet_Abaqus/StaticElasticJob.odb,Step-1,Increment      1: Step Time =    1.000,"PLATE-1",          2556,             1,   253.246E-03,   30.9822E-03,            0.,"ASSEMBLY_PLATE-1__PICKEDSET2","ROCK","",  -265.253E-03,      -1.41792,  -466.963E-03,      -1.21622,   437.970E-03
F:/Desktop/DeepOnet_Abaqus/StaticElasticJob.odb,Step-1,Increment      1: Step Time =    1.000,"PLATE-1",          2557,             1,   220.816E-03,   59.5000E-03,            0.,"ASSEMBLY_PLATE-1__PICKEDSET2","ROCK","",  -185.864E-03,      -1.51276,  -510.881E-03,      -1.18775,   570.639E-03
F:/Desktop/DeepOnet_Abaqus/StaticElasticJob.odb,Step-1,Increment      1: Step Time =    1.000,"PLATE-1",          2558,             1,   211.899E-03,   75.2035E-03,            0.,"ASSEMBLY_PLATE-1__PICKEDSET2","ROCK","",  -181.139E-03,      -1.64566,  -625.102E-03,      -1.20170,   673.121E-03
F:/Desktop/DeepOnet_Abaqus/StaticElasticJob.odb,Step-1,Increment      1: Step Time =    1.000,"PLATE-1",          2559,             1,   171.059E-03,   99.6577E-03,            0.,"ASSEMBLY_PLATE-1__PICKEDSET2","ROCK","",  -103.073E-03,      -1.97349,  -690.290E-03,      -1.38627,   868.054E-03
F:/Desktop/DeepOnet_Abaqus/StaticElasticJob.odb,Step-1,Increment      1: Step Time =    1.000,"PLATE-1",          2560,             1,   193.273E-03,   108.887E-03,            0.,"ASSEMBLY_PLATE-1__PICKEDSET2","ROCK","",  -197.148E-03,      -1.90538,  -881.303E-03,      -1.22122,   837.034E-03
F:/Desktop/DeepOnet_Abaqus/StaticElasticJob.odb,Step-1,Increment      1: Step Time =    1.000,"PLATE-1",          2561,             1,   175.657E-03,   156.514E-03,            0.,"ASSEMBLY_PLATE-1__PICKEDSET2","ROCK","",  -312.457E-03,      -2.18383,      -1.42011,      -1.07618,   919.746E-03
F:/Desktop/DeepOnet_Abaqus/StaticElasticJob.odb,Step-1,Increment      1: Step Time =    1.000,"PLATE-1",          2562,             1,   166.344E-03,   182.092E-03,            0.,"ASSEMBLY_PLATE-1__PICKEDSET2","ROCK","",  -404.083E-03,      -2.26461,      -1.69963,  -969.067E-03,   855.547E-03
F:/Desktop/DeepOnet_Abaqus/StaticElasticJob.odb,Step-1,Increment      1: Step Time =    1.000,"PLATE-1",          2563,             1,   108.882E-03,   212.517E-03,            0.,"ASSEMBLY_PLATE-1__PICKEDSET2","ROCK","",  -505.843E-03,      -2.64868,      -2.28815,  -866.375E-03,   801.609E-03
F:/Desktop/DeepOnet_Abaqus/StaticElasticJob.odb,Step-1,Increment      1: Step Time =    1.000,"PLATE-1",          2564,             1,   105.736E-03,   244.134E-03,            0.,"ASSEMBLY_PLATE-1__PICKEDSET2","ROCK","",  -668.242E-03,      -2.41858,      -2.21926,  -867.561E-03,   556.012E-03
F:/Desktop/DeepOnet_Abaqus/StaticElasticJob.odb,Step-1,Increment      1: Step Time =    1.000,"PLATE-1",          2565,             1,   43.1739E-03,   205.388E-03,            0.,"ASSEMBLY_PLATE-1__PICKEDSET2","ROCK","",  -232.572E-03,      -3.59794,      -3.38033,  -450.180E-03,   827.634E-03
F:/Desktop/DeepOnet_Abaqus/StaticElasticJob.odb,Step-1,Increment      1: Step Time =    1.000,"PLATE-1",          2566,             1,  -4.20236E-03,   233.851E-03,            0.,"ASSEMBLY_PLATE-1__PICKEDSET2","ROCK","",  -550.910E-03,      -2.99163,      -2.99073,  -551.805E-03,   46.7259E-03
F:/Desktop/DeepOnet_Abaqus/StaticElasticJob.odb,Step-1,Increment      1: Step Time =    1.000,"PLATE-1",          2567,             1,   12.5195E-03,   243.310E-03,            0.,"ASSEMBLY_PLATE-1__PICKEDSET2","ROCK","",  -641.313E-03,      -2.82248,      -2.79978,  -664.019E-03,   221.383E-03
F:/Desktop/DeepOnet_Abaqus/StaticElasticJob.odb,Step-1,Increment      1: Step Time =    1.000,"PLATE-1",          2568,             1,  -16.3863E-03,   243.145E-03,            0.,"ASSEMBLY_PLATE-1__PICKEDSET2","ROCK","",  -607.533E-03,      -2.77406,      -2.77406,  -607.536E-03,  -2.57115E-03
F:/Desktop/DeepOnet_Abaqus/StaticElasticJob.odb,Step-1,Increment      1: Step Time =    1.000,"PLATE-1",          2569,             1,  -54.9921E-03,   233.031E-03,            0.,"ASSEMBLY_PLATE-1__PICKEDSET2","ROCK","",  -553.760E-03,      -2.63904,      -2.58893,  -603.869E-03,  -319.346E-03
F:/Desktop/DeepOnet_Abaqus/StaticElasticJob.odb,Step-1,Increment      1: Step Time =    1.000,"PLATE-1",          2570,             1,  -32.6089E-03,   209.447E-03,            0.,"ASSEMBLY_PLATE-1__PICKEDSET2","ROCK","",  -217.286E-03,      -3.32373,      -3.23955,  -301.472E-03,  -504.412E-03
F:/Desktop/DeepOnet_Abaqus/StaticElasticJob.odb,Step-1,Increment      1: Step Time =    1.000,"PLATE-1",          2571,             1,  -74.4211E-03,   239.481E-03,            0.,"ASSEMBLY_PLATE-1__PICKEDSET2","ROCK","",  -558.796E-03,      -2.42901,      -2.37233,  -615.472E-03,  -320.599E-03
F:/Desktop/DeepOnet_Abaqus/StaticElasticJob.odb,Step-1,Increment      1: Step Time =    1.000,"PLATE-1",          2572,             1,  -71.5608E-03,   194.449E-03,            0.,"ASSEMBLY_PLATE-1__PICKEDSET2","ROCK","",  -143.608E-03,      -2.83336,      -2.38645,  -590.514E-03,      -1.00117
F:/Desktop/DeepOnet_Abaqus/StaticElasticJob.odb,Step-1,Increment      1: Step Time =    1.000,"PLATE-1",          2573,             1,  -97.0422E-03,   202.324E-03,            0.,"ASSEMBLY_PLATE-1__PICKEDSET2","ROCK","",  -309.082E-03,      -2.41379,      -2.08717,  -635.697E-03,  -762.071E-03
F:/Desktop/DeepOnet_Abaqus/StaticElasticJob.odb,Step-1,Increment      1: Step Time =    1.000,"PLATE-1",          2574,             1,  -106.264E-03,   193.423E-03,            0.,"ASSEMBLY_PLATE-1__PICKEDSET2","ROCK","",  -249.216E-03,      -2.32052,      -1.88536,  -684.377E-03,  -843.792E-03
F:/Desktop/DeepOnet_Abaqus/StaticElasticJob.odb,Step-1,Increment      1: Step Time =    1.000,"PLATE-1",          2575,             1,  -94.3607E-03,   178.815E-03,            0.,"ASSEMBLY_PLATE-1__PICKEDSET2","ROCK","",  -114.253E-03,      -2.50518,      -1.84302,  -776.414E-03,      -1.06992
F:/Desktop/DeepOnet_Abaqus/StaticElasticJob.odb,Step-1,Increment      1: Step Time =    1.000,"PLATE-1",          2576,             1,  -113.350E-03,   209.098E-03,            0.,"ASSEMBLY_PLATE-1__PICKEDSET2","ROCK","",  -362.781E-03,      -2.25777,      -1.99117,  -629.385E-03,  -658.889E-03
F:/Desktop/DeepOnet_Abaqus/StaticElasticJob.odb,Step-1,Increment      1: Step Time =    1.000,"PLATE-1",          2577,             1,  -132.752E-03,   179.210E-03,            0.,"ASSEMBLY_PLATE-1__PICKEDSET2","ROCK","",  -226.380E-03,      -2.05326,      -1.52410,  -755.537E-03,  -828.672E-03
F:/Desktop/DeepOnet_Abaqus/StaticElasticJob.odb,Step-1,Increment      1: Step Time =    1.000,"PLATE-1",          2578,             1,  -119.860E-03,   161.195E-03,            0.,"ASSEMBLY_PLATE-1__PICKEDSET2","ROCK","",  -73.9690E-03,      -2.10875,      -1.31254,  -870.176E-03,  -993.056E-03
F:/Desktop/DeepOnet_Abaqus/StaticElasticJob.odb,Step-1,Increment      1: Step Time =    1.000,"PLATE-1",          2579,             1,  -185.200E-03,   163.762E-03,            0.,"ASSEMBLY_PLATE-1__PICKEDSET2","ROCK","",  -331.313E-03,      -1.69886,      -1.17837,  -851.804E-03,  -663.993E-03
F:/Desktop/DeepOnet_Abaqus/StaticElasticJob.odb,Step-1,Increment      1: Step Time =    1.000,"PLATE-1",          2580,             1,  -169.658E-03,   178.391E-03,            0.,"ASSEMBLY_PLATE-1__PICKEDSET2","ROCK","",  -342.070E-03,      -1.82675,      -1.37642,  -792.392E-03,  -682.490E-03
F:/Desktop/DeepOnet_Abaqus/StaticElasticJob.odb,Step-1,Increment      1: Step Time =    1.000,"PLATE-1",          2581,             1,  -258.779E-03,   77.8730E-03,            0.,"ASSEMBLY_PLATE-1__PICKEDSET2","ROCK","",  -403.546E-03,      -1.36254,  -609.607E-03,      -1.15648,  -393.890E-03
F:/Desktop/DeepOnet_Abaqus/StaticElasticJob.odb,Step-1,Increment      1: Step Time =    1.000,"PLATE-1",          2582,             1,  -191.392E-03,   80.3509E-03,            0.,"ASSEMBLY_PLATE-1__PICKEDSET2","ROCK","",  -137.196E-03,      -1.33552,  -419.197E-03,      -1.05352,  -508.335E-03
F:/Desktop/DeepOnet_Abaqus/StaticElasticJob.odb,Step-1,Increment      1: Step Time =    1.000,"PLATE-1",          2583,             1,   482.180E-03,      -1.48447,            0.,"ASSEMBLY_PLATE-1__PICKEDSET2","ROCK","",  -973.743E-03,      -1.60190,      -1.60155,  -974.098E-03,  -14.9325E-03
F:/Desktop/DeepOnet_Abaqus/StaticElasticJob.odb,Step-1,Increment      1: Step Time =    1.000,"PLATE-1",          2584,             1,       1.47440,   641.342E-03,            0.,"ASSEMBLY_PLATE-1__PICKEDSET2","ROCK","",  -877.548E-03,      -1.66960,      -1.23552,      -1.31162,  -394.195E-03
F:/Desktop/DeepOnet_Abaqus/StaticElasticJob.odb,Step-1,Increment      1: Step Time =    1.000,"PLATE-1",          2585,             1,  -824.095E-03,       1.48565,            0.,"ASSEMBLY_PLATE-1__PICKEDSET2","ROCK","",  -990.625E-03,      -1.58397,      -1.58044,  -994.158E-03,  -45.6512E-03
F:/Desktop/DeepOnet_Abaqus/StaticElasticJob.odb,Step-1,Increment      1: Step Time =    1.000,"PLATE-1",          2586,             1,  -42.6723E-03,  -254.139E-03,            0.,"ASSEMBLY_PLATE-1__PICKEDSET2","ROCK","",  -331.926E-03,      -2.46790,      -2.43863,  -361.203E-03,   248.350E-03
F:/Desktop/DeepOnet_Abaqus/StaticElasticJob.odb,Step-1,Increment      1: Step Time =    1.000,"PLATE-1",          2587,             1,   30.3313E-03,  -255.207E-03,            0.,"ASSEMBLY_PLATE-1__PICKEDSET2","ROCK","",  -320.115E-03,      -2.41915,      -2.41419,  -325.070E-03,  -101.865E-03
F:/Desktop/DeepOnet_Abaqus/StaticElasticJob.odb,Step-1,Increment      1: Step Time =    1.000,"PLATE-1",          2588,             1,   6.13643E-03,  -238.366E-03,            0.,"ASSEMBLY_PLATE-1__PICKEDSET2","ROCK","",  -236.598E-03,      -2.52393,      -2.52393,  -236.599E-03,  -1.30545E-03
F:/Desktop/DeepOnet_Abaqus/StaticElasticJob.odb,Step-1,Increment      1: Step Time =    1.000,"PLATE-1",          2589,             1,   91.9057E-03,  -221.152E-03,            0.,"ASSEMBLY_PLATE-1__PICKEDSET2","ROCK","",  -196.312E-03,      -2.48581,      -2.38781,  -294.312E-03,  -463.431E-03
F:/Desktop/DeepOnet_Abaqus/StaticElasticJob.odb,Step-1,Increment      1: Step Time =    1.000,"PLATE-1",          2590,             1,   109.319E-03,  -228.471E-03,            0.,"ASSEMBLY_PLATE-1__PICKEDSET2","ROCK","",  -280.422E-03,      -2.42837,      -2.30066,  -408.128E-03,  -507.935E-03
F:/Desktop/DeepOnet_Abaqus/StaticElasticJob.odb,Step-1,Increment      1: Step Time =    1.000,"PLATE-1",          2591,             1,  -8.55623E-03,  -238.113E-03,            0.,"ASSEMBLY_PLATE-1__PICKEDSET2","ROCK","",  -228.570E-03,      -2.54852,      -2.54607,  -231.020E-03,   75.3514E-03
F:/Desktop/DeepOnet_Abaqus/StaticElasticJob.odb,Step-1,Increment      1: Step Time =    1.000,"PLATE-1",          2592,             1,  -23.8708E-03,  -241.990E-03,            0.,"ASSEMBLY_PLATE-1__PICKEDSET2","ROCK","",  -249.138E-03,      -2.51964,      -2.50911,  -259.668E-03,   154.266E-03
F:/Desktop/DeepOnet_Abaqus/StaticElasticJob.odb,Step-1,Increment      1: Step Time =    1.000,"PLATE-1",          2593,             1,  -48.2420E-03,  -317.331E-03,            0.,"ASSEMBLY_PLATE-1__PICKEDSET2","ROCK","",  -585.357E-03,      -2.18464,      -2.15727,  -612.720E-03,   207.395E-03
F:/Desktop/DeepOnet_Abaqus/StaticElasticJob.odb,Step-1,Increment      1: Step Time =    1.000,"PLATE-1",          2594,             1,  -64.4604E-03,  -260.741E-03,            0.,"ASSEMBLY_PLATE-1__PICKEDSET2","ROCK","",  -398.293E-03,      -2.42969,      -2.37110,  -456.885E-03,   339.985E-03
F:/Desktop/DeepOnet_Abaqus/StaticElasticJob.odb,Step-1,Increment      1: Step Time =    1.000,"PLATE-1",          2595,             1,   209.873E-03,  -218.584E-03,            0.,"ASSEMBLY_PLATE-1__PICKEDSET2","ROCK","",  -704.183E-03,      -1.94862,      -1.72322,  -929.582E-03,  -479.261E-03
F:/Desktop/DeepOnet_Abaqus/StaticElasticJob.odb,Step-1,Increment      1: Step Time =    1.000,"PLATE-1",          2596,             1,   191.882E-03,  -291.254E-03,            0.,"ASSEMBLY_PLATE-1__PICKEDSET2","ROCK","",  -720.049E-03,      -1.91975,      -1.83398,  -805.819E-03,  -309.099E-03
F:/Desktop/DeepOnet_Abaqus/StaticElasticJob.odb,Step-1,Increment      1: Step Time =    1.000,"PLATE-1",          2597,             1,   219.878E-03,  -243.716E-03,            0.,"ASSEMBLY_PLATE-1__PICKEDSET2","ROCK","",  -714.055E-03,      -1.92235,      -1.76493,  -871.475E-03,  -406.729E-03
F:/Desktop/DeepOnet_Abaqus/StaticElasticJob.odb,Step-1,Increment      1: Step Time =    1.000,"PLATE-1",          2598,             1,   231.708E-03,  -209.713E-03,            0.,"ASSEMBLY_PLATE-1__PICKEDSET2","ROCK","",  -690.903E-03,      -1.88001,      -1.65209,  -918.822E-03,  -468.054E-03
F:/Desktop/DeepOnet_Abaqus/StaticElasticJob.odb,Step-1,Increment      1: Step Time =    1.000,"PLATE-1",          2599,             1,   211.813E-03,  -200.198E-03,            0.,"ASSEMBLY_PLATE-1__PICKEDSET2","ROCK","",  -679.193E-03,      -1.93010,      -1.63725,  -972.038E-03,  -529.682E-03
F:/Desktop/DeepOnet_Abaqus/StaticElasticJob.odb,Step-1,Increment      1: Step Time =    1.000,"PLATE-1",          2600,             1,   210.843E-03,  -181.780E-03,            0.,"ASSEMBLY_PLATE-1__PICKEDSET2","ROCK","",  -655.354E-03,      -2.01113,      -1.58271,      -1.08378,  -630.317E-03
F:/Desktop/DeepOnet_Abaqus/StaticElasticJob.odb,Step-1,Increment      1: Step Time =    1.000,"PLATE-1",          2601,             1,   273.428E-03,  -195.149E-03,            0.,"ASSEMBLY_PLATE-1__PICKEDSET2","ROCK","",  -682.313E-03,      -1.70696,      -1.46231,  -926.963E-03,  -436.836E-03
F:/Desktop/DeepOnet_Abaqus/StaticElasticJob.odb,Step-1,Increment      1: Step Time =    1.000,"PLATE-1",          2602,             1,   253.318E-03,  -87.0768E-03,            0.,"ASSEMBLY_PLATE-1__PICKEDSET2","ROCK","",  -325.697E-03,      -1.42484,  -446.966E-03,      -1.30357,  -344.363E-03
F:/Desktop/DeepOnet_Abaqus/StaticElasticJob.odb,Step-1,Increment      1: Step Time =    1.000,"PLATE-1",          2603,             1,   270.731E-03,  -100.077E-03,            0.,"ASSEMBLY_PLATE-1__PICKEDSET2","ROCK","",  -525.858E-03,      -1.39313,  -725.746E-03,      -1.19324,  -365.243E-03
F:/Desktop/DeepOnet_Abaqus/StaticElasticJob.odb,Step-1,Increment      1: Step Time =    1.000,"PLATE-1",          2604,             1,   251.766E-03,  -41.4334E-03,            0.,"ASSEMBLY_PLATE-1__PICKEDSET2","ROCK","",  -304.400E-03,      -1.23201,  -304.408E-03,      -1.23200,  -2.59580E-03
F:/Desktop/DeepOnet_Abaqus/StaticElasticJob.odb,Step-1,Increment      1: Step Time =    1.000,"PLATE-1",          2605,             1,   278.197E-03,   61.5058E-03,            0.,"ASSEMBLY_PLATE-1__PICKEDSET2","ROCK","",  -436.891E-03,      -1.51840,  -805.798E-03,      -1.14949,   512.721E-03
F:/Desktop/DeepOnet_Abaqus/StaticElasticJob.odb,Step-1,Increment      1: Step Time =    1.000,"PLATE-1",          2606,             1,   330.016E-03,   61.9914E-03,            0.,"ASSEMBLY_PLATE-1__PICKEDSET2","ROCK","",  -554.300E-03,      -1.48385,  -910.901E-03,      -1.12725,   452.010E-03
F:/Desktop/DeepOnet_Abaqus/StaticElasticJob.odb,Step-1,Increment      1: Step Time =    1.000,"PLATE-1",          2607,             1,   299.970E-03,   51.7749E-03,            0.,"ASSEMBLY_PLATE-1__PICKEDSET2","ROCK","",  -489.456E-03,      -1.45645,  -784.119E-03,      -1.16179,   445.098E-03
F:/Desktop/DeepOnet_Abaqus/StaticElasticJob.odb,Step-1,Increment      1: Step Time =    1.000,"PLATE-1",          2608,             1,   234.978E-03,   79.6417E-03,            0.,"ASSEMBLY_PLATE-1__PICKEDSET2","ROCK","",  -257.496E-03,      -1.63812,  -765.041E-03,      -1.13057,   665.676E-03
F:/Desktop/DeepOnet_Abaqus/StaticElasticJob.odb,Step-1,Increment      1: Step Time =    1.000,"PLATE-1",          2609,             1,   220.767E-03,   106.756E-03,            0.,"ASSEMBLY_PLATE-1__PICKEDSET2","ROCK","",  -266.973E-03,      -1.77626,  -929.264E-03,      -1.11397,   748.972E-03
F:/Desktop/DeepOnet_Abaqus/StaticElasticJob.odb,Step-1,Increment      1: Step Time =    1.000,"PLATE-1",          2610,             1,   181.068E-03,   134.871E-03,            0.,"ASSEMBLY_PLATE-1__PICKEDSET2","ROCK","",  -242.030E-03,      -2.08462,      -1.14713,      -1.17952,   921.151E-03
F:/Desktop/DeepOnet_Abaqus/StaticElasticJob.odb,Step-1,Increment      1: Step Time =    1.000,"PLATE-1",          2611,             1,   199.033E-03,   206.927E-03,            0.,"ASSEMBLY_PLATE-1__PICKEDSET2","ROCK","",  -501.319E-03,      -2.06060,      -1.66475,  -897.170E-03,   678.635E-03
F:/Desktop/DeepOnet_Abaqus/StaticElasticJob.odb,Step-1,Increment      1: Step Time =    1.000,"PLATE-1",          2612,             1,   198.914E-03,   140.771E-03,            0.,"ASSEMBLY_PLATE-1__PICKEDSET2","ROCK","",  -294.333E-03,      -2.02703,      -1.24247,      -1.07890,   862.481E-03
F:/Desktop/DeepOnet_Abaqus/StaticElasticJob.odb,Step-1,Increment      1: Step Time =    1.000,"PLATE-1",          2613,             1,   204.159E-03,   161.678E-03,            0.,"ASSEMBLY_PLATE-1__PICKEDSET2","ROCK","",  -369.393E-03,      -2.03630,      -1.41621,  -989.476E-03,   805.678E-03
F:/Desktop/DeepOnet_Abaqus/StaticElasticJob.odb,Step-1,Increment      1: Step Time =    1.000,"PLATE-1",          2614,             1,   218.308E-03,   188.843E-03,            0.,"ASSEMBLY_PLATE-1__PICKEDSET2","ROCK","",  -449.065E-03,      -2.01086,      -1.54574,  -914.182E-03,   714.201E-03
F:/Desktop/DeepOnet_Abaqus/StaticElasticJob.odb,Step-1,Increment      1: Step Time =    1.000,"PLATE-1",          2615,             1,   133.721E-03,   219.506E-03,            0.,"ASSEMBLY_PLATE-1__PICKEDSET2","ROCK","",  -539.093E-03,      -2.42529,      -2.08250,  -881.889E-03,   727.374E-03
F:/Desktop/DeepOnet_Abaqus/StaticElasticJob.odb,Step-1,Increment      1: Step Time =    1.000,"PLATE-1",          2616,             1,   277.796E-03,  -172.347E-03,            0.,"ASSEMBLY_PLATE-1__PICKEDSET2","ROCK","",  -662.494E-03,      -1.64227,      -1.32102,  -983.740E-03,  -459.944E-03
F:/Desktop/DeepOnet_Abaqus/StaticElasticJob.odb,Step-1,Increment      1: Step Time =    1.000,"PLATE-1",          2617,             1,   282.698E-03,  -225.102E-03,            0.,"ASSEMBLY_PLATE-1__PICKEDSET2","ROCK","",  -719.391E-03,      -1.72352,      -1.56061,  -882.301E-03,  -370.192E-03
F:/Desktop/DeepOnet_Abaqus/StaticElasticJob.odb,Step-1,Increment      1: Step Time =    1.000,"PLATE-1",          2618,             1,   302.105E-03,  -188.497E-03,            0.,"ASSEMBLY_PLATE-1__PICKEDSET2","ROCK","",  -726.142E-03,      -1.61301,      -1.39560,  -943.561E-03,  -381.513E-03
F:/Desktop/DeepOnet_Abaqus/StaticElasticJob.odb,Step-1,Increment      1: Step Time =    1.000,"PLATE-1",          2619,             1,   291.663E-03,  -152.638E-03,            0.,"ASSEMBLY_PLATE-1__PICKEDSET2","ROCK","",  -662.511E-03,      -1.57767,      -1.21577,      -1.02441,  -447.467E-03
F:/Desktop/DeepOnet_Abaqus/StaticElasticJob.odb,Step-1,Increment      1: Step Time =    1.000,"PLATE-1",          2620,             1,   70.7449E-03,   280.240E-03,            0.,"ASSEMBLY_PLATE-1__PICKEDSET2","ROCK","",  -824.579E-03,      -2.26427,      -2.18975,  -899.096E-03,   318.949E-03
F:/Desktop/DeepOnet_Abaqus/StaticElasticJob.odb,Step-1,Increment      1: Step Time =    1.000,"PLATE-1",          2621,             1,   55.0410E-03,   257.925E-03,            0.,"ASSEMBLY_PLATE-1__PICKEDSET2","ROCK","",  -765.383E-03,      -2.51606,      -2.41035,  -871.095E-03,   417.005E-03
F:/Desktop/DeepOnet_Abaqus/StaticElasticJob.odb,Step-1,Increment      1: Step Time =    1.000,"PLATE-1",          2622,             1,   32.3715E-03,   224.976E-03,            0.,"ASSEMBLY_PLATE-1__PICKEDSET2","ROCK","",  -468.437E-03,      -3.20823,      -3.11863,  -558.032E-03,   487.281E-03
F:/Desktop/DeepOnet_Abaqus/StaticElasticJob.odb,Step-1,Increment      1: Step Time =    1.000,"PLATE-1",          2623,             1,   42.4313E-03,   244.503E-03,            0.,"ASSEMBLY_PLATE-1__PICKEDSET2","ROCK","",  -647.007E-03,      -2.82189,      -2.72298,  -745.921E-03,   453.147E-03
F:/Desktop/DeepOnet_Abaqus/StaticElasticJob.odb,Step-1,Increment      1: Step Time =    1.000,"PLATE-1",          2624,             1,   32.0623E-03,   239.994E-03,            0.,"ASSEMBLY_PLATE-1__PICKEDSET2","ROCK","",  -589.858E-03,      -2.90149,      -2.83898,  -652.365E-03,   374.947E-03
F:/Desktop/DeepOnet_Abaqus/StaticElasticJob.odb,Step-1,Increment      1: Step Time =    1.000,"PLATE-1",          2625,             1,   21.8336E-03,   239.834E-03,            0.,"ASSEMBLY_PLATE-1__PICKEDSET2","ROCK","",  -598.980E-03,      -2.95910,      -2.91540,  -642.681E-03,   318.167E-03
F:/Desktop/DeepOnet_Abaqus/StaticElasticJob.odb,Step-1,Increment      1: Step Time =    1.000,"PLATE-1",          2626,             1,   2.35195E-03,   252.074E-03,            0.,"ASSEMBLY_PLATE-1__PICKEDSET2","ROCK","",  -704.265E-03,      -2.65064,      -2.63678,  -718.118E-03,   163.623E-03
F:/Desktop/DeepOnet_Abaqus/StaticElasticJob.odb,Step-1,Increment      1: Step Time =    1.000,"PLATE-1",          2627,             1,   8.06739E-03,   228.475E-03,            0.,"ASSEMBLY_PLATE-1__PICKEDSET2","ROCK","",  -483.267E-03,      -3.17979,      -3.16707,  -495.984E-03,   184.744E-03
F:/Desktop/DeepOnet_Abaqus/StaticElasticJob.odb,Step-1,Increment      1: Step Time =    1.000,"PLATE-1",          2628,             1,  -39.1774E-03,   232.157E-03,            0.,"ASSEMBLY_PLATE-1__PICKEDSET2","ROCK","",  -531.120E-03,      -2.85462,      -2.82781,  -557.930E-03,  -248.140E-03
F:/Desktop/DeepOnet_Abaqus/StaticElasticJob.odb,Step-1,Increment      1: Step Time =    1.000,"PLATE-1",          2629,             1,  -28.2398E-03,   250.343E-03,            0.,"ASSEMBLY_PLATE-1__PICKEDSET2","ROCK","",  -684.633E-03,      -2.59660,      -2.59419,  -687.037E-03,  -67.7605E-03
F:/Desktop/DeepOnet_Abaqus/StaticElasticJob.odb,Step-1,Increment      1: Step Time =    1.000,"PLATE-1",          2630,             1,  -41.4654E-03,   252.840E-03,            0.,"ASSEMBLY_PLATE-1__PICKEDSET2","ROCK","",  -706.652E-03,      -2.45667,      -2.45265,  -710.672E-03,  -83.7747E-03
F:/Desktop/DeepOnet_Abaqus/StaticElasticJob.odb,Step-1,Increment      1: Step Time =    1.000,"PLATE-1",          2631,             1,  -39.9675E-03,   272.525E-03,            0.,"ASSEMBLY_PLATE-1__PICKEDSET2","ROCK","",  -756.794E-03,      -2.34097,      -2.34097,  -756.797E-03,  -2.50063E-03
F:/Desktop/DeepOnet_Abaqus/StaticElasticJob.odb,Step-1,Increment      1: Step Time =    1.000,"PLATE-1",          2632,             1,  -56.5052E-03,   256.965E-03,            0.,"ASSEMBLY_PLATE-1__PICKEDSET2","ROCK","",  -679.690E-03,      -2.37382,      -2.36561,  -687.901E-03,  -117.657E-03
F:/Desktop/DeepOnet_Abaqus/StaticElasticJob.odb,Step-1,Increment      1: Step Time =    1.000,"PLATE-1",          2633,             1,  -77.6143E-03,   221.308E-03,            0.,"ASSEMBLY_PLATE-1__PICKEDSET2","ROCK","",  -436.484E-03,      -2.56035,      -2.44134,  -555.501E-03,  -488.477E-03
F:/Desktop/DeepOnet_Abaqus/StaticElasticJob.odb,Step-1,Increment      1: Step Time =    1.000,"PLATE-1",          2634,             1,  -96.7734E-03,   228.705E-03,            0.,"ASSEMBLY_PLATE-1__PICKEDSET2","ROCK","",  -509.713E-03,      -2.28176,      -2.16498,  -626.497E-03,  -439.669E-03
F:/Desktop/DeepOnet_Abaqus/StaticElasticJob.odb,Step-1,Increment      1: Step Time =    1.000,"PLATE-1",          2635,             1,  -96.7146E-03,   249.010E-03,            0.,"ASSEMBLY_PLATE-1__PICKEDSET2","ROCK","",  -593.934E-03,      -2.20962,      -2.14963,  -653.931E-03,  -305.511E-03
F:/Desktop/DeepOnet_Abaqus/StaticElasticJob.odb,Step-1,Increment      1: Step Time =    1.000,"PLATE-1",          2636,             1,  -129.261E-03,   205.080E-03,            0.,"ASSEMBLY_PLATE-1__PICKEDSET2","ROCK","",  -361.655E-03,      -2.13308,      -1.84070,  -654.033E-03,  -657.602E-03
F:/Desktop/DeepOnet_Abaqus/StaticElasticJob.odb,Step-1,Increment      1: Step Time =    1.000,"PLATE-1",          2637,             1,  -140.482E-03,   227.387E-03,            0.,"ASSEMBLY_PLATE-1__PICKEDSET2","ROCK","",  -499.041E-03,      -1.99564,      -1.82261,  -672.077E-03,  -478.564E-03
F:/Desktop/DeepOnet_Abaqus/StaticElasticJob.odb,Step-1,Increment      1: Step Time =    1.000,"PLATE-1",          2638,             1,  -149.557E-03,   172.083E-03,            0.,"ASSEMBLY_PLATE-1__PICKEDSET2","ROCK","",  -278.636E-03,      -1.88563,      -1.35928,  -804.987E-03,  -754.187E-03
F:/Desktop/DeepOnet_Abaqus/StaticElasticJob.odb,Step-1,Increment      1: Step Time =    1.000,"PLATE-1",          2639,             1,  -169.771E-03,   206.682E-03,            0.,"ASSEMBLY_PLATE-1__PICKEDSET2","ROCK","",  -435.509E-03,      -1.88170,      -1.59422,  -722.987E-03,  -577.150E-03
F:/Desktop/DeepOnet_Abaqus/StaticElasticJob.odb,Step-1,Increment      1: Step Time =    1.000,"PLATE-1",          2640,             1,  -210.316E-03,   196.683E-03,            0.,"ASSEMBLY_PLATE-1__PICKEDSET2","ROCK","",  -481.386E-03,      -1.70421,      -1.37967,  -805.927E-03,  -539.934E-03
F:/Desktop/DeepOnet_Abaqus/StaticElasticJob.odb,Step-1,Increment      1: Step Time =    1.000,"PLATE-1",          2641,             1,  -256.654E-03,   118.259E-03,            0.,"ASSEMBLY_PLATE-1__PICKEDSET2","ROCK","",  -431.842E-03,      -1.46458,  -831.608E-03,      -1.06481,  -503.031E-03
F:/Desktop/DeepOnet_Abaqus/StaticElasticJob.odb,Step-1,Increment      1: Step Time =    1.000,"PLATE-1",          2642,             1,  -260.821E-03,   152.944E-03,            0.,"ASSEMBLY_PLATE-1__PICKEDSET2","ROCK","",  -533.589E-03,      -1.52196,      -1.07222,  -983.333E-03,  -492.183E-03
F:/Desktop/DeepOnet_Abaqus/StaticElasticJob.odb,Step-1,Increment      1: Step Time =    1.000,"PLATE-1",          2643,             1,  -273.010E-03,   31.7391E-03,            0.,"ASSEMBLY_PLATE-1__PICKEDSET2","ROCK","",  -428.951E-03,      -1.33203,  -474.847E-03,      -1.28614,  -198.346E-03
F:/Desktop/DeepOnet_Abaqus/StaticElasticJob.odb,Step-1,Increment      1: Step Time =    1.000,"PLATE-1",          2644,             1,   505.742E-03,   835.582E-03,            0.,"ASSEMBLY_PLATE-1__PICKEDSET2","ROCK","",  -643.709E-03,      -1.30962,  -685.540E-03,      -1.26779,   161.572E-03
F:/Desktop/DeepOnet_Abaqus/StaticElasticJob.odb,Step-1,Increment      1: Step Time =    1.000,"PLATE-1",          2645,             1,   825.330E-03,       1.28825,            0.,"ASSEMBLY_PLATE-1__PICKEDSET2","ROCK","",  -862.831E-03,      -2.23288,      -2.19233,  -903.387E-03,  -232.204E-03
F:/Desktop/DeepOnet_Abaqus/StaticElasticJob.odb,Step-1,Increment      1: Step Time =    1.000,"PLATE-1",          2646,             1,  -157.745E-03,   189.737E-03,            0.,"ASSEMBLY_PLATE-1__PICKEDSET2","ROCK","",  -350.195E-03,      -1.94423,      -1.56153,  -732.895E-03,  -680.865E-03
F:/Desktop/DeepOnet_Abaqus/StaticElasticJob.odb,Step-1,Increment      1: Step Time =    1.000,"PLATE-1",          2647,             1,  -101.726E-03,  -333.059E-03,            0.,"ASSEMBLY_PLATE-1__PICKEDSET2","ROCK","",  -695.811E-03,      -2.09046,      -2.03131,  -754.955E-03,   281.047E-03
F:/Desktop/DeepOnet_Abaqus/StaticElasticJob.odb,Step-1,Increment      1: Step Time =    1.000,"PLATE-1",          2648,             1,   26.5033E-03,   277.428E-03,            0.,"ASSEMBLY_PLATE-1__PICKEDSET2","ROCK","",  -837.866E-03,      -2.35676,      -2.32202,  -872.610E-03,   227.082E-03
F:/Desktop/DeepOnet_Abaqus/StaticElasticJob.odb,Step-1,Increment      1: Step Time =    1.000,"PLATE-1",          2649,             1,   33.0770E-03,   253.248E-03,            0.,"ASSEMBLY_PLATE-1__PICKEDSET2","ROCK","",  -716.401E-03,      -2.68238,      -2.60953,  -789.244E-03,   371.350E-03
F:/Desktop/DeepOnet_Abaqus/StaticElasticJob.odb,Step-1,Increment      1: Step Time =    1.000,"PLATE-1",          2650,             1,   13.6842E-03,   265.495E-03,            0.,"ASSEMBLY_PLATE-1__PICKEDSET2","ROCK","",  -780.622E-03,      -2.50885,      -2.48304,  -806.435E-03,   209.628E-03
F:/Desktop/DeepOnet_Abaqus/StaticElasticJob.odb,Step-1,Increment      1: Step Time =    1.000,"PLATE-1",          2651,             1,  -7.46415E-03,   280.021E-03,            0.,"ASSEMBLY_PLATE-1__PICKEDSET2","ROCK","",  -831.250E-03,      -2.32426,      -2.31184,  -843.662E-03,   135.564E-03
F:/Desktop/DeepOnet_Abaqus/StaticElasticJob.odb,Step-1,Increment      1: Step Time =    1.000,"PLATE-1",          2652,             1,  -10.9504E-03,   261.505E-03,            0.,"ASSEMBLY_PLATE-1__PICKEDSET2","ROCK","",  -740.149E-03,      -2.53689,      -2.53284,  -744.202E-03,   85.2367E-03
F:/Desktop/DeepOnet_Abaqus/StaticElasticJob.odb,Step-1,Increment      1: Step Time =    1.000,"PLATE-1",          2653,             1,  -70.0689E-03,   320.056E-03,            0.,"ASSEMBLY_PLATE-1__PICKEDSET2","ROCK","",  -838.208E-03,      -2.00079,      -1.99985,  -839.147E-03,   33.0254E-03
F:/Desktop/DeepOnet_Abaqus/StaticElasticJob.odb,Step-1,Increment      1: Step Time =    1.000,"PLATE-1",          2654,             1,   82.1546E-03,  -225.494E-03,            0.,"ASSEMBLY_PLATE-1__PICKEDSET2","ROCK","",  -188.122E-03,      -2.49207,      -2.41778,  -262.410E-03,  -406.985E-03
F:/Desktop/DeepOnet_Abaqus/StaticElasticJob.odb,Step-1,Increment      1: Step Time =    1.000,"PLATE-1",          2655,             1,   264.892E-03,  -70.4356E-03,            0.,"ASSEMBLY_PLATE-1__PICKEDSET2","ROCK","",  -378.471E-03,      -1.32565,  -432.917E-03,      -1.27120,  -220.467E-03
F:/Desktop/DeepOnet_Abaqus/StaticElasticJob.odb,Step-1,Increment      1: Step Time =    1.000,"PLATE-1",          2656,             1,   342.886E-03,  -56.4723E-03,            0.,"ASSEMBLY_PLATE-1__PICKEDSET2","ROCK","",  -827.708E-03,      -1.20797,  -837.196E-03,      -1.19849,  -59.3117E-03
F:/Desktop/DeepOnet_Abaqus/StaticElasticJob.odb,Step-1,Increment      1: Step Time =    1.000,"PLATE-1",          2657,             1,      -1.33277,       1.29910,            0.,"ASSEMBLY_PLATE-1__PICKEDSET2","ROCK","",  -999.358E-03,      -1.55515,      -1.55198,      -1.00253,  -41.8447E-03
F:/Desktop/DeepOnet_Abaqus/StaticElasticJob.odb,Step-1,Increment      1: Step Time =    1.000,"PLATE-1",          2658,             1,   379.477E-03,   46.7943E-03,            0.,"ASSEMBLY_PLATE-1__PICKEDSET2","ROCK","",  -755.540E-03,      -1.36910,      -1.01121,      -1.11343,   302.493E-03
F:/Desktop/DeepOnet_Abaqus/StaticElasticJob.odb,Step-1,Increment      1: Step Time =    1.000,"PLATE-1",          2659,             1,  -100.378E-03,  -249.318E-03,            0.,"ASSEMBLY_PLATE-1__PICKEDSET2","ROCK","",  -421.407E-03,      -2.49095,      -2.34545,  -566.903E-03,   529.095E-03
F:/Desktop/DeepOnet_Abaqus/StaticElasticJob.odb,Step-1,Increment      1: Step Time =    1.000,"PLATE-1",          2660,             1,  -119.160E-03,   230.868E-03,            0.,"ASSEMBLY_PLATE-1__PICKEDSET2","ROCK","",  -508.140E-03,      -2.13197,      -1.99898,  -641.131E-03,  -445.273E-03
F:/Desktop/DeepOnet_Abaqus/StaticElasticJob.odb,Step-1,Increment      1: Step Time =    1.000,"PLATE-1",          2661,             1,  -185.106E-03,   199.390E-03,            0.,"ASSEMBLY_PLATE-1__PICKEDSET2","ROCK","",  -426.567E-03,      -1.79884,      -1.47375,  -751.665E-03,  -583.469E-03
F:/Desktop/DeepOnet_Abaqus/StaticElasticJob.odb,Step-1,Increment      1: Step Time =    1.000,"PLATE-1",          2662,             1,  -245.586E-03,   256.615E-03,            0.,"ASSEMBLY_PLATE-1__PICKEDSET2","ROCK","",  -674.938E-03,      -1.66759,      -1.52931,  -813.218E-03,  -343.719E-03
F:/Desktop/DeepOnet_Abaqus/StaticElasticJob.odb,Step-1,Increment      1: Step Time =    1.000,"PLATE-1",          2663,             1,  -109.310E-03,  -238.608E-03,            0.,"ASSEMBLY_PLATE-1__PICKEDSET2","ROCK","",  -365.240E-03,      -2.56704,      -2.36840,  -563.881E-03,   630.801E-03
F:/Desktop/DeepOnet_Abaqus/StaticElasticJob.odb,Step-1,Increment      1: Step Time =    1.000,"PLATE-1",          2664,             1,   259.022E-03,   73.7820E-03,            0.,"ASSEMBLY_PLATE-1__PICKEDSET2","ROCK","",  -332.186E-03,      -1.59962,  -788.854E-03,      -1.14296,   608.484E-03
F:/Desktop/DeepOnet_Abaqus/StaticElasticJob.odb,Step-1,Increment      1: Step Time =    1.000,"PLATE-1",          2665,             1,   242.158E-03,   103.239E-03,            0.,"ASSEMBLY_PLATE-1__PICKEDSET2","ROCK","",  -293.452E-03,      -1.74363,  -940.646E-03,      -1.09644,   720.894E-03
F:/Desktop/DeepOnet_Abaqus/StaticElasticJob.odb,Step-1,Increment      1: Step Time =    1.000,"PLATE-1",          2666,             1,   151.490E-03,  -334.264E-03,            0.,"ASSEMBLY_PLATE-1__PICKEDSET2","ROCK","",  -706.583E-03,      -1.94493,      -1.90807,  -743.442E-03,  -210.442E-03
F:/Desktop/DeepOnet_Abaqus/StaticElasticJob.odb,Step-1,Increment      1: Step Time =    1.000,"PLATE-1",          2667,             1,   197.671E-03,  -257.445E-03,            0.,"ASSEMBLY_PLATE-1__PICKEDSET2","ROCK","",  -687.342E-03,      -1.96211,      -1.83043,  -819.016E-03,  -387.963E-03
F:/Desktop/DeepOnet_Abaqus/StaticElasticJob.odb,Step-1,Increment      1: Step Time =    1.000,"PLATE-1",          2668,             1,   97.7800E-03,  -232.540E-03,            0.,"ASSEMBLY_PLATE-1__PICKEDSET2","ROCK","",  -228.085E-03,      -2.45788,      -2.36922,  -316.747E-03,  -435.703E-03
F:/Desktop/DeepOnet_Abaqus/StaticElasticJob.odb,Step-1,Increment      1: Step Time =    1.000,"PLATE-1",          2669,             1,   104.839E-03,  -245.601E-03,            0.,"ASSEMBLY_PLATE-1__PICKEDSET2","ROCK","",  -350.616E-03,      -2.36377,      -2.26688,  -447.505E-03,  -430.888E-03
F:/Desktop/DeepOnet_Abaqus/StaticElasticJob.odb,Step-1,Increment      1: Step Time =    1.000,"PLATE-1",          2670,             1,   137.822E-03,   307.809E-03,            0.,"ASSEMBLY_PLATE-1__PICKEDSET2","ROCK","",  -807.602E-03,      -2.01156,      -1.90703,  -912.130E-03,   339.002E-03
F:/Desktop/DeepOnet_Abaqus/StaticElasticJob.odb,Step-1,Increment      1: Step Time =    1.000,"PLATE-1",          2671,             1,  -199.576E-03,  -219.069E-03,            0.,"ASSEMBLY_PLATE-1__PICKEDSET2","ROCK","",  -824.680E-03,      -2.22204,      -1.86346,      -1.18326,   610.316E-03
F:/Desktop/DeepOnet_Abaqus/StaticElasticJob.odb,Step-1,Increment      1: Step Time =    1.000,"PLATE-1",          2672,             1,  -72.6094E-03,   290.333E-03,            0.,"ASSEMBLY_PLATE-1__PICKEDSET2","ROCK","",  -770.150E-03,      -2.11148,      -2.11028,  -771.354E-03,  -40.1775E-03
F:/Desktop/DeepOnet_Abaqus/StaticElasticJob.odb,Step-1,Increment      1: Step Time =    1.000,"PLATE-1",          2673,             1,  -53.9699E-03,   280.051E-03,            0.,"ASSEMBLY_PLATE-1__PICKEDSET2","ROCK","",  -775.864E-03,      -2.20754,      -2.20716,  -776.240E-03,  -23.2000E-03
F:/Desktop/DeepOnet_Abaqus/StaticElasticJob.odb,Step-1,Increment      1: Step Time =    1.000,"PLATE-1",          2674,             1,  -73.8754E-03,   263.575E-03,            0.,"ASSEMBLY_PLATE-1__PICKEDSET2","ROCK","",  -683.046E-03,      -2.27001,      -2.25627,  -696.788E-03,  -147.035E-03
F:/Desktop/DeepOnet_Abaqus/StaticElasticJob.odb,Step-1,Increment      1: Step Time =    1.000,"PLATE-1",          2675,             1,  -115.645E-03,  -224.889E-03,            0.,"ASSEMBLY_PLATE-1__PICKEDSET2","ROCK","",  -329.776E-03,      -2.68345,      -2.44571,  -567.511E-03,   709.247E-03
F:/Desktop/DeepOnet_Abaqus/StaticElasticJob.odb,Step-1,Increment      1: Step Time =    1.000,"PLATE-1",          2676,             1,  -126.042E-03,  -234.368E-03,            0.,"ASSEMBLY_PLATE-1__PICKEDSET2","ROCK","",  -401.652E-03,      -2.60684,      -2.30053,  -707.961E-03,   762.656E-03
F:/Desktop/DeepOnet_Abaqus/StaticElasticJob.odb,Step-1,Increment      1: Step Time =    1.000,"PLATE-1",          2677,             1,  -168.654E-03,  -239.860E-03,            0.,"ASSEMBLY_PLATE-1__PICKEDSET2","ROCK","",  -723.334E-03,      -2.34483,      -2.01235,      -1.05581,   654.654E-03
F:/Desktop/DeepOnet_Abaqus/StaticElasticJob.odb,Step-1,Increment      1: Step Time =    1.000,"PLATE-1",          2678,             1,  -187.558E-03,  -305.605E-03,            0.,"ASSEMBLY_PLATE-1__PICKEDSET2","ROCK","",  -833.161E-03,      -1.99416,      -1.85908,  -968.242E-03,   372.266E-03
F:/Desktop/DeepOnet_Abaqus/StaticElasticJob.odb,Step-1,Increment      1: Step Time =    1.000,"PLATE-1",          2679,             1,   307.235E-03,   77.0626E-03,            0.,"ASSEMBLY_PLATE-1__PICKEDSET2","ROCK","",  -499.941E-03,      -1.54408,  -931.968E-03,      -1.11205,   514.245E-03
F:/Desktop/DeepOnet_Abaqus/StaticElasticJob.odb,Step-1,Increment      1: Step Time =    1.000,"PLATE-1",          2680,             1,   206.451E-03,  -331.458E-03,            0.,"ASSEMBLY_PLATE-1__PICKEDSET2","ROCK","",  -753.975E-03,      -1.86716,      -1.82082,  -800.312E-03,  -222.338E-03
F:/Desktop/DeepOnet_Abaqus/StaticElasticJob.odb,Step-1,Increment      1: Step Time =    1.000,"PLATE-1",          2681,             1,   378.085E-03,  -33.6323E-03,            0.,"ASSEMBLY_PLATE-1__PICKEDSET2","ROCK","",  -930.625E-03,      -1.17168,  -941.256E-03,      -1.16105,   49.4924E-03
F:/Desktop/DeepOnet_Abaqus/StaticElasticJob.odb,Step-1,Increment      1: Step Time =    1.000,"PLATE-1",          2682,             1,   393.637E-03,   16.9526E-03,            0.,"ASSEMBLY_PLATE-1__PICKEDSET2","ROCK","",  -842.077E-03,      -1.29016,      -1.01095,      -1.12129,   217.141E-03
F:/Desktop/DeepOnet_Abaqus/StaticElasticJob.odb,Step-1,Increment      1: Step Time =    1.000,"PLATE-1",          2683,             1,   220.854E-03,   135.975E-03,            0.,"ASSEMBLY_PLATE-1__PICKEDSET2","ROCK","",  -316.452E-03,      -1.90629,      -1.17877,      -1.04397,   792.057E-03
F:/Desktop/DeepOnet_Abaqus/StaticElasticJob.odb,Step-1,Increment      1: Step Time =    1.000,"PLATE-1",          2684,             1,   209.338E-03,   115.420E-03,            0.,"ASSEMBLY_PLATE-1__PICKEDSET2","ROCK","",  -248.046E-03,      -1.86760,  -983.549E-03,      -1.13210,   806.363E-03
F:/Desktop/DeepOnet_Abaqus/StaticElasticJob.odb,Step-1,Increment      1: Step Time =    1.000,"PLATE-1",          2685,             1,   312.321E-03,   153.948E-03,            0.,"ASSEMBLY_PLATE-1__PICKEDSET2","ROCK","",  -514.112E-03,      -1.73031,      -1.28516,  -959.265E-03,   585.862E-03
F:/Desktop/DeepOnet_Abaqus/StaticElasticJob.odb,Step-1,Increment      1: Step Time =    1.000,"PLATE-1",          2686,             1,   21.0561E-03,   252.410E-03,            0.,"ASSEMBLY_PLATE-1__PICKEDSET2","ROCK","",  -715.646E-03,      -2.62461,      -2.58008,  -760.182E-03,   288.158E-03
F:/Desktop/DeepOnet_Abaqus/StaticElasticJob.odb,Step-1,Increment      1: Step Time =    1.000,"PLATE-1",          2687,             1,  -234.108E-03,   158.045E-03,            0.,"ASSEMBLY_PLATE-1__PICKEDSET2","ROCK","",  -435.970E-03,      -1.57917,      -1.09865,  -916.490E-03,  -564.298E-03
F:/Desktop/DeepOnet_Abaqus/StaticElasticJob.odb,Step-1,Increment      1: Step Time =    1.000,"PLATE-1",          2688,             1,  -240.827E-03,   136.180E-03,            0.,"ASSEMBLY_PLATE-1__PICKEDSET2","ROCK","",  -405.522E-03,      -1.50973,  -923.379E-03,  -991.868E-03,  -551.039E-03
F:/Desktop/DeepOnet_Abaqus/StaticElasticJob.odb,Step-1,Increment      1: Step Time =    1.000,"PLATE-1",          2689,             1,  -279.761E-03,   179.217E-03,            0.,"ASSEMBLY_PLATE-1__PICKEDSET2","ROCK","",  -618.985E-03,      -1.50942,      -1.16981,  -958.592E-03,  -432.509E-03
F:/Desktop/DeepOnet_Abaqus/StaticElasticJob.odb,Step-1,Increment      1: Step Time =    1.000,"PLATE-1",          2690,             1,  -282.512E-03,   134.305E-03,            0.,"ASSEMBLY_PLATE-1__PICKEDSET2","ROCK","",  -570.748E-03,      -1.45255,  -973.098E-03,      -1.05020,  -439.212E-03
F:/Desktop/DeepOnet_Abaqus/StaticElasticJob.odb,Step-1,Increment      1: Step Time =    1.000,"PLATE-1",          2691,             1,  -339.426E-03,   182.754E-03,            0.,"ASSEMBLY_PLATE-1__PICKEDSET2","ROCK","",  -774.800E-03,      -1.42983,      -1.17801,      -1.02662,  -318.648E-03
F:/Desktop/DeepOnet_Abaqus/StaticElasticJob.odb,Step-1,Increment      1: Step Time =    1.000,"PLATE-1",          2692,             1,   6.44665E-03,  -270.221E-03,            0.,"ASSEMBLY_PLATE-1__PICKEDSET2","ROCK","",  -384.486E-03,      -2.36055,      -2.36006,  -384.981E-03,   31.2570E-03
F:/Desktop/DeepOnet_Abaqus/StaticElasticJob.odb,Step-1,Increment      1: Step Time =    1.000,"PLATE-1",          2693,             1,   3.98514E-03,  -255.909E-03,            0.,"ASSEMBLY_PLATE-1__PICKEDSET2","ROCK","",  -307.641E-03,      -2.44688,      -2.44546,  -309.069E-03,   55.2588E-03
F:/Desktop/DeepOnet_Abaqus/StaticElasticJob.odb,Step-1,Increment      1: Step Time =    1.000,"PLATE-1",          2694,             1,   13.6897E-03,  -260.326E-03,            0.,"ASSEMBLY_PLATE-1__PICKEDSET2","ROCK","",  -331.391E-03,      -2.42421,      -2.42421,  -331.392E-03,  -1.60743E-03
F:/Desktop/DeepOnet_Abaqus/StaticElasticJob.odb,Step-1,Increment      1: Step Time =    1.000,"PLATE-1",          2695,             1,   214.426E-03,   340.735E-03,            0.,"ASSEMBLY_PLATE-1__PICKEDSET2","ROCK","",  -770.202E-03,      -1.81638,      -1.69218,  -894.408E-03,   338.401E-03
F:/Desktop/DeepOnet_Abaqus/StaticElasticJob.odb,Step-1,Increment      1: Step Time =    1.000,"PLATE-1",          2696,             1,   104.178E-03,   307.647E-03,            0.,"ASSEMBLY_PLATE-1__PICKEDSET2","ROCK","",  -856.832E-03,      -2.05768,      -1.97606,  -938.459E-03,   302.255E-03
F:/Desktop/DeepOnet_Abaqus/StaticElasticJob.odb,Step-1,Increment      1: Step Time =    1.000,"PLATE-1",          2697,             1,   55.8712E-03,   302.599E-03,            0.,"ASSEMBLY_PLATE-1__PICKEDSET2","ROCK","",  -884.401E-03,      -2.15595,      -2.10416,  -936.186E-03,   251.328E-03
F:/Desktop/DeepOnet_Abaqus/StaticElasticJob.odb,Step-1,Increment      1: Step Time =    1.000,"PLATE-1",          2698,             1,   232.289E-03,   217.471E-03,            0.,"ASSEMBLY_PLATE-1__PICKEDSET2","ROCK","",  -530.428E-03,      -1.95849,      -1.61934,  -869.577E-03,   607.703E-03
F:/Desktop/DeepOnet_Abaqus/StaticElasticJob.odb,Step-1,Increment      1: Step Time =    1.000,"PLATE-1",          2699,             1,   190.765E-03,   279.989E-03,            0.,"ASSEMBLY_PLATE-1__PICKEDSET2","ROCK","",  -696.557E-03,      -1.97877,      -1.81234,  -862.992E-03,   430.935E-03
F:/Desktop/DeepOnet_Abaqus/StaticElasticJob.odb,Step-1,Increment      1: Step Time =    1.000,"PLATE-1",          2700,             1,  -116.928E-03,  -305.756E-03,            0.,"ASSEMBLY_PLATE-1__PICKEDSET2","ROCK","",  -641.566E-03,      -2.18973,      -2.08732,  -743.969E-03,   384.772E-03
F:/Desktop/DeepOnet_Abaqus/StaticElasticJob.odb,Step-1,Increment      1: Step Time =    1.000,"PLATE-1",          2701,             1,   61.5761E-03,  -247.623E-03,            0.,"ASSEMBLY_PLATE-1__PICKEDSET2","ROCK","",  -290.913E-03,      -2.42123,      -2.39222,  -319.919E-03,  -246.882E-03
F:/Desktop/DeepOnet_Abaqus/StaticElasticJob.odb,Step-1,Increment      1: Step Time =    1.000,"PLATE-1",          2702,             1,   77.7695E-03,  -265.679E-03,            0.,"ASSEMBLY_PLATE-1__PICKEDSET2","ROCK","",  -399.490E-03,      -2.30589,      -2.26271,  -442.671E-03,  -283.645E-03
F:/Desktop/DeepOnet_Abaqus/StaticElasticJob.odb,Step-1,Increment      1: Step Time =    1.000,"PLATE-1",          2703,             1,   50.9157E-03,  -252.342E-03,            0.,"ASSEMBLY_PLATE-1__PICKEDSET2","ROCK","",  -313.904E-03,      -2.39337,      -2.37865,  -328.624E-03,  -174.337E-03
F:/Desktop/DeepOnet_Abaqus/StaticElasticJob.odb,Step-1,Increment      1: Step Time =    1.000,"PLATE-1",          2704,             1,   79.2183E-03,  -288.605E-03,            0.,"ASSEMBLY_PLATE-1__PICKEDSET2","ROCK","",  -507.411E-03,      -2.19281,      -2.16827,  -531.953E-03,  -201.891E-03
F:/Desktop/DeepOnet_Abaqus/StaticElasticJob.odb,Step-1,Increment      1: Step Time =    1.000,"PLATE-1",          2705,             1,  -201.893E-03,  -194.318E-03,            0.,"ASSEMBLY_PLATE-1__PICKEDSET2","ROCK","",  -817.897E-03,      -2.40643,      -1.92869,      -1.29563,   728.469E-03
F:/Desktop/DeepOnet_Abaqus/StaticElasticJob.odb,Step-1,Increment      1: Step Time =    1.000,"PLATE-1",          2706,             1,  -234.259E-03,  -167.347E-03,            0.,"ASSEMBLY_PLATE-1__PICKEDSET2","ROCK","",  -659.381E-03,      -2.16314,      -1.56186,      -1.26066,   736.644E-03
F:/Desktop/DeepOnet_Abaqus/StaticElasticJob.odb,Step-1,Increment      1: Step Time =    1.000,"PLATE-1",          2707,             1,  -251.026E-03,  -195.794E-03,            0.,"ASSEMBLY_PLATE-1__PICKEDSET2","ROCK","",  -782.607E-03,      -2.00409,      -1.67449,      -1.11220,   542.181E-03
F:/Desktop/DeepOnet_Abaqus/StaticElasticJob.odb,Step-1,Increment      1: Step Time =    1.000,"PLATE-1",          2708,             1,  -266.714E-03,  -159.613E-03,            0.,"ASSEMBLY_PLATE-1__PICKEDSET2","ROCK","",  -640.866E-03,      -1.95286,      -1.39975,      -1.19398,   647.880E-03
F:/Desktop/DeepOnet_Abaqus/StaticElasticJob.odb,Step-1,Increment      1: Step Time =    1.000,"PLATE-1",          2709,             1,  -249.899E-03,  -105.529E-03,            0.,"ASSEMBLY_PLATE-1__PICKEDSET2","ROCK","",  -337.477E-03,      -1.87777,  -682.232E-03,      -1.53301,   642.003E-03
F:/Desktop/DeepOnet_Abaqus/StaticElasticJob.odb,Step-1,Increment      1: Step Time =    1.000,"PLATE-1",          2710,             1,  -251.163E-03,  -83.1588E-03,            0.,"ASSEMBLY_PLATE-1__PICKEDSET2","ROCK","",  -294.284E-03,      -1.65808,  -449.879E-03,      -1.50248,   433.579E-03
F:/Desktop/DeepOnet_Abaqus/StaticElasticJob.odb,Step-1,Increment      1: Step Time =    1.000,"PLATE-1",          2711,             1,  -243.383E-03,  -50.0198E-03,            0.,"ASSEMBLY_PLATE-1__PICKEDSET2","ROCK","",  -225.162E-03,      -1.45561,  -256.840E-03,      -1.42393,   194.869E-03
F:/Desktop/DeepOnet_Abaqus/StaticElasticJob.odb,Step-1,Increment      1: Step Time =    1.000,"PLATE-1",          2712,             1,  -295.967E-03,   61.8092E-03,            0.,"ASSEMBLY_PLATE-1__PICKEDSET2","ROCK","",  -539.642E-03,      -1.33750,  -630.218E-03,      -1.24693,  -253.107E-03
F:/Desktop/DeepOnet_Abaqus/StaticElasticJob.odb,Step-1,Increment      1: Step Time =    1.000,"PLATE-1",          2713,             1,  -235.300E-03,  -11.4117E-03,            0.,"ASSEMBLY_PLATE-1__PICKEDSET2","ROCK","",  -198.402E-03,      -1.28758,  -200.958E-03,      -1.28502,  -52.7014E-03
F:/Desktop/DeepOnet_Abaqus/StaticElasticJob.odb,Step-1,Increment      1: Step Time =    1.000,"PLATE-1",          2714,             1,   100.534E-03,   354.440E-03,            0.,"ASSEMBLY_PLATE-1__PICKEDSET2","ROCK","",  -923.669E-03,      -1.87936,      -1.81885,  -984.179E-03,   232.738E-03
F:/Desktop/DeepOnet_Abaqus/StaticElasticJob.odb,Step-1,Increment      1: Step Time =    1.000,"PLATE-1",          2715,             1,   131.976E-03,   360.693E-03,            0.,"ASSEMBLY_PLATE-1__PICKEDSET2","ROCK","",  -900.597E-03,      -1.82393,      -1.75343,  -971.104E-03,   245.215E-03
F:/Desktop/DeepOnet_Abaqus/StaticElasticJob.odb,Step-1,Increment      1: Step Time =    1.000,"PLATE-1",          2716,             1,   354.087E-03,  -178.928E-03,            0.,"ASSEMBLY_PLATE-1__PICKEDSET2","ROCK","",  -799.704E-03,      -1.50589,      -1.33294,  -972.647E-03,  -303.677E-03
F:/Desktop/DeepOnet_Abaqus/StaticElasticJob.odb,Step-1,Increment      1: Step Time =    1.000,"PLATE-1",          2717,             1,   334.143E-03,  -143.305E-03,            0.,"ASSEMBLY_PLATE-1__PICKEDSET2","ROCK","",  -772.274E-03,      -1.43418,      -1.15780,      -1.04865,  -326.422E-03
F:/Desktop/DeepOnet_Abaqus/StaticElasticJob.odb,Step-1,Increment      1: Step Time =    1.000,"PLATE-1",          2718,             1,  -259.643E-03,  -63.3992E-03,            0.,"ASSEMBLY_PLATE-1__PICKEDSET2","ROCK","",  -308.343E-03,      -1.52814,  -391.350E-03,      -1.44513,   307.181E-03
F:/Desktop/DeepOnet_Abaqus/StaticElasticJob.odb,Step-1,Increment      1: Step Time =    1.000,"PLATE-1",          2719,             1,  -277.358E-03,  -48.9355E-03,            0.,"ASSEMBLY_PLATE-1__PICKEDSET2","ROCK","",  -415.546E-03,      -1.45206,  -459.143E-03,      -1.40846,   208.059E-03
F:/Desktop/DeepOnet_Abaqus/StaticElasticJob.odb,Step-1,Increment      1: Step Time =    1.000,"PLATE-1",          2720,             1,   428.009E-03,   779.576E-03,            0.,"ASSEMBLY_PLATE-1__PICKEDSET2","ROCK","",  -859.039E-03,      -1.28712,  -935.221E-03,      -1.21094,   163.732E-03
F:/Desktop/DeepOnet_Abaqus/StaticElasticJob.odb,Step-1,Increment      1: Step Time =    1.000,"PLATE-1",          2721,             1,       1.22938,  -862.817E-03,            0.,"ASSEMBLY_PLATE-1__PICKEDSET2","ROCK","",      -1.00608,      -1.58570,      -1.57931,      -1.01247,  -60.5075E-03
F:/Desktop/DeepOnet_Abaqus/StaticElasticJob.odb,Step-1,Increment      1: Step Time =    1.000,"PLATE-1",          2722,             1,       1.36453,  -279.578E-03,            0.,"ASSEMBLY_PLATE-1__PICKEDSET2","ROCK","",      -1.07176,      -1.58189,      -1.57460,      -1.07906,  -60.5781E-03
F:/Desktop/DeepOnet_Abaqus/StaticElasticJob.odb,Step-1,Increment      1: Step Time =    1.000,"PLATE-1",          2723,             1,      -1.23294,  -735.027E-03,            0.,"ASSEMBLY_PLATE-1__PICKEDSET2","ROCK","",  -995.661E-03,      -1.54597,      -1.54144,      -1.00019,   49.6926E-03
F:/Desktop/DeepOnet_Abaqus/StaticElasticJob.odb,Step-1,Increment      1: Step Time =    1.000,"PLATE-1",          2724,             1,   350.698E-03,  -275.025E-03,            0.,"ASSEMBLY_PLATE-1__PICKEDSET2","ROCK","",  -792.603E-03,      -1.65720,      -1.57968,  -870.128E-03,  -247.018E-03
F:/Desktop/DeepOnet_Abaqus/StaticElasticJob.odb,Step-1,Increment      1: Step Time =    1.000,"PLATE-1",          2725,             1,  -31.9549E-03,  -281.283E-03,            0.,"ASSEMBLY_PLATE-1__PICKEDSET2","ROCK","",  -440.878E-03,      -2.34254,      -2.32047,  -462.952E-03,   203.690E-03
F:/Desktop/DeepOnet_Abaqus/StaticElasticJob.odb,Step-1,Increment      1: Step Time =    1.000,"PLATE-1",          2726,             1,  -84.6955E-03,  -255.504E-03,            0.,"ASSEMBLY_PLATE-1__PICKEDSET2","ROCK","",  -404.513E-03,      -2.45129,      -2.34588,  -509.923E-03,   452.370E-03
F:/Desktop/DeepOnet_Abaqus/StaticElasticJob.odb,Step-1,Increment      1: Step Time =    1.000,"PLATE-1",          2727,             1,  -6.03931E-03,  -272.445E-03,            0.,"ASSEMBLY_PLATE-1__PICKEDSET2","ROCK","",  -389.177E-03,      -2.37022,      -2.36596,  -393.437E-03,   91.7672E-03
F:/Desktop/DeepOnet_Abaqus/StaticElasticJob.odb,Step-1,Increment      1: Step Time =    1.000,"PLATE-1",          2728,             1,   15.1632E-03,  -388.983E-03,            0.,"ASSEMBLY_PLATE-1__PICKEDSET2","ROCK","",  -708.709E-03,      -1.98977,      -1.98822,  -710.268E-03,   44.6652E-03
F:/Desktop/DeepOnet_Abaqus/StaticElasticJob.odb,Step-1,Increment      1: Step Time =    1.000,"PLATE-1",          2729,             1,  -17.7086E-03,  -325.517E-03,            0.,"ASSEMBLY_PLATE-1__PICKEDSET2","ROCK","",  -583.011E-03,      -2.15675,      -2.14953,  -590.227E-03,   106.320E-03
F:/Desktop/DeepOnet_Abaqus/StaticElasticJob.odb,Step-1,Increment      1: Step Time =    1.000,"PLATE-1",          2730,             1,  -117.059E-03,   282.195E-03,            0.,"ASSEMBLY_PLATE-1__PICKEDSET2","ROCK","",  -699.543E-03,      -1.99429,      -1.97083,  -723.001E-03,  -172.689E-03
F:/Desktop/DeepOnet_Abaqus/StaticElasticJob.odb,Step-1,Increment      1: Step Time =    1.000,"PLATE-1",          2731,             1,   58.7127E-03,  -279.532E-03,            0.,"ASSEMBLY_PLATE-1__PICKEDSET2","ROCK","",  -445.470E-03,      -2.26524,      -2.25068,  -460.029E-03,  -162.118E-03
F:/Desktop/DeepOnet_Abaqus/StaticElasticJob.odb,Step-1,Increment      1: Step Time =    1.000,"PLATE-1",          2732,             1,  -1.34302E-03,   293.797E-03,            0.,"ASSEMBLY_PLATE-1__PICKEDSET2","ROCK","",  -862.057E-03,      -2.23360,      -2.21786,  -877.803E-03,   146.108E-03
F:/Desktop/DeepOnet_Abaqus/StaticElasticJob.odb,Step-1,Increment      1: Step Time =    1.000,"PLATE-1",          2733,             1,   35.5876E-03,  -279.992E-03,            0.,"ASSEMBLY_PLATE-1__PICKEDSET2","ROCK","",  -431.375E-03,      -2.29749,      -2.29502,  -433.844E-03,  -67.8219E-03
F:/Desktop/DeepOnet_Abaqus/StaticElasticJob.odb,Step-1,Increment      1: Step Time =    1.000,"PLATE-1",          2734,             1,  -185.183E-03,   220.193E-03,            0.,"ASSEMBLY_PLATE-1__PICKEDSET2","ROCK","",  -500.001E-03,      -1.81314,      -1.58264,  -730.502E-03,  -499.549E-03
F:/Desktop/DeepOnet_Abaqus/StaticElasticJob.odb,Step-1,Increment      1: Step Time =    1.000,"PLATE-1",          2735,             1,  -156.161E-03,   217.241E-03,            0.,"ASSEMBLY_PLATE-1__PICKEDSET2","ROCK","",  -448.605E-03,      -1.95144,      -1.70969,  -690.355E-03,  -552.147E-03
F:/Desktop/DeepOnet_Abaqus/StaticElasticJob.odb,Step-1,Increment      1: Step Time =    1.000,"PLATE-1",          2736,             1,  -171.801E-03,   237.510E-03,            0.,"ASSEMBLY_PLATE-1__PICKEDSET2","ROCK","",  -544.948E-03,      -1.86960,      -1.71221,  -702.342E-03,  -428.625E-03
F:/Desktop/DeepOnet_Abaqus/StaticElasticJob.odb,Step-1,Increment      1: Step Time =    1.000,"PLATE-1",          2737,             1,   318.582E-03,  -215.195E-03,            0.,"ASSEMBLY_PLATE-1__PICKEDSET2","ROCK","",  -758.871E-03,      -1.61713,      -1.45865,  -917.359E-03,  -333.025E-03
F:/Desktop/DeepOnet_Abaqus/StaticElasticJob.odb,Step-1,Increment      1: Step Time =    1.000,"PLATE-1",          2738,             1,   306.456E-03,  -132.595E-03,            0.,"ASSEMBLY_PLATE-1__PICKEDSET2","ROCK","",  -673.315E-03,      -1.48406,      -1.06474,      -1.09263,  -405.131E-03
F:/Desktop/DeepOnet_Abaqus/StaticElasticJob.odb,Step-1,Increment      1: Step Time =    1.000,"PLATE-1",          2739,             1,   206.703E-03,   126.336E-03,            0.,"ASSEMBLY_PLATE-1__PICKEDSET2","ROCK","",  -266.076E-03,      -1.91396,      -1.06010,      -1.11994,   823.399E-03
F:/Desktop/DeepOnet_Abaqus/StaticElasticJob.odb,Step-1,Increment      1: Step Time =    1.000,"PLATE-1",          2740,             1,   216.234E-03,   124.922E-03,            0.,"ASSEMBLY_PLATE-1__PICKEDSET2","ROCK","",  -278.822E-03,      -1.85732,      -1.05973,      -1.07641,   789.205E-03
F:/Desktop/DeepOnet_Abaqus/StaticElasticJob.odb,Step-1,Increment      1: Step Time =    1.000,"PLATE-1",          2741,             1,   227.497E-03,   124.113E-03,            0.,"ASSEMBLY_PLATE-1__PICKEDSET2","ROCK","",  -315.617E-03,      -1.85232,      -1.10882,      -1.05911,   767.948E-03
F:/Desktop/DeepOnet_Abaqus/StaticElasticJob.odb,Step-1,Increment      1: Step Time =    1.000,"PLATE-1",          2742,             1,   252.379E-03,   145.898E-03,            0.,"ASSEMBLY_PLATE-1__PICKEDSET2","ROCK","",  -399.392E-03,      -1.84425,      -1.25949,  -984.155E-03,   709.192E-03
F:/Desktop/DeepOnet_Abaqus/StaticElasticJob.odb,Step-1,Increment      1: Step Time =    1.000,"PLATE-1",          2743,             1,   333.726E-03,  -245.961E-03,            0.,"ASSEMBLY_PLATE-1__PICKEDSET2","ROCK","",  -778.982E-03,      -1.64518,      -1.53987,  -884.297E-03,  -283.078E-03
F:/Desktop/DeepOnet_Abaqus/StaticElasticJob.odb,Step-1,Increment      1: Step Time =    1.000,"PLATE-1",          2744,             1,   311.871E-03,   111.888E-03,            0.,"ASSEMBLY_PLATE-1__PICKEDSET2","ROCK","",  -502.280E-03,      -1.62770,      -1.09236,      -1.03762,   562.044E-03
F:/Desktop/DeepOnet_Abaqus/StaticElasticJob.odb,Step-1,Increment      1: Step Time =    1.000,"PLATE-1",          2745,             1,   368.534E-03,   81.8916E-03,            0.,"ASSEMBLY_PLATE-1__PICKEDSET2","ROCK","",  -658.303E-03,      -1.47985,      -1.07451,      -1.06364,   410.738E-03
F:/Desktop/DeepOnet_Abaqus/StaticElasticJob.odb,Step-1,Increment      1: Step Time =    1.000,"PLATE-1",          2746,             1,   360.812E-03,   122.760E-03,            0.,"ASSEMBLY_PLATE-1__PICKEDSET2","ROCK","",  -600.057E-03,      -1.58864,      -1.18225,      -1.00645,   486.415E-03
F:/Desktop/DeepOnet_Abaqus/StaticElasticJob.odb,Step-1,Increment      1: Step Time =    1.000,"PLATE-1",          2747,             1,   421.045E-03,   726.165E-03,            0.,"ASSEMBLY_PLATE-1__PICKEDSET2","ROCK","",  -889.334E-03,      -1.30975,      -1.05743,      -1.14165,   205.947E-03
F:/Desktop/DeepOnet_Abaqus/StaticElasticJob.odb,Step-1,Increment      1: Step Time =    1.000,"PLATE-1",          2748,             1,      -1.38948,       1.22203,            0.,"ASSEMBLY_PLATE-1__PICKEDSET2","ROCK","",      -1.00209,      -1.54905,      -1.54584,      -1.00530,  -41.8101E-03
F:/Desktop/DeepOnet_Abaqus/StaticElasticJob.odb,Step-1,Increment      1: Step Time =    1.000,"PLATE-1",          2749,             1,      -1.28953,  -320.675E-03,            0.,"ASSEMBLY_PLATE-1__PICKEDSET2","ROCK","",      -1.02343,      -1.49959,      -1.49518,      -1.02783,   45.5792E-03
F:/Desktop/DeepOnet_Abaqus/StaticElasticJob.odb,Step-1,Increment      1: Step Time =    1.000,"PLATE-1",          2750,             1,      -1.30661,  -223.895E-03,            0.,"ASSEMBLY_PLATE-1__PICKEDSET2","ROCK","",      -1.03079,      -1.48891,      -1.48557,      -1.03413,   38.9590E-03
F:/Desktop/DeepOnet_Abaqus/StaticElasticJob.odb,Step-1,Increment      1: Step Time =    1.000,"PLATE-1",          2751,             1,      -1.19165,  -221.944E-03,            0.,"ASSEMBLY_PLATE-1__PICKEDSET2","ROCK","",      -1.03230,      -1.48128,      -1.47631,      -1.03726,   46.9726E-03
F:/Desktop/DeepOnet_Abaqus/StaticElasticJob.odb,Step-1,Increment      1: Step Time =    1.000,"PLATE-1",          2752,             1,   176.119E-03,   320.722E-03,            0.,"ASSEMBLY_PLATE-1__PICKEDSET2","ROCK","",  -780.598E-03,      -1.90847,      -1.78408,  -904.990E-03,   353.307E-03
F:/Desktop/DeepOnet_Abaqus/StaticElasticJob.odb,Step-1,Increment      1: Step Time =    1.000,"PLATE-1",          2753,             1,   245.227E-03,   125.277E-03,            0.,"ASSEMBLY_PLATE-1__PICKEDSET2","ROCK","",  -367.108E-03,      -1.78433,      -1.10982,      -1.04162,   707.789E-03
F:/Desktop/DeepOnet_Abaqus/StaticElasticJob.odb,Step-1,Increment      1: Step Time =    1.000,"PLATE-1",          2754,             1,   245.858E-03,   180.313E-03,            0.,"ASSEMBLY_PLATE-1__PICKEDSET2","ROCK","",  -453.929E-03,      -1.90985,      -1.43872,  -925.063E-03,   681.152E-03
F:/Desktop/DeepOnet_Abaqus/StaticElasticJob.odb,Step-1,Increment      1: Step Time =    1.000,"PLATE-1",          2755,             1,   291.558E-03,   197.507E-03,            0.,"ASSEMBLY_PLATE-1__PICKEDSET2","ROCK","",  -526.879E-03,      -1.81328,      -1.44432,  -895.846E-03,   581.811E-03
F:/Desktop/DeepOnet_Abaqus/StaticElasticJob.odb,Step-1,Increment      1: Step Time =    1.000,"PLATE-1",          2756,             1,  -123.324E-03,  -249.324E-03,            0.,"ASSEMBLY_PLATE-1__PICKEDSET2","ROCK","",  -516.429E-03,      -2.46074,      -2.23587,  -741.294E-03,   621.806E-03
F:/Desktop/DeepOnet_Abaqus/StaticElasticJob.odb,Step-1,Increment      1: Step Time =    1.000,"PLATE-1",          2757,             1,  -97.4744E-03,  -283.589E-03,            0.,"ASSEMBLY_PLATE-1__PICKEDSET2","ROCK","",  -568.588E-03,      -2.27969,      -2.17622,  -672.058E-03,   407.850E-03
F:/Desktop/DeepOnet_Abaqus/StaticElasticJob.odb,Step-1,Increment      1: Step Time =    1.000,"PLATE-1",          2758,             1,  -115.298E-03,  -266.894E-03,            0.,"ASSEMBLY_PLATE-1__PICKEDSET2","ROCK","",  -539.578E-03,      -2.35763,      -2.18469,  -712.517E-03,   533.389E-03
F:/Desktop/DeepOnet_Abaqus/StaticElasticJob.odb,Step-1,Increment      1: Step Time =    1.000,"PLATE-1",          2759,             1,   23.4573E-03,  -270.597E-03,            0.,"ASSEMBLY_PLATE-1__PICKEDSET2","ROCK","",  -375.994E-03,      -2.35184,      -2.35125,  -376.586E-03,  -34.1998E-03
F:/Desktop/DeepOnet_Abaqus/StaticElasticJob.odb,Step-1,Increment      1: Step Time =    1.000,"PLATE-1",          2760,             1,   50.2393E-03,  -311.694E-03,            0.,"ASSEMBLY_PLATE-1__PICKEDSET2","ROCK","",  -537.663E-03,      -2.17206,      -2.16807,  -541.658E-03,  -80.7031E-03
F:/Desktop/DeepOnet_Abaqus/StaticElasticJob.odb,Step-1,Increment      1: Step Time =    1.000,"PLATE-1",          2761,             1,  -286.746E-03,  -126.350E-03,            0.,"ASSEMBLY_PLATE-1__PICKEDSET2","ROCK","",  -599.896E-03,      -1.75271,      -1.08341,      -1.26919,   568.872E-03
F:/Desktop/DeepOnet_Abaqus/StaticElasticJob.odb,Step-1,Increment      1: Step Time =    1.000,"PLATE-1",          2762,             1,  -338.928E-03,  -129.567E-03,            0.,"ASSEMBLY_PLATE-1__PICKEDSET2","ROCK","",  -740.240E-03,      -1.61536,      -1.16188,      -1.19372,   437.270E-03
F:/Desktop/DeepOnet_Abaqus/StaticElasticJob.odb,Step-1,Increment      1: Step Time =    1.000,"PLATE-1",          2763,             1,  -392.025E-03,  -141.845E-03,            0.,"ASSEMBLY_PLATE-1__PICKEDSET2","ROCK","",  -844.535E-03,      -1.54394,      -1.23848,      -1.15000,   346.896E-03
F:/Desktop/DeepOnet_Abaqus/StaticElasticJob.odb,Step-1,Increment      1: Step Time =    1.000,"PLATE-1",          2764,             1,   5.64236E-03,   280.103E-03,            0.,"ASSEMBLY_PLATE-1__PICKEDSET2","ROCK","",  -826.599E-03,      -2.33804,      -2.32020,  -844.438E-03,   163.230E-03
F:/Desktop/DeepOnet_Abaqus/StaticElasticJob.odb,Step-1,Increment      1: Step Time =    1.000,"PLATE-1",          2765,             1,  -302.858E-03,  -37.0411E-03,            0.,"ASSEMBLY_PLATE-1__PICKEDSET2","ROCK","",  -557.171E-03,      -1.41938,  -595.314E-03,      -1.38123,   177.290E-03
F:/Desktop/DeepOnet_Abaqus/StaticElasticJob.odb,Step-1,Increment      1: Step Time =    1.000,"PLATE-1",          2766,             1,  -258.486E-03,  -223.781E-03,            0.,"ASSEMBLY_PLATE-1__PICKEDSET2","ROCK","",  -825.944E-03,      -1.93749,      -1.68409,      -1.07934,   466.315E-03
F:/Desktop/DeepOnet_Abaqus/StaticElasticJob.odb,Step-1,Increment      1: Step Time =    1.000,"PLATE-1",          2767,             1,   232.653E-03,   299.562E-03,            0.,"ASSEMBLY_PLATE-1__PICKEDSET2","ROCK","",  -683.937E-03,      -1.88140,      -1.70561,  -859.729E-03,   423.795E-03
F:/Desktop/DeepOnet_Abaqus/StaticElasticJob.odb,Step-1,Increment      1: Step Time =    1.000,"PLATE-1",          2768,             1,   219.931E-03,  -273.225E-03,            0.,"ASSEMBLY_PLATE-1__PICKEDSET2","ROCK","",  -753.174E-03,      -1.85962,      -1.76499,  -847.801E-03,  -309.427E-03
F:/Desktop/DeepOnet_Abaqus/StaticElasticJob.odb,Step-1,Increment      1: Step Time =    1.000,"PLATE-1",          2769,             1,   261.342E-03,  -298.335E-03,            0.,"ASSEMBLY_PLATE-1__PICKEDSET2","ROCK","",  -772.323E-03,      -1.77358,      -1.70750,  -838.407E-03,  -248.597E-03
F:/Desktop/DeepOnet_Abaqus/StaticElasticJob.odb,Step-1,Increment      1: Step Time =    1.000,"PLATE-1",          2770,             1,   408.637E-03,       1.36704,            0.,"ASSEMBLY_PLATE-1__PICKEDSET2","ROCK","",      -1.05617,      -1.82041,      -1.81196,      -1.06462,  -79.9187E-03
F:/Desktop/DeepOnet_Abaqus/StaticElasticJob.odb,Step-1,Increment      1: Step Time =    1.000,"PLATE-1",          2771,             1,  -235.411E-03,  -256.310E-03,            0.,"ASSEMBLY_PLATE-1__PICKEDSET2","ROCK","",  -880.019E-03,      -1.94746,      -1.75587,      -1.07160,   409.631E-03
F:/Desktop/DeepOnet_Abaqus/StaticElasticJob.odb,Step-1,Increment      1: Step Time =    1.000,"PLATE-1",          2772,             1,  -240.962E-03,  -293.422E-03,            0.,"ASSEMBLY_PLATE-1__PICKEDSET2","ROCK","",  -880.208E-03,      -1.90281,      -1.77084,      -1.01219,   342.845E-03
F:/Desktop/DeepOnet_Abaqus/StaticElasticJob.odb,Step-1,Increment      1: Step Time =    1.000,"PLATE-1",          2773,             1,   102.730E-03,  -363.441E-03,            0.,"ASSEMBLY_PLATE-1__PICKEDSET2","ROCK","",  -698.997E-03,      -1.96793,      -1.95758,  -709.349E-03,  -114.145E-03
F:/Desktop/DeepOnet_Abaqus/StaticElasticJob.odb,Step-1,Increment      1: Step Time =    1.000,"PLATE-1",          2774,             1,   141.537E-03,  -384.447E-03,            0.,"ASSEMBLY_PLATE-1__PICKEDSET2","ROCK","",  -743.358E-03,      -1.89835,      -1.88626,  -755.445E-03,  -117.535E-03
F:/Desktop/DeepOnet_Abaqus/StaticElasticJob.odb,Step-1,Increment      1: Step Time =    1.000,"PLATE-1",          2775,             1,   78.1301E-03,  -318.014E-03,            0.,"ASSEMBLY_PLATE-1__PICKEDSET2","ROCK","",  -575.316E-03,      -2.12129,      -2.10830,  -588.302E-03,  -141.091E-03
F:/Desktop/DeepOnet_Abaqus/StaticElasticJob.odb,Step-1,Increment      1: Step Time =    1.000,"PLATE-1",          2776,             1,   227.070E-03,  -368.863E-03,            0.,"ASSEMBLY_PLATE-1__PICKEDSET2","ROCK","",  -771.235E-03,      -1.81126,      -1.78194,  -800.555E-03,  -172.147E-03
F:/Desktop/DeepOnet_Abaqus/StaticElasticJob.odb,Step-1,Increment      1: Step Time =    1.000,"PLATE-1",          2777,             1,   298.268E-03,  -351.989E-03,            0.,"ASSEMBLY_PLATE-1__PICKEDSET2","ROCK","",  -794.356E-03,      -1.74100,      -1.70340,  -831.955E-03,  -184.877E-03
F:/Desktop/DeepOnet_Abaqus/StaticElasticJob.odb,Step-1,Increment      1: Step Time =    1.000,"PLATE-1",          2778,             1,   244.668E-03,  -415.386E-03,            0.,"ASSEMBLY_PLATE-1__PICKEDSET2","ROCK","",  -805.897E-03,      -1.77599,      -1.76037,  -821.510E-03,  -122.075E-03
F:/Desktop/DeepOnet_Abaqus/StaticElasticJob.odb,Step-1,Increment      1: Step Time =    1.000,"PLATE-1",          2779,             1,   174.869E-03,   417.291E-03,            0.,"ASSEMBLY_PLATE-1__PICKEDSET2","ROCK","",  -912.299E-03,      -1.69315,      -1.62142,  -984.024E-03,   225.526E-03
F:/Desktop/DeepOnet_Abaqus/StaticElasticJob.odb,Step-1,Increment      1: Step Time =    1.000,"PLATE-1",          2780,             1,   19.8762E-03,   408.123E-03,            0.,"ASSEMBLY_PLATE-1__PICKEDSET2","ROCK","",  -993.119E-03,      -1.75211,      -1.72156,      -1.02367,   149.168E-03
F:/Desktop/DeepOnet_Abaqus/StaticElasticJob.odb,Step-1,Increment      1: Step Time =    1.000,"PLATE-1",          2781,             1,   43.9867E-03,   333.249E-03,            0.,"ASSEMBLY_PLATE-1__PICKEDSET2","ROCK","",  -933.346E-03,      -2.01169,      -1.97247,  -972.564E-03,   201.872E-03
F:/Desktop/DeepOnet_Abaqus/StaticElasticJob.odb,Step-1,Increment      1: Step Time =    1.000,"PLATE-1",          2782,             1,  -22.7364E-03,   289.213E-03,            0.,"ASSEMBLY_PLATE-1__PICKEDSET2","ROCK","",  -827.382E-03,      -2.23428,      -2.22910,  -832.560E-03,   85.1891E-03
F:/Desktop/DeepOnet_Abaqus/StaticElasticJob.odb,Step-1,Increment      1: Step Time =    1.000,"PLATE-1",          2783,             1,  -41.2920E-03,   292.856E-03,            0.,"ASSEMBLY_PLATE-1__PICKEDSET2","ROCK","",  -826.968E-03,      -2.17060,      -2.16886,  -828.711E-03,   48.3676E-03
F:/Desktop/DeepOnet_Abaqus/StaticElasticJob.odb,Step-1,Increment      1: Step Time =    1.000,"PLATE-1",          2784,             1,  -46.0822E-03,   316.312E-03,            0.,"ASSEMBLY_PLATE-1__PICKEDSET2","ROCK","",  -855.083E-03,      -2.05943,      -2.05514,  -859.378E-03,   71.7914E-03
F:/Desktop/DeepOnet_Abaqus/StaticElasticJob.odb,Step-1,Increment      1: Step Time =    1.000,"PLATE-1",          2785,             1,  -347.896E-03,   142.209E-03,            0.,"ASSEMBLY_PLATE-1__PICKEDSET2","ROCK","",  -764.902E-03,      -1.37762,      -1.04291,      -1.09961,  -305.042E-03
F:/Desktop/DeepOnet_Abaqus/StaticElasticJob.odb,Step-1,Increment      1: Step Time =    1.000,"PLATE-1",          2786,             1,  -420.197E-03,   191.769E-03,            0.,"ASSEMBLY_PLATE-1__PICKEDSET2","ROCK","",  -890.845E-03,      -1.37734,      -1.20073,      -1.06745,  -233.939E-03
F:/Desktop/DeepOnet_Abaqus/StaticElasticJob.odb,Step-1,Increment      1: Step Time =    1.000,"PLATE-1",          2787,             1,   337.230E-03,       1.35053,            0.,"ASSEMBLY_PLATE-1__PICKEDSET2","ROCK","",      -1.03149,      -1.77829,      -1.76765,      -1.04213,  -88.4963E-03
F:/Desktop/DeepOnet_Abaqus/StaticElasticJob.odb,Step-1,Increment      1: Step Time =    1.000,"PLATE-1",          2788,             1,   12.9803E-03,  -329.737E-03,            0.,"ASSEMBLY_PLATE-1__PICKEDSET2","ROCK","",  -584.330E-03,      -2.13928,      -2.13876,  -584.856E-03,   28.5889E-03
F:/Desktop/DeepOnet_Abaqus/StaticElasticJob.odb,Step-1,Increment      1: Step Time =    1.000,"PLATE-1",          2789,             1,  -270.580E-03,  -251.495E-03,            0.,"ASSEMBLY_PLATE-1__PICKEDSET2","ROCK","",  -861.382E-03,      -1.86587,      -1.69062,      -1.03664,   381.219E-03
F:/Desktop/DeepOnet_Abaqus/StaticElasticJob.odb,Step-1,Increment      1: Step Time =    1.000,"PLATE-1",          2790,             1,   371.650E-03,   718.948E-03,            0.,"ASSEMBLY_PLATE-1__PICKEDSET2","ROCK","",  -929.589E-03,      -1.30723,      -1.09065,      -1.14618,   186.769E-03
F:/Desktop/DeepOnet_Abaqus/StaticElasticJob.odb,Step-1,Increment      1: Step Time =    1.000,"PLATE-1",          2791,             1,   351.333E-03,  -96.6199E-03,            0.,"ASSEMBLY_PLATE-1__PICKEDSET2","ROCK","",  -867.864E-03,      -1.25632,  -987.375E-03,      -1.13681,  -179.281E-03
F:/Desktop/DeepOnet_Abaqus/StaticElasticJob.odb,Step-1,Increment      1: Step Time =    1.000,"PLATE-1",          2792,             1,   403.120E-03,  -64.6585E-03,            0.,"ASSEMBLY_PLATE-1__PICKEDSET2","ROCK","",      -1.03013,      -1.14470,      -1.05490,      -1.11993,  -47.1615E-03
F:/Desktop/DeepOnet_Abaqus/StaticElasticJob.odb,Step-1,Increment      1: Step Time =    1.000,"PLATE-1",          2793,             1,      -1.24829,       1.11817,            0.,"ASSEMBLY_PLATE-1__PICKEDSET2","ROCK","",      -1.00235,      -1.54471,      -1.54049,      -1.00657,  -47.6658E-03
F:/Desktop/DeepOnet_Abaqus/StaticElasticJob.odb,Step-1,Increment      1: Step Time =    1.000,"PLATE-1",          2794,             1,      -1.26690,       1.24674,            0.,"ASSEMBLY_PLATE-1__PICKEDSET2","ROCK","",  -999.007E-03,      -1.55411,      -1.55048,      -1.00264,  -44.7688E-03
F:/Desktop/DeepOnet_Abaqus/StaticElasticJob.odb,Step-1,Increment      1: Step Time =    1.000,"PLATE-1",          2795,             1,  -134.509E-03,  -344.761E-03,            0.,"ASSEMBLY_PLATE-1__PICKEDSET2","ROCK","",  -777.788E-03,      -1.99962,      -1.92648,  -850.929E-03,   289.856E-03
F:/Desktop/DeepOnet_Abaqus/StaticElasticJob.odb,Step-1,Increment      1: Step Time =    1.000,"PLATE-1",          2796,             1,  -105.085E-03,  -493.456E-03,            0.,"ASSEMBLY_PLATE-1__PICKEDSET2","ROCK","",  -867.839E-03,      -1.80576,      -1.79096,  -882.641E-03,   116.895E-03
F:/Desktop/DeepOnet_Abaqus/StaticElasticJob.odb,Step-1,Increment      1: Step Time =    1.000,"PLATE-1",          2797,             1,  -19.0488E-03,  -361.198E-03,            0.,"ASSEMBLY_PLATE-1__PICKEDSET2","ROCK","",  -656.945E-03,      -2.06938,      -2.06209,  -664.233E-03,   101.196E-03
F:/Desktop/DeepOnet_Abaqus/StaticElasticJob.odb,Step-1,Increment      1: Step Time =    1.000,"PLATE-1",          2798,             1,  -9.05779E-03,  -419.542E-03,            0.,"ASSEMBLY_PLATE-1__PICKEDSET2","ROCK","",  -766.403E-03,      -1.92593,      -1.92075,  -771.584E-03,   77.3364E-03
F:/Desktop/DeepOnet_Abaqus/StaticElasticJob.odb,Step-1,Increment      1: Step Time =    1.000,"PLATE-1",          2799,             1,  -12.0959E-03,  -392.442E-03,            0.,"ASSEMBLY_PLATE-1__PICKEDSET2","ROCK","",  -715.894E-03,      -1.99681,      -1.98887,  -723.839E-03,   100.567E-03
F:/Desktop/DeepOnet_Abaqus/StaticElasticJob.odb,Step-1,Increment      1: Step Time =    1.000,"PLATE-1",          2800,             1,  -130.765E-03,  -384.058E-03,            0.,"ASSEMBLY_PLATE-1__PICKEDSET2","ROCK","",  -809.911E-03,      -1.93356,      -1.88275,  -860.716E-03,   233.465E-03
F:/Desktop/DeepOnet_Abaqus/StaticElasticJob.odb,Step-1,Increment      1: Step Time =    1.000,"PLATE-1",          2801,             1,   260.466E-03,  -355.058E-03,            0.,"ASSEMBLY_PLATE-1__PICKEDSET2","ROCK","",  -786.838E-03,      -1.78463,      -1.75078,  -820.693E-03,  -180.649E-03
F:/Desktop/DeepOnet_Abaqus/StaticElasticJob.odb,Step-1,Increment      1: Step Time =    1.000,"PLATE-1",          2802,             1,   23.5923E-03,   322.229E-03,            0.,"ASSEMBLY_PLATE-1__PICKEDSET2","ROCK","",  -921.997E-03,      -2.05467,      -2.02352,  -953.144E-03,   185.227E-03
F:/Desktop/DeepOnet_Abaqus/StaticElasticJob.odb,Step-1,Increment      1: Step Time =    1.000,"PLATE-1",          2803,             1,  -331.456E-03,  -235.144E-03,            0.,"ASSEMBLY_PLATE-1__PICKEDSET2","ROCK","",  -847.663E-03,      -1.74880,      -1.56933,      -1.02713,   359.885E-03
F:/Desktop/DeepOnet_Abaqus/StaticElasticJob.odb,Step-1,Increment      1: Step Time =    1.000,"PLATE-1",          2804,             1,  -447.939E-03,  -201.174E-03,            0.,"ASSEMBLY_PLATE-1__PICKEDSET2","ROCK","",  -906.724E-03,      -1.55509,      -1.39295,      -1.06886,   280.775E-03
F:/Desktop/DeepOnet_Abaqus/StaticElasticJob.odb,Step-1,Increment      1: Step Time =    1.000,"PLATE-1",          2805,             1,  -162.475E-03,  -332.938E-03,            0.,"ASSEMBLY_PLATE-1__PICKEDSET2","ROCK","",  -800.020E-03,      -1.99677,      -1.90179,  -895.002E-03,   323.494E-03
F:/Desktop/DeepOnet_Abaqus/StaticElasticJob.odb,Step-1,Increment      1: Step Time =    1.000,"PLATE-1",          2806,             1,  -187.204E-03,  -366.665E-03,            0.,"ASSEMBLY_PLATE-1__PICKEDSET2","ROCK","",  -863.751E-03,      -1.88943,      -1.81514,  -938.044E-03,   265.860E-03
F:/Desktop/DeepOnet_Abaqus/StaticElasticJob.odb,Step-1,Increment      1: Step Time =    1.000,"PLATE-1",          2807,             1,  -135.663E-03,  -288.708E-03,            0.,"ASSEMBLY_PLATE-1__PICKEDSET2","ROCK","",  -676.482E-03,      -2.19514,      -2.04953,  -822.091E-03,   447.133E-03
F:/Desktop/DeepOnet_Abaqus/StaticElasticJob.odb,Step-1,Increment      1: Step Time =    1.000,"PLATE-1",          2808,             1,  -225.240E-03,   283.176E-03,            0.,"ASSEMBLY_PLATE-1__PICKEDSET2","ROCK","",  -692.775E-03,      -1.73029,      -1.64631,  -776.755E-03,  -282.981E-03
F:/Desktop/DeepOnet_Abaqus/StaticElasticJob.odb,Step-1,Increment      1: Step Time =    1.000,"PLATE-1",          2809,             1,  -407.263E-03,   139.027E-03,            0.,"ASSEMBLY_PLATE-1__PICKEDSET2","ROCK","",  -893.373E-03,      -1.31916,      -1.08350,      -1.12904,  -211.672E-03
F:/Desktop/DeepOnet_Abaqus/StaticElasticJob.odb,Step-1,Increment      1: Step Time =    1.000,"PLATE-1",          2810,             1,  -378.083E-03,   43.4855E-03,            0.,"ASSEMBLY_PLATE-1__PICKEDSET2","ROCK","",  -860.743E-03,      -1.26671,  -875.385E-03,      -1.25207,  -75.6932E-03
F:/Desktop/DeepOnet_Abaqus/StaticElasticJob.odb,Step-1,Increment      1: Step Time =    1.000,"PLATE-1",          2811,             1,  -526.054E-03,   73.9153E-03,            0.,"ASSEMBLY_PLATE-1__PICKEDSET2","ROCK","",      -1.12944,      -1.19016,      -1.15459,      -1.16502,  -29.9125E-03
F:/Desktop/DeepOnet_Abaqus/StaticElasticJob.odb,Step-1,Increment      1: Step Time =    1.000,"PLATE-1",          2812,             1,  -306.038E-03,  -112.711E-03,            0.,"ASSEMBLY_PLATE-1__PICKEDSET2","ROCK","",  -624.015E-03,      -1.67187,      -1.00630,      -1.28958,   504.420E-03
F:/Desktop/DeepOnet_Abaqus/StaticElasticJob.odb,Step-1,Increment      1: Step Time =    1.000,"PLATE-1",          2813,             1,   465.648E-03,   158.611E-03,            0.,"ASSEMBLY_PLATE-1__PICKEDSET2","ROCK","",  -707.249E-03,      -1.57145,      -1.35919,  -919.509E-03,   371.997E-03
F:/Desktop/DeepOnet_Abaqus/StaticElasticJob.odb,Step-1,Increment      1: Step Time =    1.000,"PLATE-1",          2814,             1,  -135.766E-03,   323.223E-03,            0.,"ASSEMBLY_PLATE-1__PICKEDSET2","ROCK","",  -780.630E-03,      -1.86654,      -1.86051,  -786.660E-03,  -80.6909E-03
F:/Desktop/DeepOnet_Abaqus/StaticElasticJob.odb,Step-1,Increment      1: Step Time =    1.000,"PLATE-1",          2815,             1,  -346.361E-03,  -95.6612E-03,            0.,"ASSEMBLY_PLATE-1__PICKEDSET2","ROCK","",  -744.942E-03,      -1.52203,      -1.00570,      -1.26127,   366.931E-03
F:/Desktop/DeepOnet_Abaqus/StaticElasticJob.odb,Step-1,Increment      1: Step Time =    1.000,"PLATE-1",          2816,             1,  -311.647E-03,  -90.4045E-03,            0.,"ASSEMBLY_PLATE-1__PICKEDSET2","ROCK","",  -629.430E-03,      -1.58371,  -905.321E-03,      -1.30782,   432.622E-03
F:/Desktop/DeepOnet_Abaqus/StaticElasticJob.odb,Step-1,Increment      1: Step Time =    1.000,"PLATE-1",          2817,             1,   42.8129E-03,  -336.277E-03,            0.,"ASSEMBLY_PLATE-1__PICKEDSET2","ROCK","",  -596.674E-03,      -2.11035,      -2.10939,  -597.628E-03,  -37.9865E-03
F:/Desktop/DeepOnet_Abaqus/StaticElasticJob.odb,Step-1,Increment      1: Step Time =    1.000,"PLATE-1",          2818,             1,   37.6099E-03,  -361.665E-03,            0.,"ASSEMBLY_PLATE-1__PICKEDSET2","ROCK","",  -655.757E-03,      -2.04523,      -2.04514,  -655.856E-03,  -11.7210E-03
F:/Desktop/DeepOnet_Abaqus/StaticElasticJob.odb,Step-1,Increment      1: Step Time =    1.000,"PLATE-1",          2819,             1,   369.374E-03,  -78.6213E-03,            0.,"ASSEMBLY_PLATE-1__PICKEDSET2","ROCK","",  -935.736E-03,      -1.20266,      -1.00273,      -1.13567,  -115.734E-03
F:/Desktop/DeepOnet_Abaqus/StaticElasticJob.odb,Step-1,Increment      1: Step Time =    1.000,"PLATE-1",          2820,             1,   313.769E-03,  -111.187E-03,            0.,"ASSEMBLY_PLATE-1__PICKEDSET2","ROCK","",  -696.903E-03,      -1.36448,  -904.333E-03,      -1.15705,  -308.947E-03
F:/Desktop/DeepOnet_Abaqus/StaticElasticJob.odb,Step-1,Increment      1: Step Time =    1.000,"PLATE-1",          2821,             1,   48.5444E-03,  -292.249E-03,            0.,"ASSEMBLY_PLATE-1__PICKEDSET2","ROCK","",  -484.403E-03,      -2.22782,      -2.21957,  -492.654E-03,  -119.657E-03
F:/Desktop/DeepOnet_Abaqus/StaticElasticJob.odb,Step-1,Increment      1: Step Time =    1.000,"PLATE-1",          2822,             1,   248.102E-03,   362.370E-03,            0.,"ASSEMBLY_PLATE-1__PICKEDSET2","ROCK","",  -759.392E-03,      -1.77480,      -1.64032,  -893.874E-03,   344.193E-03
F:/Desktop/DeepOnet_Abaqus/StaticElasticJob.odb,Step-1,Increment      1: Step Time =    1.000,"PLATE-1",          2823,             1,   343.582E-03,  -119.380E-03,            0.,"ASSEMBLY_PLATE-1__PICKEDSET2","ROCK","",  -810.609E-03,      -1.33884,      -1.03636,      -1.11309,  -261.313E-03
F:/Desktop/DeepOnet_Abaqus/StaticElasticJob.odb,Step-1,Increment      1: Step Time =    1.000,"PLATE-1",          2824,             1,   236.336E-03,  -283.695E-03,            0.,"ASSEMBLY_PLATE-1__PICKEDSET2","ROCK","",  -745.077E-03,      -1.82411,      -1.74097,  -828.216E-03,  -287.746E-03
F:/Desktop/DeepOnet_Abaqus/StaticElasticJob.odb,Step-1,Increment      1: Step Time =    1.000,"PLATE-1",          2825,             1,  -241.047E-03,  -376.030E-03,            0.,"ASSEMBLY_PLATE-1__PICKEDSET2","ROCK","",  -900.326E-03,      -1.80457,      -1.74401,  -960.888E-03,   226.043E-03
F:/Desktop/DeepOnet_Abaqus/StaticElasticJob.odb,Step-1,Increment      1: Step Time =    1.000,"PLATE-1",          2826,             1,   380.912E-03,   663.865E-03,            0.,"ASSEMBLY_PLATE-1__PICKEDSET2","ROCK","",  -886.804E-03,      -1.37744,      -1.17525,      -1.08899,   241.495E-03
F:/Desktop/DeepOnet_Abaqus/StaticElasticJob.odb,Step-1,Increment      1: Step Time =    1.000,"PLATE-1",          2827,             1,  -462.855E-03,       1.13879,            0.,"ASSEMBLY_PLATE-1__PICKEDSET2","ROCK","",      -1.00104,      -1.56863,      -1.56079,      -1.00889,  -66.2815E-03
F:/Desktop/DeepOnet_Abaqus/StaticElasticJob.odb,Step-1,Increment      1: Step Time =    1.000,"PLATE-1",          2828,             1,   449.882E-03,   14.6975E-03,            0.,"ASSEMBLY_PLATE-1__PICKEDSET2","ROCK","",  -923.103E-03,      -1.28691,      -1.14097,      -1.06904,   178.312E-03
F:/Desktop/DeepOnet_Abaqus/StaticElasticJob.odb,Step-1,Increment      1: Step Time =    1.000,"PLATE-1",          2829,             1,   446.116E-03,  -47.2520E-03,            0.,"ASSEMBLY_PLATE-1__PICKEDSET2","ROCK","",      -1.07408,      -1.14932,      -1.14154,      -1.08186,   22.9098E-03
F:/Desktop/DeepOnet_Abaqus/StaticElasticJob.odb,Step-1,Increment      1: Step Time =    1.000,"PLATE-1",          2830,             1,   38.8502E-03,   289.666E-03,            0.,"ASSEMBLY_PLATE-1__PICKEDSET2","ROCK","",  -866.555E-03,      -2.24861,      -2.20710,  -908.059E-03,   235.878E-03
F:/Desktop/DeepOnet_Abaqus/StaticElasticJob.odb,Step-1,Increment      1: Step Time =    1.000,"PLATE-1",          2831,             1,   17.1191E-03,   289.075E-03,            0.,"ASSEMBLY_PLATE-1__PICKEDSET2","ROCK","",  -847.938E-03,      -2.31275,      -2.28603,  -874.667E-03,   196.057E-03
F:/Desktop/DeepOnet_Abaqus/StaticElasticJob.odb,Step-1,Increment      1: Step Time =    1.000,"PLATE-1",          2832,             1,   268.255E-03,   132.894E-03,            0.,"ASSEMBLY_PLATE-1__PICKEDSET2","ROCK","",  -426.255E-03,      -1.76404,      -1.18648,      -1.00382,   662.629E-03
F:/Desktop/DeepOnet_Abaqus/StaticElasticJob.odb,Step-1,Increment      1: Step Time =    1.000,"PLATE-1",          2833,             1,   270.527E-03,   168.230E-03,            0.,"ASSEMBLY_PLATE-1__PICKEDSET2","ROCK","",  -460.170E-03,      -1.83052,      -1.35088,  -939.809E-03,   653.621E-03
F:/Desktop/DeepOnet_Abaqus/StaticElasticJob.odb,Step-1,Increment      1: Step Time =    1.000,"PLATE-1",          2834,             1,   10.7304E-03,   301.316E-03,            0.,"ASSEMBLY_PLATE-1__PICKEDSET2","ROCK","",  -882.452E-03,      -2.16530,      -2.14396,  -903.785E-03,   164.049E-03
F:/Desktop/DeepOnet_Abaqus/StaticElasticJob.odb,Step-1,Increment      1: Step Time =    1.000,"PLATE-1",          2835,             1,  -12.7731E-03,   309.317E-03,            0.,"ASSEMBLY_PLATE-1__PICKEDSET2","ROCK","",  -886.982E-03,      -2.10766,      -2.09397,  -900.679E-03,   128.580E-03
F:/Desktop/DeepOnet_Abaqus/StaticElasticJob.odb,Step-1,Increment      1: Step Time =    1.000,"PLATE-1",          2836,             1,  -337.705E-03,  -333.214E-03,            0.,"ASSEMBLY_PLATE-1__PICKEDSET2","ROCK","",  -904.898E-03,      -1.72954,      -1.65391,  -980.531E-03,   238.012E-03
F:/Desktop/DeepOnet_Abaqus/StaticElasticJob.odb,Step-1,Increment      1: Step Time =    1.000,"PLATE-1",          2837,             1,   301.974E-03,   375.897E-03,            0.,"ASSEMBLY_PLATE-1__PICKEDSET2","ROCK","",  -718.646E-03,      -1.72034,      -1.56157,  -877.423E-03,   365.836E-03
F:/Desktop/DeepOnet_Abaqus/StaticElasticJob.odb,Step-1,Increment      1: Step Time =    1.000,"PLATE-1",          2838,             1,   269.431E-03,   393.805E-03,            0.,"ASSEMBLY_PLATE-1__PICKEDSET2","ROCK","",  -778.735E-03,      -1.70088,      -1.57079,  -908.828E-03,   321.000E-03
F:/Desktop/DeepOnet_Abaqus/StaticElasticJob.odb,Step-1,Increment      1: Step Time =    1.000,"PLATE-1",          2839,             1,   236.480E-03,   400.125E-03,            0.,"ASSEMBLY_PLATE-1__PICKEDSET2","ROCK","",  -825.837E-03,      -1.71356,      -1.60928,  -930.119E-03,   285.830E-03
F:/Desktop/DeepOnet_Abaqus/StaticElasticJob.odb,Step-1,Increment      1: Step Time =    1.000,"PLATE-1",          2840,             1,   8.54871E-03,   339.573E-03,            0.,"ASSEMBLY_PLATE-1__PICKEDSET2","ROCK","",  -934.287E-03,      -1.98234,      -1.95686,  -959.760E-03,   161.395E-03
F:/Desktop/DeepOnet_Abaqus/StaticElasticJob.odb,Step-1,Increment      1: Step Time =    1.000,"PLATE-1",          2841,             1,  -310.487E-03,  -64.6944E-03,            0.,"ASSEMBLY_PLATE-1__PICKEDSET2","ROCK","",  -600.359E-03,      -1.51297,  -747.548E-03,      -1.36578,   335.651E-03
F:/Desktop/DeepOnet_Abaqus/StaticElasticJob.odb,Step-1,Increment      1: Step Time =    1.000,"PLATE-1",          2842,             1,  -166.731E-03,   337.378E-03,            0.,"ASSEMBLY_PLATE-1__PICKEDSET2","ROCK","",  -789.885E-03,      -1.78970,      -1.77912,  -800.468E-03,  -102.316E-03
F:/Desktop/DeepOnet_Abaqus/StaticElasticJob.odb,Step-1,Increment      1: Step Time =    1.000,"PLATE-1",          2843,             1,  -174.018E-03,   307.171E-03,            0.,"ASSEMBLY_PLATE-1__PICKEDSET2","ROCK","",  -733.115E-03,      -1.81099,      -1.78121,  -762.897E-03,  -176.675E-03
F:/Desktop/DeepOnet_Abaqus/StaticElasticJob.odb,Step-1,Increment      1: Step Time =    1.000,"PLATE-1",          2844,             1,   133.202E-03,   439.834E-03,            0.,"ASSEMBLY_PLATE-1__PICKEDSET2","ROCK","",  -963.907E-03,      -1.67046,      -1.61634,      -1.01803,   187.911E-03
F:/Desktop/DeepOnet_Abaqus/StaticElasticJob.odb,Step-1,Increment      1: Step Time =    1.000,"PLATE-1",          2845,             1,   248.921E-03,   447.209E-03,            0.,"ASSEMBLY_PLATE-1__PICKEDSET2","ROCK","",  -858.861E-03,      -1.63746,      -1.53657,  -959.749E-03,   261.481E-03
F:/Desktop/DeepOnet_Abaqus/StaticElasticJob.odb,Step-1,Increment      1: Step Time =    1.000,"PLATE-1",          2846,             1,   365.219E-03,  -152.726E-03,            0.,"ASSEMBLY_PLATE-1__PICKEDSET2","ROCK","",  -843.968E-03,      -1.41020,      -1.22826,      -1.02591,  -264.420E-03
F:/Desktop/DeepOnet_Abaqus/StaticElasticJob.odb,Step-1,Increment      1: Step Time =    1.000,"PLATE-1",          2847,             1,   397.189E-03,  -162.868E-03,            0.,"ASSEMBLY_PLATE-1__PICKEDSET2","ROCK","",  -879.823E-03,      -1.42213,      -1.30304,  -998.916E-03,  -224.504E-03
F:/Desktop/DeepOnet_Abaqus/StaticElasticJob.odb,Step-1,Increment      1: Step Time =    1.000,"PLATE-1",          2848,             1,   316.396E-03,  -288.454E-03,            0.,"ASSEMBLY_PLATE-1__PICKEDSET2","ROCK","",  -779.795E-03,      -1.70902,      -1.63736,  -851.452E-03,  -247.892E-03
F:/Desktop/DeepOnet_Abaqus/StaticElasticJob.odb,Step-1,Increment      1: Step Time =    1.000,"PLATE-1",          2849,             1,   341.401E-03,  -350.422E-03,            0.,"ASSEMBLY_PLATE-1__PICKEDSET2","ROCK","",  -808.025E-03,      -1.69976,      -1.66145,  -846.328E-03,  -180.801E-03
F:/Desktop/DeepOnet_Abaqus/StaticElasticJob.odb,Step-1,Increment      1: Step Time =    1.000,"PLATE-1",          2850,             1,  -248.121E-03,  -337.417E-03,            0.,"ASSEMBLY_PLATE-1__PICKEDSET2","ROCK","",  -893.915E-03,      -1.83475,      -1.75131,  -977.356E-03,   267.473E-03
F:/Desktop/DeepOnet_Abaqus/StaticElasticJob.odb,Step-1,Increment      1: Step Time =    1.000,"PLATE-1",          2851,             1,  -478.100E-03,   184.024E-03,            0.,"ASSEMBLY_PLATE-1__PICKEDSET2","ROCK","",  -976.714E-03,      -1.32938,      -1.20894,      -1.09716,  -167.245E-03
F:/Desktop/DeepOnet_Abaqus/StaticElasticJob.odb,Step-1,Increment      1: Step Time =    1.000,"PLATE-1",          2852,             1,   288.103E-03,  -389.663E-03,            0.,"ASSEMBLY_PLATE-1__PICKEDSET2","ROCK","",  -807.538E-03,      -1.74234,      -1.71876,  -831.124E-03,  -146.604E-03
F:/Desktop/DeepOnet_Abaqus/StaticElasticJob.odb,Step-1,Increment      1: Step Time =    1.000,"PLATE-1",          2853,             1,  -354.958E-03,   24.4393E-03,            0.,"ASSEMBLY_PLATE-1__PICKEDSET2","ROCK","",  -770.045E-03,      -1.29647,  -772.588E-03,      -1.29393,  -36.5054E-03
F:/Desktop/DeepOnet_Abaqus/StaticElasticJob.odb,Step-1,Increment      1: Step Time =    1.000,"PLATE-1",          2854,             1,  -384.943E-03,   14.2033E-03,            0.,"ASSEMBLY_PLATE-1__PICKEDSET2","ROCK","",  -864.781E-03,      -1.28343,  -867.669E-03,      -1.28054,   34.6504E-03
F:/Desktop/DeepOnet_Abaqus/StaticElasticJob.odb,Step-1,Increment      1: Step Time =    1.000,"PLATE-1",          2855,             1,  -456.026E-03,  -152.617E-03,            0.,"ASSEMBLY_PLATE-1__PICKEDSET2","ROCK","",  -921.316E-03,      -1.48932,      -1.29701,      -1.11363,   268.795E-03
F:/Desktop/DeepOnet_Abaqus/StaticElasticJob.odb,Step-1,Increment      1: Step Time =    1.000,"PLATE-1",          2856,             1,   375.448E-03,  -127.122E-03,            0.,"ASSEMBLY_PLATE-1__PICKEDSET2","ROCK","",  -894.339E-03,      -1.32067,      -1.14719,      -1.06782,  -209.439E-03
F:/Desktop/DeepOnet_Abaqus/StaticElasticJob.odb,Step-1,Increment      1: Step Time =    1.000,"PLATE-1",          2857,             1,   379.755E-03,  -101.978E-03,            0.,"ASSEMBLY_PLATE-1__PICKEDSET2","ROCK","",  -928.715E-03,      -1.25635,      -1.07996,      -1.10510,  -163.335E-03
F:/Desktop/DeepOnet_Abaqus/StaticElasticJob.odb,Step-1,Increment      1: Step Time =    1.000,"PLATE-1",          2858,             1,   267.419E-06,   381.352E-03,            0.,"ASSEMBLY_PLATE-1__PICKEDSET2","ROCK","",  -968.323E-03,      -1.82988,      -1.80397,  -994.226E-03,   147.125E-03
F:/Desktop/DeepOnet_Abaqus/StaticElasticJob.odb,Step-1,Increment      1: Step Time =    1.000,"PLATE-1",          2859,             1,  -63.4331E-03,   347.526E-03,            0.,"ASSEMBLY_PLATE-1__PICKEDSET2","ROCK","",  -894.177E-03,      -1.90035,      -1.89418,  -900.347E-03,   78.5490E-03
F:/Desktop/DeepOnet_Abaqus/StaticElasticJob.odb,Step-1,Increment      1: Step Time =    1.000,"PLATE-1",          2860,             1,  -84.9148E-03,   363.774E-03,            0.,"ASSEMBLY_PLATE-1__PICKEDSET2","ROCK","",  -890.930E-03,      -1.84431,      -1.84096,  -894.277E-03,   56.3911E-03
F:/Desktop/DeepOnet_Abaqus/StaticElasticJob.odb,Step-1,Increment      1: Step Time =    1.000,"PLATE-1",          2861,             1,   385.653E-03,   329.454E-03,            0.,"ASSEMBLY_PLATE-1__PICKEDSET2","ROCK","",  -632.177E-03,      -1.72972,      -1.52965,  -832.250E-03,   423.745E-03
F:/Desktop/DeepOnet_Abaqus/StaticElasticJob.odb,Step-1,Increment      1: Step Time =    1.000,"PLATE-1",          2862,             1,   315.748E-03,   426.682E-03,            0.,"ASSEMBLY_PLATE-1__PICKEDSET2","ROCK","",  -759.915E-03,      -1.65622,      -1.50770,  -908.437E-03,   333.260E-03
F:/Desktop/DeepOnet_Abaqus/StaticElasticJob.odb,Step-1,Increment      1: Step Time =    1.000,"PLATE-1",          2863,             1,  -451.210E-03,   42.2626E-03,            0.,"ASSEMBLY_PLATE-1__PICKEDSET2","ROCK","",      -1.02678,      -1.21911,      -1.02746,      -1.21842,  -11.4882E-03
F:/Desktop/DeepOnet_Abaqus/StaticElasticJob.odb,Step-1,Increment      1: Step Time =    1.000,"PLATE-1",          2864,             1,  -129.230E-03,  -429.504E-03,            0.,"ASSEMBLY_PLATE-1__PICKEDSET2","ROCK","",  -842.576E-03,      -1.86448,      -1.83337,  -873.677E-03,   175.542E-03
F:/Desktop/DeepOnet_Abaqus/StaticElasticJob.odb,Step-1,Increment      1: Step Time =    1.000,"PLATE-1",          2865,             1,  -202.262E-03,   304.283E-03,            0.,"ASSEMBLY_PLATE-1__PICKEDSET2","ROCK","",  -725.791E-03,      -1.75348,      -1.70470,  -774.577E-03,  -218.534E-03
F:/Desktop/DeepOnet_Abaqus/StaticElasticJob.odb,Step-1,Increment      1: Step Time =    1.000,"PLATE-1",          2866,             1,  -257.200E-03,   314.577E-03,            0.,"ASSEMBLY_PLATE-1__PICKEDSET2","ROCK","",  -763.684E-03,      -1.65267,      -1.59012,  -826.234E-03,  -227.363E-03
F:/Desktop/DeepOnet_Abaqus/StaticElasticJob.odb,Step-1,Increment      1: Step Time =    1.000,"PLATE-1",          2867,             1,   451.852E-03,   80.6634E-03,            0.,"ASSEMBLY_PLATE-1__PICKEDSET2","ROCK","",  -799.279E-03,      -1.43635,      -1.22774,      -1.00789,   298.966E-03
F:/Desktop/DeepOnet_Abaqus/StaticElasticJob.odb,Step-1,Increment      1: Step Time =    1.000,"PLATE-1",          2868,             1,  -36.3402E-03,  -406.408E-03,            0.,"ASSEMBLY_PLATE-1__PICKEDSET2","ROCK","",  -758.222E-03,      -1.95059,      -1.93737,  -771.442E-03,   124.852E-03
F:/Desktop/DeepOnet_Abaqus/StaticElasticJob.odb,Step-1,Increment      1: Step Time =    1.000,"PLATE-1",          2869,             1,      -1.18877,       1.00165,            0.,"ASSEMBLY_PLATE-1__PICKEDSET2","ROCK","",      -1.00451,      -1.53691,      -1.53198,      -1.00944,  -50.9851E-03
F:/Desktop/DeepOnet_Abaqus/StaticElasticJob.odb,Step-1,Increment      1: Step Time =    1.000,"PLATE-1",          2870,             1,  -321.140E-03,   328.098E-03,            0.,"ASSEMBLY_PLATE-1__PICKEDSET2","ROCK","",  -821.958E-03,      -1.57887,      -1.51515,  -885.684E-03,  -210.177E-03
F:/Desktop/DeepOnet_Abaqus/StaticElasticJob.odb,Step-1,Increment      1: Step Time =    1.000,"PLATE-1",          2871,             1,  -372.779E-03,   327.795E-03,            0.,"ASSEMBLY_PLATE-1__PICKEDSET2","ROCK","",  -858.142E-03,      -1.52914,      -1.45769,  -929.588E-03,  -206.968E-03
F:/Desktop/DeepOnet_Abaqus/StaticElasticJob.odb,Step-1,Increment      1: Step Time =    1.000,"PLATE-1",          2872,             1,  -381.970E-03,   277.681E-03,            0.,"ASSEMBLY_PLATE-1__PICKEDSET2","ROCK","",  -851.213E-03,      -1.48942,      -1.38111,  -959.529E-03,  -239.574E-03
F:/Desktop/DeepOnet_Abaqus/StaticElasticJob.odb,Step-1,Increment      1: Step Time =    1.000,"PLATE-1",          2873,             1,  -340.385E-03,   249.902E-03,            0.,"ASSEMBLY_PLATE-1__PICKEDSET2","ROCK","",  -784.724E-03,      -1.51977,      -1.36805,  -936.440E-03,  -297.490E-03
F:/Desktop/DeepOnet_Abaqus/StaticElasticJob.odb,Step-1,Increment      1: Step Time =    1.000,"PLATE-1",          2874,             1,   384.304E-03,   223.181E-03,            0.,"ASSEMBLY_PLATE-1__PICKEDSET2","ROCK","",  -602.449E-03,      -1.71218,      -1.44359,  -871.042E-03,   475.314E-03
F:/Desktop/DeepOnet_Abaqus/StaticElasticJob.odb,Step-1,Increment      1: Step Time =    1.000,"PLATE-1",          2875,             1,  -50.8083E-03,  -446.213E-03,            0.,"ASSEMBLY_PLATE-1__PICKEDSET2","ROCK","",  -806.346E-03,      -1.88668,      -1.87461,  -818.410E-03,   113.524E-03
F:/Desktop/DeepOnet_Abaqus/StaticElasticJob.odb,Step-1,Increment      1: Step Time =    1.000,"PLATE-1",          2876,             1,   5.14746E-03,   318.854E-03,            0.,"ASSEMBLY_PLATE-1__PICKEDSET2","ROCK","",  -909.870E-03,      -2.08175,      -2.06039,  -931.230E-03,   156.764E-03
F:/Desktop/DeepOnet_Abaqus/StaticElasticJob.odb,Step-1,Increment      1: Step Time =    1.000,"PLATE-1",          2877,             1,  -96.5415E-03,   334.616E-03,            0.,"ASSEMBLY_PLATE-1__PICKEDSET2","ROCK","",  -836.932E-03,      -1.90941,      -1.90934,  -836.998E-03,   8.41968E-03
F:/Desktop/DeepOnet_Abaqus/StaticElasticJob.odb,Step-1,Increment      1: Step Time =    1.000,"PLATE-1",          2878,             1,  -26.9240E-03,   327.892E-03,            0.,"ASSEMBLY_PLATE-1__PICKEDSET2","ROCK","",  -894.457E-03,      -2.03600,      -2.02466,  -905.798E-03,   113.216E-03
F:/Desktop/DeepOnet_Abaqus/StaticElasticJob.odb,Step-1,Increment      1: Step Time =    1.000,"PLATE-1",          2879,             1,   342.938E-03,   204.490E-03,            0.,"ASSEMBLY_PLATE-1__PICKEDSET2","ROCK","",  -567.259E-03,      -1.74452,      -1.42544,  -886.347E-03,   523.291E-03
F:/Desktop/DeepOnet_Abaqus/StaticElasticJob.odb,Step-1,Increment      1: Step Time =    1.000,"PLATE-1",          2880,             1,   410.145E-03,  -199.144E-03,            0.,"ASSEMBLY_PLATE-1__PICKEDSET2","ROCK","",  -860.726E-03,      -1.49225,      -1.39645,  -956.531E-03,  -226.550E-03
F:/Desktop/DeepOnet_Abaqus/StaticElasticJob.odb,Step-1,Increment      1: Step Time =    1.000,"PLATE-1",          2881,             1,  -10.6403E-03,  -454.645E-03,            0.,"ASSEMBLY_PLATE-1__PICKEDSET2","ROCK","",  -800.082E-03,      -1.87614,      -1.87144,  -804.774E-03,   70.9053E-03
F:/Desktop/DeepOnet_Abaqus/StaticElasticJob.odb,Step-1,Increment      1: Step Time =    1.000,"PLATE-1",          2882,             1,   34.4733E-03,  -298.027E-03,            0.,"ASSEMBLY_PLATE-1__PICKEDSET2","ROCK","",  -505.090E-03,      -2.21589,      -2.21486,  -506.124E-03,  -42.0408E-03
F:/Desktop/DeepOnet_Abaqus/StaticElasticJob.odb,Step-1,Increment      1: Step Time =    1.000,"PLATE-1",          2883,             1,   25.2585E-03,   302.216E-03,            0.,"ASSEMBLY_PLATE-1__PICKEDSET2","ROCK","",  -896.718E-03,      -2.17068,      -2.13636,  -931.039E-03,   206.265E-03
F:/Desktop/DeepOnet_Abaqus/StaticElasticJob.odb,Step-1,Increment      1: Step Time =    1.000,"PLATE-1",          2884,             1,   60.1322E-03,  -372.420E-03,            0.,"ASSEMBLY_PLATE-1__PICKEDSET2","ROCK","",  -681.347E-03,      -2.00424,      -2.00293,  -682.653E-03,  -41.5568E-03
F:/Desktop/DeepOnet_Abaqus/StaticElasticJob.odb,Step-1,Increment      1: Step Time =    1.000,"PLATE-1",          2885,             1,   82.9457E-03,  -396.206E-03,            0.,"ASSEMBLY_PLATE-1__PICKEDSET2","ROCK","",  -728.708E-03,      -1.93856,      -1.93639,  -730.874E-03,  -51.1416E-03
F:/Desktop/DeepOnet_Abaqus/StaticElasticJob.odb,Step-1,Increment      1: Step Time =    1.000,"PLATE-1",          2886,             1,   270.096E-03,   636.585E-03,            0.,"ASSEMBLY_PLATE-1__PICKEDSET2","ROCK","",      -1.01449,      -1.38758,      -1.29651,      -1.10556,   160.257E-03
F:/Desktop/DeepOnet_Abaqus/StaticElasticJob.odb,Step-1,Increment      1: Step Time =    1.000,"PLATE-1",          2887,             1,  -194.778E-03,   356.254E-03,            0.,"ASSEMBLY_PLATE-1__PICKEDSET2","ROCK","",  -809.207E-03,      -1.73353,      -1.72188,  -820.855E-03,  -103.107E-03
F:/Desktop/DeepOnet_Abaqus/StaticElasticJob.odb,Step-1,Increment      1: Step Time =    1.000,"PLATE-1",          2888,             1,  -240.491E-03,   382.637E-03,            0.,"ASSEMBLY_PLATE-1__PICKEDSET2","ROCK","",  -841.291E-03,      -1.65612,      -1.64039,  -857.025E-03,  -112.130E-03
F:/Desktop/DeepOnet_Abaqus/StaticElasticJob.odb,Step-1,Increment      1: Step Time =    1.000,"PLATE-1",          2889,             1,  -390.743E-03,  -95.5513E-03,            0.,"ASSEMBLY_PLATE-1__PICKEDSET2","ROCK","",  -840.347E-03,      -1.45310,      -1.07799,      -1.21546,   298.567E-03
F:/Desktop/DeepOnet_Abaqus/StaticElasticJob.odb,Step-1,Increment      1: Step Time =    1.000,"PLATE-1",          2890,             1,  -375.586E-03,  -57.2303E-03,            0.,"ASSEMBLY_PLATE-1__PICKEDSET2","ROCK","",  -813.249E-03,      -1.38991,  -918.269E-03,      -1.28489,   222.556E-03
F:/Desktop/DeepOnet_Abaqus/StaticElasticJob.odb,Step-1,Increment      1: Step Time =    1.000,"PLATE-1",          2891,             1,  -340.283E-03,  -2.72601E-03,            0.,"ASSEMBLY_PLATE-1__PICKEDSET2","ROCK","",  -704.087E-03,      -1.33085,  -706.903E-03,      -1.32803,   41.9182E-03
F:/Desktop/DeepOnet_Abaqus/StaticElasticJob.odb,Step-1,Increment      1: Step Time =    1.000,"PLATE-1",          2892,             1,  -335.959E-03,  -32.0907E-03,            0.,"ASSEMBLY_PLATE-1__PICKEDSET2","ROCK","",  -692.246E-03,      -1.38284,  -730.873E-03,      -1.34422,   158.694E-03
F:/Desktop/DeepOnet_Abaqus/StaticElasticJob.odb,Step-1,Increment      1: Step Time =    1.000,"PLATE-1",          2893,             1,   379.995E-03,  -334.918E-03,            0.,"ASSEMBLY_PLATE-1__PICKEDSET2","ROCK","",  -820.422E-03,      -1.66299,      -1.62141,  -861.994E-03,  -182.480E-03
F:/Desktop/DeepOnet_Abaqus/StaticElasticJob.odb,Step-1,Increment      1: Step Time =    1.000,"PLATE-1",          2894,             1,   402.588E-03,  -291.556E-03,            0.,"ASSEMBLY_PLATE-1__PICKEDSET2","ROCK","",  -826.735E-03,      -1.61943,      -1.56235,  -883.808E-03,  -204.900E-03
F:/Desktop/DeepOnet_Abaqus/StaticElasticJob.odb,Step-1,Increment      1: Step Time =    1.000,"PLATE-1",          2895,             1,   21.1771E-03,  -418.159E-03,            0.,"ASSEMBLY_PLATE-1__PICKEDSET2","ROCK","",  -752.727E-03,      -1.93237,      -1.93026,  -754.836E-03,   49.8336E-03
F:/Desktop/DeepOnet_Abaqus/StaticElasticJob.odb,Step-1,Increment      1: Step Time =    1.000,"PLATE-1",          2896,             1,  -438.873E-03,  -14.1843E-03,            0.,"ASSEMBLY_PLATE-1__PICKEDSET2","ROCK","",  -971.657E-03,      -1.27888,      -1.01197,      -1.23856,   103.735E-03
F:/Desktop/DeepOnet_Abaqus/StaticElasticJob.odb,Step-1,Increment      1: Step Time =    1.000,"PLATE-1",          2897,             1,  -384.570E-03,  -375.368E-03,            0.,"ASSEMBLY_PLATE-1__PICKEDSET2","ROCK","",  -917.898E-03,      -1.68644,      -1.63296,  -971.380E-03,   195.558E-03
F:/Desktop/DeepOnet_Abaqus/StaticElasticJob.odb,Step-1,Increment      1: Step Time =    1.000,"PLATE-1",          2898,             1,  -432.361E-03,   286.838E-03,            0.,"ASSEMBLY_PLATE-1__PICKEDSET2","ROCK","",  -905.454E-03,      -1.46004,      -1.37527,  -990.225E-03,  -199.567E-03
F:/Desktop/DeepOnet_Abaqus/StaticElasticJob.odb,Step-1,Increment      1: Step Time =    1.000,"PLATE-1",          2899,             1,  -546.261E-03,   232.939E-03,            0.,"ASSEMBLY_PLATE-1__PICKEDSET2","ROCK","",      -1.00663,      -1.36143,      -1.29770,      -1.07037,  -136.205E-03
F:/Desktop/DeepOnet_Abaqus/StaticElasticJob.odb,Step-1,Increment      1: Step Time =    1.000,"PLATE-1",          2900,             1,  -189.503E-03,  -419.506E-03,            0.,"ASSEMBLY_PLATE-1__PICKEDSET2","ROCK","",  -888.560E-03,      -1.81946,      -1.77342,  -934.604E-03,   201.848E-03
F:/Desktop/DeepOnet_Abaqus/StaticElasticJob.odb,Step-1,Increment      1: Step Time =    1.000,"PLATE-1",          2901,             1,  -162.226E-03,  -427.493E-03,            0.,"ASSEMBLY_PLATE-1__PICKEDSET2","ROCK","",  -864.123E-03,      -1.84323,      -1.80531,  -902.038E-03,   188.907E-03
F:/Desktop/DeepOnet_Abaqus/StaticElasticJob.odb,Step-1,Increment      1: Step Time =    1.000,"PLATE-1",          2902,             1,   513.667E-03,   14.6890E-03,            0.,"ASSEMBLY_PLATE-1__PICKEDSET2","ROCK","",  -948.029E-03,      -1.33809,      -1.27711,      -1.00901,   141.658E-03
F:/Desktop/DeepOnet_Abaqus/StaticElasticJob.odb,Step-1,Increment      1: Step Time =    1.000,"PLATE-1",          2903,             1,  -14.1877E-03,   353.508E-03,            0.,"ASSEMBLY_PLATE-1__PICKEDSET2","ROCK","",  -941.415E-03,      -1.92155,      -1.90188,  -961.086E-03,   137.455E-03
F:/Desktop/DeepOnet_Abaqus/StaticElasticJob.odb,Step-1,Increment      1: Step Time =    1.000,"PLATE-1",          2904,             1,  -36.0444E-03,   361.676E-03,            0.,"ASSEMBLY_PLATE-1__PICKEDSET2","ROCK","",  -925.667E-03,      -1.87346,      -1.86061,  -938.521E-03,   109.623E-03
F:/Desktop/DeepOnet_Abaqus/StaticElasticJob.odb,Step-1,Increment      1: Step Time =    1.000,"PLATE-1",          2905,             1,  -66.7601E-03,   384.357E-03,            0.,"ASSEMBLY_PLATE-1__PICKEDSET2","ROCK","",  -927.528E-03,      -1.81227,      -1.80288,  -936.916E-03,   90.6550E-03
F:/Desktop/DeepOnet_Abaqus/StaticElasticJob.odb,Step-1,Increment      1: Step Time =    1.000,"PLATE-1",          2906,             1,  -83.3369E-03,   414.978E-03,            0.,"ASSEMBLY_PLATE-1__PICKEDSET2","ROCK","",  -942.805E-03,      -1.73432,      -1.72707,  -950.056E-03,   75.4064E-03
F:/Desktop/DeepOnet_Abaqus/StaticElasticJob.odb,Step-1,Increment      1: Step Time =    1.000,"PLATE-1",          2907,             1,  -142.231E-03,   407.540E-03,            0.,"ASSEMBLY_PLATE-1__PICKEDSET2","ROCK","",  -897.608E-03,      -1.72247,      -1.72222,  -897.851E-03,   14.1288E-03
F:/Desktop/DeepOnet_Abaqus/StaticElasticJob.odb,Step-1,Increment      1: Step Time =    1.000,"PLATE-1",          2908,             1,   485.001E-03,  -136.194E-03,            0.,"ASSEMBLY_PLATE-1__PICKEDSET2","ROCK","",  -968.080E-03,      -1.35969,      -1.32279,      -1.00498,  -114.411E-03
F:/Desktop/DeepOnet_Abaqus/StaticElasticJob.odb,Step-1,Increment      1: Step Time =    1.000,"PLATE-1",          2909,             1,   518.180E-03,  -84.0079E-03,            0.,"ASSEMBLY_PLATE-1__PICKEDSET2","ROCK","",      -1.01131,      -1.31069,      -1.30847,      -1.01353,  -25.6979E-03
F:/Desktop/DeepOnet_Abaqus/StaticElasticJob.odb,Step-1,Increment      1: Step Time =    1.000,"PLATE-1",          2910,             1,   425.400E-03,  -180.377E-03,            0.,"ASSEMBLY_PLATE-1__PICKEDSET2","ROCK","",  -896.884E-03,      -1.43564,      -1.35012,  -982.410E-03,  -196.884E-03
F:/Desktop/DeepOnet_Abaqus/StaticElasticJob.odb,Step-1,Increment      1: Step Time =    1.000,"PLATE-1",          2911,             1,   554.968E-03,      -1.03094,            0.,"ASSEMBLY_PLATE-1__PICKEDSET2","ROCK","",  -945.650E-03,      -1.62952,      -1.62783,  -947.341E-03,  -33.9570E-03
F:/Desktop/DeepOnet_Abaqus/StaticElasticJob.odb,Step-1,Increment      1: Step Time =    1.000,"PLATE-1",          2912,             1,   41.0655E-03,  -385.204E-03,            0.,"ASSEMBLY_PLATE-1__PICKEDSET2","ROCK","",  -700.096E-03,      -1.98959,      -1.98959,  -700.096E-03,  -519.204E-06
F:/Desktop/DeepOnet_Abaqus/StaticElasticJob.odb,Step-1,Increment      1: Step Time =    1.000,"PLATE-1",          2913,             1,  -607.260E-03,   982.517E-03,            0.,"ASSEMBLY_PLATE-1__PICKEDSET2","ROCK","",  -996.263E-03,      -1.54957,      -1.54164,      -1.00419,  -65.7576E-03
F:/Desktop/DeepOnet_Abaqus/StaticElasticJob.odb,Step-1,Increment      1: Step Time =    1.000,"PLATE-1",          2914,             1,  -8.34400E-03,   428.023E-03,            0.,"ASSEMBLY_PLATE-1__PICKEDSET2","ROCK","",  -997.599E-03,      -1.70989,      -1.68560,      -1.02188,   129.253E-03
F:/Desktop/DeepOnet_Abaqus/StaticElasticJob.odb,Step-1,Increment      1: Step Time =    1.000,"PLATE-1",          2915,             1,  -44.3709E-03,   382.655E-03,            0.,"ASSEMBLY_PLATE-1__PICKEDSET2","ROCK","",  -941.510E-03,      -1.82110,      -1.80758,  -955.031E-03,   108.212E-03
F:/Desktop/DeepOnet_Abaqus/StaticElasticJob.odb,Step-1,Increment      1: Step Time =    1.000,"PLATE-1",          2916,             1,   106.701E-03,   516.180E-03,            0.,"ASSEMBLY_PLATE-1__PICKEDSET2","ROCK","",      -1.02777,      -1.55873,      -1.52015,      -1.06636,   137.836E-03
F:/Desktop/DeepOnet_Abaqus/StaticElasticJob.odb,Step-1,Increment      1: Step Time =    1.000,"PLATE-1",          2917,             1,   61.5177E-03,   593.318E-03,            0.,"ASSEMBLY_PLATE-1__PICKEDSET2","ROCK","",      -1.07776,      -1.48296,      -1.46396,      -1.09676,   85.6536E-03
F:/Desktop/DeepOnet_Abaqus/StaticElasticJob.odb,Step-1,Increment      1: Step Time =    1.000,"PLATE-1",          2918,             1,   516.357E-03,   426.191E-03,            0.,"ASSEMBLY_PLATE-1__PICKEDSET2","ROCK","",  -588.578E-03,      -1.66242,      -1.45716,  -793.834E-03,   422.235E-03
F:/Desktop/DeepOnet_Abaqus/StaticElasticJob.odb,Step-1,Increment      1: Step Time =    1.000,"PLATE-1",          2919,             1,   540.613E-03,   42.6962E-03,            0.,"ASSEMBLY_PLATE-1__PICKEDSET2","ROCK","",  -906.062E-03,      -1.40069,      -1.33153,  -975.226E-03,   171.542E-03
F:/Desktop/DeepOnet_Abaqus/StaticElasticJob.odb,Step-1,Increment      1: Step Time =    1.000,"PLATE-1",          2920,             1,   83.1290E-03,  -464.163E-03,            0.,"ASSEMBLY_PLATE-1__PICKEDSET2","ROCK","",  -796.252E-03,      -1.85133,      -1.85124,  -796.339E-03,  -9.58243E-03
F:/Desktop/DeepOnet_Abaqus/StaticElasticJob.odb,Step-1,Increment      1: Step Time =    1.000,"PLATE-1",          2921,             1,   373.630E-03,   463.637E-03,            0.,"ASSEMBLY_PLATE-1__PICKEDSET2","ROCK","",  -734.242E-03,      -1.62366,      -1.45168,  -906.225E-03,   351.265E-03
F:/Desktop/DeepOnet_Abaqus/StaticElasticJob.odb,Step-1,Increment      1: Step Time =    1.000,"PLATE-1",          2922,             1,  -441.016E-03,  -247.794E-03,            0.,"ASSEMBLY_PLATE-1__PICKEDSET2","ROCK","",  -901.297E-03,      -1.60386,      -1.47752,      -1.02764,   269.822E-03
F:/Desktop/DeepOnet_Abaqus/StaticElasticJob.odb,Step-1,Increment      1: Step Time =    1.000,"PLATE-1",          2923,             1,  -472.692E-03,  -106.540E-03,            0.,"ASSEMBLY_PLATE-1__PICKEDSET2","ROCK","",  -954.770E-03,      -1.41327,      -1.21276,      -1.15529,   227.443E-03
F:/Desktop/DeepOnet_Abaqus/StaticElasticJob.odb,Step-1,Increment      1: Step Time =    1.000,"PLATE-1",          2924,             1,   224.839E-03,  -507.893E-03,            0.,"ASSEMBLY_PLATE-1__PICKEDSET2","ROCK","",  -834.099E-03,      -1.75779,      -1.75363,  -838.257E-03,  -61.8349E-03
F:/Desktop/DeepOnet_Abaqus/StaticElasticJob.odb,Step-1,Increment      1: Step Time =    1.000,"PLATE-1",          2925,             1,   356.157E-03,  -496.668E-03,            0.,"ASSEMBLY_PLATE-1__PICKEDSET2","ROCK","",  -844.353E-03,      -1.70935,      -1.69937,  -854.340E-03,  -92.4074E-03
F:/Desktop/DeepOnet_Abaqus/StaticElasticJob.odb,Step-1,Increment      1: Step Time =    1.000,"PLATE-1",          2926,             1,   329.410E-03,  -455.352E-03,            0.,"ASSEMBLY_PLATE-1__PICKEDSET2","ROCK","",  -829.584E-03,      -1.72244,      -1.70809,  -843.941E-03,  -112.308E-03
F:/Desktop/DeepOnet_Abaqus/StaticElasticJob.odb,Step-1,Increment      1: Step Time =    1.000,"PLATE-1",          2927,             1,  -201.437E-03,   417.916E-03,            0.,"ASSEMBLY_PLATE-1__PICKEDSET2","ROCK","",  -882.375E-03,      -1.66238,      -1.65956,  -885.191E-03,  -46.7844E-03
F:/Desktop/DeepOnet_Abaqus/StaticElasticJob.odb,Step-1,Increment      1: Step Time =    1.000,"PLATE-1",          2928,             1,   521.700E-03,   373.501E-03,            0.,"ASSEMBLY_PLATE-1__PICKEDSET2","ROCK","",  -572.431E-03,      -1.68881,      -1.48468,  -776.564E-03,   431.533E-03
F:/Desktop/DeepOnet_Abaqus/StaticElasticJob.odb,Step-1,Increment      1: Step Time =    1.000,"PLATE-1",          2929,             1,   384.107E-03,   508.130E-03,            0.,"ASSEMBLY_PLATE-1__PICKEDSET2","ROCK","",  -752.892E-03,      -1.56467,      -1.38448,  -933.083E-03,   337.351E-03
F:/Desktop/DeepOnet_Abaqus/StaticElasticJob.odb,Step-1,Increment      1: Step Time =    1.000,"PLATE-1",          2930,             1,  -405.644E-03,  -38.6638E-03,            0.,"ASSEMBLY_PLATE-1__PICKEDSET2","ROCK","",  -893.315E-03,      -1.33296,  -969.130E-03,      -1.25714,   166.084E-03
F:/Desktop/DeepOnet_Abaqus/StaticElasticJob.odb,Step-1,Increment      1: Step Time =    1.000,"PLATE-1",          2931,             1,  -431.683E-03,  -76.3580E-03,            0.,"ASSEMBLY_PLATE-1__PICKEDSET2","ROCK","",  -926.810E-03,      -1.38324,      -1.10267,      -1.20738,   222.130E-03
F:/Desktop/DeepOnet_Abaqus/StaticElasticJob.odb,Step-1,Increment      1: Step Time =    1.000,"PLATE-1",          2932,             1,  -174.041E-03,   411.576E-03,            0.,"ASSEMBLY_PLATE-1__PICKEDSET2","ROCK","",  -886.544E-03,      -1.69284,      -1.69252,  -886.867E-03,  -16.1557E-03
F:/Desktop/DeepOnet_Abaqus/StaticElasticJob.odb,Step-1,Increment      1: Step Time =    1.000,"PLATE-1",          2933,             1,  -213.167E-03,   473.341E-03,            0.,"ASSEMBLY_PLATE-1__PICKEDSET2","ROCK","",  -928.754E-03,      -1.61731,      -1.61685,  -929.216E-03,  -17.8136E-03
F:/Desktop/DeepOnet_Abaqus/StaticElasticJob.odb,Step-1,Increment      1: Step Time =    1.000,"PLATE-1",          2934,             1,   64.2737E-03,  -535.499E-03,            0.,"ASSEMBLY_PLATE-1__PICKEDSET2","ROCK","",  -844.847E-03,      -1.79154,      -1.79097,  -845.420E-03,   23.2892E-03
F:/Desktop/DeepOnet_Abaqus/StaticElasticJob.odb,Step-1,Increment      1: Step Time =    1.000,"PLATE-1",          2935,             1,   119.221E-03,  -509.964E-03,            0.,"ASSEMBLY_PLATE-1__PICKEDSET2","ROCK","",  -829.179E-03,      -1.79491,      -1.79462,  -829.475E-03,  -16.9218E-03
F:/Desktop/DeepOnet_Abaqus/StaticElasticJob.odb,Step-1,Increment      1: Step Time =    1.000,"PLATE-1",          2936,             1,   388.197E-03,   261.681E-03,            0.,"ASSEMBLY_PLATE-1__PICKEDSET2","ROCK","",  -601.529E-03,      -1.73680,      -1.49251,  -845.823E-03,   466.541E-03
F:/Desktop/DeepOnet_Abaqus/StaticElasticJob.odb,Step-1,Increment      1: Step Time =    1.000,"PLATE-1",          2937,             1,  -291.241E-03,       1.06686,            0.,"ASSEMBLY_PLATE-1__PICKEDSET2","ROCK","",      -1.01696,      -1.55710,      -1.54669,      -1.02738,  -74.2701E-03
F:/Desktop/DeepOnet_Abaqus/StaticElasticJob.odb,Step-1,Increment      1: Step Time =    1.000,"PLATE-1",          2938,             1,  -408.723E-03,   447.124E-03,            0.,"ASSEMBLY_PLATE-1__PICKEDSET2","ROCK","",  -921.964E-03,      -1.53814,      -1.51502,  -945.080E-03,  -117.086E-03
F:/Desktop/DeepOnet_Abaqus/StaticElasticJob.odb,Step-1,Increment      1: Step Time =    1.000,"PLATE-1",          2939,             1,  -421.827E-03,   392.832E-03,            0.,"ASSEMBLY_PLATE-1__PICKEDSET2","ROCK","",  -908.497E-03,      -1.51988,      -1.47880,  -949.573E-03,  -153.054E-03
F:/Desktop/DeepOnet_Abaqus/StaticElasticJob.odb,Step-1,Increment      1: Step Time =    1.000,"PLATE-1",          2940,             1,   11.6884E-03,   486.721E-03,            0.,"ASSEMBLY_PLATE-1__PICKEDSET2","ROCK","",      -1.02407,      -1.61846,      -1.59312,      -1.04942,   120.094E-03
F:/Desktop/DeepOnet_Abaqus/StaticElasticJob.odb,Step-1,Increment      1: Step Time =    1.000,"PLATE-1",          2941,             1,   450.918E-03,  -457.857E-03,            0.,"ASSEMBLY_PLATE-1__PICKEDSET2","ROCK","",  -855.659E-03,      -1.66669,      -1.64912,  -873.230E-03,  -118.078E-03
F:/Desktop/DeepOnet_Abaqus/StaticElasticJob.odb,Step-1,Increment      1: Step Time =    1.000,"PLATE-1",          2942,             1,   222.877E-03,   512.356E-03,            0.,"ASSEMBLY_PLATE-1__PICKEDSET2","ROCK","",  -931.583E-03,      -1.54849,      -1.45667,      -1.02340,   219.578E-03
F:/Desktop/DeepOnet_Abaqus/StaticElasticJob.odb,Step-1,Increment      1: Step Time =    1.000,"PLATE-1",          2943,             1,  -140.452E-03,  -472.358E-03,            0.,"ASSEMBLY_PLATE-1__PICKEDSET2","ROCK","",  -870.499E-03,      -1.81190,      -1.78959,  -892.809E-03,   143.197E-03
F:/Desktop/DeepOnet_Abaqus/StaticElasticJob.odb,Step-1,Increment      1: Step Time =    1.000,"PLATE-1",          2944,             1,  -54.0149E-03,   367.219E-03,            0.,"ASSEMBLY_PLATE-1__PICKEDSET2","ROCK","",  -916.448E-03,      -1.85972,      -1.85183,  -924.343E-03,   85.9311E-03
F:/Desktop/DeepOnet_Abaqus/StaticElasticJob.odb,Step-1,Increment      1: Step Time =    1.000,"PLATE-1",          2945,             1,   7.76629E-03,   454.968E-03,            0.,"ASSEMBLY_PLATE-1__PICKEDSET2","ROCK","",      -1.01242,      -1.66957,      -1.64339,      -1.03860,   128.523E-03
F:/Desktop/DeepOnet_Abaqus/StaticElasticJob.odb,Step-1,Increment      1: Step Time =    1.000,"PLATE-1",          2946,             1,   204.212E-03,  -565.655E-03,            0.,"ASSEMBLY_PLATE-1__PICKEDSET2","ROCK","",  -852.428E-03,      -1.74628,      -1.74512,  -853.592E-03,  -32.2465E-03
F:/Desktop/DeepOnet_Abaqus/StaticElasticJob.odb,Step-1,Increment      1: Step Time =    1.000,"PLATE-1",          2947,             1,  -305.428E-03,  -389.806E-03,            0.,"ASSEMBLY_PLATE-1__PICKEDSET2","ROCK","",  -915.617E-03,      -1.74224,      -1.69013,  -967.730E-03,   200.903E-03
F:/Desktop/DeepOnet_Abaqus/StaticElasticJob.odb,Step-1,Increment      1: Step Time =    1.000,"PLATE-1",          2948,             1,  -772.123E-03,   847.444E-03,            0.,"ASSEMBLY_PLATE-1__PICKEDSET2","ROCK","",  -996.580E-03,      -1.53140,      -1.52247,      -1.00552,  -68.5563E-03
F:/Desktop/DeepOnet_Abaqus/StaticElasticJob.odb,Step-1,Increment      1: Step Time =    1.000,"PLATE-1",          2949,             1,   512.749E-03,  -176.271E-03,            0.,"ASSEMBLY_PLATE-1__PICKEDSET2","ROCK","",  -936.230E-03,      -1.44001,      -1.40389,  -972.347E-03,  -129.963E-03
F:/Desktop/DeepOnet_Abaqus/StaticElasticJob.odb,Step-1,Increment      1: Step Time =    1.000,"PLATE-1",          2950,             1,   440.262E-03,  -208.804E-03,            0.,"ASSEMBLY_PLATE-1__PICKEDSET2","ROCK","",  -884.681E-03,      -1.48440,      -1.41521,  -953.877E-03,  -191.599E-03
F:/Desktop/DeepOnet_Abaqus/StaticElasticJob.odb,Step-1,Increment      1: Step Time =    1.000,"PLATE-1",          2951,             1,  -257.809E-03,   498.743E-03,            0.,"ASSEMBLY_PLATE-1__PICKEDSET2","ROCK","",  -936.734E-03,      -1.58501,      -1.58263,  -939.115E-03,  -39.2172E-03
F:/Desktop/DeepOnet_Abaqus/StaticElasticJob.odb,Step-1,Increment      1: Step Time =    1.000,"PLATE-1",          2952,             1,  -644.818E-03,   112.819E-03,            0.,"ASSEMBLY_PLATE-1__PICKEDSET2","ROCK","",      -1.11106,      -1.27950,      -1.27312,      -1.11744,  -32.1427E-03
F:/Desktop/DeepOnet_Abaqus/StaticElasticJob.odb,Step-1,Increment      1: Step Time =    1.000,"PLATE-1",          2953,             1,  -589.428E-03,   21.5851E-03,            0.,"ASSEMBLY_PLATE-1__PICKEDSET2","ROCK","",      -1.13414,      -1.23413,      -1.21990,      -1.14838,   34.9367E-03
F:/Desktop/DeepOnet_Abaqus/StaticElasticJob.odb,Step-1,Increment      1: Step Time =    1.000,"PLATE-1",          2954,             1,   630.653E-03,  -930.299E-03,            0.,"ASSEMBLY_PLATE-1__PICKEDSET2","ROCK","",  -940.578E-03,      -1.63187,      -1.62843,  -944.020E-03,  -48.6557E-03
F:/Desktop/DeepOnet_Abaqus/StaticElasticJob.odb,Step-1,Increment      1: Step Time =    1.000,"PLATE-1",          2955,             1,   204.852E-03,  -623.108E-03,            0.,"ASSEMBLY_PLATE-1__PICKEDSET2","ROCK","",  -873.094E-03,      -1.72197,      -1.72163,  -873.442E-03,  -17.1863E-03
F:/Desktop/DeepOnet_Abaqus/StaticElasticJob.odb,Step-1,Increment      1: Step Time =    1.000,"PLATE-1",          2956,             1,   106.481E-03,  -651.130E-03,            0.,"ASSEMBLY_PLATE-1__PICKEDSET2","ROCK","",  -885.974E-03,      -1.72298,      -1.72278,  -886.173E-03,   12.8951E-03
F:/Desktop/DeepOnet_Abaqus/StaticElasticJob.odb,Step-1,Increment      1: Step Time =    1.000,"PLATE-1",          2957,             1,   382.096E-03,  -535.354E-03,            0.,"ASSEMBLY_PLATE-1__PICKEDSET2","ROCK","",  -857.454E-03,      -1.69574,      -1.68752,  -865.675E-03,  -82.6037E-03
F:/Desktop/DeepOnet_Abaqus/StaticElasticJob.odb,Step-1,Increment      1: Step Time =    1.000,"PLATE-1",          2958,             1,  -484.317E-03,  -306.945E-03,            0.,"ASSEMBLY_PLATE-1__PICKEDSET2","ROCK","",  -926.688E-03,      -1.59844,      -1.52218,      -1.00295,   213.102E-03
F:/Desktop/DeepOnet_Abaqus/StaticElasticJob.odb,Step-1,Increment      1: Step Time =    1.000,"PLATE-1",          2959,             1,   571.748E-03,   23.5146E-03,            0.,"ASSEMBLY_PLATE-1__PICKEDSET2","ROCK","",  -928.497E-03,      -1.40254,      -1.36507,  -965.975E-03,   127.914E-03
F:/Desktop/DeepOnet_Abaqus/StaticElasticJob.odb,Step-1,Increment      1: Step Time =    1.000,"PLATE-1",          2960,             1,   707.945E-03,   22.9725E-03,            0.,"ASSEMBLY_PLATE-1__PICKEDSET2","ROCK","",  -908.128E-03,      -1.51696,      -1.51170,  -913.392E-03,   56.3661E-03
F:/Desktop/DeepOnet_Abaqus/StaticElasticJob.odb,Step-1,Increment      1: Step Time =    1.000,"PLATE-1",          2961,             1,  -909.554E-03,   312.554E-03,            0.,"ASSEMBLY_PLATE-1__PICKEDSET2","ROCK","",      -1.05169,      -1.42312,      -1.41746,      -1.05735,  -45.5007E-03
F:/Desktop/DeepOnet_Abaqus/StaticElasticJob.odb,Step-1,Increment      1: Step Time =    1.000,"PLATE-1",          2962,             1,   527.478E-03,  -868.347E-03,            0.,"ASSEMBLY_PLATE-1__PICKEDSET2","ROCK","",  -925.961E-03,      -1.64530,      -1.64257,  -928.698E-03,  -44.2949E-03
F:/Desktop/DeepOnet_Abaqus/StaticElasticJob.odb,Step-1,Increment      1: Step Time =    1.000,"PLATE-1",          2963,             1,   509.869E-03,  -913.739E-03,            0.,"ASSEMBLY_PLATE-1__PICKEDSET2","ROCK","",  -930.673E-03,      -1.64269,      -1.64072,  -932.649E-03,  -37.4490E-03
F:/Desktop/DeepOnet_Abaqus/StaticElasticJob.odb,Step-1,Increment      1: Step Time =    1.000,"PLATE-1",          2964,             1,  -150.391E-03,  -626.388E-03,            0.,"ASSEMBLY_PLATE-1__PICKEDSET2","ROCK","",  -920.637E-03,      -1.70978,      -1.70156,  -928.864E-03,   80.1535E-03
F:/Desktop/DeepOnet_Abaqus/StaticElasticJob.odb,Step-1,Increment      1: Step Time =    1.000,"PLATE-1",          2965,             1,  -210.634E-03,  -501.284E-03,            0.,"ASSEMBLY_PLATE-1__PICKEDSET2","ROCK","",  -908.728E-03,      -1.75381,      -1.73153,  -931.006E-03,   135.389E-03
F:/Desktop/DeepOnet_Abaqus/StaticElasticJob.odb,Step-1,Increment      1: Step Time =    1.000,"PLATE-1",          2966,             1,  -234.702E-03,  -541.488E-03,            0.,"ASSEMBLY_PLATE-1__PICKEDSET2","ROCK","",  -923.896E-03,      -1.71680,      -1.69967,  -941.020E-03,   115.258E-03
F:/Desktop/DeepOnet_Abaqus/StaticElasticJob.odb,Step-1,Increment      1: Step Time =    1.000,"PLATE-1",          2967,             1,   434.749E-03,  -345.361E-03,            0.,"ASSEMBLY_PLATE-1__PICKEDSET2","ROCK","",  -839.016E-03,      -1.63779,      -1.60059,  -876.211E-03,  -168.307E-03
F:/Desktop/DeepOnet_Abaqus/StaticElasticJob.odb,Step-1,Increment      1: Step Time =    1.000,"PLATE-1",          2968,             1,  -996.743E-03,  -87.6964E-03,            0.,"ASSEMBLY_PLATE-1__PICKEDSET2","ROCK","",      -1.05242,      -1.43813,      -1.43220,      -1.05835,   47.4617E-03
F:/Desktop/DeepOnet_Abaqus/StaticElasticJob.odb,Step-1,Increment      1: Step Time =    1.000,"PLATE-1",          2969,             1,   974.156E-03,      -1.20973,            0.,"ASSEMBLY_PLATE-1__PICKEDSET2","ROCK","",  -982.358E-03,      -1.59708,      -1.59416,  -985.285E-03,  -42.3150E-03
F:/Desktop/DeepOnet_Abaqus/StaticElasticJob.odb,Step-1,Increment      1: Step Time =    1.000,"PLATE-1",          2970,             1,  -32.5488E-03,   448.884E-03,            0.,"ASSEMBLY_PLATE-1__PICKEDSET2","ROCK","",      -1.00101,      -1.67615,      -1.65801,      -1.01914,   109.162E-03
F:/Desktop/DeepOnet_Abaqus/StaticElasticJob.odb,Step-1,Increment      1: Step Time =    1.000,"PLATE-1",          2971,             1,   568.603E-03,  -114.885E-03,            0.,"ASSEMBLY_PLATE-1__PICKEDSET2","ROCK","",  -981.757E-03,      -1.38903,      -1.38344,  -987.346E-03,  -47.3856E-03
F:/Desktop/DeepOnet_Abaqus/StaticElasticJob.odb,Step-1,Increment      1: Step Time =    1.000,"PLATE-1",          2972,             1,   949.231E-03,  -81.3423E-03,            0.,"ASSEMBLY_PLATE-1__PICKEDSET2","ROCK","",  -978.602E-03,      -1.60059,      -1.58991,  -989.282E-03,  -80.8016E-03
F:/Desktop/DeepOnet_Abaqus/StaticElasticJob.odb,Step-1,Increment      1: Step Time =    1.000,"PLATE-1",          2973,             1,   102.001E-03,   700.906E-03,            0.,"ASSEMBLY_PLATE-1__PICKEDSET2","ROCK","",      -1.12617,      -1.38692,      -1.38103,      -1.13205,   38.7323E-03
F:/Desktop/DeepOnet_Abaqus/StaticElasticJob.odb,Step-1,Increment      1: Step Time =    1.000,"PLATE-1",          2974,             1,   25.9377E-03,   680.686E-03,            0.,"ASSEMBLY_PLATE-1__PICKEDSET2","ROCK","",      -1.10555,      -1.43691,      -1.43353,      -1.10893,   33.3061E-03
F:/Desktop/DeepOnet_Abaqus/StaticElasticJob.odb,Step-1,Increment      1: Step Time =    1.000,"PLATE-1",          2975,             1,   300.700E-03,  -595.751E-03,            0.,"ASSEMBLY_PLATE-1__PICKEDSET2","ROCK","",  -866.199E-03,      -1.70771,      -1.70456,  -869.350E-03,  -51.4008E-03
F:/Desktop/DeepOnet_Abaqus/StaticElasticJob.odb,Step-1,Increment      1: Step Time =    1.000,"PLATE-1",          2976,             1,  -14.9742E-03,   473.272E-03,            0.,"ASSEMBLY_PLATE-1__PICKEDSET2","ROCK","",      -1.01725,      -1.63905,      -1.61734,      -1.03896,   114.143E-03
F:/Desktop/DeepOnet_Abaqus/StaticElasticJob.odb,Step-1,Increment      1: Step Time =    1.000,"PLATE-1",          2977,             1,  -424.450E-03,  -449.951E-03,            0.,"ASSEMBLY_PLATE-1__PICKEDSET2","ROCK","",  -933.521E-03,      -1.65866,      -1.62625,  -965.933E-03,   149.842E-03
F:/Desktop/DeepOnet_Abaqus/StaticElasticJob.odb,Step-1,Increment      1: Step Time =    1.000,"PLATE-1",          2978,             1,   50.3992E-03,   859.313E-03,            0.,"ASSEMBLY_PLATE-1__PICKEDSET2","ROCK","",      -1.11062,      -1.42492,      -1.41222,      -1.12332,  -61.9055E-03
F:/Desktop/DeepOnet_Abaqus/StaticElasticJob.odb,Step-1,Increment      1: Step Time =    1.000,"PLATE-1",          2979,             1,   427.365E-03,  -523.967E-03,            0.,"ASSEMBLY_PLATE-1__PICKEDSET2","ROCK","",  -861.731E-03,      -1.68000,      -1.66873,  -873.004E-03,  -95.3764E-03
F:/Desktop/DeepOnet_Abaqus/StaticElasticJob.odb,Step-1,Increment      1: Step Time =    1.000,"PLATE-1",          2980,             1,   472.967E-03,  -579.260E-03,            0.,"ASSEMBLY_PLATE-1__PICKEDSET2","ROCK","",  -879.206E-03,      -1.67129,      -1.66279,  -887.704E-03,  -81.5990E-03
F:/Desktop/DeepOnet_Abaqus/StaticElasticJob.odb,Step-1,Increment      1: Step Time =    1.000,"PLATE-1",          2981,             1,   345.036E-03,  -968.298E-03,            0.,"ASSEMBLY_PLATE-1__PICKEDSET2","ROCK","",  -933.864E-03,      -1.64497,      -1.64460,  -934.230E-03,  -16.1140E-03
F:/Desktop/DeepOnet_Abaqus/StaticElasticJob.odb,Step-1,Increment      1: Step Time =    1.000,"PLATE-1",          2982,             1,  -646.412E-03,  -34.3343E-03,            0.,"ASSEMBLY_PLATE-1__PICKEDSET2","ROCK","",      -1.09060,      -1.31842,      -1.28615,      -1.12287,   79.4464E-03
F:/Desktop/DeepOnet_Abaqus/StaticElasticJob.odb,Step-1,Increment      1: Step Time =    1.000,"PLATE-1",          2983,             1,   542.142E-03,  -156.249E-03,            0.,"ASSEMBLY_PLATE-1__PICKEDSET2","ROCK","",  -957.768E-03,      -1.41866,      -1.39661,  -979.825E-03,  -98.3838E-03
F:/Desktop/DeepOnet_Abaqus/StaticElasticJob.odb,Step-1,Increment      1: Step Time =    1.000,"PLATE-1",          2984,             1,  -597.822E-03,   306.009E-03,            0.,"ASSEMBLY_PLATE-1__PICKEDSET2","ROCK","",      -1.00663,      -1.40326,      -1.36294,      -1.04695,  -119.862E-03
F:/Desktop/DeepOnet_Abaqus/StaticElasticJob.odb,Step-1,Increment      1: Step Time =    1.000,"PLATE-1",          2985,             1,  -635.053E-03,   267.103E-03,            0.,"ASSEMBLY_PLATE-1__PICKEDSET2","ROCK","",      -1.03109,      -1.37903,      -1.34657,      -1.06355,  -101.198E-03
F:/Desktop/DeepOnet_Abaqus/StaticElasticJob.odb,Step-1,Increment      1: Step Time =    1.000,"PLATE-1",          2986,             1,  -117.102E-03,  -677.087E-03,            0.,"ASSEMBLY_PLATE-1__PICKEDSET2","ROCK","",  -923.001E-03,      -1.69936,      -1.69408,  -928.282E-03,   63.8135E-03
F:/Desktop/DeepOnet_Abaqus/StaticElasticJob.odb,Step-1,Increment      1: Step Time =    1.000,"PLATE-1",          2987,             1,  -159.869E-03,  -702.253E-03,            0.,"ASSEMBLY_PLATE-1__PICKEDSET2","ROCK","",  -932.570E-03,      -1.68372,      -1.67823,  -938.063E-03,   63.9969E-03
F:/Desktop/DeepOnet_Abaqus/StaticElasticJob.odb,Step-1,Increment      1: Step Time =    1.000,"PLATE-1",          2988,             1,   828.125E-03,  -780.322E-03,            0.,"ASSEMBLY_PLATE-1__PICKEDSET2","ROCK","",  -951.988E-03,      -1.61924,      -1.61062,  -960.607E-03,  -75.3454E-03
F:/Desktop/DeepOnet_Abaqus/StaticElasticJob.odb,Step-1,Increment      1: Step Time =    1.000,"PLATE-1",          2989,             1,  -513.330E-03,  -367.998E-03,            0.,"ASSEMBLY_PLATE-1__PICKEDSET2","ROCK","",  -937.806E-03,      -1.60321,      -1.55376,  -987.254E-03,   174.522E-03
F:/Desktop/DeepOnet_Abaqus/StaticElasticJob.odb,Step-1,Increment      1: Step Time =    1.000,"PLATE-1",          2990,             1,  -702.573E-03,  -44.9775E-03,            0.,"ASSEMBLY_PLATE-1__PICKEDSET2","ROCK","",      -1.08284,      -1.34752,      -1.32656,      -1.10380,   71.4734E-03
F:/Desktop/DeepOnet_Abaqus/StaticElasticJob.odb,Step-1,Increment      1: Step Time =    1.000,"PLATE-1",          2991,             1,  -106.687E-03,   507.578E-03,            0.,"ASSEMBLY_PLATE-1__PICKEDSET2","ROCK","",  -990.723E-03,      -1.60920,      -1.60389,  -996.032E-03,   57.0555E-03
F:/Desktop/DeepOnet_Abaqus/StaticElasticJob.odb,Step-1,Increment      1: Step Time =    1.000,"PLATE-1",          2992,             1,   528.524E-03,  -442.146E-03,            0.,"ASSEMBLY_PLATE-1__PICKEDSET2","ROCK","",  -871.710E-03,      -1.63986,      -1.61920,  -892.362E-03,  -124.248E-03
F:/Desktop/DeepOnet_Abaqus/StaticElasticJob.odb,Step-1,Increment      1: Step Time =    1.000,"PLATE-1",          2993,             1,   464.338E-03,  -323.709E-03,            0.,"ASSEMBLY_PLATE-1__PICKEDSET2","ROCK","",  -852.592E-03,      -1.60737,      -1.56723,  -892.730E-03,  -169.364E-03
F:/Desktop/DeepOnet_Abaqus/StaticElasticJob.odb,Step-1,Increment      1: Step Time =    1.000,"PLATE-1",          2994,             1,   633.264E-03,  -56.5381E-03,            0.,"ASSEMBLY_PLATE-1__PICKEDSET2","ROCK","",  -961.974E-03,      -1.43288,      -1.43275,  -962.105E-03,   7.84078E-03
F:/Desktop/DeepOnet_Abaqus/StaticElasticJob.odb,Step-1,Increment      1: Step Time =    1.000,"PLATE-1",          2995,             1,   575.036E-03,   157.129E-03,            0.,"ASSEMBLY_PLATE-1__PICKEDSET2","ROCK","",  -757.249E-03,      -1.57028,      -1.45920,  -868.326E-03,   279.233E-03
F:/Desktop/DeepOnet_Abaqus/StaticElasticJob.odb,Step-1,Increment      1: Step Time =    1.000,"PLATE-1",          2996,             1,   477.801E-03,  -425.028E-03,            0.,"ASSEMBLY_PLATE-1__PICKEDSET2","ROCK","",  -858.740E-03,      -1.65255,      -1.63102,  -880.276E-03,  -128.964E-03
F:/Desktop/DeepOnet_Abaqus/StaticElasticJob.odb,Step-1,Increment      1: Step Time =    1.000,"PLATE-1",          2997,             1,   486.043E-03,  -350.023E-03,            0.,"ASSEMBLY_PLATE-1__PICKEDSET2","ROCK","",  -858.778E-03,      -1.61547,      -1.58223,  -892.023E-03,  -155.084E-03
F:/Desktop/DeepOnet_Abaqus/StaticElasticJob.odb,Step-1,Increment      1: Step Time =    1.000,"PLATE-1",          2998,             1,   513.533E-03,  -367.369E-03,            0.,"ASSEMBLY_PLATE-1__PICKEDSET2","ROCK","",  -866.306E-03,      -1.61701,      -1.58808,  -895.235E-03,  -144.500E-03
F:/Desktop/DeepOnet_Abaqus/StaticElasticJob.odb,Step-1,Increment      1: Step Time =    1.000,"PLATE-1",          2999,             1,  -837.429E-03,  -424.535E-03,            0.,"ASSEMBLY_PLATE-1__PICKEDSET2","ROCK","",  -990.070E-03,      -1.53069,      -1.51251,      -1.00825,   97.4502E-03
F:/Desktop/DeepOnet_Abaqus/StaticElasticJob.odb,Step-1,Increment      1: Step Time =    1.000,"PLATE-1",          3000,             1,  -635.080E-03,   341.853E-03,            0.,"ASSEMBLY_PLATE-1__PICKEDSET2","ROCK","",      -1.01138,      -1.42088,      -1.39173,      -1.04054,  -105.306E-03
F:/Desktop/DeepOnet_Abaqus/StaticElasticJob.odb,Step-1,Increment      1: Step Time =    1.000,"PLATE-1",          3001,             1,  -17.3371E-03,   783.746E-03,            0.,"ASSEMBLY_PLATE-1__PICKEDSET2","ROCK","",      -1.10250,      -1.43788,      -1.43646,      -1.10393,  -21.8084E-03
F:/Desktop/DeepOnet_Abaqus/StaticElasticJob.odb,Step-1,Increment      1: Step Time =    1.000,"PLATE-1",          3002,             1,   746.509E-03,  -594.101E-03,            0.,"ASSEMBLY_PLATE-1__PICKEDSET2","ROCK","",  -928.977E-03,      -1.62550,      -1.61206,  -942.424E-03,  -95.8377E-03
F:/Desktop/DeepOnet_Abaqus/StaticElasticJob.odb,Step-1,Increment      1: Step Time =    1.000,"PLATE-1",          3003,             1,   558.670E-03,  -335.728E-03,            0.,"ASSEMBLY_PLATE-1__PICKEDSET2","ROCK","",  -885.066E-03,      -1.59122,      -1.56293,  -913.359E-03,  -138.489E-03
F:/Desktop/DeepOnet_Abaqus/StaticElasticJob.odb,Step-1,Increment      1: Step Time =    1.000,"PLATE-1",          3004,             1,  -405.910E-03,  -600.908E-03,            0.,"ASSEMBLY_PLATE-1__PICKEDSET2","ROCK","",  -946.959E-03,      -1.64891,      -1.63570,  -960.164E-03,   95.3656E-03
F:/Desktop/DeepOnet_Abaqus/StaticElasticJob.odb,Step-1,Increment      1: Step Time =    1.000,"PLATE-1",          3005,             1,  -581.843E-03,   803.328E-03,            0.,"ASSEMBLY_PLATE-1__PICKEDSET2","ROCK","",  -992.741E-03,      -1.53309,      -1.52401,      -1.00182,  -69.4619E-03
F:/Desktop/DeepOnet_Abaqus/StaticElasticJob.odb,Step-1,Increment      1: Step Time =    1.000,"PLATE-1",          3006,             1,  -769.505E-03,  -11.8432E-03,            0.,"ASSEMBLY_PLATE-1__PICKEDSET2","ROCK","",      -1.08492,      -1.35916,      -1.35003,      -1.09404,   49.1794E-03
F:/Desktop/DeepOnet_Abaqus/StaticElasticJob.odb,Step-1,Increment      1: Step Time =    1.000,"PLATE-1",          3007,             1,  -694.015E-03,  -97.3626E-03,            0.,"ASSEMBLY_PLATE-1__PICKEDSET2","ROCK","",      -1.05525,      -1.38559,      -1.34683,      -1.09401,   106.316E-03
F:/Desktop/DeepOnet_Abaqus/StaticElasticJob.odb,Step-1,Increment      1: Step Time =    1.000,"PLATE-1",          3008,             1,  -229.783E-03,   548.495E-03,            0.,"ASSEMBLY_PLATE-1__PICKEDSET2","ROCK","",  -971.234E-03,      -1.56974,      -1.56956,  -971.409E-03,  -10.2311E-03
F:/Desktop/DeepOnet_Abaqus/StaticElasticJob.odb,Step-1,Increment      1: Step Time =    1.000,"PLATE-1",          3009,             1,  -239.077E-03,   643.284E-03,            0.,"ASSEMBLY_PLATE-1__PICKEDSET2","ROCK","",      -1.00822,      -1.53125,      -1.53073,      -1.00874,  -16.4181E-03
F:/Desktop/DeepOnet_Abaqus/StaticElasticJob.odb,Step-1,Increment      1: Step Time =    1.000,"PLATE-1",          3010,             1,  -379.686E-03,   628.074E-03,            0.,"ASSEMBLY_PLATE-1__PICKEDSET2","ROCK","",  -974.753E-03,      -1.53746,      -1.53144,  -980.771E-03,  -57.8782E-03
F:/Desktop/DeepOnet_Abaqus/StaticElasticJob.odb,Step-1,Increment      1: Step Time =    1.000,"PLATE-1",          3011,             1,   573.801E-03,  -148.211E-03,            0.,"ASSEMBLY_PLATE-1__PICKEDSET2","ROCK","",  -963.155E-03,      -1.42434,      -1.41147,  -976.020E-03,  -75.9454E-03
F:/Desktop/DeepOnet_Abaqus/StaticElasticJob.odb,Step-1,Increment      1: Step Time =    1.000,"PLATE-1",          3012,             1,   614.412E-03,  -111.920E-03,            0.,"ASSEMBLY_PLATE-1__PICKEDSET2","ROCK","",  -966.814E-03,      -1.43232,      -1.42895,  -970.183E-03,  -39.4532E-03
F:/Desktop/DeepOnet_Abaqus/StaticElasticJob.odb,Step-1,Increment      1: Step Time =    1.000,"PLATE-1",          3013,             1,  -243.189E-03,  -681.139E-03,            0.,"ASSEMBLY_PLATE-1__PICKEDSET2","ROCK","",  -941.437E-03,      -1.67056,      -1.66340,  -948.602E-03,   71.9207E-03
F:/Desktop/DeepOnet_Abaqus/StaticElasticJob.odb,Step-1,Increment      1: Step Time =    1.000,"PLATE-1",          3014,             1,  -140.989E-03,  -753.913E-03,            0.,"ASSEMBLY_PLATE-1__PICKEDSET2","ROCK","",  -937.891E-03,      -1.67111,      -1.66725,  -941.754E-03,   53.0801E-03
F:/Desktop/DeepOnet_Abaqus/StaticElasticJob.odb,Step-1,Increment      1: Step Time =    1.000,"PLATE-1",          3015,             1,   605.514E-03,  -185.813E-03,            0.,"ASSEMBLY_PLATE-1__PICKEDSET2","ROCK","",  -941.895E-03,      -1.47897,      -1.45954,  -961.324E-03,  -100.287E-03
F:/Desktop/DeepOnet_Abaqus/StaticElasticJob.odb,Step-1,Increment      1: Step Time =    1.000,"PLATE-1",          3016,             1,  -636.480E-03,  -136.935E-03,            0.,"ASSEMBLY_PLATE-1__PICKEDSET2","ROCK","",      -1.03021,      -1.40874,      -1.34871,      -1.09024,   138.273E-03
F:/Desktop/DeepOnet_Abaqus/StaticElasticJob.odb,Step-1,Increment      1: Step Time =    1.000,"PLATE-1",          3017,             1,  -157.756E-03,   546.373E-03,            0.,"ASSEMBLY_PLATE-1__PICKEDSET2","ROCK","",  -998.188E-03,      -1.56779,      -1.56628,  -999.692E-03,   29.2355E-03
F:/Desktop/DeepOnet_Abaqus/StaticElasticJob.odb,Step-1,Increment      1: Step Time =    1.000,"PLATE-1",          3018,             1,  -150.724E-03,   629.731E-03,            0.,"ASSEMBLY_PLATE-1__PICKEDSET2","ROCK","",      -1.03137,      -1.52377,      -1.52338,      -1.03175,   13.7279E-03
F:/Desktop/DeepOnet_Abaqus/StaticElasticJob.odb,Step-1,Increment      1: Step Time =    1.000,"PLATE-1",          3019,             1,  -783.117E-03,   662.606E-03,            0.,"ASSEMBLY_PLATE-1__PICKEDSET2","ROCK","",      -1.00081,      -1.50557,      -1.49434,      -1.01204,  -74.4581E-03
F:/Desktop/DeepOnet_Abaqus/StaticElasticJob.odb,Step-1,Increment      1: Step Time =    1.000,"PLATE-1",          3020,             1,  -126.199E-03,   730.128E-03,            0.,"ASSEMBLY_PLATE-1__PICKEDSET2","ROCK","",      -1.06436,      -1.48745,      -1.48732,      -1.06448,  -7.29822E-03
F:/Desktop/DeepOnet_Abaqus/StaticElasticJob.odb,Step-1,Increment      1: Step Time =    1.000,"PLATE-1",          3021,             1,   199.552E-03,  -770.632E-03,            0.,"ASSEMBLY_PLATE-1__PICKEDSET2","ROCK","",  -907.985E-03,      -1.68210,      -1.68210,  -907.992E-03,  -2.24422E-03
F:/Desktop/DeepOnet_Abaqus/StaticElasticJob.odb,Step-1,Increment      1: Step Time =    1.000,"PLATE-1",          3022,             1,   613.284E-03,  -151.205E-03,            0.,"ASSEMBLY_PLATE-1__PICKEDSET2","ROCK","",  -956.217E-03,      -1.45716,      -1.44666,  -966.713E-03,  -71.7463E-03
F:/Desktop/DeepOnet_Abaqus/StaticElasticJob.odb,Step-1,Increment      1: Step Time =    1.000,"PLATE-1",          3023,             1,  -676.155E-03,   511.130E-03,            0.,"ASSEMBLY_PLATE-1__PICKEDSET2","ROCK","",  -994.709E-03,      -1.48075,      -1.46268,      -1.01278,  -91.9715E-03
F:/Desktop/DeepOnet_Abaqus/StaticElasticJob.odb,Step-1,Increment      1: Step Time =    1.000,"PLATE-1",          3024,             1,  -283.258E-03,  -622.288E-03,            0.,"ASSEMBLY_PLATE-1__PICKEDSET2","ROCK","",  -939.573E-03,      -1.67609,      -1.66493,  -950.739E-03,   89.9948E-03
F:/Desktop/DeepOnet_Abaqus/StaticElasticJob.odb,Step-1,Increment      1: Step Time =    1.000,"PLATE-1",          3025,             1,  -421.233E-03,   667.945E-03,            0.,"ASSEMBLY_PLATE-1__PICKEDSET2","ROCK","",  -981.909E-03,      -1.53296,      -1.52593,  -988.943E-03,  -61.8590E-03
F:/Desktop/DeepOnet_Abaqus/StaticElasticJob.odb,Step-1,Increment      1: Step Time =    1.000,"PLATE-1",          3026,             1,   667.587E-03,  -265.777E-03,            0.,"ASSEMBLY_PLATE-1__PICKEDSET2","ROCK","",  -924.528E-03,      -1.55308,      -1.53231,  -945.304E-03,  -112.371E-03
F:/Desktop/DeepOnet_Abaqus/StaticElasticJob.odb,Step-1,Increment      1: Step Time =    1.000,"PLATE-1",          3027,             1,   715.557E-03,  -252.415E-03,            0.,"ASSEMBLY_PLATE-1__PICKEDSET2","ROCK","",  -935.291E-03,      -1.55530,      -1.53739,  -953.198E-03,  -103.834E-03
F:/Desktop/DeepOnet_Abaqus/StaticElasticJob.odb,Step-1,Increment      1: Step Time =    1.000,"PLATE-1",          3028,             1,  -555.761E-03,   720.879E-03,            0.,"ASSEMBLY_PLATE-1__PICKEDSET2","ROCK","",  -987.409E-03,      -1.52560,      -1.51576,  -997.252E-03,  -72.1139E-03
F:/Desktop/DeepOnet_Abaqus/StaticElasticJob.odb,Step-1,Increment      1: Step Time =    1.000,"PLATE-1",          3029,             1,   634.370E-03,  -805.591E-03,            0.,"ASSEMBLY_PLATE-1__PICKEDSET2","ROCK","",  -931.324E-03,      -1.63737,      -1.63239,  -936.304E-03,  -59.0901E-03
F:/Desktop/DeepOnet_Abaqus/StaticElasticJob.odb,Step-1,Increment      1: Step Time =    1.000,"PLATE-1",          3030,             1,  -676.432E-03,   616.283E-03,            0.,"ASSEMBLY_PLATE-1__PICKEDSET2","ROCK","",  -990.396E-03,      -1.50550,      -1.49177,      -1.00413,  -82.9876E-03
F:/Desktop/DeepOnet_Abaqus/StaticElasticJob.odb,Step-1,Increment      1: Step Time =    1.000,"PLATE-1",          3031,             1,   340.996E-03,  -703.482E-03,            0.,"ASSEMBLY_PLATE-1__PICKEDSET2","ROCK","",  -892.376E-03,      -1.68217,      -1.68053,  -894.018E-03,  -35.9686E-03
F:/Desktop/DeepOnet_Abaqus/StaticElasticJob.odb,Step-1,Increment      1: Step Time =    1.000,"PLATE-1",          3032,             1,  -241.550E-03,  -766.989E-03,            0.,"ASSEMBLY_PLATE-1__PICKEDSET2","ROCK","",  -948.927E-03,      -1.65282,      -1.64796,  -953.788E-03,   58.2960E-03
F:/Desktop/DeepOnet_Abaqus/StaticElasticJob.odb,Step-1,Increment      1: Step Time =    1.000,"PLATE-1",          3033,             1,  -188.491E-03,  -818.301E-03,            0.,"ASSEMBLY_PLATE-1__PICKEDSET2","ROCK","",  -947.643E-03,      -1.65279,      -1.64951,  -950.922E-03,   47.9748E-03
F:/Desktop/DeepOnet_Abaqus/StaticElasticJob.odb,Step-1,Increment      1: Step Time =    1.000,"PLATE-1",          3034,             1,  -292.232E-03,  -683.644E-03,            0.,"ASSEMBLY_PLATE-1__PICKEDSET2","ROCK","",  -945.706E-03,      -1.66061,      -1.65309,  -953.221E-03,   72.9098E-03
F:/Desktop/DeepOnet_Abaqus/StaticElasticJob.odb,Step-1,Increment      1: Step Time =    1.000,"PLATE-1",          3035,             1,  -532.200E-03,  -490.370E-03,            0.,"ASSEMBLY_PLATE-1__PICKEDSET2","ROCK","",  -945.102E-03,      -1.61719,      -1.59222,  -970.067E-03,   127.104E-03
F:/Desktop/DeepOnet_Abaqus/StaticElasticJob.odb,Step-1,Increment      1: Step Time =    1.000,"PLATE-1",          3036,             1,  -644.827E-03,  -676.028E-03,            0.,"ASSEMBLY_PLATE-1__PICKEDSET2","ROCK","",  -963.921E-03,      -1.59523,      -1.58532,  -973.823E-03,   78.4402E-03
F:/Desktop/DeepOnet_Abaqus/StaticElasticJob.odb,Step-1,Increment      1: Step Time =    1.000,"PLATE-1",          3037,             1,  -402.824E-03,  -660.821E-03,            0.,"ASSEMBLY_PLATE-1__PICKEDSET2","ROCK","",  -950.529E-03,      -1.64249,      -1.63230,  -960.720E-03,   83.3523E-03
