ODB Name,Step,Frame,Part Instance Name,      µ¥Ôª±êÇ©,         IntPt,X,Y,Z,Section Name,Material Name,Section Point,S-Max. In-Plane Principal,S-Min. In-Plane Principal,         S-S11,         S-S22,         S-S12
F:/Desktop/DeepOnet_Abaqus/StaticElasticJob.odb,Step-1,Increment      1: Step Time =    1.000,"PLATE-1",             1,             1,      -1.75538,   955.946E-03,            0.,"ASSEMBLY_PLATE-1__PICKEDSET2","ROCK","",      -1.00941,      -2.24579,      -2.24496,      -1.01024,  -32.0786E-03
F:/Desktop/DeepOnet_Abaqus/StaticElasticJob.odb,Step-1,Increment      1: Step Time =    1.000,"PLATE-1",             2,             1,      -1.75634,   257.410E-03,            0.,"ASSEMBLY_PLATE-1__PICKEDSET2","ROCK","",      -1.03712,      -2.20893,      -2.20888,      -1.03717,  -8.21311E-03
F:/Desktop/DeepOnet_Abaqus/StaticElasticJob.odb,Step-1,Increment      1: Step Time =    1.000,"PLATE-1",             3,             1,      -2.07393,      -1.08534,            0.,"ASSEMBLY_PLATE-1__PICKEDSET2","ROCK","",      -1.00716,      -2.26381,      -2.26325,      -1.00773,   26.5928E-03
F:/Desktop/DeepOnet_Abaqus/StaticElasticJob.odb,Step-1,Increment      1: Step Time =    1.000,"PLATE-1",             4,             1,       1.43363,       1.77982,            0.,"ASSEMBLY_PLATE-1__PICKEDSET2","ROCK","",  -998.918E-03,      -2.29125,      -2.29107,  -999.098E-03,   15.2404E-03
F:/Desktop/DeepOnet_Abaqus/StaticElasticJob.odb,Step-1,Increment      1: Step Time =    1.000,"PLATE-1",             5,             1,       1.75124,       1.34711,            0.,"ASSEMBLY_PLATE-1__PICKEDSET2","ROCK","",  -999.121E-03,      -2.28361,      -2.28304,  -999.687E-03,   26.9474E-03
F:/Desktop/DeepOnet_Abaqus/StaticElasticJob.odb,Step-1,Increment      1: Step Time =    1.000,"PLATE-1",             6,             1,       1.89577,      -1.66937,            0.,"ASSEMBLY_PLATE-1__PICKEDSET2","ROCK","",  -992.909E-03,      -2.27612,      -2.27565,  -993.382E-03,  -24.6470E-03
F:/Desktop/DeepOnet_Abaqus/StaticElasticJob.odb,Step-1,Increment      1: Step Time =    1.000,"PLATE-1",             7,             1,  -10.7208E-03,       1.82307,            0.,"ASSEMBLY_PLATE-1__PICKEDSET2","ROCK","",  -989.312E-03,      -2.30523,      -2.30521,  -989.327E-03,   4.42953E-03
F:/Desktop/DeepOnet_Abaqus/StaticElasticJob.odb,Step-1,Increment      1: Step Time =    1.000,"PLATE-1",             8,             1,  -838.834E-03,      -1.99729,            0.,"ASSEMBLY_PLATE-1__PICKEDSET2","ROCK","",      -1.00123,      -2.29090,      -2.29083,      -1.00131,   9.92680E-03
F:/Desktop/DeepOnet_Abaqus/StaticElasticJob.odb,Step-1,Increment      1: Step Time =    1.000,"PLATE-1",             9,             1,       1.91612,      -1.49343,            0.,"ASSEMBLY_PLATE-1__PICKEDSET2","ROCK","",  -993.909E-03,      -2.27368,      -2.27310,  -994.488E-03,  -27.2114E-03
F:/Desktop/DeepOnet_Abaqus/StaticElasticJob.odb,Step-1,Increment      1: Step Time =    1.000,"PLATE-1",            10,             1,      -1.78745,  -504.603E-03,            0.,"ASSEMBLY_PLATE-1__PICKEDSET2","ROCK","",      -1.02166,      -2.23978,      -2.23884,      -1.02260,   33.8451E-03
F:/Desktop/DeepOnet_Abaqus/StaticElasticJob.odb,Step-1,Increment      1: Step Time =    1.000,"PLATE-1",            11,             1,       1.93542,   614.853E-03,            0.,"ASSEMBLY_PLATE-1__PICKEDSET2","ROCK","",      -1.01934,      -2.24118,      -2.23991,      -1.02061,   39.3946E-03
F:/Desktop/DeepOnet_Abaqus/StaticElasticJob.odb,Step-1,Increment      1: Step Time =    1.000,"PLATE-1",            12,             1,   233.956E-03,       2.02500,            0.,"ASSEMBLY_PLATE-1__PICKEDSET2","ROCK","",  -994.985E-03,      -2.30050,      -2.30046,  -995.032E-03,   7.77162E-03
F:/Desktop/DeepOnet_Abaqus/StaticElasticJob.odb,Step-1,Increment      1: Step Time =    1.000,"PLATE-1",            13,             1,       1.96404,      -1.22601,            0.,"ASSEMBLY_PLATE-1__PICKEDSET2","ROCK","",  -997.863E-03,      -2.26530,      -2.26443,  -998.736E-03,  -33.2519E-03
F:/Desktop/DeepOnet_Abaqus/StaticElasticJob.odb,Step-1,Increment      1: Step Time =    1.000,"PLATE-1",            14,             1,      -1.30359,       2.04775,            0.,"ASSEMBLY_PLATE-1__PICKEDSET2","ROCK","",  -989.379E-03,      -2.28192,      -2.28176,  -989.540E-03,  -14.4328E-03
F:/Desktop/DeepOnet_Abaqus/StaticElasticJob.odb,Step-1,Increment      1: Step Time =    1.000,"PLATE-1",            15,             1,       1.94018,  -895.239E-03,            0.,"ASSEMBLY_PLATE-1__PICKEDSET2","ROCK","",      -1.00677,      -2.24848,      -2.24723,      -1.00803,  -39.5130E-03
F:/Desktop/DeepOnet_Abaqus/StaticElasticJob.odb,Step-1,Increment      1: Step Time =    1.000,"PLATE-1",            16,             1,   599.622E-03,       2.43406,            0.,"ASSEMBLY_PLATE-1__PICKEDSET2","ROCK","",  -999.875E-03,      -2.28558,      -2.28555,  -999.910E-03,   6.70084E-03
F:/Desktop/DeepOnet_Abaqus/StaticElasticJob.odb,Step-1,Increment      1: Step Time =    1.000,"PLATE-1",            17,             1,      -2.04501,   302.024E-03,            0.,"ASSEMBLY_PLATE-1__PICKEDSET2","ROCK","",      -1.02802,      -2.22807,      -2.22805,      -1.02805,  -5.40979E-03
F:/Desktop/DeepOnet_Abaqus/StaticElasticJob.odb,Step-1,Increment      1: Step Time =    1.000,"PLATE-1",            18,             1,       1.32360,      -2.03853,            0.,"ASSEMBLY_PLATE-1__PICKEDSET2","ROCK","",  -991.626E-03,      -2.28668,      -2.28657,  -991.742E-03,  -12.2591E-03
F:/Desktop/DeepOnet_Abaqus/StaticElasticJob.odb,Step-1,Increment      1: Step Time =    1.000,"PLATE-1",            19,             1,       1.90745,       2.38975,            0.,"ASSEMBLY_PLATE-1__PICKEDSET2","ROCK","",      -1.00048,      -2.27828,      -2.27822,      -1.00054,   9.10535E-03
F:/Desktop/DeepOnet_Abaqus/StaticElasticJob.odb,Step-1,Increment      1: Step Time =    1.000,"PLATE-1",            20,             1,       2.01432,   263.851E-03,            0.,"ASSEMBLY_PLATE-1__PICKEDSET2","ROCK","",      -1.03499,      -2.21523,      -2.21481,      -1.03541,   22.2710E-03
F:/Desktop/DeepOnet_Abaqus/StaticElasticJob.odb,Step-1,Increment      1: Step Time =    1.000,"PLATE-1",            21,             1,   610.845E-03,      -2.21010,            0.,"ASSEMBLY_PLATE-1__PICKEDSET2","ROCK","",  -997.365E-03,      -2.29129,      -2.29129,  -997.366E-03,  -1.13770E-03
F:/Desktop/DeepOnet_Abaqus/StaticElasticJob.odb,Step-1,Increment      1: Step Time =    1.000,"PLATE-1",            22,             1,      -2.52810,      -1.41091,            0.,"ASSEMBLY_PLATE-1__PICKEDSET2","ROCK","",      -1.00585,      -2.26536,      -2.26509,      -1.00612,   18.5372E-03
F:/Desktop/DeepOnet_Abaqus/StaticElasticJob.odb,Step-1,Increment      1: Step Time =    1.000,"PLATE-1",            23,             1,      -2.33392,   765.089E-03,            0.,"ASSEMBLY_PLATE-1__PICKEDSET2","ROCK","",      -1.01801,      -2.24444,      -2.24424,      -1.01820,  -15.4016E-03
F:/Desktop/DeepOnet_Abaqus/StaticElasticJob.odb,Step-1,Increment      1: Step Time =    1.000,"PLATE-1",            24,             1,      -2.82853,       1.62928,            0.,"ASSEMBLY_PLATE-1__PICKEDSET2","ROCK","",      -1.00982,      -2.26214,      -2.26200,      -1.00996,  -13.0794E-03
F:/Desktop/DeepOnet_Abaqus/StaticElasticJob.odb,Step-1,Increment      1: Step Time =    1.000,"PLATE-1",            25,             1,      -1.67005,      -2.67326,            0.,"ASSEMBLY_PLATE-1__PICKEDSET2","ROCK","",      -1.00206,      -2.27398,      -2.27394,      -1.00210,   7.28768E-03
F:/Desktop/DeepOnet_Abaqus/StaticElasticJob.odb,Step-1,Increment      1: Step Time =    1.000,"PLATE-1",            26,             1,      -1.47178,      -3.12651,            0.,"ASSEMBLY_PLATE-1__PICKEDSET2","ROCK","",      -1.00431,      -2.27273,      -2.27271,      -1.00432,   3.95086E-03
F:/Desktop/DeepOnet_Abaqus/StaticElasticJob.odb,Step-1,Increment      1: Step Time =    1.000,"PLATE-1",            27,             1,      -1.77630,       1.23284,            0.,"ASSEMBLY_PLATE-1__PICKEDSET2","ROCK","",      -1.00167,      -2.25893,      -2.25824,      -1.00235,  -29.3149E-03
F:/Desktop/DeepOnet_Abaqus/StaticElasticJob.odb,Step-1,Increment      1: Step Time =    1.000,"PLATE-1",            28,             1,       1.80501,  -583.146E-03,            0.,"ASSEMBLY_PLATE-1__PICKEDSET2","ROCK","",      -1.01853,      -2.22673,      -2.22526,      -1.02001,  -42.1981E-03
F:/Desktop/DeepOnet_Abaqus/StaticElasticJob.odb,Step-1,Increment      1: Step Time =    1.000,"PLATE-1",            29,             1,       1.88560,  -563.830E-03,            0.,"ASSEMBLY_PLATE-1__PICKEDSET2","ROCK","",      -1.01851,      -2.22529,      -2.22396,      -1.01984,  -40.0398E-03
F:/Desktop/DeepOnet_Abaqus/StaticElasticJob.odb,Step-1,Increment      1: Step Time =    1.000,"PLATE-1",            30,             1,      -1.97675,      -1.27339,            0.,"ASSEMBLY_PLATE-1__PICKEDSET2","ROCK","",      -1.00353,      -2.27064,      -2.27015,      -1.00402,   24.8558E-03
F:/Desktop/DeepOnet_Abaqus/StaticElasticJob.odb,Step-1,Increment      1: Step Time =    1.000,"PLATE-1",            31,             1,       1.31656,       2.70784,            0.,"ASSEMBLY_PLATE-1__PICKEDSET2","ROCK","",      -1.00003,      -2.27694,      -2.27692,      -1.00005,   5.31820E-03
F:/Desktop/DeepOnet_Abaqus/StaticElasticJob.odb,Step-1,Increment      1: Step Time =    1.000,"PLATE-1",            32,             1,      -1.23390,      -1.90112,            0.,"ASSEMBLY_PLATE-1__PICKEDSET2","ROCK","",  -999.508E-03,      -2.28688,      -2.28673,  -999.656E-03,   13.7946E-03
F:/Desktop/DeepOnet_Abaqus/StaticElasticJob.odb,Step-1,Increment      1: Step Time =    1.000,"PLATE-1",            33,             1,  -252.328E-03,      -1.90542,            0.,"ASSEMBLY_PLATE-1__PICKEDSET2","ROCK","",      -1.00140,      -2.29898,      -2.29894,      -1.00143,   6.85505E-03
F:/Desktop/DeepOnet_Abaqus/StaticElasticJob.odb,Step-1,Increment      1: Step Time =    1.000,"PLATE-1",            34,             1,      -2.04547,  -582.690E-03,            0.,"ASSEMBLY_PLATE-1__PICKEDSET2","ROCK","",      -1.01825,      -2.24482,      -2.24427,      -1.01880,   25.8858E-03
F:/Desktop/DeepOnet_Abaqus/StaticElasticJob.odb,Step-1,Increment      1: Step Time =    1.000,"PLATE-1",            35,             1,       1.83101,  -416.530E-03,            0.,"ASSEMBLY_PLATE-1__PICKEDSET2","ROCK","",      -1.02661,      -2.21288,      -2.21189,      -1.02760,  -34.2415E-03
F:/Desktop/DeepOnet_Abaqus/StaticElasticJob.odb,Step-1,Increment      1: Step Time =    1.000,"PLATE-1",            36,             1,      -2.31839,       1.07888,            0.,"ASSEMBLY_PLATE-1__PICKEDSET2","ROCK","",      -1.01294,      -2.25181,      -2.25152,      -1.01323,  -18.9734E-03
F:/Desktop/DeepOnet_Abaqus/StaticElasticJob.odb,Step-1,Increment      1: Step Time =    1.000,"PLATE-1",            37,             1,       1.83423,   727.655E-03,            0.,"ASSEMBLY_PLATE-1__PICKEDSET2","ROCK","",      -1.01275,      -2.25258,      -2.25084,      -1.01448,   46.3630E-03
F:/Desktop/DeepOnet_Abaqus/StaticElasticJob.odb,Step-1,Increment      1: Step Time =    1.000,"PLATE-1",            38,             1,       1.68657,       1.90490,            0.,"ASSEMBLY_PLATE-1__PICKEDSET2","ROCK","",  -999.171E-03,      -2.28465,      -2.28451,  -999.315E-03,   13.6096E-03
F:/Desktop/DeepOnet_Abaqus/StaticElasticJob.odb,Step-1,Increment      1: Step Time =    1.000,"PLATE-1",            39,             1,  -314.870E-03,       1.81779,            0.,"ASSEMBLY_PLATE-1__PICKEDSET2","ROCK","",  -984.132E-03,      -2.30514,      -2.30514,  -984.133E-03,  -972.536E-06
F:/Desktop/DeepOnet_Abaqus/StaticElasticJob.odb,Step-1,Increment      1: Step Time =    1.000,"PLATE-1",            40,             1,      -2.26738,       1.48092,            0.,"ASSEMBLY_PLATE-1__PICKEDSET2","ROCK","",      -1.00554,      -2.26111,      -2.26082,      -1.00584,  -19.2806E-03
F:/Desktop/DeepOnet_Abaqus/StaticElasticJob.odb,Step-1,Increment      1: Step Time =    1.000,"PLATE-1",            41,             1,      -2.19183,      -2.14837,            0.,"ASSEMBLY_PLATE-1__PICKEDSET2","ROCK","",      -1.00161,      -2.27230,      -2.27216,      -1.00175,   13.0658E-03
F:/Desktop/DeepOnet_Abaqus/StaticElasticJob.odb,Step-1,Increment      1: Step Time =    1.000,"PLATE-1",            42,             1,      -1.84227,  -404.444E-03,            0.,"ASSEMBLY_PLATE-1__PICKEDSET2","ROCK","",      -1.02549,      -2.23272,      -2.23205,      -1.02615,   28.3334E-03
F:/Desktop/DeepOnet_Abaqus/StaticElasticJob.odb,Step-1,Increment      1: Step Time =    1.000,"PLATE-1",            43,             1,       1.68159,      -1.71640,            0.,"ASSEMBLY_PLATE-1__PICKEDSET2","ROCK","",  -989.587E-03,      -2.28171,      -2.28128,  -990.012E-03,  -23.4184E-03
F:/Desktop/DeepOnet_Abaqus/StaticElasticJob.odb,Step-1,Increment      1: Step Time =    1.000,"PLATE-1",            44,             1,   768.157E-03,      -1.89180,            0.,"ASSEMBLY_PLATE-1__PICKEDSET2","ROCK","",  -990.237E-03,      -2.29861,      -2.29858,  -990.265E-03,  -6.09839E-03
F:/Desktop/DeepOnet_Abaqus/StaticElasticJob.odb,Step-1,Increment      1: Step Time =    1.000,"PLATE-1",            45,             1,       3.61680,      -3.61601,            0.,"ASSEMBLY_PLATE-1__PICKEDSET2","ROCK","",  -992.511E-03,      -2.26231,      -2.26230,  -992.512E-03,  -944.402E-06
F:/Desktop/DeepOnet_Abaqus/StaticElasticJob.odb,Step-1,Increment      1: Step Time =    1.000,"PLATE-1",            46,             1,       1.44638,      -1.68581,            0.,"ASSEMBLY_PLATE-1__PICKEDSET2","ROCK","",  -986.514E-03,      -2.28754,      -2.28717,  -986.887E-03,  -22.0264E-03
F:/Desktop/DeepOnet_Abaqus/StaticElasticJob.odb,Step-1,Increment      1: Step Time =    1.000,"PLATE-1",            47,             1,       1.42806,      -1.85316,            0.,"ASSEMBLY_PLATE-1__PICKEDSET2","ROCK","",  -988.500E-03,      -2.28766,      -2.28742,  -988.739E-03,  -17.6351E-03
F:/Desktop/DeepOnet_Abaqus/StaticElasticJob.odb,Step-1,Increment      1: Step Time =    1.000,"PLATE-1",            48,             1,  -737.941E-03,      -1.68613,            0.,"ASSEMBLY_PLATE-1__PICKEDSET2","ROCK","",  -998.706E-03,      -2.29997,      -2.29982,  -998.860E-03,   14.1488E-03
F:/Desktop/DeepOnet_Abaqus/StaticElasticJob.odb,Step-1,Increment      1: Step Time =    1.000,"PLATE-1",            49,             1,      -1.31883,      -1.78900,            0.,"ASSEMBLY_PLATE-1__PICKEDSET2","ROCK","",  -998.694E-03,      -2.28667,      -2.28644,  -998.917E-03,   16.9459E-03
F:/Desktop/DeepOnet_Abaqus/StaticElasticJob.odb,Step-1,Increment      1: Step Time =    1.000,"PLATE-1",            50,             1,      -1.88467,      -1.63154,            0.,"ASSEMBLY_PLATE-1__PICKEDSET2","ROCK","",      -1.00109,      -2.27511,      -2.27479,      -1.00141,   20.2924E-03
F:/Desktop/DeepOnet_Abaqus/StaticElasticJob.odb,Step-1,Increment      1: Step Time =    1.000,"PLATE-1",            51,             1,       3.61807,       3.61622,            0.,"ASSEMBLY_PLATE-1__PICKEDSET2","ROCK","",      -1.00002,      -2.26138,      -2.26138,      -1.00002,   16.8134E-06
F:/Desktop/DeepOnet_Abaqus/StaticElasticJob.odb,Step-1,Increment      1: Step Time =    1.000,"PLATE-1",            52,             1,       2.30718,       2.16900,            0.,"ASSEMBLY_PLATE-1__PICKEDSET2","ROCK","",      -1.00121,      -2.27359,      -2.27350,      -1.00129,   10.2215E-03
F:/Desktop/DeepOnet_Abaqus/StaticElasticJob.odb,Step-1,Increment      1: Step Time =    1.000,"PLATE-1",            53,             1,       1.79172,       1.41776,            0.,"ASSEMBLY_PLATE-1__PICKEDSET2","ROCK","",  -998.496E-03,      -2.28453,      -2.28406,  -998.968E-03,   24.6224E-03
F:/Desktop/DeepOnet_Abaqus/StaticElasticJob.odb,Step-1,Increment      1: Step Time =    1.000,"PLATE-1",            54,             1,       1.65907,       1.34833,            0.,"ASSEMBLY_PLATE-1__PICKEDSET2","ROCK","",  -997.934E-03,      -2.28703,      -2.28645,  -998.513E-03,   27.3003E-03
F:/Desktop/DeepOnet_Abaqus/StaticElasticJob.odb,Step-1,Increment      1: Step Time =    1.000,"PLATE-1",            55,             1,       1.82092,      -1.18868,            0.,"ASSEMBLY_PLATE-1__PICKEDSET2","ROCK","",  -994.710E-03,      -2.26742,      -2.26638,  -995.751E-03,  -36.3816E-03
F:/Desktop/DeepOnet_Abaqus/StaticElasticJob.odb,Step-1,Increment      1: Step Time =    1.000,"PLATE-1",            56,             1,       1.68076,      -1.56854,            0.,"ASSEMBLY_PLATE-1__PICKEDSET2","ROCK","",  -989.157E-03,      -2.28114,      -2.28061,  -989.690E-03,  -26.2402E-03
F:/Desktop/DeepOnet_Abaqus/StaticElasticJob.odb,Step-1,Increment      1: Step Time =    1.000,"PLATE-1",            57,             1,      -3.62712,       3.62559,            0.,"ASSEMBLY_PLATE-1__PICKEDSET2","ROCK","",      -1.00047,      -2.26183,      -2.26183,      -1.00047,  -470.818E-06
F:/Desktop/DeepOnet_Abaqus/StaticElasticJob.odb,Step-1,Increment      1: Step Time =    1.000,"PLATE-1",            58,             1,      -2.30900,       3.02602,            0.,"ASSEMBLY_PLATE-1__PICKEDSET2","ROCK","",  -999.845E-03,      -2.26956,      -2.26953,  -999.879E-03,  -6.54548E-03
F:/Desktop/DeepOnet_Abaqus/StaticElasticJob.odb,Step-1,Increment      1: Step Time =    1.000,"PLATE-1",            59,             1,      -1.50243,       1.85095,            0.,"ASSEMBLY_PLATE-1__PICKEDSET2","ROCK","",  -990.356E-03,      -2.27830,      -2.27801,  -990.644E-03,  -19.2395E-03
F:/Desktop/DeepOnet_Abaqus/StaticElasticJob.odb,Step-1,Increment      1: Step Time =    1.000,"PLATE-1",            60,             1,      -1.34053,       1.65610,            0.,"ASSEMBLY_PLATE-1__PICKEDSET2","ROCK","",  -986.521E-03,      -2.28137,      -2.28093,  -986.962E-03,  -23.8916E-03
F:/Desktop/DeepOnet_Abaqus/StaticElasticJob.odb,Step-1,Increment      1: Step Time =    1.000,"PLATE-1",            61,             1,       1.35399,       1.80200,            0.,"ASSEMBLY_PLATE-1__PICKEDSET2","ROCK","",  -999.384E-03,      -2.29159,      -2.29142,  -999.562E-03,   15.1503E-03
F:/Desktop/DeepOnet_Abaqus/StaticElasticJob.odb,Step-1,Increment      1: Step Time =    1.000,"PLATE-1",            62,             1,       1.50949,       1.85297,            0.,"ASSEMBLY_PLATE-1__PICKEDSET2","ROCK","",  -999.206E-03,      -2.28783,      -2.28768,  -999.356E-03,   13.9356E-03
F:/Desktop/DeepOnet_Abaqus/StaticElasticJob.odb,Step-1,Increment      1: Step Time =    1.000,"PLATE-1",            63,             1,       2.10580,       2.54977,            0.,"ASSEMBLY_PLATE-1__PICKEDSET2","ROCK","",      -1.00065,      -2.27334,      -2.27331,      -1.00069,   6.80036E-03
F:/Desktop/DeepOnet_Abaqus/StaticElasticJob.odb,Step-1,Increment      1: Step Time =    1.000,"PLATE-1",            64,             1,      -3.58801,      -3.58425,            0.,"ASSEMBLY_PLATE-1__PICKEDSET2","ROCK","",  -990.139E-03,      -2.26229,      -2.26229,  -990.139E-03,   926.104E-06
F:/Desktop/DeepOnet_Abaqus/StaticElasticJob.odb,Step-1,Increment      1: Step Time =    1.000,"PLATE-1",            65,             1,      -1.93143,      -3.16849,            0.,"ASSEMBLY_PLATE-1__PICKEDSET2","ROCK","",      -1.00250,      -2.27062,      -2.27060,      -1.00251,   4.12627E-03
F:/Desktop/DeepOnet_Abaqus/StaticElasticJob.odb,Step-1,Increment      1: Step Time =    1.000,"PLATE-1",            66,             1,      -1.68833,      -1.35779,            0.,"ASSEMBLY_PLATE-1__PICKEDSET2","ROCK","",      -1.00072,      -2.27620,      -2.27564,      -1.00128,   26.6726E-03
F:/Desktop/DeepOnet_Abaqus/StaticElasticJob.odb,Step-1,Increment      1: Step Time =    1.000,"PLATE-1",            67,             1,      -1.90647,  -924.994E-03,            0.,"ASSEMBLY_PLATE-1__PICKEDSET2","ROCK","",      -1.00894,      -2.26077,      -2.26001,      -1.00970,   30.8992E-03
F:/Desktop/DeepOnet_Abaqus/StaticElasticJob.odb,Step-1,Increment      1: Step Time =    1.000,"PLATE-1",            68,             1,      -1.86359,   536.754E-03,            0.,"ASSEMBLY_PLATE-1__PICKEDSET2","ROCK","",      -1.02487,      -2.22697,      -2.22664,      -1.02520,  -19.8796E-03
F:/Desktop/DeepOnet_Abaqus/StaticElasticJob.odb,Step-1,Increment      1: Step Time =    1.000,"PLATE-1",            69,             1,      -1.98914,   839.370E-03,            0.,"ASSEMBLY_PLATE-1__PICKEDSET2","ROCK","",      -1.01559,      -2.24192,      -2.24145,      -1.01606,  -23.8610E-03
F:/Desktop/DeepOnet_Abaqus/StaticElasticJob.odb,Step-1,Increment      1: Step Time =    1.000,"PLATE-1",            70,             1,      -1.91243,       1.56240,            0.,"ASSEMBLY_PLATE-1__PICKEDSET2","ROCK","",  -999.224E-03,      -2.26607,      -2.26567,  -999.629E-03,  -22.6527E-03
F:/Desktop/DeepOnet_Abaqus/StaticElasticJob.odb,Step-1,Increment      1: Step Time =    1.000,"PLATE-1",            71,             1,      -1.77379,       2.87240,            0.,"ASSEMBLY_PLATE-1__PICKEDSET2","ROCK","",  -997.163E-03,      -2.27361,      -2.27358,  -997.197E-03,  -6.61621E-03
F:/Desktop/DeepOnet_Abaqus/StaticElasticJob.odb,Step-1,Increment      1: Step Time =    1.000,"PLATE-1",            72,             1,      -1.69213,       1.44893,            0.,"ASSEMBLY_PLATE-1__PICKEDSET2","ROCK","",  -996.184E-03,      -2.26710,      -2.26651,  -996.772E-03,  -27.3265E-03
F:/Desktop/DeepOnet_Abaqus/StaticElasticJob.odb,Step-1,Increment      1: Step Time =    1.000,"PLATE-1",            73,             1,      -1.66940,       1.24416,            0.,"ASSEMBLY_PLATE-1__PICKEDSET2","ROCK","",  -999.048E-03,      -2.26086,      -2.26007,  -999.840E-03,  -31.5955E-03
F:/Desktop/DeepOnet_Abaqus/StaticElasticJob.odb,Step-1,Increment      1: Step Time =    1.000,"PLATE-1",            74,             1,      -1.67987,       1.34255,            0.,"ASSEMBLY_PLATE-1__PICKEDSET2","ROCK","",  -997.042E-03,      -2.26489,      -2.26420,  -997.733E-03,  -29.5805E-03
F:/Desktop/DeepOnet_Abaqus/StaticElasticJob.odb,Step-1,Increment      1: Step Time =    1.000,"PLATE-1",            75,             1,      -1.66875,       1.14689,            0.,"ASSEMBLY_PLATE-1__PICKEDSET2","ROCK","",      -1.00124,      -2.25642,      -2.25550,      -1.00217,  -34.0812E-03
F:/Desktop/DeepOnet_Abaqus/StaticElasticJob.odb,Step-1,Increment      1: Step Time =    1.000,"PLATE-1",            76,             1,      -1.66101,   951.868E-03,            0.,"ASSEMBLY_PLATE-1__PICKEDSET2","ROCK","",      -1.00757,      -2.24636,      -2.24535,      -1.00858,  -35.4252E-03
F:/Desktop/DeepOnet_Abaqus/StaticElasticJob.odb,Step-1,Increment      1: Step Time =    1.000,"PLATE-1",            77,             1,      -1.66762,   856.888E-03,            0.,"ASSEMBLY_PLATE-1__PICKEDSET2","ROCK","",      -1.01171,      -2.23993,      -2.23891,      -1.01273,  -35.4616E-03
F:/Desktop/DeepOnet_Abaqus/StaticElasticJob.odb,Step-1,Increment      1: Step Time =    1.000,"PLATE-1",            78,             1,      -1.67939,   757.051E-03,            0.,"ASSEMBLY_PLATE-1__PICKEDSET2","ROCK","",      -1.01603,      -2.23397,      -2.23302,      -1.01697,  -33.9776E-03
F:/Desktop/DeepOnet_Abaqus/StaticElasticJob.odb,Step-1,Increment      1: Step Time =    1.000,"PLATE-1",            79,             1,      -1.67541,   446.050E-03,            0.,"ASSEMBLY_PLATE-1__PICKEDSET2","ROCK","",      -1.03128,      -2.21315,      -2.21272,      -1.03171,  -22.6041E-03
F:/Desktop/DeepOnet_Abaqus/StaticElasticJob.odb,Step-1,Increment      1: Step Time =    1.000,"PLATE-1",            80,             1,      -1.66505,   346.889E-03,            0.,"ASSEMBLY_PLATE-1__PICKEDSET2","ROCK","",      -1.03594,      -2.20726,      -2.20700,      -1.03620,  -17.4159E-03
F:/Desktop/DeepOnet_Abaqus/StaticElasticJob.odb,Step-1,Increment      1: Step Time =    1.000,"PLATE-1",            81,             1,      -1.68793,   41.9735E-03,            0.,"ASSEMBLY_PLATE-1__PICKEDSET2","ROCK","",      -1.04112,      -2.20393,      -2.20389,      -1.04117,   7.43025E-03
F:/Desktop/DeepOnet_Abaqus/StaticElasticJob.odb,Step-1,Increment      1: Step Time =    1.000,"PLATE-1",            82,             1,      -1.67282,  -64.6847E-03,            0.,"ASSEMBLY_PLATE-1__PICKEDSET2","ROCK","",      -1.04086,      -2.20523,      -2.20501,      -1.04108,   16.0435E-03
F:/Desktop/DeepOnet_Abaqus/StaticElasticJob.odb,Step-1,Increment      1: Step Time =    1.000,"PLATE-1",            83,             1,      -1.65060,  -258.516E-03,            0.,"ASSEMBLY_PLATE-1__PICKEDSET2","ROCK","",      -1.03486,      -2.21583,      -2.21506,      -1.03563,   30.2122E-03
F:/Desktop/DeepOnet_Abaqus/StaticElasticJob.odb,Step-1,Increment      1: Step Time =    1.000,"PLATE-1",            84,             1,      -1.64441,  -350.999E-03,            0.,"ASSEMBLY_PLATE-1__PICKEDSET2","ROCK","",      -1.03148,      -2.22114,      -2.22009,      -1.03254,   35.3663E-03
F:/Desktop/DeepOnet_Abaqus/StaticElasticJob.odb,Step-1,Increment      1: Step Time =    1.000,"PLATE-1",            85,             1,      -1.76903,  -198.958E-03,            0.,"ASSEMBLY_PLATE-1__PICKEDSET2","ROCK","",      -1.03384,      -2.21838,      -2.21799,      -1.03423,   21.4965E-03
F:/Desktop/DeepOnet_Abaqus/StaticElasticJob.odb,Step-1,Increment      1: Step Time =    1.000,"PLATE-1",            86,             1,      -1.65617,  -437.573E-03,            0.,"ASSEMBLY_PLATE-1__PICKEDSET2","ROCK","",      -1.02680,      -2.22930,      -2.22814,      -1.02796,   37.2700E-03
F:/Desktop/DeepOnet_Abaqus/StaticElasticJob.odb,Step-1,Increment      1: Step Time =    1.000,"PLATE-1",            87,             1,      -1.68339,  -630.315E-03,            0.,"ASSEMBLY_PLATE-1__PICKEDSET2","ROCK","",      -1.01714,      -2.24661,      -2.24538,      -1.01837,   38.8917E-03
F:/Desktop/DeepOnet_Abaqus/StaticElasticJob.odb,Step-1,Increment      1: Step Time =    1.000,"PLATE-1",            88,             1,      -1.69588,  -728.824E-03,            0.,"ASSEMBLY_PLATE-1__PICKEDSET2","ROCK","",      -1.01316,      -2.25236,      -2.25112,      -1.01440,   39.2197E-03
F:/Desktop/DeepOnet_Abaqus/StaticElasticJob.odb,Step-1,Increment      1: Step Time =    1.000,"PLATE-1",            89,             1,      -1.70154,  -940.763E-03,            0.,"ASSEMBLY_PLATE-1__PICKEDSET2","ROCK","",      -1.00667,      -2.26453,      -2.26351,      -1.00769,   35.8511E-03
F:/Desktop/DeepOnet_Abaqus/StaticElasticJob.odb,Step-1,Increment      1: Step Time =    1.000,"PLATE-1",            90,             1,      -1.69920,      -1.04584,            0.,"ASSEMBLY_PLATE-1__PICKEDSET2","ROCK","",      -1.00449,      -2.26863,      -2.26771,      -1.00541,   34.1081E-03
F:/Desktop/DeepOnet_Abaqus/StaticElasticJob.odb,Step-1,Increment      1: Step Time =    1.000,"PLATE-1",            91,             1,      -1.69284,      -1.14965,            0.,"ASSEMBLY_PLATE-1__PICKEDSET2","ROCK","",      -1.00273,      -2.27204,      -2.27126,      -1.00351,   31.4157E-03
F:/Desktop/DeepOnet_Abaqus/StaticElasticJob.odb,Step-1,Increment      1: Step Time =    1.000,"PLATE-1",            92,             1,      -1.68841,      -1.25330,            0.,"ASSEMBLY_PLATE-1__PICKEDSET2","ROCK","",      -1.00148,      -2.27487,      -2.27420,      -1.00215,   29.1233E-03
F:/Desktop/DeepOnet_Abaqus/StaticElasticJob.odb,Step-1,Increment      1: Step Time =    1.000,"PLATE-1",            93,             1,       1.54878,       1.68449,            0.,"ASSEMBLY_PLATE-1__PICKEDSET2","ROCK","",  -998.554E-03,      -2.28872,      -2.28848,  -998.799E-03,   17.7716E-03
F:/Desktop/DeepOnet_Abaqus/StaticElasticJob.odb,Step-1,Increment      1: Step Time =    1.000,"PLATE-1",            94,             1,       1.44533,       1.67095,            0.,"ASSEMBLY_PLATE-1__PICKEDSET2","ROCK","",  -998.612E-03,      -2.29152,      -2.29129,  -998.845E-03,   17.3552E-03
F:/Desktop/DeepOnet_Abaqus/StaticElasticJob.odb,Step-1,Increment      1: Step Time =    1.000,"PLATE-1",            95,             1,       1.34827,       1.66829,            0.,"ASSEMBLY_PLATE-1__PICKEDSET2","ROCK","",  -998.794E-03,      -2.29391,      -2.29369,  -999.016E-03,   16.9750E-03
F:/Desktop/DeepOnet_Abaqus/StaticElasticJob.odb,Step-1,Increment      1: Step Time =    1.000,"PLATE-1",            96,             1,       1.24951,       1.66912,            0.,"ASSEMBLY_PLATE-1__PICKEDSET2","ROCK","",  -998.883E-03,      -2.29594,      -2.29572,  -999.100E-03,   16.7704E-03
F:/Desktop/DeepOnet_Abaqus/StaticElasticJob.odb,Step-1,Increment      1: Step Time =    1.000,"PLATE-1",            97,             1,       1.15088,       1.67149,            0.,"ASSEMBLY_PLATE-1__PICKEDSET2","ROCK","",  -999.232E-03,      -2.29814,      -2.29793,  -999.436E-03,   16.2654E-03
F:/Desktop/DeepOnet_Abaqus/StaticElasticJob.odb,Step-1,Increment      1: Step Time =    1.000,"PLATE-1",            98,             1,   953.421E-03,       1.67316,            0.,"ASSEMBLY_PLATE-1__PICKEDSET2","ROCK","",  -999.919E-03,      -2.30210,      -2.30190,      -1.00012,   16.0320E-03
F:/Desktop/DeepOnet_Abaqus/StaticElasticJob.odb,Step-1,Increment      1: Step Time =    1.000,"PLATE-1",            99,             1,   853.389E-03,       1.67589,            0.,"ASSEMBLY_PLATE-1__PICKEDSET2","ROCK","",      -1.00005,      -2.30365,      -2.30346,      -1.00024,   15.6328E-03
F:/Desktop/DeepOnet_Abaqus/StaticElasticJob.odb,Step-1,Increment      1: Step Time =    1.000,"PLATE-1",           100,             1,   752.065E-03,       1.67904,            0.,"ASSEMBLY_PLATE-1__PICKEDSET2","ROCK","",  -999.364E-03,      -2.30636,      -2.30619,  -999.540E-03,   15.1599E-03
F:/Desktop/DeepOnet_Abaqus/StaticElasticJob.odb,Step-1,Increment      1: Step Time =    1.000,"PLATE-1",           101,             1,   545.185E-03,       1.68352,            0.,"ASSEMBLY_PLATE-1__PICKEDSET2","ROCK","",  -996.967E-03,      -2.31030,      -2.31015,  -997.117E-03,   14.0323E-03
F:/Desktop/DeepOnet_Abaqus/StaticElasticJob.odb,Step-1,Increment      1: Step Time =    1.000,"PLATE-1",           102,             1,   442.648E-03,       1.68068,            0.,"ASSEMBLY_PLATE-1__PICKEDSET2","ROCK","",  -995.298E-03,      -2.31103,      -2.31091,  -995.424E-03,   12.9018E-03
F:/Desktop/DeepOnet_Abaqus/StaticElasticJob.odb,Step-1,Increment      1: Step Time =    1.000,"PLATE-1",           103,             1,   238.259E-03,       1.67212,            0.,"ASSEMBLY_PLATE-1__PICKEDSET2","ROCK","",  -991.332E-03,      -2.31357,      -2.31350,  -991.405E-03,   9.85666E-03
F:/Desktop/DeepOnet_Abaqus/StaticElasticJob.odb,Step-1,Increment      1: Step Time =    1.000,"PLATE-1",           104,             1,   139.536E-03,       1.66228,            0.,"ASSEMBLY_PLATE-1__PICKEDSET2","ROCK","",  -989.209E-03,      -2.31543,      -2.31538,  -989.262E-03,   8.41730E-03
F:/Desktop/DeepOnet_Abaqus/StaticElasticJob.odb,Step-1,Increment      1: Step Time =    1.000,"PLATE-1",           105,             1,   206.687E-03,       1.82165,            0.,"ASSEMBLY_PLATE-1__PICKEDSET2","ROCK","",  -993.272E-03,      -2.30749,      -2.30742,  -993.337E-03,   9.23926E-03
F:/Desktop/DeepOnet_Abaqus/StaticElasticJob.odb,Step-1,Increment      1: Step Time =    1.000,"PLATE-1",           106,             1,   42.3546E-03,       1.65180,            0.,"ASSEMBLY_PLATE-1__PICKEDSET2","ROCK","",  -986.313E-03,      -2.31551,      -2.31549,  -986.337E-03,   5.61350E-03
F:/Desktop/DeepOnet_Abaqus/StaticElasticJob.odb,Step-1,Increment      1: Step Time =    1.000,"PLATE-1",           107,             1,  -136.603E-03,       1.65434,            0.,"ASSEMBLY_PLATE-1__PICKEDSET2","ROCK","",  -982.473E-03,      -2.31447,      -2.31447,  -982.474E-03,   1.36605E-03
F:/Desktop/DeepOnet_Abaqus/StaticElasticJob.odb,Step-1,Increment      1: Step Time =    1.000,"PLATE-1",           108,             1,  -337.461E-03,       1.67221,            0.,"ASSEMBLY_PLATE-1__PICKEDSET2","ROCK","",  -979.626E-03,      -2.31102,      -2.31101,  -979.638E-03,  -4.00042E-03
F:/Desktop/DeepOnet_Abaqus/StaticElasticJob.odb,Step-1,Increment      1: Step Time =    1.000,"PLATE-1",           109,             1,  -440.090E-03,       1.67322,            0.,"ASSEMBLY_PLATE-1__PICKEDSET2","ROCK","",  -978.507E-03,      -2.30888,      -2.30885,  -978.544E-03,  -6.94949E-03
F:/Desktop/DeepOnet_Abaqus/StaticElasticJob.odb,Step-1,Increment      1: Step Time =    1.000,"PLATE-1",           110,             1,  -541.747E-03,       1.67576,            0.,"ASSEMBLY_PLATE-1__PICKEDSET2","ROCK","",  -977.859E-03,      -2.30607,      -2.30600,  -977.932E-03,  -9.87717E-03
F:/Desktop/DeepOnet_Abaqus/StaticElasticJob.odb,Step-1,Increment      1: Step Time =    1.000,"PLATE-1",           111,             1,  -644.150E-03,       1.68015,            0.,"ASSEMBLY_PLATE-1__PICKEDSET2","ROCK","",  -977.782E-03,      -2.30323,      -2.30311,  -977.901E-03,  -12.5650E-03
F:/Desktop/DeepOnet_Abaqus/StaticElasticJob.odb,Step-1,Increment      1: Step Time =    1.000,"PLATE-1",           112,             1,  -750.631E-03,       1.68708,            0.,"ASSEMBLY_PLATE-1__PICKEDSET2","ROCK","",  -978.296E-03,      -2.29979,      -2.29962,  -978.465E-03,  -14.9808E-03
F:/Desktop/DeepOnet_Abaqus/StaticElasticJob.odb,Step-1,Increment      1: Step Time =    1.000,"PLATE-1",           113,             1,      -1.06514,       1.64798,            0.,"ASSEMBLY_PLATE-1__PICKEDSET2","ROCK","",  -981.595E-03,      -2.28893,      -2.28854,  -981.987E-03,  -22.6234E-03
F:/Desktop/DeepOnet_Abaqus/StaticElasticJob.odb,Step-1,Increment      1: Step Time =    1.000,"PLATE-1",           114,             1,      -1.14962,       1.64101,            0.,"ASSEMBLY_PLATE-1__PICKEDSET2","ROCK","",  -982.927E-03,      -2.28615,      -2.28571,  -983.365E-03,  -23.8823E-03
F:/Desktop/DeepOnet_Abaqus/StaticElasticJob.odb,Step-1,Increment      1: Step Time =    1.000,"PLATE-1",           115,             1,      -1.24270,       1.64997,            0.,"ASSEMBLY_PLATE-1__PICKEDSET2","ROCK","",  -984.662E-03,      -2.28365,      -2.28320,  -985.106E-03,  -24.0140E-03
F:/Desktop/DeepOnet_Abaqus/StaticElasticJob.odb,Step-1,Increment      1: Step Time =    1.000,"PLATE-1",           116,             1,       1.66387,      -1.45737,            0.,"ASSEMBLY_PLATE-1__PICKEDSET2","ROCK","",  -989.030E-03,      -2.27901,      -2.27832,  -989.718E-03,  -29.7910E-03
F:/Desktop/DeepOnet_Abaqus/StaticElasticJob.odb,Step-1,Increment      1: Step Time =    1.000,"PLATE-1",           117,             1,       1.66521,      -1.25833,            0.,"ASSEMBLY_PLATE-1__PICKEDSET2","ROCK","",  -989.392E-03,      -2.27470,      -2.27367,  -990.419E-03,  -36.3200E-03
F:/Desktop/DeepOnet_Abaqus/StaticElasticJob.odb,Step-1,Increment      1: Step Time =    1.000,"PLATE-1",           118,             1,       1.65973,      -1.35648,            0.,"ASSEMBLY_PLATE-1__PICKEDSET2","ROCK","",  -988.705E-03,      -2.27796,      -2.27711,  -989.556E-03,  -33.1253E-03
F:/Desktop/DeepOnet_Abaqus/StaticElasticJob.odb,Step-1,Increment      1: Step Time =    1.000,"PLATE-1",           119,             1,       1.67175,      -1.16092,            0.,"ASSEMBLY_PLATE-1__PICKEDSET2","ROCK","",  -990.173E-03,      -2.27141,      -2.27015,  -991.432E-03,  -40.1441E-03
F:/Desktop/DeepOnet_Abaqus/StaticElasticJob.odb,Step-1,Increment      1: Step Time =    1.000,"PLATE-1",           120,             1,       1.67945,  -959.449E-03,            0.,"ASSEMBLY_PLATE-1__PICKEDSET2","ROCK","",  -994.540E-03,      -2.26070,      -2.25898,  -996.256E-03,  -46.5817E-03
F:/Desktop/DeepOnet_Abaqus/StaticElasticJob.odb,Step-1,Increment      1: Step Time =    1.000,"PLATE-1",           121,             1,       1.68606,  -853.790E-03,            0.,"ASSEMBLY_PLATE-1__PICKEDSET2","ROCK","",  -998.250E-03,      -2.25364,      -2.25172,      -1.00017,  -49.0321E-03
F:/Desktop/DeepOnet_Abaqus/StaticElasticJob.odb,Step-1,Increment      1: Step Time =    1.000,"PLATE-1",           122,             1,       1.70445,  -737.357E-03,            0.,"ASSEMBLY_PLATE-1__PICKEDSET2","ROCK","",      -1.00481,      -2.24185,      -2.23978,      -1.00688,  -50.5343E-03
F:/Desktop/DeepOnet_Abaqus/StaticElasticJob.odb,Step-1,Increment      1: Step Time =    1.000,"PLATE-1",           123,             1,       1.66349,  -537.555E-03,            0.,"ASSEMBLY_PLATE-1__PICKEDSET2","ROCK","",      -1.01676,      -2.21931,      -2.21696,      -1.01911,  -53.1121E-03
F:/Desktop/DeepOnet_Abaqus/StaticElasticJob.odb,Step-1,Increment      1: Step Time =    1.000,"PLATE-1",           124,             1,       1.65435,  -444.331E-03,            0.,"ASSEMBLY_PLATE-1__PICKEDSET2","ROCK","",      -1.02349,      -2.20743,      -2.20509,      -1.02583,  -52.5822E-03
F:/Desktop/DeepOnet_Abaqus/StaticElasticJob.odb,Step-1,Increment      1: Step Time =    1.000,"PLATE-1",           125,             1,       1.66348,  -250.931E-03,            0.,"ASSEMBLY_PLATE-1__PICKEDSET2","ROCK","",      -1.04230,      -2.18118,      -2.18004,      -1.04344,  -36.0363E-03
F:/Desktop/DeepOnet_Abaqus/StaticElasticJob.odb,Step-1,Increment      1: Step Time =    1.000,"PLATE-1",           126,             1,       1.67230,  -152.034E-03,            0.,"ASSEMBLY_PLATE-1__PICKEDSET2","ROCK","",      -1.05194,      -2.17018,      -2.16965,      -1.05248,  -24.3860E-03
F:/Desktop/DeepOnet_Abaqus/StaticElasticJob.odb,Step-1,Increment      1: Step Time =    1.000,"PLATE-1",           127,             1,       1.67014,  -51.5191E-03,            0.,"ASSEMBLY_PLATE-1__PICKEDSET2","ROCK","",      -1.05531,      -2.16593,      -2.16582,      -1.05542,  -10.8691E-03
F:/Desktop/DeepOnet_Abaqus/StaticElasticJob.odb,Step-1,Increment      1: Step Time =    1.000,"PLATE-1",           128,             1,       1.66243,   148.509E-03,            0.,"ASSEMBLY_PLATE-1__PICKEDSET2","ROCK","",      -1.05650,      -2.16970,      -2.16919,      -1.05701,   23.6644E-03
F:/Desktop/DeepOnet_Abaqus/StaticElasticJob.odb,Step-1,Increment      1: Step Time =    1.000,"PLATE-1",           129,             1,       1.66101,   247.471E-03,            0.,"ASSEMBLY_PLATE-1__PICKEDSET2","ROCK","",      -1.05173,      -2.18003,      -2.17883,      -1.05294,   36.8131E-03
F:/Desktop/DeepOnet_Abaqus/StaticElasticJob.odb,Step-1,Increment      1: Step Time =    1.000,"PLATE-1",           130,             1,       1.66100,   346.025E-03,            0.,"ASSEMBLY_PLATE-1__PICKEDSET2","ROCK","",      -1.04337,      -2.19522,      -2.19317,      -1.04541,   48.5219E-03
F:/Desktop/DeepOnet_Abaqus/StaticElasticJob.odb,Step-1,Increment      1: Step Time =    1.000,"PLATE-1",           131,             1,       1.67193,   542.032E-03,            0.,"ASSEMBLY_PLATE-1__PICKEDSET2","ROCK","",      -1.02430,      -2.23012,      -2.22732,      -1.02711,   58.0699E-03
F:/Desktop/DeepOnet_Abaqus/StaticElasticJob.odb,Step-1,Increment      1: Step Time =    1.000,"PLATE-1",           132,             1,       1.67453,   642.366E-03,            0.,"ASSEMBLY_PLATE-1__PICKEDSET2","ROCK","",      -1.01565,      -2.24508,      -2.24244,      -1.01828,   56.8647E-03
F:/Desktop/DeepOnet_Abaqus/StaticElasticJob.odb,Step-1,Increment      1: Step Time =    1.000,"PLATE-1",           133,             1,       1.67785,   743.436E-03,            0.,"ASSEMBLY_PLATE-1__PICKEDSET2","ROCK","",      -1.00944,      -2.25856,      -2.25625,      -1.01174,   53.6311E-03
F:/Desktop/DeepOnet_Abaqus/StaticElasticJob.odb,Step-1,Increment      1: Step Time =    1.000,"PLATE-1",           134,             1,       1.68028,       1.05104,            0.,"ASSEMBLY_PLATE-1__PICKEDSET2","ROCK","",  -999.607E-03,      -2.28062,      -2.27937,      -1.00086,   40.0553E-03
F:/Desktop/DeepOnet_Abaqus/StaticElasticJob.odb,Step-1,Increment      1: Step Time =    1.000,"PLATE-1",           135,             1,       1.67537,       1.15366,            0.,"ASSEMBLY_PLATE-1__PICKEDSET2","ROCK","",  -998.457E-03,      -2.28423,      -2.28327,  -999.414E-03,   35.0640E-03
F:/Desktop/DeepOnet_Abaqus/StaticElasticJob.odb,Step-1,Increment      1: Step Time =    1.000,"PLATE-1",           136,             1,       1.66537,       1.25332,            0.,"ASSEMBLY_PLATE-1__PICKEDSET2","ROCK","",  -997.949E-03,      -2.28629,      -2.28554,  -998.703E-03,   31.1661E-03
F:/Desktop/DeepOnet_Abaqus/StaticElasticJob.odb,Step-1,Increment      1: Step Time =    1.000,"PLATE-1",           137,             1,      -1.43884,      -1.67877,            0.,"ASSEMBLY_PLATE-1__PICKEDSET2","ROCK","",  -998.620E-03,      -2.28431,      -2.28402,  -998.915E-03,   19.4842E-03
F:/Desktop/DeepOnet_Abaqus/StaticElasticJob.odb,Step-1,Increment      1: Step Time =    1.000,"PLATE-1",           138,             1,      -1.34067,      -1.66612,            0.,"ASSEMBLY_PLATE-1__PICKEDSET2","ROCK","",  -998.291E-03,      -2.28654,      -2.28625,  -998.583E-03,   19.3872E-03
F:/Desktop/DeepOnet_Abaqus/StaticElasticJob.odb,Step-1,Increment      1: Step Time =    1.000,"PLATE-1",           139,             1,      -1.24367,      -1.66318,            0.,"ASSEMBLY_PLATE-1__PICKEDSET2","ROCK","",  -997.871E-03,      -2.28905,      -2.28876,  -998.155E-03,   19.1332E-03
F:/Desktop/DeepOnet_Abaqus/StaticElasticJob.odb,Step-1,Increment      1: Step Time =    1.000,"PLATE-1",           140,             1,      -1.04700,      -1.66701,            0.,"ASSEMBLY_PLATE-1__PICKEDSET2","ROCK","",  -997.725E-03,      -2.29339,      -2.29315,  -997.962E-03,   17.5207E-03
F:/Desktop/DeepOnet_Abaqus/StaticElasticJob.odb,Step-1,Increment      1: Step Time =    1.000,"PLATE-1",           141,             1,  -843.952E-03,      -1.68240,            0.,"ASSEMBLY_PLATE-1__PICKEDSET2","ROCK","",  -998.143E-03,      -2.29811,      -2.29792,  -998.327E-03,   15.4660E-03
F:/Desktop/DeepOnet_Abaqus/StaticElasticJob.odb,Step-1,Increment      1: Step Time =    1.000,"PLATE-1",           142,             1,  -630.218E-03,      -1.68422,            0.,"ASSEMBLY_PLATE-1__PICKEDSET2","ROCK","",  -999.021E-03,      -2.30239,      -2.30227,  -999.150E-03,   12.9367E-03
F:/Desktop/DeepOnet_Abaqus/StaticElasticJob.odb,Step-1,Increment      1: Step Time =    1.000,"PLATE-1",           143,             1,  -526.730E-03,      -1.67280,            0.,"ASSEMBLY_PLATE-1__PICKEDSET2","ROCK","",  -999.170E-03,      -2.30474,      -2.30463,  -999.281E-03,   12.0686E-03
F:/Desktop/DeepOnet_Abaqus/StaticElasticJob.odb,Step-1,Increment      1: Step Time =    1.000,"PLATE-1",           144,             1,  -435.703E-03,      -1.65323,            0.,"ASSEMBLY_PLATE-1__PICKEDSET2","ROCK","",  -999.232E-03,      -2.30629,      -2.30619,  -999.330E-03,   11.2847E-03
F:/Desktop/DeepOnet_Abaqus/StaticElasticJob.odb,Step-1,Increment      1: Step Time =    1.000,"PLATE-1",           145,             1,  -253.286E-03,      -1.65859,            0.,"ASSEMBLY_PLATE-1__PICKEDSET2","ROCK","",  -998.789E-03,      -2.31008,      -2.31001,  -998.856E-03,   9.38483E-03
F:/Desktop/DeepOnet_Abaqus/StaticElasticJob.odb,Step-1,Increment      1: Step Time =    1.000,"PLATE-1",           146,             1,  -156.408E-03,      -1.65597,            0.,"ASSEMBLY_PLATE-1__PICKEDSET2","ROCK","",  -998.525E-03,      -2.31066,      -2.31061,  -998.581E-03,   8.63554E-03
F:/Desktop/DeepOnet_Abaqus/StaticElasticJob.odb,Step-1,Increment      1: Step Time =    1.000,"PLATE-1",           147,             1,  -263.245E-03,      -1.78290,            0.,"ASSEMBLY_PLATE-1__PICKEDSET2","ROCK","",      -1.00042,      -2.30279,      -2.30274,      -1.00046,   7.79437E-03
F:/Desktop/DeepOnet_Abaqus/StaticElasticJob.odb,Step-1,Increment      1: Step Time =    1.000,"PLATE-1",           148,             1,  -65.9586E-03,      -1.67242,            0.,"ASSEMBLY_PLATE-1__PICKEDSET2","ROCK","",  -998.148E-03,      -2.31002,      -2.30999,  -998.183E-03,   6.74974E-03
F:/Desktop/DeepOnet_Abaqus/StaticElasticJob.odb,Step-1,Increment      1: Step Time =    1.000,"PLATE-1",           149,             1,   151.919E-03,      -1.69156,            0.,"ASSEMBLY_PLATE-1__PICKEDSET2","ROCK","",  -995.809E-03,      -2.31033,      -2.31032,  -995.818E-03,   3.61321E-03
F:/Desktop/DeepOnet_Abaqus/StaticElasticJob.odb,Step-1,Increment      1: Step Time =    1.000,"PLATE-1",           150,             1,   344.439E-03,      -1.66767,            0.,"ASSEMBLY_PLATE-1__PICKEDSET2","ROCK","",  -992.032E-03,      -2.31080,      -2.31080,  -992.032E-03,  -126.738E-06
F:/Desktop/DeepOnet_Abaqus/StaticElasticJob.odb,Step-1,Increment      1: Step Time =    1.000,"PLATE-1",           151,             1,   440.771E-03,      -1.67982,            0.,"ASSEMBLY_PLATE-1__PICKEDSET2","ROCK","",  -990.872E-03,      -2.31007,      -2.31007,  -990.874E-03,  -1.67103E-03
F:/Desktop/DeepOnet_Abaqus/StaticElasticJob.odb,Step-1,Increment      1: Step Time =    1.000,"PLATE-1",           152,             1,   544.588E-03,      -1.68185,            0.,"ASSEMBLY_PLATE-1__PICKEDSET2","ROCK","",  -989.403E-03,      -2.30809,      -2.30808,  -989.414E-03,  -3.91743E-03
F:/Desktop/DeepOnet_Abaqus/StaticElasticJob.odb,Step-1,Increment      1: Step Time =    1.000,"PLATE-1",           153,             1,   651.226E-03,      -1.68624,            0.,"ASSEMBLY_PLATE-1__PICKEDSET2","ROCK","",  -987.805E-03,      -2.30627,      -2.30624,  -987.837E-03,  -6.51753E-03
F:/Desktop/DeepOnet_Abaqus/StaticElasticJob.odb,Step-1,Increment      1: Step Time =    1.000,"PLATE-1",           154,             1,       1.04860,      -1.65697,            0.,"ASSEMBLY_PLATE-1__PICKEDSET2","ROCK","",  -983.701E-03,      -2.29911,      -2.29891,  -983.900E-03,  -16.1868E-03
F:/Desktop/DeepOnet_Abaqus/StaticElasticJob.odb,Step-1,Increment      1: Step Time =    1.000,"PLATE-1",           155,             1,       1.14684,      -1.65609,            0.,"ASSEMBLY_PLATE-1__PICKEDSET2","ROCK","",  -983.942E-03,      -2.29643,      -2.29619,  -984.187E-03,  -17.9416E-03
F:/Desktop/DeepOnet_Abaqus/StaticElasticJob.odb,Step-1,Increment      1: Step Time =    1.000,"PLATE-1",           156,             1,       1.34368,      -1.67447,            0.,"ASSEMBLY_PLATE-1__PICKEDSET2","ROCK","",  -985.452E-03,      -2.29063,      -2.29030,  -985.786E-03,  -20.8799E-03
F:/Desktop/DeepOnet_Abaqus/StaticElasticJob.odb,Step-1,Increment      1: Step Time =    1.000,"PLATE-1",           157,             1,       1.55202,      -1.69621,            0.,"ASSEMBLY_PLATE-1__PICKEDSET2","ROCK","",  -988.147E-03,      -2.28466,      -2.28425,  -988.553E-03,  -22.9204E-03
F:/Desktop/DeepOnet_Abaqus/StaticElasticJob.odb,Step-1,Increment      1: Step Time =    1.000,"PLATE-1",           158,             1,      -1.70099,  -833.284E-03,            0.,"ASSEMBLY_PLATE-1__PICKEDSET2","ROCK","",      -1.01012,      -2.25819,      -2.25703,      -1.01127,   37.9439E-03
F:/Desktop/DeepOnet_Abaqus/StaticElasticJob.odb,Step-1,Increment      1: Step Time =    1.000,"PLATE-1",           159,             1,      -1.81392,   188.749E-03,            0.,"ASSEMBLY_PLATE-1__PICKEDSET2","ROCK","",      -1.03577,      -2.21252,      -2.21251,      -1.03577,  -2.85721E-03
F:/Desktop/DeepOnet_Abaqus/StaticElasticJob.odb,Step-1,Increment      1: Step Time =    1.000,"PLATE-1",           160,             1,       1.66612,   443.779E-03,            0.,"ASSEMBLY_PLATE-1__PICKEDSET2","ROCK","",      -1.03281,      -2.21335,      -2.21074,      -1.03542,   55.3554E-03
F:/Desktop/DeepOnet_Abaqus/StaticElasticJob.odb,Step-1,Increment      1: Step Time =    1.000,"PLATE-1",           161,             1,       1.82242,   520.596E-03,            0.,"ASSEMBLY_PLATE-1__PICKEDSET2","ROCK","",      -1.02644,      -2.22734,      -2.22567,      -1.02810,   44.6710E-03
F:/Desktop/DeepOnet_Abaqus/StaticElasticJob.odb,Step-1,Increment      1: Step Time =    1.000,"PLATE-1",           162,             1,      -1.66556,       1.04777,            0.,"ASSEMBLY_PLATE-1__PICKEDSET2","ROCK","",      -1.00350,      -2.25248,      -2.25149,      -1.00449,  -35.1992E-03
F:/Desktop/DeepOnet_Abaqus/StaticElasticJob.odb,Step-1,Increment      1: Step Time =    1.000,"PLATE-1",           163,             1,      -1.79545,   888.148E-03,            0.,"ASSEMBLY_PLATE-1__PICKEDSET2","ROCK","",      -1.01215,      -2.24244,      -2.24167,      -1.01292,  -30.9336E-03
F:/Desktop/DeepOnet_Abaqus/StaticElasticJob.odb,Step-1,Increment      1: Step Time =    1.000,"PLATE-1",           164,             1,      -1.83632,   784.361E-03,            0.,"ASSEMBLY_PLATE-1__PICKEDSET2","ROCK","",      -1.01612,      -2.23764,      -2.23698,      -1.01678,  -28.3319E-03
F:/Desktop/DeepOnet_Abaqus/StaticElasticJob.odb,Step-1,Increment      1: Step Time =    1.000,"PLATE-1",           165,             1,      -1.68724,   653.112E-03,            0.,"ASSEMBLY_PLATE-1__PICKEDSET2","ROCK","",      -1.02118,      -2.22635,      -2.22551,      -1.02202,  -31.8952E-03
F:/Desktop/DeepOnet_Abaqus/StaticElasticJob.odb,Step-1,Increment      1: Step Time =    1.000,"PLATE-1",           166,             1,      -1.73015,  -375.097E-03,            0.,"ASSEMBLY_PLATE-1__PICKEDSET2","ROCK","",      -1.02876,      -2.22696,      -2.22608,      -1.02964,   32.5666E-03
F:/Desktop/DeepOnet_Abaqus/StaticElasticJob.odb,Step-1,Increment      1: Step Time =    1.000,"PLATE-1",           167,             1,      -1.66353,   251.735E-03,            0.,"ASSEMBLY_PLATE-1__PICKEDSET2","ROCK","",      -1.03931,      -2.20322,      -2.20313,      -1.03940,  -10.5089E-03
F:/Desktop/DeepOnet_Abaqus/StaticElasticJob.odb,Step-1,Increment      1: Step Time =    1.000,"PLATE-1",           168,             1,      -1.65910,  -162.769E-03,            0.,"ASSEMBLY_PLATE-1__PICKEDSET2","ROCK","",      -1.03857,      -2.20930,      -2.20884,      -1.03903,   23.1842E-03
F:/Desktop/DeepOnet_Abaqus/StaticElasticJob.odb,Step-1,Increment      1: Step Time =    1.000,"PLATE-1",           169,             1,      -1.67412,  -530.869E-03,            0.,"ASSEMBLY_PLATE-1__PICKEDSET2","ROCK","",      -1.02176,      -2.23763,      -2.23641,      -1.02298,   38.5442E-03
F:/Desktop/DeepOnet_Abaqus/StaticElasticJob.odb,Step-1,Increment      1: Step Time =    1.000,"PLATE-1",           170,             1,      -1.90394,  -796.517E-03,            0.,"ASSEMBLY_PLATE-1__PICKEDSET2","ROCK","",      -1.01280,      -2.25454,      -2.25375,      -1.01359,   31.3546E-03
F:/Desktop/DeepOnet_Abaqus/StaticElasticJob.odb,Step-1,Increment      1: Step Time =    1.000,"PLATE-1",           171,             1,      -1.83746,  -572.537E-03,            0.,"ASSEMBLY_PLATE-1__PICKEDSET2","ROCK","",      -1.01991,      -2.24129,      -2.24036,      -1.02084,   33.7263E-03
F:/Desktop/DeepOnet_Abaqus/StaticElasticJob.odb,Step-1,Increment      1: Step Time =    1.000,"PLATE-1",           172,             1,      -1.89321,  -672.955E-03,            0.,"ASSEMBLY_PLATE-1__PICKEDSET2","ROCK","",      -1.01667,      -2.24838,      -2.24757,      -1.01747,   31.4686E-03
F:/Desktop/DeepOnet_Abaqus/StaticElasticJob.odb,Step-1,Increment      1: Step Time =    1.000,"PLATE-1",           173,             1,       1.05280,       1.67288,            0.,"ASSEMBLY_PLATE-1__PICKEDSET2","ROCK","",  -999.662E-03,      -2.29989,      -2.29968,  -999.871E-03,   16.4973E-03
F:/Desktop/DeepOnet_Abaqus/StaticElasticJob.odb,Step-1,Increment      1: Step Time =    1.000,"PLATE-1",           174,             1,   962.527E-03,       1.81853,            0.,"ASSEMBLY_PLATE-1__PICKEDSET2","ROCK","",      -1.00035,      -2.29744,      -2.29731,      -1.00048,   13.0724E-03
F:/Desktop/DeepOnet_Abaqus/StaticElasticJob.odb,Step-1,Increment      1: Step Time =    1.000,"PLATE-1",           175,             1,   864.421E-03,       1.83038,            0.,"ASSEMBLY_PLATE-1__PICKEDSET2","ROCK","",      -1.00018,      -2.29921,      -2.29908,      -1.00031,   12.9886E-03
F:/Desktop/DeepOnet_Abaqus/StaticElasticJob.odb,Step-1,Increment      1: Step Time =    1.000,"PLATE-1",           176,             1,   549.912E-03,       2.02539,            0.,"ASSEMBLY_PLATE-1__PICKEDSET2","ROCK","",  -998.796E-03,      -2.29602,      -2.29595,  -998.870E-03,   9.83969E-03
F:/Desktop/DeepOnet_Abaqus/StaticElasticJob.odb,Step-1,Increment      1: Step Time =    1.000,"PLATE-1",           177,             1,   648.669E-03,       1.68201,            0.,"ASSEMBLY_PLATE-1__PICKEDSET2","ROCK","",  -998.355E-03,      -2.30768,      -2.30751,  -998.521E-03,   14.7779E-03
F:/Desktop/DeepOnet_Abaqus/StaticElasticJob.odb,Step-1,Increment      1: Step Time =    1.000,"PLATE-1",           178,             1,   649.642E-03,       1.84420,            0.,"ASSEMBLY_PLATE-1__PICKEDSET2","ROCK","",  -999.306E-03,      -2.30108,      -2.30097,  -999.415E-03,   11.9430E-03
F:/Desktop/DeepOnet_Abaqus/StaticElasticJob.odb,Step-1,Increment      1: Step Time =    1.000,"PLATE-1",           179,             1,   532.751E-03,       1.85738,            0.,"ASSEMBLY_PLATE-1__PICKEDSET2","ROCK","",  -998.095E-03,      -2.30178,      -2.30168,  -998.192E-03,   11.2629E-03
F:/Desktop/DeepOnet_Abaqus/StaticElasticJob.odb,Step-1,Increment      1: Step Time =    1.000,"PLATE-1",           180,             1,   339.742E-03,       1.67685,            0.,"ASSEMBLY_PLATE-1__PICKEDSET2","ROCK","",  -993.410E-03,      -2.31326,      -2.31315,  -993.520E-03,   12.0450E-03
F:/Desktop/DeepOnet_Abaqus/StaticElasticJob.odb,Step-1,Increment      1: Step Time =    1.000,"PLATE-1",           181,             1,   17.7231E-03,       1.74957,            0.,"ASSEMBLY_PLATE-1__PICKEDSET2","ROCK","",  -988.256E-03,      -2.31053,      -2.31051,  -988.280E-03,   5.61939E-03
F:/Desktop/DeepOnet_Abaqus/StaticElasticJob.odb,Step-1,Increment      1: Step Time =    1.000,"PLATE-1",           182,             1,  -231.988E-03,       1.67100,            0.,"ASSEMBLY_PLATE-1__PICKEDSET2","ROCK","",  -981.660E-03,      -2.31266,      -2.31266,  -981.660E-03,  -803.923E-06
F:/Desktop/DeepOnet_Abaqus/StaticElasticJob.odb,Step-1,Increment      1: Step Time =    1.000,"PLATE-1",           183,             1,  -300.944E-03,       1.96258,            0.,"ASSEMBLY_PLATE-1__PICKEDSET2","ROCK","",  -986.663E-03,      -2.30067,      -2.30067,  -986.663E-03,  -99.0323E-06
F:/Desktop/DeepOnet_Abaqus/StaticElasticJob.odb,Step-1,Increment      1: Step Time =    1.000,"PLATE-1",           184,             1,  -710.235E-03,       1.99682,            0.,"ASSEMBLY_PLATE-1__PICKEDSET2","ROCK","",  -984.680E-03,      -2.29449,      -2.29445,  -984.723E-03,  -7.46812E-03
F:/Desktop/DeepOnet_Abaqus/StaticElasticJob.odb,Step-1,Increment      1: Step Time =    1.000,"PLATE-1",           185,             1,  -523.060E-03,       1.82588,            0.,"ASSEMBLY_PLATE-1__PICKEDSET2","ROCK","",  -981.836E-03,      -2.30214,      -2.30211,  -981.866E-03,  -6.27338E-03
F:/Desktop/DeepOnet_Abaqus/StaticElasticJob.odb,Step-1,Increment      1: Step Time =    1.000,"PLATE-1",           186,             1,  -626.874E-03,       1.83588,            0.,"ASSEMBLY_PLATE-1__PICKEDSET2","ROCK","",  -981.570E-03,      -2.29984,      -2.29979,  -981.622E-03,  -8.28143E-03
F:/Desktop/DeepOnet_Abaqus/StaticElasticJob.odb,Step-1,Increment      1: Step Time =    1.000,"PLATE-1",           187,             1,  -865.929E-03,       1.69701,            0.,"ASSEMBLY_PLATE-1__PICKEDSET2","ROCK","",  -979.351E-03,      -2.29590,      -2.29567,  -979.582E-03,  -17.4259E-03
F:/Desktop/DeepOnet_Abaqus/StaticElasticJob.odb,Step-1,Increment      1: Step Time =    1.000,"PLATE-1",           188,             1,  -739.607E-03,       1.85267,            0.,"ASSEMBLY_PLATE-1__PICKEDSET2","ROCK","",  -981.955E-03,      -2.29691,      -2.29683,  -982.037E-03,  -10.3830E-03
F:/Desktop/DeepOnet_Abaqus/StaticElasticJob.odb,Step-1,Increment      1: Step Time =    1.000,"PLATE-1",           189,             1,  -975.756E-03,       1.68163,            0.,"ASSEMBLY_PLATE-1__PICKEDSET2","ROCK","",  -980.506E-03,      -2.29225,      -2.29195,  -980.806E-03,  -19.8351E-03
F:/Desktop/DeepOnet_Abaqus/StaticElasticJob.odb,Step-1,Increment      1: Step Time =    1.000,"PLATE-1",           190,             1,      -1.06712,       1.80678,            0.,"ASSEMBLY_PLATE-1__PICKEDSET2","ROCK","",  -983.436E-03,      -2.28929,      -2.28906,  -983.665E-03,  -17.3243E-03
F:/Desktop/DeepOnet_Abaqus/StaticElasticJob.odb,Step-1,Increment      1: Step Time =    1.000,"PLATE-1",           191,             1,       1.67643,      -1.06174,            0.,"ASSEMBLY_PLATE-1__PICKEDSET2","ROCK","",  -991.968E-03,      -2.26706,      -2.26560,  -993.427E-03,  -43.0972E-03
F:/Desktop/DeepOnet_Abaqus/StaticElasticJob.odb,Step-1,Increment      1: Step Time =    1.000,"PLATE-1",           192,             1,       1.83207,  -978.326E-03,            0.,"ASSEMBLY_PLATE-1__PICKEDSET2","ROCK","",  -998.810E-03,      -2.25837,      -2.25701,      -1.00017,  -41.3562E-03
F:/Desktop/DeepOnet_Abaqus/StaticElasticJob.odb,Step-1,Increment      1: Step Time =    1.000,"PLATE-1",           193,             1,       1.84032,  -871.999E-03,            0.,"ASSEMBLY_PLATE-1__PICKEDSET2","ROCK","",      -1.00318,      -2.25019,      -2.24868,      -1.00469,  -43.4407E-03
F:/Desktop/DeepOnet_Abaqus/StaticElasticJob.odb,Step-1,Increment      1: Step Time =    1.000,"PLATE-1",           194,             1,       1.75546,  -349.511E-03,            0.,"ASSEMBLY_PLATE-1__PICKEDSET2","ROCK","",      -1.03328,      -2.19865,      -2.19734,      -1.03460,  -39.1699E-03
F:/Desktop/DeepOnet_Abaqus/StaticElasticJob.odb,Step-1,Increment      1: Step Time =    1.000,"PLATE-1",           195,             1,       1.69387,  -629.315E-03,            0.,"ASSEMBLY_PLATE-1__PICKEDSET2","ROCK","",      -1.01159,      -2.23049,      -2.22832,      -1.01376,  -51.4708E-03
F:/Desktop/DeepOnet_Abaqus/StaticElasticJob.odb,Step-1,Increment      1: Step Time =    1.000,"PLATE-1",           196,             1,       1.65446,  -348.225E-03,            0.,"ASSEMBLY_PLATE-1__PICKEDSET2","ROCK","",      -1.03310,      -2.19460,      -2.19280,      -1.03490,  -45.6782E-03
F:/Desktop/DeepOnet_Abaqus/StaticElasticJob.odb,Step-1,Increment      1: Step Time =    1.000,"PLATE-1",           197,             1,       1.88427,   355.222E-03,            0.,"ASSEMBLY_PLATE-1__PICKEDSET2","ROCK","",      -1.03529,      -2.21401,      -2.21296,      -1.03634,   35.2735E-03
F:/Desktop/DeepOnet_Abaqus/StaticElasticJob.odb,Step-1,Increment      1: Step Time =    1.000,"PLATE-1",           198,             1,       1.77872,   337.670E-03,            0.,"ASSEMBLY_PLATE-1__PICKEDSET2","ROCK","",      -1.04009,      -2.20305,      -2.20173,      -1.04142,   39.2596E-03
F:/Desktop/DeepOnet_Abaqus/StaticElasticJob.odb,Step-1,Increment      1: Step Time =    1.000,"PLATE-1",           199,             1,       1.81586,  -43.0055E-03,            0.,"ASSEMBLY_PLATE-1__PICKEDSET2","ROCK","",      -1.04733,      -2.18729,      -2.18727,      -1.04735,  -4.65425E-03
F:/Desktop/DeepOnet_Abaqus/StaticElasticJob.odb,Step-1,Increment      1: Step Time =    1.000,"PLATE-1",           200,             1,       1.82235,   626.694E-03,            0.,"ASSEMBLY_PLATE-1__PICKEDSET2","ROCK","",      -1.01864,      -2.24272,      -2.24099,      -1.02037,   45.9814E-03
F:/Desktop/DeepOnet_Abaqus/StaticElasticJob.odb,Step-1,Increment      1: Step Time =    1.000,"PLATE-1",           201,             1,       1.68113,   844.973E-03,            0.,"ASSEMBLY_PLATE-1__PICKEDSET2","ROCK","",      -1.00470,      -2.26789,      -2.26592,      -1.00668,   49.8889E-03
F:/Desktop/DeepOnet_Abaqus/StaticElasticJob.odb,Step-1,Increment      1: Step Time =    1.000,"PLATE-1",           202,             1,       2.02294,   817.213E-03,            0.,"ASSEMBLY_PLATE-1__PICKEDSET2","ROCK","",      -1.01218,      -2.25537,      -2.25418,      -1.01337,   38.4672E-03
F:/Desktop/DeepOnet_Abaqus/StaticElasticJob.odb,Step-1,Increment      1: Step Time =    1.000,"PLATE-1",           203,             1,       1.84616,   944.628E-03,            0.,"ASSEMBLY_PLATE-1__PICKEDSET2","ROCK","",      -1.00548,      -2.26758,      -2.26629,      -1.00677,   40.3123E-03
F:/Desktop/DeepOnet_Abaqus/StaticElasticJob.odb,Step-1,Increment      1: Step Time =    1.000,"PLATE-1",           204,             1,  -946.429E-03,      -1.67418,            0.,"ASSEMBLY_PLATE-1__PICKEDSET2","ROCK","",  -997.805E-03,      -2.29616,      -2.29595,  -998.012E-03,   16.3811E-03
F:/Desktop/DeepOnet_Abaqus/StaticElasticJob.odb,Step-1,Increment      1: Step Time =    1.000,"PLATE-1",           205,             1,  -717.458E-03,      -1.86026,            0.,"ASSEMBLY_PLATE-1__PICKEDSET2","ROCK","",      -1.00039,      -2.29594,      -2.29585,      -1.00048,   10.5141E-03
F:/Desktop/DeepOnet_Abaqus/StaticElasticJob.odb,Step-1,Increment      1: Step Time =    1.000,"PLATE-1",           206,             1,  -586.076E-03,      -1.85552,            0.,"ASSEMBLY_PLATE-1__PICKEDSET2","ROCK","",      -1.00077,      -2.29777,      -2.29770,      -1.00084,   9.79949E-03
F:/Desktop/DeepOnet_Abaqus/StaticElasticJob.odb,Step-1,Increment      1: Step Time =    1.000,"PLATE-1",           207,             1,  -348.840E-03,      -1.64988,            0.,"ASSEMBLY_PLATE-1__PICKEDSET2","ROCK","",  -999.074E-03,      -2.30827,      -2.30819,  -999.152E-03,   10.1403E-03
F:/Desktop/DeepOnet_Abaqus/StaticElasticJob.odb,Step-1,Increment      1: Step Time =    1.000,"PLATE-1",           208,             1,   253.088E-03,      -1.67054,            0.,"ASSEMBLY_PLATE-1__PICKEDSET2","ROCK","",  -994.328E-03,      -2.31043,      -2.31043,  -994.332E-03,   2.04013E-03
F:/Desktop/DeepOnet_Abaqus/StaticElasticJob.odb,Step-1,Increment      1: Step Time =    1.000,"PLATE-1",           209,             1,   573.369E-03,      -1.97160,            0.,"ASSEMBLY_PLATE-1__PICKEDSET2","ROCK","",  -994.164E-03,      -2.29825,      -2.29825,  -994.167E-03,  -1.94756E-03
F:/Desktop/DeepOnet_Abaqus/StaticElasticJob.odb,Step-1,Increment      1: Step Time =    1.000,"PLATE-1",           210,             1,   534.942E-03,      -1.83638,            0.,"ASSEMBLY_PLATE-1__PICKEDSET2","ROCK","",  -992.676E-03,      -2.30256,      -2.30256,  -992.679E-03,  -2.13599E-03
F:/Desktop/DeepOnet_Abaqus/StaticElasticJob.odb,Step-1,Increment      1: Step Time =    1.000,"PLATE-1",           211,             1,   763.204E-03,      -1.69312,            0.,"ASSEMBLY_PLATE-1__PICKEDSET2","ROCK","",  -986.408E-03,      -2.30416,      -2.30410,  -986.472E-03,  -9.15815E-03
F:/Desktop/DeepOnet_Abaqus/StaticElasticJob.odb,Step-1,Increment      1: Step Time =    1.000,"PLATE-1",           212,             1,   641.272E-03,      -1.84807,            0.,"ASSEMBLY_PLATE-1__PICKEDSET2","ROCK","",  -991.224E-03,      -2.30085,      -2.30084,  -991.238E-03,  -4.23221E-03
F:/Desktop/DeepOnet_Abaqus/StaticElasticJob.odb,Step-1,Increment      1: Step Time =    1.000,"PLATE-1",           213,             1,       1.05938,      -1.89087,            0.,"ASSEMBLY_PLATE-1__PICKEDSET2","ROCK","",  -988.730E-03,      -2.29311,      -2.29300,  -988.833E-03,  -11.6176E-03
F:/Desktop/DeepOnet_Abaqus/StaticElasticJob.odb,Step-1,Increment      1: Step Time =    1.000,"PLATE-1",           214,             1,   953.691E-03,      -1.65514,            0.,"ASSEMBLY_PLATE-1__PICKEDSET2","ROCK","",  -984.068E-03,      -2.30084,      -2.30067,  -984.229E-03,  -14.5658E-03
F:/Desktop/DeepOnet_Abaqus/StaticElasticJob.odb,Step-1,Increment      1: Step Time =    1.000,"PLATE-1",           215,             1,   936.032E-03,      -1.76052,            0.,"ASSEMBLY_PLATE-1__PICKEDSET2","ROCK","",  -986.151E-03,      -2.30002,      -2.29993,  -986.248E-03,  -11.2503E-03
F:/Desktop/DeepOnet_Abaqus/StaticElasticJob.odb,Step-1,Increment      1: Step Time =    1.000,"PLATE-1",           216,             1,       1.04512,      -1.77010,            0.,"ASSEMBLY_PLATE-1__PICKEDSET2","ROCK","",  -986.279E-03,      -2.29696,      -2.29683,  -986.407E-03,  -12.9748E-03
F:/Desktop/DeepOnet_Abaqus/StaticElasticJob.odb,Step-1,Increment      1: Step Time =    1.000,"PLATE-1",           217,             1,   919.679E-03,      -1.90945,            0.,"ASSEMBLY_PLATE-1__PICKEDSET2","ROCK","",  -989.776E-03,      -2.29588,      -2.29583,  -989.828E-03,  -8.19845E-03
F:/Desktop/DeepOnet_Abaqus/StaticElasticJob.odb,Step-1,Increment      1: Step Time =    1.000,"PLATE-1",           218,             1,      -1.68119,   151.648E-03,            0.,"ASSEMBLY_PLATE-1__PICKEDSET2","ROCK","",      -1.04079,      -2.20305,      -2.20305,      -1.04079,  -1.08017E-03
F:/Desktop/DeepOnet_Abaqus/StaticElasticJob.odb,Step-1,Increment      1: Step Time =    1.000,"PLATE-1",           219,             1,      -1.84653,  -659.220E-06,            0.,"ASSEMBLY_PLATE-1__PICKEDSET2","ROCK","",      -1.03553,      -2.21498,      -2.21489,      -1.03561,   9.80824E-03
F:/Desktop/DeepOnet_Abaqus/StaticElasticJob.odb,Step-1,Increment      1: Step Time =    1.000,"PLATE-1",           220,             1,   422.262E-03,       1.84422,            0.,"ASSEMBLY_PLATE-1__PICKEDSET2","ROCK","",  -996.608E-03,      -2.30398,      -2.30389,  -996.697E-03,   10.7526E-03
F:/Desktop/DeepOnet_Abaqus/StaticElasticJob.odb,Step-1,Increment      1: Step Time =    1.000,"PLATE-1",           221,             1,  -50.4099E-03,       1.64289,            0.,"ASSEMBLY_PLATE-1__PICKEDSET2","ROCK","",  -984.244E-03,      -2.31662,      -2.31661,  -984.255E-03,   3.78234E-03
F:/Desktop/DeepOnet_Abaqus/StaticElasticJob.odb,Step-1,Increment      1: Step Time =    1.000,"PLATE-1",           222,             1,  -602.924E-03,       1.98714,            0.,"ASSEMBLY_PLATE-1__PICKEDSET2","ROCK","",  -984.975E-03,      -2.29631,      -2.29629,  -984.997E-03,  -5.38121E-03
F:/Desktop/DeepOnet_Abaqus/StaticElasticJob.odb,Step-1,Increment      1: Step Time =    1.000,"PLATE-1",           223,             1,  -266.961E-03,       2.10982,            0.,"ASSEMBLY_PLATE-1__PICKEDSET2","ROCK","",  -990.127E-03,      -2.29602,      -2.29602,  -990.129E-03,   1.58567E-03
F:/Desktop/DeepOnet_Abaqus/StaticElasticJob.odb,Step-1,Increment      1: Step Time =    1.000,"PLATE-1",           224,             1,  -74.4143E-03,       1.72292,            0.,"ASSEMBLY_PLATE-1__PICKEDSET2","ROCK","",  -985.711E-03,      -2.31098,      -2.31097,  -985.719E-03,   3.15244E-03
F:/Desktop/DeepOnet_Abaqus/StaticElasticJob.odb,Step-1,Increment      1: Step Time =    1.000,"PLATE-1",           225,             1,       1.83386,  -159.181E-03,            0.,"ASSEMBLY_PLATE-1__PICKEDSET2","ROCK","",      -1.04321,      -2.19079,      -2.19054,      -1.04345,  -16.7224E-03
F:/Desktop/DeepOnet_Abaqus/StaticElasticJob.odb,Step-1,Increment      1: Step Time =    1.000,"PLATE-1",           226,             1,       1.66446,   48.5326E-03,            0.,"ASSEMBLY_PLATE-1__PICKEDSET2","ROCK","",      -1.05873,      -2.16543,      -2.16539,      -1.05878,   7.04673E-03
F:/Desktop/DeepOnet_Abaqus/StaticElasticJob.odb,Step-1,Increment      1: Step Time =    1.000,"PLATE-1",           227,             1,       1.98019,   523.446E-03,            0.,"ASSEMBLY_PLATE-1__PICKEDSET2","ROCK","",      -1.02552,      -2.23258,      -2.23152,      -1.02658,   35.7362E-03
F:/Desktop/DeepOnet_Abaqus/StaticElasticJob.odb,Step-1,Increment      1: Step Time =    1.000,"PLATE-1",           228,             1,       1.78876,   50.2830E-03,            0.,"ASSEMBLY_PLATE-1__PICKEDSET2","ROCK","",      -1.05028,      -2.18213,      -2.18207,      -1.05034,   7.89631E-03
F:/Desktop/DeepOnet_Abaqus/StaticElasticJob.odb,Step-1,Increment      1: Step Time =    1.000,"PLATE-1",           229,             1,   25.6462E-03,      -1.90132,            0.,"ASSEMBLY_PLATE-1__PICKEDSET2","ROCK","",  -999.775E-03,      -2.30039,      -2.30038,  -999.790E-03,   4.34147E-03
F:/Desktop/DeepOnet_Abaqus/StaticElasticJob.odb,Step-1,Increment      1: Step Time =    1.000,"PLATE-1",           230,             1,   37.1497E-03,      -1.69603,            0.,"ASSEMBLY_PLATE-1__PICKEDSET2","ROCK","",  -997.066E-03,      -2.31010,      -2.31008,  -997.085E-03,   5.05715E-03
F:/Desktop/DeepOnet_Abaqus/StaticElasticJob.odb,Step-1,Increment      1: Step Time =    1.000,"PLATE-1",           231,             1,  -141.500E-03,      -1.76221,            0.,"ASSEMBLY_PLATE-1__PICKEDSET2","ROCK","",  -999.702E-03,      -2.30533,      -2.30530,  -999.735E-03,   6.53157E-03
F:/Desktop/DeepOnet_Abaqus/StaticElasticJob.odb,Step-1,Increment      1: Step Time =    1.000,"PLATE-1",           232,             1,      -1.82156,   423.953E-03,            0.,"ASSEMBLY_PLATE-1__PICKEDSET2","ROCK","",      -1.02980,      -2.21976,      -2.21955,      -1.03001,  -15.7860E-03
F:/Desktop/DeepOnet_Abaqus/StaticElasticJob.odb,Step-1,Increment      1: Step Time =    1.000,"PLATE-1",           233,             1,      -1.78495,   326.537E-03,            0.,"ASSEMBLY_PLATE-1__PICKEDSET2","ROCK","",      -1.03403,      -2.21309,      -2.21298,      -1.03414,  -11.2443E-03
F:/Desktop/DeepOnet_Abaqus/StaticElasticJob.odb,Step-1,Increment      1: Step Time =    1.000,"PLATE-1",           234,             1,      -1.89386,   271.452E-03,            0.,"ASSEMBLY_PLATE-1__PICKEDSET2","ROCK","",      -1.03254,      -2.21847,      -2.21844,      -1.03257,  -5.90047E-03
F:/Desktop/DeepOnet_Abaqus/StaticElasticJob.odb,Step-1,Increment      1: Step Time =    1.000,"PLATE-1",           235,             1,      -1.84976,  -278.305E-03,            0.,"ASSEMBLY_PLATE-1__PICKEDSET2","ROCK","",      -1.02918,      -2.22656,      -2.22610,      -1.02964,   23.6028E-03
F:/Desktop/DeepOnet_Abaqus/StaticElasticJob.odb,Step-1,Increment      1: Step Time =    1.000,"PLATE-1",           236,             1,       1.77566,  -509.973E-03,            0.,"ASSEMBLY_PLATE-1__PICKEDSET2","ROCK","",      -1.01963,      -2.21942,      -2.21765,      -1.02141,  -46.1381E-03
F:/Desktop/DeepOnet_Abaqus/StaticElasticJob.odb,Step-1,Increment      1: Step Time =    1.000,"PLATE-1",           237,             1,       1.75667,  -431.015E-03,            0.,"ASSEMBLY_PLATE-1__PICKEDSET2","ROCK","",      -1.02657,      -2.21075,      -2.20933,      -1.02799,  -40.9548E-03
F:/Desktop/DeepOnet_Abaqus/StaticElasticJob.odb,Step-1,Increment      1: Step Time =    1.000,"PLATE-1",           238,             1,  -459.185E-03,      -1.81947,            0.,"ASSEMBLY_PLATE-1__PICKEDSET2","ROCK","",      -1.00087,      -2.30006,      -2.29999,      -1.00094,   9.34444E-03
F:/Desktop/DeepOnet_Abaqus/StaticElasticJob.odb,Step-1,Increment      1: Step Time =    1.000,"PLATE-1",           239,             1,      -1.70187,       1.56513,            0.,"ASSEMBLY_PLATE-1__PICKEDSET2","ROCK","",  -995.189E-03,      -2.26995,      -2.26948,  -995.662E-03,  -24.5549E-03
F:/Desktop/DeepOnet_Abaqus/StaticElasticJob.odb,Step-1,Increment      1: Step Time =    1.000,"PLATE-1",           240,             1,      -1.83473,       1.30648,            0.,"ASSEMBLY_PLATE-1__PICKEDSET2","ROCK","",      -1.00100,      -2.26087,      -2.26026,      -1.00161,  -27.7092E-03
F:/Desktop/DeepOnet_Abaqus/StaticElasticJob.odb,Step-1,Increment      1: Step Time =    1.000,"PLATE-1",           241,             1,      -1.91473,   962.347E-03,            0.,"ASSEMBLY_PLATE-1__PICKEDSET2","ROCK","",      -1.01113,      -2.24670,      -2.24611,      -1.01173,  -27.1652E-03
F:/Desktop/DeepOnet_Abaqus/StaticElasticJob.odb,Step-1,Increment      1: Step Time =    1.000,"PLATE-1",           242,             1,      -1.90600,      -1.04503,            0.,"ASSEMBLY_PLATE-1__PICKEDSET2","ROCK","",      -1.00649,      -2.26508,      -2.26437,      -1.00720,   29.7297E-03
F:/Desktop/DeepOnet_Abaqus/StaticElasticJob.odb,Step-1,Increment      1: Step Time =    1.000,"PLATE-1",           243,             1,      -1.87263,      -1.15828,            0.,"ASSEMBLY_PLATE-1__PICKEDSET2","ROCK","",      -1.00437,      -2.26894,      -2.26828,      -1.00503,   29.0112E-03
F:/Desktop/DeepOnet_Abaqus/StaticElasticJob.odb,Step-1,Increment      1: Step Time =    1.000,"PLATE-1",           244,             1,      -1.69092,      -1.46657,            0.,"ASSEMBLY_PLATE-1__PICKEDSET2","ROCK","",      -1.00016,      -2.27777,      -2.27731,      -1.00063,   24.2467E-03
F:/Desktop/DeepOnet_Abaqus/StaticElasticJob.odb,Step-1,Increment      1: Step Time =    1.000,"PLATE-1",           245,             1,      -1.85574,      -1.26246,            0.,"ASSEMBLY_PLATE-1__PICKEDSET2","ROCK","",      -1.00305,      -2.27102,      -2.27044,      -1.00363,   27.0259E-03
F:/Desktop/DeepOnet_Abaqus/StaticElasticJob.odb,Step-1,Increment      1: Step Time =    1.000,"PLATE-1",           246,             1,      -1.69352,      -1.58478,            0.,"ASSEMBLY_PLATE-1__PICKEDSET2","ROCK","",  -999.878E-03,      -2.27860,      -2.27823,      -1.00025,   21.7189E-03
F:/Desktop/DeepOnet_Abaqus/StaticElasticJob.odb,Step-1,Increment      1: Step Time =    1.000,"PLATE-1",           247,             1,   660.762E-03,       1.99676,            0.,"ASSEMBLY_PLATE-1__PICKEDSET2","ROCK","",      -1.00009,      -2.29611,      -2.29602,      -1.00018,   10.6456E-03
F:/Desktop/DeepOnet_Abaqus/StaticElasticJob.odb,Step-1,Increment      1: Step Time =    1.000,"PLATE-1",           248,             1,       1.25278,       1.80369,            0.,"ASSEMBLY_PLATE-1__PICKEDSET2","ROCK","",  -999.693E-03,      -2.29245,      -2.29229,  -999.853E-03,   14.3962E-03
F:/Desktop/DeepOnet_Abaqus/StaticElasticJob.odb,Step-1,Increment      1: Step Time =    1.000,"PLATE-1",           249,             1,       1.15737,       1.82086,            0.,"ASSEMBLY_PLATE-1__PICKEDSET2","ROCK","",  -999.792E-03,      -2.29353,      -2.29338,  -999.938E-03,   13.7530E-03
F:/Desktop/DeepOnet_Abaqus/StaticElasticJob.odb,Step-1,Increment      1: Step Time =    1.000,"PLATE-1",           250,             1,   882.897E-03,       1.99354,            0.,"ASSEMBLY_PLATE-1__PICKEDSET2","ROCK","",      -1.00044,      -2.29305,      -2.29295,      -1.00053,   10.9278E-03
F:/Desktop/DeepOnet_Abaqus/StaticElasticJob.odb,Step-1,Increment      1: Step Time =    1.000,"PLATE-1",           251,             1,  -828.956E-03,       2.05081,            0.,"ASSEMBLY_PLATE-1__PICKEDSET2","ROCK","",  -985.652E-03,      -2.29201,      -2.29196,  -985.701E-03,  -8.02434E-03
F:/Desktop/DeepOnet_Abaqus/StaticElasticJob.odb,Step-1,Increment      1: Step Time =    1.000,"PLATE-1",           252,             1,      -1.22213,       1.75264,            0.,"ASSEMBLY_PLATE-1__PICKEDSET2","ROCK","",  -984.801E-03,      -2.28523,      -2.28489,  -985.138E-03,  -20.9347E-03
F:/Desktop/DeepOnet_Abaqus/StaticElasticJob.odb,Step-1,Increment      1: Step Time =    1.000,"PLATE-1",           253,             1,      -1.43922,       1.66759,            0.,"ASSEMBLY_PLATE-1__PICKEDSET2","ROCK","",  -988.632E-03,      -2.27845,      -2.27801,  -989.070E-03,  -23.7741E-03
F:/Desktop/DeepOnet_Abaqus/StaticElasticJob.odb,Step-1,Increment      1: Step Time =    1.000,"PLATE-1",           254,             1,      -1.31881,       1.76268,            0.,"ASSEMBLY_PLATE-1__PICKEDSET2","ROCK","",  -986.592E-03,      -2.28259,      -2.28225,  -986.931E-03,  -20.9753E-03
F:/Desktop/DeepOnet_Abaqus/StaticElasticJob.odb,Step-1,Increment      1: Step Time =    1.000,"PLATE-1",           255,             1,      -1.51917,       2.12653,            0.,"ASSEMBLY_PLATE-1__PICKEDSET2","ROCK","",  -992.062E-03,      -2.27847,      -2.27832,  -992.211E-03,  -13.8190E-03
F:/Desktop/DeepOnet_Abaqus/StaticElasticJob.odb,Step-1,Increment      1: Step Time =    1.000,"PLATE-1",           256,             1,      -1.54463,       1.68771,            0.,"ASSEMBLY_PLATE-1__PICKEDSET2","ROCK","",  -991.331E-03,      -2.27550,      -2.27508,  -991.743E-03,  -23.0149E-03
F:/Desktop/DeepOnet_Abaqus/StaticElasticJob.odb,Step-1,Increment      1: Step Time =    1.000,"PLATE-1",           257,             1,       1.77808,      -1.45659,            0.,"ASSEMBLY_PLATE-1__PICKEDSET2","ROCK","",  -990.591E-03,      -2.27734,      -2.27667,  -991.267E-03,  -29.4991E-03
F:/Desktop/DeepOnet_Abaqus/StaticElasticJob.odb,Step-1,Increment      1: Step Time =    1.000,"PLATE-1",           258,             1,       1.97227,  -979.340E-03,            0.,"ASSEMBLY_PLATE-1__PICKEDSET2","ROCK","",      -1.00414,      -2.25400,      -2.25293,      -1.00521,  -36.5283E-03
F:/Desktop/DeepOnet_Abaqus/StaticElasticJob.odb,Step-1,Increment      1: Step Time =    1.000,"PLATE-1",           259,             1,       1.79750,      -1.28246,            0.,"ASSEMBLY_PLATE-1__PICKEDSET2","ROCK","",  -992.549E-03,      -2.27186,      -2.27092,  -993.495E-03,  -34.7710E-03
F:/Desktop/DeepOnet_Abaqus/StaticElasticJob.odb,Step-1,Increment      1: Step Time =    1.000,"PLATE-1",           260,             1,       1.83218,      -1.08712,            0.,"ASSEMBLY_PLATE-1__PICKEDSET2","ROCK","",  -996.346E-03,      -2.26287,      -2.26162,  -997.591E-03,  -39.6988E-03
F:/Desktop/DeepOnet_Abaqus/StaticElasticJob.odb,Step-1,Increment      1: Step Time =    1.000,"PLATE-1",           261,             1,       1.84227,       1.05838,            0.,"ASSEMBLY_PLATE-1__PICKEDSET2","ROCK","",      -1.00257,      -2.27387,      -2.27286,      -1.00358,   35.7027E-03
F:/Desktop/DeepOnet_Abaqus/StaticElasticJob.odb,Step-1,Increment      1: Step Time =    1.000,"PLATE-1",           262,             1,       1.82996,       1.17389,            0.,"ASSEMBLY_PLATE-1__PICKEDSET2","ROCK","",      -1.00017,      -2.27917,      -2.27833,      -1.00101,   32.7412E-03
F:/Desktop/DeepOnet_Abaqus/StaticElasticJob.odb,Step-1,Increment      1: Step Time =    1.000,"PLATE-1",           263,             1,       1.66516,       1.44407,            0.,"ASSEMBLY_PLATE-1__PICKEDSET2","ROCK","",  -997.682E-03,      -2.28803,      -2.28757,  -998.143E-03,   24.3913E-03
F:/Desktop/DeepOnet_Abaqus/StaticElasticJob.odb,Step-1,Increment      1: Step Time =    1.000,"PLATE-1",           264,             1,       1.97914,       1.51689,            0.,"ASSEMBLY_PLATE-1__PICKEDSET2","ROCK","",      -1.00032,      -2.27946,      -2.27907,      -1.00070,   22.2407E-03
F:/Desktop/DeepOnet_Abaqus/StaticElasticJob.odb,Step-1,Increment      1: Step Time =    1.000,"PLATE-1",           265,             1,       1.67622,       1.54942,            0.,"ASSEMBLY_PLATE-1__PICKEDSET2","ROCK","",  -998.307E-03,      -2.28703,      -2.28666,  -998.674E-03,   21.7435E-03
F:/Desktop/DeepOnet_Abaqus/StaticElasticJob.odb,Step-1,Increment      1: Step Time =    1.000,"PLATE-1",           266,             1,      -1.54282,      -1.70266,            0.,"ASSEMBLY_PLATE-1__PICKEDSET2","ROCK","",  -999.062E-03,      -2.28184,      -2.28155,  -999.353E-03,   19.3097E-03
F:/Desktop/DeepOnet_Abaqus/StaticElasticJob.odb,Step-1,Increment      1: Step Time =    1.000,"PLATE-1",           267,             1,      -1.49370,      -1.89466,            0.,"ASSEMBLY_PLATE-1__PICKEDSET2","ROCK","",  -999.752E-03,      -2.28175,      -2.28156,  -999.939E-03,   15.4763E-03
F:/Desktop/DeepOnet_Abaqus/StaticElasticJob.odb,Step-1,Increment      1: Step Time =    1.000,"PLATE-1",           268,             1,      -1.14627,      -1.66431,            0.,"ASSEMBLY_PLATE-1__PICKEDSET2","ROCK","",  -997.762E-03,      -2.29119,      -2.29092,  -998.031E-03,   18.6505E-03
F:/Desktop/DeepOnet_Abaqus/StaticElasticJob.odb,Step-1,Increment      1: Step Time =    1.000,"PLATE-1",           269,             1,      -1.23336,      -1.79025,            0.,"ASSEMBLY_PLATE-1__PICKEDSET2","ROCK","",  -998.802E-03,      -2.28785,      -2.28764,  -999.013E-03,   16.4905E-03
F:/Desktop/DeepOnet_Abaqus/StaticElasticJob.odb,Step-1,Increment      1: Step Time =    1.000,"PLATE-1",           270,             1,      -1.01937,      -1.92608,            0.,"ASSEMBLY_PLATE-1__PICKEDSET2","ROCK","",  -999.940E-03,      -2.28936,      -2.28923,      -1.00006,   12.6893E-03
F:/Desktop/DeepOnet_Abaqus/StaticElasticJob.odb,Step-1,Increment      1: Step Time =    1.000,"PLATE-1",           271,             1,       1.24468,      -1.66169,            0.,"ASSEMBLY_PLATE-1__PICKEDSET2","ROCK","",  -984.564E-03,      -2.29298,      -2.29268,  -984.864E-03,  -19.8043E-03
F:/Desktop/DeepOnet_Abaqus/StaticElasticJob.odb,Step-1,Increment      1: Step Time =    1.000,"PLATE-1",           272,             1,       1.14122,      -1.76091,            0.,"ASSEMBLY_PLATE-1__PICKEDSET2","ROCK","",  -985.928E-03,      -2.29460,      -2.29442,  -986.105E-03,  -15.2103E-03
F:/Desktop/DeepOnet_Abaqus/StaticElasticJob.odb,Step-1,Increment      1: Step Time =    1.000,"PLATE-1",           273,             1,       1.31664,      -1.82370,            0.,"ASSEMBLY_PLATE-1__PICKEDSET2","ROCK","",  -987.480E-03,      -2.28955,      -2.28932,  -987.706E-03,  -17.1699E-03
F:/Desktop/DeepOnet_Abaqus/StaticElasticJob.odb,Step-1,Increment      1: Step Time =    1.000,"PLATE-1",           274,             1,      -1.90335,      -1.82859,            0.,"ASSEMBLY_PLATE-1__PICKEDSET2","ROCK","",      -1.00088,      -2.27555,      -2.27532,      -1.00111,   16.9535E-03
F:/Desktop/DeepOnet_Abaqus/StaticElasticJob.odb,Step-1,Increment      1: Step Time =    1.000,"PLATE-1",           275,             1,       1.82338,       1.52940,            0.,"ASSEMBLY_PLATE-1__PICKEDSET2","ROCK","",  -998.413E-03,      -2.28441,      -2.28401,  -998.814E-03,   22.7039E-03
F:/Desktop/DeepOnet_Abaqus/StaticElasticJob.odb,Step-1,Increment      1: Step Time =    1.000,"PLATE-1",           276,             1,      -1.70347,       1.72708,            0.,"ASSEMBLY_PLATE-1__PICKEDSET2","ROCK","",  -994.029E-03,      -2.27258,      -2.27221,  -994.398E-03,  -21.7190E-03
F:/Desktop/DeepOnet_Abaqus/StaticElasticJob.odb,Step-1,Increment      1: Step Time =    1.000,"PLATE-1",           277,             1,      -2.04401,       1.45248,            0.,"ASSEMBLY_PLATE-1__PICKEDSET2","ROCK","",      -1.00227,      -2.26234,      -2.26194,      -1.00268,  -22.5395E-03
F:/Desktop/DeepOnet_Abaqus/StaticElasticJob.odb,Step-1,Increment      1: Step Time =    1.000,"PLATE-1",           278,             1,      -1.69053,      -1.76069,            0.,"ASSEMBLY_PLATE-1__PICKEDSET2","ROCK","",  -999.889E-03,      -2.27911,      -2.27885,      -1.00015,   18.3116E-03
F:/Desktop/DeepOnet_Abaqus/StaticElasticJob.odb,Step-1,Increment      1: Step Time =    1.000,"PLATE-1",           279,             1,      -1.39921,      -1.81911,            0.,"ASSEMBLY_PLATE-1__PICKEDSET2","ROCK","",  -999.217E-03,      -2.28446,      -2.28425,  -999.427E-03,   16.4202E-03
F:/Desktop/DeepOnet_Abaqus/StaticElasticJob.odb,Step-1,Increment      1: Step Time =    1.000,"PLATE-1",           280,             1,      -1.65513,       1.93323,            0.,"ASSEMBLY_PLATE-1__PICKEDSET2","ROCK","",  -993.172E-03,      -2.27550,      -2.27526,  -993.417E-03,  -17.7274E-03
F:/Desktop/DeepOnet_Abaqus/StaticElasticJob.odb,Step-1,Increment      1: Step Time =    1.000,"PLATE-1",           281,             1,      -1.86727,      -1.48803,            0.,"ASSEMBLY_PLATE-1__PICKEDSET2","ROCK","",      -1.00147,      -2.27430,      -2.27388,      -1.00190,   23.3486E-03
F:/Desktop/DeepOnet_Abaqus/StaticElasticJob.odb,Step-1,Increment      1: Step Time =    1.000,"PLATE-1",           282,             1,      -2.03221,      -1.48473,            0.,"ASSEMBLY_PLATE-1__PICKEDSET2","ROCK","",      -1.00252,      -2.27190,      -2.27149,      -1.00293,   22.6984E-03
F:/Desktop/DeepOnet_Abaqus/StaticElasticJob.odb,Step-1,Increment      1: Step Time =    1.000,"PLATE-1",           283,             1,       1.87696,       1.66168,            0.,"ASSEMBLY_PLATE-1__PICKEDSET2","ROCK","",      -1.00003,      -2.28115,      -2.28087,      -1.00032,   19.1365E-03
F:/Desktop/DeepOnet_Abaqus/StaticElasticJob.odb,Step-1,Increment      1: Step Time =    1.000,"PLATE-1",           284,             1,       1.69319,       1.69639,            0.,"ASSEMBLY_PLATE-1__PICKEDSET2","ROCK","",  -998.937E-03,      -2.28542,      -2.28517,  -999.186E-03,   17.8959E-03
F:/Desktop/DeepOnet_Abaqus/StaticElasticJob.odb,Step-1,Increment      1: Step Time =    1.000,"PLATE-1",           285,             1,       1.54589,      -1.89206,            0.,"ASSEMBLY_PLATE-1__PICKEDSET2","ROCK","",  -989.883E-03,      -2.28431,      -2.28406,  -990.134E-03,  -18.0419E-03
F:/Desktop/DeepOnet_Abaqus/StaticElasticJob.odb,Step-1,Increment      1: Step Time =    1.000,"PLATE-1",           286,             1,   806.646E-03,       2.13422,            0.,"ASSEMBLY_PLATE-1__PICKEDSET2","ROCK","",      -1.00087,      -2.29060,      -2.29054,      -1.00093,   9.12273E-03
F:/Desktop/DeepOnet_Abaqus/StaticElasticJob.odb,Step-1,Increment      1: Step Time =    1.000,"PLATE-1",           287,             1,      -1.94158,       1.75269,            0.,"ASSEMBLY_PLATE-1__PICKEDSET2","ROCK","",  -998.189E-03,      -2.26878,      -2.26846,  -998.502E-03,  -19.9538E-03
F:/Desktop/DeepOnet_Abaqus/StaticElasticJob.odb,Step-1,Increment      1: Step Time =    1.000,"PLATE-1",           288,             1,      -1.95056,       1.20251,            0.,"ASSEMBLY_PLATE-1__PICKEDSET2","ROCK","",      -1.00516,      -2.25639,      -2.25586,      -1.00570,  -25.8008E-03
F:/Desktop/DeepOnet_Abaqus/StaticElasticJob.odb,Step-1,Increment      1: Step Time =    1.000,"PLATE-1",           289,             1,      -1.87229,       1.42759,            0.,"ASSEMBLY_PLATE-1__PICKEDSET2","ROCK","",      -1.00017,      -2.26329,      -2.26277,      -1.00069,  -25.6504E-03
F:/Desktop/DeepOnet_Abaqus/StaticElasticJob.odb,Step-1,Increment      1: Step Time =    1.000,"PLATE-1",           290,             1,      -1.14755,      -1.93924,            0.,"ASSEMBLY_PLATE-1__PICKEDSET2","ROCK","",  -999.702E-03,      -2.28819,      -2.28805,  -999.839E-03,   13.2678E-03
F:/Desktop/DeepOnet_Abaqus/StaticElasticJob.odb,Step-1,Increment      1: Step Time =    1.000,"PLATE-1",           291,             1,       1.77237,      -2.15820,            0.,"ASSEMBLY_PLATE-1__PICKEDSET2","ROCK","",  -993.772E-03,      -2.27988,      -2.27971,  -993.941E-03,  -14.7162E-03
F:/Desktop/DeepOnet_Abaqus/StaticElasticJob.odb,Step-1,Increment      1: Step Time =    1.000,"PLATE-1",           292,             1,       2.14794,   598.243E-03,            0.,"ASSEMBLY_PLATE-1__PICKEDSET2","ROCK","",      -1.02060,      -2.24240,      -2.24167,      -1.02133,   29.7250E-03
F:/Desktop/DeepOnet_Abaqus/StaticElasticJob.odb,Step-1,Increment      1: Step Time =    1.000,"PLATE-1",           293,             1,       1.87879,  -475.433E-03,            0.,"ASSEMBLY_PLATE-1__PICKEDSET2","ROCK","",      -1.02410,      -2.22124,      -2.22012,      -1.02522,  -36.5749E-03
F:/Desktop/DeepOnet_Abaqus/StaticElasticJob.odb,Step-1,Increment      1: Step Time =    1.000,"PLATE-1",           294,             1,      -1.17812,       2.00817,            0.,"ASSEMBLY_PLATE-1__PICKEDSET2","ROCK","",  -987.492E-03,      -2.28511,      -2.28497,  -987.639E-03,  -13.8174E-03
F:/Desktop/DeepOnet_Abaqus/StaticElasticJob.odb,Step-1,Increment      1: Step Time =    1.000,"PLATE-1",           295,             1,       1.12966,      -2.15392,            0.,"ASSEMBLY_PLATE-1__PICKEDSET2","ROCK","",  -992.504E-03,      -2.28922,      -2.28917,  -992.550E-03,  -7.70626E-03
F:/Desktop/DeepOnet_Abaqus/StaticElasticJob.odb,Step-1,Increment      1: Step Time =    1.000,"PLATE-1",           296,             1,      -2.23171,  -990.259E-03,            0.,"ASSEMBLY_PLATE-1__PICKEDSET2","ROCK","",      -1.00963,      -2.26030,      -2.25980,      -1.01013,   24.9360E-03
F:/Desktop/DeepOnet_Abaqus/StaticElasticJob.odb,Step-1,Increment      1: Step Time =    1.000,"PLATE-1",           297,             1,       1.06021,       1.82593,            0.,"ASSEMBLY_PLATE-1__PICKEDSET2","ROCK","",      -1.00003,      -2.29504,      -2.29491,      -1.00016,   13.0926E-03
F:/Desktop/DeepOnet_Abaqus/StaticElasticJob.odb,Step-1,Increment      1: Step Time =    1.000,"PLATE-1",           298,             1,       1.22759,       1.92945,            0.,"ASSEMBLY_PLATE-1__PICKEDSET2","ROCK","",  -999.851E-03,      -2.29099,      -2.29087,  -999.972E-03,   12.4823E-03
F:/Desktop/DeepOnet_Abaqus/StaticElasticJob.odb,Step-1,Increment      1: Step Time =    1.000,"PLATE-1",           299,             1,  -420.545E-03,       1.81915,            0.,"ASSEMBLY_PLATE-1__PICKEDSET2","ROCK","",  -982.741E-03,      -2.30359,      -2.30358,  -982.753E-03,  -3.87633E-03
F:/Desktop/DeepOnet_Abaqus/StaticElasticJob.odb,Step-1,Increment      1: Step Time =    1.000,"PLATE-1",           300,             1,       1.80055,   423.078E-03,            0.,"ASSEMBLY_PLATE-1__PICKEDSET2","ROCK","",      -1.03354,      -2.21571,      -2.21411,      -1.03514,   43.4537E-03
F:/Desktop/DeepOnet_Abaqus/StaticElasticJob.odb,Step-1,Increment      1: Step Time =    1.000,"PLATE-1",           301,             1,       1.98761,   691.607E-03,            0.,"ASSEMBLY_PLATE-1__PICKEDSET2","ROCK","",      -1.01565,      -2.24933,      -2.24808,      -1.01690,   39.2611E-03
F:/Desktop/DeepOnet_Abaqus/StaticElasticJob.odb,Step-1,Increment      1: Step Time =    1.000,"PLATE-1",           302,             1,  -842.829E-03,      -1.85406,            0.,"ASSEMBLY_PLATE-1__PICKEDSET2","ROCK","",      -1.00006,      -2.29356,      -2.29345,      -1.00017,   11.7266E-03
F:/Desktop/DeepOnet_Abaqus/StaticElasticJob.odb,Step-1,Increment      1: Step Time =    1.000,"PLATE-1",           303,             1,  -717.155E-03,      -2.04068,            0.,"ASSEMBLY_PLATE-1__PICKEDSET2","ROCK","",      -1.00191,      -2.29138,      -2.29133,      -1.00197,   8.69310E-03
F:/Desktop/DeepOnet_Abaqus/StaticElasticJob.odb,Step-1,Increment      1: Step Time =    1.000,"PLATE-1",           304,             1,   300.100E-03,      -1.79542,            0.,"ASSEMBLY_PLATE-1__PICKEDSET2","ROCK","",  -995.312E-03,      -2.30450,      -2.30450,  -995.312E-03,   1.05373E-03
F:/Desktop/DeepOnet_Abaqus/StaticElasticJob.odb,Step-1,Increment      1: Step Time =    1.000,"PLATE-1",           305,             1,   271.570E-03,      -2.11951,            0.,"ASSEMBLY_PLATE-1__PICKEDSET2","ROCK","",  -999.486E-03,      -2.29441,      -2.29441,  -999.488E-03,   1.88929E-03
F:/Desktop/DeepOnet_Abaqus/StaticElasticJob.odb,Step-1,Increment      1: Step Time =    1.000,"PLATE-1",           306,             1,   315.981E-03,       1.83054,            0.,"ASSEMBLY_PLATE-1__PICKEDSET2","ROCK","",  -994.572E-03,      -2.30557,      -2.30550,  -994.642E-03,   9.54570E-03
F:/Desktop/DeepOnet_Abaqus/StaticElasticJob.odb,Step-1,Increment      1: Step Time =    1.000,"PLATE-1",           307,             1,  -204.918E-03,       1.81895,            0.,"ASSEMBLY_PLATE-1__PICKEDSET2","ROCK","",  -985.372E-03,      -2.30671,      -2.30671,  -985.374E-03,   1.42259E-03
F:/Desktop/DeepOnet_Abaqus/StaticElasticJob.odb,Step-1,Increment      1: Step Time =    1.000,"PLATE-1",           308,             1,  -759.309E-03,       2.18412,            0.,"ASSEMBLY_PLATE-1__PICKEDSET2","ROCK","",  -987.515E-03,      -2.29119,      -2.29117,  -987.535E-03,  -5.10553E-03
F:/Desktop/DeepOnet_Abaqus/StaticElasticJob.odb,Step-1,Increment      1: Step Time =    1.000,"PLATE-1",           309,             1,       1.78833,   147.419E-03,            0.,"ASSEMBLY_PLATE-1__PICKEDSET2","ROCK","",      -1.04910,      -2.18678,      -2.18649,      -1.04939,   18.2262E-03
F:/Desktop/DeepOnet_Abaqus/StaticElasticJob.odb,Step-1,Increment      1: Step Time =    1.000,"PLATE-1",           310,             1,   695.677E-03,      -2.07676,            0.,"ASSEMBLY_PLATE-1__PICKEDSET2","ROCK","",  -994.201E-03,      -2.29401,      -2.29400,  -994.209E-03,  -3.12417E-03
F:/Desktop/DeepOnet_Abaqus/StaticElasticJob.odb,Step-1,Increment      1: Step Time =    1.000,"PLATE-1",           311,             1,      -2.04350,      -1.19413,            0.,"ASSEMBLY_PLATE-1__PICKEDSET2","ROCK","",      -1.00549,      -2.26633,      -2.26580,      -1.00602,   25.9776E-03
F:/Desktop/DeepOnet_Abaqus/StaticElasticJob.odb,Step-1,Increment      1: Step Time =    1.000,"PLATE-1",           312,             1,      -1.81209,  -110.593E-03,            0.,"ASSEMBLY_PLATE-1__PICKEDSET2","ROCK","",      -1.03551,      -2.21528,      -2.21506,      -1.03573,   15.9933E-03
F:/Desktop/DeepOnet_Abaqus/StaticElasticJob.odb,Step-1,Increment      1: Step Time =    1.000,"PLATE-1",           313,             1,      -1.99503,  -37.0877E-03,            0.,"ASSEMBLY_PLATE-1__PICKEDSET2","ROCK","",      -1.03060,      -2.22528,      -2.22519,      -1.03069,   10.3198E-03
F:/Desktop/DeepOnet_Abaqus/StaticElasticJob.odb,Step-1,Increment      1: Step Time =    1.000,"PLATE-1",           314,             1,   107.605E-03,       1.78341,            0.,"ASSEMBLY_PLATE-1__PICKEDSET2","ROCK","",  -990.906E-03,      -2.30795,      -2.30791,  -990.945E-03,   7.19672E-03
F:/Desktop/DeepOnet_Abaqus/StaticElasticJob.odb,Step-1,Increment      1: Step Time =    1.000,"PLATE-1",           315,             1,  -403.755E-03,       1.96158,            0.,"ASSEMBLY_PLATE-1__PICKEDSET2","ROCK","",  -986.119E-03,      -2.30012,      -2.30012,  -986.121E-03,  -1.18228E-03
F:/Desktop/DeepOnet_Abaqus/StaticElasticJob.odb,Step-1,Increment      1: Step Time =    1.000,"PLATE-1",           316,             1,  -92.7103E-03,       1.82470,            0.,"ASSEMBLY_PLATE-1__PICKEDSET2","ROCK","",  -987.209E-03,      -2.30768,      -2.30767,  -987.219E-03,   3.55005E-03
F:/Desktop/DeepOnet_Abaqus/StaticElasticJob.odb,Step-1,Increment      1: Step Time =    1.000,"PLATE-1",           317,             1,       1.79123,  -267.909E-03,            0.,"ASSEMBLY_PLATE-1__PICKEDSET2","ROCK","",      -1.03879,      -2.19572,      -2.19503,      -1.03948,  -28.2358E-03
F:/Desktop/DeepOnet_Abaqus/StaticElasticJob.odb,Step-1,Increment      1: Step Time =    1.000,"PLATE-1",           318,             1,  -67.2410E-03,      -2.06749,            0.,"ASSEMBLY_PLATE-1__PICKEDSET2","ROCK","",      -1.00170,      -2.29485,      -2.29483,      -1.00172,   4.45384E-03
F:/Desktop/DeepOnet_Abaqus/StaticElasticJob.odb,Step-1,Increment      1: Step Time =    1.000,"PLATE-1",           319,             1,  -365.524E-03,      -1.98314,            0.,"ASSEMBLY_PLATE-1__PICKEDSET2","ROCK","",      -1.00195,      -2.29607,      -2.29603,      -1.00199,   7.13880E-03
F:/Desktop/DeepOnet_Abaqus/StaticElasticJob.odb,Step-1,Increment      1: Step Time =    1.000,"PLATE-1",           320,             1,      -1.95268,   367.691E-03,            0.,"ASSEMBLY_PLATE-1__PICKEDSET2","ROCK","",      -1.02899,      -2.22404,      -2.22397,      -1.02906,  -9.04430E-03
F:/Desktop/DeepOnet_Abaqus/StaticElasticJob.odb,Step-1,Increment      1: Step Time =    1.000,"PLATE-1",           321,             1,       1.97485,  -369.841E-03,            0.,"ASSEMBLY_PLATE-1__PICKEDSET2","ROCK","",      -1.02935,      -2.21597,      -2.21537,      -1.02995,  -26.5436E-03
F:/Desktop/DeepOnet_Abaqus/StaticElasticJob.odb,Step-1,Increment      1: Step Time =    1.000,"PLATE-1",           322,             1,       2.12340,  -767.074E-03,            0.,"ASSEMBLY_PLATE-1__PICKEDSET2","ROCK","",      -1.01301,      -2.24381,      -2.24294,      -1.01387,  -32.6450E-03
F:/Desktop/DeepOnet_Abaqus/StaticElasticJob.odb,Step-1,Increment      1: Step Time =    1.000,"PLATE-1",           323,             1,   410.874E-03,       2.10913,            0.,"ASSEMBLY_PLATE-1__PICKEDSET2","ROCK","",  -998.090E-03,      -2.29471,      -2.29466,  -998.144E-03,   8.32122E-03
F:/Desktop/DeepOnet_Abaqus/StaticElasticJob.odb,Step-1,Increment      1: Step Time =    1.000,"PLATE-1",           324,             1,  -641.733E-03,       2.10781,            0.,"ASSEMBLY_PLATE-1__PICKEDSET2","ROCK","",  -986.681E-03,      -2.29371,      -2.29370,  -986.697E-03,  -4.47551E-03
F:/Desktop/DeepOnet_Abaqus/StaticElasticJob.odb,Step-1,Increment      1: Step Time =    1.000,"PLATE-1",           325,             1,  -127.062E-03,      -1.90102,            0.,"ASSEMBLY_PLATE-1__PICKEDSET2","ROCK","",      -1.00092,      -2.30030,      -2.30027,      -1.00095,   6.10814E-03
F:/Desktop/DeepOnet_Abaqus/StaticElasticJob.odb,Step-1,Increment      1: Step Time =    1.000,"PLATE-1",           326,             1,   180.020E-03,      -1.89316,            0.,"ASSEMBLY_PLATE-1__PICKEDSET2","ROCK","",  -998.228E-03,      -2.30143,      -2.30143,  -998.234E-03,   2.91129E-03
F:/Desktop/DeepOnet_Abaqus/StaticElasticJob.odb,Step-1,Increment      1: Step Time =    1.000,"PLATE-1",           327,             1,      -1.92845,   91.5376E-03,            0.,"ASSEMBLY_PLATE-1__PICKEDSET2","ROCK","",      -1.03296,      -2.21976,      -2.21974,      -1.03297,   3.97467E-03
F:/Desktop/DeepOnet_Abaqus/StaticElasticJob.odb,Step-1,Increment      1: Step Time =    1.000,"PLATE-1",           328,             1,       1.78401,   245.514E-03,            0.,"ASSEMBLY_PLATE-1__PICKEDSET2","ROCK","",      -1.04436,      -2.19508,      -2.19424,      -1.04521,   31.0998E-03
F:/Desktop/DeepOnet_Abaqus/StaticElasticJob.odb,Step-1,Increment      1: Step Time =    1.000,"PLATE-1",           329,             1,  -950.178E-03,      -2.09987,            0.,"ASSEMBLY_PLATE-1__PICKEDSET2","ROCK","",      -1.00147,      -2.28735,      -2.28728,      -1.00154,   9.37869E-03
F:/Desktop/DeepOnet_Abaqus/StaticElasticJob.odb,Step-1,Increment      1: Step Time =    1.000,"PLATE-1",           330,             1,       1.77166,      -1.37071,            0.,"ASSEMBLY_PLATE-1__PICKEDSET2","ROCK","",  -991.871E-03,      -2.27375,      -2.27296,  -992.661E-03,  -31.8255E-03
F:/Desktop/DeepOnet_Abaqus/StaticElasticJob.odb,Step-1,Increment      1: Step Time =    1.000,"PLATE-1",           331,             1,      -1.81003,       1.14759,            0.,"ASSEMBLY_PLATE-1__PICKEDSET2","ROCK","",      -1.00444,      -2.25483,      -2.25412,      -1.00514,  -29.6970E-03
F:/Desktop/DeepOnet_Abaqus/StaticElasticJob.odb,Step-1,Increment      1: Step Time =    1.000,"PLATE-1",           332,             1,      -1.85715,      -1.36868,            0.,"ASSEMBLY_PLATE-1__PICKEDSET2","ROCK","",      -1.00186,      -2.27369,      -2.27319,      -1.00237,   25.2508E-03
F:/Desktop/DeepOnet_Abaqus/StaticElasticJob.odb,Step-1,Increment      1: Step Time =    1.000,"PLATE-1",           333,             1,      -1.01654,       1.94631,            0.,"ASSEMBLY_PLATE-1__PICKEDSET2","ROCK","",  -984.868E-03,      -2.28937,      -2.28923,  -985.005E-03,  -13.3715E-03
F:/Desktop/DeepOnet_Abaqus/StaticElasticJob.odb,Step-1,Increment      1: Step Time =    1.000,"PLATE-1",           334,             1,      -1.12521,       1.71967,            0.,"ASSEMBLY_PLATE-1__PICKEDSET2","ROCK","",  -983.083E-03,      -2.28745,      -2.28711,  -983.427E-03,  -21.1964E-03
F:/Desktop/DeepOnet_Abaqus/StaticElasticJob.odb,Step-1,Increment      1: Step Time =    1.000,"PLATE-1",           335,             1,      -1.32566,       1.86457,            0.,"ASSEMBLY_PLATE-1__PICKEDSET2","ROCK","",  -987.559E-03,      -2.28260,      -2.28235,  -987.817E-03,  -18.2943E-03
F:/Desktop/DeepOnet_Abaqus/StaticElasticJob.odb,Step-1,Increment      1: Step Time =    1.000,"PLATE-1",           336,             1,       2.00224,  -830.840E-03,            0.,"ASSEMBLY_PLATE-1__PICKEDSET2","ROCK","",      -1.00974,      -2.24485,      -2.24368,      -1.01091,  -37.9231E-03
F:/Desktop/DeepOnet_Abaqus/StaticElasticJob.odb,Step-1,Increment      1: Step Time =    1.000,"PLATE-1",           337,             1,       2.00567,       1.06570,            0.,"ASSEMBLY_PLATE-1__PICKEDSET2","ROCK","",      -1.00459,      -2.27006,      -2.26926,      -1.00539,   31.7535E-03
F:/Desktop/DeepOnet_Abaqus/StaticElasticJob.odb,Step-1,Increment      1: Step Time =    1.000,"PLATE-1",           338,             1,       1.79324,       1.27903,            0.,"ASSEMBLY_PLATE-1__PICKEDSET2","ROCK","",  -999.302E-03,      -2.28197,      -2.28128,  -999.995E-03,   29.7912E-03
F:/Desktop/DeepOnet_Abaqus/StaticElasticJob.odb,Step-1,Increment      1: Step Time =    1.000,"PLATE-1",           339,             1,       2.00451,       1.21977,            0.,"ASSEMBLY_PLATE-1__PICKEDSET2","ROCK","",      -1.00207,      -2.27488,      -2.27421,      -1.00274,   29.1507E-03
F:/Desktop/DeepOnet_Abaqus/StaticElasticJob.odb,Step-1,Increment      1: Step Time =    1.000,"PLATE-1",           340,             1,      -1.04536,      -1.79803,            0.,"ASSEMBLY_PLATE-1__PICKEDSET2","ROCK","",  -998.780E-03,      -2.29148,      -2.29130,  -998.954E-03,   15.0256E-03
F:/Desktop/DeepOnet_Abaqus/StaticElasticJob.odb,Step-1,Increment      1: Step Time =    1.000,"PLATE-1",           341,             1,  -951.289E-03,      -1.82405,            0.,"ASSEMBLY_PLATE-1__PICKEDSET2","ROCK","",  -999.375E-03,      -2.29206,      -2.29192,  -999.515E-03,   13.4650E-03
F:/Desktop/DeepOnet_Abaqus/StaticElasticJob.odb,Step-1,Increment      1: Step Time =    1.000,"PLATE-1",           342,             1,       1.22446,      -1.77507,            0.,"ASSEMBLY_PLATE-1__PICKEDSET2","ROCK","",  -986.583E-03,      -2.29257,      -2.29237,  -986.787E-03,  -16.3285E-03
F:/Desktop/DeepOnet_Abaqus/StaticElasticJob.odb,Step-1,Increment      1: Step Time =    1.000,"PLATE-1",           343,             1,       1.99837,      -1.12437,            0.,"ASSEMBLY_PLATE-1__PICKEDSET2","ROCK","",      -1.00017,      -2.26168,      -2.26074,      -1.00111,  -34.4534E-03
F:/Desktop/DeepOnet_Abaqus/StaticElasticJob.odb,Step-1,Increment      1: Step Time =    1.000,"PLATE-1",           344,             1,       1.90255,   27.5653E-03,            0.,"ASSEMBLY_PLATE-1__PICKEDSET2","ROCK","",      -1.04395,      -2.19691,      -2.19690,      -1.04396,   2.99690E-03
F:/Desktop/DeepOnet_Abaqus/StaticElasticJob.odb,Step-1,Increment      1: Step Time =    1.000,"PLATE-1",           345,             1,       1.84855,  -340.207E-03,            0.,"ASSEMBLY_PLATE-1__PICKEDSET2","ROCK","",      -1.03430,      -2.20477,      -2.20404,      -1.03503,  -29.0910E-03
F:/Desktop/DeepOnet_Abaqus/StaticElasticJob.odb,Step-1,Increment      1: Step Time =    1.000,"PLATE-1",           346,             1,       2.23557,       1.22085,            0.,"ASSEMBLY_PLATE-1__PICKEDSET2","ROCK","",      -1.00548,      -2.26937,      -2.26884,      -1.00601,   25.8627E-03
F:/Desktop/DeepOnet_Abaqus/StaticElasticJob.odb,Step-1,Increment      1: Step Time =    1.000,"PLATE-1",           347,             1,      -2.01371,      -1.36051,            0.,"ASSEMBLY_PLATE-1__PICKEDSET2","ROCK","",      -1.00287,      -2.27097,      -2.27049,      -1.00335,   24.4715E-03
F:/Desktop/DeepOnet_Abaqus/StaticElasticJob.odb,Step-1,Increment      1: Step Time =    1.000,"PLATE-1",           348,             1,      -2.20703,   161.713E-03,            0.,"ASSEMBLY_PLATE-1__PICKEDSET2","ROCK","",      -1.02714,      -2.23208,      -2.23208,      -1.02714,   1.47175E-03
F:/Desktop/DeepOnet_Abaqus/StaticElasticJob.odb,Step-1,Increment      1: Step Time =    1.000,"PLATE-1",           349,             1,      -1.74772,  -280.480E-03,            0.,"ASSEMBLY_PLATE-1__PICKEDSET2","ROCK","",      -1.03131,      -2.22244,      -2.22178,      -1.03197,   27.8780E-03
F:/Desktop/DeepOnet_Abaqus/StaticElasticJob.odb,Step-1,Increment      1: Step Time =    1.000,"PLATE-1",           350,             1,      -2.07717,  -838.360E-03,            0.,"ASSEMBLY_PLATE-1__PICKEDSET2","ROCK","",      -1.01177,      -2.25646,      -2.25584,      -1.01239,   27.8407E-03
F:/Desktop/DeepOnet_Abaqus/StaticElasticJob.odb,Step-1,Increment      1: Step Time =    1.000,"PLATE-1",           351,             1,      -2.03907,   706.762E-03,            0.,"ASSEMBLY_PLATE-1__PICKEDSET2","ROCK","",      -1.01955,      -2.23742,      -2.23708,      -1.01989,  -20.2233E-03
F:/Desktop/DeepOnet_Abaqus/StaticElasticJob.odb,Step-1,Increment      1: Step Time =    1.000,"PLATE-1",           352,             1,      -1.79954,       1.03309,            0.,"ASSEMBLY_PLATE-1__PICKEDSET2","ROCK","",      -1.00736,      -2.24995,      -2.24919,      -1.00811,  -30.7020E-03
F:/Desktop/DeepOnet_Abaqus/StaticElasticJob.odb,Step-1,Increment      1: Step Time =    1.000,"PLATE-1",           353,             1,       1.24083,      -1.94866,            0.,"ASSEMBLY_PLATE-1__PICKEDSET2","ROCK","",  -989.682E-03,      -2.28933,      -2.28920,  -989.812E-03,  -12.9993E-03
F:/Desktop/DeepOnet_Abaqus/StaticElasticJob.odb,Step-1,Increment      1: Step Time =    1.000,"PLATE-1",           354,             1,   412.442E-03,      -1.84814,            0.,"ASSEMBLY_PLATE-1__PICKEDSET2","ROCK","",  -994.375E-03,      -2.30278,      -2.30278,  -994.375E-03,  -218.648E-06
F:/Desktop/DeepOnet_Abaqus/StaticElasticJob.odb,Step-1,Increment      1: Step Time =    1.000,"PLATE-1",           355,             1,      -1.37603,      -2.78625,            0.,"ASSEMBLY_PLATE-1__PICKEDSET2","ROCK","",      -1.00355,      -2.27557,      -2.27554,      -1.00358,   5.75256E-03
F:/Desktop/DeepOnet_Abaqus/StaticElasticJob.odb,Step-1,Increment      1: Step Time =    1.000,"PLATE-1",           356,             1,       1.13198,       2.09980,            0.,"ASSEMBLY_PLATE-1__PICKEDSET2","ROCK","",      -1.00053,      -2.28843,      -2.28836,      -1.00061,   9.88379E-03
F:/Desktop/DeepOnet_Abaqus/StaticElasticJob.odb,Step-1,Increment      1: Step Time =    1.000,"PLATE-1",           357,             1,      -1.88241,       2.01441,            0.,"ASSEMBLY_PLATE-1__PICKEDSET2","ROCK","",  -996.343E-03,      -2.27206,      -2.27185,  -996.553E-03,  -16.3828E-03
F:/Desktop/DeepOnet_Abaqus/StaticElasticJob.odb,Step-1,Increment      1: Step Time =    1.000,"PLATE-1",           358,             1,      -1.40021,       1.97434,            0.,"ASSEMBLY_PLATE-1__PICKEDSET2","ROCK","",  -989.265E-03,      -2.28121,      -2.28100,  -989.470E-03,  -16.2693E-03
F:/Desktop/DeepOnet_Abaqus/StaticElasticJob.odb,Step-1,Increment      1: Step Time =    1.000,"PLATE-1",           359,             1,      -2.15192,   597.261E-03,            0.,"ASSEMBLY_PLATE-1__PICKEDSET2","ROCK","",      -1.02094,      -2.23811,      -2.23793,      -1.02112,  -14.9287E-03
F:/Desktop/DeepOnet_Abaqus/StaticElasticJob.odb,Step-1,Increment      1: Step Time =    1.000,"PLATE-1",           360,             1,       1.88486,  -755.809E-03,            0.,"ASSEMBLY_PLATE-1__PICKEDSET2","ROCK","",      -1.00951,      -2.24111,      -2.23960,      -1.01102,  -43.0901E-03
F:/Desktop/DeepOnet_Abaqus/StaticElasticJob.odb,Step-1,Increment      1: Step Time =    1.000,"PLATE-1",           361,             1,       2.10671,  -910.954E-03,            0.,"ASSEMBLY_PLATE-1__PICKEDSET2","ROCK","",      -1.00948,      -2.24918,      -2.24830,      -1.01037,  -33.0473E-03
F:/Desktop/DeepOnet_Abaqus/StaticElasticJob.odb,Step-1,Increment      1: Step Time =    1.000,"PLATE-1",           362,             1,       2.16755,       1.00653,            0.,"ASSEMBLY_PLATE-1__PICKEDSET2","ROCK","",      -1.00882,      -2.26327,      -2.26259,      -1.00950,   29.2164E-03
F:/Desktop/DeepOnet_Abaqus/StaticElasticJob.odb,Step-1,Increment      1: Step Time =    1.000,"PLATE-1",           363,             1,   770.335E-03,       1.98761,            0.,"ASSEMBLY_PLATE-1__PICKEDSET2","ROCK","",      -1.00036,      -2.29588,      -2.29580,      -1.00045,   10.6780E-03
F:/Desktop/DeepOnet_Abaqus/StaticElasticJob.odb,Step-1,Increment      1: Step Time =    1.000,"PLATE-1",           364,             1,  -525.919E-03,       2.23665,            0.,"ASSEMBLY_PLATE-1__PICKEDSET2","ROCK","",  -989.863E-03,      -2.29143,      -2.29143,  -989.864E-03,  -1.17565E-03
F:/Desktop/DeepOnet_Abaqus/StaticElasticJob.odb,Step-1,Increment      1: Step Time =    1.000,"PLATE-1",           365,             1,  -500.907E-03,       1.97715,            0.,"ASSEMBLY_PLATE-1__PICKEDSET2","ROCK","",  -985.539E-03,      -2.29752,      -2.29751,  -985.548E-03,  -3.54707E-03
F:/Desktop/DeepOnet_Abaqus/StaticElasticJob.odb,Step-1,Increment      1: Step Time =    1.000,"PLATE-1",           366,             1,  -266.302E-03,      -2.18797,            0.,"ASSEMBLY_PLATE-1__PICKEDSET2","ROCK","",      -1.00320,      -2.29066,      -2.29064,      -1.00322,   4.77116E-03
F:/Desktop/DeepOnet_Abaqus/StaticElasticJob.odb,Step-1,Increment      1: Step Time =    1.000,"PLATE-1",           367,             1,       1.16659,      -2.31591,            0.,"ASSEMBLY_PLATE-1__PICKEDSET2","ROCK","",  -994.081E-03,      -2.28637,      -2.28633,  -994.121E-03,  -7.19346E-03
F:/Desktop/DeepOnet_Abaqus/StaticElasticJob.odb,Step-1,Increment      1: Step Time =    1.000,"PLATE-1",           368,             1,       1.16554,      -1.85207,            0.,"ASSEMBLY_PLATE-1__PICKEDSET2","ROCK","",  -987.646E-03,      -2.29293,      -2.29278,  -987.794E-03,  -13.9017E-03
F:/Desktop/DeepOnet_Abaqus/StaticElasticJob.odb,Step-1,Increment      1: Step Time =    1.000,"PLATE-1",           369,             1,      -1.98057,  -467.460E-03,            0.,"ASSEMBLY_PLATE-1__PICKEDSET2","ROCK","",      -1.02190,      -2.24040,      -2.23982,      -1.02247,   26.4968E-03
F:/Desktop/DeepOnet_Abaqus/StaticElasticJob.odb,Step-1,Increment      1: Step Time =    1.000,"PLATE-1",           370,             1,       1.00251,       1.95834,            0.,"ASSEMBLY_PLATE-1__PICKEDSET2","ROCK","",      -1.00050,      -2.29328,      -2.29318,      -1.00060,   11.3106E-03
F:/Desktop/DeepOnet_Abaqus/StaticElasticJob.odb,Step-1,Increment      1: Step Time =    1.000,"PLATE-1",           371,             1,  -879.678E-03,       2.29172,            0.,"ASSEMBLY_PLATE-1__PICKEDSET2","ROCK","",  -989.382E-03,      -2.28715,      -2.28713,  -989.407E-03,  -5.66927E-03
F:/Desktop/DeepOnet_Abaqus/StaticElasticJob.odb,Step-1,Increment      1: Step Time =    1.000,"PLATE-1",           372,             1,  -980.214E-03,       2.13764,            0.,"ASSEMBLY_PLATE-1__PICKEDSET2","ROCK","",  -987.491E-03,      -2.28811,      -2.28805,  -987.550E-03,  -8.72817E-03
F:/Desktop/DeepOnet_Abaqus/StaticElasticJob.odb,Step-1,Increment      1: Step Time =    1.000,"PLATE-1",           373,             1,       1.91207,   145.972E-03,            0.,"ASSEMBLY_PLATE-1__PICKEDSET2","ROCK","",      -1.04125,      -2.20237,      -2.20214,      -1.04148,   16.3687E-03
F:/Desktop/DeepOnet_Abaqus/StaticElasticJob.odb,Step-1,Increment      1: Step Time =    1.000,"PLATE-1",           374,             1,       2.24178,   801.120E-03,            0.,"ASSEMBLY_PLATE-1__PICKEDSET2","ROCK","",      -1.01435,      -2.25364,      -2.25294,      -1.01505,   29.5772E-03
F:/Desktop/DeepOnet_Abaqus/StaticElasticJob.odb,Step-1,Increment      1: Step Time =    1.000,"PLATE-1",           375,             1,       1.99098,  -631.000E-03,            0.,"ASSEMBLY_PLATE-1__PICKEDSET2","ROCK","",      -1.01705,      -2.23402,      -2.23297,      -1.01809,  -35.6293E-03
F:/Desktop/DeepOnet_Abaqus/StaticElasticJob.odb,Step-1,Increment      1: Step Time =    1.000,"PLATE-1",           376,             1,       2.04103,   164.278E-03,            0.,"ASSEMBLY_PLATE-1__PICKEDSET2","ROCK","",      -1.03789,      -2.21207,      -2.21182,      -1.03815,   17.3245E-03
F:/Desktop/DeepOnet_Abaqus/StaticElasticJob.odb,Step-1,Increment      1: Step Time =    1.000,"PLATE-1",           377,             1,   141.103E-03,       1.96952,            0.,"ASSEMBLY_PLATE-1__PICKEDSET2","ROCK","",  -994.278E-03,      -2.30043,      -2.30038,  -994.325E-03,   7.84865E-03
F:/Desktop/DeepOnet_Abaqus/StaticElasticJob.odb,Step-1,Increment      1: Step Time =    1.000,"PLATE-1",           378,             1,  -65.5417E-03,       1.97410,            0.,"ASSEMBLY_PLATE-1__PICKEDSET2","ROCK","",  -991.001E-03,      -2.29979,      -2.29977,  -991.015E-03,   4.37001E-03
F:/Desktop/DeepOnet_Abaqus/StaticElasticJob.odb,Step-1,Increment      1: Step Time =    1.000,"PLATE-1",           379,             1,   341.222E-03,       1.96140,            0.,"ASSEMBLY_PLATE-1__PICKEDSET2","ROCK","",  -996.470E-03,      -2.29974,      -2.29967,  -996.538E-03,   9.44690E-03
F:/Desktop/DeepOnet_Abaqus/StaticElasticJob.odb,Step-1,Increment      1: Step Time =    1.000,"PLATE-1",           380,             1,   647.127E-03,       2.14670,            0.,"ASSEMBLY_PLATE-1__PICKEDSET2","ROCK","",  -999.989E-03,      -2.29156,      -2.29150,      -1.00005,   8.87259E-03
F:/Desktop/DeepOnet_Abaqus/StaticElasticJob.odb,Step-1,Increment      1: Step Time =    1.000,"PLATE-1",           381,             1,   43.8104E-03,       1.89017,            0.,"ASSEMBLY_PLATE-1__PICKEDSET2","ROCK","",  -991.309E-03,      -2.30448,      -2.30445,  -991.342E-03,   6.62163E-03
F:/Desktop/DeepOnet_Abaqus/StaticElasticJob.odb,Step-1,Increment      1: Step Time =    1.000,"PLATE-1",           382,             1,  -418.556E-03,       2.10135,            0.,"ASSEMBLY_PLATE-1__PICKEDSET2","ROCK","",  -988.636E-03,      -2.29541,      -2.29541,  -988.636E-03,  -408.981E-06
F:/Desktop/DeepOnet_Abaqus/StaticElasticJob.odb,Step-1,Increment      1: Step Time =    1.000,"PLATE-1",           383,             1,  -190.929E-03,       1.98345,            0.,"ASSEMBLY_PLATE-1__PICKEDSET2","ROCK","",  -989.308E-03,      -2.29946,      -2.29945,  -989.312E-03,   2.35135E-03
F:/Desktop/DeepOnet_Abaqus/StaticElasticJob.odb,Step-1,Increment      1: Step Time =    1.000,"PLATE-1",           384,             1,   449.786E-03,      -2.22479,            0.,"ASSEMBLY_PLATE-1__PICKEDSET2","ROCK","",  -998.771E-03,      -2.29134,      -2.29134,  -998.772E-03,   709.814E-06
F:/Desktop/DeepOnet_Abaqus/StaticElasticJob.odb,Step-1,Increment      1: Step Time =    1.000,"PLATE-1",           385,             1,   137.579E-03,      -2.53977,            0.,"ASSEMBLY_PLATE-1__PICKEDSET2","ROCK","",      -1.00313,      -2.28513,      -2.28513,      -1.00314,   2.26590E-03
F:/Desktop/DeepOnet_Abaqus/StaticElasticJob.odb,Step-1,Increment      1: Step Time =    1.000,"PLATE-1",           386,             1,      -1.24137,       2.36939,            0.,"ASSEMBLY_PLATE-1__PICKEDSET2","ROCK","",  -991.190E-03,      -2.28200,      -2.28194,  -991.249E-03,  -8.66816E-03
F:/Desktop/DeepOnet_Abaqus/StaticElasticJob.odb,Step-1,Increment      1: Step Time =    1.000,"PLATE-1",           387,             1,      -2.05739,       1.05655,            0.,"ASSEMBLY_PLATE-1__PICKEDSET2","ROCK","",      -1.01093,      -2.25003,      -2.24959,      -1.01137,  -23.3962E-03
F:/Desktop/DeepOnet_Abaqus/StaticElasticJob.odb,Step-1,Increment      1: Step Time =    1.000,"PLATE-1",           388,             1,      -2.19863,   740.139E-03,            0.,"ASSEMBLY_PLATE-1__PICKEDSET2","ROCK","",      -1.01793,      -2.24294,      -2.24270,      -1.01817,  -16.9743E-03
F:/Desktop/DeepOnet_Abaqus/StaticElasticJob.odb,Step-1,Increment      1: Step Time =    1.000,"PLATE-1",           389,             1,       1.69205,      -1.90596,            0.,"ASSEMBLY_PLATE-1__PICKEDSET2","ROCK","",  -991.204E-03,      -2.28219,      -2.28192,  -991.471E-03,  -18.5606E-03
F:/Desktop/DeepOnet_Abaqus/StaticElasticJob.odb,Step-1,Increment      1: Step Time =    1.000,"PLATE-1",           390,             1,       1.94174,      -1.32039,            0.,"ASSEMBLY_PLATE-1__PICKEDSET2","ROCK","",  -996.156E-03,      -2.26786,      -2.26706,  -996.955E-03,  -31.8733E-03
F:/Desktop/DeepOnet_Abaqus/StaticElasticJob.odb,Step-1,Increment      1: Step Time =    1.000,"PLATE-1",           391,             1,       2.21150,      -1.07958,            0.,"ASSEMBLY_PLATE-1__PICKEDSET2","ROCK","",      -1.00608,      -2.25625,      -2.25551,      -1.00682,  -30.4111E-03
F:/Desktop/DeepOnet_Abaqus/StaticElasticJob.odb,Step-1,Increment      1: Step Time =    1.000,"PLATE-1",           392,             1,       1.92103,       1.35486,            0.,"ASSEMBLY_PLATE-1__PICKEDSET2","ROCK","",      -1.00060,      -2.27873,      -2.27820,      -1.00113,   26.1106E-03
F:/Desktop/DeepOnet_Abaqus/StaticElasticJob.odb,Step-1,Increment      1: Step Time =    1.000,"PLATE-1",           393,             1,      -1.31332,      -1.90170,            0.,"ASSEMBLY_PLATE-1__PICKEDSET2","ROCK","",  -999.460E-03,      -2.28540,      -2.28524,  -999.621E-03,   14.4093E-03
F:/Desktop/DeepOnet_Abaqus/StaticElasticJob.odb,Step-1,Increment      1: Step Time =    1.000,"PLATE-1",           394,             1,      -1.22778,      -2.43429,            0.,"ASSEMBLY_PLATE-1__PICKEDSET2","ROCK","",      -1.00263,      -2.28023,      -2.28018,      -1.00268,   7.97054E-03
F:/Desktop/DeepOnet_Abaqus/StaticElasticJob.odb,Step-1,Increment      1: Step Time =    1.000,"PLATE-1",           395,             1,      -1.20272,       1.86827,            0.,"ASSEMBLY_PLATE-1__PICKEDSET2","ROCK","",  -986.134E-03,      -2.28519,      -2.28496,  -986.363E-03,  -17.2216E-03
F:/Desktop/DeepOnet_Abaqus/StaticElasticJob.odb,Step-1,Increment      1: Step Time =    1.000,"PLATE-1",           396,             1,      -1.36453,      -2.04893,            0.,"ASSEMBLY_PLATE-1__PICKEDSET2","ROCK","",      -1.00044,      -2.28307,      -2.28295,      -1.00056,   12.4597E-03
F:/Desktop/DeepOnet_Abaqus/StaticElasticJob.odb,Step-1,Increment      1: Step Time =    1.000,"PLATE-1",           397,             1,      -1.50418,      -2.24614,            0.,"ASSEMBLY_PLATE-1__PICKEDSET2","ROCK","",      -1.00121,      -2.27919,      -2.27909,      -1.00130,   10.7948E-03
F:/Desktop/DeepOnet_Abaqus/StaticElasticJob.odb,Step-1,Increment      1: Step Time =    1.000,"PLATE-1",           398,             1,      -2.07552,      -1.62146,            0.,"ASSEMBLY_PLATE-1__PICKEDSET2","ROCK","",      -1.00255,      -2.27165,      -2.27134,      -1.00286,   19.8752E-03
F:/Desktop/DeepOnet_Abaqus/StaticElasticJob.odb,Step-1,Increment      1: Step Time =    1.000,"PLATE-1",           399,             1,      -2.15844,   346.631E-03,            0.,"ASSEMBLY_PLATE-1__PICKEDSET2","ROCK","",      -1.02589,      -2.23242,      -2.23240,      -1.02591,  -5.52310E-03
F:/Desktop/DeepOnet_Abaqus/StaticElasticJob.odb,Step-1,Increment      1: Step Time =    1.000,"PLATE-1",           400,             1,       1.86021,      -1.41529,            0.,"ASSEMBLY_PLATE-1__PICKEDSET2","ROCK","",  -993.578E-03,      -2.27351,      -2.27285,  -994.241E-03,  -29.1416E-03
F:/Desktop/DeepOnet_Abaqus/StaticElasticJob.odb,Step-1,Increment      1: Step Time =    1.000,"PLATE-1",           401,             1,       1.94106,       1.87068,            0.,"ASSEMBLY_PLATE-1__PICKEDSET2","ROCK","",  -999.777E-03,      -2.27988,      -2.27972,  -999.939E-03,   14.4055E-03
F:/Desktop/DeepOnet_Abaqus/StaticElasticJob.odb,Step-1,Increment      1: Step Time =    1.000,"PLATE-1",           402,             1,      -2.05776,       2.42980,            0.,"ASSEMBLY_PLATE-1__PICKEDSET2","ROCK","",  -997.993E-03,      -2.27157,      -2.27146,  -998.095E-03,  -11.3695E-03
F:/Desktop/DeepOnet_Abaqus/StaticElasticJob.odb,Step-1,Increment      1: Step Time =    1.000,"PLATE-1",           403,             1,       1.65406,       2.16317,            0.,"ASSEMBLY_PLATE-1__PICKEDSET2","ROCK","",  -999.817E-03,      -2.28228,      -2.28220,  -999.896E-03,   10.1000E-03
F:/Desktop/DeepOnet_Abaqus/StaticElasticJob.odb,Step-1,Increment      1: Step Time =    1.000,"PLATE-1",           404,             1,       1.82287,      -1.79871,            0.,"ASSEMBLY_PLATE-1__PICKEDSET2","ROCK","",  -992.446E-03,      -2.27876,      -2.27840,  -992.808E-03,  -21.5900E-03
F:/Desktop/DeepOnet_Abaqus/StaticElasticJob.odb,Step-1,Increment      1: Step Time =    1.000,"PLATE-1",           405,             1,       2.06913,      -1.68801,            0.,"ASSEMBLY_PLATE-1__PICKEDSET2","ROCK","",  -996.346E-03,      -2.27248,      -2.27205,  -996.774E-03,  -23.3558E-03
F:/Desktop/DeepOnet_Abaqus/StaticElasticJob.odb,Step-1,Increment      1: Step Time =    1.000,"PLATE-1",           406,             1,       2.67718,       1.87210,            0.,"ASSEMBLY_PLATE-1__PICKEDSET2","ROCK","",      -1.00390,      -2.27034,      -2.27022,      -1.00403,   12.5455E-03
F:/Desktop/DeepOnet_Abaqus/StaticElasticJob.odb,Step-1,Increment      1: Step Time =    1.000,"PLATE-1",           407,             1,      -2.18949,       2.05822,            0.,"ASSEMBLY_PLATE-1__PICKEDSET2","ROCK","",  -999.742E-03,      -2.26907,      -2.26889,  -999.920E-03,  -15.0608E-03
F:/Desktop/DeepOnet_Abaqus/StaticElasticJob.odb,Step-1,Increment      1: Step Time =    1.000,"PLATE-1",           408,             1,       1.45440,      -2.00881,            0.,"ASSEMBLY_PLATE-1__PICKEDSET2","ROCK","",  -990.694E-03,      -2.28511,      -2.28494,  -990.872E-03,  -15.2033E-03
F:/Desktop/DeepOnet_Abaqus/StaticElasticJob.odb,Step-1,Increment      1: Step Time =    1.000,"PLATE-1",           409,             1,      -2.02076,   195.568E-03,            0.,"ASSEMBLY_PLATE-1__PICKEDSET2","ROCK","",      -1.03009,      -2.22450,      -2.22449,      -1.03010,  -932.287E-06
F:/Desktop/DeepOnet_Abaqus/StaticElasticJob.odb,Step-1,Increment      1: Step Time =    1.000,"PLATE-1",           410,             1,      -1.64387,      -1.99555,            0.,"ASSEMBLY_PLATE-1__PICKEDSET2","ROCK","",      -1.00006,      -2.27915,      -2.27898,      -1.00022,   14.6876E-03
F:/Desktop/DeepOnet_Abaqus/StaticElasticJob.odb,Step-1,Increment      1: Step Time =    1.000,"PLATE-1",           411,             1,       1.11453,      -2.01706,            0.,"ASSEMBLY_PLATE-1__PICKEDSET2","ROCK","",  -990.326E-03,      -2.29146,      -2.29138,  -990.403E-03,  -10.0107E-03
F:/Desktop/DeepOnet_Abaqus/StaticElasticJob.odb,Step-1,Increment      1: Step Time =    1.000,"PLATE-1",           412,             1,       1.49630,      -2.23369,            0.,"ASSEMBLY_PLATE-1__PICKEDSET2","ROCK","",  -993.542E-03,      -2.28289,      -2.28279,  -993.642E-03,  -11.3816E-03
F:/Desktop/DeepOnet_Abaqus/StaticElasticJob.odb,Step-1,Increment      1: Step Time =    1.000,"PLATE-1",           413,             1,      -1.87085,      -2.08781,            0.,"ASSEMBLY_PLATE-1__PICKEDSET2","ROCK","",      -1.00057,      -2.27652,      -2.27637,      -1.00072,   13.8633E-03
F:/Desktop/DeepOnet_Abaqus/StaticElasticJob.odb,Step-1,Increment      1: Step Time =    1.000,"PLATE-1",           414,             1,      -2.75441,      -1.82175,            0.,"ASSEMBLY_PLATE-1__PICKEDSET2","ROCK","",      -1.00378,      -2.26638,      -2.26623,      -1.00394,   13.8051E-03
F:/Desktop/DeepOnet_Abaqus/StaticElasticJob.odb,Step-1,Increment      1: Step Time =    1.000,"PLATE-1",           415,             1,       1.38180,       1.94855,            0.,"ASSEMBLY_PLATE-1__PICKEDSET2","ROCK","",  -999.611E-03,      -2.28870,      -2.28858,  -999.726E-03,   12.1870E-03
F:/Desktop/DeepOnet_Abaqus/StaticElasticJob.odb,Step-1,Increment      1: Step Time =    1.000,"PLATE-1",           416,             1,       1.03642,       2.77990,            0.,"ASSEMBLY_PLATE-1__PICKEDSET2","ROCK","",      -1.00118,      -2.27768,      -2.27766,      -1.00121,   5.26216E-03
F:/Desktop/DeepOnet_Abaqus/StaticElasticJob.odb,Step-1,Increment      1: Step Time =    1.000,"PLATE-1",           417,             1,      -1.72548,       2.30083,            0.,"ASSEMBLY_PLATE-1__PICKEDSET2","ROCK","",  -994.680E-03,      -2.27551,      -2.27539,  -994.798E-03,  -12.2750E-03
F:/Desktop/DeepOnet_Abaqus/StaticElasticJob.odb,Step-1,Increment      1: Step Time =    1.000,"PLATE-1",           418,             1,       2.00954,   946.574E-03,            0.,"ASSEMBLY_PLATE-1__PICKEDSET2","ROCK","",      -1.00918,      -2.26140,      -2.26044,      -1.01014,   34.6861E-03
F:/Desktop/DeepOnet_Abaqus/StaticElasticJob.odb,Step-1,Increment      1: Step Time =    1.000,"PLATE-1",           419,             1,  -504.441E-03,      -2.27121,            0.,"ASSEMBLY_PLATE-1__PICKEDSET2","ROCK","",      -1.00385,      -2.28741,      -2.28738,      -1.00387,   5.94129E-03
F:/Desktop/DeepOnet_Abaqus/StaticElasticJob.odb,Step-1,Increment      1: Step Time =    1.000,"PLATE-1",           420,             1,      -2.18229,      -1.31695,            0.,"ASSEMBLY_PLATE-1__PICKEDSET2","ROCK","",      -1.00487,      -2.26767,      -2.26725,      -1.00529,   22.8681E-03
F:/Desktop/DeepOnet_Abaqus/StaticElasticJob.odb,Step-1,Increment      1: Step Time =    1.000,"PLATE-1",           421,             1,      -2.50063,   651.506E-03,            0.,"ASSEMBLY_PLATE-1__PICKEDSET2","ROCK","",      -1.01889,      -2.24667,      -2.24659,      -1.01898,  -10.2288E-03
F:/Desktop/DeepOnet_Abaqus/StaticElasticJob.odb,Step-1,Increment      1: Step Time =    1.000,"PLATE-1",           422,             1,      -2.03306,   475.412E-03,            0.,"ASSEMBLY_PLATE-1__PICKEDSET2","ROCK","",      -1.02472,      -2.23166,      -2.23152,      -1.02485,  -12.7859E-03
F:/Desktop/DeepOnet_Abaqus/StaticElasticJob.odb,Step-1,Increment      1: Step Time =    1.000,"PLATE-1",           423,             1,       2.29714,  -254.958E-03,            0.,"ASSEMBLY_PLATE-1__PICKEDSET2","ROCK","",      -1.02943,      -2.22665,      -2.22656,      -1.02951,  -10.0766E-03
F:/Desktop/DeepOnet_Abaqus/StaticElasticJob.odb,Step-1,Increment      1: Step Time =    1.000,"PLATE-1",           424,             1,      -1.15369,       2.18279,            0.,"ASSEMBLY_PLATE-1__PICKEDSET2","ROCK","",  -988.887E-03,      -2.28504,      -2.28497,  -988.960E-03,  -9.68297E-03
F:/Desktop/DeepOnet_Abaqus/StaticElasticJob.odb,Step-1,Increment      1: Step Time =    1.000,"PLATE-1",           425,             1,   985.231E-03,      -2.08832,            0.,"ASSEMBLY_PLATE-1__PICKEDSET2","ROCK","",  -992.021E-03,      -2.29185,      -2.29182,  -992.056E-03,  -6.69013E-03
F:/Desktop/DeepOnet_Abaqus/StaticElasticJob.odb,Step-1,Increment      1: Step Time =    1.000,"PLATE-1",           426,             1,       2.54275,  -438.003E-03,            0.,"ASSEMBLY_PLATE-1__PICKEDSET2","ROCK","",      -1.02421,      -2.24031,      -2.24018,      -1.02434,  -12.8453E-03
F:/Desktop/DeepOnet_Abaqus/StaticElasticJob.odb,Step-1,Increment      1: Step Time =    1.000,"PLATE-1",           427,             1,       1.90507,   252.843E-03,            0.,"ASSEMBLY_PLATE-1__PICKEDSET2","ROCK","",      -1.03928,      -2.20742,      -2.20685,      -1.03985,   25.9081E-03
F:/Desktop/DeepOnet_Abaqus/StaticElasticJob.odb,Step-1,Increment      1: Step Time =    1.000,"PLATE-1",           428,             1,       2.23341,   392.883E-03,            0.,"ASSEMBLY_PLATE-1__PICKEDSET2","ROCK","",      -1.02712,      -2.23331,      -2.23290,      -1.02753,   22.1851E-03
F:/Desktop/DeepOnet_Abaqus/StaticElasticJob.odb,Step-1,Increment      1: Step Time =    1.000,"PLATE-1",           429,             1,   9.64160E-03,       2.57706,            0.,"ASSEMBLY_PLATE-1__PICKEDSET2","ROCK","",  -997.267E-03,      -2.28518,      -2.28516,  -997.285E-03,   4.73727E-03
F:/Desktop/DeepOnet_Abaqus/StaticElasticJob.odb,Step-1,Increment      1: Step Time =    1.000,"PLATE-1",           430,             1,  -705.141E-03,       2.32322,            0.,"ASSEMBLY_PLATE-1__PICKEDSET2","ROCK","",  -990.572E-03,      -2.28782,      -2.28782,  -990.578E-03,  -2.87947E-03
F:/Desktop/DeepOnet_Abaqus/StaticElasticJob.odb,Step-1,Increment      1: Step Time =    1.000,"PLATE-1",           431,             1,  -151.356E-03,       2.30915,            0.,"ASSEMBLY_PLATE-1__PICKEDSET2","ROCK","",  -993.996E-03,      -2.29082,      -2.29081,  -994.006E-03,   3.64192E-03
F:/Desktop/DeepOnet_Abaqus/StaticElasticJob.odb,Step-1,Increment      1: Step Time =    1.000,"PLATE-1",           432,             1,   35.8525E-03,       2.13442,            0.,"ASSEMBLY_PLATE-1__PICKEDSET2","ROCK","",  -994.221E-03,      -2.29529,      -2.29526,  -994.247E-03,   5.75423E-03
F:/Desktop/DeepOnet_Abaqus/StaticElasticJob.odb,Step-1,Increment      1: Step Time =    1.000,"PLATE-1",           433,             1,   621.306E-03,      -2.79727,            0.,"ASSEMBLY_PLATE-1__PICKEDSET2","ROCK","",      -1.00151,      -2.28187,      -2.28187,      -1.00151,  -456.991E-06
F:/Desktop/DeepOnet_Abaqus/StaticElasticJob.odb,Step-1,Increment      1: Step Time =    1.000,"PLATE-1",           434,             1,   515.451E-03,       2.28495,            0.,"ASSEMBLY_PLATE-1__PICKEDSET2","ROCK","",  -999.708E-03,      -2.28875,      -2.28870,  -999.759E-03,   8.08358E-03
F:/Desktop/DeepOnet_Abaqus/StaticElasticJob.odb,Step-1,Increment      1: Step Time =    1.000,"PLATE-1",           435,             1,   221.868E-03,       2.18613,            0.,"ASSEMBLY_PLATE-1__PICKEDSET2","ROCK","",  -996.698E-03,      -2.29304,      -2.29300,  -996.737E-03,   7.11331E-03
F:/Desktop/DeepOnet_Abaqus/StaticElasticJob.odb,Step-1,Increment      1: Step Time =    1.000,"PLATE-1",           436,             1,      -2.65237,  -539.121E-03,            0.,"ASSEMBLY_PLATE-1__PICKEDSET2","ROCK","",      -1.01752,      -2.25271,      -2.25253,      -1.01770,   14.7614E-03
F:/Desktop/DeepOnet_Abaqus/StaticElasticJob.odb,Step-1,Increment      1: Step Time =    1.000,"PLATE-1",           437,             1,       2.04755,      -1.45255,            0.,"ASSEMBLY_PLATE-1__PICKEDSET2","ROCK","",  -996.906E-03,      -2.26899,      -2.26835,  -997.552E-03,  -28.6379E-03
F:/Desktop/DeepOnet_Abaqus/StaticElasticJob.odb,Step-1,Increment      1: Step Time =    1.000,"PLATE-1",           438,             1,      -1.15475,      -2.14414,            0.,"ASSEMBLY_PLATE-1__PICKEDSET2","ROCK","",      -1.00121,      -2.28440,      -2.28432,      -1.00129,   10.0686E-03
F:/Desktop/DeepOnet_Abaqus/StaticElasticJob.odb,Step-1,Increment      1: Step Time =    1.000,"PLATE-1",           439,             1,   716.205E-03,      -2.35376,            0.,"ASSEMBLY_PLATE-1__PICKEDSET2","ROCK","",  -997.434E-03,      -2.28790,      -2.28790,  -997.438E-03,  -2.24691E-03
F:/Desktop/DeepOnet_Abaqus/StaticElasticJob.odb,Step-1,Increment      1: Step Time =    1.000,"PLATE-1",           440,             1,   848.173E-03,      -2.20410,            0.,"ASSEMBLY_PLATE-1__PICKEDSET2","ROCK","",  -994.026E-03,      -2.29101,      -2.29100,  -994.042E-03,  -4.66429E-03
F:/Desktop/DeepOnet_Abaqus/StaticElasticJob.odb,Step-1,Increment      1: Step Time =    1.000,"PLATE-1",           441,             1,   939.917E-03,       2.28514,            0.,"ASSEMBLY_PLATE-1__PICKEDSET2","ROCK","",      -1.00085,      -2.28669,      -2.28664,      -1.00090,   8.26240E-03
F:/Desktop/DeepOnet_Abaqus/StaticElasticJob.odb,Step-1,Increment      1: Step Time =    1.000,"PLATE-1",           442,             1,      -2.39619,      -1.20607,            0.,"ASSEMBLY_PLATE-1__PICKEDSET2","ROCK","",      -1.00712,      -2.26369,      -2.26335,      -1.00747,   20.8123E-03
F:/Desktop/DeepOnet_Abaqus/StaticElasticJob.odb,Step-1,Increment      1: Step Time =    1.000,"PLATE-1",           443,             1,       2.21111,       1.80774,            0.,"ASSEMBLY_PLATE-1__PICKEDSET2","ROCK","",      -1.00156,      -2.27612,      -2.27592,      -1.00176,   15.9427E-03
F:/Desktop/DeepOnet_Abaqus/StaticElasticJob.odb,Step-1,Increment      1: Step Time =    1.000,"PLATE-1",           444,             1,       2.48877,  -924.814E-03,            0.,"ASSEMBLY_PLATE-1__PICKEDSET2","ROCK","",      -1.01290,      -2.25221,      -2.25176,      -1.01335,  -23.5683E-03
F:/Desktop/DeepOnet_Abaqus/StaticElasticJob.odb,Step-1,Increment      1: Step Time =    1.000,"PLATE-1",           445,             1,      -2.56750,       1.70407,            0.,"ASSEMBLY_PLATE-1__PICKEDSET2","ROCK","",      -1.00691,      -2.26324,      -2.26307,      -1.00708,  -14.6766E-03
F:/Desktop/DeepOnet_Abaqus/StaticElasticJob.odb,Step-1,Increment      1: Step Time =    1.000,"PLATE-1",           446,             1,       1.86711,      -3.15099,            0.,"ASSEMBLY_PLATE-1__PICKEDSET2","ROCK","",  -999.195E-03,      -2.27374,      -2.27372,  -999.216E-03,  -5.17250E-03
F:/Desktop/DeepOnet_Abaqus/StaticElasticJob.odb,Step-1,Increment      1: Step Time =    1.000,"PLATE-1",           447,             1,       2.04896,  -173.965E-03,            0.,"ASSEMBLY_PLATE-1__PICKEDSET2","ROCK","",      -1.03662,      -2.21047,      -2.21037,      -1.03672,  -10.6682E-03
F:/Desktop/DeepOnet_Abaqus/StaticElasticJob.odb,Step-1,Increment      1: Step Time =    1.000,"PLATE-1",           448,             1,       2.06073,   12.3622E-03,            0.,"ASSEMBLY_PLATE-1__PICKEDSET2","ROCK","",      -1.03725,      -2.21117,      -2.21117,      -1.03726,   2.62992E-03
F:/Desktop/DeepOnet_Abaqus/StaticElasticJob.odb,Step-1,Increment      1: Step Time =    1.000,"PLATE-1",           449,             1,       2.32051,  -658.161E-03,            0.,"ASSEMBLY_PLATE-1__PICKEDSET2","ROCK","",      -1.01878,      -2.24139,      -2.24091,      -1.01925,  -24.1178E-03
F:/Desktop/DeepOnet_Abaqus/StaticElasticJob.odb,Step-1,Increment      1: Step Time =    1.000,"PLATE-1",           450,             1,      -2.20295,      -1.50615,            0.,"ASSEMBLY_PLATE-1__PICKEDSET2","ROCK","",      -1.00373,      -2.26947,      -2.26912,      -1.00407,   20.9300E-03
F:/Desktop/DeepOnet_Abaqus/StaticElasticJob.odb,Step-1,Increment      1: Step Time =    1.000,"PLATE-1",           451,             1,      -2.21380,  -644.932E-03,            0.,"ASSEMBLY_PLATE-1__PICKEDSET2","ROCK","",      -1.01662,      -2.25039,      -2.24994,      -1.01706,   23.5034E-03
F:/Desktop/DeepOnet_Abaqus/StaticElasticJob.odb,Step-1,Increment      1: Step Time =    1.000,"PLATE-1",           452,             1,      -2.11408,  -290.978E-03,            0.,"ASSEMBLY_PLATE-1__PICKEDSET2","ROCK","",      -1.02460,      -2.23679,      -2.23650,      -1.02489,   18.8950E-03
F:/Desktop/DeepOnet_Abaqus/StaticElasticJob.odb,Step-1,Increment      1: Step Time =    1.000,"PLATE-1",           453,             1,      -1.94586,  -189.749E-03,            0.,"ASSEMBLY_PLATE-1__PICKEDSET2","ROCK","",      -1.02960,      -2.22674,      -2.22647,      -1.02987,   17.8702E-03
F:/Desktop/DeepOnet_Abaqus/StaticElasticJob.odb,Step-1,Increment      1: Step Time =    1.000,"PLATE-1",           454,             1,      -2.09494,       1.28609,            0.,"ASSEMBLY_PLATE-1__PICKEDSET2","ROCK","",      -1.00629,      -2.25753,      -2.25712,      -1.00669,  -22.4826E-03
F:/Desktop/DeepOnet_Abaqus/StaticElasticJob.odb,Step-1,Increment      1: Step Time =    1.000,"PLATE-1",           455,             1,      -2.19348,       1.15599,            0.,"ASSEMBLY_PLATE-1__PICKEDSET2","ROCK","",      -1.01012,      -2.25345,      -2.25311,      -1.01046,  -20.5187E-03
F:/Desktop/DeepOnet_Abaqus/StaticElasticJob.odb,Step-1,Increment      1: Step Time =    1.000,"PLATE-1",           456,             1,   77.4044E-03,      -2.26242,            0.,"ASSEMBLY_PLATE-1__PICKEDSET2","ROCK","",      -1.00188,      -2.29105,      -2.29104,      -1.00189,   2.89792E-03
F:/Desktop/DeepOnet_Abaqus/StaticElasticJob.odb,Step-1,Increment      1: Step Time =    1.000,"PLATE-1",           457,             1,       1.36547,       2.16901,            0.,"ASSEMBLY_PLATE-1__PICKEDSET2","ROCK","",      -1.00001,      -2.28522,      -2.28515,      -1.00009,   9.75803E-03
F:/Desktop/DeepOnet_Abaqus/StaticElasticJob.odb,Step-1,Increment      1: Step Time =    1.000,"PLATE-1",           458,             1,      -1.33526,       2.19418,            0.,"ASSEMBLY_PLATE-1__PICKEDSET2","ROCK","",  -990.778E-03,      -2.28113,      -2.28102,  -990.884E-03,  -11.7115E-03
F:/Desktop/DeepOnet_Abaqus/StaticElasticJob.odb,Step-1,Increment      1: Step Time =    1.000,"PLATE-1",           459,             1,      -1.46503,       2.59158,            0.,"ASSEMBLY_PLATE-1__PICKEDSET2","ROCK","",  -994.193E-03,      -2.27808,      -2.27804,  -994.237E-03,  -7.49115E-03
F:/Desktop/DeepOnet_Abaqus/StaticElasticJob.odb,Step-1,Increment      1: Step Time =    1.000,"PLATE-1",           460,             1,       1.95373,       2.15871,            0.,"ASSEMBLY_PLATE-1__PICKEDSET2","ROCK","",  -999.890E-03,      -2.27856,      -2.27847,  -999.975E-03,   10.4208E-03
F:/Desktop/DeepOnet_Abaqus/StaticElasticJob.odb,Step-1,Increment      1: Step Time =    1.000,"PLATE-1",           461,             1,       2.30169,      -1.36797,            0.,"ASSEMBLY_PLATE-1__PICKEDSET2","ROCK","",      -1.00254,      -2.26377,      -2.26324,      -1.00307,  -25.8692E-03
F:/Desktop/DeepOnet_Abaqus/StaticElasticJob.odb,Step-1,Increment      1: Step Time =    1.000,"PLATE-1",           462,             1,      -2.58780,      -3.02809,            0.,"ASSEMBLY_PLATE-1__PICKEDSET2","ROCK","",  -999.782E-03,      -2.26640,      -2.26638,  -999.804E-03,   5.32707E-03
F:/Desktop/DeepOnet_Abaqus/StaticElasticJob.odb,Step-1,Increment      1: Step Time =    1.000,"PLATE-1",           463,             1,       2.63303,      -1.26282,            0.,"ASSEMBLY_PLATE-1__PICKEDSET2","ROCK","",      -1.00867,      -2.25924,      -2.25885,      -1.00905,  -21.9361E-03
F:/Desktop/DeepOnet_Abaqus/StaticElasticJob.odb,Step-1,Increment      1: Step Time =    1.000,"PLATE-1",           464,             1,       3.29235,       1.30246,            0.,"ASSEMBLY_PLATE-1__PICKEDSET2","ROCK","",      -1.01429,      -2.26246,      -2.26234,      -1.01440,   11.9114E-03
F:/Desktop/DeepOnet_Abaqus/StaticElasticJob.odb,Step-1,Increment      1: Step Time =    1.000,"PLATE-1",           465,             1,       2.55310,   778.107E-03,            0.,"ASSEMBLY_PLATE-1__PICKEDSET2","ROCK","",      -1.01649,      -2.25385,      -2.25347,      -1.01687,   21.8265E-03
F:/Desktop/DeepOnet_Abaqus/StaticElasticJob.odb,Step-1,Increment      1: Step Time =    1.000,"PLATE-1",           466,             1,       2.02118,   374.734E-03,            0.,"ASSEMBLY_PLATE-1__PICKEDSET2","ROCK","",      -1.03188,      -2.22052,      -2.21980,      -1.03259,   29.1271E-03
F:/Desktop/DeepOnet_Abaqus/StaticElasticJob.odb,Step-1,Increment      1: Step Time =    1.000,"PLATE-1",           467,             1,      -2.33969,   452.021E-03,            0.,"ASSEMBLY_PLATE-1__PICKEDSET2","ROCK","",      -1.02247,      -2.24012,      -2.24008,      -1.02251,  -7.05719E-03
F:/Desktop/DeepOnet_Abaqus/StaticElasticJob.odb,Step-1,Increment      1: Step Time =    1.000,"PLATE-1",           468,             1,  -542.197E-03,      -2.04346,            0.,"ASSEMBLY_PLATE-1__PICKEDSET2","ROCK","",      -1.00217,      -2.29285,      -2.29281,      -1.00221,   7.49666E-03
F:/Desktop/DeepOnet_Abaqus/StaticElasticJob.odb,Step-1,Increment      1: Step Time =    1.000,"PLATE-1",           469,             1,   279.777E-03,       2.41132,            0.,"ASSEMBLY_PLATE-1__PICKEDSET2","ROCK","",  -998.205E-03,      -2.28751,      -2.28748,  -998.234E-03,   6.19212E-03
F:/Desktop/DeepOnet_Abaqus/StaticElasticJob.odb,Step-1,Increment      1: Step Time =    1.000,"PLATE-1",           470,             1,  -643.000E-03,       3.23178,            0.,"ASSEMBLY_PLATE-1__PICKEDSET2","ROCK","",  -998.114E-03,      -2.27697,      -2.27697,  -998.116E-03,   1.30384E-03
F:/Desktop/DeepOnet_Abaqus/StaticElasticJob.odb,Step-1,Increment      1: Step Time =    1.000,"PLATE-1",           471,             1,       2.52329,   371.519E-03,            0.,"ASSEMBLY_PLATE-1__PICKEDSET2","ROCK","",      -1.02432,      -2.24120,      -2.24100,      -1.02452,   15.7280E-03
F:/Desktop/DeepOnet_Abaqus/StaticElasticJob.odb,Step-1,Increment      1: Step Time =    1.000,"PLATE-1",           472,             1,  -410.180E-03,       2.45732,            0.,"ASSEMBLY_PLATE-1__PICKEDSET2","ROCK","",  -993.447E-03,      -2.28718,      -2.28718,  -993.448E-03,   1.16419E-03
F:/Desktop/DeepOnet_Abaqus/StaticElasticJob.odb,Step-1,Increment      1: Step Time =    1.000,"PLATE-1",           473,             1,  -682.313E-03,       2.84799,            0.,"ASSEMBLY_PLATE-1__PICKEDSET2","ROCK","",  -995.749E-03,      -2.28051,      -2.28051,  -995.749E-03,  -133.558E-06
F:/Desktop/DeepOnet_Abaqus/StaticElasticJob.odb,Step-1,Increment      1: Step Time =    1.000,"PLATE-1",           474,             1,   439.756E-03,       2.60970,            0.,"ASSEMBLY_PLATE-1__PICKEDSET2","ROCK","",  -999.755E-03,      -2.28298,      -2.28295,  -999.784E-03,   6.08652E-03
F:/Desktop/DeepOnet_Abaqus/StaticElasticJob.odb,Step-1,Increment      1: Step Time =    1.000,"PLATE-1",           475,             1,      -2.35456,  -399.258E-03,            0.,"ASSEMBLY_PLATE-1__PICKEDSET2","ROCK","",      -1.02059,      -2.24452,      -2.24428,      -1.02083,   17.0182E-03
F:/Desktop/DeepOnet_Abaqus/StaticElasticJob.odb,Step-1,Increment      1: Step Time =    1.000,"PLATE-1",           476,             1,      -2.14992,   902.923E-03,            0.,"ASSEMBLY_PLATE-1__PICKEDSET2","ROCK","",      -1.01497,      -2.24576,      -2.24541,      -1.01532,  -20.7622E-03
F:/Desktop/DeepOnet_Abaqus/StaticElasticJob.odb,Step-1,Increment      1: Step Time =    1.000,"PLATE-1",           477,             1,      -2.45711,   192.382E-03,            0.,"ASSEMBLY_PLATE-1__PICKEDSET2","ROCK","",      -1.02339,      -2.24126,      -2.24126,      -1.02340,   1.50607E-03
F:/Desktop/DeepOnet_Abaqus/StaticElasticJob.odb,Step-1,Increment      1: Step Time =    1.000,"PLATE-1",           478,             1,       1.16908,      -2.95939,            0.,"ASSEMBLY_PLATE-1__PICKEDSET2","ROCK","",  -999.525E-03,      -2.27883,      -2.27882,  -999.532E-03,  -3.00398E-03
F:/Desktop/DeepOnet_Abaqus/StaticElasticJob.odb,Step-1,Increment      1: Step Time =    1.000,"PLATE-1",           479,             1,      -2.66838,      -1.03356,            0.,"ASSEMBLY_PLATE-1__PICKEDSET2","ROCK","",      -1.01005,      -2.26023,      -2.25997,      -1.01031,   18.1891E-03
F:/Desktop/DeepOnet_Abaqus/StaticElasticJob.odb,Step-1,Increment      1: Step Time =    1.000,"PLATE-1",           480,             1,       1.32841,       2.45550,            0.,"ASSEMBLY_PLATE-1__PICKEDSET2","ROCK","",      -1.00047,      -2.28038,      -2.28034,      -1.00051,   7.11922E-03
F:/Desktop/DeepOnet_Abaqus/StaticElasticJob.odb,Step-1,Increment      1: Step Time =    1.000,"PLATE-1",           481,             1,   781.323E-03,       2.48338,            0.,"ASSEMBLY_PLATE-1__PICKEDSET2","ROCK","",      -1.00068,      -2.28418,      -2.28415,      -1.00072,   6.72429E-03
F:/Desktop/DeepOnet_Abaqus/StaticElasticJob.odb,Step-1,Increment      1: Step Time =    1.000,"PLATE-1",           482,             1,  -379.318E-03,      -3.36315,            0.,"ASSEMBLY_PLATE-1__PICKEDSET2","ROCK","",      -1.00633,      -2.27602,      -2.27602,      -1.00633,   1.30864E-03
F:/Desktop/DeepOnet_Abaqus/StaticElasticJob.odb,Step-1,Increment      1: Step Time =    1.000,"PLATE-1",           483,             1,  -773.054E-03,      -2.25025,            0.,"ASSEMBLY_PLATE-1__PICKEDSET2","ROCK","",      -1.00290,      -2.28655,      -2.28651,      -1.00294,   7.24362E-03
F:/Desktop/DeepOnet_Abaqus/StaticElasticJob.odb,Step-1,Increment      1: Step Time =    1.000,"PLATE-1",           484,             1,      -2.41654,      -1.65054,            0.,"ASSEMBLY_PLATE-1__PICKEDSET2","ROCK","",      -1.00367,      -2.26835,      -2.26811,      -1.00391,   17.3706E-03
F:/Desktop/DeepOnet_Abaqus/StaticElasticJob.odb,Step-1,Increment      1: Step Time =    1.000,"PLATE-1",           485,             1,      -2.19107,  -63.3560E-03,            0.,"ASSEMBLY_PLATE-1__PICKEDSET2","ROCK","",      -1.02642,      -2.23358,      -2.23351,      -1.02650,   9.61305E-03
F:/Desktop/DeepOnet_Abaqus/StaticElasticJob.odb,Step-1,Increment      1: Step Time =    1.000,"PLATE-1",           486,             1,       2.19918,   138.576E-03,            0.,"ASSEMBLY_PLATE-1__PICKEDSET2","ROCK","",      -1.03330,      -2.22066,      -2.22057,      -1.03339,   10.3851E-03
F:/Desktop/DeepOnet_Abaqus/StaticElasticJob.odb,Step-1,Increment      1: Step Time =    1.000,"PLATE-1",           487,             1,       2.14645,  -477.365E-03,            0.,"ASSEMBLY_PLATE-1__PICKEDSET2","ROCK","",      -1.02534,      -2.22739,      -2.22688,      -1.02584,  -24.5773E-03
F:/Desktop/DeepOnet_Abaqus/StaticElasticJob.odb,Step-1,Increment      1: Step Time =    1.000,"PLATE-1",           488,             1,      -2.26422,       1.28685,            0.,"ASSEMBLY_PLATE-1__PICKEDSET2","ROCK","",      -1.00820,      -2.25755,      -2.25725,      -1.00850,  -19.4204E-03
F:/Desktop/DeepOnet_Abaqus/StaticElasticJob.odb,Step-1,Increment      1: Step Time =    1.000,"PLATE-1",           489,             1,  -132.505E-03,      -2.43437,            0.,"ASSEMBLY_PLATE-1__PICKEDSET2","ROCK","",      -1.00393,      -2.28592,      -2.28592,      -1.00394,   3.40969E-03
F:/Desktop/DeepOnet_Abaqus/StaticElasticJob.odb,Step-1,Increment      1: Step Time =    1.000,"PLATE-1",           490,             1,      -2.75775,   200.336E-03,            0.,"ASSEMBLY_PLATE-1__PICKEDSET2","ROCK","",      -1.02106,      -2.24879,      -2.24879,      -1.02106,   1.95465E-03
F:/Desktop/DeepOnet_Abaqus/StaticElasticJob.odb,Step-1,Increment      1: Step Time =    1.000,"PLATE-1",           491,             1,      -2.45033,  -799.612E-03,            0.,"ASSEMBLY_PLATE-1__PICKEDSET2","ROCK","",      -1.01328,      -2.25642,      -2.25610,      -1.01360,   20.0347E-03
F:/Desktop/DeepOnet_Abaqus/StaticElasticJob.odb,Step-1,Increment      1: Step Time =    1.000,"PLATE-1",           492,             1,      -2.45166,  -115.248E-03,            0.,"ASSEMBLY_PLATE-1__PICKEDSET2","ROCK","",      -1.02323,      -2.24224,      -2.24216,      -1.02331,   9.86863E-03
F:/Desktop/DeepOnet_Abaqus/StaticElasticJob.odb,Step-1,Increment      1: Step Time =    1.000,"PLATE-1",           493,             1,       1.34755,      -2.49735,            0.,"ASSEMBLY_PLATE-1__PICKEDSET2","ROCK","",  -995.286E-03,      -2.28247,      -2.28242,  -995.331E-03,  -7.55710E-03
F:/Desktop/DeepOnet_Abaqus/StaticElasticJob.odb,Step-1,Increment      1: Step Time =    1.000,"PLATE-1",           494,             1,       2.34142,      -1.70281,            0.,"ASSEMBLY_PLATE-1__PICKEDSET2","ROCK","",  -999.604E-03,      -2.26846,      -2.26809,  -999.977E-03,  -21.7409E-03
F:/Desktop/DeepOnet_Abaqus/StaticElasticJob.odb,Step-1,Increment      1: Step Time =    1.000,"PLATE-1",           495,             1,       2.89131,       1.27513,            0.,"ASSEMBLY_PLATE-1__PICKEDSET2","ROCK","",      -1.01118,      -2.26321,      -2.26300,      -1.01139,   16.2138E-03
F:/Desktop/DeepOnet_Abaqus/StaticElasticJob.odb,Step-1,Increment      1: Step Time =    1.000,"PLATE-1",           496,             1,       2.19249,       1.52357,            0.,"ASSEMBLY_PLATE-1__PICKEDSET2","ROCK","",      -1.00213,      -2.27520,      -2.27488,      -1.00246,   20.3780E-03
F:/Desktop/DeepOnet_Abaqus/StaticElasticJob.odb,Step-1,Increment      1: Step Time =    1.000,"PLATE-1",           497,             1,      -1.95576,      -2.76774,            0.,"ASSEMBLY_PLATE-1__PICKEDSET2","ROCK","",      -1.00183,      -2.27165,      -2.27160,      -1.00188,   7.52089E-03
F:/Desktop/DeepOnet_Abaqus/StaticElasticJob.odb,Step-1,Increment      1: Step Time =    1.000,"PLATE-1",           498,             1,      -2.18150,      -1.83149,            0.,"ASSEMBLY_PLATE-1__PICKEDSET2","ROCK","",      -1.00197,      -2.27192,      -2.27171,      -1.00218,   16.4020E-03
F:/Desktop/DeepOnet_Abaqus/StaticElasticJob.odb,Step-1,Increment      1: Step Time =    1.000,"PLATE-1",           499,             1,       1.61937,       2.73188,            0.,"ASSEMBLY_PLATE-1__PICKEDSET2","ROCK","",      -1.00074,      -2.27478,      -2.27476,      -1.00076,   5.24156E-03
F:/Desktop/DeepOnet_Abaqus/StaticElasticJob.odb,Step-1,Increment      1: Step Time =    1.000,"PLATE-1",           500,             1,      -3.00451,       2.98446,            0.,"ASSEMBLY_PLATE-1__PICKEDSET2","ROCK","",      -1.00288,      -2.26498,      -2.26495,      -1.00290,  -5.42340E-03
F:/Desktop/DeepOnet_Abaqus/StaticElasticJob.odb,Step-1,Increment      1: Step Time =    1.000,"PLATE-1",           501,             1,      -2.45863,       1.17114,            0.,"ASSEMBLY_PLATE-1__PICKEDSET2","ROCK","",      -1.01178,      -2.25456,      -2.25433,      -1.01201,  -16.9633E-03
F:/Desktop/DeepOnet_Abaqus/StaticElasticJob.odb,Step-1,Increment      1: Step Time =    1.000,"PLATE-1",           502,             1,       1.99051,      -1.93868,            0.,"ASSEMBLY_PLATE-1__PICKEDSET2","ROCK","",  -995.176E-03,      -2.27557,      -2.27530,  -995.455E-03,  -18.8947E-03
F:/Desktop/DeepOnet_Abaqus/StaticElasticJob.odb,Step-1,Increment      1: Step Time =    1.000,"PLATE-1",           503,             1,       2.43397,       1.60864,            0.,"ASSEMBLY_PLATE-1__PICKEDSET2","ROCK","",      -1.00368,      -2.27259,      -2.27234,      -1.00393,   17.7881E-03
F:/Desktop/DeepOnet_Abaqus/StaticElasticJob.odb,Step-1,Increment      1: Step Time =    1.000,"PLATE-1",           504,             1,       3.10523,       2.06005,            0.,"ASSEMBLY_PLATE-1__PICKEDSET2","ROCK","",      -1.00558,      -2.26615,      -2.26610,      -1.00563,   8.45111E-03
F:/Desktop/DeepOnet_Abaqus/StaticElasticJob.odb,Step-1,Increment      1: Step Time =    1.000,"PLATE-1",           505,             1,       2.43289,   28.9473E-03,            0.,"ASSEMBLY_PLATE-1__PICKEDSET2","ROCK","",      -1.02995,      -2.23111,      -2.23110,      -1.02996,   3.46562E-03
F:/Desktop/DeepOnet_Abaqus/StaticElasticJob.odb,Step-1,Increment      1: Step Time =    1.000,"PLATE-1",           506,             1,      -2.56066,   934.188E-03,            0.,"ASSEMBLY_PLATE-1__PICKEDSET2","ROCK","",      -1.01552,      -2.25216,      -2.25201,      -1.01567,  -13.5238E-03
F:/Desktop/DeepOnet_Abaqus/StaticElasticJob.odb,Step-1,Increment      1: Step Time =    1.000,"PLATE-1",           507,             1,       2.25013,      -2.07574,            0.,"ASSEMBLY_PLATE-1__PICKEDSET2","ROCK","",  -997.835E-03,      -2.27225,      -2.27202,  -998.069E-03,  -17.2508E-03
F:/Desktop/DeepOnet_Abaqus/StaticElasticJob.odb,Step-1,Increment      1: Step Time =    1.000,"PLATE-1",           508,             1,  -984.624E-03,       2.50016,            0.,"ASSEMBLY_PLATE-1__PICKEDSET2","ROCK","",  -992.028E-03,      -2.28327,      -2.28325,  -992.045E-03,  -4.68013E-03
F:/Desktop/DeepOnet_Abaqus/StaticElasticJob.odb,Step-1,Increment      1: Step Time =    1.000,"PLATE-1",           509,             1,       1.32734,       3.71100,            0.,"ASSEMBLY_PLATE-1__PICKEDSET2","ROCK","",  -999.965E-03,      -2.26544,      -2.26544,  -999.966E-03,   1.04913E-03
F:/Desktop/DeepOnet_Abaqus/StaticElasticJob.odb,Step-1,Increment      1: Step Time =    1.000,"PLATE-1",           510,             1,       2.54060,       1.21670,            0.,"ASSEMBLY_PLATE-1__PICKEDSET2","ROCK","",      -1.00807,      -2.26585,      -2.26550,      -1.00841,   20.9281E-03
F:/Desktop/DeepOnet_Abaqus/StaticElasticJob.odb,Step-1,Increment      1: Step Time =    1.000,"PLATE-1",           511,             1,      -3.21492,      -1.25998,            0.,"ASSEMBLY_PLATE-1__PICKEDSET2","ROCK","",      -1.00974,      -2.26208,      -2.26197,      -1.00985,   11.5964E-03
F:/Desktop/DeepOnet_Abaqus/StaticElasticJob.odb,Step-1,Increment      1: Step Time =    1.000,"PLATE-1",           512,             1,      -2.79889,      -1.37929,            0.,"ASSEMBLY_PLATE-1__PICKEDSET2","ROCK","",      -1.00672,      -2.26337,      -2.26316,      -1.00693,   16.3949E-03
F:/Desktop/DeepOnet_Abaqus/StaticElasticJob.odb,Step-1,Increment      1: Step Time =    1.000,"PLATE-1",           513,             1,       1.19558,      -3.74632,            0.,"ASSEMBLY_PLATE-1__PICKEDSET2","ROCK","",      -1.00200,      -2.27565,      -2.27564,      -1.00200,  -485.500E-06
F:/Desktop/DeepOnet_Abaqus/StaticElasticJob.odb,Step-1,Increment      1: Step Time =    1.000,"PLATE-1",           514,             1,       1.99265,      -2.44631,            0.,"ASSEMBLY_PLATE-1__PICKEDSET2","ROCK","",  -996.484E-03,      -2.27630,      -2.27619,  -996.593E-03,  -11.7934E-03
F:/Desktop/DeepOnet_Abaqus/StaticElasticJob.odb,Step-1,Increment      1: Step Time =    1.000,"PLATE-1",           515,             1,      -1.74863,      -2.38926,            0.,"ASSEMBLY_PLATE-1__PICKEDSET2","ROCK","",      -1.00137,      -2.27554,      -2.27546,      -1.00145,   10.3418E-03
F:/Desktop/DeepOnet_Abaqus/StaticElasticJob.odb,Step-1,Increment      1: Step Time =    1.000,"PLATE-1",           516,             1,      -3.18564,  -261.563E-03,            0.,"ASSEMBLY_PLATE-1__PICKEDSET2","ROCK","",      -1.02010,      -2.25587,      -2.25584,      -1.02014,   6.99744E-03
F:/Desktop/DeepOnet_Abaqus/StaticElasticJob.odb,Step-1,Increment      1: Step Time =    1.000,"PLATE-1",           517,             1,   299.921E-03,      -3.32211,            0.,"ASSEMBLY_PLATE-1__PICKEDSET2","ROCK","",      -1.00466,      -2.27768,      -2.27768,      -1.00466,   745.907E-06
F:/Desktop/DeepOnet_Abaqus/StaticElasticJob.odb,Step-1,Increment      1: Step Time =    1.000,"PLATE-1",           518,             1,   493.460E-03,      -2.47725,            0.,"ASSEMBLY_PLATE-1__PICKEDSET2","ROCK","",      -1.00048,      -2.28630,      -2.28630,      -1.00048,   39.7990E-06
F:/Desktop/DeepOnet_Abaqus/StaticElasticJob.odb,Step-1,Increment      1: Step Time =    1.000,"PLATE-1",           519,             1,  -846.659E-03,      -2.54146,            0.,"ASSEMBLY_PLATE-1__PICKEDSET2","ROCK","",      -1.00405,      -2.28125,      -2.28122,      -1.00408,   5.32423E-03
F:/Desktop/DeepOnet_Abaqus/StaticElasticJob.odb,Step-1,Increment      1: Step Time =    1.000,"PLATE-1",           520,             1,   163.392E-03,      -2.90298,            0.,"ASSEMBLY_PLATE-1__PICKEDSET2","ROCK","",      -1.00442,      -2.28077,      -2.28077,      -1.00442,   1.50462E-03
F:/Desktop/DeepOnet_Abaqus/StaticElasticJob.odb,Step-1,Increment      1: Step Time =    1.000,"PLATE-1",           521,             1,       3.06943,  -389.316E-03,            0.,"ASSEMBLY_PLATE-1__PICKEDSET2","ROCK","",      -1.02529,      -2.25181,      -2.25177,      -1.02533,  -6.27543E-03
F:/Desktop/DeepOnet_Abaqus/StaticElasticJob.odb,Step-1,Increment      1: Step Time =    1.000,"PLATE-1",           522,             1,      -2.33274,   930.472E-03,            0.,"ASSEMBLY_PLATE-1__PICKEDSET2","ROCK","",      -1.01473,      -2.24816,      -2.24792,      -1.01498,  -17.4729E-03
F:/Desktop/DeepOnet_Abaqus/StaticElasticJob.odb,Step-1,Increment      1: Step Time =    1.000,"PLATE-1",           523,             1,  -911.730E-03,      -2.90414,            0.,"ASSEMBLY_PLATE-1__PICKEDSET2","ROCK","",      -1.00518,      -2.27771,      -2.27770,      -1.00519,   3.67326E-03
F:/Desktop/DeepOnet_Abaqus/StaticElasticJob.odb,Step-1,Increment      1: Step Time =    1.000,"PLATE-1",           524,             1,  -691.565E-03,       2.54041,            0.,"ASSEMBLY_PLATE-1__PICKEDSET2","ROCK","",  -992.822E-03,      -2.28480,      -2.28480,  -992.824E-03,  -1.41923E-03
F:/Desktop/DeepOnet_Abaqus/StaticElasticJob.odb,Step-1,Increment      1: Step Time =    1.000,"PLATE-1",           525,             1,  -157.848E-03,       3.09221,            0.,"ASSEMBLY_PLATE-1__PICKEDSET2","ROCK","",  -998.597E-03,      -2.27831,      -2.27831,  -998.604E-03,   2.96448E-03
F:/Desktop/DeepOnet_Abaqus/StaticElasticJob.odb,Step-1,Increment      1: Step Time =    1.000,"PLATE-1",           526,             1,       1.00939,      -2.66547,            0.,"ASSEMBLY_PLATE-1__PICKEDSET2","ROCK","",  -998.237E-03,      -2.28233,      -2.28232,  -998.248E-03,  -3.70892E-03
F:/Desktop/DeepOnet_Abaqus/StaticElasticJob.odb,Step-1,Increment      1: Step Time =    1.000,"PLATE-1",           527,             1,   928.599E-03,      -2.40577,            0.,"ASSEMBLY_PLATE-1__PICKEDSET2","ROCK","",  -996.103E-03,      -2.28668,      -2.28667,  -996.116E-03,  -4.12908E-03
F:/Desktop/DeepOnet_Abaqus/StaticElasticJob.odb,Step-1,Increment      1: Step Time =    1.000,"PLATE-1",           528,             1,       3.25884,   62.7097E-03,            0.,"ASSEMBLY_PLATE-1__PICKEDSET2","ROCK","",      -1.02547,      -2.25441,      -2.25440,      -1.02547,   2.03900E-03
F:/Desktop/DeepOnet_Abaqus/StaticElasticJob.odb,Step-1,Increment      1: Step Time =    1.000,"PLATE-1",           529,             1,      -3.67196,       2.86823,            0.,"ASSEMBLY_PLATE-1__PICKEDSET2","ROCK","",      -1.00372,      -2.26227,      -2.26227,      -1.00373,  -2.13069E-03
F:/Desktop/DeepOnet_Abaqus/StaticElasticJob.odb,Step-1,Increment      1: Step Time =    1.000,"PLATE-1",           530,             1,       2.92911,   730.784E-03,            0.,"ASSEMBLY_PLATE-1__PICKEDSET2","ROCK","",      -1.01819,      -2.25607,      -2.25590,      -1.01836,   14.6758E-03
F:/Desktop/DeepOnet_Abaqus/StaticElasticJob.odb,Step-1,Increment      1: Step Time =    1.000,"PLATE-1",           531,             1,       3.01510,      -1.08097,            0.,"ASSEMBLY_PLATE-1__PICKEDSET2","ROCK","",      -1.01459,      -2.25831,      -2.25812,      -1.01478,  -15.1190E-03
F:/Desktop/DeepOnet_Abaqus/StaticElasticJob.odb,Step-1,Increment      1: Step Time =    1.000,"PLATE-1",           532,             1,   921.965E-03,       3.16893,            0.,"ASSEMBLY_PLATE-1__PICKEDSET2","ROCK","",      -1.00050,      -2.27349,      -2.27348,      -1.00051,   3.72601E-03
F:/Desktop/DeepOnet_Abaqus/StaticElasticJob.odb,Step-1,Increment      1: Step Time =    1.000,"PLATE-1",           533,             1,   195.096E-03,       2.84799,            0.,"ASSEMBLY_PLATE-1__PICKEDSET2","ROCK","",  -999.225E-03,      -2.27979,      -2.27978,  -999.241E-03,   4.50809E-03
F:/Desktop/DeepOnet_Abaqus/StaticElasticJob.odb,Step-1,Increment      1: Step Time =    1.000,"PLATE-1",           534,             1,      -3.26744,   685.603E-03,            0.,"ASSEMBLY_PLATE-1__PICKEDSET2","ROCK","",      -1.02104,      -2.25725,      -2.25724,      -1.02105,  -3.57666E-03
F:/Desktop/DeepOnet_Abaqus/StaticElasticJob.odb,Step-1,Increment      1: Step Time =    1.000,"PLATE-1",           535,             1,       1.03864,       2.49596,            0.,"ASSEMBLY_PLATE-1__PICKEDSET2","ROCK","",      -1.00111,      -2.28218,      -2.28214,      -1.00114,   6.82337E-03
F:/Desktop/DeepOnet_Abaqus/StaticElasticJob.odb,Step-1,Increment      1: Step Time =    1.000,"PLATE-1",           536,             1,   681.538E-03,       2.74451,            0.,"ASSEMBLY_PLATE-1__PICKEDSET2","ROCK","",      -1.00024,      -2.27966,      -2.27964,      -1.00027,   5.46379E-03
F:/Desktop/DeepOnet_Abaqus/StaticElasticJob.odb,Step-1,Increment      1: Step Time =    1.000,"PLATE-1",           537,             1,       3.69072,      -1.35061,            0.,"ASSEMBLY_PLATE-1__PICKEDSET2","ROCK","",      -1.02054,      -2.26156,      -2.26153,      -1.02056,  -5.56418E-03
F:/Desktop/DeepOnet_Abaqus/StaticElasticJob.odb,Step-1,Increment      1: Step Time =    1.000,"PLATE-1",           538,             1,       3.65146,       2.83341,            0.,"ASSEMBLY_PLATE-1__PICKEDSET2","ROCK","",      -1.00133,      -2.26225,      -2.26225,      -1.00133,   1.09024E-03
F:/Desktop/DeepOnet_Abaqus/StaticElasticJob.odb,Step-1,Increment      1: Step Time =    1.000,"PLATE-1",           539,             1,      -2.51717,       2.45125,            0.,"ASSEMBLY_PLATE-1__PICKEDSET2","ROCK","",      -1.00134,      -2.26788,      -2.26779,      -1.00143,  -10.8023E-03
F:/Desktop/DeepOnet_Abaqus/StaticElasticJob.odb,Step-1,Increment      1: Step Time =    1.000,"PLATE-1",           540,             1,      -2.57270,       2.02194,            0.,"ASSEMBLY_PLATE-1__PICKEDSET2","ROCK","",      -1.00364,      -2.26572,      -2.26558,      -1.00378,  -13.3046E-03
F:/Desktop/DeepOnet_Abaqus/StaticElasticJob.odb,Step-1,Increment      1: Step Time =    1.000,"PLATE-1",           541,             1,       2.08902,       3.68086,            0.,"ASSEMBLY_PLATE-1__PICKEDSET2","ROCK","",      -1.00033,      -2.26288,      -2.26288,      -1.00033,   777.825E-06
F:/Desktop/DeepOnet_Abaqus/StaticElasticJob.odb,Step-1,Increment      1: Step Time =    1.000,"PLATE-1",           542,             1,      -3.69112,       2.08689,            0.,"ASSEMBLY_PLATE-1__PICKEDSET2","ROCK","",      -1.01178,      -2.26183,      -2.26182,      -1.01179,  -3.77729E-03
F:/Desktop/DeepOnet_Abaqus/StaticElasticJob.odb,Step-1,Increment      1: Step Time =    1.000,"PLATE-1",           543,             1,   799.294E-03,      -3.14559,            0.,"ASSEMBLY_PLATE-1__PICKEDSET2","ROCK","",      -1.00219,      -2.27844,      -2.27844,      -1.00219,  -824.412E-06
F:/Desktop/DeepOnet_Abaqus/StaticElasticJob.odb,Step-1,Increment      1: Step Time =    1.000,"PLATE-1",           544,             1,      -1.10132,       2.80059,            0.,"ASSEMBLY_PLATE-1__PICKEDSET2","ROCK","",  -994.656E-03,      -2.27936,      -2.27935,  -994.667E-03,  -3.60923E-03
F:/Desktop/DeepOnet_Abaqus/StaticElasticJob.odb,Step-1,Increment      1: Step Time =    1.000,"PLATE-1",           545,             1,       2.00151,      -3.68352,            0.,"ASSEMBLY_PLATE-1__PICKEDSET2","ROCK","",  -999.874E-03,      -2.27148,      -2.27148,  -999.877E-03,  -2.14439E-03
F:/Desktop/DeepOnet_Abaqus/StaticElasticJob.odb,Step-1,Increment      1: Step Time =    1.000,"PLATE-1",           546,             1,      -3.03737,      -2.56737,            0.,"ASSEMBLY_PLATE-1__PICKEDSET2","ROCK","",  -999.283E-03,      -2.26461,      -2.26457,  -999.323E-03,   7.03033E-03
F:/Desktop/DeepOnet_Abaqus/StaticElasticJob.odb,Step-1,Increment      1: Step Time =    1.000,"PLATE-1",           547,             1,       2.86952,   254.570E-03,            0.,"ASSEMBLY_PLATE-1__PICKEDSET2","ROCK","",      -1.02461,      -2.24760,      -2.24754,      -1.02466,   8.19895E-03
F:/Desktop/DeepOnet_Abaqus/StaticElasticJob.odb,Step-1,Increment      1: Step Time =    1.000,"PLATE-1",           548,             1,       2.37248,      -2.73456,            0.,"ASSEMBLY_PLATE-1__PICKEDSET2","ROCK","",  -998.615E-03,      -2.27125,      -2.27118,  -998.689E-03,  -9.66028E-03
F:/Desktop/DeepOnet_Abaqus/StaticElasticJob.odb,Step-1,Increment      1: Step Time =    1.000,"PLATE-1",           549,             1,       3.75617,       1.24793,            0.,"ASSEMBLY_PLATE-1__PICKEDSET2","ROCK","",      -1.01822,      -2.26175,      -2.26173,      -1.01824,   4.62085E-03
F:/Desktop/DeepOnet_Abaqus/StaticElasticJob.odb,Step-1,Increment      1: Step Time =    1.000,"PLATE-1",           550,             1,       3.13447,      -1.57990,            0.,"ASSEMBLY_PLATE-1__PICKEDSET2","ROCK","",      -1.00892,      -2.26210,      -2.26192,      -1.00909,  -14.8070E-03
F:/Desktop/DeepOnet_Abaqus/StaticElasticJob.odb,Step-1,Increment      1: Step Time =    1.000,"PLATE-1",           551,             1,  -378.769E-03,      -2.94424,            0.,"ASSEMBLY_PLATE-1__PICKEDSET2","ROCK","",      -1.00545,      -2.27914,      -2.27913,      -1.00546,   2.63254E-03
F:/Desktop/DeepOnet_Abaqus/StaticElasticJob.odb,Step-1,Increment      1: Step Time =    1.000,"PLATE-1",           552,             1,  -434.328E-03,      -2.56689,            0.,"ASSEMBLY_PLATE-1__PICKEDSET2","ROCK","",      -1.00486,      -2.28345,      -2.28344,      -1.00487,   3.84343E-03
F:/Desktop/DeepOnet_Abaqus/StaticElasticJob.odb,Step-1,Increment      1: Step Time =    1.000,"PLATE-1",           553,             1,       1.59972,      -2.76331,            0.,"ASSEMBLY_PLATE-1__PICKEDSET2","ROCK","",  -997.337E-03,      -2.27827,      -2.27823,  -997.377E-03,  -7.22102E-03
F:/Desktop/DeepOnet_Abaqus/StaticElasticJob.odb,Step-1,Increment      1: Step Time =    1.000,"PLATE-1",           554,             1,       3.65813,      -2.84682,            0.,"ASSEMBLY_PLATE-1__PICKEDSET2","ROCK","",  -996.745E-03,      -2.26213,      -2.26212,  -996.751E-03,  -2.79371E-03
F:/Desktop/DeepOnet_Abaqus/StaticElasticJob.odb,Step-1,Increment      1: Step Time =    1.000,"PLATE-1",           555,             1,      -1.96052,      -3.70604,            0.,"ASSEMBLY_PLATE-1__PICKEDSET2","ROCK","",      -1.00318,      -2.26943,      -2.26943,      -1.00319,   1.46264E-03
F:/Desktop/DeepOnet_Abaqus/StaticElasticJob.odb,Step-1,Increment      1: Step Time =    1.000,"PLATE-1",           556,             1,      -2.05450,      -2.46952,            0.,"ASSEMBLY_PLATE-1__PICKEDSET2","ROCK","",      -1.00159,      -2.27221,      -2.27213,      -1.00167,   9.86366E-03
F:/Desktop/DeepOnet_Abaqus/StaticElasticJob.odb,Step-1,Increment      1: Step Time =    1.000,"PLATE-1",           557,             1,      -2.55686,       1.39663,            0.,"ASSEMBLY_PLATE-1__PICKEDSET2","ROCK","",      -1.00979,      -2.25849,      -2.25829,      -1.00998,  -15.6653E-03
F:/Desktop/DeepOnet_Abaqus/StaticElasticJob.odb,Step-1,Increment      1: Step Time =    1.000,"PLATE-1",           558,             1,      -3.70878,  -349.513E-03,            0.,"ASSEMBLY_PLATE-1__PICKEDSET2","ROCK","",      -1.02358,      -2.26007,      -2.26007,      -1.02359,   3.20644E-03
F:/Desktop/DeepOnet_Abaqus/StaticElasticJob.odb,Step-1,Increment      1: Step Time =    1.000,"PLATE-1",           559,             1,   96.1296E-03,       3.47939,            0.,"ASSEMBLY_PLATE-1__PICKEDSET2","ROCK","",      -1.00001,      -2.27318,      -2.27317,      -1.00001,   2.21641E-03
F:/Desktop/DeepOnet_Abaqus/StaticElasticJob.odb,Step-1,Increment      1: Step Time =    1.000,"PLATE-1",           560,             1,      -2.08048,       3.67059,            0.,"ASSEMBLY_PLATE-1__PICKEDSET2","ROCK","",  -999.708E-03,      -2.27009,      -2.27008,  -999.712E-03,  -2.23713E-03
F:/Desktop/DeepOnet_Abaqus/StaticElasticJob.odb,Step-1,Increment      1: Step Time =    1.000,"PLATE-1",           561,             1,      -2.99199,  -775.422E-03,            0.,"ASSEMBLY_PLATE-1__PICKEDSET2","ROCK","",      -1.01466,      -2.25900,      -2.25887,      -1.01479,   12.7224E-03
F:/Desktop/DeepOnet_Abaqus/StaticElasticJob.odb,Step-1,Increment      1: Step Time =    1.000,"PLATE-1",           562,             1,      -2.77371,  -183.191E-03,            0.,"ASSEMBLY_PLATE-1__PICKEDSET2","ROCK","",      -1.02046,      -2.24846,      -2.24839,      -1.02053,   9.29084E-03
F:/Desktop/DeepOnet_Abaqus/StaticElasticJob.odb,Step-1,Increment      1: Step Time =    1.000,"PLATE-1",           563,             1,       2.69193,      -1.68212,            0.,"ASSEMBLY_PLATE-1__PICKEDSET2","ROCK","",      -1.00440,      -2.26489,      -2.26461,      -1.00468,  -18.7829E-03
F:/Desktop/DeepOnet_Abaqus/StaticElasticJob.odb,Step-1,Increment      1: Step Time =    1.000,"PLATE-1",           564,             1,       2.79079,  -707.777E-03,            0.,"ASSEMBLY_PLATE-1__PICKEDSET2","ROCK","",      -1.02045,      -2.25107,      -2.25090,      -1.02062,  -14.4876E-03
F:/Desktop/DeepOnet_Abaqus/StaticElasticJob.odb,Step-1,Increment      1: Step Time =    1.000,"PLATE-1",           565,             1,       2.73416,  -136.138E-03,            0.,"ASSEMBLY_PLATE-1__PICKEDSET2","ROCK","",      -1.02605,      -2.24219,      -2.24219,      -1.02605,  -1.64297E-03
F:/Desktop/DeepOnet_Abaqus/StaticElasticJob.odb,Step-1,Increment      1: Step Time =    1.000,"PLATE-1",           566,             1,      -1.04241,      -3.29372,            0.,"ASSEMBLY_PLATE-1__PICKEDSET2","ROCK","",      -1.00543,      -2.27447,      -2.27447,      -1.00543,   2.45747E-03
F:/Desktop/DeepOnet_Abaqus/StaticElasticJob.odb,Step-1,Increment      1: Step Time =    1.000,"PLATE-1",           567,             1,       3.73366,  -227.273E-03,            0.,"ASSEMBLY_PLATE-1__PICKEDSET2","ROCK","",      -1.03380,      -2.26005,      -2.26004,      -1.03380,  -850.723E-06
F:/Desktop/DeepOnet_Abaqus/StaticElasticJob.odb,Step-1,Increment      1: Step Time =    1.000,"PLATE-1",           568,             1,  -304.338E-03,       2.75372,            0.,"ASSEMBLY_PLATE-1__PICKEDSET2","ROCK","",  -996.591E-03,      -2.28246,      -2.28246,  -996.597E-03,   2.67886E-03
F:/Desktop/DeepOnet_Abaqus/StaticElasticJob.odb,Step-1,Increment      1: Step Time =    1.000,"PLATE-1",           569,             1,      -1.26768,       3.69935,            0.,"ASSEMBLY_PLATE-1__PICKEDSET2","ROCK","",  -999.312E-03,      -2.27365,      -2.27365,  -999.313E-03,  -993.622E-06
F:/Desktop/DeepOnet_Abaqus/StaticElasticJob.odb,Step-1,Increment      1: Step Time =    1.000,"PLATE-1",           570,             1,       1.52488,       3.15597,            0.,"ASSEMBLY_PLATE-1__PICKEDSET2","ROCK","",      -1.00017,      -2.27143,      -2.27143,      -1.00018,   3.01721E-03
F:/Desktop/DeepOnet_Abaqus/StaticElasticJob.odb,Step-1,Increment      1: Step Time =    1.000,"PLATE-1",           571,             1,      -2.77011,      -3.63442,            0.,"ASSEMBLY_PLATE-1__PICKEDSET2","ROCK","",  -998.142E-03,      -2.26487,      -2.26487,  -998.145E-03,   1.91537E-03
F:/Desktop/DeepOnet_Abaqus/StaticElasticJob.odb,Step-1,Increment      1: Step Time =    1.000,"PLATE-1",           572,             1,   477.728E-03,       3.06765,            0.,"ASSEMBLY_PLATE-1__PICKEDSET2","ROCK","",      -1.00024,      -2.27601,      -2.27599,      -1.00025,   4.30307E-03
F:/Desktop/DeepOnet_Abaqus/StaticElasticJob.odb,Step-1,Increment      1: Step Time =    1.000,"PLATE-1",           573,             1,      -2.88366,       1.31548,            0.,"ASSEMBLY_PLATE-1__PICKEDSET2","ROCK","",      -1.01263,      -2.25884,      -2.25872,      -1.01275,  -12.2477E-03
F:/Desktop/DeepOnet_Abaqus/StaticElasticJob.odb,Step-1,Increment      1: Step Time =    1.000,"PLATE-1",           574,             1,       1.22319,      -3.30181,            0.,"ASSEMBLY_PLATE-1__PICKEDSET2","ROCK","",      -1.00102,      -2.27660,      -2.27660,      -1.00102,  -1.69857E-03
F:/Desktop/DeepOnet_Abaqus/StaticElasticJob.odb,Step-1,Increment      1: Step Time =    1.000,"PLATE-1",           575,             1,       3.10877,      -2.19433,            0.,"ASSEMBLY_PLATE-1__PICKEDSET2","ROCK","",      -1.00382,      -2.26485,      -2.26473,      -1.00393,  -12.0918E-03
F:/Desktop/DeepOnet_Abaqus/StaticElasticJob.odb,Step-1,Increment      1: Step Time =    1.000,"PLATE-1",           576,             1,      -3.72303,      -1.18596,            0.,"ASSEMBLY_PLATE-1__PICKEDSET2","ROCK","",      -1.01293,      -2.26151,      -2.26149,      -1.01295,   4.66852E-03
F:/Desktop/DeepOnet_Abaqus/StaticElasticJob.odb,Step-1,Increment      1: Step Time =    1.000,"PLATE-1",           577,             1,      -3.72609,      -1.97888,            0.,"ASSEMBLY_PLATE-1__PICKEDSET2","ROCK","",      -1.00033,      -2.26203,      -2.26202,      -1.00034,   3.40333E-03
F:/Desktop/DeepOnet_Abaqus/StaticElasticJob.odb,Step-1,Increment      1: Step Time =    1.000,"PLATE-1",           578,             1,       2.21306,       3.01250,            0.,"ASSEMBLY_PLATE-1__PICKEDSET2","ROCK","",      -1.00041,      -2.26910,      -2.26909,      -1.00042,   3.69368E-03
F:/Desktop/DeepOnet_Abaqus/StaticElasticJob.odb,Step-1,Increment      1: Step Time =    1.000,"PLATE-1",           579,             1,       3.70167,       2.03514,            0.,"ASSEMBLY_PLATE-1__PICKEDSET2","ROCK","",      -1.00644,      -2.26209,      -2.26208,      -1.00644,   3.00490E-03
F:/Desktop/DeepOnet_Abaqus/StaticElasticJob.odb,Step-1,Increment      1: Step Time =    1.000,"PLATE-1",           580,             1,      -3.21123,      -1.91817,            0.,"ASSEMBLY_PLATE-1__PICKEDSET2","ROCK","",      -1.00268,      -2.26363,      -2.26357,      -1.00275,   9.36901E-03
F:/Desktop/DeepOnet_Abaqus/StaticElasticJob.odb,Step-1,Increment      1: Step Time =    1.000,"PLATE-1",           581,             1,       2.95403,      -2.88962,            0.,"ASSEMBLY_PLATE-1__PICKEDSET2","ROCK","",  -999.452E-03,      -2.26606,      -2.26602,  -999.495E-03,  -7.36412E-03
F:/Desktop/DeepOnet_Abaqus/StaticElasticJob.odb,Step-1,Increment      1: Step Time =    1.000,"PLATE-1",           582,             1,       2.61783,      -2.18126,            0.,"ASSEMBLY_PLATE-1__PICKEDSET2","ROCK","",      -1.00004,      -2.26847,      -2.26830,      -1.00022,  -14.9298E-03
F:/Desktop/DeepOnet_Abaqus/StaticElasticJob.odb,Step-1,Increment      1: Step Time =    1.000,"PLATE-1",           583,             1,       3.46131,  -768.595E-03,            0.,"ASSEMBLY_PLATE-1__PICKEDSET2","ROCK","",      -1.02621,      -2.25860,      -2.25856,      -1.02625,  -6.65585E-03
F:/Desktop/DeepOnet_Abaqus/StaticElasticJob.odb,Step-1,Increment      1: Step Time =    1.000,"PLATE-1",           584,             1,      -3.25501,       1.33387,            0.,"ASSEMBLY_PLATE-1__PICKEDSET2","ROCK","",      -1.01563,      -2.26037,      -2.26031,      -1.01569,  -8.53103E-03
F:/Desktop/DeepOnet_Abaqus/StaticElasticJob.odb,Step-1,Increment      1: Step Time =    1.000,"PLATE-1",           585,             1,  -504.970E-03,       3.72126,            0.,"ASSEMBLY_PLATE-1__PICKEDSET2","ROCK","",  -999.411E-03,      -2.27331,      -2.27331,  -999.411E-03,   919.246E-06
F:/Desktop/DeepOnet_Abaqus/StaticElasticJob.odb,Step-1,Increment      1: Step Time =    1.000,"PLATE-1",           586,             1,      -1.25145,       3.18357,            0.,"ASSEMBLY_PLATE-1__PICKEDSET2","ROCK","",  -997.460E-03,      -2.27528,      -2.27528,  -997.464E-03,  -2.23704E-03
F:/Desktop/DeepOnet_Abaqus/StaticElasticJob.odb,Step-1,Increment      1: Step Time =    1.000,"PLATE-1",           587,             1,      -2.87093,       3.66480,            0.,"ASSEMBLY_PLATE-1__PICKEDSET2","ROCK","",      -1.00076,      -2.26482,      -2.26482,      -1.00076,  -1.93307E-03
F:/Desktop/DeepOnet_Abaqus/StaticElasticJob.odb,Step-1,Increment      1: Step Time =    1.000,"PLATE-1",           588,             1,      -2.99276,       1.82086,            0.,"ASSEMBLY_PLATE-1__PICKEDSET2","ROCK","",      -1.00939,      -2.26289,      -2.26279,      -1.00949,  -11.1111E-03
F:/Desktop/DeepOnet_Abaqus/StaticElasticJob.odb,Step-1,Increment      1: Step Time =    1.000,"PLATE-1",           589,             1,      -2.32323,      -2.64976,            0.,"ASSEMBLY_PLATE-1__PICKEDSET2","ROCK","",      -1.00135,      -2.26996,      -2.26990,      -1.00140,   8.45661E-03
F:/Desktop/DeepOnet_Abaqus/StaticElasticJob.odb,Step-1,Increment      1: Step Time =    1.000,"PLATE-1",           590,             1,  -391.607E-03,      -3.78654,            0.,"ASSEMBLY_PLATE-1__PICKEDSET2","ROCK","",      -1.00666,      -2.27509,      -2.27509,      -1.00666,   488.986E-06
F:/Desktop/DeepOnet_Abaqus/StaticElasticJob.odb,Step-1,Increment      1: Step Time =    1.000,"PLATE-1",           591,             1,      -1.16676,      -3.74714,            0.,"ASSEMBLY_PLATE-1__PICKEDSET2","ROCK","",      -1.00542,      -2.27267,      -2.27267,      -1.00542,   805.065E-06
F:/Desktop/DeepOnet_Abaqus/StaticElasticJob.odb,Step-1,Increment      1: Step Time =    1.000,"PLATE-1",           592,             1,      -3.07460,   275.360E-03,            0.,"ASSEMBLY_PLATE-1__PICKEDSET2","ROCK","",      -1.02137,      -2.25511,      -2.25511,      -1.02137,   217.730E-06
F:/Desktop/DeepOnet_Abaqus/StaticElasticJob.odb,Step-1,Increment      1: Step Time =    1.000,"PLATE-1",           593,             1,      -3.73637,   478.892E-03,            0.,"ASSEMBLY_PLATE-1__PICKEDSET2","ROCK","",      -1.02826,      -2.25987,      -2.25987,      -1.02826,  -670.563E-06
F:/Desktop/DeepOnet_Abaqus/StaticElasticJob.odb,Step-1,Increment      1: Step Time =    1.000,"PLATE-1",           594,             1,      -2.78570,   518.164E-03,            0.,"ASSEMBLY_PLATE-1__PICKEDSET2","ROCK","",      -1.02045,      -2.25033,      -2.25031,      -1.02047,  -5.43058E-03
F:/Desktop/DeepOnet_Abaqus/StaticElasticJob.odb,Step-1,Increment      1: Step Time =    1.000,"PLATE-1",           595,             1,   396.266E-03,      -3.76940,            0.,"ASSEMBLY_PLATE-1__PICKEDSET2","ROCK","",      -1.00474,      -2.27623,      -2.27623,      -1.00474,   116.812E-06
F:/Desktop/DeepOnet_Abaqus/StaticElasticJob.odb,Step-1,Increment      1: Step Time =    1.000,"PLATE-1",           596,             1,       3.77068,   488.998E-03,            0.,"ASSEMBLY_PLATE-1__PICKEDSET2","ROCK","",      -1.03181,      -2.26040,      -2.26040,      -1.03182,   3.20961E-03
F:/Desktop/DeepOnet_Abaqus/StaticElasticJob.odb,Step-1,Increment      1: Step Time =    1.000,"PLATE-1",           597,             1,      -3.72451,       1.28313,            0.,"ASSEMBLY_PLATE-1__PICKEDSET2","ROCK","",      -1.02179,      -2.26115,      -2.26114,      -1.02180,  -3.89041E-03
F:/Desktop/DeepOnet_Abaqus/StaticElasticJob.odb,Step-1,Increment      1: Step Time =    1.000,"PLATE-1",           598,             1,      -2.87687,   876.083E-03,            0.,"ASSEMBLY_PLATE-1__PICKEDSET2","ROCK","",      -1.01671,      -2.25356,      -2.25349,      -1.01678,  -9.47979E-03
F:/Desktop/DeepOnet_Abaqus/StaticElasticJob.odb,Step-1,Increment      1: Step Time =    1.000,"PLATE-1",           599,             1,      -3.08483,       2.29878,            0.,"ASSEMBLY_PLATE-1__PICKEDSET2","ROCK","",      -1.00649,      -2.26400,      -2.26394,      -1.00656,  -8.86006E-03
F:/Desktop/DeepOnet_Abaqus/StaticElasticJob.odb,Step-1,Increment      1: Step Time =    1.000,"PLATE-1",           600,             1,       2.82226,      -3.62734,            0.,"ASSEMBLY_PLATE-1__PICKEDSET2","ROCK","",  -998.404E-03,      -2.26640,      -2.26639,  -998.410E-03,  -2.66987E-03
F:/Desktop/DeepOnet_Abaqus/StaticElasticJob.odb,Step-1,Increment      1: Step Time =    1.000,"PLATE-1",           601,             1,   603.221E-03,       3.70327,            0.,"ASSEMBLY_PLATE-1__PICKEDSET2","ROCK","",      -1.00018,      -2.26905,      -2.26905,      -1.00018,   1.37542E-03
F:/Desktop/DeepOnet_Abaqus/StaticElasticJob.odb,Step-1,Increment      1: Step Time =    1.000,"PLATE-1",           602,             1,       2.93656,       2.87868,            0.,"ASSEMBLY_PLATE-1__PICKEDSET2","ROCK","",      -1.00168,      -2.26572,      -2.26571,      -1.00169,   3.30798E-03
F:/Desktop/DeepOnet_Abaqus/StaticElasticJob.odb,Step-1,Increment      1: Step Time =    1.000,"PLATE-1",           603,             1,       3.33040,   638.881E-03,            0.,"ASSEMBLY_PLATE-1__PICKEDSET2","ROCK","",      -1.02216,      -2.25849,      -2.25842,      -1.02223,   9.26402E-03
F:/Desktop/DeepOnet_Abaqus/StaticElasticJob.odb,Step-1,Increment      1: Step Time =    1.000,"PLATE-1",           604,             1,       2.85343,       3.64548,            0.,"ASSEMBLY_PLATE-1__PICKEDSET2","ROCK","",      -1.00013,      -2.26162,      -2.26162,      -1.00013,   189.499E-06
F:/Desktop/DeepOnet_Abaqus/StaticElasticJob.odb,Step-1,Increment      1: Step Time =    1.000,"PLATE-1",           605,             1,      -2.58524,      -2.28631,            0.,"ASSEMBLY_PLATE-1__PICKEDSET2","ROCK","",      -1.00179,      -2.26849,      -2.26840,      -1.00188,   10.9815E-03
F:/Desktop/DeepOnet_Abaqus/StaticElasticJob.odb,Step-1,Increment      1: Step Time =    1.000,"PLATE-1",           606,             1,      -3.64170,      -2.76670,            0.,"ASSEMBLY_PLATE-1__PICKEDSET2","ROCK","",  -992.930E-03,      -2.26166,      -2.26166,  -992.934E-03,   2.13108E-03
F:/Desktop/DeepOnet_Abaqus/StaticElasticJob.odb,Step-1,Increment      1: Step Time =    1.000,"PLATE-1",           607,             1,       3.69442,      -2.08363,            0.,"ASSEMBLY_PLATE-1__PICKEDSET2","ROCK","",      -1.00639,      -2.26205,      -2.26204,      -1.00640,  -4.58867E-03
F:/Desktop/DeepOnet_Abaqus/StaticElasticJob.odb,Step-1,Increment      1: Step Time =    1.000,"PLATE-1",           608,             1,   759.870E-03,       1.83606,            0.,"ASSEMBLY_PLATE-1__PICKEDSET2","ROCK","",      -1.00011,      -2.29938,      -2.29926,      -1.00024,   12.7807E-03
F:/Desktop/DeepOnet_Abaqus/StaticElasticJob.odb,Step-1,Increment      1: Step Time =    1.000,"PLATE-1",           609,             1,       1.68189,   947.662E-03,            0.,"ASSEMBLY_PLATE-1__PICKEDSET2","ROCK","",      -1.00180,      -2.27523,      -2.27366,      -1.00336,   44.5772E-03
F:/Desktop/DeepOnet_Abaqus/StaticElasticJob.odb,Step-1,Increment      1: Step Time =    1.000,"PLATE-1",           610,             1,       1.84618,   833.479E-03,            0.,"ASSEMBLY_PLATE-1__PICKEDSET2","ROCK","",      -1.00903,      -2.26060,      -2.25909,      -1.01053,   43.4275E-03
F:/Desktop/DeepOnet_Abaqus/StaticElasticJob.odb,Step-1,Increment      1: Step Time =    1.000,"PLATE-1",           611,             1,   864.620E-03,      -1.67400,            0.,"ASSEMBLY_PLATE-1__PICKEDSET2","ROCK","",  -985.145E-03,      -2.30242,      -2.30231,  -985.252E-03,  -11.8963E-03
F:/Desktop/DeepOnet_Abaqus/StaticElasticJob.odb,Step-1,Increment      1: Step Time =    1.000,"PLATE-1",           612,             1,      -1.68542,   548.644E-03,            0.,"ASSEMBLY_PLATE-1__PICKEDSET2","ROCK","",      -1.02655,      -2.21929,      -2.21863,      -1.02721,  -28.2153E-03
F:/Desktop/DeepOnet_Abaqus/StaticElasticJob.odb,Step-1,Increment      1: Step Time =    1.000,"PLATE-1",           613,             1,      -1.87006,   662.786E-03,            0.,"ASSEMBLY_PLATE-1__PICKEDSET2","ROCK","",      -1.02079,      -2.23250,      -2.23202,      -1.02126,  -24.0214E-03
F:/Desktop/DeepOnet_Abaqus/StaticElasticJob.odb,Step-1,Increment      1: Step Time =    1.000,"PLATE-1",           614,             1,      -1.40353,       1.78905,            0.,"ASSEMBLY_PLATE-1__PICKEDSET2","ROCK","",  -988.579E-03,      -2.28028,      -2.27996,  -988.901E-03,  -20.4035E-03
F:/Desktop/DeepOnet_Abaqus/StaticElasticJob.odb,Step-1,Increment      1: Step Time =    1.000,"PLATE-1",           615,             1,      -2.23962,       1.74561,            0.,"ASSEMBLY_PLATE-1__PICKEDSET2","ROCK","",      -1.00217,      -2.26525,      -2.26500,      -1.00242,  -17.7790E-03
F:/Desktop/DeepOnet_Abaqus/StaticElasticJob.odb,Step-1,Increment      1: Step Time =    1.000,"PLATE-1",           616,             1,      -1.14107,      -1.79627,            0.,"ASSEMBLY_PLATE-1__PICKEDSET2","ROCK","",  -998.779E-03,      -2.28982,      -2.28963,  -998.966E-03,   15.5503E-03
F:/Desktop/DeepOnet_Abaqus/StaticElasticJob.odb,Step-1,Increment      1: Step Time =    1.000,"PLATE-1",           617,             1,  -373.074E-03,      -1.74593,            0.,"ASSEMBLY_PLATE-1__PICKEDSET2","ROCK","",      -1.00022,      -2.30346,      -2.30340,      -1.00029,   9.24863E-03
F:/Desktop/DeepOnet_Abaqus/StaticElasticJob.odb,Step-1,Increment      1: Step Time =    1.000,"PLATE-1",           618,             1,  -868.269E-03,       1.88418,            0.,"ASSEMBLY_PLATE-1__PICKEDSET2","ROCK","",  -983.141E-03,      -2.29309,      -2.29297,  -983.257E-03,  -12.3401E-03
F:/Desktop/DeepOnet_Abaqus/StaticElasticJob.odb,Step-1,Increment      1: Step Time =    1.000,"PLATE-1",           619,             1,       1.83241,      -1.55889,            0.,"ASSEMBLY_PLATE-1__PICKEDSET2","ROCK","",  -991.932E-03,      -2.27677,      -2.27622,  -992.480E-03,  -26.5174E-03
F:/Desktop/DeepOnet_Abaqus/StaticElasticJob.odb,Step-1,Increment      1: Step Time =    1.000,"PLATE-1",           620,             1,       1.64190,       2.43889,            0.,"ASSEMBLY_PLATE-1__PICKEDSET2","ROCK","",      -1.00049,      -2.27839,      -2.27834,      -1.00054,   7.97400E-03
F:/Desktop/DeepOnet_Abaqus/StaticElasticJob.odb,Step-1,Increment      1: Step Time =    1.000,"PLATE-1",           621,             1,       1.29017,      -2.17712,            0.,"ASSEMBLY_PLATE-1__PICKEDSET2","ROCK","",  -992.031E-03,      -2.28684,      -2.28677,  -992.104E-03,  -9.74821E-03
F:/Desktop/DeepOnet_Abaqus/StaticElasticJob.odb,Step-1,Increment      1: Step Time =    1.000,"PLATE-1",           622,             1,   432.040E-03,      -2.02906,            0.,"ASSEMBLY_PLATE-1__PICKEDSET2","ROCK","",  -996.369E-03,      -2.29772,      -2.29772,  -996.369E-03,  -15.3760E-06
F:/Desktop/DeepOnet_Abaqus/StaticElasticJob.odb,Step-1,Increment      1: Step Time =    1.000,"PLATE-1",           623,             1,   114.462E-03,   921.418E-03,            0.,"ASSEMBLY_PLATE-1__PICKEDSET2","ROCK","",  -949.371E-03,      -2.42910,      -2.42883,  -949.641E-03,  -19.9965E-03
F:/Desktop/DeepOnet_Abaqus/StaticElasticJob.odb,Step-1,Increment      1: Step Time =    1.000,"PLATE-1",           624,             1,  -839.483E-03,   691.297E-03,            0.,"ASSEMBLY_PLATE-1__PICKEDSET2","ROCK","",  -967.157E-03,      -2.25872,      -2.24989,  -975.982E-03,  -106.396E-03
F:/Desktop/DeepOnet_Abaqus/StaticElasticJob.odb,Step-1,Increment      1: Step Time =    1.000,"PLATE-1",           625,             1,       1.28852,  -284.516E-03,            0.,"ASSEMBLY_PLATE-1__PICKEDSET2","ROCK","",      -1.02648,      -2.15557,      -2.14863,      -1.03342,  -88.2190E-03
F:/Desktop/DeepOnet_Abaqus/StaticElasticJob.odb,Step-1,Increment      1: Step Time =    1.000,"PLATE-1",           626,             1,  -98.3112E-03,       1.02303,            0.,"ASSEMBLY_PLATE-1__PICKEDSET2","ROCK","",  -955.346E-03,      -2.37093,      -2.37072,  -955.557E-03,  -17.2705E-03
F:/Desktop/DeepOnet_Abaqus/StaticElasticJob.odb,Step-1,Increment      1: Step Time =    1.000,"PLATE-1",           627,             1,      -1.00219,       1.11402,            0.,"ASSEMBLY_PLATE-1__PICKEDSET2","ROCK","",  -973.567E-03,      -2.28421,      -2.28222,  -975.559E-03,  -51.0590E-03
F:/Desktop/DeepOnet_Abaqus/StaticElasticJob.odb,Step-1,Increment      1: Step Time =    1.000,"PLATE-1",           628,             1,   540.824E-03,   430.929E-03,            0.,"ASSEMBLY_PLATE-1__PICKEDSET2","ROCK","",  -650.478E-03,      -2.61245,      -2.58587,  -677.055E-03,   226.796E-03
F:/Desktop/DeepOnet_Abaqus/StaticElasticJob.odb,Step-1,Increment      1: Step Time =    1.000,"PLATE-1",           629,             1,       1.17999,       1.42617,            0.,"ASSEMBLY_PLATE-1__PICKEDSET2","ROCK","",  -998.157E-03,      -2.30225,      -2.30184,  -998.568E-03,   23.1488E-03
F:/Desktop/DeepOnet_Abaqus/StaticElasticJob.odb,Step-1,Increment      1: Step Time =    1.000,"PLATE-1",           630,             1,  -530.220E-03,   735.200E-03,            0.,"ASSEMBLY_PLATE-1__PICKEDSET2","ROCK","",  -922.726E-03,      -2.33532,      -2.32801,  -930.039E-03,  -101.369E-03
F:/Desktop/DeepOnet_Abaqus/StaticElasticJob.odb,Step-1,Increment      1: Step Time =    1.000,"PLATE-1",           631,             1,  -928.814E-03,  -363.868E-03,            0.,"ASSEMBLY_PLATE-1__PICKEDSET2","ROCK","",      -1.03605,      -2.20433,      -2.19267,      -1.04770,   116.108E-03
F:/Desktop/DeepOnet_Abaqus/StaticElasticJob.odb,Step-1,Increment      1: Step Time =    1.000,"PLATE-1",           632,             1,   636.912E-03,  -782.984E-03,            0.,"ASSEMBLY_PLATE-1__PICKEDSET2","ROCK","",  -953.285E-03,      -2.35293,      -2.34952,  -956.687E-03,  -68.9245E-03
F:/Desktop/DeepOnet_Abaqus/StaticElasticJob.odb,Step-1,Increment      1: Step Time =    1.000,"PLATE-1",           633,             1,       1.01010,  -94.2254E-03,            0.,"ASSEMBLY_PLATE-1__PICKEDSET2","ROCK","",      -1.02684,      -2.02851,      -2.00270,      -1.05265,  -158.714E-03
F:/Desktop/DeepOnet_Abaqus/StaticElasticJob.odb,Step-1,Increment      1: Step Time =    1.000,"PLATE-1",           634,             1,  -33.6614E-03,   253.569E-03,            0.,"ASSEMBLY_PLATE-1__PICKEDSET2","ROCK","",  -538.051E-03,      -3.53756,      -3.51898,  -556.632E-03,  -235.350E-03
F:/Desktop/DeepOnet_Abaqus/StaticElasticJob.odb,Step-1,Increment      1: Step Time =    1.000,"PLATE-1",           635,             1,  -351.016E-03,   13.4426E-03,            0.,"ASSEMBLY_PLATE-1__PICKEDSET2","ROCK","",  -567.446E-03,      -1.60945,  -669.287E-03,      -1.50761,  -309.429E-03
F:/Desktop/DeepOnet_Abaqus/StaticElasticJob.odb,Step-1,Increment      1: Step Time =    1.000,"PLATE-1",           636,             1,  -282.715E-03,  -352.577E-03,            0.,"ASSEMBLY_PLATE-1__PICKEDSET2","ROCK","",  -927.859E-03,      -2.67066,      -2.58007,      -1.01844,   386.865E-03
F:/Desktop/DeepOnet_Abaqus/StaticElasticJob.odb,Step-1,Increment      1: Step Time =    1.000,"PLATE-1",           637,             1,   270.887E-03,  -393.667E-03,            0.,"ASSEMBLY_PLATE-1__PICKEDSET2","ROCK","",  -838.541E-03,      -2.64672,      -2.59517,  -890.093E-03,  -300.927E-03
F:/Desktop/DeepOnet_Abaqus/StaticElasticJob.odb,Step-1,Increment      1: Step Time =    1.000,"PLATE-1",           638,             1,  -538.090E-03,  -367.928E-03,            0.,"ASSEMBLY_PLATE-1__PICKEDSET2","ROCK","",  -974.720E-03,      -2.34013,      -2.29549,      -1.01936,   242.822E-03
F:/Desktop/DeepOnet_Abaqus/StaticElasticJob.odb,Step-1,Increment      1: Step Time =    1.000,"PLATE-1",           639,             1,   353.207E-03,  -578.009E-03,            0.,"ASSEMBLY_PLATE-1__PICKEDSET2","ROCK","",  -916.113E-03,      -2.46687,      -2.45630,  -926.689E-03,  -127.627E-03
F:/Desktop/DeepOnet_Abaqus/StaticElasticJob.odb,Step-1,Increment      1: Step Time =    1.000,"PLATE-1",           640,             1,  -133.418E-03,   620.735E-03,            0.,"ASSEMBLY_PLATE-1__PICKEDSET2","ROCK","",  -920.719E-03,      -2.46448,      -2.46147,  -923.726E-03,  -68.0650E-03
F:/Desktop/DeepOnet_Abaqus/StaticElasticJob.odb,Step-1,Increment      1: Step Time =    1.000,"PLATE-1",           641,             1,  -686.050E-03,   86.6241E-03,            0.,"ASSEMBLY_PLATE-1__PICKEDSET2","ROCK","",      -1.18715,      -1.88637,      -1.87955,      -1.19397,  -68.7133E-03
F:/Desktop/DeepOnet_Abaqus/StaticElasticJob.odb,Step-1,Increment      1: Step Time =    1.000,"PLATE-1",           642,             1,   218.441E-03,  -617.509E-03,            0.,"ASSEMBLY_PLATE-1__PICKEDSET2","ROCK","",  -893.496E-03,      -2.51771,      -2.51305,  -898.150E-03,  -86.8227E-03
F:/Desktop/DeepOnet_Abaqus/StaticElasticJob.odb,Step-1,Increment      1: Step Time =    1.000,"PLATE-1",           643,             1,   468.883E-03,  -493.827E-03,            0.,"ASSEMBLY_PLATE-1__PICKEDSET2","ROCK","",  -935.210E-03,      -2.40949,      -2.38722,  -957.476E-03,  -179.807E-03
F:/Desktop/DeepOnet_Abaqus/StaticElasticJob.odb,Step-1,Increment      1: Step Time =    1.000,"PLATE-1",           644,             1,  -718.811E-03,   433.761E-03,            0.,"ASSEMBLY_PLATE-1__PICKEDSET2","ROCK","",  -977.043E-03,      -2.19411,      -2.16789,      -1.00326,  -176.691E-03
F:/Desktop/DeepOnet_Abaqus/StaticElasticJob.odb,Step-1,Increment      1: Step Time =    1.000,"PLATE-1",           645,             1,  -782.310E-03,  -12.6439E-03,            0.,"ASSEMBLY_PLATE-1__PICKEDSET2","ROCK","",      -1.16583,      -1.96964,      -1.96756,      -1.16790,   40.7539E-03
F:/Desktop/DeepOnet_Abaqus/StaticElasticJob.odb,Step-1,Increment      1: Step Time =    1.000,"PLATE-1",           646,             1,  -823.305E-03,  -295.959E-03,            0.,"ASSEMBLY_PLATE-1__PICKEDSET2","ROCK","",      -1.04904,      -2.17508,      -2.15595,      -1.06816,   145.484E-03
F:/Desktop/DeepOnet_Abaqus/StaticElasticJob.odb,Step-1,Increment      1: Step Time =    1.000,"PLATE-1",           647,             1,  -721.022E-03,  -509.214E-03,            0.,"ASSEMBLY_PLATE-1__PICKEDSET2","ROCK","",  -991.896E-03,      -2.29869,      -2.28526,      -1.00533,   131.805E-03
F:/Desktop/DeepOnet_Abaqus/StaticElasticJob.odb,Step-1,Increment      1: Step Time =    1.000,"PLATE-1",           648,             1,   723.477E-03,  -678.227E-03,            0.,"ASSEMBLY_PLATE-1__PICKEDSET2","ROCK","",  -950.096E-03,      -2.33898,      -2.33371,  -955.370E-03,  -85.4210E-03
F:/Desktop/DeepOnet_Abaqus/StaticElasticJob.odb,Step-1,Increment      1: Step Time =    1.000,"PLATE-1",           649,             1,  -815.093E-03,   536.399E-03,            0.,"ASSEMBLY_PLATE-1__PICKEDSET2","ROCK","",  -979.308E-03,      -2.21924,      -2.20422,  -994.331E-03,  -135.654E-03
F:/Desktop/DeepOnet_Abaqus/StaticElasticJob.odb,Step-1,Increment      1: Step Time =    1.000,"PLATE-1",           650,             1,  -688.159E-03,  -472.384E-03,            0.,"ASSEMBLY_PLATE-1__PICKEDSET2","ROCK","",  -989.953E-03,      -2.29926,      -2.28054,      -1.00867,   155.435E-03
F:/Desktop/DeepOnet_Abaqus/StaticElasticJob.odb,Step-1,Increment      1: Step Time =    1.000,"PLATE-1",           651,             1,  -590.753E-03,       1.01517,            0.,"ASSEMBLY_PLATE-1__PICKEDSET2","ROCK","",  -949.030E-03,      -2.32329,      -2.32119,  -951.134E-03,  -53.7310E-03
F:/Desktop/DeepOnet_Abaqus/StaticElasticJob.odb,Step-1,Increment      1: Step Time =    1.000,"PLATE-1",           652,             1,   730.604E-03,   478.332E-03,            0.,"ASSEMBLY_PLATE-1__PICKEDSET2","ROCK","",  -947.470E-03,      -2.83014,      -2.80704,  -970.565E-03,   207.238E-03
F:/Desktop/DeepOnet_Abaqus/StaticElasticJob.odb,Step-1,Increment      1: Step Time =    1.000,"PLATE-1",           653,             1,      -1.43261,       1.25450,            0.,"ASSEMBLY_PLATE-1__PICKEDSET2","ROCK","",  -992.080E-03,      -2.26793,      -2.26692,  -993.094E-03,  -35.9482E-03
F:/Desktop/DeepOnet_Abaqus/StaticElasticJob.odb,Step-1,Increment      1: Step Time =    1.000,"PLATE-1",           654,             1,   788.076E-03,  -531.111E-03,            0.,"ASSEMBLY_PLATE-1__PICKEDSET2","ROCK","",  -947.307E-03,      -2.29131,      -2.27898,  -959.639E-03,  -128.149E-03
F:/Desktop/DeepOnet_Abaqus/StaticElasticJob.odb,Step-1,Increment      1: Step Time =    1.000,"PLATE-1",           655,             1,   365.127E-03,   899.722E-03,            0.,"ASSEMBLY_PLATE-1__PICKEDSET2","ROCK","",  -942.312E-03,      -2.45128,      -2.45047,  -943.127E-03,   35.0472E-03
F:/Desktop/DeepOnet_Abaqus/StaticElasticJob.odb,Step-1,Increment      1: Step Time =    1.000,"PLATE-1",           656,             1,       1.21722,   685.567E-03,            0.,"ASSEMBLY_PLATE-1__PICKEDSET2","ROCK","",  -993.327E-03,      -2.30706,      -2.30158,  -998.812E-03,   84.7121E-03
F:/Desktop/DeepOnet_Abaqus/StaticElasticJob.odb,Step-1,Increment      1: Step Time =    1.000,"PLATE-1",           657,             1,       1.17646,   274.993E-03,            0.,"ASSEMBLY_PLATE-1__PICKEDSET2","ROCK","",      -1.05889,      -2.09962,      -2.08598,      -1.07252,   118.329E-03
F:/Desktop/DeepOnet_Abaqus/StaticElasticJob.odb,Step-1,Increment      1: Step Time =    1.000,"PLATE-1",           658,             1,       1.30899,   448.105E-03,            0.,"ASSEMBLY_PLATE-1__PICKEDSET2","ROCK","",      -1.03374,      -2.19998,      -2.18981,      -1.04391,   108.434E-03
F:/Desktop/DeepOnet_Abaqus/StaticElasticJob.odb,Step-1,Increment      1: Step Time =    1.000,"PLATE-1",           659,             1,       1.02148,  -371.793E-03,            0.,"ASSEMBLY_PLATE-1__PICKEDSET2","ROCK","",  -971.891E-03,      -2.21658,      -2.20288,  -985.594E-03,  -129.878E-03
F:/Desktop/DeepOnet_Abaqus/StaticElasticJob.odb,Step-1,Increment      1: Step Time =    1.000,"PLATE-1",           660,             1,  -560.629E-03,       1.31676,            0.,"ASSEMBLY_PLATE-1__PICKEDSET2","ROCK","",  -964.967E-03,      -2.31791,      -2.31744,  -965.438E-03,  -25.2326E-03
F:/Desktop/DeepOnet_Abaqus/StaticElasticJob.odb,Step-1,Increment      1: Step Time =    1.000,"PLATE-1",           661,             1,   998.558E-03,  -458.963E-03,            0.,"ASSEMBLY_PLATE-1__PICKEDSET2","ROCK","",  -965.226E-03,      -2.25080,      -2.23892,  -977.104E-03,  -122.997E-03
F:/Desktop/DeepOnet_Abaqus/StaticElasticJob.odb,Step-1,Increment      1: Step Time =    1.000,"PLATE-1",           662,             1,   33.2659E-03,       1.16245,            0.,"ASSEMBLY_PLATE-1__PICKEDSET2","ROCK","",  -963.439E-03,      -2.36082,      -2.36082,  -963.440E-03,  -1.28429E-03
F:/Desktop/DeepOnet_Abaqus/StaticElasticJob.odb,Step-1,Increment      1: Step Time =    1.000,"PLATE-1",           663,             1,  -845.084E-03,       1.07748,            0.,"ASSEMBLY_PLATE-1__PICKEDSET2","ROCK","",  -964.305E-03,      -2.29663,      -2.29439,  -966.547E-03,  -54.6111E-03
F:/Desktop/DeepOnet_Abaqus/StaticElasticJob.odb,Step-1,Increment      1: Step Time =    1.000,"PLATE-1",           664,             1,      -1.26467,   926.123E-03,            0.,"ASSEMBLY_PLATE-1__PICKEDSET2","ROCK","",  -995.108E-03,      -2.25226,      -2.24989,  -997.476E-03,  -54.5102E-03
F:/Desktop/DeepOnet_Abaqus/StaticElasticJob.odb,Step-1,Increment      1: Step Time =    1.000,"PLATE-1",           665,             1,   971.974E-03,   541.820E-03,            0.,"ASSEMBLY_PLATE-1__PICKEDSET2","ROCK","",      -1.03627,      -2.31816,      -2.30216,      -1.05227,   142.306E-03
F:/Desktop/DeepOnet_Abaqus/StaticElasticJob.odb,Step-1,Increment      1: Step Time =    1.000,"PLATE-1",           666,             1,       1.19641,  -897.965E-03,            0.,"ASSEMBLY_PLATE-1__PICKEDSET2","ROCK","",  -972.567E-03,      -2.28388,      -2.28102,  -975.431E-03,  -61.2157E-03
F:/Desktop/DeepOnet_Abaqus/StaticElasticJob.odb,Step-1,Increment      1: Step Time =    1.000,"PLATE-1",           667,             1,   138.441E-03,   221.518E-03,            0.,"ASSEMBLY_PLATE-1__PICKEDSET2","ROCK","",  -449.728E-03,      -3.32481,      -3.01578,  -758.755E-03,   890.494E-03
F:/Desktop/DeepOnet_Abaqus/StaticElasticJob.odb,Step-1,Increment      1: Step Time =    1.000,"PLATE-1",           668,             1,   163.065E-03,   277.949E-03,            0.,"ASSEMBLY_PLATE-1__PICKEDSET2","ROCK","",  -729.085E-03,      -2.73094,      -2.66174,  -798.290E-03,   365.716E-03
F:/Desktop/DeepOnet_Abaqus/StaticElasticJob.odb,Step-1,Increment      1: Step Time =    1.000,"PLATE-1",           669,             1,   238.537E-03,   257.111E-03,            0.,"ASSEMBLY_PLATE-1__PICKEDSET2","ROCK","",  -848.006E-03,      -2.43523,      -2.24150,      -1.04173,   519.572E-03
F:/Desktop/DeepOnet_Abaqus/StaticElasticJob.odb,Step-1,Increment      1: Step Time =    1.000,"PLATE-1",           670,             1,   309.854E-03,   68.3357E-03,            0.,"ASSEMBLY_PLATE-1__PICKEDSET2","ROCK","",  -251.645E-03,      -2.62318,      -1.40221,      -1.47261,       1.18524
F:/Desktop/DeepOnet_Abaqus/StaticElasticJob.odb,Step-1,Increment      1: Step Time =    1.000,"PLATE-1",           671,             1,   904.549E-03,   10.4853E-03,            0.,"ASSEMBLY_PLATE-1__PICKEDSET2","ROCK","",      -1.12530,      -2.01630,      -1.93014,      -1.21146,  -263.341E-03
F:/Desktop/DeepOnet_Abaqus/StaticElasticJob.odb,Step-1,Increment      1: Step Time =    1.000,"PLATE-1",           672,             1,   141.068E-03,  -284.959E-03,            0.,"ASSEMBLY_PLATE-1__PICKEDSET2","ROCK","",  -388.305E-03,      -3.14880,      -3.08591,  -451.194E-03,  -411.883E-03
F:/Desktop/DeepOnet_Abaqus/StaticElasticJob.odb,Step-1,Increment      1: Step Time =    1.000,"PLATE-1",           673,             1,   341.268E-03,  -153.951E-03,            0.,"ASSEMBLY_PLATE-1__PICKEDSET2","ROCK","",  -412.120E-03,      -2.51152,      -1.83804,      -1.08560,  -979.966E-03
F:/Desktop/DeepOnet_Abaqus/StaticElasticJob.odb,Step-1,Increment      1: Step Time =    1.000,"PLATE-1",           674,             1,  -346.662E-03,  -37.7455E-03,            0.,"ASSEMBLY_PLATE-1__PICKEDSET2","ROCK","",  -518.776E-03,      -1.65191,  -522.169E-03,      -1.64852,   61.9123E-03
F:/Desktop/DeepOnet_Abaqus/StaticElasticJob.odb,Step-1,Increment      1: Step Time =    1.000,"PLATE-1",           675,             1,   461.800E-03,  -139.683E-03,            0.,"ASSEMBLY_PLATE-1__PICKEDSET2","ROCK","",      -1.06216,      -2.36688,      -2.03281,      -1.39624,  -569.446E-03
F:/Desktop/DeepOnet_Abaqus/StaticElasticJob.odb,Step-1,Increment      1: Step Time =    1.000,"PLATE-1",           676,             1,  -383.679E-03,  -134.617E-03,            0.,"ASSEMBLY_PLATE-1__PICKEDSET2","ROCK","",  -794.430E-03,      -2.27797,      -1.69775,      -1.37465,   723.963E-03
F:/Desktop/DeepOnet_Abaqus/StaticElasticJob.odb,Step-1,Increment      1: Step Time =    1.000,"PLATE-1",           677,             1,  -161.700E-03,  -288.284E-03,            0.,"ASSEMBLY_PLATE-1__PICKEDSET2","ROCK","",  -488.265E-03,      -3.14690,      -3.03822,  -596.946E-03,   526.432E-03
F:/Desktop/DeepOnet_Abaqus/StaticElasticJob.odb,Step-1,Increment      1: Step Time =    1.000,"PLATE-1",           678,             1,  -363.488E-03,  -66.2145E-03,            0.,"ASSEMBLY_PLATE-1__PICKEDSET2","ROCK","",  -674.986E-03,      -1.76577,  -813.060E-03,      -1.62770,   362.691E-03
F:/Desktop/DeepOnet_Abaqus/StaticElasticJob.odb,Step-1,Increment      1: Step Time =    1.000,"PLATE-1",           679,             1,   86.6838E-03,   298.070E-03,            0.,"ASSEMBLY_PLATE-1__PICKEDSET2","ROCK","",  -732.553E-03,      -2.98671,      -2.96403,  -755.227E-03,   224.938E-03
F:/Desktop/DeepOnet_Abaqus/StaticElasticJob.odb,Step-1,Increment      1: Step Time =    1.000,"PLATE-1",           680,             1,   17.4968E-03,  -327.103E-03,            0.,"ASSEMBLY_PLATE-1__PICKEDSET2","ROCK","",  -433.559E-03,      -3.07319,      -3.07301,  -433.740E-03,  -21.8501E-03
F:/Desktop/DeepOnet_Abaqus/StaticElasticJob.odb,Step-1,Increment      1: Step Time =    1.000,"PLATE-1",           681,             1,       1.22860,      -1.30980,            0.,"ASSEMBLY_PLATE-1__PICKEDSET2","ROCK","",  -978.415E-03,      -2.29488,      -2.29406,  -979.227E-03,  -32.6787E-03
F:/Desktop/DeepOnet_Abaqus/StaticElasticJob.odb,Step-1,Increment      1: Step Time =    1.000,"PLATE-1",           682,             1,      -1.16321,      -1.44600,            0.,"ASSEMBLY_PLATE-1__PICKEDSET2","ROCK","",  -996.343E-03,      -2.29279,      -2.29232,  -996.815E-03,   24.7289E-03
F:/Desktop/DeepOnet_Abaqus/StaticElasticJob.odb,Step-1,Increment      1: Step Time =    1.000,"PLATE-1",           683,             1,  -359.670E-03,  -31.9038E-03,            0.,"ASSEMBLY_PLATE-1__PICKEDSET2","ROCK","",  -501.088E-03,      -1.63667,  -503.517E-03,      -1.63424,   52.4584E-03
F:/Desktop/DeepOnet_Abaqus/StaticElasticJob.odb,Step-1,Increment      1: Step Time =    1.000,"PLATE-1",           684,             1,   163.952E-03,  -299.770E-03,            0.,"ASSEMBLY_PLATE-1__PICKEDSET2","ROCK","",  -519.402E-03,      -3.04136,      -2.95580,  -604.961E-03,  -456.569E-03
F:/Desktop/DeepOnet_Abaqus/StaticElasticJob.odb,Step-1,Increment      1: Step Time =    1.000,"PLATE-1",           685,             1,      -1.32962,   228.458E-03,            0.,"ASSEMBLY_PLATE-1__PICKEDSET2","ROCK","",      -1.05673,      -2.16518,      -2.16475,      -1.05717,  -21.9815E-03
F:/Desktop/DeepOnet_Abaqus/StaticElasticJob.odb,Step-1,Increment      1: Step Time =    1.000,"PLATE-1",           686,             1,   131.934E-03,   284.367E-03,            0.,"ASSEMBLY_PLATE-1__PICKEDSET2","ROCK","",  -697.621E-03,      -2.95654,      -2.90369,  -750.463E-03,   341.426E-03
F:/Desktop/DeepOnet_Abaqus/StaticElasticJob.odb,Step-1,Increment      1: Step Time =    1.000,"PLATE-1",           687,             1,   97.6328E-03,   309.659E-03,            0.,"ASSEMBLY_PLATE-1__PICKEDSET2","ROCK","",  -789.656E-03,      -2.89755,      -2.87406,  -813.146E-03,   221.275E-03
F:/Desktop/DeepOnet_Abaqus/StaticElasticJob.odb,Step-1,Increment      1: Step Time =    1.000,"PLATE-1",           688,             1,  -377.084E-03,  -186.952E-03,            0.,"ASSEMBLY_PLATE-1__PICKEDSET2","ROCK","",  -877.102E-03,      -2.52885,      -2.21089,      -1.19506,   651.224E-03
F:/Desktop/DeepOnet_Abaqus/StaticElasticJob.odb,Step-1,Increment      1: Step Time =    1.000,"PLATE-1",           689,             1,       1.17816,   984.903E-03,            0.,"ASSEMBLY_PLATE-1__PICKEDSET2","ROCK","",  -996.727E-03,      -2.31504,      -2.31315,  -998.616E-03,   49.8644E-03
F:/Desktop/DeepOnet_Abaqus/StaticElasticJob.odb,Step-1,Increment      1: Step Time =    1.000,"PLATE-1",           690,             1,      -1.22306,  -486.315E-03,            0.,"ASSEMBLY_PLATE-1__PICKEDSET2","ROCK","",      -1.02318,      -2.23077,      -2.22665,      -1.02730,   70.4353E-03
F:/Desktop/DeepOnet_Abaqus/StaticElasticJob.odb,Step-1,Increment      1: Step Time =    1.000,"PLATE-1",           691,             1,   413.896E-03,  -359.994E-03,            0.,"ASSEMBLY_PLATE-1__PICKEDSET2","ROCK","",  -940.255E-03,      -2.46237,      -2.40237,      -1.00025,  -296.173E-03
F:/Desktop/DeepOnet_Abaqus/StaticElasticJob.odb,Step-1,Increment      1: Step Time =    1.000,"PLATE-1",           692,             1,   89.8174E-03,   392.478E-03,            0.,"ASSEMBLY_PLATE-1__PICKEDSET2","ROCK","",  -886.787E-03,      -2.72660,      -2.72626,  -887.126E-03,  -24.9641E-03
F:/Desktop/DeepOnet_Abaqus/StaticElasticJob.odb,Step-1,Increment      1: Step Time =    1.000,"PLATE-1",           693,             1,   45.2250E-03,  -341.180E-03,            0.,"ASSEMBLY_PLATE-1__PICKEDSET2","ROCK","",  -458.567E-03,      -3.04491,      -3.04036,  -463.117E-03,  -108.375E-03
F:/Desktop/DeepOnet_Abaqus/StaticElasticJob.odb,Step-1,Increment      1: Step Time =    1.000,"PLATE-1",           694,             1,  -472.836E-03,  -159.781E-03,            0.,"ASSEMBLY_PLATE-1__PICKEDSET2","ROCK","",  -993.560E-03,      -2.17095,      -1.92697,      -1.23754,   477.217E-03
F:/Desktop/DeepOnet_Abaqus/StaticElasticJob.odb,Step-1,Increment      1: Step Time =    1.000,"PLATE-1",           695,             1,  -457.979E-03,  -143.445E-03,            0.,"ASSEMBLY_PLATE-1__PICKEDSET2","ROCK","",  -945.010E-03,      -2.10911,      -1.79858,      -1.25554,   514.839E-03
F:/Desktop/DeepOnet_Abaqus/StaticElasticJob.odb,Step-1,Increment      1: Step Time =    1.000,"PLATE-1",           696,             1,  -84.2350E-03,   449.156E-03,            0.,"ASSEMBLY_PLATE-1__PICKEDSET2","ROCK","",  -890.150E-03,      -2.61525,      -2.60865,  -896.747E-03,  -106.481E-03
F:/Desktop/DeepOnet_Abaqus/StaticElasticJob.odb,Step-1,Increment      1: Step Time =    1.000,"PLATE-1",           697,             1,  -65.5492E-03,  -314.033E-03,            0.,"ASSEMBLY_PLATE-1__PICKEDSET2","ROCK","",  -438.803E-03,      -3.10396,      -3.08722,  -455.536E-03,   210.515E-03
F:/Desktop/DeepOnet_Abaqus/StaticElasticJob.odb,Step-1,Increment      1: Step Time =    1.000,"PLATE-1",           698,             1,  -150.326E-03,  -340.211E-03,            0.,"ASSEMBLY_PLATE-1__PICKEDSET2","ROCK","",  -610.319E-03,      -2.98698,      -2.91724,  -680.063E-03,   401.114E-03
F:/Desktop/DeepOnet_Abaqus/StaticElasticJob.odb,Step-1,Increment      1: Step Time =    1.000,"PLATE-1",           699,             1,  -332.532E-03,   349.940E-03,            0.,"ASSEMBLY_PLATE-1__PICKEDSET2","ROCK","",  -746.460E-03,      -2.46248,      -2.38706,  -821.885E-03,  -351.772E-03
F:/Desktop/DeepOnet_Abaqus/StaticElasticJob.odb,Step-1,Increment      1: Step Time =    1.000,"PLATE-1",           700,             1,   543.022E-03,  -441.778E-03,            0.,"ASSEMBLY_PLATE-1__PICKEDSET2","ROCK","",  -957.422E-03,      -2.32994,      -2.31137,  -975.993E-03,  -158.567E-03
F:/Desktop/DeepOnet_Abaqus/StaticElasticJob.odb,Step-1,Increment      1: Step Time =    1.000,"PLATE-1",           701,             1,   865.794E-03,  -914.093E-03,            0.,"ASSEMBLY_PLATE-1__PICKEDSET2","ROCK","",  -959.543E-03,      -2.32216,      -2.31987,  -961.830E-03,  -55.7690E-03
F:/Desktop/DeepOnet_Abaqus/StaticElasticJob.odb,Step-1,Increment      1: Step Time =    1.000,"PLATE-1",           702,             1,  -164.471E-03,  -408.993E-03,            0.,"ASSEMBLY_PLATE-1__PICKEDSET2","ROCK","",  -762.588E-03,      -2.77725,      -2.73522,  -804.618E-03,   287.940E-03
F:/Desktop/DeepOnet_Abaqus/StaticElasticJob.odb,Step-1,Increment      1: Step Time =    1.000,"PLATE-1",           703,             1,   571.038E-03,  -474.968E-03,            0.,"ASSEMBLY_PLATE-1__PICKEDSET2","ROCK","",  -962.433E-03,      -2.30335,      -2.28653,  -979.252E-03,  -149.232E-03
F:/Desktop/DeepOnet_Abaqus/StaticElasticJob.odb,Step-1,Increment      1: Step Time =    1.000,"PLATE-1",           704,             1,   49.3138E-03,   982.116E-03,            0.,"ASSEMBLY_PLATE-1__PICKEDSET2","ROCK","",  -954.955E-03,      -2.39367,      -2.39364,  -954.988E-03,  -6.88372E-03
F:/Desktop/DeepOnet_Abaqus/StaticElasticJob.odb,Step-1,Increment      1: Step Time =    1.000,"PLATE-1",           705,             1,  -641.908E-03,  -966.246E-03,            0.,"ASSEMBLY_PLATE-1__PICKEDSET2","ROCK","",  -985.604E-03,      -2.33491,      -2.33308,  -987.434E-03,   49.6603E-03
F:/Desktop/DeepOnet_Abaqus/StaticElasticJob.odb,Step-1,Increment      1: Step Time =    1.000,"PLATE-1",           706,             1,  -376.751E-03,  -622.902E-03,            0.,"ASSEMBLY_PLATE-1__PICKEDSET2","ROCK","",  -962.896E-03,      -2.43169,      -2.42152,  -973.061E-03,   121.768E-03
F:/Desktop/DeepOnet_Abaqus/StaticElasticJob.odb,Step-1,Increment      1: Step Time =    1.000,"PLATE-1",           707,             1,  -624.342E-03,  -802.546E-03,            0.,"ASSEMBLY_PLATE-1__PICKEDSET2","ROCK","",  -981.079E-03,      -2.34416,      -2.34029,  -984.955E-03,   72.5793E-03
F:/Desktop/DeepOnet_Abaqus/StaticElasticJob.odb,Step-1,Increment      1: Step Time =    1.000,"PLATE-1",           708,             1,  -792.951E-03,  -91.7274E-03,            0.,"ASSEMBLY_PLATE-1__PICKEDSET2","ROCK","",      -1.13570,      -2.01858,      -2.00721,      -1.14707,   99.5353E-03
F:/Desktop/DeepOnet_Abaqus/StaticElasticJob.odb,Step-1,Increment      1: Step Time =    1.000,"PLATE-1",           709,             1,   883.299E-03,  -736.192E-03,            0.,"ASSEMBLY_PLATE-1__PICKEDSET2","ROCK","",  -957.259E-03,      -2.31175,      -2.30703,  -961.973E-03,  -79.7640E-03
F:/Desktop/DeepOnet_Abaqus/StaticElasticJob.odb,Step-1,Increment      1: Step Time =    1.000,"PLATE-1",           710,             1,   628.773E-03,  -864.400E-03,            0.,"ASSEMBLY_PLATE-1__PICKEDSET2","ROCK","",  -956.011E-03,      -2.35280,      -2.35069,  -958.125E-03,  -54.3052E-03
F:/Desktop/DeepOnet_Abaqus/StaticElasticJob.odb,Step-1,Increment      1: Step Time =    1.000,"PLATE-1",           711,             1,  -775.539E-03,   785.661E-03,            0.,"ASSEMBLY_PLATE-1__PICKEDSET2","ROCK","",  -955.222E-03,      -2.28572,      -2.27918,  -961.764E-03,  -93.0653E-03
F:/Desktop/DeepOnet_Abaqus/StaticElasticJob.odb,Step-1,Increment      1: Step Time =    1.000,"PLATE-1",           712,             1,   200.828E-03,  -559.627E-03,            0.,"ASSEMBLY_PLATE-1__PICKEDSET2","ROCK","",  -864.853E-03,      -2.56756,      -2.56053,  -871.881E-03,  -109.163E-03
F:/Desktop/DeepOnet_Abaqus/StaticElasticJob.odb,Step-1,Increment      1: Step Time =    1.000,"PLATE-1",           713,             1,  -931.199E-03,   7.95575E-03,            0.,"ASSEMBLY_PLATE-1__PICKEDSET2","ROCK","",      -1.11844,      -2.05370,      -2.05329,      -1.11884,   19.4794E-03
F:/Desktop/DeepOnet_Abaqus/StaticElasticJob.odb,Step-1,Increment      1: Step Time =    1.000,"PLATE-1",           714,             1,   500.777E-03,  -731.947E-03,            0.,"ASSEMBLY_PLATE-1__PICKEDSET2","ROCK","",  -950.547E-03,      -2.38724,      -2.38345,  -954.344E-03,  -73.7614E-03
F:/Desktop/DeepOnet_Abaqus/StaticElasticJob.odb,Step-1,Increment      1: Step Time =    1.000,"PLATE-1",           715,             1,   2.86458E-03,   839.640E-03,            0.,"ASSEMBLY_PLATE-1__PICKEDSET2","ROCK","",  -938.783E-03,      -2.39315,      -2.39258,  -939.349E-03,  -28.7019E-03
F:/Desktop/DeepOnet_Abaqus/StaticElasticJob.odb,Step-1,Increment      1: Step Time =    1.000,"PLATE-1",           716,             1,  -543.041E-03,  -519.189E-03,            0.,"ASSEMBLY_PLATE-1__PICKEDSET2","ROCK","",  -973.010E-03,      -2.36610,      -2.34820,  -990.911E-03,   156.898E-03
F:/Desktop/DeepOnet_Abaqus/StaticElasticJob.odb,Step-1,Increment      1: Step Time =    1.000,"PLATE-1",           717,             1,  -523.439E-03,   641.184E-03,            0.,"ASSEMBLY_PLATE-1__PICKEDSET2","ROCK","",  -910.582E-03,      -2.33591,      -2.32399,  -922.501E-03,  -129.793E-03
F:/Desktop/DeepOnet_Abaqus/StaticElasticJob.odb,Step-1,Increment      1: Step Time =    1.000,"PLATE-1",           718,             1,  -306.602E-03,  -765.069E-03,            0.,"ASSEMBLY_PLATE-1__PICKEDSET2","ROCK","",  -962.882E-03,      -2.41880,      -2.41521,  -966.465E-03,   72.1342E-03
F:/Desktop/DeepOnet_Abaqus/StaticElasticJob.odb,Step-1,Increment      1: Step Time =    1.000,"PLATE-1",           719,             1,      -1.45159,       1.54233,            0.,"ASSEMBLY_PLATE-1__PICKEDSET2","ROCK","",  -989.915E-03,      -2.27530,      -2.27474,  -990.483E-03,  -27.0126E-03
F:/Desktop/DeepOnet_Abaqus/StaticElasticJob.odb,Step-1,Increment      1: Step Time =    1.000,"PLATE-1",           720,             1,      -1.40427,       1.31372,            0.,"ASSEMBLY_PLATE-1__PICKEDSET2","ROCK","",  -989.905E-03,      -2.27066,      -2.26970,  -990.869E-03,  -35.1277E-03
F:/Desktop/DeepOnet_Abaqus/StaticElasticJob.odb,Step-1,Increment      1: Step Time =    1.000,"PLATE-1",           721,             1,      -1.20672,       1.25075,            0.,"ASSEMBLY_PLATE-1__PICKEDSET2","ROCK","",  -982.826E-03,      -2.27756,      -2.27629,  -984.093E-03,  -40.4870E-03
F:/Desktop/DeepOnet_Abaqus/StaticElasticJob.odb,Step-1,Increment      1: Step Time =    1.000,"PLATE-1",           722,             1,      -1.06393,       1.13532,            0.,"ASSEMBLY_PLATE-1__PICKEDSET2","ROCK","",  -977.388E-03,      -2.28087,      -2.27909,  -979.168E-03,  -48.1404E-03
F:/Desktop/DeepOnet_Abaqus/StaticElasticJob.odb,Step-1,Increment      1: Step Time =    1.000,"PLATE-1",           723,             1,  -962.086E-03,   910.048E-03,            0.,"ASSEMBLY_PLATE-1__PICKEDSET2","ROCK","",  -973.156E-03,      -2.27410,      -2.27036,  -976.897E-03,  -69.6610E-03
F:/Desktop/DeepOnet_Abaqus/StaticElasticJob.odb,Step-1,Increment      1: Step Time =    1.000,"PLATE-1",           724,             1,  -806.366E-03,   878.532E-03,            0.,"ASSEMBLY_PLATE-1__PICKEDSET2","ROCK","",  -958.884E-03,      -2.29099,      -2.28651,  -963.366E-03,  -77.1384E-03
F:/Desktop/DeepOnet_Abaqus/StaticElasticJob.odb,Step-1,Increment      1: Step Time =    1.000,"PLATE-1",           725,             1,  -582.393E-03,   674.511E-03,            0.,"ASSEMBLY_PLATE-1__PICKEDSET2","ROCK","",  -924.367E-03,      -2.31785,      -2.30748,  -934.739E-03,  -119.769E-03
F:/Desktop/DeepOnet_Abaqus/StaticElasticJob.odb,Step-1,Increment      1: Step Time =    1.000,"PLATE-1",           726,             1,  -474.598E-03,   462.248E-03,            0.,"ASSEMBLY_PLATE-1__PICKEDSET2","ROCK","",  -869.918E-03,      -2.33184,      -2.29756,  -904.198E-03,  -221.221E-03
F:/Desktop/DeepOnet_Abaqus/StaticElasticJob.odb,Step-1,Increment      1: Step Time =    1.000,"PLATE-1",           727,             1,  -172.539E-03,   210.150E-03,            0.,"ASSEMBLY_PLATE-1__PICKEDSET2","ROCK","",  -368.287E-03,      -3.12627,      -2.78000,  -714.552E-03,  -913.834E-03
F:/Desktop/DeepOnet_Abaqus/StaticElasticJob.odb,Step-1,Increment      1: Step Time =    1.000,"PLATE-1",           728,             1,   23.4594E-03,   215.249E-03,            0.,"ASSEMBLY_PLATE-1__PICKEDSET2","ROCK","",  -204.698E-03,      -4.17421,      -4.16017,  -218.740E-03,   235.682E-03
F:/Desktop/DeepOnet_Abaqus/StaticElasticJob.odb,Step-1,Increment      1: Step Time =    1.000,"PLATE-1",           729,             1,   225.913E-03,   204.379E-03,            0.,"ASSEMBLY_PLATE-1__PICKEDSET2","ROCK","",  -709.048E-03,      -2.64864,      -2.17371,      -1.18398,   834.031E-03
F:/Desktop/DeepOnet_Abaqus/StaticElasticJob.odb,Step-1,Increment      1: Step Time =    1.000,"PLATE-1",           730,             1,   186.993E-03,   515.725E-03,            0.,"ASSEMBLY_PLATE-1__PICKEDSET2","ROCK","",  -857.390E-03,      -2.50420,      -2.50205,  -859.540E-03,  -59.4659E-03
F:/Desktop/DeepOnet_Abaqus/StaticElasticJob.odb,Step-1,Increment      1: Step Time =    1.000,"PLATE-1",           731,             1,   241.867E-03,   551.382E-03,            0.,"ASSEMBLY_PLATE-1__PICKEDSET2","ROCK","",  -819.476E-03,      -2.58400,      -2.58252,  -820.946E-03,  -50.9178E-03
F:/Desktop/DeepOnet_Abaqus/StaticElasticJob.odb,Step-1,Increment      1: Step Time =    1.000,"PLATE-1",           732,             1,   236.770E-03,   807.256E-03,            0.,"ASSEMBLY_PLATE-1__PICKEDSET2","ROCK","",  -911.883E-03,      -2.44110,      -2.44109,  -911.890E-03,   3.33705E-03
F:/Desktop/DeepOnet_Abaqus/StaticElasticJob.odb,Step-1,Increment      1: Step Time =    1.000,"PLATE-1",           733,             1,   213.044E-03,   950.539E-03,            0.,"ASSEMBLY_PLATE-1__PICKEDSET2","ROCK","",  -951.230E-03,      -2.40112,      -2.40111,  -951.237E-03,   3.30443E-03
F:/Desktop/DeepOnet_Abaqus/StaticElasticJob.odb,Step-1,Increment      1: Step Time =    1.000,"PLATE-1",           734,             1,   254.714E-03,       1.02497,            0.,"ASSEMBLY_PLATE-1__PICKEDSET2","ROCK","",  -956.152E-03,      -2.39283,      -2.39269,  -956.292E-03,   14.2089E-03
F:/Desktop/DeepOnet_Abaqus/StaticElasticJob.odb,Step-1,Increment      1: Step Time =    1.000,"PLATE-1",           735,             1,   183.723E-03,       1.24133,            0.,"ASSEMBLY_PLATE-1__PICKEDSET2","ROCK","",  -975.072E-03,      -2.35198,      -2.35190,  -975.152E-03,   10.5042E-03
F:/Desktop/DeepOnet_Abaqus/StaticElasticJob.odb,Step-1,Increment      1: Step Time =    1.000,"PLATE-1",           736,             1,   257.258E-03,       1.54669,            0.,"ASSEMBLY_PLATE-1__PICKEDSET2","ROCK","",  -989.345E-03,      -2.32236,      -2.32225,  -989.457E-03,   12.2504E-03
F:/Desktop/DeepOnet_Abaqus/StaticElasticJob.odb,Step-1,Increment      1: Step Time =    1.000,"PLATE-1",           737,             1,   157.041E-03,       1.54852,            0.,"ASSEMBLY_PLATE-1__PICKEDSET2","ROCK","",  -986.570E-03,      -2.32178,      -2.32172,  -986.629E-03,   8.88200E-03
F:/Desktop/DeepOnet_Abaqus/StaticElasticJob.odb,Step-1,Increment      1: Step Time =    1.000,"PLATE-1",           738,             1,   57.7861E-03,       1.55034,            0.,"ASSEMBLY_PLATE-1__PICKEDSET2","ROCK","",  -984.504E-03,      -2.32247,      -2.32244,  -984.539E-03,   6.80335E-03
F:/Desktop/DeepOnet_Abaqus/StaticElasticJob.odb,Step-1,Increment      1: Step Time =    1.000,"PLATE-1",           739,             1,  -21.6983E-03,       1.37546,            0.,"ASSEMBLY_PLATE-1__PICKEDSET2","ROCK","",  -975.447E-03,      -2.33577,      -2.33576,  -975.448E-03,   1.18865E-03
F:/Desktop/DeepOnet_Abaqus/StaticElasticJob.odb,Step-1,Increment      1: Step Time =    1.000,"PLATE-1",           740,             1,   1.46045E-03,       1.22810,            0.,"ASSEMBLY_PLATE-1__PICKEDSET2","ROCK","",  -969.949E-03,      -2.35026,      -2.35025,  -969.950E-03,  -1.00062E-03
F:/Desktop/DeepOnet_Abaqus/StaticElasticJob.odb,Step-1,Increment      1: Step Time =    1.000,"PLATE-1",           741,             1,   171.390E-03,       1.05934,            0.,"ASSEMBLY_PLATE-1__PICKEDSET2","ROCK","",  -961.840E-03,      -2.37779,      -2.37776,  -961.870E-03,   6.51119E-03
F:/Desktop/DeepOnet_Abaqus/StaticElasticJob.odb,Step-1,Increment      1: Step Time =    1.000,"PLATE-1",           742,             1,   181.182E-03,   782.008E-03,            0.,"ASSEMBLY_PLATE-1__PICKEDSET2","ROCK","",  -919.997E-03,      -2.46729,      -2.46687,  -920.421E-03,  -25.6169E-03
F:/Desktop/DeepOnet_Abaqus/StaticElasticJob.odb,Step-1,Increment      1: Step Time =    1.000,"PLATE-1",           743,             1,   16.5843E-03,   685.101E-03,            0.,"ASSEMBLY_PLATE-1__PICKEDSET2","ROCK","",  -927.380E-03,      -2.45632,      -2.45523,  -928.470E-03,  -40.8135E-03
F:/Desktop/DeepOnet_Abaqus/StaticElasticJob.odb,Step-1,Increment      1: Step Time =    1.000,"PLATE-1",           744,             1,  -702.623E-03,  -221.931E-03,            0.,"ASSEMBLY_PLATE-1__PICKEDSET2","ROCK","",      -1.07115,      -2.12005,      -2.08194,      -1.10927,   196.279E-03
F:/Desktop/DeepOnet_Abaqus/StaticElasticJob.odb,Step-1,Increment      1: Step Time =    1.000,"PLATE-1",           745,             1,      -1.01865,  -192.389E-03,            0.,"ASSEMBLY_PLATE-1__PICKEDSET2","ROCK","",      -1.07360,      -2.14055,      -2.13497,      -1.07918,   76.9479E-03
F:/Desktop/DeepOnet_Abaqus/StaticElasticJob.odb,Step-1,Increment      1: Step Time =    1.000,"PLATE-1",           746,             1,      -1.05484,  -235.893E-03,            0.,"ASSEMBLY_PLATE-1__PICKEDSET2","ROCK","",      -1.06400,      -2.15810,      -2.15251,      -1.06958,   77.9719E-03
F:/Desktop/DeepOnet_Abaqus/StaticElasticJob.odb,Step-1,Increment      1: Step Time =    1.000,"PLATE-1",           747,             1,      -1.15365,  -226.111E-03,            0.,"ASSEMBLY_PLATE-1__PICKEDSET2","ROCK","",      -1.05804,      -2.17062,      -2.16696,      -1.06171,   63.7388E-03
F:/Desktop/DeepOnet_Abaqus/StaticElasticJob.odb,Step-1,Increment      1: Step Time =    1.000,"PLATE-1",           748,             1,      -1.24265,  -245.389E-03,            0.,"ASSEMBLY_PLATE-1__PICKEDSET2","ROCK","",      -1.05134,      -2.18353,      -2.18078,      -1.05409,   55.7197E-03
F:/Desktop/DeepOnet_Abaqus/StaticElasticJob.odb,Step-1,Increment      1: Step Time =    1.000,"PLATE-1",           749,             1,      -1.44925,  -246.890E-03,            0.,"ASSEMBLY_PLATE-1__PICKEDSET2","ROCK","",      -1.04222,      -2.20168,      -2.20038,      -1.04353,   38.9138E-03
F:/Desktop/DeepOnet_Abaqus/StaticElasticJob.odb,Step-1,Increment      1: Step Time =    1.000,"PLATE-1",           750,             1,      -1.55036,  -248.817E-03,            0.,"ASSEMBLY_PLATE-1__PICKEDSET2","ROCK","",      -1.03854,      -2.20848,      -2.20752,      -1.03950,   33.5674E-03
F:/Desktop/DeepOnet_Abaqus/StaticElasticJob.odb,Step-1,Increment      1: Step Time =    1.000,"PLATE-1",           751,             1,      -1.55145,  -347.139E-03,            0.,"ASSEMBLY_PLATE-1__PICKEDSET2","ROCK","",      -1.03339,      -2.21766,      -2.21638,      -1.03467,   38.8924E-03
F:/Desktop/DeepOnet_Abaqus/StaticElasticJob.odb,Step-1,Increment      1: Step Time =    1.000,"PLATE-1",           752,             1,      -1.55116,  -445.217E-03,            0.,"ASSEMBLY_PLATE-1__PICKEDSET2","ROCK","",      -1.02716,      -2.22782,      -2.22627,      -1.02870,   43.0261E-03
F:/Desktop/DeepOnet_Abaqus/StaticElasticJob.odb,Step-1,Increment      1: Step Time =    1.000,"PLATE-1",           753,             1,      -1.54673,  -544.745E-03,            0.,"ASSEMBLY_PLATE-1__PICKEDSET2","ROCK","",      -1.02162,      -2.23789,      -2.23618,      -1.02333,   45.5055E-03
F:/Desktop/DeepOnet_Abaqus/StaticElasticJob.odb,Step-1,Increment      1: Step Time =    1.000,"PLATE-1",           754,             1,      -1.33174,  -572.792E-03,            0.,"ASSEMBLY_PLATE-1__PICKEDSET2","ROCK","",      -1.01779,      -2.24227,      -2.23939,      -1.02068,   59.3724E-03
F:/Desktop/DeepOnet_Abaqus/StaticElasticJob.odb,Step-1,Increment      1: Step Time =    1.000,"PLATE-1",           755,             1,      -1.25983,  -768.896E-03,            0.,"ASSEMBLY_PLATE-1__PICKEDSET2","ROCK","",      -1.00435,      -2.26823,      -2.26564,      -1.00693,   57.0806E-03
F:/Desktop/DeepOnet_Abaqus/StaticElasticJob.odb,Step-1,Increment      1: Step Time =    1.000,"PLATE-1",           756,             1,      -1.08557,  -848.486E-03,            0.,"ASSEMBLY_PLATE-1__PICKEDSET2","ROCK","",  -996.069E-03,      -2.28696,      -2.28426,  -998.774E-03,   59.0305E-03
F:/Desktop/DeepOnet_Abaqus/StaticElasticJob.odb,Step-1,Increment      1: Step Time =    1.000,"PLATE-1",           757,             1,  -923.582E-03,      -1.09833,            0.,"ASSEMBLY_PLATE-1__PICKEDSET2","ROCK","",  -991.141E-03,      -2.30715,      -2.30586,  -992.436E-03,   41.2534E-03
F:/Desktop/DeepOnet_Abaqus/StaticElasticJob.odb,Step-1,Increment      1: Step Time =    1.000,"PLATE-1",           758,             1,  -789.437E-03,      -1.19127,            0.,"ASSEMBLY_PLATE-1__PICKEDSET2","ROCK","",  -991.516E-03,      -2.31356,      -2.31272,  -992.356E-03,   33.3061E-03
F:/Desktop/DeepOnet_Abaqus/StaticElasticJob.odb,Step-1,Increment      1: Step Time =    1.000,"PLATE-1",           759,             1,  -560.348E-03,      -1.33200,            0.,"ASSEMBLY_PLATE-1__PICKEDSET2","ROCK","",  -994.077E-03,      -2.31895,      -2.31858,  -994.440E-03,   21.9274E-03
F:/Desktop/DeepOnet_Abaqus/StaticElasticJob.odb,Step-1,Increment      1: Step Time =    1.000,"PLATE-1",           760,             1,  -554.072E-03,      -1.54225,            0.,"ASSEMBLY_PLATE-1__PICKEDSET2","ROCK","",  -997.662E-03,      -2.30891,      -2.30873,  -997.842E-03,   15.3500E-03
F:/Desktop/DeepOnet_Abaqus/StaticElasticJob.odb,Step-1,Increment      1: Step Time =    1.000,"PLATE-1",           761,             1,  -452.096E-03,      -1.54005,            0.,"ASSEMBLY_PLATE-1__PICKEDSET2","ROCK","",  -997.679E-03,      -2.31166,      -2.31152,  -997.821E-03,   13.6874E-03
F:/Desktop/DeepOnet_Abaqus/StaticElasticJob.odb,Step-1,Increment      1: Step Time =    1.000,"PLATE-1",           762,             1,  -349.548E-03,      -1.54546,            0.,"ASSEMBLY_PLATE-1__PICKEDSET2","ROCK","",  -997.651E-03,      -2.31367,      -2.31356,  -997.763E-03,   12.1243E-03
F:/Desktop/DeepOnet_Abaqus/StaticElasticJob.odb,Step-1,Increment      1: Step Time =    1.000,"PLATE-1",           763,             1,  -331.848E-03,      -1.45510,            0.,"ASSEMBLY_PLATE-1__PICKEDSET2","ROCK","",  -996.403E-03,      -2.31880,      -2.31866,  -996.550E-03,   13.9203E-03
F:/Desktop/DeepOnet_Abaqus/StaticElasticJob.odb,Step-1,Increment      1: Step Time =    1.000,"PLATE-1",           764,             1,  -243.202E-03,      -1.38418,            0.,"ASSEMBLY_PLATE-1__PICKEDSET2","ROCK","",  -994.378E-03,      -2.32641,      -2.32627,  -994.523E-03,   13.9141E-03
F:/Desktop/DeepOnet_Abaqus/StaticElasticJob.odb,Step-1,Increment      1: Step Time =    1.000,"PLATE-1",           765,             1,  -173.200E-03,      -1.19108,            0.,"ASSEMBLY_PLATE-1__PICKEDSET2","ROCK","",  -987.816E-03,      -2.34712,      -2.34690,  -988.033E-03,   17.1615E-03
F:/Desktop/DeepOnet_Abaqus/StaticElasticJob.odb,Step-1,Increment      1: Step Time =    1.000,"PLATE-1",           766,             1,  -247.865E-03,      -1.12382,            0.,"ASSEMBLY_PLATE-1__PICKEDSET2","ROCK","",  -985.671E-03,      -2.35436,      -2.35395,  -986.086E-03,   23.8093E-03
F:/Desktop/DeepOnet_Abaqus/StaticElasticJob.odb,Step-1,Increment      1: Step Time =    1.000,"PLATE-1",           767,             1,  -217.986E-03,  -892.973E-03,            0.,"ASSEMBLY_PLATE-1__PICKEDSET2","ROCK","",  -969.652E-03,      -2.39786,      -2.39659,  -970.923E-03,   42.5836E-03
F:/Desktop/DeepOnet_Abaqus/StaticElasticJob.odb,Step-1,Increment      1: Step Time =    1.000,"PLATE-1",           768,             1,  -232.076E-03,  -734.753E-03,            0.,"ASSEMBLY_PLATE-1__PICKEDSET2","ROCK","",  -951.428E-03,      -2.44411,      -2.44035,  -955.194E-03,   74.8810E-03
F:/Desktop/DeepOnet_Abaqus/StaticElasticJob.odb,Step-1,Increment      1: Step Time =    1.000,"PLATE-1",           769,             1,  -269.244E-03,  -580.441E-03,            0.,"ASSEMBLY_PLATE-1__PICKEDSET2","ROCK","",  -935.036E-03,      -2.49818,      -2.48472,  -948.495E-03,   144.422E-03
F:/Desktop/DeepOnet_Abaqus/StaticElasticJob.odb,Step-1,Increment      1: Step Time =    1.000,"PLATE-1",           770,             1,  -194.609E-03,  -197.741E-03,            0.,"ASSEMBLY_PLATE-1__PICKEDSET2","ROCK","",  -243.728E-03,      -3.73028,      -3.47741,  -496.598E-03,   904.268E-03
F:/Desktop/DeepOnet_Abaqus/StaticElasticJob.odb,Step-1,Increment      1: Step Time =    1.000,"PLATE-1",           771,             1,  -877.230E-03,  -154.517E-03,            0.,"ASSEMBLY_PLATE-1__PICKEDSET2","ROCK","",      -1.09829,      -2.09197,      -2.08127,      -1.10899,   102.560E-03
F:/Desktop/DeepOnet_Abaqus/StaticElasticJob.odb,Step-1,Increment      1: Step Time =    1.000,"PLATE-1",           772,             1,      -1.04870,  -47.3142E-03,            0.,"ASSEMBLY_PLATE-1__PICKEDSET2","ROCK","",      -1.09403,      -2.10554,      -2.10421,      -1.09536,   36.6875E-03
F:/Desktop/DeepOnet_Abaqus/StaticElasticJob.odb,Step-1,Increment      1: Step Time =    1.000,"PLATE-1",           773,             1,      -1.33658,  -60.2616E-03,            0.,"ASSEMBLY_PLATE-1__PICKEDSET2","ROCK","",      -1.05983,      -2.16898,      -2.16849,      -1.06031,   23.1580E-03
F:/Desktop/DeepOnet_Abaqus/StaticElasticJob.odb,Step-1,Increment      1: Step Time =    1.000,"PLATE-1",           774,             1,      -1.54596,  -50.4965E-03,            0.,"ASSEMBLY_PLATE-1__PICKEDSET2","ROCK","",      -1.04661,      -2.19394,      -2.19369,      -1.04686,   16.9740E-03
F:/Desktop/DeepOnet_Abaqus/StaticElasticJob.odb,Step-1,Increment      1: Step Time =    1.000,"PLATE-1",           775,             1,      -1.54873,  -149.947E-03,            0.,"ASSEMBLY_PLATE-1__PICKEDSET2","ROCK","",      -1.04315,      -2.20069,      -2.20010,      -1.04374,   26.1194E-03
F:/Desktop/DeepOnet_Abaqus/StaticElasticJob.odb,Step-1,Increment      1: Step Time =    1.000,"PLATE-1",           776,             1,      -1.07207,   78.6569E-03,            0.,"ASSEMBLY_PLATE-1__PICKEDSET2","ROCK","",      -1.09228,      -2.10232,      -2.10229,      -1.09231,  -5.24853E-03
F:/Desktop/DeepOnet_Abaqus/StaticElasticJob.odb,Step-1,Increment      1: Step Time =    1.000,"PLATE-1",           777,             1,      -1.15528,   108.871E-03,            0.,"ASSEMBLY_PLATE-1__PICKEDSET2","ROCK","",      -1.07774,      -2.12964,      -2.12958,      -1.07780,  -7.96699E-03
F:/Desktop/DeepOnet_Abaqus/StaticElasticJob.odb,Step-1,Increment      1: Step Time =    1.000,"PLATE-1",           778,             1,      -1.38790,   125.850E-03,            0.,"ASSEMBLY_PLATE-1__PICKEDSET2","ROCK","",      -1.05628,      -2.17225,      -2.17224,      -1.05629,  -3.91971E-03
F:/Desktop/DeepOnet_Abaqus/StaticElasticJob.odb,Step-1,Increment      1: Step Time =    1.000,"PLATE-1",           779,             1,      -1.53971,   51.7972E-03,            0.,"ASSEMBLY_PLATE-1__PICKEDSET2","ROCK","",      -1.04860,      -2.18918,      -2.18915,      -1.04863,   6.26965E-03
F:/Desktop/DeepOnet_Abaqus/StaticElasticJob.odb,Step-1,Increment      1: Step Time =    1.000,"PLATE-1",           780,             1,      -1.54307,   153.884E-03,            0.,"ASSEMBLY_PLATE-1__PICKEDSET2","ROCK","",      -1.04755,      -2.18934,      -2.18933,      -1.04756,  -3.11829E-03
F:/Desktop/DeepOnet_Abaqus/StaticElasticJob.odb,Step-1,Increment      1: Step Time =    1.000,"PLATE-1",           781,             1,      -1.54159,   353.188E-03,            0.,"ASSEMBLY_PLATE-1__PICKEDSET2","ROCK","",      -1.03842,      -2.19948,      -2.19903,      -1.03888,  -23.0489E-03
F:/Desktop/DeepOnet_Abaqus/StaticElasticJob.odb,Step-1,Increment      1: Step Time =    1.000,"PLATE-1",           782,             1,      -1.54045,   455.539E-03,            0.,"ASSEMBLY_PLATE-1__PICKEDSET2","ROCK","",      -1.03353,      -2.20536,      -2.20456,      -1.03432,  -30.5515E-03
F:/Desktop/DeepOnet_Abaqus/StaticElasticJob.odb,Step-1,Increment      1: Step Time =    1.000,"PLATE-1",           783,             1,      -1.38122,   605.688E-03,            0.,"ASSEMBLY_PLATE-1__PICKEDSET2","ROCK","",      -1.02209,      -2.21420,      -2.21220,      -1.02409,  -48.8076E-03
F:/Desktop/DeepOnet_Abaqus/StaticElasticJob.odb,Step-1,Increment      1: Step Time =    1.000,"PLATE-1",           784,             1,      -1.28173,   575.540E-03,            0.,"ASSEMBLY_PLATE-1__PICKEDSET2","ROCK","",      -1.02159,      -2.20936,      -2.20651,      -1.02443,  -58.0552E-03
F:/Desktop/DeepOnet_Abaqus/StaticElasticJob.odb,Step-1,Increment      1: Step Time =    1.000,"PLATE-1",           785,             1,      -1.07605,   654.940E-03,            0.,"ASSEMBLY_PLATE-1__PICKEDSET2","ROCK","",      -1.00194,      -2.22575,      -2.22041,      -1.00727,  -80.6370E-03
F:/Desktop/DeepOnet_Abaqus/StaticElasticJob.odb,Step-1,Increment      1: Step Time =    1.000,"PLATE-1",           786,             1,  -961.971E-03,   654.364E-03,            0.,"ASSEMBLY_PLATE-1__PICKEDSET2","ROCK","",  -989.755E-03,      -2.23448,      -2.22712,  -997.110E-03,  -95.4003E-03
F:/Desktop/DeepOnet_Abaqus/StaticElasticJob.odb,Step-1,Increment      1: Step Time =    1.000,"PLATE-1",           787,             1,  -865.598E-03,   654.167E-03,            0.,"ASSEMBLY_PLATE-1__PICKEDSET2","ROCK","",  -975.961E-03,      -2.24739,      -2.23817,  -985.187E-03,  -107.913E-03
F:/Desktop/DeepOnet_Abaqus/StaticElasticJob.odb,Step-1,Increment      1: Step Time =    1.000,"PLATE-1",           788,             1,  -635.672E-03,   643.395E-03,            0.,"ASSEMBLY_PLATE-1__PICKEDSET2","ROCK","",  -930.889E-03,      -2.29942,      -2.28696,  -943.344E-03,  -129.961E-03
F:/Desktop/DeepOnet_Abaqus/StaticElasticJob.odb,Step-1,Increment      1: Step Time =    1.000,"PLATE-1",           789,             1,  -791.841E-03,   827.623E-03,            0.,"ASSEMBLY_PLATE-1__PICKEDSET2","ROCK","",  -956.630E-03,      -2.28801,      -2.28230,  -962.344E-03,  -87.0380E-03
F:/Desktop/DeepOnet_Abaqus/StaticElasticJob.odb,Step-1,Increment      1: Step Time =    1.000,"PLATE-1",           790,             1,  -959.510E-03,   749.440E-03,            0.,"ASSEMBLY_PLATE-1__PICKEDSET2","ROCK","",  -980.481E-03,      -2.25328,      -2.24725,  -986.512E-03,  -87.4062E-03
F:/Desktop/DeepOnet_Abaqus/StaticElasticJob.odb,Step-1,Increment      1: Step Time =    1.000,"PLATE-1",           791,             1,      -1.18439,   799.489E-03,            0.,"ASSEMBLY_PLATE-1__PICKEDSET2","ROCK","",  -997.053E-03,      -2.24353,      -2.24023,      -1.00035,  -64.0372E-03
F:/Desktop/DeepOnet_Abaqus/StaticElasticJob.odb,Step-1,Increment      1: Step Time =    1.000,"PLATE-1",           792,             1,      -1.26198,   757.011E-03,            0.,"ASSEMBLY_PLATE-1__PICKEDSET2","ROCK","",      -1.00470,      -2.23462,      -2.23171,      -1.00762,  -59.8274E-03
F:/Desktop/DeepOnet_Abaqus/StaticElasticJob.odb,Step-1,Increment      1: Step Time =    1.000,"PLATE-1",           793,             1,      -1.45884,   730.848E-03,            0.,"ASSEMBLY_PLATE-1__PICKEDSET2","ROCK","",      -1.01380,      -2.22990,      -2.22818,      -1.01552,  -45.7056E-03
F:/Desktop/DeepOnet_Abaqus/StaticElasticJob.odb,Step-1,Increment      1: Step Time =    1.000,"PLATE-1",           794,             1,      -1.54667,   750.881E-03,            0.,"ASSEMBLY_PLATE-1__PICKEDSET2","ROCK","",      -1.01448,      -2.23156,      -2.23017,      -1.01587,  -41.1404E-03
F:/Desktop/DeepOnet_Abaqus/StaticElasticJob.odb,Step-1,Increment      1: Step Time =    1.000,"PLATE-1",           795,             1,      -1.55568,   651.204E-03,            0.,"ASSEMBLY_PLATE-1__PICKEDSET2","ROCK","",      -1.02086,      -2.22290,      -2.22166,      -1.02210,  -38.5764E-03
F:/Desktop/DeepOnet_Abaqus/StaticElasticJob.odb,Step-1,Increment      1: Step Time =    1.000,"PLATE-1",           796,             1,      -1.55030,   252.413E-03,            0.,"ASSEMBLY_PLATE-1__PICKEDSET2","ROCK","",      -1.04348,      -2.19409,      -2.19392,      -1.04365,  -14.0251E-03
F:/Desktop/DeepOnet_Abaqus/StaticElasticJob.odb,Step-1,Increment      1: Step Time =    1.000,"PLATE-1",           797,             1,      -1.53475,  -649.273E-03,            0.,"ASSEMBLY_PLATE-1__PICKEDSET2","ROCK","",      -1.01508,      -2.24804,      -2.24629,      -1.01683,   46.4073E-03
F:/Desktop/DeepOnet_Abaqus/StaticElasticJob.odb,Step-1,Increment      1: Step Time =    1.000,"PLATE-1",           798,             1,      -1.41723,  -795.515E-03,            0.,"ASSEMBLY_PLATE-1__PICKEDSET2","ROCK","",      -1.00714,      -2.26269,      -2.26077,      -1.00906,   49.0029E-03
F:/Desktop/DeepOnet_Abaqus/StaticElasticJob.odb,Step-1,Increment      1: Step Time =    1.000,"PLATE-1",           799,             1,      -1.21101,  -908.087E-03,            0.,"ASSEMBLY_PLATE-1__PICKEDSET2","ROCK","",  -998.260E-03,      -2.28169,      -2.27964,      -1.00030,   51.1847E-03
F:/Desktop/DeepOnet_Abaqus/StaticElasticJob.odb,Step-1,Increment      1: Step Time =    1.000,"PLATE-1",           800,             1,      -1.11567,  -943.588E-03,            0.,"ASSEMBLY_PLATE-1__PICKEDSET2","ROCK","",  -995.751E-03,      -2.28870,      -2.28668,  -997.765E-03,   50.9923E-03
F:/Desktop/DeepOnet_Abaqus/StaticElasticJob.odb,Step-1,Increment      1: Step Time =    1.000,"PLATE-1",           801,             1,  -966.298E-03,      -1.19982,            0.,"ASSEMBLY_PLATE-1__PICKEDSET2","ROCK","",  -992.792E-03,      -2.30348,      -2.30258,  -993.699E-03,   34.4627E-03
F:/Desktop/DeepOnet_Abaqus/StaticElasticJob.odb,Step-1,Increment      1: Step Time =    1.000,"PLATE-1",           802,             1,  -803.447E-03,      -1.31922,            0.,"ASSEMBLY_PLATE-1__PICKEDSET2","ROCK","",  -993.661E-03,      -2.30933,      -2.30881,  -994.181E-03,   26.1519E-03
F:/Desktop/DeepOnet_Abaqus/StaticElasticJob.odb,Step-1,Increment      1: Step Time =    1.000,"PLATE-1",           803,             1,  -655.401E-03,      -1.54096,            0.,"ASSEMBLY_PLATE-1__PICKEDSET2","ROCK","",  -997.205E-03,      -2.30659,      -2.30637,  -997.420E-03,   16.7741E-03
F:/Desktop/DeepOnet_Abaqus/StaticElasticJob.odb,Step-1,Increment      1: Step Time =    1.000,"PLATE-1",           804,             1,  -663.500E-03,      -1.42098,            0.,"ASSEMBLY_PLATE-1__PICKEDSET2","ROCK","",  -995.331E-03,      -2.31108,      -2.31076,  -995.650E-03,   20.4814E-03
F:/Desktop/DeepOnet_Abaqus/StaticElasticJob.odb,Step-1,Increment      1: Step Time =    1.000,"PLATE-1",           805,             1,  -757.091E-03,      -1.54172,            0.,"ASSEMBLY_PLATE-1__PICKEDSET2","ROCK","",  -996.734E-03,      -2.30429,      -2.30404,  -996.979E-03,   17.9000E-03
F:/Desktop/DeepOnet_Abaqus/StaticElasticJob.odb,Step-1,Increment      1: Step Time =    1.000,"PLATE-1",           806,             1,  -959.383E-03,      -1.55296,            0.,"ASSEMBLY_PLATE-1__PICKEDSET2","ROCK","",  -996.579E-03,      -2.29811,      -2.29781,  -996.880E-03,   19.8019E-03
F:/Desktop/DeepOnet_Abaqus/StaticElasticJob.odb,Step-1,Increment      1: Step Time =    1.000,"PLATE-1",           807,             1,      -1.03898,      -1.37023,            0.,"ASSEMBLY_PLATE-1__PICKEDSET2","ROCK","",  -994.937E-03,      -2.29833,      -2.29779,  -995.484E-03,   26.6909E-03
F:/Desktop/DeepOnet_Abaqus/StaticElasticJob.odb,Step-1,Increment      1: Step Time =    1.000,"PLATE-1",           808,             1,      -1.34352,      -1.12240,            0.,"ASSEMBLY_PLATE-1__PICKEDSET2","ROCK","",  -998.408E-03,      -2.28224,      -2.28113,  -999.518E-03,   37.7395E-03
F:/Desktop/DeepOnet_Abaqus/StaticElasticJob.odb,Step-1,Increment      1: Step Time =    1.000,"PLATE-1",           809,             1,      -1.56083,  -950.296E-03,            0.,"ASSEMBLY_PLATE-1__PICKEDSET2","ROCK","",      -1.00475,      -2.26794,      -2.26670,      -1.00599,   39.6079E-03
F:/Desktop/DeepOnet_Abaqus/StaticElasticJob.odb,Step-1,Increment      1: Step Time =    1.000,"PLATE-1",           810,             1,      -1.55239,  -855.536E-03,            0.,"ASSEMBLY_PLATE-1__PICKEDSET2","ROCK","",      -1.00680,      -2.26377,      -2.26233,      -1.00824,   42.5521E-03
F:/Desktop/DeepOnet_Abaqus/StaticElasticJob.odb,Step-1,Increment      1: Step Time =    1.000,"PLATE-1",           811,             1,      -1.44703,  -526.833E-03,            0.,"ASSEMBLY_PLATE-1__PICKEDSET2","ROCK","",      -1.02197,      -2.23561,      -2.23343,      -1.02414,   51.2913E-03
F:/Desktop/DeepOnet_Abaqus/StaticElasticJob.odb,Step-1,Increment      1: Step Time =    1.000,"PLATE-1",           812,             1,      -1.56033,      -1.04561,            0.,"ASSEMBLY_PLATE-1__PICKEDSET2","ROCK","",      -1.00285,      -2.27181,      -2.27076,      -1.00390,   36.5164E-03
F:/Desktop/DeepOnet_Abaqus/StaticElasticJob.odb,Step-1,Increment      1: Step Time =    1.000,"PLATE-1",           813,             1,      -1.46335,      -1.11383,            0.,"ASSEMBLY_PLATE-1__PICKEDSET2","ROCK","",      -1.00027,      -2.27733,      -2.27631,      -1.00130,   36.1126E-03
F:/Desktop/DeepOnet_Abaqus/StaticElasticJob.odb,Step-1,Increment      1: Step Time =    1.000,"PLATE-1",           814,             1,      -1.53189,      -1.34536,            0.,"ASSEMBLY_PLATE-1__PICKEDSET2","ROCK","",  -999.186E-03,      -2.28062,      -2.28000,  -999.805E-03,   28.1537E-03
F:/Desktop/DeepOnet_Abaqus/StaticElasticJob.odb,Step-1,Increment      1: Step Time =    1.000,"PLATE-1",           815,             1,      -1.43325,      -1.45753,            0.,"ASSEMBLY_PLATE-1__PICKEDSET2","ROCK","",  -998.192E-03,      -2.28420,      -2.28372,  -998.680E-03,   25.0607E-03
F:/Desktop/DeepOnet_Abaqus/StaticElasticJob.odb,Step-1,Increment      1: Step Time =    1.000,"PLATE-1",           816,             1,      -1.44618,      -1.55327,            0.,"ASSEMBLY_PLATE-1__PICKEDSET2","ROCK","",  -998.437E-03,      -2.28382,      -2.28343,  -998.827E-03,   22.3914E-03
F:/Desktop/DeepOnet_Abaqus/StaticElasticJob.odb,Step-1,Increment      1: Step Time =    1.000,"PLATE-1",           817,             1,      -1.34665,      -1.55853,            0.,"ASSEMBLY_PLATE-1__PICKEDSET2","ROCK","",  -997.913E-03,      -2.28665,      -2.28627,  -998.292E-03,   22.0896E-03
F:/Desktop/DeepOnet_Abaqus/StaticElasticJob.odb,Step-1,Increment      1: Step Time =    1.000,"PLATE-1",           818,             1,      -1.24887,      -1.56377,            0.,"ASSEMBLY_PLATE-1__PICKEDSET2","ROCK","",  -997.446E-03,      -2.28923,      -2.28886,  -997.808E-03,   21.6221E-03
F:/Desktop/DeepOnet_Abaqus/StaticElasticJob.odb,Step-1,Increment      1: Step Time =    1.000,"PLATE-1",           819,             1,      -1.24211,      -1.49087,            0.,"ASSEMBLY_PLATE-1__PICKEDSET2","ROCK","",  -997.053E-03,      -2.28982,      -2.28939,  -997.486E-03,   23.6583E-03
F:/Desktop/DeepOnet_Abaqus/StaticElasticJob.odb,Step-1,Increment      1: Step Time =    1.000,"PLATE-1",           820,             1,      -1.17597,      -1.35659,            0.,"ASSEMBLY_PLATE-1__PICKEDSET2","ROCK","",  -995.645E-03,      -2.29297,      -2.29236,  -996.260E-03,   28.2503E-03
F:/Desktop/DeepOnet_Abaqus/StaticElasticJob.odb,Step-1,Increment      1: Step Time =    1.000,"PLATE-1",           821,             1,      -1.34848,      -1.25837,            0.,"ASSEMBLY_PLATE-1__PICKEDSET2","ROCK","",  -997.469E-03,      -2.28529,      -2.28451,  -998.251E-03,   31.7180E-03
F:/Desktop/DeepOnet_Abaqus/StaticElasticJob.odb,Step-1,Increment      1: Step Time =    1.000,"PLATE-1",           822,             1,      -1.15264,      -1.56552,            0.,"ASSEMBLY_PLATE-1__PICKEDSET2","ROCK","",  -996.978E-03,      -2.29216,      -2.29183,  -997.317E-03,   20.9458E-03
F:/Desktop/DeepOnet_Abaqus/StaticElasticJob.odb,Step-1,Increment      1: Step Time =    1.000,"PLATE-1",           823,             1,      -1.07502,      -1.48432,            0.,"ASSEMBLY_PLATE-1__PICKEDSET2","ROCK","",  -996.108E-03,      -2.29552,      -2.29511,  -996.512E-03,   22.9182E-03
F:/Desktop/DeepOnet_Abaqus/StaticElasticJob.odb,Step-1,Increment      1: Step Time =    1.000,"PLATE-1",           824,             1,  -985.300E-03,      -1.45746,            0.,"ASSEMBLY_PLATE-1__PICKEDSET2","ROCK","",  -995.560E-03,      -2.29914,      -2.29873,  -995.967E-03,   23.0351E-03
F:/Desktop/DeepOnet_Abaqus/StaticElasticJob.odb,Step-1,Increment      1: Step Time =    1.000,"PLATE-1",           825,             1,  -152.602E-03,      -1.55724,            0.,"ASSEMBLY_PLATE-1__PICKEDSET2","ROCK","",  -997.321E-03,      -2.31549,      -2.31543,  -997.381E-03,   8.87229E-03
F:/Desktop/DeepOnet_Abaqus/StaticElasticJob.odb,Step-1,Increment      1: Step Time =    1.000,"PLATE-1",           826,             1,  -55.1121E-03,      -1.55539,            0.,"ASSEMBLY_PLATE-1__PICKEDSET2","ROCK","",  -995.870E-03,      -2.31711,      -2.31707,  -995.908E-03,   7.08052E-03
F:/Desktop/DeepOnet_Abaqus/StaticElasticJob.odb,Step-1,Increment      1: Step Time =    1.000,"PLATE-1",           827,             1,  -39.1304E-03,      -1.28247,            0.,"ASSEMBLY_PLATE-1__PICKEDSET2","ROCK","",  -988.945E-03,      -2.34022,      -2.34015,  -989.017E-03,   9.84061E-03
F:/Desktop/DeepOnet_Abaqus/StaticElasticJob.odb,Step-1,Increment      1: Step Time =    1.000,"PLATE-1",           828,             1,  -76.7200E-03,      -1.21200,            0.,"ASSEMBLY_PLATE-1__PICKEDSET2","ROCK","",  -986.430E-03,      -2.34896,      -2.34884,  -986.549E-03,   12.7168E-03
F:/Desktop/DeepOnet_Abaqus/StaticElasticJob.odb,Step-1,Increment      1: Step Time =    1.000,"PLATE-1",           829,             1,  -47.8075E-03,  -991.167E-03,            0.,"ASSEMBLY_PLATE-1__PICKEDSET2","ROCK","",  -970.755E-03,      -2.38788,      -2.38768,  -970.953E-03,   16.7712E-03
F:/Desktop/DeepOnet_Abaqus/StaticElasticJob.odb,Step-1,Increment      1: Step Time =    1.000,"PLATE-1",           830,             1,  -104.236E-03,  -863.554E-03,            0.,"ASSEMBLY_PLATE-1__PICKEDSET2","ROCK","",  -958.249E-03,      -2.41875,      -2.41800,  -959.002E-03,   33.1639E-03
F:/Desktop/DeepOnet_Abaqus/StaticElasticJob.odb,Step-1,Increment      1: Step Time =    1.000,"PLATE-1",           831,             1,   43.1906E-03,      -1.55004,            0.,"ASSEMBLY_PLATE-1__PICKEDSET2","ROCK","",  -994.759E-03,      -2.31881,      -2.31878,  -994.785E-03,   5.89673E-03
F:/Desktop/DeepOnet_Abaqus/StaticElasticJob.odb,Step-1,Increment      1: Step Time =    1.000,"PLATE-1",           832,             1,   65.9847E-03,      -1.33368,            0.,"ASSEMBLY_PLATE-1__PICKEDSET2","ROCK","",  -988.872E-03,      -2.33555,      -2.33553,  -988.895E-03,   5.63694E-03
F:/Desktop/DeepOnet_Abaqus/StaticElasticJob.odb,Step-1,Increment      1: Step Time =    1.000,"PLATE-1",           833,             1,   113.527E-03,      -1.11258,            0.,"ASSEMBLY_PLATE-1__PICKEDSET2","ROCK","",  -976.716E-03,      -2.36479,      -2.36478,  -976.719E-03,   2.21725E-03
F:/Desktop/DeepOnet_Abaqus/StaticElasticJob.odb,Step-1,Increment      1: Step Time =    1.000,"PLATE-1",           834,             1,   119.436E-03,      -1.03758,            0.,"ASSEMBLY_PLATE-1__PICKEDSET2","ROCK","",  -971.331E-03,      -2.37697,      -2.37697,  -971.332E-03,   936.632E-06
F:/Desktop/DeepOnet_Abaqus/StaticElasticJob.odb,Step-1,Increment      1: Step Time =    1.000,"PLATE-1",           835,             1,   42.9221E-03,  -917.414E-03,            0.,"ASSEMBLY_PLATE-1__PICKEDSET2","ROCK","",  -958.585E-03,      -2.40835,      -2.40831,  -958.617E-03,   6.80005E-03
F:/Desktop/DeepOnet_Abaqus/StaticElasticJob.odb,Step-1,Increment      1: Step Time =    1.000,"PLATE-1",           836,             1,   136.764E-03,  -719.906E-03,            0.,"ASSEMBLY_PLATE-1__PICKEDSET2","ROCK","",  -915.757E-03,      -2.48129,      -2.48082,  -916.224E-03,  -27.0231E-03
F:/Desktop/DeepOnet_Abaqus/StaticElasticJob.odb,Step-1,Increment      1: Step Time =    1.000,"PLATE-1",           837,             1,   165.132E-03,  -569.948E-03,            0.,"ASSEMBLY_PLATE-1__PICKEDSET2","ROCK","",  -854.610E-03,      -2.57985,      -2.57481,  -859.652E-03,  -93.1311E-03
F:/Desktop/DeepOnet_Abaqus/StaticElasticJob.odb,Step-1,Increment      1: Step Time =    1.000,"PLATE-1",           838,             1,  -8.89781E-03,  -213.445E-03,            0.,"ASSEMBLY_PLATE-1__PICKEDSET2","ROCK","",  -48.2948E-03,      -3.42958,      -3.42921,  -48.6573E-03,   35.0023E-03
F:/Desktop/DeepOnet_Abaqus/StaticElasticJob.odb,Step-1,Increment      1: Step Time =    1.000,"PLATE-1",           839,             1,  -46.6619E-03,  -217.472E-03,            0.,"ASSEMBLY_PLATE-1__PICKEDSET2","ROCK","",  -73.7602E-03,      -3.41785,      -3.40703,  -84.5887E-03,   189.985E-03
F:/Desktop/DeepOnet_Abaqus/StaticElasticJob.odb,Step-1,Increment      1: Step Time =    1.000,"PLATE-1",           840,             1,       1.02433,       1.46083,            0.,"ASSEMBLY_PLATE-1__PICKEDSET2","ROCK","",  -999.267E-03,      -2.30682,      -2.30646,  -999.622E-03,   21.5392E-03
F:/Desktop/DeepOnet_Abaqus/StaticElasticJob.odb,Step-1,Increment      1: Step Time =    1.000,"PLATE-1",           841,             1,       1.07179,       1.26064,            0.,"ASSEMBLY_PLATE-1__PICKEDSET2","ROCK","",  -997.831E-03,      -2.31373,      -2.31308,  -998.488E-03,   29.4012E-03
F:/Desktop/DeepOnet_Abaqus/StaticElasticJob.odb,Step-1,Increment      1: Step Time =    1.000,"PLATE-1",           842,             1,       1.23892,       1.16182,            0.,"ASSEMBLY_PLATE-1__PICKEDSET2","ROCK","",  -995.875E-03,      -2.30789,      -2.30691,  -996.857E-03,   35.8707E-03
F:/Desktop/DeepOnet_Abaqus/StaticElasticJob.odb,Step-1,Increment      1: Step Time =    1.000,"PLATE-1",           843,             1,       1.37331,       1.03601,            0.,"ASSEMBLY_PLATE-1__PICKEDSET2","ROCK","",  -995.031E-03,      -2.29850,      -2.29700,  -996.534E-03,   44.2354E-03
F:/Desktop/DeepOnet_Abaqus/StaticElasticJob.odb,Step-1,Increment      1: Step Time =    1.000,"PLATE-1",           844,             1,       1.54716,   844.253E-03,            0.,"ASSEMBLY_PLATE-1__PICKEDSET2","ROCK","",      -1.00136,      -2.27579,      -2.27343,      -1.00372,   54.7764E-03
F:/Desktop/DeepOnet_Abaqus/StaticElasticJob.odb,Step-1,Increment      1: Step Time =    1.000,"PLATE-1",           845,             1,       1.54803,   943.544E-03,            0.,"ASSEMBLY_PLATE-1__PICKEDSET2","ROCK","",  -998.408E-03,      -2.28257,      -2.28069,      -1.00029,   49.1109E-03
F:/Desktop/DeepOnet_Abaqus/StaticElasticJob.odb,Step-1,Increment      1: Step Time =    1.000,"PLATE-1",           846,             1,       1.55102,       1.04287,            0.,"ASSEMBLY_PLATE-1__PICKEDSET2","ROCK","",  -997.257E-03,      -2.28744,      -2.28607,  -998.633E-03,   42.1207E-03
F:/Desktop/DeepOnet_Abaqus/StaticElasticJob.odb,Step-1,Increment      1: Step Time =    1.000,"PLATE-1",           847,             1,       1.45883,       1.12487,            0.,"ASSEMBLY_PLATE-1__PICKEDSET2","ROCK","",  -996.058E-03,      -2.29409,      -2.29299,  -997.163E-03,   37.8713E-03
F:/Desktop/DeepOnet_Abaqus/StaticElasticJob.odb,Step-1,Increment      1: Step Time =    1.000,"PLATE-1",           848,             1,       1.44119,       1.21311,            0.,"ASSEMBLY_PLATE-1__PICKEDSET2","ROCK","",  -996.094E-03,      -2.29581,      -2.29496,  -996.942E-03,   33.1908E-03
F:/Desktop/DeepOnet_Abaqus/StaticElasticJob.odb,Step-1,Increment      1: Step Time =    1.000,"PLATE-1",           849,             1,       1.14196,       1.54664,            0.,"ASSEMBLY_PLATE-1__PICKEDSET2","ROCK","",  -998.914E-03,      -2.30135,      -2.30105,  -999.208E-03,   19.5761E-03
F:/Desktop/DeepOnet_Abaqus/StaticElasticJob.odb,Step-1,Increment      1: Step Time =    1.000,"PLATE-1",           850,             1,       1.11629,       1.44780,            0.,"ASSEMBLY_PLATE-1__PICKEDSET2","ROCK","",  -998.537E-03,      -2.30551,      -2.30516,  -998.894E-03,   21.6117E-03
F:/Desktop/DeepOnet_Abaqus/StaticElasticJob.odb,Step-1,Increment      1: Step Time =    1.000,"PLATE-1",           851,             1,   945.724E-03,       1.55737,            0.,"ASSEMBLY_PLATE-1__PICKEDSET2","ROCK","",  -999.616E-03,      -2.30583,      -2.30556,  -999.878E-03,   18.5155E-03
F:/Desktop/DeepOnet_Abaqus/StaticElasticJob.odb,Step-1,Increment      1: Step Time =    1.000,"PLATE-1",           852,             1,   769.172E-03,       1.40034,            0.,"ASSEMBLY_PLATE-1__PICKEDSET2","ROCK","",  -997.993E-03,      -2.31935,      -2.31894,  -998.402E-03,   23.2211E-03
F:/Desktop/DeepOnet_Abaqus/StaticElasticJob.odb,Step-1,Increment      1: Step Time =    1.000,"PLATE-1",           853,             1,   999.466E-03,       1.36512,            0.,"ASSEMBLY_PLATE-1__PICKEDSET2","ROCK","",  -998.691E-03,      -2.31284,      -2.31239,  -999.139E-03,   24.2572E-03
F:/Desktop/DeepOnet_Abaqus/StaticElasticJob.odb,Step-1,Increment      1: Step Time =    1.000,"PLATE-1",           854,             1,       1.15278,       1.16236,            0.,"ASSEMBLY_PLATE-1__PICKEDSET2","ROCK","",  -996.276E-03,      -2.31301,      -2.31213,  -997.155E-03,   33.9985E-03
F:/Desktop/DeepOnet_Abaqus/StaticElasticJob.odb,Step-1,Increment      1: Step Time =    1.000,"PLATE-1",           855,             1,       1.31469,       1.10767,            0.,"ASSEMBLY_PLATE-1__PICKEDSET2","ROCK","",  -995.197E-03,      -2.30319,      -2.30203,  -996.354E-03,   38.8844E-03
F:/Desktop/DeepOnet_Abaqus/StaticElasticJob.odb,Step-1,Increment      1: Step Time =    1.000,"PLATE-1",           856,             1,       1.33572,   805.023E-03,            0.,"ASSEMBLY_PLATE-1__PICKEDSET2","ROCK","",  -994.729E-03,      -2.29467,      -2.29143,  -997.965E-03,   64.7736E-03
F:/Desktop/DeepOnet_Abaqus/StaticElasticJob.odb,Step-1,Increment      1: Step Time =    1.000,"PLATE-1",           857,             1,       1.54899,   745.194E-03,            0.,"ASSEMBLY_PLATE-1__PICKEDSET2","ROCK","",      -1.00526,      -2.26509,      -2.26205,      -1.00830,   61.8726E-03
F:/Desktop/DeepOnet_Abaqus/StaticElasticJob.odb,Step-1,Increment      1: Step Time =    1.000,"PLATE-1",           858,             1,       1.34442,   952.123E-03,            0.,"ASSEMBLY_PLATE-1__PICKEDSET2","ROCK","",  -995.019E-03,      -2.29797,      -2.29599,  -996.999E-03,   50.7500E-03
F:/Desktop/DeepOnet_Abaqus/StaticElasticJob.odb,Step-1,Increment      1: Step Time =    1.000,"PLATE-1",           859,             1,       1.34589,   720.825E-03,            0.,"ASSEMBLY_PLATE-1__PICKEDSET2","ROCK","",  -997.571E-03,      -2.28000,      -2.27507,      -1.00250,   79.3675E-03
F:/Desktop/DeepOnet_Abaqus/StaticElasticJob.odb,Step-1,Increment      1: Step Time =    1.000,"PLATE-1",           860,             1,       1.45797,   544.895E-03,            0.,"ASSEMBLY_PLATE-1__PICKEDSET2","ROCK","",      -1.01951,      -2.23542,      -2.23011,      -1.02483,   80.2211E-03
F:/Desktop/DeepOnet_Abaqus/StaticElasticJob.odb,Step-1,Increment      1: Step Time =    1.000,"PLATE-1",           861,             1,       1.46276,   451.203E-03,            0.,"ASSEMBLY_PLATE-1__PICKEDSET2","ROCK","",      -1.03166,      -2.20981,      -2.20427,      -1.03721,   80.6448E-03
F:/Desktop/DeepOnet_Abaqus/StaticElasticJob.odb,Step-1,Increment      1: Step Time =    1.000,"PLATE-1",           862,             1,       1.55078,   251.511E-03,            0.,"ASSEMBLY_PLATE-1__PICKEDSET2","ROCK","",      -1.05852,      -2.16482,      -2.16289,      -1.06045,   46.1834E-03
F:/Desktop/DeepOnet_Abaqus/StaticElasticJob.odb,Step-1,Increment      1: Step Time =    1.000,"PLATE-1",           863,             1,       1.55279,   51.1396E-03,            0.,"ASSEMBLY_PLATE-1__PICKEDSET2","ROCK","",      -1.06682,      -2.14377,      -2.14373,      -1.06686,   6.62038E-03
F:/Desktop/DeepOnet_Abaqus/StaticElasticJob.odb,Step-1,Increment      1: Step Time =    1.000,"PLATE-1",           864,             1,       1.37054,  -46.1434E-03,            0.,"ASSEMBLY_PLATE-1__PICKEDSET2","ROCK","",      -1.08281,      -2.10295,      -2.10231,      -1.08345,  -25.5041E-03
F:/Desktop/DeepOnet_Abaqus/StaticElasticJob.odb,Step-1,Increment      1: Step Time =    1.000,"PLATE-1",           865,             1,       1.27073,  -55.2137E-03,            0.,"ASSEMBLY_PLATE-1__PICKEDSET2","ROCK","",      -1.08540,      -2.07378,      -2.07111,      -1.08807,  -51.2940E-03
F:/Desktop/DeepOnet_Abaqus/StaticElasticJob.odb,Step-1,Increment      1: Step Time =    1.000,"PLATE-1",           866,             1,       1.17826,  -88.2575E-03,            0.,"ASSEMBLY_PLATE-1__PICKEDSET2","ROCK","",      -1.08064,      -2.05073,      -2.04429,      -1.08708,  -78.7518E-03
F:/Desktop/DeepOnet_Abaqus/StaticElasticJob.odb,Step-1,Increment      1: Step Time =    1.000,"PLATE-1",           867,             1,   949.889E-03,  -73.8870E-03,            0.,"ASSEMBLY_PLATE-1__PICKEDSET2","ROCK","",      -1.03238,      -2.03215,      -1.97972,      -1.08481,  -222.871E-03
F:/Desktop/DeepOnet_Abaqus/StaticElasticJob.odb,Step-1,Increment      1: Step Time =    1.000,"PLATE-1",           868,             1,   812.025E-03,  -140.265E-03,            0.,"ASSEMBLY_PLATE-1__PICKEDSET2","ROCK","",  -900.125E-03,      -2.19971,      -2.15734,  -942.495E-03,  -230.801E-03
F:/Desktop/DeepOnet_Abaqus/StaticElasticJob.odb,Step-1,Increment      1: Step Time =    1.000,"PLATE-1",           869,             1,   333.460E-03,  -69.1118E-03,            0.,"ASSEMBLY_PLATE-1__PICKEDSET2","ROCK","",  -424.445E-03,      -1.60098,  -492.642E-03,      -1.53278,  -274.928E-03
F:/Desktop/DeepOnet_Abaqus/StaticElasticJob.odb,Step-1,Increment      1: Step Time =    1.000,"PLATE-1",           870,             1,   268.670E-03,  -161.721E-03,            0.,"ASSEMBLY_PLATE-1__PICKEDSET2","ROCK","",  -425.211E-03,      -3.97657,      -2.64466,      -1.75712,      -1.71933
F:/Desktop/DeepOnet_Abaqus/StaticElasticJob.odb,Step-1,Increment      1: Step Time =    1.000,"PLATE-1",           871,             1,   250.678E-03,  -174.322E-03,            0.,"ASSEMBLY_PLATE-1__PICKEDSET2","ROCK","",  -458.012E-03,      -4.25320,      -3.42150,      -1.28971,      -1.56994
F:/Desktop/DeepOnet_Abaqus/StaticElasticJob.odb,Step-1,Increment      1: Step Time =    1.000,"PLATE-1",           872,             1,       1.23913,  -205.490E-03,            0.,"ASSEMBLY_PLATE-1__PICKEDSET2","ROCK","",      -1.04521,      -2.12875,      -2.11959,      -1.05436,  -99.1890E-03
F:/Desktop/DeepOnet_Abaqus/StaticElasticJob.odb,Step-1,Increment      1: Step Time =    1.000,"PLATE-1",           873,             1,       1.33189,  -468.653E-03,            0.,"ASSEMBLY_PLATE-1__PICKEDSET2","ROCK","",      -1.00637,      -2.20958,      -2.20335,      -1.01260,  -86.3244E-03
F:/Desktop/DeepOnet_Abaqus/StaticElasticJob.odb,Step-1,Increment      1: Step Time =    1.000,"PLATE-1",           874,             1,       1.53581,  -654.556E-03,            0.,"ASSEMBLY_PLATE-1__PICKEDSET2","ROCK","",      -1.00049,      -2.23826,      -2.23505,      -1.00369,  -62.8989E-03
F:/Desktop/DeepOnet_Abaqus/StaticElasticJob.odb,Step-1,Increment      1: Step Time =    1.000,"PLATE-1",           875,             1,       1.45153,  -782.346E-03,            0.,"ASSEMBLY_PLATE-1__PICKEDSET2","ROCK","",  -989.702E-03,      -2.25607,      -2.25298,  -992.794E-03,  -62.5035E-03
F:/Desktop/DeepOnet_Abaqus/StaticElasticJob.odb,Step-1,Increment      1: Step Time =    1.000,"PLATE-1",           876,             1,       1.55813,  -955.188E-03,            0.,"ASSEMBLY_PLATE-1__PICKEDSET2","ROCK","",  -989.783E-03,      -2.26535,      -2.26338,  -991.761E-03,  -50.1896E-03
F:/Desktop/DeepOnet_Abaqus/StaticElasticJob.odb,Step-1,Increment      1: Step Time =    1.000,"PLATE-1",           877,             1,       1.29550,      -1.02113,            0.,"ASSEMBLY_PLATE-1__PICKEDSET2","ROCK","",  -977.009E-03,      -2.28329,      -2.28123,  -979.074E-03,  -51.8916E-03
F:/Desktop/DeepOnet_Abaqus/StaticElasticJob.odb,Step-1,Increment      1: Step Time =    1.000,"PLATE-1",           878,             1,       1.06676,      -1.12318,            0.,"ASSEMBLY_PLATE-1__PICKEDSET2","ROCK","",  -970.356E-03,      -2.30333,      -2.30202,  -971.671E-03,  -41.8560E-03
F:/Desktop/DeepOnet_Abaqus/StaticElasticJob.odb,Step-1,Increment      1: Step Time =    1.000,"PLATE-1",           879,             1,   900.476E-03,      -1.07352,            0.,"ASSEMBLY_PLATE-1__PICKEDSET2","ROCK","",  -965.868E-03,      -2.31654,      -2.31528,  -967.130E-03,  -41.2603E-03
F:/Desktop/DeepOnet_Abaqus/StaticElasticJob.odb,Step-1,Increment      1: Step Time =    1.000,"PLATE-1",           880,             1,   805.955E-03,      -1.12277,            0.,"ASSEMBLY_PLATE-1__PICKEDSET2","ROCK","",  -967.696E-03,      -2.32260,      -2.32176,  -968.537E-03,  -33.7341E-03
F:/Desktop/DeepOnet_Abaqus/StaticElasticJob.odb,Step-1,Increment      1: Step Time =    1.000,"PLATE-1",           881,             1,   647.812E-03,      -1.13852,            0.,"ASSEMBLY_PLATE-1__PICKEDSET2","ROCK","",  -969.337E-03,      -2.33328,      -2.33278,  -969.842E-03,  -26.2561E-03
F:/Desktop/DeepOnet_Abaqus/StaticElasticJob.odb,Step-1,Increment      1: Step Time =    1.000,"PLATE-1",           882,             1,   523.995E-03,      -1.07814,            0.,"ASSEMBLY_PLATE-1__PICKEDSET2","ROCK","",  -967.998E-03,      -2.34733,      -2.34688,  -968.447E-03,  -24.8952E-03
F:/Desktop/DeepOnet_Abaqus/StaticElasticJob.odb,Step-1,Increment      1: Step Time =    1.000,"PLATE-1",           883,             1,   302.681E-03,      -1.12167,            0.,"ASSEMBLY_PLATE-1__PICKEDSET2","ROCK","",  -974.087E-03,      -2.35612,      -2.35606,  -974.155E-03,  -9.74748E-03
F:/Desktop/DeepOnet_Abaqus/StaticElasticJob.odb,Step-1,Increment      1: Step Time =    1.000,"PLATE-1",           884,             1,   197.618E-03,      -1.04902,            0.,"ASSEMBLY_PLATE-1__PICKEDSET2","ROCK","",  -971.045E-03,      -2.37111,      -2.37108,  -971.073E-03,  -6.23518E-03
F:/Desktop/DeepOnet_Abaqus/StaticElasticJob.odb,Step-1,Increment      1: Step Time =    1.000,"PLATE-1",           885,             1,   182.297E-03,      -1.12542,            0.,"ASSEMBLY_PLATE-1__PICKEDSET2","ROCK","",  -976.116E-03,      -2.36081,      -2.36080,  -976.120E-03,  -2.47090E-03
F:/Desktop/DeepOnet_Abaqus/StaticElasticJob.odb,Step-1,Increment      1: Step Time =    1.000,"PLATE-1",           886,             1,   83.6394E-03,      -1.21485,            0.,"ASSEMBLY_PLATE-1__PICKEDSET2","ROCK","",  -983.833E-03,      -2.34837,      -2.34836,  -983.848E-03,   4.56706E-03
F:/Desktop/DeepOnet_Abaqus/StaticElasticJob.odb,Step-1,Increment      1: Step Time =    1.000,"PLATE-1",           887,             1,   189.081E-03,      -1.23849,            0.,"ASSEMBLY_PLATE-1__PICKEDSET2","ROCK","",  -982.838E-03,      -2.34469,      -2.34469,  -982.838E-03,   427.121E-06
F:/Desktop/DeepOnet_Abaqus/StaticElasticJob.odb,Step-1,Increment      1: Step Time =    1.000,"PLATE-1",           888,             1,   246.296E-03,      -1.30157,            0.,"ASSEMBLY_PLATE-1__PICKEDSET2","ROCK","",  -984.052E-03,      -2.33725,      -2.33725,  -984.054E-03,  -1.46982E-03
F:/Desktop/DeepOnet_Abaqus/StaticElasticJob.odb,Step-1,Increment      1: Step Time =    1.000,"PLATE-1",           889,             1,   367.034E-03,      -1.46476,            0.,"ASSEMBLY_PLATE-1__PICKEDSET2","ROCK","",  -987.203E-03,      -2.32141,      -2.32141,  -987.209E-03,  -2.70981E-03
F:/Desktop/DeepOnet_Abaqus/StaticElasticJob.odb,Step-1,Increment      1: Step Time =    1.000,"PLATE-1",           890,             1,   549.549E-03,      -1.56306,            0.,"ASSEMBLY_PLATE-1__PICKEDSET2","ROCK","",  -986.355E-03,      -2.31340,      -2.31337,  -986.385E-03,  -6.25406E-03
F:/Desktop/DeepOnet_Abaqus/StaticElasticJob.odb,Step-1,Increment      1: Step Time =    1.000,"PLATE-1",           891,             1,   550.395E-03,      -1.48824,            0.,"ASSEMBLY_PLATE-1__PICKEDSET2","ROCK","",  -984.357E-03,      -2.31665,      -2.31661,  -984.401E-03,  -7.67889E-03
F:/Desktop/DeepOnet_Abaqus/StaticElasticJob.odb,Step-1,Increment      1: Step Time =    1.000,"PLATE-1",           892,             1,   647.020E-03,      -1.56351,            0.,"ASSEMBLY_PLATE-1__PICKEDSET2","ROCK","",  -984.683E-03,      -2.31128,      -2.31123,  -984.742E-03,  -8.80714E-03
F:/Desktop/DeepOnet_Abaqus/StaticElasticJob.odb,Step-1,Increment      1: Step Time =    1.000,"PLATE-1",           893,             1,   641.244E-03,      -1.48919,            0.,"ASSEMBLY_PLATE-1__PICKEDSET2","ROCK","",  -982.714E-03,      -2.31488,      -2.31480,  -982.793E-03,  -10.2615E-03
F:/Desktop/DeepOnet_Abaqus/StaticElasticJob.odb,Step-1,Increment      1: Step Time =    1.000,"PLATE-1",           894,             1,   819.140E-03,      -1.47203,            0.,"ASSEMBLY_PLATE-1__PICKEDSET2","ROCK","",  -980.292E-03,      -2.31006,      -2.30988,  -980.479E-03,  -15.7666E-03
F:/Desktop/DeepOnet_Abaqus/StaticElasticJob.odb,Step-1,Increment      1: Step Time =    1.000,"PLATE-1",           895,             1,   771.541E-03,      -1.31614,            0.,"ASSEMBLY_PLATE-1__PICKEDSET2","ROCK","",  -975.131E-03,      -2.31788,      -2.31755,  -975.459E-03,  -20.9806E-03
F:/Desktop/DeepOnet_Abaqus/StaticElasticJob.odb,Step-1,Increment      1: Step Time =    1.000,"PLATE-1",           896,             1,   742.295E-03,      -1.25105,            0.,"ASSEMBLY_PLATE-1__PICKEDSET2","ROCK","",  -973.122E-03,      -2.32167,      -2.32128,  -973.518E-03,  -23.1064E-03
F:/Desktop/DeepOnet_Abaqus/StaticElasticJob.odb,Step-1,Increment      1: Step Time =    1.000,"PLATE-1",           897,             1,   780.914E-03,      -1.19605,            0.,"ASSEMBLY_PLATE-1__PICKEDSET2","ROCK","",  -970.748E-03,      -2.32205,      -2.32150,  -971.302E-03,  -27.3647E-03
F:/Desktop/DeepOnet_Abaqus/StaticElasticJob.odb,Step-1,Increment      1: Step Time =    1.000,"PLATE-1",           898,             1,       1.55079,      -1.54991,            0.,"ASSEMBLY_PLATE-1__PICKEDSET2","ROCK","",  -986.609E-03,      -2.28409,      -2.28352,  -987.172E-03,  -27.0046E-03
F:/Desktop/DeepOnet_Abaqus/StaticElasticJob.odb,Step-1,Increment      1: Step Time =    1.000,"PLATE-1",           899,             1,       1.55403,      -1.44941,            0.,"ASSEMBLY_PLATE-1__PICKEDSET2","ROCK","",  -986.474E-03,      -2.28323,      -2.28255,  -987.155E-03,  -29.7102E-03
F:/Desktop/DeepOnet_Abaqus/StaticElasticJob.odb,Step-1,Increment      1: Step Time =    1.000,"PLATE-1",           900,             1,       1.47600,      -1.34472,            0.,"ASSEMBLY_PLATE-1__PICKEDSET2","ROCK","",  -984.155E-03,      -2.28437,      -2.28350,  -985.023E-03,  -33.5932E-03
F:/Desktop/DeepOnet_Abaqus/StaticElasticJob.odb,Step-1,Increment      1: Step Time =    1.000,"PLATE-1",           901,             1,       1.41079,      -1.24296,            0.,"ASSEMBLY_PLATE-1__PICKEDSET2","ROCK","",  -982.144E-03,      -2.28467,      -2.28357,  -983.243E-03,  -37.8177E-03
F:/Desktop/DeepOnet_Abaqus/StaticElasticJob.odb,Step-1,Increment      1: Step Time =    1.000,"PLATE-1",           902,             1,       1.33957,      -1.23535,            0.,"ASSEMBLY_PLATE-1__PICKEDSET2","ROCK","",  -979.885E-03,      -2.28785,      -2.28672,  -981.018E-03,  -38.4677E-03
F:/Desktop/DeepOnet_Abaqus/StaticElasticJob.odb,Step-1,Increment      1: Step Time =    1.000,"PLATE-1",           903,             1,       1.26827,      -1.22628,            0.,"ASSEMBLY_PLATE-1__PICKEDSET2","ROCK","",  -977.520E-03,      -2.29202,      -2.29090,  -978.639E-03,  -38.3436E-03
F:/Desktop/DeepOnet_Abaqus/StaticElasticJob.odb,Step-1,Increment      1: Step Time =    1.000,"PLATE-1",           904,             1,       1.20364,      -1.24379,            0.,"ASSEMBLY_PLATE-1__PICKEDSET2","ROCK","",  -976.122E-03,      -2.29564,      -2.29462,  -977.142E-03,  -36.6579E-03
F:/Desktop/DeepOnet_Abaqus/StaticElasticJob.odb,Step-1,Increment      1: Step Time =    1.000,"PLATE-1",           905,             1,       1.35138,      -1.53922,            0.,"ASSEMBLY_PLATE-1__PICKEDSET2","ROCK","",  -983.683E-03,      -2.29016,      -2.28966,  -984.178E-03,  -25.4262E-03
F:/Desktop/DeepOnet_Abaqus/StaticElasticJob.odb,Step-1,Increment      1: Step Time =    1.000,"PLATE-1",           906,             1,       1.45260,      -1.54727,            0.,"ASSEMBLY_PLATE-1__PICKEDSET2","ROCK","",  -985.447E-03,      -2.28702,      -2.28649,  -985.976E-03,  -26.2545E-03
F:/Desktop/DeepOnet_Abaqus/StaticElasticJob.odb,Step-1,Increment      1: Step Time =    1.000,"PLATE-1",           907,             1,       1.39890,      -1.33322,            0.,"ASSEMBLY_PLATE-1__PICKEDSET2","ROCK","",  -982.034E-03,      -2.28699,      -2.28609,  -982.935E-03,  -34.2594E-03
F:/Desktop/DeepOnet_Abaqus/StaticElasticJob.odb,Step-1,Increment      1: Step Time =    1.000,"PLATE-1",           908,             1,       1.19346,      -1.34525,            0.,"ASSEMBLY_PLATE-1__PICKEDSET2","ROCK","",  -977.824E-03,      -2.29647,      -2.29572,  -978.575E-03,  -31.4635E-03
F:/Desktop/DeepOnet_Abaqus/StaticElasticJob.odb,Step-1,Increment      1: Step Time =    1.000,"PLATE-1",           909,             1,       1.22676,      -1.42680,            0.,"ASSEMBLY_PLATE-1__PICKEDSET2","ROCK","",  -980.293E-03,      -2.29469,      -2.29410,  -980.885E-03,  -27.8999E-03
F:/Desktop/DeepOnet_Abaqus/StaticElasticJob.odb,Step-1,Increment      1: Step Time =    1.000,"PLATE-1",           910,             1,       1.13506,      -1.35622,            0.,"ASSEMBLY_PLATE-1__PICKEDSET2","ROCK","",  -977.341E-03,      -2.29950,      -2.29885,  -977.993E-03,  -29.3622E-03
F:/Desktop/DeepOnet_Abaqus/StaticElasticJob.odb,Step-1,Increment      1: Step Time =    1.000,"PLATE-1",           911,             1,       1.14869,      -1.16901,            0.,"ASSEMBLY_PLATE-1__PICKEDSET2","ROCK","",  -973.291E-03,      -2.29860,      -2.29738,  -974.512E-03,  -40.2144E-03
F:/Desktop/DeepOnet_Abaqus/StaticElasticJob.odb,Step-1,Increment      1: Step Time =    1.000,"PLATE-1",           912,             1,   999.959E-03,      -1.30139,            0.,"ASSEMBLY_PLATE-1__PICKEDSET2","ROCK","",  -974.560E-03,      -2.30662,      -2.30599,  -975.185E-03,  -28.8610E-03
F:/Desktop/DeepOnet_Abaqus/StaticElasticJob.odb,Step-1,Increment      1: Step Time =    1.000,"PLATE-1",           913,             1,   929.038E-03,      -1.26194,            0.,"ASSEMBLY_PLATE-1__PICKEDSET2","ROCK","",  -973.371E-03,      -2.31102,      -2.31042,  -973.972E-03,  -28.3543E-03
F:/Desktop/DeepOnet_Abaqus/StaticElasticJob.odb,Step-1,Increment      1: Step Time =    1.000,"PLATE-1",           914,             1,   965.930E-03,      -1.38693,            0.,"ASSEMBLY_PLATE-1__PICKEDSET2","ROCK","",  -977.157E-03,      -2.30693,      -2.30653,  -977.563E-03,  -23.2228E-03
F:/Desktop/DeepOnet_Abaqus/StaticElasticJob.odb,Step-1,Increment      1: Step Time =    1.000,"PLATE-1",           915,             1,   940.562E-03,      -1.54446,            0.,"ASSEMBLY_PLATE-1__PICKEDSET2","ROCK","",  -981.317E-03,      -2.30421,      -2.30400,  -981.531E-03,  -16.8229E-03
F:/Desktop/DeepOnet_Abaqus/StaticElasticJob.odb,Step-1,Increment      1: Step Time =    1.000,"PLATE-1",           916,             1,       1.13819,      -1.44046,            0.,"ASSEMBLY_PLATE-1__PICKEDSET2","ROCK","",  -979.478E-03,      -2.29891,      -2.29843,  -979.954E-03,  -25.0639E-03
F:/Desktop/DeepOnet_Abaqus/StaticElasticJob.odb,Step-1,Increment      1: Step Time =    1.000,"PLATE-1",           917,             1,       1.29846,      -1.38293,            0.,"ASSEMBLY_PLATE-1__PICKEDSET2","ROCK","",  -980.679E-03,      -2.29209,      -2.29139,  -981.384E-03,  -30.3924E-03
F:/Desktop/DeepOnet_Abaqus/StaticElasticJob.odb,Step-1,Increment      1: Step Time =    1.000,"PLATE-1",           918,             1,       1.56081,      -1.25004,            0.,"ASSEMBLY_PLATE-1__PICKEDSET2","ROCK","",  -986.220E-03,      -2.27872,      -2.27763,  -987.314E-03,  -37.6016E-03
F:/Desktop/DeepOnet_Abaqus/StaticElasticJob.odb,Step-1,Increment      1: Step Time =    1.000,"PLATE-1",           919,             1,       1.48424,      -1.24791,            0.,"ASSEMBLY_PLATE-1__PICKEDSET2","ROCK","",  -984.134E-03,      -2.28151,      -2.28041,  -985.240E-03,  -37.8665E-03
F:/Desktop/DeepOnet_Abaqus/StaticElasticJob.odb,Step-1,Increment      1: Step Time =    1.000,"PLATE-1",           920,             1,       1.41301,      -1.15629,            0.,"ASSEMBLY_PLATE-1__PICKEDSET2","ROCK","",  -981.693E-03,      -2.28253,      -2.28115,  -983.066E-03,  -42.2462E-03
F:/Desktop/DeepOnet_Abaqus/StaticElasticJob.odb,Step-1,Increment      1: Step Time =    1.000,"PLATE-1",           921,             1,       1.56169,      -1.15128,            0.,"ASSEMBLY_PLATE-1__PICKEDSET2","ROCK","",  -986.844E-03,      -2.27525,      -2.27391,  -988.190E-03,  -41.6155E-03
F:/Desktop/DeepOnet_Abaqus/StaticElasticJob.odb,Step-1,Increment      1: Step Time =    1.000,"PLATE-1",           922,             1,       1.48175,      -1.05966,            0.,"ASSEMBLY_PLATE-1__PICKEDSET2","ROCK","",  -984.628E-03,      -2.27492,      -2.27320,  -986.355E-03,  -47.1700E-03
F:/Desktop/DeepOnet_Abaqus/StaticElasticJob.odb,Step-1,Increment      1: Step Time =    1.000,"PLATE-1",           923,             1,       1.47362,  -967.202E-03,            0.,"ASSEMBLY_PLATE-1__PICKEDSET2","ROCK","",  -985.797E-03,      -2.26956,      -2.26745,  -987.902E-03,  -51.9415E-03
F:/Desktop/DeepOnet_Abaqus/StaticElasticJob.odb,Step-1,Increment      1: Step Time =    1.000,"PLATE-1",           924,             1,       1.54831,  -758.551E-03,            0.,"ASSEMBLY_PLATE-1__PICKEDSET2","ROCK","",  -995.819E-03,      -2.24902,      -2.24615,  -998.693E-03,  -59.9462E-03
F:/Desktop/DeepOnet_Abaqus/StaticElasticJob.odb,Step-1,Increment      1: Step Time =    1.000,"PLATE-1",           925,             1,       1.53518,  -546.489E-03,            0.,"ASSEMBLY_PLATE-1__PICKEDSET2","ROCK","",      -1.01086,      -2.22119,      -2.21781,      -1.01424,  -63.8677E-03
F:/Desktop/DeepOnet_Abaqus/StaticElasticJob.odb,Step-1,Increment      1: Step Time =    1.000,"PLATE-1",           926,             1,       1.44486,  -417.777E-03,            0.,"ASSEMBLY_PLATE-1__PICKEDSET2","ROCK","",      -1.02020,      -2.19708,      -2.19265,      -1.02463,  -72.0891E-03
F:/Desktop/DeepOnet_Abaqus/StaticElasticJob.odb,Step-1,Increment      1: Step Time =    1.000,"PLATE-1",           927,             1,       1.55529,  -245.019E-03,            0.,"ASSEMBLY_PLATE-1__PICKEDSET2","ROCK","",      -1.04634,      -2.16853,      -2.16666,      -1.04821,  -45.7707E-03
F:/Desktop/DeepOnet_Abaqus/StaticElasticJob.odb,Step-1,Increment      1: Step Time =    1.000,"PLATE-1",           928,             1,       1.46888,  -140.079E-03,            0.,"ASSEMBLY_PLATE-1__PICKEDSET2","ROCK","",      -1.06416,      -2.13640,      -2.13496,      -1.06560,  -39.2665E-03
F:/Desktop/DeepOnet_Abaqus/StaticElasticJob.odb,Step-1,Increment      1: Step Time =    1.000,"PLATE-1",           929,             1,       1.55478,  -48.0673E-03,            0.,"ASSEMBLY_PLATE-1__PICKEDSET2","ROCK","",      -1.06606,      -2.14481,      -2.14463,      -1.06625,  -14.2715E-03
F:/Desktop/DeepOnet_Abaqus/StaticElasticJob.odb,Step-1,Increment      1: Step Time =    1.000,"PLATE-1",           930,             1,       1.45898,   51.9171E-03,            0.,"ASSEMBLY_PLATE-1__PICKEDSET2","ROCK","",      -1.08004,      -2.12084,      -2.12083,      -1.08005,   2.92373E-03
F:/Desktop/DeepOnet_Abaqus/StaticElasticJob.odb,Step-1,Increment      1: Step Time =    1.000,"PLATE-1",           931,             1,       1.45085,   257.029E-03,            0.,"ASSEMBLY_PLATE-1__PICKEDSET2","ROCK","",      -1.06570,      -2.14778,      -2.14474,      -1.06874,   57.2346E-03
F:/Desktop/DeepOnet_Abaqus/StaticElasticJob.odb,Step-1,Increment      1: Step Time =    1.000,"PLATE-1",           932,             1,       1.55385,   450.208E-03,            0.,"ASSEMBLY_PLATE-1__PICKEDSET2","ROCK","",      -1.03362,      -2.21088,      -2.20694,      -1.03756,   67.9475E-03
F:/Desktop/DeepOnet_Abaqus/StaticElasticJob.odb,Step-1,Increment      1: Step Time =    1.000,"PLATE-1",           933,             1,       1.53938,       1.34718,            0.,"ASSEMBLY_PLATE-1__PICKEDSET2","ROCK","",  -996.995E-03,      -2.29195,      -2.29136,  -997.585E-03,   27.6278E-03
F:/Desktop/DeepOnet_Abaqus/StaticElasticJob.odb,Step-1,Increment      1: Step Time =    1.000,"PLATE-1",           934,             1,       1.42933,       1.35857,            0.,"ASSEMBLY_PLATE-1__PICKEDSET2","ROCK","",  -996.813E-03,      -2.29569,      -2.29514,  -997.360E-03,   26.6624E-03
F:/Desktop/DeepOnet_Abaqus/StaticElasticJob.odb,Step-1,Increment      1: Step Time =    1.000,"PLATE-1",           935,             1,       1.34458,       1.45929,            0.,"ASSEMBLY_PLATE-1__PICKEDSET2","ROCK","",  -997.449E-03,      -2.29733,      -2.29693,  -997.847E-03,   22.7517E-03
F:/Desktop/DeepOnet_Abaqus/StaticElasticJob.odb,Step-1,Increment      1: Step Time =    1.000,"PLATE-1",           936,             1,       1.24468,       1.54636,            0.,"ASSEMBLY_PLATE-1__PICKEDSET2","ROCK","",  -998.510E-03,      -2.29880,      -2.29851,  -998.802E-03,   19.4757E-03
F:/Desktop/DeepOnet_Abaqus/StaticElasticJob.odb,Step-1,Increment      1: Step Time =    1.000,"PLATE-1",           937,             1,       1.54629,       1.44996,            0.,"ASSEMBLY_PLATE-1__PICKEDSET2","ROCK","",  -997.564E-03,      -2.29097,      -2.29053,  -998.000E-03,   23.7263E-03
F:/Desktop/DeepOnet_Abaqus/StaticElasticJob.odb,Step-1,Increment      1: Step Time =    1.000,"PLATE-1",           938,             1,       1.44804,       1.55081,            0.,"ASSEMBLY_PLATE-1__PICKEDSET2","ROCK","",  -997.956E-03,      -2.29273,      -2.29240,  -998.283E-03,   20.5677E-03
F:/Desktop/DeepOnet_Abaqus/StaticElasticJob.odb,Step-1,Increment      1: Step Time =    1.000,"PLATE-1",           939,             1,   848.746E-03,       1.55946,            0.,"ASSEMBLY_PLATE-1__PICKEDSET2","ROCK","",  -999.435E-03,      -2.30936,      -2.30910,  -999.690E-03,   18.2889E-03
F:/Desktop/DeepOnet_Abaqus/StaticElasticJob.odb,Step-1,Increment      1: Step Time =    1.000,"PLATE-1",           940,             1,   751.377E-03,       1.55847,            0.,"ASSEMBLY_PLATE-1__PICKEDSET2","ROCK","",  -998.889E-03,      -2.31102,      -2.31077,  -999.138E-03,   18.0697E-03
F:/Desktop/DeepOnet_Abaqus/StaticElasticJob.odb,Step-1,Increment      1: Step Time =    1.000,"PLATE-1",           941,             1,   556.140E-03,       1.54969,            0.,"ASSEMBLY_PLATE-1__PICKEDSET2","ROCK","",  -995.944E-03,      -2.31599,      -2.31577,  -996.158E-03,   16.7846E-03
F:/Desktop/DeepOnet_Abaqus/StaticElasticJob.odb,Step-1,Increment      1: Step Time =    1.000,"PLATE-1",           942,             1,   496.841E-03,       1.32044,            0.,"ASSEMBLY_PLATE-1__PICKEDSET2","ROCK","",  -990.306E-03,      -2.33769,      -2.33727,  -990.725E-03,   23.7417E-03
F:/Desktop/DeepOnet_Abaqus/StaticElasticJob.odb,Step-1,Increment      1: Step Time =    1.000,"PLATE-1",           943,             1,   502.965E-03,       1.20242,            0.,"ASSEMBLY_PLATE-1__PICKEDSET2","ROCK","",  -986.740E-03,      -2.34763,      -2.34707,  -987.298E-03,   27.5507E-03
F:/Desktop/DeepOnet_Abaqus/StaticElasticJob.odb,Step-1,Increment      1: Step Time =    1.000,"PLATE-1",           944,             1,   492.842E-03,       1.09445,            0.,"ASSEMBLY_PLATE-1__PICKEDSET2","ROCK","",  -981.030E-03,      -2.36827,      -2.36722,  -982.082E-03,   38.2038E-03
F:/Desktop/DeepOnet_Abaqus/StaticElasticJob.odb,Step-1,Increment      1: Step Time =    1.000,"PLATE-1",           945,             1,   575.158E-03,   979.393E-03,            0.,"ASSEMBLY_PLATE-1__PICKEDSET2","ROCK","",  -986.147E-03,      -2.38045,      -2.37816,  -988.440E-03,   56.4938E-03
F:/Desktop/DeepOnet_Abaqus/StaticElasticJob.odb,Step-1,Increment      1: Step Time =    1.000,"PLATE-1",           946,             1,   486.325E-03,   829.869E-03,            0.,"ASSEMBLY_PLATE-1__PICKEDSET2","ROCK","",  -936.241E-03,      -2.43621,      -2.43244,  -940.009E-03,   75.0917E-03
F:/Desktop/DeepOnet_Abaqus/StaticElasticJob.odb,Step-1,Increment      1: Step Time =    1.000,"PLATE-1",           947,             1,   499.043E-03,   668.980E-03,            0.,"ASSEMBLY_PLATE-1__PICKEDSET2","ROCK","",  -895.961E-03,      -2.51316,      -2.50400,  -905.127E-03,   121.407E-03
F:/Desktop/DeepOnet_Abaqus/StaticElasticJob.odb,Step-1,Increment      1: Step Time =    1.000,"PLATE-1",           948,             1,   446.198E-03,   491.827E-03,            0.,"ASSEMBLY_PLATE-1__PICKEDSET2","ROCK","",  -745.070E-03,      -2.60696,      -2.60494,  -747.087E-03,   61.2578E-03
F:/Desktop/DeepOnet_Abaqus/StaticElasticJob.odb,Step-1,Increment      1: Step Time =    1.000,"PLATE-1",           949,             1,   517.713E-03,   313.498E-03,            0.,"ASSEMBLY_PLATE-1__PICKEDSET2","ROCK","",  -357.614E-03,      -2.59234,      -2.49644,  -453.508E-03,  -452.880E-03
F:/Desktop/DeepOnet_Abaqus/StaticElasticJob.odb,Step-1,Increment      1: Step Time =    1.000,"PLATE-1",           950,             1,   475.389E-03,       1.43743,            0.,"ASSEMBLY_PLATE-1__PICKEDSET2","ROCK","",  -992.658E-03,      -2.32502,      -2.32478,  -992.901E-03,   17.9717E-03
F:/Desktop/DeepOnet_Abaqus/StaticElasticJob.odb,Step-1,Increment      1: Step Time =    1.000,"PLATE-1",           951,             1,   373.375E-03,       1.43666,            0.,"ASSEMBLY_PLATE-1__PICKEDSET2","ROCK","",  -989.686E-03,      -2.32961,      -2.32940,  -989.900E-03,   16.9724E-03
F:/Desktop/DeepOnet_Abaqus/StaticElasticJob.odb,Step-1,Increment      1: Step Time =    1.000,"PLATE-1",           952,             1,   386.072E-03,       1.32562,            0.,"ASSEMBLY_PLATE-1__PICKEDSET2","ROCK","",  -985.909E-03,      -2.33900,      -2.33875,  -986.163E-03,   18.5331E-03
F:/Desktop/DeepOnet_Abaqus/StaticElasticJob.odb,Step-1,Increment      1: Step Time =    1.000,"PLATE-1",           953,             1,   285.208E-03,       1.22794,            0.,"ASSEMBLY_PLATE-1__PICKEDSET2","ROCK","",  -976.765E-03,      -2.35365,      -2.35346,  -976.950E-03,   15.9647E-03
F:/Desktop/DeepOnet_Abaqus/StaticElasticJob.odb,Step-1,Increment      1: Step Time =    1.000,"PLATE-1",           954,             1,   387.199E-03,       1.10352,            0.,"ASSEMBLY_PLATE-1__PICKEDSET2","ROCK","",  -972.842E-03,      -2.37043,      -2.36994,  -973.329E-03,   26.0894E-03
F:/Desktop/DeepOnet_Abaqus/StaticElasticJob.odb,Step-1,Increment      1: Step Time =    1.000,"PLATE-1",           955,             1,   399.384E-03,   996.909E-03,            0.,"ASSEMBLY_PLATE-1__PICKEDSET2","ROCK","",  -963.767E-03,      -2.39531,      -2.39437,  -964.700E-03,   36.5459E-03
F:/Desktop/DeepOnet_Abaqus/StaticElasticJob.odb,Step-1,Increment      1: Step Time =    1.000,"PLATE-1",           956,             1,   313.185E-03,   749.938E-03,            0.,"ASSEMBLY_PLATE-1__PICKEDSET2","ROCK","",  -889.215E-03,      -2.46520,      -2.46479,  -889.623E-03,   25.3520E-03
F:/Desktop/DeepOnet_Abaqus/StaticElasticJob.odb,Step-1,Increment      1: Step Time =    1.000,"PLATE-1",           957,             1,   346.803E-03,   636.078E-03,            0.,"ASSEMBLY_PLATE-1__PICKEDSET2","ROCK","",  -851.649E-03,      -2.53403,      -2.53389,  -851.795E-03,   15.6906E-03
F:/Desktop/DeepOnet_Abaqus/StaticElasticJob.odb,Step-1,Increment      1: Step Time =    1.000,"PLATE-1",           958,             1,   283.584E-03,   486.521E-03,            0.,"ASSEMBLY_PLATE-1__PICKEDSET2","ROCK","",  -785.677E-03,      -2.48907,      -2.48879,  -785.951E-03,  -21.6243E-03
F:/Desktop/DeepOnet_Abaqus/StaticElasticJob.odb,Step-1,Increment      1: Step Time =    1.000,"PLATE-1",           959,             1,   355.167E-03,   351.493E-03,            0.,"ASSEMBLY_PLATE-1__PICKEDSET2","ROCK","",  -654.510E-03,      -2.17733,      -2.12766,  -704.176E-03,  -270.491E-03
F:/Desktop/DeepOnet_Abaqus/StaticElasticJob.odb,Step-1,Increment      1: Step Time =    1.000,"PLATE-1",           960,             1,   373.396E-03,   277.605E-03,            0.,"ASSEMBLY_PLATE-1__PICKEDSET2","ROCK","",      -1.05299,      -1.61159,      -1.60841,      -1.05617,  -42.0109E-03
F:/Desktop/DeepOnet_Abaqus/StaticElasticJob.odb,Step-1,Increment      1: Step Time =    1.000,"PLATE-1",           961,             1,   298.957E-03,  -21.5937E-03,            0.,"ASSEMBLY_PLATE-1__PICKEDSET2","ROCK","",  -60.7793E-03,      -1.44679,  -114.941E-03,      -1.39263,   268.580E-03
F:/Desktop/DeepOnet_Abaqus/StaticElasticJob.odb,Step-1,Increment      1: Step Time =    1.000,"PLATE-1",           962,             1,  -40.3529E-03,       1.55030,            0.,"ASSEMBLY_PLATE-1__PICKEDSET2","ROCK","",  -981.847E-03,      -2.32151,      -2.32150,  -981.856E-03,   3.53881E-03
F:/Desktop/DeepOnet_Abaqus/StaticElasticJob.odb,Step-1,Increment      1: Step Time =    1.000,"PLATE-1",           963,             1,  -151.881E-03,       1.37920,            0.,"ASSEMBLY_PLATE-1__PICKEDSET2","ROCK","",  -973.339E-03,      -2.33095,      -2.33094,  -973.350E-03,  -3.94440E-03
F:/Desktop/DeepOnet_Abaqus/StaticElasticJob.odb,Step-1,Increment      1: Step Time =    1.000,"PLATE-1",           964,             1,  -43.8564E-03,   861.296E-03,            0.,"ASSEMBLY_PLATE-1__PICKEDSET2","ROCK","",  -943.888E-03,      -2.40658,      -2.40601,  -944.465E-03,  -29.0426E-03
F:/Desktop/DeepOnet_Abaqus/StaticElasticJob.odb,Step-1,Increment      1: Step Time =    1.000,"PLATE-1",           965,             1,  -28.8155E-03,   300.203E-03,            0.,"ASSEMBLY_PLATE-1__PICKEDSET2","ROCK","",  -720.516E-03,      -3.15362,      -3.14464,  -729.492E-03,  -147.507E-03
F:/Desktop/DeepOnet_Abaqus/StaticElasticJob.odb,Step-1,Increment      1: Step Time =    1.000,"PLATE-1",           966,             1,  -651.583E-03,   780.164E-03,            0.,"ASSEMBLY_PLATE-1__PICKEDSET2","ROCK","",  -939.341E-03,      -2.30950,      -2.30276,  -946.085E-03,  -95.8899E-03
F:/Desktop/DeepOnet_Abaqus/StaticElasticJob.odb,Step-1,Increment      1: Step Time =    1.000,"PLATE-1",           967,             1,  -611.109E-03,   730.219E-03,            0.,"ASSEMBLY_PLATE-1__PICKEDSET2","ROCK","",  -930.816E-03,      -2.31555,      -2.30717,  -939.194E-03,  -107.380E-03
F:/Desktop/DeepOnet_Abaqus/StaticElasticJob.odb,Step-1,Increment      1: Step Time =    1.000,"PLATE-1",           968,             1,  -670.657E-03,   974.737E-03,            0.,"ASSEMBLY_PLATE-1__PICKEDSET2","ROCK","",  -950.332E-03,      -2.31453,      -2.31171,  -953.151E-03,  -61.9516E-03
F:/Desktop/DeepOnet_Abaqus/StaticElasticJob.odb,Step-1,Increment      1: Step Time =    1.000,"PLATE-1",           969,             1,  -608.617E-03,       1.09611,            0.,"ASSEMBLY_PLATE-1__PICKEDSET2","ROCK","",  -954.840E-03,      -2.32007,      -2.31861,  -956.300E-03,  -44.6249E-03
F:/Desktop/DeepOnet_Abaqus/StaticElasticJob.odb,Step-1,Increment      1: Step Time =    1.000,"PLATE-1",           970,             1,  -755.445E-03,       1.29079,            0.,"ASSEMBLY_PLATE-1__PICKEDSET2","ROCK","",  -966.565E-03,      -2.30594,      -2.30507,  -967.435E-03,  -34.1351E-03
F:/Desktop/DeepOnet_Abaqus/StaticElasticJob.odb,Step-1,Increment      1: Step Time =    1.000,"PLATE-1",           971,             1,  -651.958E-03,       1.32299,            0.,"ASSEMBLY_PLATE-1__PICKEDSET2","ROCK","",  -966.281E-03,      -2.31155,      -2.31095,  -966.877E-03,  -28.3097E-03
F:/Desktop/DeepOnet_Abaqus/StaticElasticJob.odb,Step-1,Increment      1: Step Time =    1.000,"PLATE-1",           972,             1,  -544.943E-03,       1.55625,            0.,"ASSEMBLY_PLATE-1__PICKEDSET2","ROCK","",  -974.260E-03,      -2.30990,      -2.30976,  -974.400E-03,  -13.6452E-03
F:/Desktop/DeepOnet_Abaqus/StaticElasticJob.odb,Step-1,Increment      1: Step Time =    1.000,"PLATE-1",           973,             1,  -439.469E-03,       1.47076,            0.,"ASSEMBLY_PLATE-1__PICKEDSET2","ROCK","",  -972.005E-03,      -2.31684,      -2.31672,  -972.126E-03,  -12.7932E-03
F:/Desktop/DeepOnet_Abaqus/StaticElasticJob.odb,Step-1,Increment      1: Step Time =    1.000,"PLATE-1",           974,             1,  -242.000E-03,       1.54005,            0.,"ASSEMBLY_PLATE-1__PICKEDSET2","ROCK","",  -976.875E-03,      -2.31926,      -2.31925,  -976.886E-03,  -3.90804E-03
F:/Desktop/DeepOnet_Abaqus/StaticElasticJob.odb,Step-1,Increment      1: Step Time =    1.000,"PLATE-1",           975,             1,  -19.2917E-03,       1.45746,            0.,"ASSEMBLY_PLATE-1__PICKEDSET2","ROCK","",  -979.879E-03,      -2.32797,      -2.32796,  -979.888E-03,   3.43181E-03
F:/Desktop/DeepOnet_Abaqus/StaticElasticJob.odb,Step-1,Increment      1: Step Time =    1.000,"PLATE-1",           976,             1,  -643.546E-03,       1.55432,            0.,"ASSEMBLY_PLATE-1__PICKEDSET2","ROCK","",  -974.272E-03,      -2.30608,      -2.30587,  -974.483E-03,  -16.7760E-03
F:/Desktop/DeepOnet_Abaqus/StaticElasticJob.odb,Step-1,Increment      1: Step Time =    1.000,"PLATE-1",           977,             1,  -727.936E-03,       1.45881,            0.,"ASSEMBLY_PLATE-1__PICKEDSET2","ROCK","",  -971.501E-03,      -2.30529,      -2.30488,  -971.915E-03,  -23.4946E-03
F:/Desktop/DeepOnet_Abaqus/StaticElasticJob.odb,Step-1,Increment      1: Step Time =    1.000,"PLATE-1",           978,             1,  -827.648E-03,       1.46769,            0.,"ASSEMBLY_PLATE-1__PICKEDSET2","ROCK","",  -973.271E-03,      -2.30029,      -2.29978,  -973.773E-03,  -25.8211E-03
F:/Desktop/DeepOnet_Abaqus/StaticElasticJob.odb,Step-1,Increment      1: Step Time =    1.000,"PLATE-1",           979,             1,      -1.04021,       1.55196,            0.,"ASSEMBLY_PLATE-1__PICKEDSET2","ROCK","",  -979.396E-03,      -2.29068,      -2.29020,  -979.883E-03,  -25.2563E-03
F:/Desktop/DeepOnet_Abaqus/StaticElasticJob.odb,Step-1,Increment      1: Step Time =    1.000,"PLATE-1",           980,             1,      -1.07071,       1.35478,            0.,"ASSEMBLY_PLATE-1__PICKEDSET2","ROCK","",  -978.144E-03,      -2.28711,      -2.28617,  -979.085E-03,  -35.0844E-03
F:/Desktop/DeepOnet_Abaqus/StaticElasticJob.odb,Step-1,Increment      1: Step Time =    1.000,"PLATE-1",           981,             1,      -1.03072,       1.19125,            0.,"ASSEMBLY_PLATE-1__PICKEDSET2","ROCK","",  -975.888E-03,      -2.28502,      -2.28351,  -977.391E-03,  -44.3265E-03
F:/Desktop/DeepOnet_Abaqus/StaticElasticJob.odb,Step-1,Increment      1: Step Time =    1.000,"PLATE-1",           982,             1,  -993.193E-03,       1.06027,            0.,"ASSEMBLY_PLATE-1__PICKEDSET2","ROCK","",  -973.531E-03,      -2.28203,      -2.27967,  -975.892E-03,  -55.5270E-03
F:/Desktop/DeepOnet_Abaqus/StaticElasticJob.odb,Step-1,Increment      1: Step Time =    1.000,"PLATE-1",           983,             1,      -1.10971,       1.44115,            0.,"ASSEMBLY_PLATE-1__PICKEDSET2","ROCK","",  -979.909E-03,      -2.28676,      -2.28603,  -980.636E-03,  -30.8308E-03
F:/Desktop/DeepOnet_Abaqus/StaticElasticJob.odb,Step-1,Increment      1: Step Time =    1.000,"PLATE-1",           984,             1,      -1.20107,       1.40732,            0.,"ASSEMBLY_PLATE-1__PICKEDSET2","ROCK","",  -982.742E-03,      -2.28178,      -2.28095,  -983.572E-03,  -32.8321E-03
F:/Desktop/DeepOnet_Abaqus/StaticElasticJob.odb,Step-1,Increment      1: Step Time =    1.000,"PLATE-1",           985,             1,      -1.14218,       1.31287,            0.,"ASSEMBLY_PLATE-1__PICKEDSET2","ROCK","",  -980.399E-03,      -2.28228,      -2.28119,  -981.486E-03,  -37.6096E-03
F:/Desktop/DeepOnet_Abaqus/StaticElasticJob.odb,Step-1,Increment      1: Step Time =    1.000,"PLATE-1",           986,             1,      -1.34738,       1.53001,            0.,"ASSEMBLY_PLATE-1__PICKEDSET2","ROCK","",  -986.857E-03,      -2.27859,      -2.27798,  -987.466E-03,  -28.0430E-03
F:/Desktop/DeepOnet_Abaqus/StaticElasticJob.odb,Step-1,Increment      1: Step Time =    1.000,"PLATE-1",           987,             1,      -1.36488,       1.40749,            0.,"ASSEMBLY_PLATE-1__PICKEDSET2","ROCK","",  -987.811E-03,      -2.27552,      -2.27473,  -988.602E-03,  -31.9162E-03
F:/Desktop/DeepOnet_Abaqus/StaticElasticJob.odb,Step-1,Increment      1: Step Time =    1.000,"PLATE-1",           988,             1,   723.740E-03,   291.913E-03,            0.,"ASSEMBLY_PLATE-1__PICKEDSET2","ROCK","",  -571.877E-03,      -3.04889,      -2.21280,      -1.40798,       1.17131
F:/Desktop/DeepOnet_Abaqus/StaticElasticJob.odb,Step-1,Increment      1: Step Time =    1.000,"PLATE-1",           989,             1,   770.066E-03,  -40.2125E-03,            0.,"ASSEMBLY_PLATE-1__PICKEDSET2","ROCK","",  -858.983E-03,      -2.09981,      -2.04627,  -912.528E-03,  -252.138E-03
F:/Desktop/DeepOnet_Abaqus/StaticElasticJob.odb,Step-1,Increment      1: Step Time =    1.000,"PLATE-1",           990,             1,   767.360E-03,   146.918E-03,            0.,"ASSEMBLY_PLATE-1__PICKEDSET2","ROCK","",  -723.416E-03,      -1.36643,  -748.325E-03,      -1.34152,  -124.083E-03
F:/Desktop/DeepOnet_Abaqus/StaticElasticJob.odb,Step-1,Increment      1: Step Time =    1.000,"PLATE-1",           991,             1,   855.530E-03,   49.7872E-03,            0.,"ASSEMBLY_PLATE-1__PICKEDSET2","ROCK","",  -980.157E-03,      -1.60093,      -1.34014,      -1.24095,  -306.398E-03
F:/Desktop/DeepOnet_Abaqus/StaticElasticJob.odb,Step-1,Increment      1: Step Time =    1.000,"PLATE-1",           992,             1,       1.04844,  -50.4365E-03,            0.,"ASSEMBLY_PLATE-1__PICKEDSET2","ROCK","",      -1.07703,      -1.99068,      -1.97007,      -1.09764,  -135.655E-03
F:/Desktop/DeepOnet_Abaqus/StaticElasticJob.odb,Step-1,Increment      1: Step Time =    1.000,"PLATE-1",           993,             1,       1.10388,   9.27175E-03,            0.,"ASSEMBLY_PLATE-1__PICKEDSET2","ROCK","",      -1.13974,      -1.97398,      -1.96866,      -1.14506,  -66.4156E-03
F:/Desktop/DeepOnet_Abaqus/StaticElasticJob.odb,Step-1,Increment      1: Step Time =    1.000,"PLATE-1",           994,             1,       1.15393,   90.5134E-03,            0.,"ASSEMBLY_PLATE-1__PICKEDSET2","ROCK","",      -1.13014,      -1.97726,      -1.97722,      -1.13019,   6.06750E-03
F:/Desktop/DeepOnet_Abaqus/StaticElasticJob.odb,Step-1,Increment      1: Step Time =    1.000,"PLATE-1",           995,             1,       1.11678,   238.653E-03,            0.,"ASSEMBLY_PLATE-1__PICKEDSET2","ROCK","",      -1.11477,      -2.04805,      -2.02647,      -1.13635,   140.263E-03
F:/Desktop/DeepOnet_Abaqus/StaticElasticJob.odb,Step-1,Increment      1: Step Time =    1.000,"PLATE-1",           996,             1,       1.08260,   337.437E-03,            0.,"ASSEMBLY_PLATE-1__PICKEDSET2","ROCK","",      -1.04126,      -2.12487,      -2.09061,      -1.07552,   189.609E-03
F:/Desktop/DeepOnet_Abaqus/StaticElasticJob.odb,Step-1,Increment      1: Step Time =    1.000,"PLATE-1",           997,             1,       1.09505,   462.418E-03,            0.,"ASSEMBLY_PLATE-1__PICKEDSET2","ROCK","",  -996.674E-03,      -2.26180,      -2.23658,      -1.02189,   176.837E-03
F:/Desktop/DeepOnet_Abaqus/StaticElasticJob.odb,Step-1,Increment      1: Step Time =    1.000,"PLATE-1",           998,             1,       1.11291,   592.683E-03,            0.,"ASSEMBLY_PLATE-1__PICKEDSET2","ROCK","",  -987.758E-03,      -2.32009,      -2.30935,  -998.500E-03,   119.148E-03
F:/Desktop/DeepOnet_Abaqus/StaticElasticJob.odb,Step-1,Increment      1: Step Time =    1.000,"PLATE-1",           999,             1,       1.13309,   885.717E-03,            0.,"ASSEMBLY_PLATE-1__PICKEDSET2","ROCK","",  -994.893E-03,      -2.32105,      -2.31843,  -997.514E-03,   58.8890E-03
F:/Desktop/DeepOnet_Abaqus/StaticElasticJob.odb,Step-1,Increment      1: Step Time =    1.000,"PLATE-1",          1000,             1,       1.11413,   981.178E-03,            0.,"ASSEMBLY_PLATE-1__PICKEDSET2","ROCK","",  -994.052E-03,      -2.32085,      -2.31916,  -995.743E-03,   47.3293E-03
F:/Desktop/DeepOnet_Abaqus/StaticElasticJob.odb,Step-1,Increment      1: Step Time =    1.000,"PLATE-1",          1001,             1,       1.13035,       1.07018,            0.,"ASSEMBLY_PLATE-1__PICKEDSET2","ROCK","",  -996.279E-03,      -2.31744,      -2.31614,  -997.582E-03,   41.4627E-03
F:/Desktop/DeepOnet_Abaqus/StaticElasticJob.odb,Step-1,Increment      1: Step Time =    1.000,"PLATE-1",          1002,             1,   972.196E-03,       1.15474,            0.,"ASSEMBLY_PLATE-1__PICKEDSET2","ROCK","",  -997.980E-03,      -2.32313,      -2.32225,  -998.866E-03,   34.2561E-03
F:/Desktop/DeepOnet_Abaqus/StaticElasticJob.odb,Step-1,Increment      1: Step Time =    1.000,"PLATE-1",          1003,             1,   971.093E-03,       1.26203,            0.,"ASSEMBLY_PLATE-1__PICKEDSET2","ROCK","",  -998.863E-03,      -2.31813,      -2.31747,  -999.527E-03,   29.6027E-03
F:/Desktop/DeepOnet_Abaqus/StaticElasticJob.odb,Step-1,Increment      1: Step Time =    1.000,"PLATE-1",          1004,             1,   614.837E-03,       1.17028,            0.,"ASSEMBLY_PLATE-1__PICKEDSET2","ROCK","",  -992.095E-03,      -2.34787,      -2.34693,  -993.040E-03,   35.7863E-03
F:/Desktop/DeepOnet_Abaqus/StaticElasticJob.odb,Step-1,Increment      1: Step Time =    1.000,"PLATE-1",          1005,             1,   714.503E-03,       1.16469,            0.,"ASSEMBLY_PLATE-1__PICKEDSET2","ROCK","",  -996.293E-03,      -2.33859,      -2.33753,  -997.357E-03,   37.7872E-03
F:/Desktop/DeepOnet_Abaqus/StaticElasticJob.odb,Step-1,Increment      1: Step Time =    1.000,"PLATE-1",          1006,             1,   596.801E-03,       1.07069,            0.,"ASSEMBLY_PLATE-1__PICKEDSET2","ROCK","",  -988.108E-03,      -2.35654,      -2.35537,  -989.284E-03,   40.1017E-03
F:/Desktop/DeepOnet_Abaqus/StaticElasticJob.odb,Step-1,Increment      1: Step Time =    1.000,"PLATE-1",          1007,             1,   684.684E-03,   25.3449E-03,            0.,"ASSEMBLY_PLATE-1__PICKEDSET2","ROCK","",  -378.760E-03,      -2.35344,      -1.99005,  -742.146E-03,  -765.193E-03
F:/Desktop/DeepOnet_Abaqus/StaticElasticJob.odb,Step-1,Increment      1: Step Time =    1.000,"PLATE-1",          1008,             1,   432.519E-03,  -34.8287E-03,            0.,"ASSEMBLY_PLATE-1__PICKEDSET2","ROCK","",      -1.38761,      -1.83024,      -1.47818,      -1.73967,   178.568E-03
F:/Desktop/DeepOnet_Abaqus/StaticElasticJob.odb,Step-1,Increment      1: Step Time =    1.000,"PLATE-1",          1009,             1,   454.291E-03,   63.2938E-03,            0.,"ASSEMBLY_PLATE-1__PICKEDSET2","ROCK","",  -576.923E-03,      -3.18757,      -1.59031,      -2.17418,       1.27226
F:/Desktop/DeepOnet_Abaqus/StaticElasticJob.odb,Step-1,Increment      1: Step Time =    1.000,"PLATE-1",          1010,             1,   317.184E-03,   209.936E-03,            0.,"ASSEMBLY_PLATE-1__PICKEDSET2","ROCK","",  -851.485E-03,      -1.97531,      -1.66212,      -1.16468,   503.872E-03
F:/Desktop/DeepOnet_Abaqus/StaticElasticJob.odb,Step-1,Increment      1: Step Time =    1.000,"PLATE-1",          1011,             1,   585.392E-03,   377.387E-03,            0.,"ASSEMBLY_PLATE-1__PICKEDSET2","ROCK","",  -857.551E-03,      -3.28048,      -3.27328,  -864.752E-03,   131.896E-03
F:/Desktop/DeepOnet_Abaqus/StaticElasticJob.odb,Step-1,Increment      1: Step Time =    1.000,"PLATE-1",          1012,             1,   653.738E-03,   333.032E-03,            0.,"ASSEMBLY_PLATE-1__PICKEDSET2","ROCK","",  -825.944E-03,      -4.18906,      -4.02295,  -992.059E-03,   728.744E-03
F:/Desktop/DeepOnet_Abaqus/StaticElasticJob.odb,Step-1,Increment      1: Step Time =    1.000,"PLATE-1",          1013,             1,   812.972E-03,   249.059E-03,            0.,"ASSEMBLY_PLATE-1__PICKEDSET2","ROCK","",  -851.997E-03,      -2.01687,      -1.48242,      -1.38645,   580.458E-03
F:/Desktop/DeepOnet_Abaqus/StaticElasticJob.odb,Step-1,Increment      1: Step Time =    1.000,"PLATE-1",          1014,             1,       1.04894,   162.558E-03,            0.,"ASSEMBLY_PLATE-1__PICKEDSET2","ROCK","",      -1.18503,      -1.90936,      -1.90036,      -1.19403,   80.2493E-03
F:/Desktop/DeepOnet_Abaqus/StaticElasticJob.odb,Step-1,Increment      1: Step Time =    1.000,"PLATE-1",          1015,             1,   934.459E-03,   217.802E-03,            0.,"ASSEMBLY_PLATE-1__PICKEDSET2","ROCK","",      -1.15584,      -1.81629,      -1.75639,      -1.21574,   189.656E-03
F:/Desktop/DeepOnet_Abaqus/StaticElasticJob.odb,Step-1,Increment      1: Step Time =    1.000,"PLATE-1",          1016,             1,  -305.064E-03,  -82.1063E-03,            0.,"ASSEMBLY_PLATE-1__PICKEDSET2","ROCK","",  -234.251E-03,      -1.85003,  -359.232E-03,      -1.72505,   431.649E-03
F:/Desktop/DeepOnet_Abaqus/StaticElasticJob.odb,Step-1,Increment      1: Step Time =    1.000,"PLATE-1",          1017,             1,  -665.012E-03,   262.294E-03,            0.,"ASSEMBLY_PLATE-1__PICKEDSET2","ROCK","",      -1.04078,      -2.06073,      -2.01668,      -1.08483,  -207.348E-03
F:/Desktop/DeepOnet_Abaqus/StaticElasticJob.odb,Step-1,Increment      1: Step Time =    1.000,"PLATE-1",          1018,             1,  -867.616E-03,   437.180E-03,            0.,"ASSEMBLY_PLATE-1__PICKEDSET2","ROCK","",      -1.01207,      -2.17579,      -2.16096,      -1.02690,  -130.525E-03
F:/Desktop/DeepOnet_Abaqus/StaticElasticJob.odb,Step-1,Increment      1: Step Time =    1.000,"PLATE-1",          1019,             1,  -889.293E-03,   523.789E-03,            0.,"ASSEMBLY_PLATE-1__PICKEDSET2","ROCK","",  -998.651E-03,      -2.20397,      -2.19217,      -1.01045,  -118.677E-03
F:/Desktop/DeepOnet_Abaqus/StaticElasticJob.odb,Step-1,Increment      1: Step Time =    1.000,"PLATE-1",          1020,             1,  -979.207E-03,   514.370E-03,            0.,"ASSEMBLY_PLATE-1__PICKEDSET2","ROCK","",      -1.01355,      -2.19389,      -2.18530,      -1.02214,  -100.322E-03
F:/Desktop/DeepOnet_Abaqus/StaticElasticJob.odb,Step-1,Increment      1: Step Time =    1.000,"PLATE-1",          1021,             1,      -1.12833,   462.071E-03,            0.,"ASSEMBLY_PLATE-1__PICKEDSET2","ROCK","",      -1.03302,      -2.18108,      -2.17649,      -1.03761,  -72.4526E-03
F:/Desktop/DeepOnet_Abaqus/StaticElasticJob.odb,Step-1,Increment      1: Step Time =    1.000,"PLATE-1",          1022,             1,      -1.07308,   411.372E-03,            0.,"ASSEMBLY_PLATE-1__PICKEDSET2","ROCK","",      -1.03789,      -2.16829,      -2.16260,      -1.04357,  -79.9916E-03
F:/Desktop/DeepOnet_Abaqus/StaticElasticJob.odb,Step-1,Increment      1: Step Time =    1.000,"PLATE-1",          1023,             1,      -1.09043,   350.534E-03,            0.,"ASSEMBLY_PLATE-1__PICKEDSET2","ROCK","",      -1.05338,      -2.14996,      -2.14605,      -1.05729,  -65.3677E-03
F:/Desktop/DeepOnet_Abaqus/StaticElasticJob.odb,Step-1,Increment      1: Step Time =    1.000,"PLATE-1",          1024,             1,      -1.14182,   169.602E-03,            0.,"ASSEMBLY_PLATE-1__PICKEDSET2","ROCK","",      -1.07626,      -2.12729,      -2.12664,      -1.07691,  -26.1126E-03
F:/Desktop/DeepOnet_Abaqus/StaticElasticJob.odb,Step-1,Increment      1: Step Time =    1.000,"PLATE-1",          1025,             1,      -1.11421,   234.730E-03,            0.,"ASSEMBLY_PLATE-1__PICKEDSET2","ROCK","",      -1.07060,      -2.13085,      -2.12914,      -1.07231,  -42.4848E-03
F:/Desktop/DeepOnet_Abaqus/StaticElasticJob.odb,Step-1,Increment      1: Step Time =    1.000,"PLATE-1",          1026,             1,  -881.073E-03,   167.769E-03,            0.,"ASSEMBLY_PLATE-1__PICKEDSET2","ROCK","",      -1.10947,      -2.04521,      -2.04052,      -1.11417,  -66.0901E-03
F:/Desktop/DeepOnet_Abaqus/StaticElasticJob.odb,Step-1,Increment      1: Step Time =    1.000,"PLATE-1",          1027,             1,  -958.833E-03,  -28.5892E-03,            0.,"ASSEMBLY_PLATE-1__PICKEDSET2","ROCK","",      -1.11233,      -2.07105,      -2.06975,      -1.11363,   35.1862E-03
F:/Desktop/DeepOnet_Abaqus/StaticElasticJob.odb,Step-1,Increment      1: Step Time =    1.000,"PLATE-1",          1028,             1,      -1.00990,  -1.15024E-03,            0.,"ASSEMBLY_PLATE-1__PICKEDSET2","ROCK","",      -1.10256,      -2.08668,      -2.08627,      -1.10297,   20.0889E-03
F:/Desktop/DeepOnet_Abaqus/StaticElasticJob.odb,Step-1,Increment      1: Step Time =    1.000,"PLATE-1",          1029,             1,  -566.703E-03,   504.332E-03,            0.,"ASSEMBLY_PLATE-1__PICKEDSET2","ROCK","",  -903.469E-03,      -2.29488,      -2.26665,  -931.700E-03,  -196.173E-03
F:/Desktop/DeepOnet_Abaqus/StaticElasticJob.odb,Step-1,Increment      1: Step Time =    1.000,"PLATE-1",          1030,             1,  -831.166E-03,   492.963E-03,            0.,"ASSEMBLY_PLATE-1__PICKEDSET2","ROCK","",  -992.703E-03,      -2.20412,      -2.18932,      -1.00751,  -133.089E-03
F:/Desktop/DeepOnet_Abaqus/StaticElasticJob.odb,Step-1,Increment      1: Step Time =    1.000,"PLATE-1",          1031,             1,  -217.243E-03,   143.779E-03,            0.,"ASSEMBLY_PLATE-1__PICKEDSET2","ROCK","",  -208.785E-03,      -2.75390,      -1.90517,      -1.05752,      -1.19991
F:/Desktop/DeepOnet_Abaqus/StaticElasticJob.odb,Step-1,Increment      1: Step Time =    1.000,"PLATE-1",          1032,             1,  -725.574E-03,   513.044E-03,            0.,"ASSEMBLY_PLATE-1__PICKEDSET2","ROCK","",  -961.785E-03,      -2.23377,      -2.21430,  -981.259E-03,  -156.177E-03
F:/Desktop/DeepOnet_Abaqus/StaticElasticJob.odb,Step-1,Increment      1: Step Time =    1.000,"PLATE-1",          1033,             1,   258.857E-03,   106.553E-03,            0.,"ASSEMBLY_PLATE-1__PICKEDSET2","ROCK","",  -220.629E-03,      -2.97482,      -1.44456,      -1.75089,       1.36855
F:/Desktop/DeepOnet_Abaqus/StaticElasticJob.odb,Step-1,Increment      1: Step Time =    1.000,"PLATE-1",          1034,             1,      -1.42743,   484.233E-03,            0.,"ASSEMBLY_PLATE-1__PICKEDSET2","ROCK","",      -1.03223,      -2.20210,      -2.20072,      -1.03362,  -40.2646E-03
F:/Desktop/DeepOnet_Abaqus/StaticElasticJob.odb,Step-1,Increment      1: Step Time =    1.000,"PLATE-1",          1035,             1,      -1.47936,       1.33912,            0.,"ASSEMBLY_PLATE-1__PICKEDSET2","ROCK","",  -991.893E-03,      -2.26987,      -2.26904,  -992.723E-03,  -32.5588E-03
F:/Desktop/DeepOnet_Abaqus/StaticElasticJob.odb,Step-1,Increment      1: Step Time =    1.000,"PLATE-1",          1036,             1,      -1.18825,       1.09401,            0.,"ASSEMBLY_PLATE-1__PICKEDSET2","ROCK","",  -984.625E-03,      -2.27028,      -2.26841,  -986.494E-03,  -48.9924E-03
F:/Desktop/DeepOnet_Abaqus/StaticElasticJob.odb,Step-1,Increment      1: Step Time =    1.000,"PLATE-1",          1037,             1,      -1.07550,   968.861E-03,            0.,"ASSEMBLY_PLATE-1__PICKEDSET2","ROCK","",  -980.696E-03,      -2.26886,      -2.26602,  -983.537E-03,  -60.4360E-03
F:/Desktop/DeepOnet_Abaqus/StaticElasticJob.odb,Step-1,Increment      1: Step Time =    1.000,"PLATE-1",          1038,             1,      -1.03848,   883.978E-03,            0.,"ASSEMBLY_PLATE-1__PICKEDSET2","ROCK","",  -980.989E-03,      -2.26346,      -2.25971,  -984.736E-03,  -69.2199E-03
F:/Desktop/DeepOnet_Abaqus/StaticElasticJob.odb,Step-1,Increment      1: Step Time =    1.000,"PLATE-1",          1039,             1,  -941.108E-03,       1.55525,            0.,"ASSEMBLY_PLATE-1__PICKEDSET2","ROCK","",  -976.934E-03,      -2.29542,      -2.29498,  -977.373E-03,  -24.0710E-03
F:/Desktop/DeepOnet_Abaqus/StaticElasticJob.odb,Step-1,Increment      1: Step Time =    1.000,"PLATE-1",          1040,             1,  -991.920E-03,       1.38047,            0.,"ASSEMBLY_PLATE-1__PICKEDSET2","ROCK","",  -975.827E-03,      -2.29168,      -2.29086,  -976.646E-03,  -32.8230E-03
F:/Desktop/DeepOnet_Abaqus/StaticElasticJob.odb,Step-1,Increment      1: Step Time =    1.000,"PLATE-1",          1041,             1,  -835.409E-03,       1.25080,            0.,"ASSEMBLY_PLATE-1__PICKEDSET2","ROCK","",  -968.556E-03,      -2.29980,      -2.29869,  -969.663E-03,  -38.3713E-03
F:/Desktop/DeepOnet_Abaqus/StaticElasticJob.odb,Step-1,Increment      1: Step Time =    1.000,"PLATE-1",          1042,             1,  -621.831E-03,       1.20337,            0.,"ASSEMBLY_PLATE-1__PICKEDSET2","ROCK","",  -960.631E-03,      -2.31677,      -2.31586,  -961.543E-03,  -35.1649E-03
F:/Desktop/DeepOnet_Abaqus/StaticElasticJob.odb,Step-1,Increment      1: Step Time =    1.000,"PLATE-1",          1043,             1,  -908.616E-03,       1.39042,            0.,"ASSEMBLY_PLATE-1__PICKEDSET2","ROCK","",  -973.464E-03,      -2.29639,      -2.29565,  -974.203E-03,  -31.2712E-03
F:/Desktop/DeepOnet_Abaqus/StaticElasticJob.odb,Step-1,Increment      1: Step Time =    1.000,"PLATE-1",          1044,             1,  -994.208E-03,       1.23379,            0.,"ASSEMBLY_PLATE-1__PICKEDSET2","ROCK","",  -974.121E-03,      -2.28892,      -2.28757,  -975.471E-03,  -42.1022E-03
F:/Desktop/DeepOnet_Abaqus/StaticElasticJob.odb,Step-1,Increment      1: Step Time =    1.000,"PLATE-1",          1045,             1,  -895.388E-03,       1.19595,            0.,"ASSEMBLY_PLATE-1__PICKEDSET2","ROCK","",  -969.278E-03,      -2.29474,      -2.29325,  -970.765E-03,  -44.3834E-03
F:/Desktop/DeepOnet_Abaqus/StaticElasticJob.odb,Step-1,Increment      1: Step Time =    1.000,"PLATE-1",          1046,             1,  -764.999E-03,       1.11325,            0.,"ASSEMBLY_PLATE-1__PICKEDSET2","ROCK","",  -961.056E-03,      -2.30532,      -2.30353,  -962.847E-03,  -49.0352E-03
F:/Desktop/DeepOnet_Abaqus/StaticElasticJob.odb,Step-1,Increment      1: Step Time =    1.000,"PLATE-1",          1047,             1,  -797.570E-03,       1.04998,            0.,"ASSEMBLY_PLATE-1__PICKEDSET2","ROCK","",  -961.279E-03,      -2.29977,      -2.29738,  -963.664E-03,  -56.4462E-03
F:/Desktop/DeepOnet_Abaqus/StaticElasticJob.odb,Step-1,Increment      1: Step Time =    1.000,"PLATE-1",          1048,             1,  -767.052E-03,   961.703E-03,            0.,"ASSEMBLY_PLATE-1__PICKEDSET2","ROCK","",  -956.292E-03,      -2.30127,      -2.29797,  -959.592E-03,  -66.5412E-03
F:/Desktop/DeepOnet_Abaqus/StaticElasticJob.odb,Step-1,Increment      1: Step Time =    1.000,"PLATE-1",          1049,             1,  -657.065E-03,   872.958E-03,            0.,"ASSEMBLY_PLATE-1__PICKEDSET2","ROCK","",  -944.087E-03,      -2.31402,      -2.30960,  -948.512E-03,  -77.7345E-03
F:/Desktop/DeepOnet_Abaqus/StaticElasticJob.odb,Step-1,Increment      1: Step Time =    1.000,"PLATE-1",          1050,             1,  -841.907E-03,       1.55516,            0.,"ASSEMBLY_PLATE-1__PICKEDSET2","ROCK","",  -975.375E-03,      -2.29901,      -2.29863,  -975.758E-03,  -22.5031E-03
F:/Desktop/DeepOnet_Abaqus/StaticElasticJob.odb,Step-1,Increment      1: Step Time =    1.000,"PLATE-1",          1051,             1,  -732.494E-03,       1.36818,            0.,"ASSEMBLY_PLATE-1__PICKEDSET2","ROCK","",  -968.714E-03,      -2.30656,      -2.30596,  -969.311E-03,  -28.2647E-03
F:/Desktop/DeepOnet_Abaqus/StaticElasticJob.odb,Step-1,Increment      1: Step Time =    1.000,"PLATE-1",          1052,             1,  -533.274E-03,       1.47115,            0.,"ASSEMBLY_PLATE-1__PICKEDSET2","ROCK","",  -971.255E-03,      -2.31331,      -2.31312,  -971.452E-03,  -16.2263E-03
F:/Desktop/DeepOnet_Abaqus/StaticElasticJob.odb,Step-1,Increment      1: Step Time =    1.000,"PLATE-1",          1053,             1,  -435.511E-03,       1.21567,            0.,"ASSEMBLY_PLATE-1__PICKEDSET2","ROCK","",  -959.754E-03,      -2.33047,      -2.33000,  -960.219E-03,  -25.2304E-03
F:/Desktop/DeepOnet_Abaqus/StaticElasticJob.odb,Step-1,Increment      1: Step Time =    1.000,"PLATE-1",          1054,             1,  -109.865E-03,       1.11789,            0.,"ASSEMBLY_PLATE-1__PICKEDSET2","ROCK","",  -961.271E-03,      -2.35642,      -2.35631,  -961.381E-03,  -12.3719E-03
F:/Desktop/DeepOnet_Abaqus/StaticElasticJob.odb,Step-1,Increment      1: Step Time =    1.000,"PLATE-1",          1055,             1,  -119.787E-03,       1.24111,            0.,"ASSEMBLY_PLATE-1__PICKEDSET2","ROCK","",  -967.296E-03,      -2.34461,      -2.34458,  -967.334E-03,  -7.27106E-03
F:/Desktop/DeepOnet_Abaqus/StaticElasticJob.odb,Step-1,Increment      1: Step Time =    1.000,"PLATE-1",          1056,             1,  -192.849E-03,       1.30140,            0.,"ASSEMBLY_PLATE-1__PICKEDSET2","ROCK","",  -968.666E-03,      -2.33591,      -2.33586,  -968.718E-03,  -8.37503E-03
F:/Desktop/DeepOnet_Abaqus/StaticElasticJob.odb,Step-1,Increment      1: Step Time =    1.000,"PLATE-1",          1057,             1,  -368.343E-03,       1.31246,            0.,"ASSEMBLY_PLATE-1__PICKEDSET2","ROCK","",  -965.866E-03,      -2.32810,      -2.32791,  -966.058E-03,  -16.1929E-03
F:/Desktop/DeepOnet_Abaqus/StaticElasticJob.odb,Step-1,Increment      1: Step Time =    1.000,"PLATE-1",          1058,             1,  -432.681E-03,       1.31952,            0.,"ASSEMBLY_PLATE-1__PICKEDSET2","ROCK","",  -965.451E-03,      -2.32439,      -2.32412,  -965.722E-03,  -19.2039E-03
F:/Desktop/DeepOnet_Abaqus/StaticElasticJob.odb,Step-1,Increment      1: Step Time =    1.000,"PLATE-1",          1059,             1,  -271.967E-03,       1.34943,            0.,"ASSEMBLY_PLATE-1__PICKEDSET2","ROCK","",  -969.062E-03,      -2.33001,      -2.32994,  -969.139E-03,  -10.2049E-03
F:/Desktop/DeepOnet_Abaqus/StaticElasticJob.odb,Step-1,Increment      1: Step Time =    1.000,"PLATE-1",          1060,             1,  -96.7615E-03,       1.43999,            0.,"ASSEMBLY_PLATE-1__PICKEDSET2","ROCK","",  -976.156E-03,      -2.32828,      -2.32828,  -976.157E-03,  -978.895E-06
F:/Desktop/DeepOnet_Abaqus/StaticElasticJob.odb,Step-1,Increment      1: Step Time =    1.000,"PLATE-1",          1061,             1,   177.876E-03,       1.34246,            0.,"ASSEMBLY_PLATE-1__PICKEDSET2","ROCK","",  -979.286E-03,      -2.34051,      -2.34044,  -979.357E-03,   9.82971E-03
F:/Desktop/DeepOnet_Abaqus/StaticElasticJob.odb,Step-1,Increment      1: Step Time =    1.000,"PLATE-1",          1062,             1,   74.8219E-03,       1.35042,            0.,"ASSEMBLY_PLATE-1__PICKEDSET2","ROCK","",  -977.381E-03,      -2.33907,      -2.33905,  -977.401E-03,   5.21087E-03
F:/Desktop/DeepOnet_Abaqus/StaticElasticJob.odb,Step-1,Increment      1: Step Time =    1.000,"PLATE-1",          1063,             1,   653.850E-03,       1.55445,            0.,"ASSEMBLY_PLATE-1__PICKEDSET2","ROCK","",  -997.616E-03,      -2.31508,      -2.31485,  -997.848E-03,   17.4779E-03
F:/Desktop/DeepOnet_Abaqus/StaticElasticJob.odb,Step-1,Increment      1: Step Time =    1.000,"PLATE-1",          1064,             1,   666.754E-03,       1.46336,            0.,"ASSEMBLY_PLATE-1__PICKEDSET2","ROCK","",  -996.961E-03,      -2.31887,      -2.31856,  -997.278E-03,   20.4693E-03
F:/Desktop/DeepOnet_Abaqus/StaticElasticJob.odb,Step-1,Increment      1: Step Time =    1.000,"PLATE-1",          1065,             1,   838.907E-03,       1.40282,            0.,"ASSEMBLY_PLATE-1__PICKEDSET2","ROCK","",  -999.435E-03,      -2.31699,      -2.31657,  -999.860E-03,   23.6402E-03
F:/Desktop/DeepOnet_Abaqus/StaticElasticJob.odb,Step-1,Increment      1: Step Time =    1.000,"PLATE-1",          1066,             1,   692.781E-03,       1.37309,            0.,"ASSEMBLY_PLATE-1__PICKEDSET2","ROCK","",  -996.817E-03,      -2.32430,      -2.32389,  -997.222E-03,   23.1834E-03
F:/Desktop/DeepOnet_Abaqus/StaticElasticJob.odb,Step-1,Increment      1: Step Time =    1.000,"PLATE-1",          1067,             1,       1.08907,       1.35466,            0.,"ASSEMBLY_PLATE-1__PICKEDSET2","ROCK","",  -998.479E-03,      -2.30909,      -2.30859,  -998.981E-03,   25.6399E-03
F:/Desktop/DeepOnet_Abaqus/StaticElasticJob.odb,Step-1,Increment      1: Step Time =    1.000,"PLATE-1",          1068,             1,       1.24785,       1.45063,            0.,"ASSEMBLY_PLATE-1__PICKEDSET2","ROCK","",  -997.934E-03,      -2.30195,      -2.30156,  -998.327E-03,   22.6278E-03
F:/Desktop/DeepOnet_Abaqus/StaticElasticJob.odb,Step-1,Increment      1: Step Time =    1.000,"PLATE-1",          1069,             1,       1.33934,       1.37921,            0.,"ASSEMBLY_PLATE-1__PICKEDSET2","ROCK","",  -997.047E-03,      -2.29950,      -2.29899,  -997.557E-03,   25.7497E-03
F:/Desktop/DeepOnet_Abaqus/StaticElasticJob.odb,Step-1,Increment      1: Step Time =    1.000,"PLATE-1",          1070,             1,  -345.933E-03,       1.55052,            0.,"ASSEMBLY_PLATE-1__PICKEDSET2","ROCK","",  -975.880E-03,      -2.31626,      -2.31622,  -975.918E-03,  -7.10521E-03
F:/Desktop/DeepOnet_Abaqus/StaticElasticJob.odb,Step-1,Increment      1: Step Time =    1.000,"PLATE-1",          1071,             1,      -1.48801,       1.25273,            0.,"ASSEMBLY_PLATE-1__PICKEDSET2","ROCK","",  -993.387E-03,      -2.26595,      -2.26496,  -994.377E-03,  -35.4807E-03
F:/Desktop/DeepOnet_Abaqus/StaticElasticJob.odb,Step-1,Increment      1: Step Time =    1.000,"PLATE-1",          1072,             1,  -826.175E-03,       1.31334,            0.,"ASSEMBLY_PLATE-1__PICKEDSET2","ROCK","",  -969.429E-03,      -2.30109,      -2.30021,  -970.309E-03,  -34.2314E-03
F:/Desktop/DeepOnet_Abaqus/StaticElasticJob.odb,Step-1,Increment      1: Step Time =    1.000,"PLATE-1",          1073,             1,  -517.664E-03,       1.39022,            0.,"ASSEMBLY_PLATE-1__PICKEDSET2","ROCK","",  -968.695E-03,      -2.31677,      -2.31651,  -968.957E-03,  -18.8074E-03
F:/Desktop/DeepOnet_Abaqus/StaticElasticJob.odb,Step-1,Increment      1: Step Time =    1.000,"PLATE-1",          1074,             1,  -509.221E-03,       1.24165,            0.,"ASSEMBLY_PLATE-1__PICKEDSET2","ROCK","",  -961.048E-03,      -2.32413,      -2.32358,  -961.593E-03,  -27.2365E-03
F:/Desktop/DeepOnet_Abaqus/StaticElasticJob.odb,Step-1,Increment      1: Step Time =    1.000,"PLATE-1",          1075,             1,  -410.469E-03,       1.12703,            0.,"ASSEMBLY_PLATE-1__PICKEDSET2","ROCK","",  -955.033E-03,      -2.33709,      -2.33643,  -955.689E-03,  -30.0795E-03
F:/Desktop/DeepOnet_Abaqus/StaticElasticJob.odb,Step-1,Increment      1: Step Time =    1.000,"PLATE-1",          1076,             1,  -250.937E-03,   972.889E-03,            0.,"ASSEMBLY_PLATE-1__PICKEDSET2","ROCK","",  -946.844E-03,      -2.36480,      -2.36403,  -947.613E-03,  -32.9985E-03
F:/Desktop/DeepOnet_Abaqus/StaticElasticJob.odb,Step-1,Increment      1: Step Time =    1.000,"PLATE-1",          1077,             1,  -154.251E-03,       1.05303,            0.,"ASSEMBLY_PLATE-1__PICKEDSET2","ROCK","",  -954.920E-03,      -2.36340,      -2.36313,  -955.192E-03,  -19.5926E-03
F:/Desktop/DeepOnet_Abaqus/StaticElasticJob.odb,Step-1,Increment      1: Step Time =    1.000,"PLATE-1",          1078,             1,  -64.6088E-03,       1.30576,            0.,"ASSEMBLY_PLATE-1__PICKEDSET2","ROCK","",  -971.705E-03,      -2.34026,      -2.34026,  -971.708E-03,  -1.87348E-03
F:/Desktop/DeepOnet_Abaqus/StaticElasticJob.odb,Step-1,Increment      1: Step Time =    1.000,"PLATE-1",          1079,             1,   83.8767E-03,       1.24898,            0.,"ASSEMBLY_PLATE-1__PICKEDSET2","ROCK","",  -971.699E-03,      -2.34975,      -2.34974,  -971.709E-03,   3.80096E-03
F:/Desktop/DeepOnet_Abaqus/StaticElasticJob.odb,Step-1,Increment      1: Step Time =    1.000,"PLATE-1",          1080,             1,   390.537E-03,       1.21505,            0.,"ASSEMBLY_PLATE-1__PICKEDSET2","ROCK","",  -981.694E-03,      -2.35292,      -2.35250,  -982.109E-03,   23.8483E-03
F:/Desktop/DeepOnet_Abaqus/StaticElasticJob.odb,Step-1,Increment      1: Step Time =    1.000,"PLATE-1",          1081,             1,   914.517E-03,       1.38231,            0.,"ASSEMBLY_PLATE-1__PICKEDSET2","ROCK","",  -999.334E-03,      -2.31326,      -2.31284,  -999.760E-03,   23.6427E-03
F:/Desktop/DeepOnet_Abaqus/StaticElasticJob.odb,Step-1,Increment      1: Step Time =    1.000,"PLATE-1",          1082,             1,       1.25791,       1.24429,            0.,"ASSEMBLY_PLATE-1__PICKEDSET2","ROCK","",  -996.461E-03,      -2.30510,      -2.30439,  -997.173E-03,   30.5284E-03
F:/Desktop/DeepOnet_Abaqus/StaticElasticJob.odb,Step-1,Increment      1: Step Time =    1.000,"PLATE-1",          1083,             1,       1.30404,       1.31364,            0.,"ASSEMBLY_PLATE-1__PICKEDSET2","ROCK","",  -996.971E-03,      -2.30101,      -2.30043,  -997.550E-03,   27.4789E-03
F:/Desktop/DeepOnet_Abaqus/StaticElasticJob.odb,Step-1,Increment      1: Step Time =    1.000,"PLATE-1",          1084,             1,      -1.35853,       1.10860,            0.,"ASSEMBLY_PLATE-1__PICKEDSET2","ROCK","",  -992.343E-03,      -2.26299,      -2.26151,  -993.817E-03,  -43.2447E-03
F:/Desktop/DeepOnet_Abaqus/StaticElasticJob.odb,Step-1,Increment      1: Step Time =    1.000,"PLATE-1",          1085,             1,      -1.33803,       1.00584,            0.,"ASSEMBLY_PLATE-1__PICKEDSET2","ROCK","",  -994.302E-03,      -2.25754,      -2.25575,  -996.094E-03,  -47.5434E-03
F:/Desktop/DeepOnet_Abaqus/StaticElasticJob.odb,Step-1,Increment      1: Step Time =    1.000,"PLATE-1",          1086,             1,      -1.33174,   911.434E-03,            0.,"ASSEMBLY_PLATE-1__PICKEDSET2","ROCK","",  -998.124E-03,      -2.24926,      -2.24707,      -1.00031,  -52.2310E-03
F:/Desktop/DeepOnet_Abaqus/StaticElasticJob.odb,Step-1,Increment      1: Step Time =    1.000,"PLATE-1",          1087,             1,      -1.22846,   873.440E-03,            0.,"ASSEMBLY_PLATE-1__PICKEDSET2","ROCK","",  -995.462E-03,      -2.24936,      -2.24668,  -998.144E-03,  -57.9262E-03
F:/Desktop/DeepOnet_Abaqus/StaticElasticJob.odb,Step-1,Increment      1: Step Time =    1.000,"PLATE-1",          1088,             1,      -1.23514,   994.967E-03,            0.,"ASSEMBLY_PLATE-1__PICKEDSET2","ROCK","",  -989.776E-03,      -2.26073,      -2.25856,  -991.950E-03,  -52.5108E-03
F:/Desktop/DeepOnet_Abaqus/StaticElasticJob.odb,Step-1,Increment      1: Step Time =    1.000,"PLATE-1",          1089,             1,      -1.27261,       1.17083,            0.,"ASSEMBLY_PLATE-1__PICKEDSET2","ROCK","",  -987.292E-03,      -2.26966,      -2.26821,  -988.741E-03,  -43.0770E-03
F:/Desktop/DeepOnet_Abaqus/StaticElasticJob.odb,Step-1,Increment      1: Step Time =    1.000,"PLATE-1",          1090,             1,  -566.781E-03,       1.14859,            0.,"ASSEMBLY_PLATE-1__PICKEDSET2","ROCK","",  -956.393E-03,      -2.32371,      -2.32269,  -957.408E-03,  -37.2293E-03
F:/Desktop/DeepOnet_Abaqus/StaticElasticJob.odb,Step-1,Increment      1: Step Time =    1.000,"PLATE-1",          1091,             1,  -486.260E-03,       1.12795,            0.,"ASSEMBLY_PLATE-1__PICKEDSET2","ROCK","",  -953.925E-03,      -2.33144,      -2.33052,  -954.841E-03,  -35.5051E-03
F:/Desktop/DeepOnet_Abaqus/StaticElasticJob.odb,Step-1,Increment      1: Step Time =    1.000,"PLATE-1",          1092,             1,  -439.416E-03,       1.01493,            0.,"ASSEMBLY_PLATE-1__PICKEDSET2","ROCK","",  -946.229E-03,      -2.34264,      -2.34132,  -947.547E-03,  -42.8783E-03
F:/Desktop/DeepOnet_Abaqus/StaticElasticJob.odb,Step-1,Increment      1: Step Time =    1.000,"PLATE-1",          1093,             1,  -182.643E-03,   749.737E-03,            0.,"ASSEMBLY_PLATE-1__PICKEDSET2","ROCK","",  -929.240E-03,      -2.41002,      -2.40805,  -931.211E-03,  -53.9865E-03
F:/Desktop/DeepOnet_Abaqus/StaticElasticJob.odb,Step-1,Increment      1: Step Time =    1.000,"PLATE-1",          1094,             1,  -245.905E-03,   890.968E-03,            0.,"ASSEMBLY_PLATE-1__PICKEDSET2","ROCK","",  -939.621E-03,      -2.37618,      -2.37498,  -940.825E-03,  -41.5601E-03
F:/Desktop/DeepOnet_Abaqus/StaticElasticJob.odb,Step-1,Increment      1: Step Time =    1.000,"PLATE-1",          1095,             1,   95.3787E-03,       1.15655,            0.,"ASSEMBLY_PLATE-1__PICKEDSET2","ROCK","",  -967.729E-03,      -2.36177,      -2.36176,  -967.733E-03,   2.35560E-03
F:/Desktop/DeepOnet_Abaqus/StaticElasticJob.odb,Step-1,Increment      1: Step Time =    1.000,"PLATE-1",          1096,             1,   807.478E-03,       1.21243,            0.,"ASSEMBLY_PLATE-1__PICKEDSET2","ROCK","",  -998.039E-03,      -2.32900,      -2.32828,  -998.750E-03,   30.7613E-03
F:/Desktop/DeepOnet_Abaqus/StaticElasticJob.odb,Step-1,Increment      1: Step Time =    1.000,"PLATE-1",          1097,             1,       1.01433,   987.743E-03,            0.,"ASSEMBLY_PLATE-1__PICKEDSET2","ROCK","",  -998.586E-03,      -2.32834,      -2.32665,      -1.00027,   47.3036E-03
F:/Desktop/DeepOnet_Abaqus/StaticElasticJob.odb,Step-1,Increment      1: Step Time =    1.000,"PLATE-1",          1098,             1,       1.06255,       1.17109,            0.,"ASSEMBLY_PLATE-1__PICKEDSET2","ROCK","",  -998.574E-03,      -2.31515,      -2.31428,  -999.446E-03,   33.8766E-03
F:/Desktop/DeepOnet_Abaqus/StaticElasticJob.odb,Step-1,Increment      1: Step Time =    1.000,"PLATE-1",          1099,             1,       1.38076,       1.11102,            0.,"ASSEMBLY_PLATE-1__PICKEDSET2","ROCK","",  -995.350E-03,      -2.29872,      -2.29759,  -996.483E-03,   38.4180E-03
F:/Desktop/DeepOnet_Abaqus/StaticElasticJob.odb,Step-1,Increment      1: Step Time =    1.000,"PLATE-1",          1100,             1,       1.30979,       1.16371,            0.,"ASSEMBLY_PLATE-1__PICKEDSET2","ROCK","",  -995.234E-03,      -2.30277,      -2.30179,  -996.210E-03,   35.6972E-03
F:/Desktop/DeepOnet_Abaqus/StaticElasticJob.odb,Step-1,Increment      1: Step Time =    1.000,"PLATE-1",          1101,             1,      -1.56221,       1.25061,            0.,"ASSEMBLY_PLATE-1__PICKEDSET2","ROCK","",  -995.694E-03,      -2.26401,      -2.26309,  -996.607E-03,  -34.0081E-03
F:/Desktop/DeepOnet_Abaqus/StaticElasticJob.odb,Step-1,Increment      1: Step Time =    1.000,"PLATE-1",          1102,             1,      -1.47754,       1.16748,            0.,"ASSEMBLY_PLATE-1__PICKEDSET2","ROCK","",  -995.126E-03,      -2.26221,      -2.26105,  -996.285E-03,  -38.3032E-03
F:/Desktop/DeepOnet_Abaqus/StaticElasticJob.odb,Step-1,Increment      1: Step Time =    1.000,"PLATE-1",          1103,             1,      -1.54775,   957.530E-03,            0.,"ASSEMBLY_PLATE-1__PICKEDSET2","ROCK","",      -1.00407,      -2.24827,      -2.24698,      -1.00537,  -40.1444E-03
F:/Desktop/DeepOnet_Abaqus/StaticElasticJob.odb,Step-1,Increment      1: Step Time =    1.000,"PLATE-1",          1104,             1,      -1.45794,       1.07629,            0.,"ASSEMBLY_PLATE-1__PICKEDSET2","ROCK","",  -997.153E-03,      -2.25739,      -2.25605,  -998.501E-03,  -41.1913E-03
F:/Desktop/DeepOnet_Abaqus/StaticElasticJob.odb,Step-1,Increment      1: Step Time =    1.000,"PLATE-1",          1105,             1,      -1.11198,   845.497E-03,            0.,"ASSEMBLY_PLATE-1__PICKEDSET2","ROCK","",  -988.486E-03,      -2.25337,      -2.24976,  -992.101E-03,  -67.5246E-03
F:/Desktop/DeepOnet_Abaqus/StaticElasticJob.odb,Step-1,Increment      1: Step Time =    1.000,"PLATE-1",          1106,             1,  -560.166E-03,   623.389E-03,            0.,"ASSEMBLY_PLATE-1__PICKEDSET2","ROCK","",  -914.229E-03,      -2.32216,      -2.30875,  -927.642E-03,  -136.762E-03
F:/Desktop/DeepOnet_Abaqus/StaticElasticJob.odb,Step-1,Increment      1: Step Time =    1.000,"PLATE-1",          1107,             1,  -524.511E-03,       1.09485,            0.,"ASSEMBLY_PLATE-1__PICKEDSET2","ROCK","",  -952.112E-03,      -2.32957,      -2.32838,  -953.302E-03,  -40.4769E-03
F:/Desktop/DeepOnet_Abaqus/StaticElasticJob.odb,Step-1,Increment      1: Step Time =    1.000,"PLATE-1",          1108,             1,  -131.985E-03,   748.650E-03,            0.,"ASSEMBLY_PLATE-1__PICKEDSET2","ROCK","",  -933.487E-03,      -2.41405,      -2.41227,  -935.267E-03,  -51.3010E-03
F:/Desktop/DeepOnet_Abaqus/StaticElasticJob.odb,Step-1,Increment      1: Step Time =    1.000,"PLATE-1",          1109,             1,  -67.0033E-03,   791.891E-03,            0.,"ASSEMBLY_PLATE-1__PICKEDSET2","ROCK","",  -938.148E-03,      -2.41464,      -2.41349,  -939.297E-03,  -41.1713E-03
F:/Desktop/DeepOnet_Abaqus/StaticElasticJob.odb,Step-1,Increment      1: Step Time =    1.000,"PLATE-1",          1110,             1,   143.028E-03,   980.836E-03,            0.,"ASSEMBLY_PLATE-1__PICKEDSET2","ROCK","",  -947.353E-03,      -2.39535,      -2.39535,  -947.354E-03,   1.26435E-03
F:/Desktop/DeepOnet_Abaqus/StaticElasticJob.odb,Step-1,Increment      1: Step Time =    1.000,"PLATE-1",          1111,             1,   208.910E-03,   879.797E-03,            0.,"ASSEMBLY_PLATE-1__PICKEDSET2","ROCK","",  -933.421E-03,      -2.43814,      -2.43814,  -933.423E-03,   1.50690E-03
F:/Desktop/DeepOnet_Abaqus/StaticElasticJob.odb,Step-1,Increment      1: Step Time =    1.000,"PLATE-1",          1112,             1,   261.299E-03,   740.424E-03,            0.,"ASSEMBLY_PLATE-1__PICKEDSET2","ROCK","",  -905.178E-03,      -2.48141,      -2.48136,  -905.228E-03,  -8.92911E-03
F:/Desktop/DeepOnet_Abaqus/StaticElasticJob.odb,Step-1,Increment      1: Step Time =    1.000,"PLATE-1",          1113,             1,   146.460E-03,   859.086E-03,            0.,"ASSEMBLY_PLATE-1__PICKEDSET2","ROCK","",  -931.886E-03,      -2.41124,      -2.41124,  -931.888E-03,  -1.73479E-03
F:/Desktop/DeepOnet_Abaqus/StaticElasticJob.odb,Step-1,Increment      1: Step Time =    1.000,"PLATE-1",          1114,             1,   361.452E-03,   837.147E-03,            0.,"ASSEMBLY_PLATE-1__PICKEDSET2","ROCK","",  -921.428E-03,      -2.42713,      -2.42597,  -922.594E-03,   41.8775E-03
F:/Desktop/DeepOnet_Abaqus/StaticElasticJob.odb,Step-1,Increment      1: Step Time =    1.000,"PLATE-1",          1115,             1,   918.162E-03,   748.814E-03,            0.,"ASSEMBLY_PLATE-1__PICKEDSET2","ROCK","",  -995.401E-03,      -2.35788,      -2.35369,  -999.593E-03,   75.4643E-03
F:/Desktop/DeepOnet_Abaqus/StaticElasticJob.odb,Step-1,Increment      1: Step Time =    1.000,"PLATE-1",          1116,             1,   489.514E-03,   907.818E-03,            0.,"ASSEMBLY_PLATE-1__PICKEDSET2","ROCK","",  -968.087E-03,      -2.40990,      -2.40749,  -970.503E-03,   58.9778E-03
F:/Desktop/DeepOnet_Abaqus/StaticElasticJob.odb,Step-1,Increment      1: Step Time =    1.000,"PLATE-1",          1117,             1,   644.209E-03,   872.562E-03,            0.,"ASSEMBLY_PLATE-1__PICKEDSET2","ROCK","",  -996.245E-03,      -2.39026,      -2.38603,      -1.00048,   76.7375E-03
F:/Desktop/DeepOnet_Abaqus/StaticElasticJob.odb,Step-1,Increment      1: Step Time =    1.000,"PLATE-1",          1118,             1,   813.226E-03,   748.126E-03,            0.,"ASSEMBLY_PLATE-1__PICKEDSET2","ROCK","",      -1.01291,      -2.37135,      -2.36638,      -1.01789,   82.0656E-03
F:/Desktop/DeepOnet_Abaqus/StaticElasticJob.odb,Step-1,Increment      1: Step Time =    1.000,"PLATE-1",          1119,             1,   565.711E-03,   893.012E-03,            0.,"ASSEMBLY_PLATE-1__PICKEDSET2","ROCK","",  -969.815E-03,      -2.39692,      -2.39414,  -972.592E-03,   62.8919E-03
F:/Desktop/DeepOnet_Abaqus/StaticElasticJob.odb,Step-1,Increment      1: Step Time =    1.000,"PLATE-1",          1120,             1,   652.147E-03,   954.153E-03,            0.,"ASSEMBLY_PLATE-1__PICKEDSET2","ROCK","",  -988.963E-03,      -2.36779,      -2.36579,  -990.965E-03,   52.4971E-03
F:/Desktop/DeepOnet_Abaqus/StaticElasticJob.odb,Step-1,Increment      1: Step Time =    1.000,"PLATE-1",          1121,             1,   488.820E-03,   996.197E-03,            0.,"ASSEMBLY_PLATE-1__PICKEDSET2","ROCK","",  -970.538E-03,      -2.38147,      -2.38010,  -971.910E-03,   43.9638E-03
F:/Desktop/DeepOnet_Abaqus/StaticElasticJob.odb,Step-1,Increment      1: Step Time =    1.000,"PLATE-1",          1122,             1,   682.246E-03,       1.02270,            0.,"ASSEMBLY_PLATE-1__PICKEDSET2","ROCK","",  -995.452E-03,      -2.35737,      -2.35551,  -997.316E-03,   50.3457E-03
F:/Desktop/DeepOnet_Abaqus/StaticElasticJob.odb,Step-1,Increment      1: Step Time =    1.000,"PLATE-1",          1123,             1,   869.198E-03,       1.11120,            0.,"ASSEMBLY_PLATE-1__PICKEDSET2","ROCK","",  -999.417E-03,      -2.33259,      -2.33143,      -1.00058,   39.3620E-03
F:/Desktop/DeepOnet_Abaqus/StaticElasticJob.odb,Step-1,Increment      1: Step Time =    1.000,"PLATE-1",          1124,             1,       1.02688,   864.122E-03,            0.,"ASSEMBLY_PLATE-1__PICKEDSET2","ROCK","",  -994.021E-03,      -2.33232,      -2.32974,  -996.595E-03,   58.6402E-03
F:/Desktop/DeepOnet_Abaqus/StaticElasticJob.odb,Step-1,Increment      1: Step Time =    1.000,"PLATE-1",          1125,             1,       1.26973,   993.938E-03,            0.,"ASSEMBLY_PLATE-1__PICKEDSET2","ROCK","",  -994.192E-03,      -2.30596,      -2.30416,  -995.991E-03,   48.5479E-03
F:/Desktop/DeepOnet_Abaqus/StaticElasticJob.odb,Step-1,Increment      1: Step Time =    1.000,"PLATE-1",          1126,             1,       1.44127,   935.123E-03,            0.,"ASSEMBLY_PLATE-1__PICKEDSET2","ROCK","",  -996.128E-03,      -2.29104,      -2.28902,  -998.147E-03,   51.0958E-03
F:/Desktop/DeepOnet_Abaqus/StaticElasticJob.odb,Step-1,Increment      1: Step Time =    1.000,"PLATE-1",          1127,             1,       1.03667,       1.08874,            0.,"ASSEMBLY_PLATE-1__PICKEDSET2","ROCK","",  -996.830E-03,      -2.32557,      -2.32446,  -997.938E-03,   38.3591E-03
F:/Desktop/DeepOnet_Abaqus/StaticElasticJob.odb,Step-1,Increment      1: Step Time =    1.000,"PLATE-1",          1128,             1,  -1.61309E-03,       1.01125,            0.,"ASSEMBLY_PLATE-1__PICKEDSET2","ROCK","",  -953.281E-03,      -2.37985,      -2.37975,  -953.389E-03,  -12.3905E-03
F:/Desktop/DeepOnet_Abaqus/StaticElasticJob.odb,Step-1,Increment      1: Step Time =    1.000,"PLATE-1",          1129,             1,  -446.892E-03,       1.08888,            0.,"ASSEMBLY_PLATE-1__PICKEDSET2","ROCK","",  -951.954E-03,      -2.33687,      -2.33595,  -952.880E-03,  -35.7906E-03
F:/Desktop/DeepOnet_Abaqus/StaticElasticJob.odb,Step-1,Increment      1: Step Time =    1.000,"PLATE-1",          1130,             1,  -701.120E-03,       1.07570,            0.,"ASSEMBLY_PLATE-1__PICKEDSET2","ROCK","",  -956.749E-03,      -2.31090,      -2.30897,  -958.680E-03,  -51.0939E-03
F:/Desktop/DeepOnet_Abaqus/StaticElasticJob.odb,Step-1,Increment      1: Step Time =    1.000,"PLATE-1",          1131,             1,      -1.08644,       1.05935,            0.,"ASSEMBLY_PLATE-1__PICKEDSET2","ROCK","",  -979.782E-03,      -2.27393,      -2.27168,  -982.028E-03,  -53.8678E-03
F:/Desktop/DeepOnet_Abaqus/StaticElasticJob.odb,Step-1,Increment      1: Step Time =    1.000,"PLATE-1",          1132,             1,  -503.710E-03,   910.076E-03,            0.,"ASSEMBLY_PLATE-1__PICKEDSET2","ROCK","",  -938.102E-03,      -2.33924,      -2.33647,  -940.874E-03,  -62.2627E-03
F:/Desktop/DeepOnet_Abaqus/StaticElasticJob.odb,Step-1,Increment      1: Step Time =    1.000,"PLATE-1",          1133,             1,      -1.30576,   643.709E-03,            0.,"ASSEMBLY_PLATE-1__PICKEDSET2","ROCK","",      -1.01666,      -2.21781,      -2.21507,      -1.01939,  -57.2083E-03
F:/Desktop/DeepOnet_Abaqus/StaticElasticJob.odb,Step-1,Increment      1: Step Time =    1.000,"PLATE-1",          1134,             1,      -1.39153,   792.111E-03,            0.,"ASSEMBLY_PLATE-1__PICKEDSET2","ROCK","",      -1.00790,      -2.23604,      -2.23399,      -1.00995,  -50.1561E-03
F:/Desktop/DeepOnet_Abaqus/StaticElasticJob.odb,Step-1,Increment      1: Step Time =    1.000,"PLATE-1",          1135,             1,      -1.20033,   594.289E-03,            0.,"ASSEMBLY_PLATE-1__PICKEDSET2","ROCK","",      -1.01648,      -2.21176,      -2.20795,      -1.02028,  -67.3525E-03
F:/Desktop/DeepOnet_Abaqus/StaticElasticJob.odb,Step-1,Increment      1: Step Time =    1.000,"PLATE-1",          1136,             1,      -1.01718,   707.677E-03,            0.,"ASSEMBLY_PLATE-1__PICKEDSET2","ROCK","",  -990.282E-03,      -2.23995,      -2.23423,  -996.007E-03,  -84.3909E-03
F:/Desktop/DeepOnet_Abaqus/StaticElasticJob.odb,Step-1,Increment      1: Step Time =    1.000,"PLATE-1",          1137,             1,   202.049E-03,   616.103E-03,            0.,"ASSEMBLY_PLATE-1__PICKEDSET2","ROCK","",  -869.723E-03,      -2.48900,      -2.48872,  -870.006E-03,  -21.4017E-03
F:/Desktop/DeepOnet_Abaqus/StaticElasticJob.odb,Step-1,Increment      1: Step Time =    1.000,"PLATE-1",          1138,             1,   297.546E-03,   690.341E-03,            0.,"ASSEMBLY_PLATE-1__PICKEDSET2","ROCK","",  -860.349E-03,      -2.50569,      -2.50514,  -860.898E-03,   30.0596E-03
F:/Desktop/DeepOnet_Abaqus/StaticElasticJob.odb,Step-1,Increment      1: Step Time =    1.000,"PLATE-1",          1139,             1,   745.668E-03,   603.418E-03,            0.,"ASSEMBLY_PLATE-1__PICKEDSET2","ROCK","",      -1.04390,      -2.44325,      -2.43188,      -1.05528,   125.662E-03
F:/Desktop/DeepOnet_Abaqus/StaticElasticJob.odb,Step-1,Increment      1: Step Time =    1.000,"PLATE-1",          1140,             1,   715.603E-03,   758.953E-03,            0.,"ASSEMBLY_PLATE-1__PICKEDSET2","ROCK","",      -1.00955,      -2.40398,      -2.39731,      -1.01623,   96.2205E-03
F:/Desktop/DeepOnet_Abaqus/StaticElasticJob.odb,Step-1,Increment      1: Step Time =    1.000,"PLATE-1",          1141,             1,   909.853E-03,   643.790E-03,            0.,"ASSEMBLY_PLATE-1__PICKEDSET2","ROCK","",      -1.01326,      -2.36987,      -2.36227,      -1.02086,   101.231E-03
F:/Desktop/DeepOnet_Abaqus/StaticElasticJob.odb,Step-1,Increment      1: Step Time =    1.000,"PLATE-1",          1142,             1,   817.649E-03,   647.680E-03,            0.,"ASSEMBLY_PLATE-1__PICKEDSET2","ROCK","",  -993.913E-03,      -2.40059,      -2.39403,      -1.00047,   95.8004E-03
F:/Desktop/DeepOnet_Abaqus/StaticElasticJob.odb,Step-1,Increment      1: Step Time =    1.000,"PLATE-1",          1143,             1,   602.752E-03,   701.721E-03,            0.,"ASSEMBLY_PLATE-1__PICKEDSET2","ROCK","",      -1.00403,      -2.43833,      -2.42833,      -1.01403,   119.345E-03
F:/Desktop/DeepOnet_Abaqus/StaticElasticJob.odb,Step-1,Increment      1: Step Time =    1.000,"PLATE-1",          1144,             1,       1.02730,   740.355E-03,            0.,"ASSEMBLY_PLATE-1__PICKEDSET2","ROCK","",  -997.149E-03,      -2.33821,      -2.33338,      -1.00197,   80.3015E-03
F:/Desktop/DeepOnet_Abaqus/StaticElasticJob.odb,Step-1,Increment      1: Step Time =    1.000,"PLATE-1",          1145,             1,       1.21541,   935.148E-03,            0.,"ASSEMBLY_PLATE-1__PICKEDSET2","ROCK","",  -993.570E-03,      -2.31005,      -2.30803,  -995.587E-03,   51.4900E-03
F:/Desktop/DeepOnet_Abaqus/StaticElasticJob.odb,Step-1,Increment      1: Step Time =    1.000,"PLATE-1",          1146,             1,       1.19262,   804.343E-03,            0.,"ASSEMBLY_PLATE-1__PICKEDSET2","ROCK","",  -992.707E-03,      -2.31427,      -2.31069,  -996.281E-03,   68.6388E-03
F:/Desktop/DeepOnet_Abaqus/StaticElasticJob.odb,Step-1,Increment      1: Step Time =    1.000,"PLATE-1",          1147,             1,       1.36133,   534.861E-03,            0.,"ASSEMBLY_PLATE-1__PICKEDSET2","ROCK","",      -1.01446,      -2.24188,      -2.23445,      -1.02189,   95.2210E-03
F:/Desktop/DeepOnet_Abaqus/StaticElasticJob.odb,Step-1,Increment      1: Step Time =    1.000,"PLATE-1",          1148,             1,       1.45131,   638.745E-03,            0.,"ASSEMBLY_PLATE-1__PICKEDSET2","ROCK","",      -1.00897,      -2.25531,      -2.25065,      -1.01363,   76.0752E-03
F:/Desktop/DeepOnet_Abaqus/StaticElasticJob.odb,Step-1,Increment      1: Step Time =    1.000,"PLATE-1",          1149,             1,       1.26483,   743.544E-03,            0.,"ASSEMBLY_PLATE-1__PICKEDSET2","ROCK","",  -992.063E-03,      -2.29759,      -2.29273,  -996.915E-03,   79.4419E-03
F:/Desktop/DeepOnet_Abaqus/StaticElasticJob.odb,Step-1,Increment      1: Step Time =    1.000,"PLATE-1",          1150,             1,      -1.17620,   399.014E-03,            0.,"ASSEMBLY_PLATE-1__PICKEDSET2","ROCK","",      -1.04309,      -2.17124,      -2.16795,      -1.04638,  -60.8776E-03
F:/Desktop/DeepOnet_Abaqus/StaticElasticJob.odb,Step-1,Increment      1: Step Time =    1.000,"PLATE-1",          1151,             1,      -1.28329,   507.325E-03,            0.,"ASSEMBLY_PLATE-1__PICKEDSET2","ROCK","",      -1.02931,      -2.19878,      -2.19623,      -1.03185,  -54.4897E-03
F:/Desktop/DeepOnet_Abaqus/StaticElasticJob.odb,Step-1,Increment      1: Step Time =    1.000,"PLATE-1",          1152,             1,  -314.279E-03,   630.138E-03,            0.,"ASSEMBLY_PLATE-1__PICKEDSET2","ROCK","",  -894.271E-03,      -2.41241,      -2.40547,  -901.206E-03,  -102.373E-03
F:/Desktop/DeepOnet_Abaqus/StaticElasticJob.odb,Step-1,Increment      1: Step Time =    1.000,"PLATE-1",          1153,             1,  -150.865E-03,   475.185E-03,            0.,"ASSEMBLY_PLATE-1__PICKEDSET2","ROCK","",  -872.278E-03,      -2.56436,      -2.55634,  -880.288E-03,  -116.144E-03
F:/Desktop/DeepOnet_Abaqus/StaticElasticJob.odb,Step-1,Increment      1: Step Time =    1.000,"PLATE-1",          1154,             1,   52.7213E-03,   523.043E-03,            0.,"ASSEMBLY_PLATE-1__PICKEDSET2","ROCK","",  -908.634E-03,      -2.56082,      -2.55844,  -911.014E-03,  -62.6596E-03
F:/Desktop/DeepOnet_Abaqus/StaticElasticJob.odb,Step-1,Increment      1: Step Time =    1.000,"PLATE-1",          1155,             1,   689.448E-03,   526.404E-03,            0.,"ASSEMBLY_PLATE-1__PICKEDSET2","ROCK","",      -1.03529,      -2.42325,      -2.40975,      -1.04879,   136.175E-03
F:/Desktop/DeepOnet_Abaqus/StaticElasticJob.odb,Step-1,Increment      1: Step Time =    1.000,"PLATE-1",          1156,             1,   813.073E-03,   561.591E-03,            0.,"ASSEMBLY_PLATE-1__PICKEDSET2","ROCK","",      -1.00795,      -2.43548,      -2.42342,      -1.02001,   130.658E-03
F:/Desktop/DeepOnet_Abaqus/StaticElasticJob.odb,Step-1,Increment      1: Step Time =    1.000,"PLATE-1",          1157,             1,   897.026E-03,   550.883E-03,            0.,"ASSEMBLY_PLATE-1__PICKEDSET2","ROCK","",  -973.925E-03,      -2.39854,      -2.38191,  -990.562E-03,   153.052E-03
F:/Desktop/DeepOnet_Abaqus/StaticElasticJob.odb,Step-1,Increment      1: Step Time =    1.000,"PLATE-1",          1158,             1,       1.23107,   602.589E-03,            0.,"ASSEMBLY_PLATE-1__PICKEDSET2","ROCK","",  -995.494E-03,      -2.27863,      -2.26938,      -1.00475,   108.576E-03
F:/Desktop/DeepOnet_Abaqus/StaticElasticJob.odb,Step-1,Increment      1: Step Time =    1.000,"PLATE-1",          1159,             1,       1.26607,   505.113E-03,            0.,"ASSEMBLY_PLATE-1__PICKEDSET2","ROCK","",      -1.01382,      -2.23592,      -2.22460,      -1.02515,   117.115E-03
F:/Desktop/DeepOnet_Abaqus/StaticElasticJob.odb,Step-1,Increment      1: Step Time =    1.000,"PLATE-1",          1160,             1,       1.37473,   450.670E-03,            0.,"ASSEMBLY_PLATE-1__PICKEDSET2","ROCK","",      -1.03304,      -2.20696,      -2.19896,      -1.04105,   96.5848E-03
F:/Desktop/DeepOnet_Abaqus/StaticElasticJob.odb,Step-1,Increment      1: Step Time =    1.000,"PLATE-1",          1161,             1,       1.55089,   646.647E-03,            0.,"ASSEMBLY_PLATE-1__PICKEDSET2","ROCK","",      -1.01291,      -2.25065,      -2.24704,      -1.01652,   66.7044E-03
F:/Desktop/DeepOnet_Abaqus/StaticElasticJob.odb,Step-1,Increment      1: Step Time =    1.000,"PLATE-1",          1162,             1,      -1.39116,   244.916E-03,            0.,"ASSEMBLY_PLATE-1__PICKEDSET2","ROCK","",      -1.05286,      -2.17386,      -2.17349,      -1.05324,  -20.5370E-03
F:/Desktop/DeepOnet_Abaqus/StaticElasticJob.odb,Step-1,Increment      1: Step Time =    1.000,"PLATE-1",          1163,             1,      -1.44582,   339.624E-03,            0.,"ASSEMBLY_PLATE-1__PICKEDSET2","ROCK","",      -1.04209,      -2.19115,      -2.19050,      -1.04274,  -27.2529E-03
F:/Desktop/DeepOnet_Abaqus/StaticElasticJob.odb,Step-1,Increment      1: Step Time =    1.000,"PLATE-1",          1164,             1,      -1.34641,   536.098E-03,            0.,"ASSEMBLY_PLATE-1__PICKEDSET2","ROCK","",      -1.02765,      -2.20408,      -2.20195,      -1.02978,  -50.0281E-03
F:/Desktop/DeepOnet_Abaqus/StaticElasticJob.odb,Step-1,Increment      1: Step Time =    1.000,"PLATE-1",          1165,             1,      -1.20406,   253.234E-03,            0.,"ASSEMBLY_PLATE-1__PICKEDSET2","ROCK","",      -1.06179,      -2.15050,      -2.14935,      -1.06294,  -35.4482E-03
F:/Desktop/DeepOnet_Abaqus/StaticElasticJob.odb,Step-1,Increment      1: Step Time =    1.000,"PLATE-1",          1166,             1,      -1.22522,   179.413E-03,            0.,"ASSEMBLY_PLATE-1__PICKEDSET2","ROCK","",      -1.06635,      -2.14718,      -2.14672,      -1.06681,  -22.2819E-03
F:/Desktop/DeepOnet_Abaqus/StaticElasticJob.odb,Step-1,Increment      1: Step Time =    1.000,"PLATE-1",          1167,             1,  -934.300E-03,   304.523E-03,            0.,"ASSEMBLY_PLATE-1__PICKEDSET2","ROCK","",      -1.06202,      -2.11713,      -2.10896,      -1.07019,  -92.5007E-03
F:/Desktop/DeepOnet_Abaqus/StaticElasticJob.odb,Step-1,Increment      1: Step Time =    1.000,"PLATE-1",          1168,             1,  -746.273E-03,   192.033E-03,            0.,"ASSEMBLY_PLATE-1__PICKEDSET2","ROCK","",      -1.10886,      -2.00275,      -1.98319,      -1.12842,  -130.780E-03
F:/Desktop/DeepOnet_Abaqus/StaticElasticJob.odb,Step-1,Increment      1: Step Time =    1.000,"PLATE-1",          1169,             1,  -788.317E-03,   267.467E-03,            0.,"ASSEMBLY_PLATE-1__PICKEDSET2","ROCK","",      -1.07094,      -2.07211,      -2.05385,      -1.08920,  -133.970E-03
F:/Desktop/DeepOnet_Abaqus/StaticElasticJob.odb,Step-1,Increment      1: Step Time =    1.000,"PLATE-1",          1170,             1,  -776.509E-03,   136.675E-03,            0.,"ASSEMBLY_PLATE-1__PICKEDSET2","ROCK","",      -1.14133,      -1.97681,      -1.96974,      -1.14841,  -76.5408E-03
F:/Desktop/DeepOnet_Abaqus/StaticElasticJob.odb,Step-1,Increment      1: Step Time =    1.000,"PLATE-1",          1171,             1,  -766.648E-03,  -136.478E-03,            0.,"ASSEMBLY_PLATE-1__PICKEDSET2","ROCK","",      -1.12223,      -2.04204,      -2.02327,      -1.14100,   130.051E-03
F:/Desktop/DeepOnet_Abaqus/StaticElasticJob.odb,Step-1,Increment      1: Step Time =    1.000,"PLATE-1",          1172,             1,  -752.896E-03,  -48.0610E-03,            0.,"ASSEMBLY_PLATE-1__PICKEDSET2","ROCK","",      -1.16807,      -1.96198,      -1.95477,      -1.17527,   75.2825E-03
F:/Desktop/DeepOnet_Abaqus/StaticElasticJob.odb,Step-1,Increment      1: Step Time =    1.000,"PLATE-1",          1173,             1,  -572.039E-03,   38.9053E-03,            0.,"ASSEMBLY_PLATE-1__PICKEDSET2","ROCK","",      -1.28573,      -1.68760,      -1.68099,      -1.29233,  -51.0949E-03
F:/Desktop/DeepOnet_Abaqus/StaticElasticJob.odb,Step-1,Increment      1: Step Time =    1.000,"PLATE-1",          1174,             1,  -578.025E-03,   224.707E-03,            0.,"ASSEMBLY_PLATE-1__PICKEDSET2","ROCK","",      -1.01210,      -2.03153,      -1.94801,      -1.09563,  -279.592E-03
F:/Desktop/DeepOnet_Abaqus/StaticElasticJob.odb,Step-1,Increment      1: Step Time =    1.000,"PLATE-1",          1175,             1,   771.102E-03,   382.294E-03,            0.,"ASSEMBLY_PLATE-1__PICKEDSET2","ROCK","",  -913.416E-03,      -2.71200,      -2.69430,  -931.118E-03,   177.556E-03
F:/Desktop/DeepOnet_Abaqus/StaticElasticJob.odb,Step-1,Increment      1: Step Time =    1.000,"PLATE-1",          1176,             1,   969.762E-03,   335.202E-03,            0.,"ASSEMBLY_PLATE-1__PICKEDSET2","ROCK","",      -1.01200,      -2.17867,      -2.07779,      -1.11288,   327.898E-03
F:/Desktop/DeepOnet_Abaqus/StaticElasticJob.odb,Step-1,Increment      1: Step Time =    1.000,"PLATE-1",          1177,             1,   981.534E-03,   458.926E-03,            0.,"ASSEMBLY_PLATE-1__PICKEDSET2","ROCK","",  -940.144E-03,      -2.39199,      -2.36709,  -965.049E-03,   188.513E-03
F:/Desktop/DeepOnet_Abaqus/StaticElasticJob.odb,Step-1,Increment      1: Step Time =    1.000,"PLATE-1",          1178,             1,       1.26148,   51.2827E-03,            0.,"ASSEMBLY_PLATE-1__PICKEDSET2","ROCK","",      -1.11585,      -2.04587,      -2.04572,      -1.11600,  -11.6261E-03
F:/Desktop/DeepOnet_Abaqus/StaticElasticJob.odb,Step-1,Increment      1: Step Time =    1.000,"PLATE-1",          1179,             1,       1.17918,   339.700E-03,            0.,"ASSEMBLY_PLATE-1__PICKEDSET2","ROCK","",      -1.06616,      -2.15214,      -2.13491,      -1.08339,   135.706E-03
F:/Desktop/DeepOnet_Abaqus/StaticElasticJob.odb,Step-1,Increment      1: Step Time =    1.000,"PLATE-1",          1180,             1,       1.20186,   433.102E-03,            0.,"ASSEMBLY_PLATE-1__PICKEDSET2","ROCK","",      -1.02764,      -2.20750,      -2.19146,      -1.04368,   136.610E-03
F:/Desktop/DeepOnet_Abaqus/StaticElasticJob.odb,Step-1,Increment      1: Step Time =    1.000,"PLATE-1",          1181,             1,       1.23556,   244.792E-03,            0.,"ASSEMBLY_PLATE-1__PICKEDSET2","ROCK","",      -1.09123,      -2.10203,      -2.09057,      -1.10269,   107.022E-03
F:/Desktop/DeepOnet_Abaqus/StaticElasticJob.odb,Step-1,Increment      1: Step Time =    1.000,"PLATE-1",          1182,             1,       1.35923,   140.282E-03,            0.,"ASSEMBLY_PLATE-1__PICKEDSET2","ROCK","",      -1.09636,      -2.09380,      -2.09292,      -1.09724,   29.6853E-03
F:/Desktop/DeepOnet_Abaqus/StaticElasticJob.odb,Step-1,Increment      1: Step Time =    1.000,"PLATE-1",          1183,             1,       1.27833,   138.954E-03,            0.,"ASSEMBLY_PLATE-1__PICKEDSET2","ROCK","",      -1.11019,      -2.05072,      -2.04891,      -1.11200,   41.2117E-03
F:/Desktop/DeepOnet_Abaqus/StaticElasticJob.odb,Step-1,Increment      1: Step Time =    1.000,"PLATE-1",          1184,             1,  -907.713E-03,   375.481E-03,            0.,"ASSEMBLY_PLATE-1__PICKEDSET2","ROCK","",      -1.04038,      -2.14228,      -2.13093,      -1.05172,  -111.238E-03
F:/Desktop/DeepOnet_Abaqus/StaticElasticJob.odb,Step-1,Increment      1: Step Time =    1.000,"PLATE-1",          1185,             1,  -872.043E-03,   227.033E-03,            0.,"ASSEMBLY_PLATE-1__PICKEDSET2","ROCK","",      -1.08892,      -2.06925,      -2.06080,      -1.09737,  -90.6517E-03
F:/Desktop/DeepOnet_Abaqus/StaticElasticJob.odb,Step-1,Increment      1: Step Time =    1.000,"PLATE-1",          1186,             1,      -1.36735,   320.241E-03,            0.,"ASSEMBLY_PLATE-1__PICKEDSET2","ROCK","",      -1.04725,      -2.17866,      -2.17774,      -1.04818,  -32.3875E-03
F:/Desktop/DeepOnet_Abaqus/StaticElasticJob.odb,Step-1,Increment      1: Step Time =    1.000,"PLATE-1",          1187,             1,      -1.23651,   359.654E-03,            0.,"ASSEMBLY_PLATE-1__PICKEDSET2","ROCK","",      -1.04765,      -2.17074,      -2.16878,      -1.04961,  -46.9388E-03
F:/Desktop/DeepOnet_Abaqus/StaticElasticJob.odb,Step-1,Increment      1: Step Time =    1.000,"PLATE-1",          1188,             1,       1.28688,   391.657E-03,            0.,"ASSEMBLY_PLATE-1__PICKEDSET2","ROCK","",      -1.04630,      -2.18177,      -2.17208,      -1.05599,   104.439E-03
F:/Desktop/DeepOnet_Abaqus/StaticElasticJob.odb,Step-1,Increment      1: Step Time =    1.000,"PLATE-1",          1189,             1,      -1.34332,  -152.226E-03,            0.,"ASSEMBLY_PLATE-1__PICKEDSET2","ROCK","",      -1.05445,      -2.17934,      -2.17818,      -1.05562,   36.1685E-03
F:/Desktop/DeepOnet_Abaqus/StaticElasticJob.odb,Step-1,Increment      1: Step Time =    1.000,"PLATE-1",          1190,             1,      -1.14927,  -73.6725E-03,            0.,"ASSEMBLY_PLATE-1__PICKEDSET2","ROCK","",      -1.07754,      -2.13627,      -2.13513,      -1.07868,   34.7094E-03
F:/Desktop/DeepOnet_Abaqus/StaticElasticJob.odb,Step-1,Increment      1: Step Time =    1.000,"PLATE-1",          1191,             1,      -1.08201,  -97.0556E-03,            0.,"ASSEMBLY_PLATE-1__PICKEDSET2","ROCK","",      -1.08368,      -2.12447,      -2.12241,      -1.08574,   46.2803E-03
F:/Desktop/DeepOnet_Abaqus/StaticElasticJob.odb,Step-1,Increment      1: Step Time =    1.000,"PLATE-1",          1192,             1,  -938.748E-03,  -117.228E-03,            0.,"ASSEMBLY_PLATE-1__PICKEDSET2","ROCK","",      -1.10136,      -2.08987,      -2.08437,      -1.10685,   73.4884E-03
F:/Desktop/DeepOnet_Abaqus/StaticElasticJob.odb,Step-1,Increment      1: Step Time =    1.000,"PLATE-1",          1193,             1,      -1.10532,  -11.0600E-03,            0.,"ASSEMBLY_PLATE-1__PICKEDSET2","ROCK","",      -1.08627,      -2.11856,      -2.11814,      -1.08668,   20.6358E-03
F:/Desktop/DeepOnet_Abaqus/StaticElasticJob.odb,Step-1,Increment      1: Step Time =    1.000,"PLATE-1",          1194,             1,      -1.14289,   44.0873E-03,            0.,"ASSEMBLY_PLATE-1__PICKEDSET2","ROCK","",      -1.08153,      -2.12593,      -2.12588,      -1.08158,   6.73561E-03
F:/Desktop/DeepOnet_Abaqus/StaticElasticJob.odb,Step-1,Increment      1: Step Time =    1.000,"PLATE-1",          1195,             1,      -1.34625,  -247.136E-03,            0.,"ASSEMBLY_PLATE-1__PICKEDSET2","ROCK","",      -1.04620,      -2.19357,      -2.19166,      -1.04810,   46.7273E-03
F:/Desktop/DeepOnet_Abaqus/StaticElasticJob.odb,Step-1,Increment      1: Step Time =    1.000,"PLATE-1",          1196,             1,      -1.34978,  -342.575E-03,            0.,"ASSEMBLY_PLATE-1__PICKEDSET2","ROCK","",      -1.03771,      -2.20847,      -2.20611,      -1.04008,   52.6045E-03
F:/Desktop/DeepOnet_Abaqus/StaticElasticJob.odb,Step-1,Increment      1: Step Time =    1.000,"PLATE-1",          1197,             1,      -1.23639,  -429.734E-03,            0.,"ASSEMBLY_PLATE-1__PICKEDSET2","ROCK","",      -1.02949,      -2.22153,      -2.21769,      -1.03333,   67.5957E-03
F:/Desktop/DeepOnet_Abaqus/StaticElasticJob.odb,Step-1,Increment      1: Step Time =    1.000,"PLATE-1",          1198,             1,  -923.850E-03,  -731.910E-03,            0.,"ASSEMBLY_PLATE-1__PICKEDSET2","ROCK","",  -993.311E-03,      -2.29345,      -2.28886,  -997.897E-03,   77.0805E-03
F:/Desktop/DeepOnet_Abaqus/StaticElasticJob.odb,Step-1,Increment      1: Step Time =    1.000,"PLATE-1",          1199,             1,  -775.530E-03,  -950.098E-03,            0.,"ASSEMBLY_PLATE-1__PICKEDSET2","ROCK","",  -987.139E-03,      -2.32085,      -2.31875,  -989.237E-03,   52.8503E-03
F:/Desktop/DeepOnet_Abaqus/StaticElasticJob.odb,Step-1,Increment      1: Step Time =    1.000,"PLATE-1",          1200,             1,  -637.521E-03,      -1.08446,            0.,"ASSEMBLY_PLATE-1__PICKEDSET2","ROCK","",  -988.480E-03,      -2.32909,      -2.32798,  -989.597E-03,   38.6741E-03
F:/Desktop/DeepOnet_Abaqus/StaticElasticJob.odb,Step-1,Increment      1: Step Time =    1.000,"PLATE-1",          1201,             1,  -407.521E-03,      -1.20075,            0.,"ASSEMBLY_PLATE-1__PICKEDSET2","ROCK","",  -990.681E-03,      -2.33572,      -2.33526,  -991.141E-03,   24.8537E-03
F:/Desktop/DeepOnet_Abaqus/StaticElasticJob.odb,Step-1,Increment      1: Step Time =    1.000,"PLATE-1",          1202,             1,  -324.531E-03,      -1.29545,            0.,"ASSEMBLY_PLATE-1__PICKEDSET2","ROCK","",  -992.809E-03,      -2.33155,      -2.33130,  -993.059E-03,   18.3040E-03
F:/Desktop/DeepOnet_Abaqus/StaticElasticJob.odb,Step-1,Increment      1: Step Time =    1.000,"PLATE-1",          1203,             1,      -1.14383,  -353.305E-03,            0.,"ASSEMBLY_PLATE-1__PICKEDSET2","ROCK","",      -1.04064,      -2.20041,      -2.19525,      -1.04580,   77.1668E-03
F:/Desktop/DeepOnet_Abaqus/StaticElasticJob.odb,Step-1,Increment      1: Step Time =    1.000,"PLATE-1",          1204,             1,      -1.07197,  -437.436E-03,            0.,"ASSEMBLY_PLATE-1__PICKEDSET2","ROCK","",      -1.02646,      -2.22376,      -2.21703,      -1.03319,   89.5524E-03
F:/Desktop/DeepOnet_Abaqus/StaticElasticJob.odb,Step-1,Increment      1: Step Time =    1.000,"PLATE-1",          1205,             1,  -884.595E-03,  -647.727E-03,            0.,"ASSEMBLY_PLATE-1__PICKEDSET2","ROCK","",  -994.490E-03,      -2.29032,      -2.28368,      -1.00113,   92.5132E-03
F:/Desktop/DeepOnet_Abaqus/StaticElasticJob.odb,Step-1,Increment      1: Step Time =    1.000,"PLATE-1",          1206,             1,  -754.181E-03,  -784.964E-03,            0.,"ASSEMBLY_PLATE-1__PICKEDSET2","ROCK","",  -984.719E-03,      -2.32354,      -2.31932,  -988.944E-03,   75.0887E-03
F:/Desktop/DeepOnet_Abaqus/StaticElasticJob.odb,Step-1,Increment      1: Step Time =    1.000,"PLATE-1",          1207,             1,  -597.715E-03,      -1.00777,            0.,"ASSEMBLY_PLATE-1__PICKEDSET2","ROCK","",  -986.213E-03,      -2.33712,      -2.33563,  -987.705E-03,   44.8688E-03
F:/Desktop/DeepOnet_Abaqus/StaticElasticJob.odb,Step-1,Increment      1: Step Time =    1.000,"PLATE-1",          1208,             1,  -372.389E-03,      -1.02873,            0.,"ASSEMBLY_PLATE-1__PICKEDSET2","ROCK","",  -983.993E-03,      -2.35734,      -2.35638,  -984.958E-03,   36.3890E-03
F:/Desktop/DeepOnet_Abaqus/StaticElasticJob.odb,Step-1,Increment      1: Step Time =    1.000,"PLATE-1",          1209,             1,  -325.117E-03,      -1.20621,            0.,"ASSEMBLY_PLATE-1__PICKEDSET2","ROCK","",  -990.227E-03,      -2.33952,      -2.33916,  -990.584E-03,   21.9454E-03
F:/Desktop/DeepOnet_Abaqus/StaticElasticJob.odb,Step-1,Increment      1: Step Time =    1.000,"PLATE-1",          1210,             1,  -244.927E-03,      -1.20652,            0.,"ASSEMBLY_PLATE-1__PICKEDSET2","ROCK","",  -989.344E-03,      -2.34324,      -2.34297,  -989.614E-03,   19.1018E-03
F:/Desktop/DeepOnet_Abaqus/StaticElasticJob.odb,Step-1,Increment      1: Step Time =    1.000,"PLATE-1",          1211,             1,      -1.01110,  -406.397E-03,            0.,"ASSEMBLY_PLATE-1__PICKEDSET2","ROCK","",      -1.03008,      -2.21727,      -2.20873,      -1.03862,   100.340E-03
F:/Desktop/DeepOnet_Abaqus/StaticElasticJob.odb,Step-1,Increment      1: Step Time =    1.000,"PLATE-1",          1212,             1,  -778.379E-03,  -608.076E-03,            0.,"ASSEMBLY_PLATE-1__PICKEDSET2","ROCK","",  -989.275E-03,      -2.30434,      -2.29543,  -998.182E-03,   107.859E-03
F:/Desktop/DeepOnet_Abaqus/StaticElasticJob.odb,Step-1,Increment      1: Step Time =    1.000,"PLATE-1",          1213,             1,  -601.816E-03,  -749.073E-03,            0.,"ASSEMBLY_PLATE-1__PICKEDSET2","ROCK","",  -979.455E-03,      -2.35111,      -2.34591,  -984.657E-03,   84.3053E-03
F:/Desktop/DeepOnet_Abaqus/StaticElasticJob.odb,Step-1,Increment      1: Step Time =    1.000,"PLATE-1",          1214,             1,  -466.881E-03,  -899.070E-03,            0.,"ASSEMBLY_PLATE-1__PICKEDSET2","ROCK","",  -980.362E-03,      -2.36312,      -2.36094,  -982.540E-03,   54.8276E-03
F:/Desktop/DeepOnet_Abaqus/StaticElasticJob.odb,Step-1,Increment      1: Step Time =    1.000,"PLATE-1",          1215,             1,  -310.074E-03,      -1.04431,            0.,"ASSEMBLY_PLATE-1__PICKEDSET2","ROCK","",  -983.338E-03,      -2.36084,      -2.36007,  -984.105E-03,   32.4864E-03
F:/Desktop/DeepOnet_Abaqus/StaticElasticJob.odb,Step-1,Increment      1: Step Time =    1.000,"PLATE-1",          1216,             1,  -177.396E-03,      -1.12094,            0.,"ASSEMBLY_PLATE-1__PICKEDSET2","ROCK","",  -984.047E-03,      -2.35800,      -2.35770,  -984.347E-03,   20.3025E-03
F:/Desktop/DeepOnet_Abaqus/StaticElasticJob.odb,Step-1,Increment      1: Step Time =    1.000,"PLATE-1",          1217,             1,      -1.00285,  -265.042E-03,            0.,"ASSEMBLY_PLATE-1__PICKEDSET2","ROCK","",      -1.05843,      -2.16560,      -2.15754,      -1.06650,   94.1383E-03
F:/Desktop/DeepOnet_Abaqus/StaticElasticJob.odb,Step-1,Increment      1: Step Time =    1.000,"PLATE-1",          1218,             1,  -792.048E-03,  -503.535E-03,            0.,"ASSEMBLY_PLATE-1__PICKEDSET2","ROCK","",  -998.837E-03,      -2.27821,      -2.26516,      -1.01189,   128.573E-03
F:/Desktop/DeepOnet_Abaqus/StaticElasticJob.odb,Step-1,Increment      1: Step Time =    1.000,"PLATE-1",          1219,             1,  -636.630E-03,  -574.805E-03,            0.,"ASSEMBLY_PLATE-1__PICKEDSET2","ROCK","",  -979.766E-03,      -2.33941,      -2.32756,  -991.619E-03,   126.392E-03
F:/Desktop/DeepOnet_Abaqus/StaticElasticJob.odb,Step-1,Increment      1: Step Time =    1.000,"PLATE-1",          1220,             1,  -586.187E-03,  -835.943E-03,            0.,"ASSEMBLY_PLATE-1__PICKEDSET2","ROCK","",  -980.920E-03,      -2.35113,      -2.34775,  -984.293E-03,   67.9008E-03
F:/Desktop/DeepOnet_Abaqus/StaticElasticJob.odb,Step-1,Increment      1: Step Time =    1.000,"PLATE-1",          1221,             1,  -319.736E-03,  -887.731E-03,            0.,"ASSEMBLY_PLATE-1__PICKEDSET2","ROCK","",  -973.680E-03,      -2.38758,      -2.38584,  -975.414E-03,   49.4817E-03
F:/Desktop/DeepOnet_Abaqus/StaticElasticJob.odb,Step-1,Increment      1: Step Time =    1.000,"PLATE-1",          1222,             1,  -193.658E-03,  -967.196E-03,            0.,"ASSEMBLY_PLATE-1__PICKEDSET2","ROCK","",  -974.402E-03,      -2.38389,      -2.38321,  -975.080E-03,   30.9099E-03
F:/Desktop/DeepOnet_Abaqus/StaticElasticJob.odb,Step-1,Increment      1: Step Time =    1.000,"PLATE-1",          1223,             1,  -771.311E-03,  -301.294E-03,            0.,"ASSEMBLY_PLATE-1__PICKEDSET2","ROCK","",      -1.04213,      -2.18444,      -2.15972,      -1.06684,   166.201E-03
F:/Desktop/DeepOnet_Abaqus/StaticElasticJob.odb,Step-1,Increment      1: Step Time =    1.000,"PLATE-1",          1224,             1,  -684.487E-03,  -513.221E-03,            0.,"ASSEMBLY_PLATE-1__PICKEDSET2","ROCK","",  -988.023E-03,      -2.30872,      -2.29369,      -1.00306,   140.122E-03
F:/Desktop/DeepOnet_Abaqus/StaticElasticJob.odb,Step-1,Increment      1: Step Time =    1.000,"PLATE-1",          1225,             1,  -416.882E-03,  -639.915E-03,            0.,"ASSEMBLY_PLATE-1__PICKEDSET2","ROCK","",  -967.193E-03,      -2.41339,      -2.40405,  -976.531E-03,   115.832E-03
F:/Desktop/DeepOnet_Abaqus/StaticElasticJob.odb,Step-1,Increment      1: Step Time =    1.000,"PLATE-1",          1226,             1,  -395.367E-03,  -773.275E-03,            0.,"ASSEMBLY_PLATE-1__PICKEDSET2","ROCK","",  -972.208E-03,      -2.39343,      -2.38937,  -976.268E-03,   75.8493E-03
F:/Desktop/DeepOnet_Abaqus/StaticElasticJob.odb,Step-1,Increment      1: Step Time =    1.000,"PLATE-1",          1227,             1,  -167.515E-03,  -738.741E-03,            0.,"ASSEMBLY_PLATE-1__PICKEDSET2","ROCK","",  -942.140E-03,      -2.45813,      -2.45536,  -944.909E-03,   64.7282E-03
F:/Desktop/DeepOnet_Abaqus/StaticElasticJob.odb,Step-1,Increment      1: Step Time =    1.000,"PLATE-1",          1228,             1,  -617.150E-03,  -289.232E-03,            0.,"ASSEMBLY_PLATE-1__PICKEDSET2","ROCK","",      -1.01237,      -2.23094,      -2.17792,      -1.06539,   248.597E-03
F:/Desktop/DeepOnet_Abaqus/StaticElasticJob.odb,Step-1,Increment      1: Step Time =    1.000,"PLATE-1",          1229,             1,  -385.627E-03,  -498.781E-03,            0.,"ASSEMBLY_PLATE-1__PICKEDSET2","ROCK","",  -960.137E-03,      -2.45987,      -2.43685,  -983.166E-03,   184.409E-03
F:/Desktop/DeepOnet_Abaqus/StaticElasticJob.odb,Step-1,Increment      1: Step Time =    1.000,"PLATE-1",          1230,             1,  -248.615E-03,  -518.695E-03,            0.,"ASSEMBLY_PLATE-1__PICKEDSET2","ROCK","",  -913.442E-03,      -2.54979,      -2.52874,  -934.495E-03,   184.410E-03
F:/Desktop/DeepOnet_Abaqus/StaticElasticJob.odb,Step-1,Increment      1: Step Time =    1.000,"PLATE-1",          1231,             1,   158.324E-03,  -203.510E-03,            0.,"ASSEMBLY_PLATE-1__PICKEDSET2","ROCK","",  -95.4226E-03,      -3.44997,      -3.32544,  -219.954E-03,  -634.222E-03
F:/Desktop/DeepOnet_Abaqus/StaticElasticJob.odb,Step-1,Increment      1: Step Time =    1.000,"PLATE-1",          1232,             1,   324.960E-03,  -546.464E-03,            0.,"ASSEMBLY_PLATE-1__PICKEDSET2","ROCK","",  -908.755E-03,      -2.49510,      -2.48128,  -922.575E-03,  -147.421E-03
F:/Desktop/DeepOnet_Abaqus/StaticElasticJob.odb,Step-1,Increment      1: Step Time =    1.000,"PLATE-1",          1233,             1,   448.595E-03,  -608.965E-03,            0.,"ASSEMBLY_PLATE-1__PICKEDSET2","ROCK","",  -940.580E-03,      -2.41481,      -2.40625,  -949.142E-03,  -112.019E-03
F:/Desktop/DeepOnet_Abaqus/StaticElasticJob.odb,Step-1,Increment      1: Step Time =    1.000,"PLATE-1",          1234,             1,   843.229E-03,  -970.157E-03,            0.,"ASSEMBLY_PLATE-1__PICKEDSET2","ROCK","",  -961.298E-03,      -2.32245,      -2.32066,  -963.080E-03,  -49.2098E-03
F:/Desktop/DeepOnet_Abaqus/StaticElasticJob.odb,Step-1,Increment      1: Step Time =    1.000,"PLATE-1",          1235,             1,   927.506E-03,  -924.399E-03,            0.,"ASSEMBLY_PLATE-1__PICKEDSET2","ROCK","",  -960.507E-03,      -2.31466,      -2.31234,  -962.834E-03,  -56.0937E-03
F:/Desktop/DeepOnet_Abaqus/StaticElasticJob.odb,Step-1,Increment      1: Step Time =    1.000,"PLATE-1",          1236,             1,       1.14098,  -925.961E-03,            0.,"ASSEMBLY_PLATE-1__PICKEDSET2","ROCK","",  -969.065E-03,      -2.29123,      -2.28849,  -971.808E-03,  -60.1687E-03
F:/Desktop/DeepOnet_Abaqus/StaticElasticJob.odb,Step-1,Increment      1: Step Time =    1.000,"PLATE-1",          1237,             1,       1.08047,      -1.02756,            0.,"ASSEMBLY_PLATE-1__PICKEDSET2","ROCK","",  -968.383E-03,      -2.30114,      -2.29930,  -970.217E-03,  -49.4105E-03
F:/Desktop/DeepOnet_Abaqus/StaticElasticJob.odb,Step-1,Increment      1: Step Time =    1.000,"PLATE-1",          1238,             1,       1.04907,  -761.591E-03,            0.,"ASSEMBLY_PLATE-1__PICKEDSET2","ROCK","",  -961.897E-03,      -2.29121,      -2.28672,  -966.389E-03,  -77.1427E-03
F:/Desktop/DeepOnet_Abaqus/StaticElasticJob.odb,Step-1,Increment      1: Step Time =    1.000,"PLATE-1",          1239,             1,       1.08985,  -592.895E-03,            0.,"ASSEMBLY_PLATE-1__PICKEDSET2","ROCK","",  -966.353E-03,      -2.26512,      -2.25768,  -973.793E-03,  -98.0129E-03
F:/Desktop/DeepOnet_Abaqus/StaticElasticJob.odb,Step-1,Increment      1: Step Time =    1.000,"PLATE-1",          1240,             1,       1.05672,  -478.575E-03,            0.,"ASSEMBLY_PLATE-1__PICKEDSET2","ROCK","",  -964.997E-03,      -2.24544,      -2.23427,  -976.171E-03,  -119.095E-03
F:/Desktop/DeepOnet_Abaqus/StaticElasticJob.odb,Step-1,Increment      1: Step Time =    1.000,"PLATE-1",          1241,             1,       1.08323,  -397.191E-03,            0.,"ASSEMBLY_PLATE-1__PICKEDSET2","ROCK","",  -976.438E-03,      -2.21372,      -2.19950,  -990.652E-03,  -131.850E-03
F:/Desktop/DeepOnet_Abaqus/StaticElasticJob.odb,Step-1,Increment      1: Step Time =    1.000,"PLATE-1",          1242,             1,       1.16602,  -253.762E-03,            0.,"ASSEMBLY_PLATE-1__PICKEDSET2","ROCK","",      -1.02131,      -2.14045,      -2.12782,      -1.03394,  -118.208E-03
F:/Desktop/DeepOnet_Abaqus/StaticElasticJob.odb,Step-1,Increment      1: Step Time =    1.000,"PLATE-1",          1243,             1,       1.09858,  -196.383E-03,            0.,"ASSEMBLY_PLATE-1__PICKEDSET2","ROCK","",      -1.03193,      -2.11019,      -2.09268,      -1.04944,  -136.265E-03
F:/Desktop/DeepOnet_Abaqus/StaticElasticJob.odb,Step-1,Increment      1: Step Time =    1.000,"PLATE-1",          1244,             1,   501.764E-03,  -90.5460E-03,            0.,"ASSEMBLY_PLATE-1__PICKEDSET2","ROCK","",      -1.31096,      -2.17688,      -2.12113,      -1.36671,  -212.532E-03
F:/Desktop/DeepOnet_Abaqus/StaticElasticJob.odb,Step-1,Increment      1: Step Time =    1.000,"PLATE-1",          1245,             1,   488.953E-03,  -451.955E-03,            0.,"ASSEMBLY_PLATE-1__PICKEDSET2","ROCK","",  -949.666E-03,      -2.40550,      -2.38348,  -971.691E-03,  -177.705E-03
F:/Desktop/DeepOnet_Abaqus/StaticElasticJob.odb,Step-1,Increment      1: Step Time =    1.000,"PLATE-1",          1246,             1,   553.941E-03,  -180.779E-03,            0.,"ASSEMBLY_PLATE-1__PICKEDSET2","ROCK","",      -1.11710,      -2.26087,      -2.22447,      -1.15350,  -200.776E-03
F:/Desktop/DeepOnet_Abaqus/StaticElasticJob.odb,Step-1,Increment      1: Step Time =    1.000,"PLATE-1",          1247,             1,   644.125E-03,  -41.3280E-03,            0.,"ASSEMBLY_PLATE-1__PICKEDSET2","ROCK","",  -663.262E-03,      -2.64447,      -2.60185,  -705.885E-03,  -287.452E-03
F:/Desktop/DeepOnet_Abaqus/StaticElasticJob.odb,Step-1,Increment      1: Step Time =    1.000,"PLATE-1",          1248,             1,   676.448E-03,  -710.924E-03,            0.,"ASSEMBLY_PLATE-1__PICKEDSET2","ROCK","",  -950.934E-03,      -2.34389,      -2.33875,  -956.074E-03,  -84.4611E-03
F:/Desktop/DeepOnet_Abaqus/StaticElasticJob.odb,Step-1,Increment      1: Step Time =    1.000,"PLATE-1",          1249,             1,   578.266E-03,  -553.957E-03,            0.,"ASSEMBLY_PLATE-1__PICKEDSET2","ROCK","",  -944.580E-03,      -2.36336,      -2.35071,  -957.230E-03,  -133.370E-03
F:/Desktop/DeepOnet_Abaqus/StaticElasticJob.odb,Step-1,Increment      1: Step Time =    1.000,"PLATE-1",          1250,             1,   609.367E-03,  -335.326E-03,            0.,"ASSEMBLY_PLATE-1__PICKEDSET2","ROCK","",  -988.339E-03,      -2.26207,      -2.22416,      -1.02625,  -216.456E-03
F:/Desktop/DeepOnet_Abaqus/StaticElasticJob.odb,Step-1,Increment      1: Step Time =    1.000,"PLATE-1",          1251,             1,   781.732E-03,  -192.905E-03,            0.,"ASSEMBLY_PLATE-1__PICKEDSET2","ROCK","",  -903.934E-03,      -2.19296,      -2.15374,  -943.149E-03,  -221.387E-03
F:/Desktop/DeepOnet_Abaqus/StaticElasticJob.odb,Step-1,Increment      1: Step Time =    1.000,"PLATE-1",          1252,             1,   769.839E-03,  -863.796E-03,            0.,"ASSEMBLY_PLATE-1__PICKEDSET2","ROCK","",  -956.733E-03,      -2.33246,      -2.32999,  -959.206E-03,  -58.2716E-03
F:/Desktop/DeepOnet_Abaqus/StaticElasticJob.odb,Step-1,Increment      1: Step Time =    1.000,"PLATE-1",          1253,             1,   841.862E-03,  -856.727E-03,            0.,"ASSEMBLY_PLATE-1__PICKEDSET2","ROCK","",  -956.856E-03,      -2.32258,      -2.31983,  -959.609E-03,  -61.2577E-03
F:/Desktop/DeepOnet_Abaqus/StaticElasticJob.odb,Step-1,Increment      1: Step Time =    1.000,"PLATE-1",          1254,             1,   777.302E-03,  -693.602E-03,            0.,"ASSEMBLY_PLATE-1__PICKEDSET2","ROCK","",  -948.307E-03,      -2.32876,      -2.32325,  -953.821E-03,  -87.0742E-03
F:/Desktop/DeepOnet_Abaqus/StaticElasticJob.odb,Step-1,Increment      1: Step Time =    1.000,"PLATE-1",          1255,             1,   782.679E-03,  -481.555E-03,            0.,"ASSEMBLY_PLATE-1__PICKEDSET2","ROCK","",  -950.618E-03,      -2.31060,      -2.29975,  -961.469E-03,  -120.997E-03
F:/Desktop/DeepOnet_Abaqus/StaticElasticJob.odb,Step-1,Increment      1: Step Time =    1.000,"PLATE-1",          1256,             1,   849.632E-03,  -320.106E-03,            0.,"ASSEMBLY_PLATE-1__PICKEDSET2","ROCK","",  -942.142E-03,      -2.24597,      -2.22580,  -962.304E-03,  -160.878E-03
F:/Desktop/DeepOnet_Abaqus/StaticElasticJob.odb,Step-1,Increment      1: Step Time =    1.000,"PLATE-1",          1257,             1,   939.734E-03,  -243.917E-03,            0.,"ASSEMBLY_PLATE-1__PICKEDSET2","ROCK","",  -956.439E-03,      -2.17989,      -2.15192,  -984.411E-03,  -182.866E-03
F:/Desktop/DeepOnet_Abaqus/StaticElasticJob.odb,Step-1,Increment      1: Step Time =    1.000,"PLATE-1",          1258,             1,   919.256E-03,  -135.769E-03,            0.,"ASSEMBLY_PLATE-1__PICKEDSET2","ROCK","",  -965.777E-03,      -2.09262,      -2.04797,      -1.01043,  -219.828E-03
F:/Desktop/DeepOnet_Abaqus/StaticElasticJob.odb,Step-1,Increment      1: Step Time =    1.000,"PLATE-1",          1259,             1,       1.04833,  -260.614E-03,            0.,"ASSEMBLY_PLATE-1__PICKEDSET2","ROCK","",  -989.242E-03,      -2.16392,      -2.14484,      -1.00833,  -148.501E-03
F:/Desktop/DeepOnet_Abaqus/StaticElasticJob.odb,Step-1,Increment      1: Step Time =    1.000,"PLATE-1",          1260,             1,   974.146E-03,  -408.846E-03,            0.,"ASSEMBLY_PLATE-1__PICKEDSET2","ROCK","",  -955.426E-03,      -2.23286,      -2.21602,  -972.267E-03,  -145.704E-03
F:/Desktop/DeepOnet_Abaqus/StaticElasticJob.odb,Step-1,Increment      1: Step Time =    1.000,"PLATE-1",          1261,             1,       1.31168,  -159.268E-03,            0.,"ASSEMBLY_PLATE-1__PICKEDSET2","ROCK","",      -1.06009,      -2.11360,      -2.10902,      -1.06466,  -69.2877E-03
F:/Desktop/DeepOnet_Abaqus/StaticElasticJob.odb,Step-1,Increment      1: Step Time =    1.000,"PLATE-1",          1262,             1,       1.55601,  -146.764E-03,            0.,"ASSEMBLY_PLATE-1__PICKEDSET2","ROCK","",      -1.05535,      -2.15472,      -2.15374,      -1.05633,  -32.7591E-03
F:/Desktop/DeepOnet_Abaqus/StaticElasticJob.odb,Step-1,Increment      1: Step Time =    1.000,"PLATE-1",          1263,             1,       1.37889,  -215.983E-03,            0.,"ASSEMBLY_PLATE-1__PICKEDSET2","ROCK","",      -1.05100,      -2.14161,      -2.13696,      -1.05566,  -71.0820E-03
F:/Desktop/DeepOnet_Abaqus/StaticElasticJob.odb,Step-1,Increment      1: Step Time =    1.000,"PLATE-1",          1264,             1,       1.36305,  -297.956E-03,            0.,"ASSEMBLY_PLATE-1__PICKEDSET2","ROCK","",      -1.03147,      -2.16758,      -2.16160,      -1.03745,  -82.1779E-03
F:/Desktop/DeepOnet_Abaqus/StaticElasticJob.odb,Step-1,Increment      1: Step Time =    1.000,"PLATE-1",          1265,             1,       1.45787,  -323.919E-03,            0.,"ASSEMBLY_PLATE-1__PICKEDSET2","ROCK","",      -1.03327,      -2.17758,      -2.17384,      -1.03701,  -65.3168E-03
F:/Desktop/DeepOnet_Abaqus/StaticElasticJob.odb,Step-1,Increment      1: Step Time =    1.000,"PLATE-1",          1266,             1,   434.286E-03,  -158.473E-03,            0.,"ASSEMBLY_PLATE-1__PICKEDSET2","ROCK","",      -1.08969,      -2.12345,      -1.87616,      -1.33699,  -441.008E-03
F:/Desktop/DeepOnet_Abaqus/StaticElasticJob.odb,Step-1,Increment      1: Step Time =    1.000,"PLATE-1",          1267,             1,   613.478E-03,  -270.023E-03,            0.,"ASSEMBLY_PLATE-1__PICKEDSET2","ROCK","",      -1.03245,      -2.27960,      -2.25832,      -1.05373,  -161.502E-03
F:/Desktop/DeepOnet_Abaqus/StaticElasticJob.odb,Step-1,Increment      1: Step Time =    1.000,"PLATE-1",          1268,             1,   879.780E-03,  -188.141E-03,            0.,"ASSEMBLY_PLATE-1__PICKEDSET2","ROCK","",  -922.155E-03,      -2.15778,      -2.11443,  -965.505E-03,  -227.342E-03
F:/Desktop/DeepOnet_Abaqus/StaticElasticJob.odb,Step-1,Increment      1: Step Time =    1.000,"PLATE-1",          1269,             1,      -1.45274,  -341.703E-03,            0.,"ASSEMBLY_PLATE-1__PICKEDSET2","ROCK","",      -1.03546,      -2.21285,      -2.21115,      -1.03716,   44.6765E-03
F:/Desktop/DeepOnet_Abaqus/StaticElasticJob.odb,Step-1,Increment      1: Step Time =    1.000,"PLATE-1",          1270,             1,      -1.36487,  -502.924E-03,            0.,"ASSEMBLY_PLATE-1__PICKEDSET2","ROCK","",      -1.02348,      -2.23347,      -2.23084,      -1.02612,   56.4229E-03
F:/Desktop/DeepOnet_Abaqus/StaticElasticJob.odb,Step-1,Increment      1: Step Time =    1.000,"PLATE-1",          1271,             1,      -1.27698,  -636.579E-03,            0.,"ASSEMBLY_PLATE-1__PICKEDSET2","ROCK","",      -1.01261,      -2.25209,      -2.24895,      -1.01575,   62.2616E-03
F:/Desktop/DeepOnet_Abaqus/StaticElasticJob.odb,Step-1,Increment      1: Step Time =    1.000,"PLATE-1",          1272,             1,  -935.309E-03,  -865.047E-03,            0.,"ASSEMBLY_PLATE-1__PICKEDSET2","ROCK","",  -990.911E-03,      -2.30196,      -2.29903,  -993.844E-03,   61.9404E-03
F:/Desktop/DeepOnet_Abaqus/StaticElasticJob.odb,Step-1,Increment      1: Step Time =    1.000,"PLATE-1",          1273,             1,  -800.342E-03,      -1.09121,            0.,"ASSEMBLY_PLATE-1__PICKEDSET2","ROCK","",  -989.664E-03,      -2.31630,      -2.31506,  -990.901E-03,   40.4887E-03
F:/Desktop/DeepOnet_Abaqus/StaticElasticJob.odb,Step-1,Increment      1: Step Time =    1.000,"PLATE-1",          1274,             1,  -604.992E-03,      -1.21472,            0.,"ASSEMBLY_PLATE-1__PICKEDSET2","ROCK","",  -991.308E-03,      -2.32445,      -2.32382,  -991.941E-03,   29.0299E-03
F:/Desktop/DeepOnet_Abaqus/StaticElasticJob.odb,Step-1,Increment      1: Step Time =    1.000,"PLATE-1",          1275,             1,  -407.726E-03,      -1.30063,            0.,"ASSEMBLY_PLATE-1__PICKEDSET2","ROCK","",  -993.233E-03,      -2.32749,      -2.32718,  -993.540E-03,   20.2381E-03
F:/Desktop/DeepOnet_Abaqus/StaticElasticJob.odb,Step-1,Increment      1: Step Time =    1.000,"PLATE-1",          1276,             1,      -1.15155,  -433.619E-03,            0.,"ASSEMBLY_PLATE-1__PICKEDSET2","ROCK","",      -1.02827,      -2.22175,      -2.21658,      -1.03345,   78.4391E-03
F:/Desktop/DeepOnet_Abaqus/StaticElasticJob.odb,Step-1,Increment      1: Step Time =    1.000,"PLATE-1",          1277,             1,  -796.200E-03,  -380.043E-03,            0.,"ASSEMBLY_PLATE-1__PICKEDSET2","ROCK","",      -1.01852,      -2.23347,      -2.21402,      -1.03797,   152.493E-03
F:/Desktop/DeepOnet_Abaqus/StaticElasticJob.odb,Step-1,Increment      1: Step Time =    1.000,"PLATE-1",          1278,             1,  -659.255E-03,  -403.655E-03,            0.,"ASSEMBLY_PLATE-1__PICKEDSET2","ROCK","",  -993.990E-03,      -2.28488,      -2.25674,      -1.02213,   188.512E-03
F:/Desktop/DeepOnet_Abaqus/StaticElasticJob.odb,Step-1,Increment      1: Step Time =    1.000,"PLATE-1",          1279,             1,  -464.064E-03,  -451.924E-03,            0.,"ASSEMBLY_PLATE-1__PICKEDSET2","ROCK","",  -967.975E-03,      -2.41004,      -2.38132,  -996.693E-03,   201.463E-03
F:/Desktop/DeepOnet_Abaqus/StaticElasticJob.odb,Step-1,Increment      1: Step Time =    1.000,"PLATE-1",          1280,             1,   691.981E-03,  -859.770E-03,            0.,"ASSEMBLY_PLATE-1__PICKEDSET2","ROCK","",  -955.719E-03,      -2.34335,      -2.34107,  -957.997E-03,  -56.1722E-03
F:/Desktop/DeepOnet_Abaqus/StaticElasticJob.odb,Step-1,Increment      1: Step Time =    1.000,"PLATE-1",          1281,             1,   767.770E-03,  -946.499E-03,            0.,"ASSEMBLY_PLATE-1__PICKEDSET2","ROCK","",  -959.775E-03,      -2.33163,      -2.32988,  -961.519E-03,  -48.8829E-03
F:/Desktop/DeepOnet_Abaqus/StaticElasticJob.odb,Step-1,Increment      1: Step Time =    1.000,"PLATE-1",          1282,             1,   607.803E-03,  -438.889E-03,            0.,"ASSEMBLY_PLATE-1__PICKEDSET2","ROCK","",  -966.661E-03,      -2.31177,      -2.29136,  -987.063E-03,  -164.395E-03
F:/Desktop/DeepOnet_Abaqus/StaticElasticJob.odb,Step-1,Increment      1: Step Time =    1.000,"PLATE-1",          1283,             1,   764.926E-03,  -422.971E-03,            0.,"ASSEMBLY_PLATE-1__PICKEDSET2","ROCK","",  -961.235E-03,      -2.27443,      -2.25867,  -976.997E-03,  -143.002E-03
F:/Desktop/DeepOnet_Abaqus/StaticElasticJob.odb,Step-1,Increment      1: Step Time =    1.000,"PLATE-1",          1284,             1,   935.067E-03,  -345.892E-03,            0.,"ASSEMBLY_PLATE-1__PICKEDSET2","ROCK","",  -951.629E-03,      -2.23128,      -2.21244,  -970.472E-03,  -154.136E-03
F:/Desktop/DeepOnet_Abaqus/StaticElasticJob.odb,Step-1,Increment      1: Step Time =    1.000,"PLATE-1",          1285,             1,   956.373E-03,  -505.661E-03,            0.,"ASSEMBLY_PLATE-1__PICKEDSET2","ROCK","",  -955.613E-03,      -2.26555,      -2.25413,  -967.032E-03,  -121.770E-03
F:/Desktop/DeepOnet_Abaqus/StaticElasticJob.odb,Step-1,Increment      1: Step Time =    1.000,"PLATE-1",          1286,             1,       1.02058,  -548.019E-03,            0.,"ASSEMBLY_PLATE-1__PICKEDSET2","ROCK","",  -962.143E-03,      -2.26664,      -2.25780,  -970.982E-03,  -107.016E-03
F:/Desktop/DeepOnet_Abaqus/StaticElasticJob.odb,Step-1,Increment      1: Step Time =    1.000,"PLATE-1",          1287,             1,       1.18885,  -340.297E-03,            0.,"ASSEMBLY_PLATE-1__PICKEDSET2","ROCK","",      -1.00589,      -2.17979,      -2.16880,      -1.01688,  -113.043E-03
F:/Desktop/DeepOnet_Abaqus/StaticElasticJob.odb,Step-1,Increment      1: Step Time =    1.000,"PLATE-1",          1288,             1,       1.25447,  -448.992E-03,            0.,"ASSEMBLY_PLATE-1__PICKEDSET2","ROCK","",  -996.696E-03,      -2.21246,      -2.20436,      -1.00479,  -98.8719E-03
F:/Desktop/DeepOnet_Abaqus/StaticElasticJob.odb,Step-1,Increment      1: Step Time =    1.000,"PLATE-1",          1289,             1,       1.36149,  -599.537E-03,            0.,"ASSEMBLY_PLATE-1__PICKEDSET2","ROCK","",  -993.886E-03,      -2.23705,      -2.23205,  -998.891E-03,  -78.7167E-03
F:/Desktop/DeepOnet_Abaqus/StaticElasticJob.odb,Step-1,Increment      1: Step Time =    1.000,"PLATE-1",          1290,             1,      -1.35352,  -707.159E-03,            0.,"ASSEMBLY_PLATE-1__PICKEDSET2","ROCK","",      -1.00991,      -2.25734,      -2.25494,      -1.01232,   54.7096E-03
F:/Desktop/DeepOnet_Abaqus/StaticElasticJob.odb,Step-1,Increment      1: Step Time =    1.000,"PLATE-1",          1291,             1,      -1.07811,  -654.819E-03,            0.,"ASSEMBLY_PLATE-1__PICKEDSET2","ROCK","",      -1.00424,      -2.26725,      -2.26263,      -1.00886,   76.2164E-03
F:/Desktop/DeepOnet_Abaqus/StaticElasticJob.odb,Step-1,Increment      1: Step Time =    1.000,"PLATE-1",          1292,             1,  -842.478E-03,  -570.885E-03,            0.,"ASSEMBLY_PLATE-1__PICKEDSET2","ROCK","",  -996.772E-03,      -2.28345,      -2.27444,      -1.00579,   107.313E-03
F:/Desktop/DeepOnet_Abaqus/StaticElasticJob.odb,Step-1,Increment      1: Step Time =    1.000,"PLATE-1",          1293,             1,  -659.060E-03,  -722.941E-03,            0.,"ASSEMBLY_PLATE-1__PICKEDSET2","ROCK","",  -981.152E-03,      -2.33901,      -2.33318,  -986.977E-03,   88.7381E-03
F:/Desktop/DeepOnet_Abaqus/StaticElasticJob.odb,Step-1,Increment      1: Step Time =    1.000,"PLATE-1",          1294,             1,   254.252E-03,  -885.864E-03,            0.,"ASSEMBLY_PLATE-1__PICKEDSET2","ROCK","",  -953.360E-03,      -2.40405,      -2.40364,  -953.773E-03,  -24.4683E-03
F:/Desktop/DeepOnet_Abaqus/StaticElasticJob.odb,Step-1,Increment      1: Step Time =    1.000,"PLATE-1",          1295,             1,   466.498E-03,  -980.818E-03,            0.,"ASSEMBLY_PLATE-1__PICKEDSET2","ROCK","",  -962.835E-03,      -2.36218,      -2.36146,  -963.553E-03,  -31.6964E-03
F:/Desktop/DeepOnet_Abaqus/StaticElasticJob.odb,Step-1,Increment      1: Step Time =    1.000,"PLATE-1",          1296,             1,   616.321E-03,  -996.658E-03,            0.,"ASSEMBLY_PLATE-1__PICKEDSET2","ROCK","",  -962.312E-03,      -2.34637,      -2.34540,  -963.288E-03,  -36.7378E-03
F:/Desktop/DeepOnet_Abaqus/StaticElasticJob.odb,Step-1,Increment      1: Step Time =    1.000,"PLATE-1",          1297,             1,   412.878E-03,  -683.235E-03,            0.,"ASSEMBLY_PLATE-1__PICKEDSET2","ROCK","",  -941.062E-03,      -2.41516,      -2.41003,  -946.193E-03,  -86.8182E-03
F:/Desktop/DeepOnet_Abaqus/StaticElasticJob.odb,Step-1,Increment      1: Step Time =    1.000,"PLATE-1",          1298,             1,   809.745E-03,  -617.093E-03,            0.,"ASSEMBLY_PLATE-1__PICKEDSET2","ROCK","",  -950.142E-03,      -2.31307,      -2.30552,  -957.693E-03,  -101.165E-03
F:/Desktop/DeepOnet_Abaqus/StaticElasticJob.odb,Step-1,Increment      1: Step Time =    1.000,"PLATE-1",          1299,             1,   941.366E-03,  -857.741E-03,            0.,"ASSEMBLY_PLATE-1__PICKEDSET2","ROCK","",  -959.015E-03,      -2.31119,      -2.30805,  -962.154E-03,  -65.0728E-03
F:/Desktop/DeepOnet_Abaqus/StaticElasticJob.odb,Step-1,Increment      1: Step Time =    1.000,"PLATE-1",          1300,             1,   969.528E-03,  -757.809E-03,            0.,"ASSEMBLY_PLATE-1__PICKEDSET2","ROCK","",  -957.043E-03,      -2.30035,      -2.29572,  -961.671E-03,  -78.7140E-03
F:/Desktop/DeepOnet_Abaqus/StaticElasticJob.odb,Step-1,Increment      1: Step Time =    1.000,"PLATE-1",          1301,             1,   942.141E-03,  -677.353E-03,            0.,"ASSEMBLY_PLATE-1__PICKEDSET2","ROCK","",  -953.039E-03,      -2.29887,      -2.29283,  -959.076E-03,  -89.9357E-03
F:/Desktop/DeepOnet_Abaqus/StaticElasticJob.odb,Step-1,Increment      1: Step Time =    1.000,"PLATE-1",          1302,             1,   844.429E-03,  -471.562E-03,            0.,"ASSEMBLY_PLATE-1__PICKEDSET2","ROCK","",  -944.189E-03,      -2.27771,      -2.26393,  -957.972E-03,  -134.872E-03
F:/Desktop/DeepOnet_Abaqus/StaticElasticJob.odb,Step-1,Increment      1: Step Time =    1.000,"PLATE-1",          1303,             1,       1.09974,  -707.390E-03,            0.,"ASSEMBLY_PLATE-1__PICKEDSET2","ROCK","",  -966.155E-03,      -2.27907,      -2.27379,  -971.440E-03,  -83.1335E-03
F:/Desktop/DeepOnet_Abaqus/StaticElasticJob.odb,Step-1,Increment      1: Step Time =    1.000,"PLATE-1",          1304,             1,       1.24387,  -942.921E-03,            0.,"ASSEMBLY_PLATE-1__PICKEDSET2","ROCK","",  -974.258E-03,      -2.28367,      -2.28113,  -976.797E-03,  -57.5943E-03
F:/Desktop/DeepOnet_Abaqus/StaticElasticJob.odb,Step-1,Increment      1: Step Time =    1.000,"PLATE-1",          1305,             1,       1.30460,  -869.703E-03,            0.,"ASSEMBLY_PLATE-1__PICKEDSET2","ROCK","",  -978.562E-03,      -2.27371,      -2.27071,  -981.559E-03,  -62.2297E-03
F:/Desktop/DeepOnet_Abaqus/StaticElasticJob.odb,Step-1,Increment      1: Step Time =    1.000,"PLATE-1",          1306,             1,       1.13815,  -521.066E-03,            0.,"ASSEMBLY_PLATE-1__PICKEDSET2","ROCK","",  -975.562E-03,      -2.24122,      -2.23228,  -984.509E-03,  -106.039E-03
F:/Desktop/DeepOnet_Abaqus/StaticElasticJob.odb,Step-1,Increment      1: Step Time =    1.000,"PLATE-1",          1307,             1,       1.36814,  -815.191E-03,            0.,"ASSEMBLY_PLATE-1__PICKEDSET2","ROCK","",  -983.777E-03,      -2.26303,      -2.25975,  -987.061E-03,  -64.7321E-03
F:/Desktop/DeepOnet_Abaqus/StaticElasticJob.odb,Step-1,Increment      1: Step Time =    1.000,"PLATE-1",          1308,             1,       1.37814,  -894.088E-03,            0.,"ASSEMBLY_PLATE-1__PICKEDSET2","ROCK","",  -981.904E-03,      -2.27100,      -2.26835,  -984.558E-03,  -58.4311E-03
F:/Desktop/DeepOnet_Abaqus/StaticElasticJob.odb,Step-1,Increment      1: Step Time =    1.000,"PLATE-1",          1309,             1,   751.173E-03,  -574.646E-03,            0.,"ASSEMBLY_PLATE-1__PICKEDSET2","ROCK","",  -942.218E-03,      -2.32588,      -2.31732,  -950.786E-03,  -108.544E-03
F:/Desktop/DeepOnet_Abaqus/StaticElasticJob.odb,Step-1,Increment      1: Step Time =    1.000,"PLATE-1",          1310,             1,   615.104E-03,  -524.283E-03,            0.,"ASSEMBLY_PLATE-1__PICKEDSET2","ROCK","",  -958.542E-03,      -2.35282,      -2.34200,  -969.366E-03,  -122.372E-03
F:/Desktop/DeepOnet_Abaqus/StaticElasticJob.odb,Step-1,Increment      1: Step Time =    1.000,"PLATE-1",          1311,             1,  -377.863E-03,  -569.230E-03,            0.,"ASSEMBLY_PLATE-1__PICKEDSET2","ROCK","",  -960.706E-03,      -2.44190,      -2.42751,  -975.092E-03,   145.261E-03
F:/Desktop/DeepOnet_Abaqus/StaticElasticJob.odb,Step-1,Increment      1: Step Time =    1.000,"PLATE-1",          1312,             1,  -579.512E-03,  -510.099E-03,            0.,"ASSEMBLY_PLATE-1__PICKEDSET2","ROCK","",  -977.646E-03,      -2.34969,      -2.33191,  -995.430E-03,   155.189E-03
F:/Desktop/DeepOnet_Abaqus/StaticElasticJob.odb,Step-1,Increment      1: Step Time =    1.000,"PLATE-1",          1313,             1,  -633.073E-03,  -509.455E-03,            0.,"ASSEMBLY_PLATE-1__PICKEDSET2","ROCK","",  -982.403E-03,      -2.32856,      -2.31171,  -999.253E-03,   149.661E-03
F:/Desktop/DeepOnet_Abaqus/StaticElasticJob.odb,Step-1,Increment      1: Step Time =    1.000,"PLATE-1",          1314,             1,      -1.03757,  -577.598E-03,            0.,"ASSEMBLY_PLATE-1__PICKEDSET2","ROCK","",      -1.00880,      -2.25820,      -2.25224,      -1.01477,   86.1369E-03
F:/Desktop/DeepOnet_Abaqus/StaticElasticJob.odb,Step-1,Increment      1: Step Time =    1.000,"PLATE-1",          1315,             1,      -1.21514,  -572.273E-03,            0.,"ASSEMBLY_PLATE-1__PICKEDSET2","ROCK","",      -1.01541,      -2.24606,      -2.24219,      -1.01928,   68.8580E-03
F:/Desktop/DeepOnet_Abaqus/StaticElasticJob.odb,Step-1,Increment      1: Step Time =    1.000,"PLATE-1",          1316,             1,   876.623E-03,  -647.029E-03,            0.,"ASSEMBLY_PLATE-1__PICKEDSET2","ROCK","",  -952.908E-03,      -2.30781,      -2.30152,  -959.206E-03,  -92.1562E-03
F:/Desktop/DeepOnet_Abaqus/StaticElasticJob.odb,Step-1,Increment      1: Step Time =    1.000,"PLATE-1",          1317,             1,       1.14797,  -766.263E-03,            0.,"ASSEMBLY_PLATE-1__PICKEDSET2","ROCK","",  -968.437E-03,      -2.27962,      -2.27523,  -972.823E-03,  -75.7087E-03
F:/Desktop/DeepOnet_Abaqus/StaticElasticJob.odb,Step-1,Increment      1: Step Time =    1.000,"PLATE-1",          1318,             1,       1.28093,  -661.801E-03,            0.,"ASSEMBLY_PLATE-1__PICKEDSET2","ROCK","",  -982.545E-03,      -2.25354,      -2.24861,  -987.477E-03,  -79.0202E-03
F:/Desktop/DeepOnet_Abaqus/StaticElasticJob.odb,Step-1,Increment      1: Step Time =    1.000,"PLATE-1",          1319,             1,      -1.41896,  -940.073E-03,            0.,"ASSEMBLY_PLATE-1__PICKEDSET2","ROCK","",      -1.00282,      -2.27173,      -2.27020,      -1.00435,   44.0422E-03
F:/Desktop/DeepOnet_Abaqus/StaticElasticJob.odb,Step-1,Increment      1: Step Time =    1.000,"PLATE-1",          1320,             1,      -1.35734,      -1.01760,            0.,"ASSEMBLY_PLATE-1__PICKEDSET2","ROCK","",  -999.550E-03,      -2.27930,      -2.27797,      -1.00088,   41.2363E-03
F:/Desktop/DeepOnet_Abaqus/StaticElasticJob.odb,Step-1,Increment      1: Step Time =    1.000,"PLATE-1",          1321,             1,      -1.09573,      -1.15761,            0.,"ASSEMBLY_PLATE-1__PICKEDSET2","ROCK","",  -994.130E-03,      -2.29568,      -2.29460,  -995.211E-03,   37.4962E-03
F:/Desktop/DeepOnet_Abaqus/StaticElasticJob.odb,Step-1,Increment      1: Step Time =    1.000,"PLATE-1",          1322,             1,  -897.097E-03,      -1.34422,            0.,"ASSEMBLY_PLATE-1__PICKEDSET2","ROCK","",  -994.309E-03,      -2.30419,      -2.30367,  -994.830E-03,   26.1145E-03
F:/Desktop/DeepOnet_Abaqus/StaticElasticJob.odb,Step-1,Increment      1: Step Time =    1.000,"PLATE-1",          1323,             1,      -1.31012,  -854.340E-03,            0.,"ASSEMBLY_PLATE-1__PICKEDSET2","ROCK","",      -1.00273,      -2.27186,      -2.26981,      -1.00478,   50.9200E-03
F:/Desktop/DeepOnet_Abaqus/StaticElasticJob.odb,Step-1,Increment      1: Step Time =    1.000,"PLATE-1",          1324,             1,      -1.04608,  -767.074E-03,            0.,"ASSEMBLY_PLATE-1__PICKEDSET2","ROCK","",  -997.128E-03,      -2.28363,      -2.27999,      -1.00076,   68.2802E-03
F:/Desktop/DeepOnet_Abaqus/StaticElasticJob.odb,Step-1,Increment      1: Step Time =    1.000,"PLATE-1",          1325,             1,  -839.200E-03,  -766.021E-03,            0.,"ASSEMBLY_PLATE-1__PICKEDSET2","ROCK","",  -988.537E-03,      -2.30886,      -2.30443,  -992.968E-03,   76.3542E-03
F:/Desktop/DeepOnet_Abaqus/StaticElasticJob.odb,Step-1,Increment      1: Step Time =    1.000,"PLATE-1",          1326,             1,  -688.673E-03,  -880.813E-03,            0.,"ASSEMBLY_PLATE-1__PICKEDSET2","ROCK","",  -984.130E-03,      -2.33331,      -2.33050,  -986.946E-03,   61.5719E-03
F:/Desktop/DeepOnet_Abaqus/StaticElasticJob.odb,Step-1,Increment      1: Step Time =    1.000,"PLATE-1",          1327,             1,  -559.086E-03,  -938.498E-03,            0.,"ASSEMBLY_PLATE-1__PICKEDSET2","ROCK","",  -983.357E-03,      -2.34808,      -2.34612,  -985.316E-03,   51.6682E-03
F:/Desktop/DeepOnet_Abaqus/StaticElasticJob.odb,Step-1,Increment      1: Step Time =    1.000,"PLATE-1",          1328,             1,  -354.486E-03,  -806.688E-03,            0.,"ASSEMBLY_PLATE-1__PICKEDSET2","ROCK","",  -972.855E-03,      -2.39175,      -2.38878,  -975.821E-03,   64.7960E-03
F:/Desktop/DeepOnet_Abaqus/StaticElasticJob.odb,Step-1,Increment      1: Step Time =    1.000,"PLATE-1",          1329,             1,  -8.82206E-03,  -800.886E-03,            0.,"ASSEMBLY_PLATE-1__PICKEDSET2","ROCK","",  -938.327E-03,      -2.45126,      -2.45104,  -938.548E-03,   18.3081E-03
F:/Desktop/DeepOnet_Abaqus/StaticElasticJob.odb,Step-1,Increment      1: Step Time =    1.000,"PLATE-1",          1330,             1,   55.5063E-03,  -778.251E-03,            0.,"ASSEMBLY_PLATE-1__PICKEDSET2","ROCK","",  -930.421E-03,      -2.46122,      -2.46122,  -930.425E-03,   2.37109E-03
F:/Desktop/DeepOnet_Abaqus/StaticElasticJob.odb,Step-1,Increment      1: Step Time =    1.000,"PLATE-1",          1331,             1,   353.415E-03,  -703.147E-03,            0.,"ASSEMBLY_PLATE-1__PICKEDSET2","ROCK","",  -933.989E-03,      -2.43304,      -2.42916,  -937.868E-03,  -76.1570E-03
F:/Desktop/DeepOnet_Abaqus/StaticElasticJob.odb,Step-1,Increment      1: Step Time =    1.000,"PLATE-1",          1332,             1,   383.845E-03,  -860.787E-03,            0.,"ASSEMBLY_PLATE-1__PICKEDSET2","ROCK","",  -953.943E-03,      -2.38988,      -2.38874,  -955.080E-03,  -40.3802E-03
F:/Desktop/DeepOnet_Abaqus/StaticElasticJob.odb,Step-1,Increment      1: Step Time =    1.000,"PLATE-1",          1333,             1,   521.595E-03,  -985.916E-03,            0.,"ASSEMBLY_PLATE-1__PICKEDSET2","ROCK","",  -962.925E-03,      -2.35500,      -2.35418,  -963.744E-03,  -33.7578E-03
F:/Desktop/DeepOnet_Abaqus/StaticElasticJob.odb,Step-1,Increment      1: Step Time =    1.000,"PLATE-1",          1334,             1,   527.258E-03,  -844.967E-03,            0.,"ASSEMBLY_PLATE-1__PICKEDSET2","ROCK","",  -954.887E-03,      -2.36874,      -2.36676,  -956.867E-03,  -52.8743E-03
F:/Desktop/DeepOnet_Abaqus/StaticElasticJob.odb,Step-1,Increment      1: Step Time =    1.000,"PLATE-1",          1335,             1,   618.281E-03,  -735.973E-03,            0.,"ASSEMBLY_PLATE-1__PICKEDSET2","ROCK","",  -949.838E-03,      -2.35882,      -2.35494,  -953.721E-03,  -73.8726E-03
F:/Desktop/DeepOnet_Abaqus/StaticElasticJob.odb,Step-1,Increment      1: Step Time =    1.000,"PLATE-1",          1336,             1,       1.00040,  -798.553E-03,            0.,"ASSEMBLY_PLATE-1__PICKEDSET2","ROCK","",  -960.476E-03,      -2.29979,      -2.29578,  -964.491E-03,  -73.2185E-03
F:/Desktop/DeepOnet_Abaqus/StaticElasticJob.odb,Step-1,Increment      1: Step Time =    1.000,"PLATE-1",          1337,             1,       1.18558,  -836.506E-03,            0.,"ASSEMBLY_PLATE-1__PICKEDSET2","ROCK","",  -971.020E-03,      -2.28284,      -2.27936,  -974.501E-03,  -67.4874E-03
F:/Desktop/DeepOnet_Abaqus/StaticElasticJob.odb,Step-1,Increment      1: Step Time =    1.000,"PLATE-1",          1338,             1,      -1.39452,      -1.07335,            0.,"ASSEMBLY_PLATE-1__PICKEDSET2","ROCK","",  -999.828E-03,      -2.27886,      -2.27771,      -1.00098,   38.3246E-03
F:/Desktop/DeepOnet_Abaqus/StaticElasticJob.odb,Step-1,Increment      1: Step Time =    1.000,"PLATE-1",          1339,             1,      -1.29865,      -1.04876,            0.,"ASSEMBLY_PLATE-1__PICKEDSET2","ROCK","",  -998.514E-03,      -2.28175,      -2.28046,  -999.810E-03,   40.7704E-03
F:/Desktop/DeepOnet_Abaqus/StaticElasticJob.odb,Step-1,Increment      1: Step Time =    1.000,"PLATE-1",          1340,             1,      -1.26713,      -1.16562,            0.,"ASSEMBLY_PLATE-1__PICKEDSET2","ROCK","",  -996.299E-03,      -2.28763,      -2.28658,  -997.346E-03,   36.7552E-03
F:/Desktop/DeepOnet_Abaqus/StaticElasticJob.odb,Step-1,Increment      1: Step Time =    1.000,"PLATE-1",          1341,             1,      -1.04040,      -1.24103,            0.,"ASSEMBLY_PLATE-1__PICKEDSET2","ROCK","",  -993.785E-03,      -2.29910,      -2.29829,  -994.590E-03,   32.4023E-03
F:/Desktop/DeepOnet_Abaqus/StaticElasticJob.odb,Step-1,Increment      1: Step Time =    1.000,"PLATE-1",          1342,             1,      -1.25801,  -984.154E-03,            0.,"ASSEMBLY_PLATE-1__PICKEDSET2","ROCK","",  -997.972E-03,      -2.28282,      -2.28118,  -999.614E-03,   45.9002E-03
F:/Desktop/DeepOnet_Abaqus/StaticElasticJob.odb,Step-1,Increment      1: Step Time =    1.000,"PLATE-1",          1343,             1,  -935.912E-03,  -946.425E-03,            0.,"ASSEMBLY_PLATE-1__PICKEDSET2","ROCK","",  -990.317E-03,      -2.30523,      -2.30304,  -992.501E-03,   53.5450E-03
F:/Desktop/DeepOnet_Abaqus/StaticElasticJob.odb,Step-1,Increment      1: Step Time =    1.000,"PLATE-1",          1344,             1,  -857.797E-03,      -1.01813,            0.,"ASSEMBLY_PLATE-1__PICKEDSET2","ROCK","",  -989.415E-03,      -2.31244,      -2.31077,  -991.088E-03,   47.0111E-03
F:/Desktop/DeepOnet_Abaqus/StaticElasticJob.odb,Step-1,Increment      1: Step Time =    1.000,"PLATE-1",          1345,             1,  -497.415E-03,  -973.792E-03,            0.,"ASSEMBLY_PLATE-1__PICKEDSET2","ROCK","",  -983.864E-03,      -2.35108,      -2.34953,  -985.408E-03,   45.9133E-03
F:/Desktop/DeepOnet_Abaqus/StaticElasticJob.odb,Step-1,Increment      1: Step Time =    1.000,"PLATE-1",          1346,             1,  -350.479E-03,  -955.659E-03,            0.,"ASSEMBLY_PLATE-1__PICKEDSET2","ROCK","",  -980.221E-03,      -2.36936,      -2.36806,  -981.522E-03,   42.4941E-03
F:/Desktop/DeepOnet_Abaqus/StaticElasticJob.odb,Step-1,Increment      1: Step Time =    1.000,"PLATE-1",          1347,             1,   2.18784E-03,  -952.820E-03,            0.,"ASSEMBLY_PLATE-1__PICKEDSET2","ROCK","",  -964.595E-03,      -2.39899,      -2.39887,  -964.712E-03,   12.9685E-03
F:/Desktop/DeepOnet_Abaqus/StaticElasticJob.odb,Step-1,Increment      1: Step Time =    1.000,"PLATE-1",          1348,             1,   50.7788E-03,      -1.00728,            0.,"ASSEMBLY_PLATE-1__PICKEDSET2","ROCK","",  -969.770E-03,      -2.38456,      -2.38453,  -969.798E-03,   6.27136E-03
F:/Desktop/DeepOnet_Abaqus/StaticElasticJob.odb,Step-1,Increment      1: Step Time =    1.000,"PLATE-1",          1349,             1,   329.334E-03,  -946.941E-03,            0.,"ASSEMBLY_PLATE-1__PICKEDSET2","ROCK","",  -960.784E-03,      -2.38159,      -2.38117,  -961.208E-03,  -24.5280E-03
F:/Desktop/DeepOnet_Abaqus/StaticElasticJob.odb,Step-1,Increment      1: Step Time =    1.000,"PLATE-1",          1350,             1,      -1.11155,      -1.29498,            0.,"ASSEMBLY_PLATE-1__PICKEDSET2","ROCK","",  -994.679E-03,      -2.29583,      -2.29512,  -995.396E-03,   30.5382E-03
F:/Desktop/DeepOnet_Abaqus/StaticElasticJob.odb,Step-1,Increment      1: Step Time =    1.000,"PLATE-1",          1351,             1,  -921.346E-03,      -1.27032,            0.,"ASSEMBLY_PLATE-1__PICKEDSET2","ROCK","",  -993.049E-03,      -2.30545,      -2.30476,  -993.742E-03,   30.1528E-03
F:/Desktop/DeepOnet_Abaqus/StaticElasticJob.odb,Step-1,Increment      1: Step Time =    1.000,"PLATE-1",          1352,             1,  -646.469E-03,      -1.30905,            0.,"ASSEMBLY_PLATE-1__PICKEDSET2","ROCK","",  -993.539E-03,      -2.31654,      -2.31610,  -993.982E-03,   24.2081E-03
F:/Desktop/DeepOnet_Abaqus/StaticElasticJob.odb,Step-1,Increment      1: Step Time =    1.000,"PLATE-1",          1353,             1,  -119.787E-03,      -1.14933,            0.,"ASSEMBLY_PLATE-1__PICKEDSET2","ROCK","",  -984.291E-03,      -2.35634,      -2.35614,  -984.485E-03,   16.3346E-03
F:/Desktop/DeepOnet_Abaqus/StaticElasticJob.odb,Step-1,Increment      1: Step Time =    1.000,"PLATE-1",          1354,             1,   351.383E-03,      -1.28522,            0.,"ASSEMBLY_PLATE-1__PICKEDSET2","ROCK","",  -981.157E-03,      -2.33640,      -2.33637,  -981.185E-03,  -6.06161E-03
F:/Desktop/DeepOnet_Abaqus/StaticElasticJob.odb,Step-1,Increment      1: Step Time =    1.000,"PLATE-1",          1355,             1,   414.561E-03,      -1.31640,            0.,"ASSEMBLY_PLATE-1__PICKEDSET2","ROCK","",  -981.161E-03,      -2.33149,      -2.33145,  -981.204E-03,  -7.67656E-03
F:/Desktop/DeepOnet_Abaqus/StaticElasticJob.odb,Step-1,Increment      1: Step Time =    1.000,"PLATE-1",          1356,             1,   345.858E-03,      -1.18480,            0.,"ASSEMBLY_PLATE-1__PICKEDSET2","ROCK","",  -976.870E-03,      -2.34613,      -2.34607,  -976.930E-03,  -9.04063E-03
F:/Desktop/DeepOnet_Abaqus/StaticElasticJob.odb,Step-1,Increment      1: Step Time =    1.000,"PLATE-1",          1357,             1,   370.573E-03,      -1.08738,            0.,"ASSEMBLY_PLATE-1__PICKEDSET2","ROCK","",  -970.708E-03,      -2.35673,      -2.35654,  -970.899E-03,  -16.2262E-03
F:/Desktop/DeepOnet_Abaqus/StaticElasticJob.odb,Step-1,Increment      1: Step Time =    1.000,"PLATE-1",          1358,             1,   555.756E-03,      -1.33979,            0.,"ASSEMBLY_PLATE-1__PICKEDSET2","ROCK","",  -979.433E-03,      -2.32501,      -2.32490,  -979.538E-03,  -11.8648E-03
F:/Desktop/DeepOnet_Abaqus/StaticElasticJob.odb,Step-1,Increment      1: Step Time =    1.000,"PLATE-1",          1359,             1,   628.680E-03,      -1.34123,            0.,"ASSEMBLY_PLATE-1__PICKEDSET2","ROCK","",  -978.168E-03,      -2.32260,      -2.32245,  -978.319E-03,  -14.2458E-03
F:/Desktop/DeepOnet_Abaqus/StaticElasticJob.odb,Step-1,Increment      1: Step Time =    1.000,"PLATE-1",          1360,             1,   701.198E-03,      -1.33488,            0.,"ASSEMBLY_PLATE-1__PICKEDSET2","ROCK","",  -976.685E-03,      -2.32035,      -2.32012,  -976.908E-03,  -17.3071E-03
F:/Desktop/DeepOnet_Abaqus/StaticElasticJob.odb,Step-1,Increment      1: Step Time =    1.000,"PLATE-1",          1361,             1,   625.339E-03,      -1.27056,            0.,"ASSEMBLY_PLATE-1__PICKEDSET2","ROCK","",  -975.384E-03,      -2.32681,      -2.32659,  -975.608E-03,  -17.3906E-03
F:/Desktop/DeepOnet_Abaqus/StaticElasticJob.odb,Step-1,Increment      1: Step Time =    1.000,"PLATE-1",          1362,             1,   565.536E-03,      -1.02239,            0.,"ASSEMBLY_PLATE-1__PICKEDSET2","ROCK","",  -964.253E-03,      -2.34839,      -2.34763,  -965.011E-03,  -32.3947E-03
F:/Desktop/DeepOnet_Abaqus/StaticElasticJob.odb,Step-1,Increment      1: Step Time =    1.000,"PLATE-1",          1363,             1,   879.621E-03,      -1.15191,            0.,"ASSEMBLY_PLATE-1__PICKEDSET2","ROCK","",  -968.862E-03,      -2.31706,      -2.31620,  -969.725E-03,  -34.1022E-03
F:/Desktop/DeepOnet_Abaqus/StaticElasticJob.odb,Step-1,Increment      1: Step Time =    1.000,"PLATE-1",          1364,             1,  -107.914E-03,      -1.02585,            0.,"ASSEMBLY_PLATE-1__PICKEDSET2","ROCK","",  -976.158E-03,      -2.37716,      -2.37686,  -976.452E-03,   20.3052E-03
F:/Desktop/DeepOnet_Abaqus/StaticElasticJob.odb,Step-1,Increment      1: Step Time =    1.000,"PLATE-1",          1365,             1,  -529.746E-03,      -1.05030,            0.,"ASSEMBLY_PLATE-1__PICKEDSET2","ROCK","",  -987.129E-03,      -2.34027,      -2.33915,  -988.244E-03,   38.8216E-03
F:/Desktop/DeepOnet_Abaqus/StaticElasticJob.odb,Step-1,Increment      1: Step Time =    1.000,"PLATE-1",          1366,             1,  -742.390E-03,      -1.12556,            0.,"ASSEMBLY_PLATE-1__PICKEDSET2","ROCK","",  -989.945E-03,      -2.31928,      -2.31825,  -990.969E-03,   36.8722E-03
F:/Desktop/DeepOnet_Abaqus/StaticElasticJob.odb,Step-1,Increment      1: Step Time =    1.000,"PLATE-1",          1367,             1,  -857.212E-03,      -1.08295,            0.,"ASSEMBLY_PLATE-1__PICKEDSET2","ROCK","",  -990.078E-03,      -2.31196,      -2.31063,  -991.413E-03,   41.9806E-03
F:/Desktop/DeepOnet_Abaqus/StaticElasticJob.odb,Step-1,Increment      1: Step Time =    1.000,"PLATE-1",          1368,             1,      -1.00322,      -1.12227,            0.,"ASSEMBLY_PLATE-1__PICKEDSET2","ROCK","",  -992.461E-03,      -2.30135,      -2.30013,  -993.681E-03,   39.9453E-03
F:/Desktop/DeepOnet_Abaqus/StaticElasticJob.odb,Step-1,Increment      1: Step Time =    1.000,"PLATE-1",          1369,             1,      -1.12520,      -1.05401,            0.,"ASSEMBLY_PLATE-1__PICKEDSET2","ROCK","",  -994.438E-03,      -2.29251,      -2.29104,  -995.905E-03,   43.6176E-03
F:/Desktop/DeepOnet_Abaqus/StaticElasticJob.odb,Step-1,Increment      1: Step Time =    1.000,"PLATE-1",          1370,             1,      -1.22470,      -1.06495,            0.,"ASSEMBLY_PLATE-1__PICKEDSET2","ROCK","",  -996.709E-03,      -2.28672,      -2.28534,  -998.081E-03,   42.0496E-03
F:/Desktop/DeepOnet_Abaqus/StaticElasticJob.odb,Step-1,Increment      1: Step Time =    1.000,"PLATE-1",          1371,             1,   386.477E-03,      -1.23262,            0.,"ASSEMBLY_PLATE-1__PICKEDSET2","ROCK","",  -978.221E-03,      -2.34014,      -2.34008,  -978.283E-03,  -9.21859E-03
F:/Desktop/DeepOnet_Abaqus/StaticElasticJob.odb,Step-1,Increment      1: Step Time =    1.000,"PLATE-1",          1372,             1,   492.787E-03,      -1.26159,            0.,"ASSEMBLY_PLATE-1__PICKEDSET2","ROCK","",  -977.556E-03,      -2.33264,      -2.33252,  -977.674E-03,  -12.5963E-03
F:/Desktop/DeepOnet_Abaqus/StaticElasticJob.odb,Step-1,Increment      1: Step Time =    1.000,"PLATE-1",          1373,             1,   561.937E-03,      -1.18905,            0.,"ASSEMBLY_PLATE-1__PICKEDSET2","ROCK","",  -972.762E-03,      -2.33571,      -2.33544,  -973.036E-03,  -19.3510E-03
F:/Desktop/DeepOnet_Abaqus/StaticElasticJob.odb,Step-1,Increment      1: Step Time =    1.000,"PLATE-1",          1374,             1,      -1.54266,      -1.45033,            0.,"ASSEMBLY_PLATE-1__PICKEDSET2","ROCK","",  -998.923E-03,      -2.28133,      -2.28085,  -999.409E-03,   24.9595E-03
F:/Desktop/DeepOnet_Abaqus/StaticElasticJob.odb,Step-1,Increment      1: Step Time =    1.000,"PLATE-1",          1375,             1,      -1.30651,      -1.38912,            0.,"ASSEMBLY_PLATE-1__PICKEDSET2","ROCK","",  -996.947E-03,      -2.28813,      -2.28756,  -997.521E-03,   27.2205E-03
F:/Desktop/DeepOnet_Abaqus/StaticElasticJob.odb,Step-1,Increment      1: Step Time =    1.000,"PLATE-1",          1376,             1,  -465.656E-03,      -1.42517,            0.,"ASSEMBLY_PLATE-1__PICKEDSET2","ROCK","",  -995.810E-03,      -2.31773,      -2.31752,  -996.025E-03,   16.8316E-03
F:/Desktop/DeepOnet_Abaqus/StaticElasticJob.odb,Step-1,Increment      1: Step Time =    1.000,"PLATE-1",          1377,             1,  -157.657E-03,      -1.47160,            0.,"ASSEMBLY_PLATE-1__PICKEDSET2","ROCK","",  -995.632E-03,      -2.32141,      -2.32133,  -995.710E-03,   10.1670E-03
F:/Desktop/DeepOnet_Abaqus/StaticElasticJob.odb,Step-1,Increment      1: Step Time =    1.000,"PLATE-1",          1378,             1,   113.836E-03,      -1.42786,            0.,"ASSEMBLY_PLATE-1__PICKEDSET2","ROCK","",  -990.915E-03,      -2.32682,      -2.32681,  -990.927E-03,   4.01511E-03
F:/Desktop/DeepOnet_Abaqus/StaticElasticJob.odb,Step-1,Increment      1: Step Time =    1.000,"PLATE-1",          1379,             1,   190.156E-03,      -1.37422,            0.,"ASSEMBLY_PLATE-1__PICKEDSET2","ROCK","",  -988.172E-03,      -2.33080,      -2.33080,  -988.174E-03,   1.67379E-03
F:/Desktop/DeepOnet_Abaqus/StaticElasticJob.odb,Step-1,Increment      1: Step Time =    1.000,"PLATE-1",          1380,             1,   272.193E-03,      -1.43573,            0.,"ASSEMBLY_PLATE-1__PICKEDSET2","ROCK","",  -988.284E-03,      -2.32520,      -2.32520,  -988.284E-03,  -38.7568E-06
F:/Desktop/DeepOnet_Abaqus/StaticElasticJob.odb,Step-1,Increment      1: Step Time =    1.000,"PLATE-1",          1381,             1,   352.986E-03,      -1.55338,            0.,"ASSEMBLY_PLATE-1__PICKEDSET2","ROCK","",  -989.779E-03,      -2.31641,      -2.31641,  -989.780E-03,  -1.17931E-03
F:/Desktop/DeepOnet_Abaqus/StaticElasticJob.odb,Step-1,Increment      1: Step Time =    1.000,"PLATE-1",          1382,             1,   792.302E-03,      -1.39363,            0.,"ASSEMBLY_PLATE-1__PICKEDSET2","ROCK","",  -977.876E-03,      -2.31361,      -2.31337,  -978.121E-03,  -18.0853E-03
F:/Desktop/DeepOnet_Abaqus/StaticElasticJob.odb,Step-1,Increment      1: Step Time =    1.000,"PLATE-1",          1383,             1,       1.04334,      -1.54030,            0.,"ASSEMBLY_PLATE-1__PICKEDSET2","ROCK","",  -981.145E-03,      -2.30126,      -2.30098,  -981.430E-03,  -19.4073E-03
F:/Desktop/DeepOnet_Abaqus/StaticElasticJob.odb,Step-1,Increment      1: Step Time =    1.000,"PLATE-1",          1384,             1,       1.19522,   175.387E-03,            0.,"ASSEMBLY_PLATE-1__PICKEDSET2","ROCK","",      -1.12387,      -2.02173,      -2.01683,      -1.12878,   66.1923E-03
F:/Desktop/DeepOnet_Abaqus/StaticElasticJob.odb,Step-1,Increment      1: Step Time =    1.000,"PLATE-1",          1385,             1,   767.641E-03,   62.4325E-03,            0.,"ASSEMBLY_PLATE-1__PICKEDSET2","ROCK","",  -528.673E-03,      -1.79619,      -1.24135,      -1.08351,  -628.823E-03
F:/Desktop/DeepOnet_Abaqus/StaticElasticJob.odb,Step-1,Increment      1: Step Time =    1.000,"PLATE-1",          1386,             1,      -1.55451,       1.44642,            0.,"ASSEMBLY_PLATE-1__PICKEDSET2","ROCK","",  -992.698E-03,      -2.27100,      -2.27037,  -993.335E-03,  -28.5208E-03
F:/Desktop/DeepOnet_Abaqus/StaticElasticJob.odb,Step-1,Increment      1: Step Time =    1.000,"PLATE-1",          1387,             1,      -1.42959,   879.489E-03,            0.,"ASSEMBLY_PLATE-1__PICKEDSET2","ROCK","",      -1.00416,      -2.24376,      -2.24198,      -1.00594,  -46.8817E-03
F:/Desktop/DeepOnet_Abaqus/StaticElasticJob.odb,Step-1,Increment      1: Step Time =    1.000,"PLATE-1",          1388,             1,      -1.54147,   854.738E-03,            0.,"ASSEMBLY_PLATE-1__PICKEDSET2","ROCK","",      -1.00900,      -2.24033,      -2.23895,      -1.01038,  -41.1671E-03
F:/Desktop/DeepOnet_Abaqus/StaticElasticJob.odb,Step-1,Increment      1: Step Time =    1.000,"PLATE-1",          1389,             1,      -1.55159,   554.342E-03,            0.,"ASSEMBLY_PLATE-1__PICKEDSET2","ROCK","",      -1.02642,      -2.21480,      -2.21372,      -1.02750,  -35.7342E-03
F:/Desktop/DeepOnet_Abaqus/StaticElasticJob.odb,Step-1,Increment      1: Step Time =    1.000,"PLATE-1",          1390,             1,      -1.53600,  -755.895E-03,            0.,"ASSEMBLY_PLATE-1__PICKEDSET2","ROCK","",      -1.01113,      -2.25639,      -2.25476,      -1.01275,   44.9519E-03
F:/Desktop/DeepOnet_Abaqus/StaticElasticJob.odb,Step-1,Increment      1: Step Time =    1.000,"PLATE-1",          1391,             1,      -1.55225,      -1.14146,            0.,"ASSEMBLY_PLATE-1__PICKEDSET2","ROCK","",      -1.00106,      -2.27569,      -2.27476,      -1.00199,   34.4056E-03
F:/Desktop/DeepOnet_Abaqus/StaticElasticJob.odb,Step-1,Increment      1: Step Time =    1.000,"PLATE-1",          1392,             1,      -1.54838,      -1.55068,            0.,"ASSEMBLY_PLATE-1__PICKEDSET2","ROCK","",  -999.021E-03,      -2.28171,      -2.28130,  -999.425E-03,   22.7790E-03
F:/Desktop/DeepOnet_Abaqus/StaticElasticJob.odb,Step-1,Increment      1: Step Time =    1.000,"PLATE-1",          1393,             1,  -859.313E-03,      -1.54595,            0.,"ASSEMBLY_PLATE-1__PICKEDSET2","ROCK","",  -996.624E-03,      -2.30125,      -2.30098,  -996.894E-03,   18.7622E-03
F:/Desktop/DeepOnet_Abaqus/StaticElasticJob.odb,Step-1,Increment      1: Step Time =    1.000,"PLATE-1",          1394,             1,  -249.739E-03,      -1.55535,            0.,"ASSEMBLY_PLATE-1__PICKEDSET2","ROCK","",  -997.713E-03,      -2.31479,      -2.31471,  -997.796E-03,   10.4555E-03
F:/Desktop/DeepOnet_Abaqus/StaticElasticJob.odb,Step-1,Increment      1: Step Time =    1.000,"PLATE-1",          1395,             1,   144.634E-03,      -1.53958,            0.,"ASSEMBLY_PLATE-1__PICKEDSET2","ROCK","",  -993.142E-03,      -2.31912,      -2.31910,  -993.153E-03,   3.80659E-03
F:/Desktop/DeepOnet_Abaqus/StaticElasticJob.odb,Step-1,Increment      1: Step Time =    1.000,"PLATE-1",          1396,             1,   744.260E-03,      -1.56159,            0.,"ASSEMBLY_PLATE-1__PICKEDSET2","ROCK","",  -983.060E-03,      -2.30979,      -2.30969,  -983.157E-03,  -11.3748E-03
F:/Desktop/DeepOnet_Abaqus/StaticElasticJob.odb,Step-1,Increment      1: Step Time =    1.000,"PLATE-1",          1397,             1,       1.14573,      -1.54436,            0.,"ASSEMBLY_PLATE-1__PICKEDSET2","ROCK","",  -981.520E-03,      -2.29751,      -2.29715,  -981.885E-03,  -21.9004E-03
F:/Desktop/DeepOnet_Abaqus/StaticElasticJob.odb,Step-1,Increment      1: Step Time =    1.000,"PLATE-1",          1398,             1,       1.55471,  -857.611E-03,            0.,"ASSEMBLY_PLATE-1__PICKEDSET2","ROCK","",  -992.694E-03,      -2.25725,      -2.25491,  -995.041E-03,  -54.4271E-03
F:/Desktop/DeepOnet_Abaqus/StaticElasticJob.odb,Step-1,Increment      1: Step Time =    1.000,"PLATE-1",          1399,             1,       1.54632,  -442.027E-03,            0.,"ASSEMBLY_PLATE-1__PICKEDSET2","ROCK","",      -1.02169,      -2.20317,      -2.19998,      -1.02488,  -61.3107E-03
F:/Desktop/DeepOnet_Abaqus/StaticElasticJob.odb,Step-1,Increment      1: Step Time =    1.000,"PLATE-1",          1400,             1,       1.55066,   151.280E-03,            0.,"ASSEMBLY_PLATE-1__PICKEDSET2","ROCK","",      -1.06636,      -2.15108,      -2.15041,      -1.06703,   27.0336E-03
F:/Desktop/DeepOnet_Abaqus/StaticElasticJob.odb,Step-1,Increment      1: Step Time =    1.000,"PLATE-1",          1401,             1,       1.55296,   351.159E-03,            0.,"ASSEMBLY_PLATE-1__PICKEDSET2","ROCK","",      -1.04628,      -2.18648,      -2.18331,      -1.04945,   59.9764E-03
F:/Desktop/DeepOnet_Abaqus/StaticElasticJob.odb,Step-1,Increment      1: Step Time =    1.000,"PLATE-1",          1402,             1,       1.55061,       1.14195,            0.,"ASSEMBLY_PLATE-1__PICKEDSET2","ROCK","",  -996.872E-03,      -2.28979,      -2.28873,  -997.933E-03,   37.0065E-03
F:/Desktop/DeepOnet_Abaqus/StaticElasticJob.odb,Step-1,Increment      1: Step Time =    1.000,"PLATE-1",          1403,             1,       1.54891,       1.54978,            0.,"ASSEMBLY_PLATE-1__PICKEDSET2","ROCK","",  -997.896E-03,      -2.29047,      -2.29012,  -998.240E-03,   21.0620E-03
F:/Desktop/DeepOnet_Abaqus/StaticElasticJob.odb,Step-1,Increment      1: Step Time =    1.000,"PLATE-1",          1404,             1,       1.04278,       1.55341,            0.,"ASSEMBLY_PLATE-1__PICKEDSET2","ROCK","",  -999.229E-03,      -2.30432,      -2.30406,  -999.492E-03,   18.5277E-03
F:/Desktop/DeepOnet_Abaqus/StaticElasticJob.odb,Step-1,Increment      1: Step Time =    1.000,"PLATE-1",          1405,             1,   457.544E-03,       1.54652,            0.,"ASSEMBLY_PLATE-1__PICKEDSET2","ROCK","",  -993.777E-03,      -2.31991,      -2.31973,  -993.965E-03,   15.7906E-03
F:/Desktop/DeepOnet_Abaqus/StaticElasticJob.odb,Step-1,Increment      1: Step Time =    1.000,"PLATE-1",          1406,             1,  -138.826E-03,       1.54135,            0.,"ASSEMBLY_PLATE-1__PICKEDSET2","ROCK","",  -979.551E-03,      -2.32080,      -2.32080,  -979.551E-03,  -201.994E-06
F:/Desktop/DeepOnet_Abaqus/StaticElasticJob.odb,Step-1,Increment      1: Step Time =    1.000,"PLATE-1",          1407,             1,      -1.13951,       1.54418,            0.,"ASSEMBLY_PLATE-1__PICKEDSET2","ROCK","",  -981.553E-03,      -2.28646,      -2.28589,  -982.116E-03,  -27.0881E-03
F:/Desktop/DeepOnet_Abaqus/StaticElasticJob.odb,Step-1,Increment      1: Step Time =    1.000,"PLATE-1",          1408,             1,      -1.55108,       1.54794,            0.,"ASSEMBLY_PLATE-1__PICKEDSET2","ROCK","",  -991.819E-03,      -2.27275,      -2.27219,  -992.380E-03,  -26.8040E-03
F:/Desktop/DeepOnet_Abaqus/StaticElasticJob.odb,Step-1,Increment      1: Step Time =    1.000,"PLATE-1",          1409,             1,   6.92482E-03,   212.288E-03,            0.,"ASSEMBLY_PLATE-1__PICKEDSET2","ROCK","",  -89.5289E-03,      -4.22845,      -4.22798,  -89.9956E-03,   43.9392E-03
F:/Desktop/DeepOnet_Abaqus/StaticElasticJob.odb,Step-1,Increment      1: Step Time =    1.000,"PLATE-1",          1410,             1,  -306.575E-03,  -45.5182E-03,            0.,"ASSEMBLY_PLATE-1__PICKEDSET2","ROCK","",  -106.846E-03,      -1.43586,  -106.949E-03,      -1.43576,   11.7019E-03
F:/Desktop/DeepOnet_Abaqus/StaticElasticJob.odb,Step-1,Increment      1: Step Time =    1.000,"PLATE-1",          1411,             1,   47.3967E-03,  -210.094E-03,            0.,"ASSEMBLY_PLATE-1__PICKEDSET2","ROCK","",  -35.5162E-03,      -3.39901,      -3.38855,  -45.9787E-03,  -187.300E-03
F:/Desktop/DeepOnet_Abaqus/StaticElasticJob.odb,Step-1,Increment      1: Step Time =    1.000,"PLATE-1",          1412,             1,   29.8858E-03,  -210.137E-03,            0.,"ASSEMBLY_PLATE-1__PICKEDSET2","ROCK","",  -44.5254E-03,      -3.43028,      -3.42572,  -49.0839E-03,  -124.150E-03
F:/Desktop/DeepOnet_Abaqus/StaticElasticJob.odb,Step-1,Increment      1: Step Time =    1.000,"PLATE-1",          1413,             1,  -102.148E-03,  -206.750E-03,            0.,"ASSEMBLY_PLATE-1__PICKEDSET2","ROCK","",  -24.0233E-03,      -3.45139,      -3.39936,  -76.0593E-03,   419.093E-03
F:/Desktop/DeepOnet_Abaqus/StaticElasticJob.odb,Step-1,Increment      1: Step Time =    1.000,"PLATE-1",          1414,             1,  -45.1837E-03,   215.615E-03,            0.,"ASSEMBLY_PLATE-1__PICKEDSET2","ROCK","",  -244.854E-03,      -4.19099,      -4.12443,  -311.410E-03,  -508.142E-03
F:/Desktop/DeepOnet_Abaqus/StaticElasticJob.odb,Step-1,Increment      1: Step Time =    1.000,"PLATE-1",          1415,             1,   41.8790E-03,   214.654E-03,            0.,"ASSEMBLY_PLATE-1__PICKEDSET2","ROCK","",  -236.582E-03,      -4.12015,      -4.07123,  -285.500E-03,   433.112E-03
F:/Desktop/DeepOnet_Abaqus/StaticElasticJob.odb,Step-1,Increment      1: Step Time =    1.000,"PLATE-1",          1416,             1,   120.173E-03,  -206.346E-03,            0.,"ASSEMBLY_PLATE-1__PICKEDSET2","ROCK","",  -62.7431E-03,      -3.40784,      -3.33951,  -131.076E-03,  -473.193E-03
F:/Desktop/DeepOnet_Abaqus/StaticElasticJob.odb,Step-1,Increment      1: Step Time =    1.000,"PLATE-1",          1417,             1,  -118.253E-03,  -206.370E-03,            0.,"ASSEMBLY_PLATE-1__PICKEDSET2","ROCK","",  -64.7604E-03,      -3.48215,      -3.41137,  -135.544E-03,   486.707E-03
F:/Desktop/DeepOnet_Abaqus/StaticElasticJob.odb,Step-1,Increment      1: Step Time =    1.000,"PLATE-1",          1418,             1,   195.450E-03,  -194.776E-03,            0.,"ASSEMBLY_PLATE-1__PICKEDSET2","ROCK","",  -145.744E-03,      -3.58439,      -3.35129,  -378.840E-03,  -864.408E-03
F:/Desktop/DeepOnet_Abaqus/StaticElasticJob.odb,Step-1,Increment      1: Step Time =    1.000,"PLATE-1",          1419,             1,  -303.465E-03,  -64.1129E-03,            0.,"ASSEMBLY_PLATE-1__PICKEDSET2","ROCK","",  -143.149E-03,      -1.53956,  -159.768E-03,      -1.52294,   151.431E-03
F:/Desktop/DeepOnet_Abaqus/StaticElasticJob.odb,Step-1,Increment      1: Step Time =    1.000,"PLATE-1",          1420,             1,   189.136E-03,  -230.768E-03,            0.,"ASSEMBLY_PLATE-1__PICKEDSET2","ROCK","",  -304.785E-03,      -3.36001,      -3.17039,  -494.408E-03,  -737.146E-03
F:/Desktop/DeepOnet_Abaqus/StaticElasticJob.odb,Step-1,Increment      1: Step Time =    1.000,"PLATE-1",          1421,             1,   83.3693E-03,   234.131E-03,            0.,"ASSEMBLY_PLATE-1__PICKEDSET2","ROCK","",  -429.443E-03,      -3.57143,      -3.47557,  -525.303E-03,   540.372E-03
F:/Desktop/DeepOnet_Abaqus/StaticElasticJob.odb,Step-1,Increment      1: Step Time =    1.000,"PLATE-1",          1422,             1,   214.319E-03,  -190.096E-03,            0.,"ASSEMBLY_PLATE-1__PICKEDSET2","ROCK","",  -180.410E-03,      -3.74454,      -3.41500,  -509.950E-03,      -1.03244
F:/Desktop/DeepOnet_Abaqus/StaticElasticJob.odb,Step-1,Increment      1: Step Time =    1.000,"PLATE-1",          1423,             1,  -80.9306E-03,   204.828E-03,            0.,"ASSEMBLY_PLATE-1__PICKEDSET2","ROCK","",  -114.509E-03,      -4.03472,      -3.83800,  -311.233E-03,  -855.863E-03
F:/Desktop/DeepOnet_Abaqus/StaticElasticJob.odb,Step-1,Increment      1: Step Time =    1.000,"PLATE-1",          1424,             1,   79.0984E-03,   205.174E-03,            0.,"ASSEMBLY_PLATE-1__PICKEDSET2","ROCK","",  -158.517E-03,      -3.95336,      -3.75428,  -357.600E-03,   846.081E-03
F:/Desktop/DeepOnet_Abaqus/StaticElasticJob.odb,Step-1,Increment      1: Step Time =    1.000,"PLATE-1",          1425,             1,  -350.428E-03,  -118.680E-03,            0.,"ASSEMBLY_PLATE-1__PICKEDSET2","ROCK","",  -604.227E-03,      -2.34936,      -1.35653,      -1.59706,   864.237E-03
F:/Desktop/DeepOnet_Abaqus/StaticElasticJob.odb,Step-1,Increment      1: Step Time =    1.000,"PLATE-1",          1426,             1,   115.538E-03,   195.681E-03,            0.,"ASSEMBLY_PLATE-1__PICKEDSET2","ROCK","",  -128.478E-03,      -3.70387,      -3.33444,  -497.900E-03,       1.08828
F:/Desktop/DeepOnet_Abaqus/StaticElasticJob.odb,Step-1,Increment      1: Step Time =    1.000,"PLATE-1",          1427,             1,  -271.801E-03,  -170.048E-03,            0.,"ASSEMBLY_PLATE-1__PICKEDSET2","ROCK","",  -753.443E-03,      -4.10649,      -2.93364,      -1.92629,       1.59908
F:/Desktop/DeepOnet_Abaqus/StaticElasticJob.odb,Step-1,Increment      1: Step Time =    1.000,"PLATE-1",          1428,             1,  -214.408E-03,  -194.251E-03,            0.,"ASSEMBLY_PLATE-1__PICKEDSET2","ROCK","",  -158.957E-03,      -3.89905,      -3.53307,  -524.935E-03,       1.11124
F:/Desktop/DeepOnet_Abaqus/StaticElasticJob.odb,Step-1,Increment      1: Step Time =    1.000,"PLATE-1",          1429,             1,   305.228E-03,  -60.3504E-03,            0.,"ASSEMBLY_PLATE-1__PICKEDSET2","ROCK","",  -202.666E-03,      -1.29997,  -204.122E-03,      -1.29851,  -39.9445E-03
F:/Desktop/DeepOnet_Abaqus/StaticElasticJob.odb,Step-1,Increment      1: Step Time =    1.000,"PLATE-1",          1430,             1,   135.004E-03,   192.462E-03,            0.,"ASSEMBLY_PLATE-1__PICKEDSET2","ROCK","",  -168.002E-03,      -3.52522,      -3.07738,  -615.842E-03,       1.14146
F:/Desktop/DeepOnet_Abaqus/StaticElasticJob.odb,Step-1,Increment      1: Step Time =    1.000,"PLATE-1",          1431,             1,  -305.469E-03,  -23.1197E-03,            0.,"ASSEMBLY_PLATE-1__PICKEDSET2","ROCK","",  -140.886E-03,      -1.37971,  -152.315E-03,      -1.36828,  -118.441E-03
F:/Desktop/DeepOnet_Abaqus/StaticElasticJob.odb,Step-1,Increment      1: Step Time =    1.000,"PLATE-1",          1432,             1,  -403.445E-03,   92.6922E-03,            0.,"ASSEMBLY_PLATE-1__PICKEDSET2","ROCK","",  -817.321E-03,      -1.82195,      -1.35998,      -1.27929,  -500.691E-03
F:/Desktop/DeepOnet_Abaqus/StaticElasticJob.odb,Step-1,Increment      1: Step Time =    1.000,"PLATE-1",          1433,             1,   297.714E-03,  -1.62835E-03,            0.,"ASSEMBLY_PLATE-1__PICKEDSET2","ROCK","",  -129.457E-03,      -1.65262,  -270.128E-03,      -1.51195,   440.995E-03
F:/Desktop/DeepOnet_Abaqus/StaticElasticJob.odb,Step-1,Increment      1: Step Time =    1.000,"PLATE-1",          1434,             1,  -192.764E-03,   200.851E-03,            0.,"ASSEMBLY_PLATE-1__PICKEDSET2","ROCK","",  -359.787E-03,      -3.00238,      -2.58677,  -775.401E-03,  -962.064E-03
F:/Desktop/DeepOnet_Abaqus/StaticElasticJob.odb,Step-1,Increment      1: Step Time =    1.000,"PLATE-1",          1435,             1,   157.112E-03,   186.894E-03,            0.,"ASSEMBLY_PLATE-1__PICKEDSET2","ROCK","",  -365.311E-03,      -3.40317,      -2.83531,  -933.168E-03,       1.18432
F:/Desktop/DeepOnet_Abaqus/StaticElasticJob.odb,Step-1,Increment      1: Step Time =    1.000,"PLATE-1",          1436,             1,  -28.2116E-03,  -215.596E-03,            0.,"ASSEMBLY_PLATE-1__PICKEDSET2","ROCK","",  -72.9319E-03,      -3.43144,      -3.42736,  -77.0139E-03,   117.017E-03
F:/Desktop/DeepOnet_Abaqus/StaticElasticJob.odb,Step-1,Increment      1: Step Time =    1.000,"PLATE-1",          1437,             1,  -300.281E-03,   22.9547E-03,            0.,"ASSEMBLY_PLATE-1__PICKEDSET2","ROCK","",  -163.961E-03,      -1.50621,  -360.062E-03,      -1.31011,  -474.089E-03
F:/Desktop/DeepOnet_Abaqus/StaticElasticJob.odb,Step-1,Increment      1: Step Time =    1.000,"PLATE-1",          1438,             1,  -291.418E-03,   44.6024E-03,            0.,"ASSEMBLY_PLATE-1__PICKEDSET2","ROCK","",  -180.995E-03,      -1.65270,  -527.653E-03,      -1.30604,  -624.505E-03
F:/Desktop/DeepOnet_Abaqus/StaticElasticJob.odb,Step-1,Increment      1: Step Time =    1.000,"PLATE-1",          1439,             1,  -175.164E-03,   168.888E-03,            0.,"ASSEMBLY_PLATE-1__PICKEDSET2","ROCK","",  -136.559E-03,      -3.21131,      -2.50787,  -839.998E-03,      -1.29154
F:/Desktop/DeepOnet_Abaqus/StaticElasticJob.odb,Step-1,Increment      1: Step Time =    1.000,"PLATE-1",          1440,             1,  -288.581E-03,  -148.949E-03,            0.,"ASSEMBLY_PLATE-1__PICKEDSET2","ROCK","",  -521.382E-03,      -3.53270,      -1.90388,      -2.15020,       1.50061
F:/Desktop/DeepOnet_Abaqus/StaticElasticJob.odb,Step-1,Increment      1: Step Time =    1.000,"PLATE-1",          1441,             1,  -333.019E-03,   58.5776E-03,            0.,"ASSEMBLY_PLATE-1__PICKEDSET2","ROCK","",  -435.433E-03,      -1.77445,  -894.052E-03,      -1.31583,  -635.425E-03
F:/Desktop/DeepOnet_Abaqus/StaticElasticJob.odb,Step-1,Increment      1: Step Time =    1.000,"PLATE-1",          1442,             1,   308.662E-03,   161.142E-03,            0.,"ASSEMBLY_PLATE-1__PICKEDSET2","ROCK","",  -737.127E-03,      -2.18229,      -1.44441,      -1.47501,   722.422E-03
F:/Desktop/DeepOnet_Abaqus/StaticElasticJob.odb,Step-1,Increment      1: Step Time =    1.000,"PLATE-1",          1443,             1,  -254.183E-03,   106.812E-03,            0.,"ASSEMBLY_PLATE-1__PICKEDSET2","ROCK","",  -165.189E-03,      -2.28152,      -1.24032,      -1.20638,      -1.05803
F:/Desktop/DeepOnet_Abaqus/StaticElasticJob.odb,Step-1,Increment      1: Step Time =    1.000,"PLATE-1",          1444,             1,   238.022E-03,   126.998E-03,            0.,"ASSEMBLY_PLATE-1__PICKEDSET2","ROCK","",  -287.655E-03,      -3.03934,      -1.72988,      -1.59712,       1.37424
F:/Desktop/DeepOnet_Abaqus/StaticElasticJob.odb,Step-1,Increment      1: Step Time =    1.000,"PLATE-1",          1445,             1,   177.036E-03,   172.502E-03,            0.,"ASSEMBLY_PLATE-1__PICKEDSET2","ROCK","",  -258.358E-03,      -3.29246,      -2.53461,      -1.01621,       1.31342
F:/Desktop/DeepOnet_Abaqus/StaticElasticJob.odb,Step-1,Increment      1: Step Time =    1.000,"PLATE-1",          1446,             1,  -236.264E-03,   125.384E-03,            0.,"ASSEMBLY_PLATE-1__PICKEDSET2","ROCK","",  -173.243E-03,      -2.50038,      -1.53734,      -1.13628,      -1.14616
F:/Desktop/DeepOnet_Abaqus/StaticElasticJob.odb,Step-1,Increment      1: Step Time =    1.000,"PLATE-1",          1447,             1,   214.428E-03,   141.754E-03,            0.,"ASSEMBLY_PLATE-1__PICKEDSET2","ROCK","",  -151.817E-03,      -3.10341,      -1.92460,      -1.33062,       1.44560
F:/Desktop/DeepOnet_Abaqus/StaticElasticJob.odb,Step-1,Increment      1: Step Time =    1.000,"PLATE-1",          1448,             1,   83.6492E-03,  -212.341E-03,            0.,"ASSEMBLY_PLATE-1__PICKEDSET2","ROCK","",  -81.1735E-03,      -3.40261,      -3.37160,  -112.178E-03,  -319.404E-03
F:/Desktop/DeepOnet_Abaqus/StaticElasticJob.odb,Step-1,Increment      1: Step Time =    1.000,"PLATE-1",          1449,             1,   102.214E-03,  -210.497E-03,            0.,"ASSEMBLY_PLATE-1__PICKEDSET2","ROCK","",  -73.2115E-03,      -3.39983,      -3.35306,  -119.982E-03,  -391.661E-03
F:/Desktop/DeepOnet_Abaqus/StaticElasticJob.odb,Step-1,Increment      1: Step Time =    1.000,"PLATE-1",          1450,             1,  -156.244E-03,  -204.033E-03,            0.,"ASSEMBLY_PLATE-1__PICKEDSET2","ROCK","",  -100.288E-03,      -3.54724,      -3.41873,  -228.799E-03,   653.038E-03
F:/Desktop/DeepOnet_Abaqus/StaticElasticJob.odb,Step-1,Increment      1: Step Time =    1.000,"PLATE-1",          1451,             1,  -66.1311E-03,  -218.480E-03,            0.,"ASSEMBLY_PLATE-1__PICKEDSET2","ROCK","",  -92.5160E-03,      -3.43320,      -3.41232,  -113.393E-03,   263.265E-03
F:/Desktop/DeepOnet_Abaqus/StaticElasticJob.odb,Step-1,Increment      1: Step Time =    1.000,"PLATE-1",          1452,             1,  -181.998E-03,  -226.060E-03,            0.,"ASSEMBLY_PLATE-1__PICKEDSET2","ROCK","",  -265.649E-03,      -3.59406,      -3.36693,  -492.774E-03,   839.272E-03
F:/Desktop/DeepOnet_Abaqus/StaticElasticJob.odb,Step-1,Increment      1: Step Time =    1.000,"PLATE-1",          1453,             1,   139.061E-03,  -205.495E-03,            0.,"ASSEMBLY_PLATE-1__PICKEDSET2","ROCK","",  -82.0896E-03,      -3.42400,      -3.32944,  -176.645E-03,  -554.125E-03
F:/Desktop/DeepOnet_Abaqus/StaticElasticJob.odb,Step-1,Increment      1: Step Time =    1.000,"PLATE-1",          1454,             1,  -199.400E-03,  -227.826E-03,            0.,"ASSEMBLY_PLATE-1__PICKEDSET2","ROCK","",  -385.120E-03,      -3.51951,      -3.23118,  -673.455E-03,   905.879E-03
F:/Desktop/DeepOnet_Abaqus/StaticElasticJob.odb,Step-1,Increment      1: Step Time =    1.000,"PLATE-1",          1455,             1,  -237.515E-03,  -282.982E-03,            0.,"ASSEMBLY_PLATE-1__PICKEDSET2","ROCK","",  -769.842E-03,      -2.99325,      -2.77881,  -984.282E-03,   656.355E-03
F:/Desktop/DeepOnet_Abaqus/StaticElasticJob.odb,Step-1,Increment      1: Step Time =    1.000,"PLATE-1",          1456,             1,  -8.71804E-03,   212.056E-03,            0.,"ASSEMBLY_PLATE-1__PICKEDSET2","ROCK","",  -99.8622E-03,      -4.24439,      -4.24285,  -101.395E-03,  -79.6940E-03
F:/Desktop/DeepOnet_Abaqus/StaticElasticJob.odb,Step-1,Increment      1: Step Time =    1.000,"PLATE-1",          1457,             1,   60.7569E-03,   209.552E-03,            0.,"ASSEMBLY_PLATE-1__PICKEDSET2","ROCK","",  -199.192E-03,      -4.03780,      -3.92069,  -316.296E-03,   660.155E-03
F:/Desktop/DeepOnet_Abaqus/StaticElasticJob.odb,Step-1,Increment      1: Step Time =    1.000,"PLATE-1",          1458,             1,  -63.9226E-03,   211.236E-03,            0.,"ASSEMBLY_PLATE-1__PICKEDSET2","ROCK","",  -183.359E-03,      -4.13705,      -4.00579,  -314.622E-03,  -708.338E-03
F:/Desktop/DeepOnet_Abaqus/StaticElasticJob.odb,Step-1,Increment      1: Step Time =    1.000,"PLATE-1",          1459,             1,  -94.7492E-03,   229.212E-03,            0.,"ASSEMBLY_PLATE-1__PICKEDSET2","ROCK","",  -395.729E-03,      -3.63511,      -3.47054,  -560.295E-03,  -711.343E-03
F:/Desktop/DeepOnet_Abaqus/StaticElasticJob.odb,Step-1,Increment      1: Step Time =    1.000,"PLATE-1",          1460,             1,  -12.2013E-03,  -272.797E-03,            0.,"ASSEMBLY_PLATE-1__PICKEDSET2","ROCK","",  -266.453E-03,      -3.25013,      -3.24912,  -267.455E-03,   54.6738E-03
F:/Desktop/DeepOnet_Abaqus/StaticElasticJob.odb,Step-1,Increment      1: Step Time =    1.000,"PLATE-1",          1461,             1,  -118.123E-03,   198.973E-03,            0.,"ASSEMBLY_PLATE-1__PICKEDSET2","ROCK","",  -239.463E-03,      -3.76408,      -3.39588,  -607.657E-03,      -1.07804
F:/Desktop/DeepOnet_Abaqus/StaticElasticJob.odb,Step-1,Increment      1: Step Time =    1.000,"PLATE-1",          1462,             1,   303.827E-03,  -101.999E-03,            0.,"ASSEMBLY_PLATE-1__PICKEDSET2","ROCK","",  -262.218E-03,      -1.82997,  -517.355E-03,      -1.57484,  -578.703E-03
F:/Desktop/DeepOnet_Abaqus/StaticElasticJob.odb,Step-1,Increment      1: Step Time =    1.000,"PLATE-1",          1463,             1,   336.754E-03,  -117.935E-03,            0.,"ASSEMBLY_PLATE-1__PICKEDSET2","ROCK","",  -413.278E-03,      -2.16223,      -1.13604,      -1.43947,  -861.213E-03
F:/Desktop/DeepOnet_Abaqus/StaticElasticJob.odb,Step-1,Increment      1: Step Time =    1.000,"PLATE-1",          1464,             1,  -328.645E-03,  -75.3203E-03,            0.,"ASSEMBLY_PLATE-1__PICKEDSET2","ROCK","",  -336.783E-03,      -1.94656,  -527.142E-03,      -1.75620,   519.808E-03
F:/Desktop/DeepOnet_Abaqus/StaticElasticJob.odb,Step-1,Increment      1: Step Time =    1.000,"PLATE-1",          1465,             1,  -340.043E-03,  -147.583E-03,            0.,"ASSEMBLY_PLATE-1__PICKEDSET2","ROCK","",  -640.267E-03,      -2.69208,      -1.88120,      -1.45115,       1.00312
F:/Desktop/DeepOnet_Abaqus/StaticElasticJob.odb,Step-1,Increment      1: Step Time =    1.000,"PLATE-1",          1466,             1,   294.748E-03,  -124.081E-03,            0.,"ASSEMBLY_PLATE-1__PICKEDSET2","ROCK","",  -258.307E-03,      -2.42052,  -887.103E-03,      -1.79172,  -981.940E-03
F:/Desktop/DeepOnet_Abaqus/StaticElasticJob.odb,Step-1,Increment      1: Step Time =    1.000,"PLATE-1",          1467,             1,  -244.521E-03,   195.771E-03,            0.,"ASSEMBLY_PLATE-1__PICKEDSET2","ROCK","",  -423.266E-03,      -2.65295,      -2.24736,  -828.857E-03,  -860.137E-03
F:/Desktop/DeepOnet_Abaqus/StaticElasticJob.odb,Step-1,Increment      1: Step Time =    1.000,"PLATE-1",          1468,             1,   232.151E-03,  -222.862E-03,            0.,"ASSEMBLY_PLATE-1__PICKEDSET2","ROCK","",  -557.228E-03,      -3.32323,      -2.96362,  -916.839E-03,  -930.250E-03
F:/Desktop/DeepOnet_Abaqus/StaticElasticJob.odb,Step-1,Increment      1: Step Time =    1.000,"PLATE-1",          1469,             1,   303.246E-03,  -40.8407E-03,            0.,"ASSEMBLY_PLATE-1__PICKEDSET2","ROCK","",  -83.7030E-03,      -1.31339,  -94.8318E-03,      -1.30227,   116.453E-03
F:/Desktop/DeepOnet_Abaqus/StaticElasticJob.odb,Step-1,Increment      1: Step Time =    1.000,"PLATE-1",          1470,             1,  -303.700E-03,   278.942E-06,            0.,"ASSEMBLY_PLATE-1__PICKEDSET2","ROCK","",  -207.731E-03,      -1.40789,  -293.282E-03,      -1.32234,  -308.797E-03
F:/Desktop/DeepOnet_Abaqus/StaticElasticJob.odb,Step-1,Increment      1: Step Time =    1.000,"PLATE-1",          1471,             1,   327.328E-03,  -2.99757E-03,            0.,"ASSEMBLY_PLATE-1__PICKEDSET2","ROCK","",  -320.105E-03,      -1.86556,  -573.636E-03,      -1.61203,   572.314E-03
F:/Desktop/DeepOnet_Abaqus/StaticElasticJob.odb,Step-1,Increment      1: Step Time =    1.000,"PLATE-1",          1472,             1,   194.566E-03,   155.825E-03,            0.,"ASSEMBLY_PLATE-1__PICKEDSET2","ROCK","",  -225.080E-03,      -3.17775,      -2.21022,      -1.19262,       1.38589
F:/Desktop/DeepOnet_Abaqus/StaticElasticJob.odb,Step-1,Increment      1: Step Time =    1.000,"PLATE-1",          1473,             1,   288.154E-03,   40.7749E-03,            0.,"ASSEMBLY_PLATE-1__PICKEDSET2","ROCK","",  -59.6764E-03,      -2.32874,  -591.690E-03,      -1.79673,   961.319E-03
F:/Desktop/DeepOnet_Abaqus/StaticElasticJob.odb,Step-1,Increment      1: Step Time =    1.000,"PLATE-1",          1474,             1,  -269.031E-03,   86.9657E-03,            0.,"ASSEMBLY_PLATE-1__PICKEDSET2","ROCK","",  -177.662E-03,      -2.06880,  -986.070E-03,      -1.26039,  -935.569E-03
F:/Desktop/DeepOnet_Abaqus/StaticElasticJob.odb,Step-1,Increment      1: Step Time =    1.000,"PLATE-1",          1475,             1,  -312.045E-03,   111.127E-03,            0.,"ASSEMBLY_PLATE-1__PICKEDSET2","ROCK","",  -416.930E-03,      -2.07992,      -1.38258,      -1.11427,  -820.604E-03
F:/Desktop/DeepOnet_Abaqus/StaticElasticJob.odb,Step-1,Increment      1: Step Time =    1.000,"PLATE-1",          1476,             1,   279.595E-03,   61.4752E-03,            0.,"ASSEMBLY_PLATE-1__PICKEDSET2","ROCK","",  -178.146E-03,      -2.60146,  -904.210E-03,      -1.87539,       1.11009
F:/Desktop/DeepOnet_Abaqus/StaticElasticJob.odb,Step-1,Increment      1: Step Time =    1.000,"PLATE-1",          1477,             1,  -299.606E-03,  -126.456E-03,            0.,"ASSEMBLY_PLATE-1__PICKEDSET2","ROCK","",  -445.035E-03,      -2.81403,      -1.15228,      -2.10679,       1.08410
F:/Desktop/DeepOnet_Abaqus/StaticElasticJob.odb,Step-1,Increment      1: Step Time =    1.000,"PLATE-1",          1478,             1,   271.011E-03,   82.7627E-03,            0.,"ASSEMBLY_PLATE-1__PICKEDSET2","ROCK","",  -183.686E-03,      -2.83814,      -1.17473,      -1.84710,       1.28394
F:/Desktop/DeepOnet_Abaqus/StaticElasticJob.odb,Step-1,Increment      1: Step Time =    1.000,"PLATE-1",          1479,             1,   283.908E-03,  -144.610E-03,            0.,"ASSEMBLY_PLATE-1__PICKEDSET2","ROCK","",  -396.462E-03,      -3.25957,      -1.69681,      -1.95923,      -1.42553
F:/Desktop/DeepOnet_Abaqus/StaticElasticJob.odb,Step-1,Increment      1: Step Time =    1.000,"PLATE-1",          1480,             1,   2.75274E-03,  -264.917E-03,            0.,"ASSEMBLY_PLATE-1__PICKEDSET2","ROCK","",  -227.939E-03,      -3.27195,      -3.27194,  -227.952E-03,  -6.43634E-03
F:/Desktop/DeepOnet_Abaqus/StaticElasticJob.odb,Step-1,Increment      1: Step Time =    1.000,"PLATE-1",          1481,             1,  -137.818E-03,  -243.099E-03,            0.,"ASSEMBLY_PLATE-1__PICKEDSET2","ROCK","",  -258.562E-03,      -3.38071,      -3.27858,  -360.684E-03,   555.348E-03
F:/Desktop/DeepOnet_Abaqus/StaticElasticJob.odb,Step-1,Increment      1: Step Time =    1.000,"PLATE-1",          1482,             1,  -62.5327E-03,  -260.720E-03,            0.,"ASSEMBLY_PLATE-1__PICKEDSET2","ROCK","",  -246.644E-03,      -3.29152,      -3.27180,  -266.367E-03,   244.264E-03
F:/Desktop/DeepOnet_Abaqus/StaticElasticJob.odb,Step-1,Increment      1: Step Time =    1.000,"PLATE-1",          1483,             1,   99.2168E-03,  -257.560E-03,            0.,"ASSEMBLY_PLATE-1__PICKEDSET2","ROCK","",  -250.386E-03,      -3.25764,      -3.21858,  -289.450E-03,  -340.512E-03
F:/Desktop/DeepOnet_Abaqus/StaticElasticJob.odb,Step-1,Increment      1: Step Time =    1.000,"PLATE-1",          1484,             1,   124.075E-03,  -231.205E-03,            0.,"ASSEMBLY_PLATE-1__PICKEDSET2","ROCK","",  -150.419E-03,      -3.36602,      -3.29805,  -218.386E-03,  -462.531E-03
F:/Desktop/DeepOnet_Abaqus/StaticElasticJob.odb,Step-1,Increment      1: Step Time =    1.000,"PLATE-1",          1485,             1,   19.3660E-03,  -265.838E-03,            0.,"ASSEMBLY_PLATE-1__PICKEDSET2","ROCK","",  -230.591E-03,      -3.26724,      -3.26664,  -231.186E-03,  -42.5173E-03
F:/Desktop/DeepOnet_Abaqus/StaticElasticJob.odb,Step-1,Increment      1: Step Time =    1.000,"PLATE-1",          1486,             1,  -76.3175E-03,   245.279E-03,            0.,"ASSEMBLY_PLATE-1__PICKEDSET2","ROCK","",  -495.628E-03,      -3.50951,      -3.43703,  -568.109E-03,  -461.730E-03
F:/Desktop/DeepOnet_Abaqus/StaticElasticJob.odb,Step-1,Increment      1: Step Time =    1.000,"PLATE-1",          1487,             1,   391.066E-03,  -64.7111E-03,            0.,"ASSEMBLY_PLATE-1__PICKEDSET2","ROCK","",      -1.20349,      -1.54043,      -1.22118,      -1.52274,  -75.1491E-03
F:/Desktop/DeepOnet_Abaqus/StaticElasticJob.odb,Step-1,Increment      1: Step Time =    1.000,"PLATE-1",          1488,             1,   97.3152E-03,   200.584E-03,            0.,"ASSEMBLY_PLATE-1__PICKEDSET2","ROCK","",  -161.089E-03,      -3.85216,      -3.56552,  -447.728E-03,   987.847E-03
F:/Desktop/DeepOnet_Abaqus/StaticElasticJob.odb,Step-1,Increment      1: Step Time =    1.000,"PLATE-1",          1489,             1,   64.8206E-03,   264.856E-03,            0.,"ASSEMBLY_PLATE-1__PICKEDSET2","ROCK","",  -604.501E-03,      -3.32659,      -3.30226,  -628.832E-03,   256.203E-03
F:/Desktop/DeepOnet_Abaqus/StaticElasticJob.odb,Step-1,Increment      1: Step Time =    1.000,"PLATE-1",          1490,             1,  -117.467E-03,   257.673E-03,            0.,"ASSEMBLY_PLATE-1__PICKEDSET2","ROCK","",  -549.278E-03,      -3.24376,      -3.13467,  -658.371E-03,  -531.082E-03
F:/Desktop/DeepOnet_Abaqus/StaticElasticJob.odb,Step-1,Increment      1: Step Time =    1.000,"PLATE-1",          1491,             1,   106.194E-03,   258.555E-03,            0.,"ASSEMBLY_PLATE-1__PICKEDSET2","ROCK","",  -603.896E-03,      -3.20742,      -3.13191,  -679.406E-03,   436.912E-03
F:/Desktop/DeepOnet_Abaqus/StaticElasticJob.odb,Step-1,Increment      1: Step Time =    1.000,"PLATE-1",          1492,             1,  -264.491E-03,  -269.085E-03,            0.,"ASSEMBLY_PLATE-1__PICKEDSET2","ROCK","",  -903.010E-03,      -2.90617,      -2.68148,      -1.12770,   632.142E-03
F:/Desktop/DeepOnet_Abaqus/StaticElasticJob.odb,Step-1,Increment      1: Step Time =    1.000,"PLATE-1",          1493,             1,   175.306E-03,   235.433E-03,            0.,"ASSEMBLY_PLATE-1__PICKEDSET2","ROCK","",  -600.666E-03,      -2.89191,      -2.63281,  -859.760E-03,   725.614E-03
F:/Desktop/DeepOnet_Abaqus/StaticElasticJob.odb,Step-1,Increment      1: Step Time =    1.000,"PLATE-1",          1494,             1,  -359.676E-03,  -90.0836E-03,            0.,"ASSEMBLY_PLATE-1__PICKEDSET2","ROCK","",  -623.211E-03,      -2.01332,  -988.594E-03,      -1.64793,   611.895E-03
F:/Desktop/DeepOnet_Abaqus/StaticElasticJob.odb,Step-1,Increment      1: Step Time =    1.000,"PLATE-1",          1495,             1,   384.916E-03,  -127.106E-03,            0.,"ASSEMBLY_PLATE-1__PICKEDSET2","ROCK","",  -884.270E-03,      -2.07838,      -1.59648,      -1.36617,  -585.842E-03
F:/Desktop/DeepOnet_Abaqus/StaticElasticJob.odb,Step-1,Increment      1: Step Time =    1.000,"PLATE-1",          1496,             1,  -173.117E-03,   248.655E-03,            0.,"ASSEMBLY_PLATE-1__PICKEDSET2","ROCK","",  -527.094E-03,      -2.98848,      -2.81214,  -703.432E-03,  -634.775E-03
F:/Desktop/DeepOnet_Abaqus/StaticElasticJob.odb,Step-1,Increment      1: Step Time =    1.000,"PLATE-1",          1497,             1,   400.108E-03,   23.3238E-03,            0.,"ASSEMBLY_PLATE-1__PICKEDSET2","ROCK","",  -753.478E-03,      -2.07708,      -1.42465,      -1.40591,   661.736E-03
F:/Desktop/DeepOnet_Abaqus/StaticElasticJob.odb,Step-1,Increment      1: Step Time =    1.000,"PLATE-1",          1498,             1,  -273.060E-03,   197.554E-03,            0.,"ASSEMBLY_PLATE-1__PICKEDSET2","ROCK","",  -486.586E-03,      -2.50830,      -2.14517,  -849.718E-03,  -776.069E-03
F:/Desktop/DeepOnet_Abaqus/StaticElasticJob.odb,Step-1,Increment      1: Step Time =    1.000,"PLATE-1",          1499,             1,   355.044E-03,  -38.1413E-03,            0.,"ASSEMBLY_PLATE-1__PICKEDSET2","ROCK","",  -740.146E-03,      -1.76109,  -806.617E-03,      -1.69462,   251.884E-03
F:/Desktop/DeepOnet_Abaqus/StaticElasticJob.odb,Step-1,Increment      1: Step Time =    1.000,"PLATE-1",          1500,             1,  -386.694E-03,   46.3650E-03,            0.,"ASSEMBLY_PLATE-1__PICKEDSET2","ROCK","",  -798.428E-03,      -1.66982,      -1.04572,      -1.42253,  -392.853E-03
F:/Desktop/DeepOnet_Abaqus/StaticElasticJob.odb,Step-1,Increment      1: Step Time =    1.000,"PLATE-1",          1501,             1,   317.886E-03,   91.0300E-03,            0.,"ASSEMBLY_PLATE-1__PICKEDSET2","ROCK","",  -179.148E-03,      -2.67972,      -1.28082,      -1.57805,       1.24142
F:/Desktop/DeepOnet_Abaqus/StaticElasticJob.odb,Step-1,Increment      1: Step Time =    1.000,"PLATE-1",          1502,             1,  -303.523E-03,   190.074E-03,            0.,"ASSEMBLY_PLATE-1__PICKEDSET2","ROCK","",  -525.861E-03,      -2.38229,      -2.01785,  -890.299E-03,  -737.386E-03
F:/Desktop/DeepOnet_Abaqus/StaticElasticJob.odb,Step-1,Increment      1: Step Time =    1.000,"PLATE-1",          1503,             1,  -380.027E-03,  -161.811E-03,            0.,"ASSEMBLY_PLATE-1__PICKEDSET2","ROCK","",  -804.938E-03,      -2.42927,      -1.97116,      -1.26305,   730.934E-03
F:/Desktop/DeepOnet_Abaqus/StaticElasticJob.odb,Step-1,Increment      1: Step Time =    1.000,"PLATE-1",          1504,             1,   277.752E-03,  -238.035E-03,            0.,"ASSEMBLY_PLATE-1__PICKEDSET2","ROCK","",  -835.374E-03,      -2.85102,      -2.62814,      -1.05826,  -632.123E-03
F:/Desktop/DeepOnet_Abaqus/StaticElasticJob.odb,Step-1,Increment      1: Step Time =    1.000,"PLATE-1",          1505,             1,   324.009E-03,  -234.969E-03,            0.,"ASSEMBLY_PLATE-1__PICKEDSET2","ROCK","",  -844.043E-03,      -2.68381,      -2.47638,      -1.05147,  -581.887E-03
F:/Desktop/DeepOnet_Abaqus/StaticElasticJob.odb,Step-1,Increment      1: Step Time =    1.000,"PLATE-1",          1506,             1,   275.667E-03,   202.529E-03,            0.,"ASSEMBLY_PLATE-1__PICKEDSET2","ROCK","",  -798.411E-03,      -2.26822,      -1.82341,      -1.24322,   675.226E-03
F:/Desktop/DeepOnet_Abaqus/StaticElasticJob.odb,Step-1,Increment      1: Step Time =    1.000,"PLATE-1",          1507,             1,   1.50784E-03,   309.758E-03,            0.,"ASSEMBLY_PLATE-1__PICKEDSET2","ROCK","",  -745.359E-03,      -3.10236,      -3.10156,  -746.154E-03,  -43.2803E-03
F:/Desktop/DeepOnet_Abaqus/StaticElasticJob.odb,Step-1,Increment      1: Step Time =    1.000,"PLATE-1",          1508,             1,  -85.8356E-03,  -269.648E-03,            0.,"ASSEMBLY_PLATE-1__PICKEDSET2","ROCK","",  -285.520E-03,      -3.26734,      -3.23230,  -320.561E-03,   321.339E-03
F:/Desktop/DeepOnet_Abaqus/StaticElasticJob.odb,Step-1,Increment      1: Step Time =    1.000,"PLATE-1",          1509,             1,   65.0570E-03,  -210.710E-03,            0.,"ASSEMBLY_PLATE-1__PICKEDSET2","ROCK","",  -43.6333E-03,      -3.40077,      -3.38289,  -61.5106E-03,  -244.329E-03
F:/Desktop/DeepOnet_Abaqus/StaticElasticJob.odb,Step-1,Increment      1: Step Time =    1.000,"PLATE-1",          1510,             1,  -193.394E-03,  -277.456E-03,            0.,"ASSEMBLY_PLATE-1__PICKEDSET2","ROCK","",  -572.153E-03,      -3.12918,      -2.96546,  -735.870E-03,   625.958E-03
F:/Desktop/DeepOnet_Abaqus/StaticElasticJob.odb,Step-1,Increment      1: Step Time =    1.000,"PLATE-1",          1511,             1,   183.749E-03,  -312.317E-03,            0.,"ASSEMBLY_PLATE-1__PICKEDSET2","ROCK","",  -591.281E-03,      -2.96880,      -2.87928,  -680.795E-03,  -452.557E-03
F:/Desktop/DeepOnet_Abaqus/StaticElasticJob.odb,Step-1,Increment      1: Step Time =    1.000,"PLATE-1",          1512,             1,   194.221E-03,  -279.234E-03,            0.,"ASSEMBLY_PLATE-1__PICKEDSET2","ROCK","",  -545.800E-03,      -3.06625,      -2.92470,  -687.349E-03,  -580.286E-03
F:/Desktop/DeepOnet_Abaqus/StaticElasticJob.odb,Step-1,Increment      1: Step Time =    1.000,"PLATE-1",          1513,             1,   38.9892E-03,   348.830E-03,            0.,"ASSEMBLY_PLATE-1__PICKEDSET2","ROCK","",  -837.327E-03,      -2.85828,      -2.85826,  -837.347E-03,   6.34763E-03
F:/Desktop/DeepOnet_Abaqus/StaticElasticJob.odb,Step-1,Increment      1: Step Time =    1.000,"PLATE-1",          1514,             1,   326.238E-03,   48.0730E-03,            0.,"ASSEMBLY_PLATE-1__PICKEDSET2","ROCK","",  -300.636E-03,      -2.25767,      -1.03468,      -1.52362,   947.487E-03
F:/Desktop/DeepOnet_Abaqus/StaticElasticJob.odb,Step-1,Increment      1: Step Time =    1.000,"PLATE-1",          1515,             1,  -402.523E-03,  -91.0203E-03,            0.,"ASSEMBLY_PLATE-1__PICKEDSET2","ROCK","",  -858.828E-03,      -1.98720,      -1.32015,      -1.52587,   554.731E-03
F:/Desktop/DeepOnet_Abaqus/StaticElasticJob.odb,Step-1,Increment      1: Step Time =    1.000,"PLATE-1",          1516,             1,  -196.376E-03,   158.422E-03,            0.,"ASSEMBLY_PLATE-1__PICKEDSET2","ROCK","",  -179.379E-03,      -2.97707,      -2.20509,  -951.357E-03,      -1.25052
F:/Desktop/DeepOnet_Abaqus/StaticElasticJob.odb,Step-1,Increment      1: Step Time =    1.000,"PLATE-1",          1517,             1,   338.815E-03,  -273.400E-03,            0.,"ASSEMBLY_PLATE-1__PICKEDSET2","ROCK","",  -858.427E-03,      -2.59804,      -2.46972,  -986.748E-03,  -454.712E-03
F:/Desktop/DeepOnet_Abaqus/StaticElasticJob.odb,Step-1,Increment      1: Step Time =    1.000,"PLATE-1",          1518,             1,  -325.053E-03,  -176.640E-03,            0.,"ASSEMBLY_PLATE-1__PICKEDSET2","ROCK","",  -794.663E-03,      -2.91261,      -2.40292,      -1.30435,   905.381E-03
F:/Desktop/DeepOnet_Abaqus/StaticElasticJob.odb,Step-1,Increment      1: Step Time =    1.000,"PLATE-1",          1519,             1,   292.088E-03,  -185.996E-03,            0.,"ASSEMBLY_PLATE-1__PICKEDSET2","ROCK","",  -797.399E-03,      -2.92703,      -2.49846,      -1.22596,  -853.824E-03
F:/Desktop/DeepOnet_Abaqus/StaticElasticJob.odb,Step-1,Increment      1: Step Time =    1.000,"PLATE-1",          1520,             1,  -327.046E-03,  -271.735E-03,            0.,"ASSEMBLY_PLATE-1__PICKEDSET2","ROCK","",  -978.526E-03,      -2.65605,      -2.50286,      -1.13172,   483.234E-03
F:/Desktop/DeepOnet_Abaqus/StaticElasticJob.odb,Step-1,Increment      1: Step Time =    1.000,"PLATE-1",          1521,             1,  -336.077E-03,   174.069E-03,            0.,"ASSEMBLY_PLATE-1__PICKEDSET2","ROCK","",  -573.720E-03,      -2.24277,      -1.85316,  -963.329E-03,  -706.032E-03
F:/Desktop/DeepOnet_Abaqus/StaticElasticJob.odb,Step-1,Increment      1: Step Time =    1.000,"PLATE-1",          1522,             1,   207.913E-03,  -253.215E-03,            0.,"ASSEMBLY_PLATE-1__PICKEDSET2","ROCK","",  -515.371E-03,      -3.17607,      -2.95997,  -731.466E-03,  -726.820E-03
F:/Desktop/DeepOnet_Abaqus/StaticElasticJob.odb,Step-1,Increment      1: Step Time =    1.000,"PLATE-1",          1523,             1,  -225.875E-03,   225.776E-03,            0.,"ASSEMBLY_PLATE-1__PICKEDSET2","ROCK","",  -489.444E-03,      -2.77034,      -2.50806,  -751.728E-03,  -727.633E-03
F:/Desktop/DeepOnet_Abaqus/StaticElasticJob.odb,Step-1,Increment      1: Step Time =    1.000,"PLATE-1",          1524,             1,   188.221E-03,   281.629E-03,            0.,"ASSEMBLY_PLATE-1__PICKEDSET2","ROCK","",  -838.504E-03,      -2.60765,      -2.52001,  -926.147E-03,   383.891E-03
F:/Desktop/DeepOnet_Abaqus/StaticElasticJob.odb,Step-1,Increment      1: Step Time =    1.000,"PLATE-1",          1525,             1,  -393.496E-03,  -58.6448E-03,            0.,"ASSEMBLY_PLATE-1__PICKEDSET2","ROCK","",  -829.489E-03,      -1.74993,  -961.048E-03,      -1.61837,   322.156E-03
F:/Desktop/DeepOnet_Abaqus/StaticElasticJob.odb,Step-1,Increment      1: Step Time =    1.000,"PLATE-1",          1526,             1,   370.726E-03,  -172.136E-03,            0.,"ASSEMBLY_PLATE-1__PICKEDSET2","ROCK","",  -776.665E-03,      -2.39000,      -2.02858,      -1.13808,  -672.657E-03
F:/Desktop/DeepOnet_Abaqus/StaticElasticJob.odb,Step-1,Increment      1: Step Time =    1.000,"PLATE-1",          1527,             1,   353.431E-03,   150.430E-03,            0.,"ASSEMBLY_PLATE-1__PICKEDSET2","ROCK","",  -398.907E-03,      -1.97883,  -973.814E-03,      -1.40393,   760.127E-03
F:/Desktop/DeepOnet_Abaqus/StaticElasticJob.odb,Step-1,Increment      1: Step Time =    1.000,"PLATE-1",          1528,             1,   372.938E-03,   206.568E-03,            0.,"ASSEMBLY_PLATE-1__PICKEDSET2","ROCK","",      -1.01414,      -1.68326,      -1.30686,      -1.39054,   331.935E-03
F:/Desktop/DeepOnet_Abaqus/StaticElasticJob.odb,Step-1,Increment      1: Step Time =    1.000,"PLATE-1",          1529,             1,   362.743E-03,   71.0322E-03,            0.,"ASSEMBLY_PLATE-1__PICKEDSET2","ROCK","",  -297.022E-03,      -2.65802,      -1.45561,      -1.49943,       1.18030
F:/Desktop/DeepOnet_Abaqus/StaticElasticJob.odb,Step-1,Increment      1: Step Time =    1.000,"PLATE-1",          1530,             1,   439.663E-03,   189.019E-03,            0.,"ASSEMBLY_PLATE-1__PICKEDSET2","ROCK","",  -341.368E-03,      -1.10013,  -346.687E-03,      -1.09481,   63.3034E-03
F:/Desktop/DeepOnet_Abaqus/StaticElasticJob.odb,Step-1,Increment      1: Step Time =    1.000,"PLATE-1",          1531,             1,   404.184E-03,   116.852E-03,            0.,"ASSEMBLY_PLATE-1__PICKEDSET2","ROCK","",  -139.756E-03,      -2.37557,  -772.956E-03,      -1.74237,       1.00736
F:/Desktop/DeepOnet_Abaqus/StaticElasticJob.odb,Step-1,Increment      1: Step Time =    1.000,"PLATE-1",          1532,             1,   96.4832E-03,  -305.844E-03,            0.,"ASSEMBLY_PLATE-1__PICKEDSET2","ROCK","",  -408.534E-03,      -3.10709,      -3.08071,  -434.906E-03,  -265.464E-03
F:/Desktop/DeepOnet_Abaqus/StaticElasticJob.odb,Step-1,Increment      1: Step Time =    1.000,"PLATE-1",          1533,             1,  -57.8012E-03,  -331.719E-03,            0.,"ASSEMBLY_PLATE-1__PICKEDSET2","ROCK","",  -471.205E-03,      -3.06672,      -3.05397,  -483.958E-03,   181.491E-03
F:/Desktop/DeepOnet_Abaqus/StaticElasticJob.odb,Step-1,Increment      1: Step Time =    1.000,"PLATE-1",          1534,             1,  -211.973E-03,  -327.060E-03,            0.,"ASSEMBLY_PLATE-1__PICKEDSET2","ROCK","",  -739.302E-03,      -2.90742,      -2.78291,  -863.815E-03,   504.436E-03
F:/Desktop/DeepOnet_Abaqus/StaticElasticJob.odb,Step-1,Increment      1: Step Time =    1.000,"PLATE-1",          1535,             1,   145.214E-03,  -305.279E-03,            0.,"ASSEMBLY_PLATE-1__PICKEDSET2","ROCK","",  -486.922E-03,      -3.06049,      -2.99406,  -553.352E-03,  -408.103E-03
F:/Desktop/DeepOnet_Abaqus/StaticElasticJob.odb,Step-1,Increment      1: Step Time =    1.000,"PLATE-1",          1536,             1,  -122.907E-03,  -278.678E-03,            0.,"ASSEMBLY_PLATE-1__PICKEDSET2","ROCK","",  -384.452E-03,      -3.22854,      -3.15664,  -456.349E-03,   446.445E-03
F:/Desktop/DeepOnet_Abaqus/StaticElasticJob.odb,Step-1,Increment      1: Step Time =    1.000,"PLATE-1",          1537,             1,   210.697E-03,  -323.851E-03,            0.,"ASSEMBLY_PLATE-1__PICKEDSET2","ROCK","",  -686.211E-03,      -2.87285,      -2.77863,  -780.433E-03,  -444.019E-03
F:/Desktop/DeepOnet_Abaqus/StaticElasticJob.odb,Step-1,Increment      1: Step Time =    1.000,"PLATE-1",          1538,             1,  -286.769E-03,  -240.219E-03,            0.,"ASSEMBLY_PLATE-1__PICKEDSET2","ROCK","",  -961.932E-03,      -2.85078,      -2.59052,      -1.22219,   651.041E-03
F:/Desktop/DeepOnet_Abaqus/StaticElasticJob.odb,Step-1,Increment      1: Step Time =    1.000,"PLATE-1",          1539,             1,  -280.188E-03,  -315.687E-03,            0.,"ASSEMBLY_PLATE-1__PICKEDSET2","ROCK","",  -920.424E-03,      -2.71350,      -2.58310,      -1.05082,   465.631E-03
F:/Desktop/DeepOnet_Abaqus/StaticElasticJob.odb,Step-1,Increment      1: Step Time =    1.000,"PLATE-1",          1540,             1,   251.944E-03,  -300.914E-03,            0.,"ASSEMBLY_PLATE-1__PICKEDSET2","ROCK","",  -784.504E-03,      -2.80022,      -2.66590,  -918.832E-03,  -502.715E-03
F:/Desktop/DeepOnet_Abaqus/StaticElasticJob.odb,Step-1,Increment      1: Step Time =    1.000,"PLATE-1",          1541,             1,  -317.566E-03,   231.313E-03,            0.,"ASSEMBLY_PLATE-1__PICKEDSET2","ROCK","",  -604.962E-03,      -2.40300,      -2.15661,  -851.350E-03,  -618.310E-03
F:/Desktop/DeepOnet_Abaqus/StaticElasticJob.odb,Step-1,Increment      1: Step Time =    1.000,"PLATE-1",          1542,             1,  -445.000E-03,  -83.2643E-03,            0.,"ASSEMBLY_PLATE-1__PICKEDSET2","ROCK","",      -1.05758,      -1.81996,      -1.44404,      -1.43350,   381.152E-03
F:/Desktop/DeepOnet_Abaqus/StaticElasticJob.odb,Step-1,Increment      1: Step Time =    1.000,"PLATE-1",          1543,             1,  -251.137E-03,   226.484E-03,            0.,"ASSEMBLY_PLATE-1__PICKEDSET2","ROCK","",  -515.656E-03,      -2.65789,      -2.39113,  -782.416E-03,  -707.320E-03
F:/Desktop/DeepOnet_Abaqus/StaticElasticJob.odb,Step-1,Increment      1: Step Time =    1.000,"PLATE-1",          1544,             1,   231.672E-03,   231.778E-03,            0.,"ASSEMBLY_PLATE-1__PICKEDSET2","ROCK","",  -778.212E-03,      -2.45753,      -2.19897,      -1.03677,   606.092E-03
F:/Desktop/DeepOnet_Abaqus/StaticElasticJob.odb,Step-1,Increment      1: Step Time =    1.000,"PLATE-1",          1545,             1,   125.811E-03,  -400.931E-03,            0.,"ASSEMBLY_PLATE-1__PICKEDSET2","ROCK","",  -677.244E-03,      -2.81946,      -2.80045,  -696.257E-03,  -200.923E-03
F:/Desktop/DeepOnet_Abaqus/StaticElasticJob.odb,Step-1,Increment      1: Step Time =    1.000,"PLATE-1",          1546,             1,  -228.736E-03,  -396.937E-03,            0.,"ASSEMBLY_PLATE-1__PICKEDSET2","ROCK","",  -849.187E-03,      -2.70723,      -2.64336,  -913.056E-03,   338.514E-03
F:/Desktop/DeepOnet_Abaqus/StaticElasticJob.odb,Step-1,Increment      1: Step Time =    1.000,"PLATE-1",          1547,             1,  -130.045E-03,  -350.152E-03,            0.,"ASSEMBLY_PLATE-1__PICKEDSET2","ROCK","",  -607.957E-03,      -2.96639,      -2.91446,  -659.880E-03,   346.065E-03
F:/Desktop/DeepOnet_Abaqus/StaticElasticJob.odb,Step-1,Increment      1: Step Time =    1.000,"PLATE-1",          1548,             1,  -417.455E-03,  -176.542E-03,            0.,"ASSEMBLY_PLATE-1__PICKEDSET2","ROCK","",  -917.166E-03,      -2.28798,      -1.99506,      -1.21009,   561.911E-03
F:/Desktop/DeepOnet_Abaqus/StaticElasticJob.odb,Step-1,Increment      1: Step Time =    1.000,"PLATE-1",          1549,             1,   69.9882E-03,   340.452E-03,            0.,"ASSEMBLY_PLATE-1__PICKEDSET2","ROCK","",  -827.536E-03,      -2.84280,      -2.84059,  -829.748E-03,   66.7354E-03
F:/Desktop/DeepOnet_Abaqus/StaticElasticJob.odb,Step-1,Increment      1: Step Time =    1.000,"PLATE-1",          1550,             1,   416.751E-03,  -109.818E-03,            0.,"ASSEMBLY_PLATE-1__PICKEDSET2","ROCK","",      -1.15273,      -2.05416,      -1.67125,      -1.53564,  -445.587E-03
F:/Desktop/DeepOnet_Abaqus/StaticElasticJob.odb,Step-1,Increment      1: Step Time =    1.000,"PLATE-1",          1551,             1,   154.010E-03,   358.737E-03,            0.,"ASSEMBLY_PLATE-1__PICKEDSET2","ROCK","",  -872.322E-03,      -2.65747,      -2.65067,  -879.120E-03,   109.957E-03
F:/Desktop/DeepOnet_Abaqus/StaticElasticJob.odb,Step-1,Increment      1: Step Time =    1.000,"PLATE-1",          1552,             1,   399.630E-03,  -167.151E-03,            0.,"ASSEMBLY_PLATE-1__PICKEDSET2","ROCK","",  -964.601E-03,      -2.30404,      -1.98896,      -1.27968,  -568.117E-03
F:/Desktop/DeepOnet_Abaqus/StaticElasticJob.odb,Step-1,Increment      1: Step Time =    1.000,"PLATE-1",          1553,             1,   222.498E-03,   354.226E-03,            0.,"ASSEMBLY_PLATE-1__PICKEDSET2","ROCK","",  -896.397E-03,      -2.46118,      -2.45451,  -903.070E-03,   101.967E-03
F:/Desktop/DeepOnet_Abaqus/StaticElasticJob.odb,Step-1,Increment      1: Step Time =    1.000,"PLATE-1",          1554,             1,  -109.934E-03,   369.021E-03,            0.,"ASSEMBLY_PLATE-1__PICKEDSET2","ROCK","",  -815.534E-03,      -2.75965,      -2.74281,  -832.371E-03,  -180.134E-03
F:/Desktop/DeepOnet_Abaqus/StaticElasticJob.odb,Step-1,Increment      1: Step Time =    1.000,"PLATE-1",          1555,             1,   314.641E-03,   268.901E-03,            0.,"ASSEMBLY_PLATE-1__PICKEDSET2","ROCK","",  -999.844E-03,      -1.95648,      -1.88876,      -1.06756,   245.341E-03
F:/Desktop/DeepOnet_Abaqus/StaticElasticJob.odb,Step-1,Increment      1: Step Time =    1.000,"PLATE-1",          1556,             1,  -111.277E-03,  -394.567E-03,            0.,"ASSEMBLY_PLATE-1__PICKEDSET2","ROCK","",  -673.033E-03,      -2.86412,      -2.83586,  -701.291E-03,   247.218E-03
F:/Desktop/DeepOnet_Abaqus/StaticElasticJob.odb,Step-1,Increment      1: Step Time =    1.000,"PLATE-1",          1557,             1,   94.9735E-03,  -373.350E-03,            0.,"ASSEMBLY_PLATE-1__PICKEDSET2","ROCK","",  -587.525E-03,      -2.91948,      -2.90533,  -601.668E-03,  -181.060E-03
F:/Desktop/DeepOnet_Abaqus/StaticElasticJob.odb,Step-1,Increment      1: Step Time =    1.000,"PLATE-1",          1558,             1,   133.830E-03,  -433.637E-03,            0.,"ASSEMBLY_PLATE-1__PICKEDSET2","ROCK","",  -726.445E-03,      -2.75829,      -2.74249,  -742.247E-03,  -178.488E-03
F:/Desktop/DeepOnet_Abaqus/StaticElasticJob.odb,Step-1,Increment      1: Step Time =    1.000,"PLATE-1",          1559,             1,   209.948E-03,  -360.461E-03,            0.,"ASSEMBLY_PLATE-1__PICKEDSET2","ROCK","",  -727.300E-03,      -2.79722,      -2.73126,  -793.255E-03,  -363.553E-03
F:/Desktop/DeepOnet_Abaqus/StaticElasticJob.odb,Step-1,Increment      1: Step Time =    1.000,"PLATE-1",          1560,             1,  -521.065E-03,   242.558E-03,            0.,"ASSEMBLY_PLATE-1__PICKEDSET2","ROCK","",  -946.256E-03,      -2.08571,      -1.97398,      -1.05799,  -338.863E-03
F:/Desktop/DeepOnet_Abaqus/StaticElasticJob.odb,Step-1,Increment      1: Step Time =    1.000,"PLATE-1",          1561,             1,   62.1191E-03,   378.407E-03,            0.,"ASSEMBLY_PLATE-1__PICKEDSET2","ROCK","",  -871.436E-03,      -2.71509,      -2.71499,  -871.531E-03,  -13.2558E-03
F:/Desktop/DeepOnet_Abaqus/StaticElasticJob.odb,Step-1,Increment      1: Step Time =    1.000,"PLATE-1",          1562,             1,   143.761E-03,  -379.579E-03,            0.,"ASSEMBLY_PLATE-1__PICKEDSET2","ROCK","",  -660.785E-03,      -2.84753,      -2.81790,  -690.417E-03,  -252.823E-03
F:/Desktop/DeepOnet_Abaqus/StaticElasticJob.odb,Step-1,Increment      1: Step Time =    1.000,"PLATE-1",          1563,             1,  -160.506E-03,  -378.233E-03,            0.,"ASSEMBLY_PLATE-1__PICKEDSET2","ROCK","",  -715.055E-03,      -2.85516,      -2.79775,  -772.465E-03,   345.786E-03
F:/Desktop/DeepOnet_Abaqus/StaticElasticJob.odb,Step-1,Increment      1: Step Time =    1.000,"PLATE-1",          1564,             1,   102.185E-03,   337.659E-03,            0.,"ASSEMBLY_PLATE-1__PICKEDSET2","ROCK","",  -825.780E-03,      -2.83968,      -2.83327,  -832.185E-03,   113.386E-03
F:/Desktop/DeepOnet_Abaqus/StaticElasticJob.odb,Step-1,Increment      1: Step Time =    1.000,"PLATE-1",          1565,             1,   3.75842E-03,   272.875E-03,            0.,"ASSEMBLY_PLATE-1__PICKEDSET2","ROCK","",  -618.962E-03,      -3.37863,      -3.37806,  -619.532E-03,  -39.6585E-03
F:/Desktop/DeepOnet_Abaqus/StaticElasticJob.odb,Step-1,Increment      1: Step Time =    1.000,"PLATE-1",          1566,             1,   560.335E-03,  -97.4402E-03,            0.,"ASSEMBLY_PLATE-1__PICKEDSET2","ROCK","",      -1.33205,      -1.91796,      -1.90452,      -1.34550,  -87.7299E-03
F:/Desktop/DeepOnet_Abaqus/StaticElasticJob.odb,Step-1,Increment      1: Step Time =    1.000,"PLATE-1",          1567,             1,  -358.096E-03,   241.182E-03,            0.,"ASSEMBLY_PLATE-1__PICKEDSET2","ROCK","",  -678.967E-03,      -2.31557,      -2.09496,  -899.577E-03,  -558.912E-03
F:/Desktop/DeepOnet_Abaqus/StaticElasticJob.odb,Step-1,Increment      1: Step Time =    1.000,"PLATE-1",          1568,             1,   388.800E-03,  -201.039E-03,            0.,"ASSEMBLY_PLATE-1__PICKEDSET2","ROCK","",  -910.584E-03,      -2.44656,      -2.19779,      -1.15936,  -565.879E-03
F:/Desktop/DeepOnet_Abaqus/StaticElasticJob.odb,Step-1,Increment      1: Step Time =    1.000,"PLATE-1",          1569,             1,   441.121E-03,   284.006E-03,            0.,"ASSEMBLY_PLATE-1__PICKEDSET2","ROCK","",  -321.507E-03,      -1.72008,      -1.48847,  -553.115E-03,  -519.883E-03
F:/Desktop/DeepOnet_Abaqus/StaticElasticJob.odb,Step-1,Increment      1: Step Time =    1.000,"PLATE-1",          1570,             1,   299.224E-03,   329.998E-03,            0.,"ASSEMBLY_PLATE-1__PICKEDSET2","ROCK","",  -951.045E-03,      -2.18043,      -2.17846,  -953.019E-03,   49.2239E-03
F:/Desktop/DeepOnet_Abaqus/StaticElasticJob.odb,Step-1,Increment      1: Step Time =    1.000,"PLATE-1",          1571,             1,  -285.944E-03,  -405.887E-03,            0.,"ASSEMBLY_PLATE-1__PICKEDSET2","ROCK","",  -920.785E-03,      -2.59893,      -2.54441,  -975.299E-03,   297.506E-03
F:/Desktop/DeepOnet_Abaqus/StaticElasticJob.odb,Step-1,Increment      1: Step Time =    1.000,"PLATE-1",          1572,             1,  -486.439E-03,  -43.3596E-03,            0.,"ASSEMBLY_PLATE-1__PICKEDSET2","ROCK","",      -1.25709,      -1.62259,      -1.47033,      -1.40935,   180.190E-03
F:/Desktop/DeepOnet_Abaqus/StaticElasticJob.odb,Step-1,Increment      1: Step Time =    1.000,"PLATE-1",          1573,             1,   355.879E-03,  -350.840E-03,            0.,"ASSEMBLY_PLATE-1__PICKEDSET2","ROCK","",  -900.537E-03,      -2.55017,      -2.48190,  -968.806E-03,  -328.570E-03
F:/Desktop/DeepOnet_Abaqus/StaticElasticJob.odb,Step-1,Increment      1: Step Time =    1.000,"PLATE-1",          1574,             1,  -369.472E-03,  -289.746E-03,            0.,"ASSEMBLY_PLATE-1__PICKEDSET2","ROCK","",  -956.118E-03,      -2.53882,      -2.42647,      -1.06847,   406.449E-03
F:/Desktop/DeepOnet_Abaqus/StaticElasticJob.odb,Step-1,Increment      1: Step Time =    1.000,"PLATE-1",          1575,             1,  -454.168E-03,  -287.473E-03,            0.,"ASSEMBLY_PLATE-1__PICKEDSET2","ROCK","",  -958.835E-03,      -2.38913,      -2.29511,      -1.05285,   354.451E-03
F:/Desktop/DeepOnet_Abaqus/StaticElasticJob.odb,Step-1,Increment      1: Step Time =    1.000,"PLATE-1",          1576,             1,  -19.4315E-03,  -346.544E-03,            0.,"ASSEMBLY_PLATE-1__PICKEDSET2","ROCK","",  -500.454E-03,      -3.01688,      -3.01472,  -502.617E-03,   73.7407E-03
F:/Desktop/DeepOnet_Abaqus/StaticElasticJob.odb,Step-1,Increment      1: Step Time =    1.000,"PLATE-1",          1577,             1,   417.054E-03,  -240.773E-03,            0.,"ASSEMBLY_PLATE-1__PICKEDSET2","ROCK","",  -914.018E-03,      -2.40984,      -2.25291,      -1.07095,  -458.383E-03
F:/Desktop/DeepOnet_Abaqus/StaticElasticJob.odb,Step-1,Increment      1: Step Time =    1.000,"PLATE-1",          1578,             1,  -273.187E-03,   359.509E-03,            0.,"ASSEMBLY_PLATE-1__PICKEDSET2","ROCK","",  -741.342E-03,      -2.54973,      -2.49229,  -798.785E-03,  -317.145E-03
F:/Desktop/DeepOnet_Abaqus/StaticElasticJob.odb,Step-1,Increment      1: Step Time =    1.000,"PLATE-1",          1579,             1,   486.183E-03,  -11.4622E-03,            0.,"ASSEMBLY_PLATE-1__PICKEDSET2","ROCK","",      -1.14232,      -2.80227,      -2.31583,      -1.62876,   755.540E-03
F:/Desktop/DeepOnet_Abaqus/StaticElasticJob.odb,Step-1,Increment      1: Step Time =    1.000,"PLATE-1",          1580,             1,   323.498E-03,   420.817E-03,            0.,"ASSEMBLY_PLATE-1__PICKEDSET2","ROCK","",  -671.572E-03,      -2.64995,      -2.64755,  -673.964E-03,  -68.7598E-03
F:/Desktop/DeepOnet_Abaqus/StaticElasticJob.odb,Step-1,Increment      1: Step Time =    1.000,"PLATE-1",          1581,             1,   269.828E-03,   389.215E-03,            0.,"ASSEMBLY_PLATE-1__PICKEDSET2","ROCK","",  -807.765E-03,      -2.34832,      -2.34119,  -814.897E-03,  -104.573E-03
F:/Desktop/DeepOnet_Abaqus/StaticElasticJob.odb,Step-1,Increment      1: Step Time =    1.000,"PLATE-1",          1582,             1,   228.542E-03,   449.216E-03,            0.,"ASSEMBLY_PLATE-1__PICKEDSET2","ROCK","",  -795.824E-03,      -2.60728,      -2.60622,  -796.877E-03,  -43.6608E-03
F:/Desktop/DeepOnet_Abaqus/StaticElasticJob.odb,Step-1,Increment      1: Step Time =    1.000,"PLATE-1",          1583,             1,   166.677E-03,  -434.765E-03,            0.,"ASSEMBLY_PLATE-1__PICKEDSET2","ROCK","",  -752.466E-03,      -2.73126,      -2.70976,  -773.962E-03,  -205.119E-03
F:/Desktop/DeepOnet_Abaqus/StaticElasticJob.odb,Step-1,Increment      1: Step Time =    1.000,"PLATE-1",          1584,             1,  -148.658E-03,  -398.719E-03,            0.,"ASSEMBLY_PLATE-1__PICKEDSET2","ROCK","",  -733.017E-03,      -2.81213,      -2.77036,  -774.789E-03,   291.725E-03
F:/Desktop/DeepOnet_Abaqus/StaticElasticJob.odb,Step-1,Increment      1: Step Time =    1.000,"PLATE-1",          1585,             1,  -453.597E-03,  -118.365E-03,            0.,"ASSEMBLY_PLATE-1__PICKEDSET2","ROCK","",      -1.01861,      -2.00468,      -1.68049,      -1.34280,   463.223E-03
F:/Desktop/DeepOnet_Abaqus/StaticElasticJob.odb,Step-1,Increment      1: Step Time =    1.000,"PLATE-1",          1586,             1,  -200.167E-03,   396.165E-03,            0.,"ASSEMBLY_PLATE-1__PICKEDSET2","ROCK","",  -797.129E-03,      -2.60517,      -2.57889,  -823.406E-03,  -216.380E-03
F:/Desktop/DeepOnet_Abaqus/StaticElasticJob.odb,Step-1,Increment      1: Step Time =    1.000,"PLATE-1",          1587,             1,   135.800E-03,   429.791E-03,            0.,"ASSEMBLY_PLATE-1__PICKEDSET2","ROCK","",  -870.940E-03,      -2.61119,      -2.60934,  -872.791E-03,  -56.7252E-03
F:/Desktop/DeepOnet_Abaqus/StaticElasticJob.odb,Step-1,Increment      1: Step Time =    1.000,"PLATE-1",          1588,             1,   47.6353E-03,   420.530E-03,            0.,"ASSEMBLY_PLATE-1__PICKEDSET2","ROCK","",  -892.352E-03,      -2.68233,      -2.68086,  -893.821E-03,  -51.2493E-03
F:/Desktop/DeepOnet_Abaqus/StaticElasticJob.odb,Step-1,Increment      1: Step Time =    1.000,"PLATE-1",          1589,             1,  -301.587E-03,   329.729E-03,            0.,"ASSEMBLY_PLATE-1__PICKEDSET2","ROCK","",  -715.215E-03,      -2.50077,      -2.41250,  -803.493E-03,  -387.083E-03
F:/Desktop/DeepOnet_Abaqus/StaticElasticJob.odb,Step-1,Increment      1: Step Time =    1.000,"PLATE-1",          1590,             1,  -373.562E-03,   212.333E-03,            0.,"ASSEMBLY_PLATE-1__PICKEDSET2","ROCK","",  -679.007E-03,      -2.26190,      -2.00406,  -936.844E-03,  -584.508E-03
F:/Desktop/DeepOnet_Abaqus/StaticElasticJob.odb,Step-1,Increment      1: Step Time =    1.000,"PLATE-1",          1591,             1,  -488.782E-03,   66.4960E-03,            0.,"ASSEMBLY_PLATE-1__PICKEDSET2","ROCK","",      -1.19322,      -1.63916,      -1.49215,      -1.34023,  -209.635E-03
F:/Desktop/DeepOnet_Abaqus/StaticElasticJob.odb,Step-1,Increment      1: Step Time =    1.000,"PLATE-1",          1592,             1,  -195.374E-03,   289.243E-03,            0.,"ASSEMBLY_PLATE-1__PICKEDSET2","ROCK","",  -646.406E-03,      -2.79247,      -2.69550,  -743.377E-03,  -445.763E-03
F:/Desktop/DeepOnet_Abaqus/StaticElasticJob.odb,Step-1,Increment      1: Step Time =    1.000,"PLATE-1",          1593,             1,   69.1088E-03,  -409.817E-03,            0.,"ASSEMBLY_PLATE-1__PICKEDSET2","ROCK","",  -645.769E-03,      -2.85039,      -2.84578,  -650.379E-03,  -100.712E-03
F:/Desktop/DeepOnet_Abaqus/StaticElasticJob.odb,Step-1,Increment      1: Step Time =    1.000,"PLATE-1",          1594,             1,  -161.086E-03,   408.188E-03,            0.,"ASSEMBLY_PLATE-1__PICKEDSET2","ROCK","",  -827.380E-03,      -2.63279,      -2.61537,  -844.799E-03,  -176.475E-03
F:/Desktop/DeepOnet_Abaqus/StaticElasticJob.odb,Step-1,Increment      1: Step Time =    1.000,"PLATE-1",          1595,             1,  -266.852E-03,   436.018E-03,            0.,"ASSEMBLY_PLATE-1__PICKEDSET2","ROCK","",  -814.027E-03,      -2.51068,      -2.48564,  -839.071E-03,  -204.605E-03
F:/Desktop/DeepOnet_Abaqus/StaticElasticJob.odb,Step-1,Increment      1: Step Time =    1.000,"PLATE-1",          1596,             1,  -483.415E-03,  -79.2612E-03,            0.,"ASSEMBLY_PLATE-1__PICKEDSET2","ROCK","",      -1.14421,      -1.79971,      -1.55220,      -1.39171,   317.775E-03
F:/Desktop/DeepOnet_Abaqus/StaticElasticJob.odb,Step-1,Increment      1: Step Time =    1.000,"PLATE-1",          1597,             1,   300.541E-03,  -412.117E-03,            0.,"ASSEMBLY_PLATE-1__PICKEDSET2","ROCK","",  -868.536E-03,      -2.58615,      -2.54072,  -913.970E-03,  -275.635E-03
F:/Desktop/DeepOnet_Abaqus/StaticElasticJob.odb,Step-1,Increment      1: Step Time =    1.000,"PLATE-1",          1598,             1,   496.351E-03,  -160.940E-03,            0.,"ASSEMBLY_PLATE-1__PICKEDSET2","ROCK","",      -1.22091,      -1.99487,      -1.89810,      -1.31768,  -255.994E-03
F:/Desktop/DeepOnet_Abaqus/StaticElasticJob.odb,Step-1,Increment      1: Step Time =    1.000,"PLATE-1",          1599,             1,  -35.5760E-03,   416.887E-03,            0.,"ASSEMBLY_PLATE-1__PICKEDSET2","ROCK","",  -887.497E-03,      -2.69128,      -2.68704,  -891.743E-03,  -87.4193E-03
F:/Desktop/DeepOnet_Abaqus/StaticElasticJob.odb,Step-1,Increment      1: Step Time =    1.000,"PLATE-1",          1600,             1,   440.811E-03,  -298.049E-03,            0.,"ASSEMBLY_PLATE-1__PICKEDSET2","ROCK","",  -970.591E-03,      -2.40774,      -2.32307,      -1.05527,  -338.409E-03
F:/Desktop/DeepOnet_Abaqus/StaticElasticJob.odb,Step-1,Increment      1: Step Time =    1.000,"PLATE-1",          1601,             1,   484.499E-03,   407.564E-03,            0.,"ASSEMBLY_PLATE-1__PICKEDSET2","ROCK","",  -589.312E-03,      -2.75405,      -2.74058,  -602.787E-03,   170.259E-03
F:/Desktop/DeepOnet_Abaqus/StaticElasticJob.odb,Step-1,Increment      1: Step Time =    1.000,"PLATE-1",          1602,             1,   416.923E-03,   375.080E-03,            0.,"ASSEMBLY_PLATE-1__PICKEDSET2","ROCK","",  -495.612E-03,      -2.77562,      -2.76308,  -508.153E-03,  -168.627E-03
F:/Desktop/DeepOnet_Abaqus/StaticElasticJob.odb,Step-1,Increment      1: Step Time =    1.000,"PLATE-1",          1603,             1,   184.641E-03,   403.729E-03,            0.,"ASSEMBLY_PLATE-1__PICKEDSET2","ROCK","",  -866.966E-03,      -2.48789,      -2.48735,  -867.506E-03,  -29.5938E-03
F:/Desktop/DeepOnet_Abaqus/StaticElasticJob.odb,Step-1,Increment      1: Step Time =    1.000,"PLATE-1",          1604,             1,  -197.675E-03,  -425.866E-03,            0.,"ASSEMBLY_PLATE-1__PICKEDSET2","ROCK","",  -824.437E-03,      -2.70302,      -2.66148,  -865.984E-03,   276.268E-03
F:/Desktop/DeepOnet_Abaqus/StaticElasticJob.odb,Step-1,Increment      1: Step Time =    1.000,"PLATE-1",          1605,             1,  -163.180E-03,  -434.931E-03,            0.,"ASSEMBLY_PLATE-1__PICKEDSET2","ROCK","",  -789.268E-03,      -2.73257,      -2.70110,  -820.736E-03,   245.279E-03
F:/Desktop/DeepOnet_Abaqus/StaticElasticJob.odb,Step-1,Increment      1: Step Time =    1.000,"PLATE-1",          1606,             1,  -544.392E-03,   89.1872E-03,            0.,"ASSEMBLY_PLATE-1__PICKEDSET2","ROCK","",      -1.20046,      -1.72304,      -1.64464,      -1.27886,  -186.609E-03
F:/Desktop/DeepOnet_Abaqus/StaticElasticJob.odb,Step-1,Increment      1: Step Time =    1.000,"PLATE-1",          1607,             1,  -566.728E-03,  -27.8784E-03,            0.,"ASSEMBLY_PLATE-1__PICKEDSET2","ROCK","",      -1.29953,      -1.68035,      -1.65626,      -1.32362,   92.7020E-03
F:/Desktop/DeepOnet_Abaqus/StaticElasticJob.odb,Step-1,Increment      1: Step Time =    1.000,"PLATE-1",          1608,             1,  -516.207E-03,  -89.0212E-03,            0.,"ASSEMBLY_PLATE-1__PICKEDSET2","ROCK","",      -1.15690,      -1.83699,      -1.67218,      -1.32170,   291.410E-03
F:/Desktop/DeepOnet_Abaqus/StaticElasticJob.odb,Step-1,Increment      1: Step Time =    1.000,"PLATE-1",          1609,             1,  -392.014E-03,   369.056E-03,            0.,"ASSEMBLY_PLATE-1__PICKEDSET2","ROCK","",  -793.049E-03,      -2.37470,      -2.30370,  -864.058E-03,  -327.520E-03
F:/Desktop/DeepOnet_Abaqus/StaticElasticJob.odb,Step-1,Increment      1: Step Time =    1.000,"PLATE-1",          1610,             1,  -419.859E-03,   309.520E-03,            0.,"ASSEMBLY_PLATE-1__PICKEDSET2","ROCK","",  -792.413E-03,      -2.30220,      -2.19025,  -904.364E-03,  -395.586E-03
F:/Desktop/DeepOnet_Abaqus/StaticElasticJob.odb,Step-1,Increment      1: Step Time =    1.000,"PLATE-1",          1611,             1,   264.670E-03,  -446.076E-03,            0.,"ASSEMBLY_PLATE-1__PICKEDSET2","ROCK","",  -855.178E-03,      -2.59706,      -2.56753,  -884.705E-03,  -224.854E-03
F:/Desktop/DeepOnet_Abaqus/StaticElasticJob.odb,Step-1,Increment      1: Step Time =    1.000,"PLATE-1",          1612,             1,  -309.207E-03,  -369.755E-03,            0.,"ASSEMBLY_PLATE-1__PICKEDSET2","ROCK","",  -935.280E-03,      -2.60262,      -2.52839,      -1.00950,   343.870E-03
F:/Desktop/DeepOnet_Abaqus/StaticElasticJob.odb,Step-1,Increment      1: Step Time =    1.000,"PLATE-1",          1613,             1,  -507.632E-03,  -152.399E-03,            0.,"ASSEMBLY_PLATE-1__PICKEDSET2","ROCK","",      -1.04415,      -2.05935,      -1.87585,      -1.22765,   390.662E-03
F:/Desktop/DeepOnet_Abaqus/StaticElasticJob.odb,Step-1,Increment      1: Step Time =    1.000,"PLATE-1",          1614,             1,  -179.223E-03,   455.946E-03,            0.,"ASSEMBLY_PLATE-1__PICKEDSET2","ROCK","",  -852.064E-03,      -2.56421,      -2.55268,  -863.594E-03,  -140.029E-03
F:/Desktop/DeepOnet_Abaqus/StaticElasticJob.odb,Step-1,Increment      1: Step Time =    1.000,"PLATE-1",          1615,             1,  -8.47657E-03,  -425.322E-03,            0.,"ASSEMBLY_PLATE-1__PICKEDSET2","ROCK","",  -661.380E-03,      -2.83677,      -2.83586,  -662.291E-03,   44.5185E-03
F:/Desktop/DeepOnet_Abaqus/StaticElasticJob.odb,Step-1,Increment      1: Step Time =    1.000,"PLATE-1",          1616,             1,  -532.965E-03,   12.5637E-03,            0.,"ASSEMBLY_PLATE-1__PICKEDSET2","ROCK","",      -1.35098,      -1.55863,      -1.55810,      -1.35150,  -10.4406E-03
F:/Desktop/DeepOnet_Abaqus/StaticElasticJob.odb,Step-1,Increment      1: Step Time =    1.000,"PLATE-1",          1617,             1,  -486.591E-03,   206.242E-03,            0.,"ASSEMBLY_PLATE-1__PICKEDSET2","ROCK","",  -914.823E-03,      -2.05447,      -1.89105,      -1.07824,  -399.416E-03
F:/Desktop/DeepOnet_Abaqus/StaticElasticJob.odb,Step-1,Increment      1: Step Time =    1.000,"PLATE-1",          1618,             1,   491.660E-03,  -274.889E-03,            0.,"ASSEMBLY_PLATE-1__PICKEDSET2","ROCK","",  -987.300E-03,      -2.34281,      -2.25341,      -1.07671,  -336.448E-03
F:/Desktop/DeepOnet_Abaqus/StaticElasticJob.odb,Step-1,Increment      1: Step Time =    1.000,"PLATE-1",          1619,             1,   463.008E-03,  -209.790E-03,            0.,"ASSEMBLY_PLATE-1__PICKEDSET2","ROCK","",      -1.05399,      -2.31063,      -2.19448,      -1.17015,  -363.972E-03
F:/Desktop/DeepOnet_Abaqus/StaticElasticJob.odb,Step-1,Increment      1: Step Time =    1.000,"PLATE-1",          1620,             1,  -236.901E-03,   381.230E-03,            0.,"ASSEMBLY_PLATE-1__PICKEDSET2","ROCK","",  -771.926E-03,      -2.58609,      -2.54917,  -808.851E-03,  -256.171E-03
F:/Desktop/DeepOnet_Abaqus/StaticElasticJob.odb,Step-1,Increment      1: Step Time =    1.000,"PLATE-1",          1621,             1,  -406.574E-03,   141.043E-03,            0.,"ASSEMBLY_PLATE-1__PICKEDSET2","ROCK","",  -785.918E-03,      -1.96830,      -1.60139,      -1.15283,  -546.995E-03
F:/Desktop/DeepOnet_Abaqus/StaticElasticJob.odb,Step-1,Increment      1: Step Time =    1.000,"PLATE-1",          1622,             1,   396.330E-03,  -319.379E-03,            0.,"ASSEMBLY_PLATE-1__PICKEDSET2","ROCK","",  -905.023E-03,      -2.48534,      -2.40407,  -986.298E-03,  -349.048E-03
F:/Desktop/DeepOnet_Abaqus/StaticElasticJob.odb,Step-1,Increment      1: Step Time =    1.000,"PLATE-1",          1623,             1,   38.5467E-03,  -401.786E-03,            0.,"ASSEMBLY_PLATE-1__PICKEDSET2","ROCK","",  -619.400E-03,      -2.88027,      -2.87910,  -620.569E-03,  -51.3939E-03
F:/Desktop/DeepOnet_Abaqus/StaticElasticJob.odb,Step-1,Increment      1: Step Time =    1.000,"PLATE-1",          1624,             1,  -228.281E-03,   513.220E-03,            0.,"ASSEMBLY_PLATE-1__PICKEDSET2","ROCK","",  -865.628E-03,      -2.49042,      -2.47998,  -876.071E-03,  -129.838E-03
F:/Desktop/DeepOnet_Abaqus/StaticElasticJob.odb,Step-1,Increment      1: Step Time =    1.000,"PLATE-1",          1625,             1,  -103.556E-03,   492.262E-03,            0.,"ASSEMBLY_PLATE-1__PICKEDSET2","ROCK","",  -897.042E-03,      -2.54908,      -2.54379,  -902.333E-03,  -93.3386E-03
F:/Desktop/DeepOnet_Abaqus/StaticElasticJob.odb,Step-1,Increment      1: Step Time =    1.000,"PLATE-1",          1626,             1,   550.312E-03,  -262.559E-03,            0.,"ASSEMBLY_PLATE-1__PICKEDSET2","ROCK","",      -1.05630,      -2.20427,      -2.14829,      -1.11228,  -247.243E-03
F:/Desktop/DeepOnet_Abaqus/StaticElasticJob.odb,Step-1,Increment      1: Step Time =    1.000,"PLATE-1",          1627,             1,  -468.006E-03,   247.384E-03,            0.,"ASSEMBLY_PLATE-1__PICKEDSET2","ROCK","",  -859.171E-03,      -2.15618,      -2.01052,      -1.00483,  -409.524E-03
F:/Desktop/DeepOnet_Abaqus/StaticElasticJob.odb,Step-1,Increment      1: Step Time =    1.000,"PLATE-1",          1628,             1,   89.0355E-03,   429.716E-03,            0.,"ASSEMBLY_PLATE-1__PICKEDSET2","ROCK","",  -888.450E-03,      -2.60871,      -2.60818,  -888.981E-03,  -30.2163E-03
F:/Desktop/DeepOnet_Abaqus/StaticElasticJob.odb,Step-1,Increment      1: Step Time =    1.000,"PLATE-1",          1629,             1,   151.498E-03,   583.730E-03,            0.,"ASSEMBLY_PLATE-1__PICKEDSET2","ROCK","",  -875.023E-03,      -2.54984,      -2.54797,  -876.886E-03,  -55.8250E-03
F:/Desktop/DeepOnet_Abaqus/StaticElasticJob.odb,Step-1,Increment      1: Step Time =    1.000,"PLATE-1",          1630,             1,  -474.388E-03,   299.165E-03,            0.,"ASSEMBLY_PLATE-1__PICKEDSET2","ROCK","",  -853.877E-03,      -2.22038,      -2.11271,  -961.544E-03,  -368.151E-03
F:/Desktop/DeepOnet_Abaqus/StaticElasticJob.odb,Step-1,Increment      1: Step Time =    1.000,"PLATE-1",          1631,             1,   81.3786E-03,   479.284E-03,            0.,"ASSEMBLY_PLATE-1__PICKEDSET2","ROCK","",  -897.250E-03,      -2.57772,      -2.57500,  -899.964E-03,  -67.4797E-03
F:/Desktop/DeepOnet_Abaqus/StaticElasticJob.odb,Step-1,Increment      1: Step Time =    1.000,"PLATE-1",          1632,             1,   130.195E-03,   492.859E-03,            0.,"ASSEMBLY_PLATE-1__PICKEDSET2","ROCK","",  -879.169E-03,      -2.56940,      -2.56851,  -880.067E-03,  -38.9416E-03
F:/Desktop/DeepOnet_Abaqus/StaticElasticJob.odb,Step-1,Increment      1: Step Time =    1.000,"PLATE-1",          1633,             1,  -561.377E-03,  -138.884E-03,            0.,"ASSEMBLY_PLATE-1__PICKEDSET2","ROCK","",      -1.11444,      -1.97955,      -1.86886,      -1.22512,   288.968E-03
F:/Desktop/DeepOnet_Abaqus/StaticElasticJob.odb,Step-1,Increment      1: Step Time =    1.000,"PLATE-1",          1634,             1,  -497.090E-03,  -271.317E-03,            0.,"ASSEMBLY_PLATE-1__PICKEDSET2","ROCK","",  -973.445E-03,      -2.31692,      -2.22514,      -1.06523,   338.944E-03
F:/Desktop/DeepOnet_Abaqus/StaticElasticJob.odb,Step-1,Increment      1: Step Time =    1.000,"PLATE-1",          1635,             1,   503.685E-03,  -349.241E-03,            0.,"ASSEMBLY_PLATE-1__PICKEDSET2","ROCK","",  -978.604E-03,      -2.34977,      -2.31148,      -1.01690,  -225.917E-03
F:/Desktop/DeepOnet_Abaqus/StaticElasticJob.odb,Step-1,Increment      1: Step Time =    1.000,"PLATE-1",          1636,             1,   339.815E-03,   524.340E-03,            0.,"ASSEMBLY_PLATE-1__PICKEDSET2","ROCK","",  -765.651E-03,      -2.60583,      -2.60554,  -765.941E-03,  -23.1268E-03
F:/Desktop/DeepOnet_Abaqus/StaticElasticJob.odb,Step-1,Increment      1: Step Time =    1.000,"PLATE-1",          1637,             1,   294.965E-03,   590.009E-03,            0.,"ASSEMBLY_PLATE-1__PICKEDSET2","ROCK","",  -817.092E-03,      -2.51986,      -2.51965,  -817.303E-03,   18.9709E-03
F:/Desktop/DeepOnet_Abaqus/StaticElasticJob.odb,Step-1,Increment      1: Step Time =    1.000,"PLATE-1",          1638,             1,   382.293E-03,   453.555E-03,            0.,"ASSEMBLY_PLATE-1__PICKEDSET2","ROCK","",  -684.072E-03,      -2.53472,      -2.53269,  -686.109E-03,   61.3594E-03
F:/Desktop/DeepOnet_Abaqus/StaticElasticJob.odb,Step-1,Increment      1: Step Time =    1.000,"PLATE-1",          1639,             1,  -255.020E-03,  -438.302E-03,            0.,"ASSEMBLY_PLATE-1__PICKEDSET2","ROCK","",  -900.232E-03,      -2.60555,      -2.56328,  -942.508E-03,   265.153E-03
F:/Desktop/DeepOnet_Abaqus/StaticElasticJob.odb,Step-1,Increment      1: Step Time =    1.000,"PLATE-1",          1640,             1,  -506.097E-03,  -400.669E-03,            0.,"ASSEMBLY_PLATE-1__PICKEDSET2","ROCK","",  -970.046E-03,      -2.37891,      -2.34016,      -1.00880,   230.416E-03
F:/Desktop/DeepOnet_Abaqus/StaticElasticJob.odb,Step-1,Increment      1: Step Time =    1.000,"PLATE-1",          1641,             1,  -351.099E-03,  -399.338E-03,            0.,"ASSEMBLY_PLATE-1__PICKEDSET2","ROCK","",  -957.425E-03,      -2.52585,      -2.47469,      -1.00858,   278.595E-03
F:/Desktop/DeepOnet_Abaqus/StaticElasticJob.odb,Step-1,Increment      1: Step Time =    1.000,"PLATE-1",          1642,             1,   104.367E-03,  -444.882E-03,            0.,"ASSEMBLY_PLATE-1__PICKEDSET2","ROCK","",  -720.968E-03,      -2.76062,      -2.75298,  -728.608E-03,  -124.601E-03
F:/Desktop/DeepOnet_Abaqus/StaticElasticJob.odb,Step-1,Increment      1: Step Time =    1.000,"PLATE-1",          1643,             1,  -509.315E-03,   99.7946E-03,            0.,"ASSEMBLY_PLATE-1__PICKEDSET2","ROCK","",      -1.13796,      -1.74675,      -1.61074,      -1.27396,  -253.573E-03
F:/Desktop/DeepOnet_Abaqus/StaticElasticJob.odb,Step-1,Increment      1: Step Time =    1.000,"PLATE-1",          1644,             1,  -339.243E-03,   457.412E-03,            0.,"ASSEMBLY_PLATE-1__PICKEDSET2","ROCK","",  -825.211E-03,      -2.43545,      -2.40557,  -855.095E-03,  -217.317E-03
F:/Desktop/DeepOnet_Abaqus/StaticElasticJob.odb,Step-1,Increment      1: Step Time =    1.000,"PLATE-1",          1645,             1,  -151.168E-03,  -474.464E-03,            0.,"ASSEMBLY_PLATE-1__PICKEDSET2","ROCK","",  -819.468E-03,      -2.67845,      -2.65706,  -840.856E-03,   198.251E-03
F:/Desktop/DeepOnet_Abaqus/StaticElasticJob.odb,Step-1,Increment      1: Step Time =    1.000,"PLATE-1",          1646,             1,  -83.8263E-03,  -498.298E-03,            0.,"ASSEMBLY_PLATE-1__PICKEDSET2","ROCK","",  -795.507E-03,      -2.68563,      -2.67823,  -802.904E-03,   118.006E-03
F:/Desktop/DeepOnet_Abaqus/StaticElasticJob.odb,Step-1,Increment      1: Step Time =    1.000,"PLATE-1",          1647,             1,  -443.396E-03,   390.907E-03,            0.,"ASSEMBLY_PLATE-1__PICKEDSET2","ROCK","",  -828.480E-03,      -2.33043,      -2.26651,  -892.398E-03,  -303.176E-03
F:/Desktop/DeepOnet_Abaqus/StaticElasticJob.odb,Step-1,Increment      1: Step Time =    1.000,"PLATE-1",          1648,             1,   1.19161E-03,   553.848E-03,            0.,"ASSEMBLY_PLATE-1__PICKEDSET2","ROCK","",  -925.612E-03,      -2.50274,      -2.49995,  -928.405E-03,  -66.3122E-03
F:/Desktop/DeepOnet_Abaqus/StaticElasticJob.odb,Step-1,Increment      1: Step Time =    1.000,"PLATE-1",          1649,             1,  -582.074E-03,  -362.222E-03,            0.,"ASSEMBLY_PLATE-1__PICKEDSET2","ROCK","",  -983.339E-03,      -2.31307,      -2.27119,      -1.02523,   232.256E-03
F:/Desktop/DeepOnet_Abaqus/StaticElasticJob.odb,Step-1,Increment      1: Step Time =    1.000,"PLATE-1",          1650,             1,  -543.617E-03,  -254.445E-03,            0.,"ASSEMBLY_PLATE-1__PICKEDSET2","ROCK","",  -998.255E-03,      -2.24477,      -2.15998,      -1.08304,   313.845E-03
F:/Desktop/DeepOnet_Abaqus/StaticElasticJob.odb,Step-1,Increment      1: Step Time =    1.000,"PLATE-1",          1651,             1,  -483.530E-03,   349.924E-03,            0.,"ASSEMBLY_PLATE-1__PICKEDSET2","ROCK","",  -858.016E-03,      -2.26807,      -2.19336,  -932.717E-03,  -315.836E-03
F:/Desktop/DeepOnet_Abaqus/StaticElasticJob.odb,Step-1,Increment      1: Step Time =    1.000,"PLATE-1",          1652,             1,   293.037E-03,  -496.125E-03,            0.,"ASSEMBLY_PLATE-1__PICKEDSET2","ROCK","",  -881.628E-03,      -2.54273,      -2.52363,  -900.732E-03,  -177.114E-03
F:/Desktop/DeepOnet_Abaqus/StaticElasticJob.odb,Step-1,Increment      1: Step Time =    1.000,"PLATE-1",          1653,             1,   372.924E-03,  -507.773E-03,            0.,"ASSEMBLY_PLATE-1__PICKEDSET2","ROCK","",  -916.384E-03,      -2.47488,      -2.45568,  -935.588E-03,  -171.933E-03
F:/Desktop/DeepOnet_Abaqus/StaticElasticJob.odb,Step-1,Increment      1: Step Time =    1.000,"PLATE-1",          1654,             1,   162.843E-03,  -476.848E-03,            0.,"ASSEMBLY_PLATE-1__PICKEDSET2","ROCK","",  -798.603E-03,      -2.66213,      -2.65071,  -810.028E-03,  -145.462E-03
F:/Desktop/DeepOnet_Abaqus/StaticElasticJob.odb,Step-1,Increment      1: Step Time =    1.000,"PLATE-1",          1655,             1,  -516.519E-03,   131.628E-03,            0.,"ASSEMBLY_PLATE-1__PICKEDSET2","ROCK","",      -1.08235,      -1.83710,      -1.70181,      -1.21764,  -289.497E-03
F:/Desktop/DeepOnet_Abaqus/StaticElasticJob.odb,Step-1,Increment      1: Step Time =    1.000,"PLATE-1",          1656,             1,  -552.845E-03,  -92.6486E-03,            0.,"ASSEMBLY_PLATE-1__PICKEDSET2","ROCK","",      -1.18363,      -1.85440,      -1.75287,      -1.28515,   240.399E-03
F:/Desktop/DeepOnet_Abaqus/StaticElasticJob.odb,Step-1,Increment      1: Step Time =    1.000,"PLATE-1",          1657,             1,  -522.466E-03,  -201.920E-03,            0.,"ASSEMBLY_PLATE-1__PICKEDSET2","ROCK","",      -1.01634,      -2.17394,      -2.04565,      -1.14463,   363.377E-03
F:/Desktop/DeepOnet_Abaqus/StaticElasticJob.odb,Step-1,Increment      1: Step Time =    1.000,"PLATE-1",          1658,             1,  -585.843E-03,   77.8357E-03,            0.,"ASSEMBLY_PLATE-1__PICKEDSET2","ROCK","",      -1.23657,      -1.74070,      -1.70972,      -1.26755,  -121.067E-03
F:/Desktop/DeepOnet_Abaqus/StaticElasticJob.odb,Step-1,Increment      1: Step Time =    1.000,"PLATE-1",          1659,             1,   2.25096E-03,   467.681E-03,            0.,"ASSEMBLY_PLATE-1__PICKEDSET2","ROCK","",  -908.463E-03,      -2.60900,      -2.60533,  -912.127E-03,  -78.8497E-03
F:/Desktop/DeepOnet_Abaqus/StaticElasticJob.odb,Step-1,Increment      1: Step Time =    1.000,"PLATE-1",          1660,             1,  -470.999E-03,  -346.233E-03,            0.,"ASSEMBLY_PLATE-1__PICKEDSET2","ROCK","",  -964.528E-03,      -2.39564,      -2.33778,      -1.02238,   281.870E-03
F:/Desktop/DeepOnet_Abaqus/StaticElasticJob.odb,Step-1,Increment      1: Step Time =    1.000,"PLATE-1",          1661,             1,  -356.903E-03,   508.236E-03,            0.,"ASSEMBLY_PLATE-1__PICKEDSET2","ROCK","",  -854.015E-03,      -2.41609,      -2.39682,  -873.284E-03,  -172.422E-03
F:/Desktop/DeepOnet_Abaqus/StaticElasticJob.odb,Step-1,Increment      1: Step Time =    1.000,"PLATE-1",          1662,             1,  -12.4464E-03,  -505.917E-03,            0.,"ASSEMBLY_PLATE-1__PICKEDSET2","ROCK","",  -774.432E-03,      -2.69866,      -2.69755,  -775.535E-03,   46.0465E-03
F:/Desktop/DeepOnet_Abaqus/StaticElasticJob.odb,Step-1,Increment      1: Step Time =    1.000,"PLATE-1",          1663,             1,  -223.200E-03,   452.074E-03,            0.,"ASSEMBLY_PLATE-1__PICKEDSET2","ROCK","",  -832.480E-03,      -2.53949,      -2.52258,  -849.388E-03,  -169.044E-03
F:/Desktop/DeepOnet_Abaqus/StaticElasticJob.odb,Step-1,Increment      1: Step Time =    1.000,"PLATE-1",          1664,             1,  -219.040E-03,  -469.225E-03,            0.,"ASSEMBLY_PLATE-1__PICKEDSET2","ROCK","",  -872.860E-03,      -2.62623,      -2.59518,  -903.906E-03,   231.238E-03
F:/Desktop/DeepOnet_Abaqus/StaticElasticJob.odb,Step-1,Increment      1: Step Time =    1.000,"PLATE-1",          1665,             1,   40.5626E-03,   473.206E-03,            0.,"ASSEMBLY_PLATE-1__PICKEDSET2","ROCK","",  -915.652E-03,      -2.57481,      -2.57209,  -918.365E-03,  -67.0367E-03
F:/Desktop/DeepOnet_Abaqus/StaticElasticJob.odb,Step-1,Increment      1: Step Time =    1.000,"PLATE-1",          1666,             1,   451.797E-03,  -360.843E-03,            0.,"ASSEMBLY_PLATE-1__PICKEDSET2","ROCK","",  -940.768E-03,      -2.43304,      -2.38063,  -993.183E-03,  -274.718E-03
F:/Desktop/DeepOnet_Abaqus/StaticElasticJob.odb,Step-1,Increment      1: Step Time =    1.000,"PLATE-1",          1667,             1,  -615.094E-03,   154.385E-03,            0.,"ASSEMBLY_PLATE-1__PICKEDSET2","ROCK","",      -1.12234,      -1.90649,      -1.85272,      -1.17612,  -198.185E-03
F:/Desktop/DeepOnet_Abaqus/StaticElasticJob.odb,Step-1,Increment      1: Step Time =    1.000,"PLATE-1",          1668,             1,  -344.317E-03,   568.255E-03,            0.,"ASSEMBLY_PLATE-1__PICKEDSET2","ROCK","",  -872.050E-03,      -2.41233,      -2.39924,  -885.137E-03,  -141.373E-03
F:/Desktop/DeepOnet_Abaqus/StaticElasticJob.odb,Step-1,Increment      1: Step Time =    1.000,"PLATE-1",          1669,             1,  -543.037E-03,   354.934E-03,            0.,"ASSEMBLY_PLATE-1__PICKEDSET2","ROCK","",  -908.248E-03,      -2.21654,      -2.15322,  -971.565E-03,  -280.764E-03
F:/Desktop/DeepOnet_Abaqus/StaticElasticJob.odb,Step-1,Increment      1: Step Time =    1.000,"PLATE-1",          1670,             1,  -534.746E-03,   295.120E-03,            0.,"ASSEMBLY_PLATE-1__PICKEDSET2","ROCK","",  -929.543E-03,      -2.14715,      -2.06114,      -1.01555,  -311.979E-03
F:/Desktop/DeepOnet_Abaqus/StaticElasticJob.odb,Step-1,Increment      1: Step Time =    1.000,"PLATE-1",          1671,             1,  -624.736E-03,   87.5533E-03,            0.,"ASSEMBLY_PLATE-1__PICKEDSET2","ROCK","",      -1.21813,      -1.79701,      -1.77768,      -1.23747,  -104.022E-03
F:/Desktop/DeepOnet_Abaqus/StaticElasticJob.odb,Step-1,Increment      1: Step Time =    1.000,"PLATE-1",          1672,             1,   244.984E-03,  -518.225E-03,            0.,"ASSEMBLY_PLATE-1__PICKEDSET2","ROCK","",  -870.967E-03,      -2.56118,      -2.54692,  -885.228E-03,  -154.601E-03
F:/Desktop/DeepOnet_Abaqus/StaticElasticJob.odb,Step-1,Increment      1: Step Time =    1.000,"PLATE-1",          1673,             1,   63.3966E-03,  -564.361E-03,            0.,"ASSEMBLY_PLATE-1__PICKEDSET2","ROCK","",  -834.776E-03,      -2.61020,      -2.60992,  -835.058E-03,  -22.3617E-03
F:/Desktop/DeepOnet_Abaqus/StaticElasticJob.odb,Step-1,Increment      1: Step Time =    1.000,"PLATE-1",          1674,             1,  -57.0781E-03,   519.238E-03,            0.,"ASSEMBLY_PLATE-1__PICKEDSET2","ROCK","",  -918.330E-03,      -2.52704,      -2.52388,  -921.489E-03,  -71.2115E-03
F:/Desktop/DeepOnet_Abaqus/StaticElasticJob.odb,Step-1,Increment      1: Step Time =    1.000,"PLATE-1",          1675,             1,   437.572E-03,  -426.727E-03,            0.,"ASSEMBLY_PLATE-1__PICKEDSET2","ROCK","",  -938.435E-03,      -2.42699,      -2.39489,  -970.529E-03,  -216.205E-03
F:/Desktop/DeepOnet_Abaqus/StaticElasticJob.odb,Step-1,Increment      1: Step Time =    1.000,"PLATE-1",          1676,             1,   70.4741E-03,  -452.758E-03,            0.,"ASSEMBLY_PLATE-1__PICKEDSET2","ROCK","",  -717.058E-03,      -2.76432,      -2.76122,  -720.158E-03,  -79.6076E-03
F:/Desktop/DeepOnet_Abaqus/StaticElasticJob.odb,Step-1,Increment      1: Step Time =    1.000,"PLATE-1",          1677,             1,  -405.762E-03,  -425.015E-03,            0.,"ASSEMBLY_PLATE-1__PICKEDSET2","ROCK","",  -964.907E-03,      -2.45619,      -2.41852,      -1.00257,   233.990E-03
F:/Desktop/DeepOnet_Abaqus/StaticElasticJob.odb,Step-1,Increment      1: Step Time =    1.000,"PLATE-1",          1678,             1,  -382.008E-03,   436.236E-03,            0.,"ASSEMBLY_PLATE-1__PICKEDSET2","ROCK","",  -822.290E-03,      -2.40498,      -2.36660,  -860.670E-03,  -243.454E-03
F:/Desktop/DeepOnet_Abaqus/StaticElasticJob.odb,Step-1,Increment      1: Step Time =    1.000,"PLATE-1",          1679,             1,  -283.807E-03,   535.958E-03,            0.,"ASSEMBLY_PLATE-1__PICKEDSET2","ROCK","",  -863.370E-03,      -2.45460,      -2.44243,  -875.544E-03,  -138.651E-03
F:/Desktop/DeepOnet_Abaqus/StaticElasticJob.odb,Step-1,Increment      1: Step Time =    1.000,"PLATE-1",          1680,             1,  -603.870E-03,  -75.0415E-03,            0.,"ASSEMBLY_PLATE-1__PICKEDSET2","ROCK","",      -1.20264,      -1.85943,      -1.81111,      -1.25096,   171.468E-03
F:/Desktop/DeepOnet_Abaqus/StaticElasticJob.odb,Step-1,Increment      1: Step Time =    1.000,"PLATE-1",          1681,             1,   116.983E-03,   645.017E-03,            0.,"ASSEMBLY_PLATE-1__PICKEDSET2","ROCK","",  -904.977E-03,      -2.47067,      -2.46956,  -906.086E-03,  -41.6451E-03
F:/Desktop/DeepOnet_Abaqus/StaticElasticJob.odb,Step-1,Increment      1: Step Time =    1.000,"PLATE-1",          1682,             1,   70.5395E-03,   618.221E-03,            0.,"ASSEMBLY_PLATE-1__PICKEDSET2","ROCK","",  -909.912E-03,      -2.50553,      -2.50426,  -911.186E-03,  -45.0642E-03
F:/Desktop/DeepOnet_Abaqus/StaticElasticJob.odb,Step-1,Increment      1: Step Time =    1.000,"PLATE-1",          1683,             1,   677.502E-03,  -289.025E-03,            0.,"ASSEMBLY_PLATE-1__PICKEDSET2","ROCK","",  -962.632E-03,      -2.25680,      -2.22730,  -992.128E-03,  -193.142E-03
F:/Desktop/DeepOnet_Abaqus/StaticElasticJob.odb,Step-1,Increment      1: Step Time =    1.000,"PLATE-1",          1684,             1,   691.786E-03,  -221.052E-03,            0.,"ASSEMBLY_PLATE-1__PICKEDSET2","ROCK","",      -1.01750,      -2.22578,      -2.21457,      -1.02870,  -115.831E-03
F:/Desktop/DeepOnet_Abaqus/StaticElasticJob.odb,Step-1,Increment      1: Step Time =    1.000,"PLATE-1",          1685,             1,  -613.644E-03,   6.75823E-03,            0.,"ASSEMBLY_PLATE-1__PICKEDSET2","ROCK","",      -1.27260,      -1.74235,      -1.74189,      -1.27306,   14.6744E-03
F:/Desktop/DeepOnet_Abaqus/StaticElasticJob.odb,Step-1,Increment      1: Step Time =    1.000,"PLATE-1",          1686,             1,  -118.012E-03,  -535.083E-03,            0.,"ASSEMBLY_PLATE-1__PICKEDSET2","ROCK","",  -843.124E-03,      -2.62401,      -2.61554,  -851.593E-03,   122.511E-03
F:/Desktop/DeepOnet_Abaqus/StaticElasticJob.odb,Step-1,Increment      1: Step Time =    1.000,"PLATE-1",          1687,             1,   425.903E-03,  -491.322E-03,            0.,"ASSEMBLY_PLATE-1__PICKEDSET2","ROCK","",  -928.442E-03,      -2.45067,      -2.43028,  -948.833E-03,  -175.000E-03
F:/Desktop/DeepOnet_Abaqus/StaticElasticJob.odb,Step-1,Increment      1: Step Time =    1.000,"PLATE-1",          1688,             1,   213.307E-03,   712.781E-03,            0.,"ASSEMBLY_PLATE-1__PICKEDSET2","ROCK","",  -891.868E-03,      -2.46505,      -2.46505,  -891.869E-03,  -1.40132E-03
F:/Desktop/DeepOnet_Abaqus/StaticElasticJob.odb,Step-1,Increment      1: Step Time =    1.000,"PLATE-1",          1689,             1,   251.483E-03,   650.779E-03,            0.,"ASSEMBLY_PLATE-1__PICKEDSET2","ROCK","",  -866.897E-03,      -2.53149,      -2.53089,  -867.502E-03,  -31.7254E-03
F:/Desktop/DeepOnet_Abaqus/StaticElasticJob.odb,Step-1,Increment      1: Step Time =    1.000,"PLATE-1",          1690,             1,  -669.465E-03,  -263.707E-03,            0.,"ASSEMBLY_PLATE-1__PICKEDSET2","ROCK","",      -1.03885,      -2.17743,      -2.13210,      -1.08418,   222.619E-03
F:/Desktop/DeepOnet_Abaqus/StaticElasticJob.odb,Step-1,Increment      1: Step Time =    1.000,"PLATE-1",          1691,             1,   564.194E-03,  -392.589E-03,            0.,"ASSEMBLY_PLATE-1__PICKEDSET2","ROCK","",  -985.492E-03,      -2.30062,      -2.27424,      -1.01188,  -184.408E-03
F:/Desktop/DeepOnet_Abaqus/StaticElasticJob.odb,Step-1,Increment      1: Step Time =    1.000,"PLATE-1",          1692,             1,   522.148E-03,  -409.136E-03,            0.,"ASSEMBLY_PLATE-1__PICKEDSET2","ROCK","",  -944.520E-03,      -2.39447,      -2.35979,  -979.198E-03,  -221.535E-03
F:/Desktop/DeepOnet_Abaqus/StaticElasticJob.odb,Step-1,Increment      1: Step Time =    1.000,"PLATE-1",          1693,             1,  -19.2166E-03,   503.889E-03,            0.,"ASSEMBLY_PLATE-1__PICKEDSET2","ROCK","",  -913.206E-03,      -2.57260,      -2.56959,  -916.208E-03,  -70.5185E-03
F:/Desktop/DeepOnet_Abaqus/StaticElasticJob.odb,Step-1,Increment      1: Step Time =    1.000,"PLATE-1",          1694,             1,   201.099E-03,  -521.026E-03,            0.,"ASSEMBLY_PLATE-1__PICKEDSET2","ROCK","",  -845.190E-03,      -2.59460,      -2.58450,  -855.287E-03,  -132.519E-03
F:/Desktop/DeepOnet_Abaqus/StaticElasticJob.odb,Step-1,Increment      1: Step Time =    1.000,"PLATE-1",          1695,             1,   237.288E-03,  -574.319E-03,            0.,"ASSEMBLY_PLATE-1__PICKEDSET2","ROCK","",  -883.420E-03,      -2.53359,      -2.52588,  -891.132E-03,  -112.544E-03
F:/Desktop/DeepOnet_Abaqus/StaticElasticJob.odb,Step-1,Increment      1: Step Time =    1.000,"PLATE-1",          1696,             1,  -618.753E-03,  -129.448E-03,            0.,"ASSEMBLY_PLATE-1__PICKEDSET2","ROCK","",      -1.14355,      -1.97016,      -1.91169,      -1.20201,   211.920E-03
F:/Desktop/DeepOnet_Abaqus/StaticElasticJob.odb,Step-1,Increment      1: Step Time =    1.000,"PLATE-1",          1697,             1,  -135.042E-03,   506.154E-03,            0.,"ASSEMBLY_PLATE-1__PICKEDSET2","ROCK","",  -890.211E-03,      -2.54386,      -2.53729,  -896.779E-03,  -104.015E-03
F:/Desktop/DeepOnet_Abaqus/StaticElasticJob.odb,Step-1,Increment      1: Step Time =    1.000,"PLATE-1",          1698,             1,  -439.142E-03,  -515.423E-03,            0.,"ASSEMBLY_PLATE-1__PICKEDSET2","ROCK","",  -967.464E-03,      -2.42388,      -2.40401,  -987.337E-03,   168.962E-03
F:/Desktop/DeepOnet_Abaqus/StaticElasticJob.odb,Step-1,Increment      1: Step Time =    1.000,"PLATE-1",          1699,             1,  -728.527E-03,   102.308E-03,            0.,"ASSEMBLY_PLATE-1__PICKEDSET2","ROCK","",      -1.16851,      -1.92637,      -1.91969,      -1.17518,  -70.8083E-03
F:/Desktop/DeepOnet_Abaqus/StaticElasticJob.odb,Step-1,Increment      1: Step Time =    1.000,"PLATE-1",          1700,             1,   26.9043E-03,  -496.990E-03,            0.,"ASSEMBLY_PLATE-1__PICKEDSET2","ROCK","",  -758.602E-03,      -2.71416,      -2.71416,  -758.605E-03,  -2.42718E-03
F:/Desktop/DeepOnet_Abaqus/StaticElasticJob.odb,Step-1,Increment      1: Step Time =    1.000,"PLATE-1",          1701,             1,  -201.846E-03,  -541.815E-03,            0.,"ASSEMBLY_PLATE-1__PICKEDSET2","ROCK","",  -893.509E-03,      -2.56660,      -2.55169,  -908.417E-03,   157.223E-03
F:/Desktop/DeepOnet_Abaqus/StaticElasticJob.odb,Step-1,Increment      1: Step Time =    1.000,"PLATE-1",          1702,             1,  -659.534E-03,   49.6938E-03,            0.,"ASSEMBLY_PLATE-1__PICKEDSET2","ROCK","",      -1.22231,      -1.83140,      -1.82882,      -1.22489,  -39.5697E-03
F:/Desktop/DeepOnet_Abaqus/StaticElasticJob.odb,Step-1,Increment      1: Step Time =    1.000,"PLATE-1",          1703,             1,  -657.153E-03,  -42.1872E-03,            0.,"ASSEMBLY_PLATE-1__PICKEDSET2","ROCK","",      -1.21754,      -1.85962,      -1.84562,      -1.23154,   93.7558E-03
F:/Desktop/DeepOnet_Abaqus/StaticElasticJob.odb,Step-1,Increment      1: Step Time =    1.000,"PLATE-1",          1704,             1,  -149.367E-03,  -512.597E-03,            0.,"ASSEMBLY_PLATE-1__PICKEDSET2","ROCK","",  -839.426E-03,      -2.63904,      -2.62510,  -853.374E-03,   157.818E-03
F:/Desktop/DeepOnet_Abaqus/StaticElasticJob.odb,Step-1,Increment      1: Step Time =    1.000,"PLATE-1",          1705,             1,  -156.398E-03,  -553.132E-03,            0.,"ASSEMBLY_PLATE-1__PICKEDSET2","ROCK","",  -872.848E-03,      -2.58600,      -2.57629,  -882.552E-03,   128.575E-03
F:/Desktop/DeepOnet_Abaqus/StaticElasticJob.odb,Step-1,Increment      1: Step Time =    1.000,"PLATE-1",          1706,             1,  -415.144E-03,   409.615E-03,            0.,"ASSEMBLY_PLATE-1__PICKEDSET2","ROCK","",  -827.944E-03,      -2.36109,      -2.30946,  -879.569E-03,  -276.556E-03
F:/Desktop/DeepOnet_Abaqus/StaticElasticJob.odb,Step-1,Increment      1: Step Time =    1.000,"PLATE-1",          1707,             1,  -597.843E-03,   282.783E-03,            0.,"ASSEMBLY_PLATE-1__PICKEDSET2","ROCK","",  -983.765E-03,      -2.10315,      -2.03634,      -1.05057,  -265.181E-03
F:/Desktop/DeepOnet_Abaqus/StaticElasticJob.odb,Step-1,Increment      1: Step Time =    1.000,"PLATE-1",          1708,             1,  -659.677E-03,  -189.663E-03,            0.,"ASSEMBLY_PLATE-1__PICKEDSET2","ROCK","",      -1.08565,      -2.08477,      -2.03195,      -1.13846,   223.559E-03
F:/Desktop/DeepOnet_Abaqus/StaticElasticJob.odb,Step-1,Increment      1: Step Time =    1.000,"PLATE-1",          1709,             1,   72.3801E-03,   676.681E-03,            0.,"ASSEMBLY_PLATE-1__PICKEDSET2","ROCK","",  -924.534E-03,      -2.46312,      -2.46064,  -927.019E-03,  -61.7886E-03
F:/Desktop/DeepOnet_Abaqus/StaticElasticJob.odb,Step-1,Increment      1: Step Time =    1.000,"PLATE-1",          1710,             1,  -676.922E-03,  -142.050E-03,            0.,"ASSEMBLY_PLATE-1__PICKEDSET2","ROCK","",      -1.13020,      -2.01117,      -1.97392,      -1.16745,   177.277E-03
F:/Desktop/DeepOnet_Abaqus/StaticElasticJob.odb,Step-1,Increment      1: Step Time =    1.000,"PLATE-1",          1711,             1,  -618.635E-03,  -179.023E-03,            0.,"ASSEMBLY_PLATE-1__PICKEDSET2","ROCK","",      -1.08480,      -2.07243,      -2.00352,      -1.15372,   251.621E-03
F:/Desktop/DeepOnet_Abaqus/StaticElasticJob.odb,Step-1,Increment      1: Step Time =    1.000,"PLATE-1",          1712,             1,  -69.7765E-03,   477.310E-03,            0.,"ASSEMBLY_PLATE-1__PICKEDSET2","ROCK","",  -897.982E-03,      -2.59804,      -2.59294,  -903.078E-03,  -92.9359E-03
F:/Desktop/DeepOnet_Abaqus/StaticElasticJob.odb,Step-1,Increment      1: Step Time =    1.000,"PLATE-1",          1713,             1,   533.118E-03,  -529.655E-03,            0.,"ASSEMBLY_PLATE-1__PICKEDSET2","ROCK","",  -943.153E-03,      -2.38453,      -2.36964,  -958.036E-03,  -145.706E-03
F:/Desktop/DeepOnet_Abaqus/StaticElasticJob.odb,Step-1,Increment      1: Step Time =    1.000,"PLATE-1",          1714,             1,  -330.696E-03,  -497.311E-03,            0.,"ASSEMBLY_PLATE-1__PICKEDSET2","ROCK","",  -947.818E-03,      -2.49557,      -2.47080,  -972.587E-03,   194.223E-03
F:/Desktop/DeepOnet_Abaqus/StaticElasticJob.odb,Step-1,Increment      1: Step Time =    1.000,"PLATE-1",          1715,             1,   652.151E-03,  -399.005E-03,            0.,"ASSEMBLY_PLATE-1__PICKEDSET2","ROCK","",  -957.049E-03,      -2.29729,      -2.27201,  -982.334E-03,  -182.343E-03
F:/Desktop/DeepOnet_Abaqus/StaticElasticJob.odb,Step-1,Increment      1: Step Time =    1.000,"PLATE-1",          1716,             1,   633.265E-03,  -118.407E-03,            0.,"ASSEMBLY_PLATE-1__PICKEDSET2","ROCK","",      -1.09460,      -2.26350,      -2.26346,      -1.09464,   7.17821E-03
F:/Desktop/DeepOnet_Abaqus/StaticElasticJob.odb,Step-1,Increment      1: Step Time =    1.000,"PLATE-1",          1717,             1,   736.178E-03,  -92.4545E-03,            0.,"ASSEMBLY_PLATE-1__PICKEDSET2","ROCK","",  -799.369E-03,      -2.12447,      -2.04039,  -883.455E-03,  -323.037E-03
F:/Desktop/DeepOnet_Abaqus/StaticElasticJob.odb,Step-1,Increment      1: Step Time =    1.000,"PLATE-1",          1718,             1,  -219.261E-03,   571.447E-03,            0.,"ASSEMBLY_PLATE-1__PICKEDSET2","ROCK","",  -889.121E-03,      -2.46422,      -2.45749,  -895.851E-03,  -102.737E-03
F:/Desktop/DeepOnet_Abaqus/StaticElasticJob.odb,Step-1,Increment      1: Step Time =    1.000,"PLATE-1",          1719,             1,  -263.589E-03,   593.668E-03,            0.,"ASSEMBLY_PLATE-1__PICKEDSET2","ROCK","",  -888.395E-03,      -2.43990,      -2.43268,  -895.607E-03,  -105.535E-03
F:/Desktop/DeepOnet_Abaqus/StaticElasticJob.odb,Step-1,Increment      1: Step Time =    1.000,"PLATE-1",          1720,             1,   116.860E-03,  -514.273E-03,            0.,"ASSEMBLY_PLATE-1__PICKEDSET2","ROCK","",  -801.348E-03,      -2.65555,      -2.65124,  -805.659E-03,  -89.3044E-03
F:/Desktop/DeepOnet_Abaqus/StaticElasticJob.odb,Step-1,Increment      1: Step Time =    1.000,"PLATE-1",          1721,             1,  -87.2113E-03,  -570.891E-03,            0.,"ASSEMBLY_PLATE-1__PICKEDSET2","ROCK","",  -853.992E-03,      -2.59997,      -2.59573,  -858.234E-03,   85.9639E-03
F:/Desktop/DeepOnet_Abaqus/StaticElasticJob.odb,Step-1,Increment      1: Step Time =    1.000,"PLATE-1",          1722,             1,  -413.756E-03,   494.187E-03,            0.,"ASSEMBLY_PLATE-1__PICKEDSET2","ROCK","",  -855.551E-03,      -2.38173,      -2.35571,  -881.579E-03,  -197.601E-03
F:/Desktop/DeepOnet_Abaqus/StaticElasticJob.odb,Step-1,Increment      1: Step Time =    1.000,"PLATE-1",          1723,             1,   389.373E-03,  -564.559E-03,            0.,"ASSEMBLY_PLATE-1__PICKEDSET2","ROCK","",  -926.012E-03,      -2.45359,      -2.44207,  -937.527E-03,  -132.127E-03
F:/Desktop/DeepOnet_Abaqus/StaticElasticJob.odb,Step-1,Increment      1: Step Time =    1.000,"PLATE-1",          1724,             1,  -553.624E-03,  -451.502E-03,            0.,"ASSEMBLY_PLATE-1__PICKEDSET2","ROCK","",  -975.893E-03,      -2.35240,      -2.32687,      -1.00142,   185.719E-03
F:/Desktop/DeepOnet_Abaqus/StaticElasticJob.odb,Step-1,Increment      1: Step Time =    1.000,"PLATE-1",          1725,             1,  -681.788E-03,   326.097E-03,            0.,"ASSEMBLY_PLATE-1__PICKEDSET2","ROCK","",      -1.00617,      -2.12688,      -2.08957,      -1.04348,  -201.060E-03
F:/Desktop/DeepOnet_Abaqus/StaticElasticJob.odb,Step-1,Increment      1: Step Time =    1.000,"PLATE-1",          1726,             1,  -705.020E-03,   3.17531E-03,            0.,"ASSEMBLY_PLATE-1__PICKEDSET2","ROCK","",      -1.20652,      -1.88200,      -1.88116,      -1.20737,   23.8633E-03
F:/Desktop/DeepOnet_Abaqus/StaticElasticJob.odb,Step-1,Increment      1: Step Time =    1.000,"PLATE-1",          1727,             1,  -642.335E-03,   202.327E-03,            0.,"ASSEMBLY_PLATE-1__PICKEDSET2","ROCK","",      -1.08285,      -1.98363,      -1.93479,      -1.13168,  -203.972E-03
F:/Desktop/DeepOnet_Abaqus/StaticElasticJob.odb,Step-1,Increment      1: Step Time =    1.000,"PLATE-1",          1728,             1,   553.609E-03,  -8.03370E-03,            0.,"ASSEMBLY_PLATE-1__PICKEDSET2","ROCK","",  -900.459E-03,      -3.24154,      -3.17231,  -969.684E-03,   396.575E-03
F:/Desktop/DeepOnet_Abaqus/StaticElasticJob.odb,Step-1,Increment      1: Step Time =    1.000,"PLATE-1",          1729,             1,  -727.433E-03,  -178.115E-03,            0.,"ASSEMBLY_PLATE-1__PICKEDSET2","ROCK","",      -1.10291,      -2.06771,      -2.03902,      -1.13159,   163.855E-03
F:/Desktop/DeepOnet_Abaqus/StaticElasticJob.odb,Step-1,Increment      1: Step Time =    1.000,"PLATE-1",          1730,             1,  -213.898E-03,  -597.802E-03,            0.,"ASSEMBLY_PLATE-1__PICKEDSET2","ROCK","",  -917.517E-03,      -2.52049,      -2.51050,  -927.515E-03,   126.198E-03
F:/Desktop/DeepOnet_Abaqus/StaticElasticJob.odb,Step-1,Increment      1: Step Time =    1.000,"PLATE-1",          1731,             1,  -512.723E-03,  -489.649E-03,            0.,"ASSEMBLY_PLATE-1__PICKEDSET2","ROCK","",  -972.555E-03,      -2.38063,      -2.35898,  -994.202E-03,   173.241E-03
F:/Desktop/DeepOnet_Abaqus/StaticElasticJob.odb,Step-1,Increment      1: Step Time =    1.000,"PLATE-1",          1732,             1,  -88.8735E-03,   571.451E-03,            0.,"ASSEMBLY_PLATE-1__PICKEDSET2","ROCK","",  -920.798E-03,      -2.48843,      -2.48492,  -924.314E-03,  -74.1625E-03
F:/Desktop/DeepOnet_Abaqus/StaticElasticJob.odb,Step-1,Increment      1: Step Time =    1.000,"PLATE-1",          1733,             1,   10.8280E-03,   620.955E-03,            0.,"ASSEMBLY_PLATE-1__PICKEDSET2","ROCK","",  -920.157E-03,      -2.48955,      -2.48642,  -923.289E-03,  -70.0356E-03
F:/Desktop/DeepOnet_Abaqus/StaticElasticJob.odb,Step-1,Increment      1: Step Time =    1.000,"PLATE-1",          1734,             1,   162.378E-03,   681.870E-03,            0.,"ASSEMBLY_PLATE-1__PICKEDSET2","ROCK","",  -897.915E-03,      -2.50628,      -2.50497,  -899.224E-03,  -45.8569E-03
F:/Desktop/DeepOnet_Abaqus/StaticElasticJob.odb,Step-1,Increment      1: Step Time =    1.000,"PLATE-1",          1735,             1,  -641.274E-03,  -344.448E-03,            0.,"ASSEMBLY_PLATE-1__PICKEDSET2","ROCK","",      -1.00275,      -2.26075,      -2.22355,      -1.03995,   213.119E-03
F:/Desktop/DeepOnet_Abaqus/StaticElasticJob.odb,Step-1,Increment      1: Step Time =    1.000,"PLATE-1",          1736,             1,   756.783E-03,  -251.536E-03,            0.,"ASSEMBLY_PLATE-1__PICKEDSET2","ROCK","",  -896.983E-03,      -2.27152,      -2.24717,  -921.337E-03,  -181.335E-03
F:/Desktop/DeepOnet_Abaqus/StaticElasticJob.odb,Step-1,Increment      1: Step Time =    1.000,"PLATE-1",          1737,             1,  -48.8036E-03,   564.621E-03,            0.,"ASSEMBLY_PLATE-1__PICKEDSET2","ROCK","",  -922.789E-03,      -2.50351,      -2.49956,  -926.733E-03,  -78.8633E-03
F:/Desktop/DeepOnet_Abaqus/StaticElasticJob.odb,Step-1,Increment      1: Step Time =    1.000,"PLATE-1",          1738,             1,   664.886E-03,  -349.568E-03,            0.,"ASSEMBLY_PLATE-1__PICKEDSET2","ROCK","",  -992.008E-03,      -2.29384,      -2.27703,      -1.00881,  -146.956E-03
F:/Desktop/DeepOnet_Abaqus/StaticElasticJob.odb,Step-1,Increment      1: Step Time =    1.000,"PLATE-1",          1739,             1,   400.128E-03,   678.636E-03,            0.,"ASSEMBLY_PLATE-1__PICKEDSET2","ROCK","",  -858.572E-03,      -2.50769,      -2.50446,  -861.804E-03,   72.9426E-03
F:/Desktop/DeepOnet_Abaqus/StaticElasticJob.odb,Step-1,Increment      1: Step Time =    1.000,"PLATE-1",          1740,             1,   344.503E-03,  -627.718E-03,            0.,"ASSEMBLY_PLATE-1__PICKEDSET2","ROCK","",  -925.768E-03,      -2.45530,      -2.44819,  -932.882E-03,  -104.071E-03
F:/Desktop/DeepOnet_Abaqus/StaticElasticJob.odb,Step-1,Increment      1: Step Time =    1.000,"PLATE-1",          1741,             1,  -448.752E-03,   555.871E-03,            0.,"ASSEMBLY_PLATE-1__PICKEDSET2","ROCK","",  -879.775E-03,      -2.36519,      -2.34699,  -897.977E-03,  -163.422E-03
F:/Desktop/DeepOnet_Abaqus/StaticElasticJob.odb,Step-1,Increment      1: Step Time =    1.000,"PLATE-1",          1742,             1,  -279.827E-03,  -650.118E-03,            0.,"ASSEMBLY_PLATE-1__PICKEDSET2","ROCK","",  -948.026E-03,      -2.46113,      -2.45348,  -955.676E-03,   107.315E-03
F:/Desktop/DeepOnet_Abaqus/StaticElasticJob.odb,Step-1,Increment      1: Step Time =    1.000,"PLATE-1",          1743,             1,  -708.581E-03,  -92.0811E-03,            0.,"ASSEMBLY_PLATE-1__PICKEDSET2","ROCK","",      -1.16228,      -1.96175,      -1.94000,      -1.18402,   130.044E-03
F:/Desktop/DeepOnet_Abaqus/StaticElasticJob.odb,Step-1,Increment      1: Step Time =    1.000,"PLATE-1",          1744,             1,  -694.178E-03,   160.276E-03,            0.,"ASSEMBLY_PLATE-1__PICKEDSET2","ROCK","",      -1.12681,      -1.95683,      -1.93194,      -1.15170,  -141.568E-03
F:/Desktop/DeepOnet_Abaqus/StaticElasticJob.odb,Step-1,Increment      1: Step Time =    1.000,"PLATE-1",          1745,             1,  -99.9824E-03,   643.087E-03,            0.,"ASSEMBLY_PLATE-1__PICKEDSET2","ROCK","",  -926.074E-03,      -2.44999,      -2.44710,  -928.962E-03,  -66.2687E-03
F:/Desktop/DeepOnet_Abaqus/StaticElasticJob.odb,Step-1,Increment      1: Step Time =    1.000,"PLATE-1",          1746,             1,   842.947E-03,  -235.173E-03,            0.,"ASSEMBLY_PLATE-1__PICKEDSET2","ROCK","",  -925.610E-03,      -2.22300,      -2.19400,  -954.614E-03,  -191.800E-03
F:/Desktop/DeepOnet_Abaqus/StaticElasticJob.odb,Step-1,Increment      1: Step Time =    1.000,"PLATE-1",          1747,             1,  -633.627E-03,  -220.319E-03,            0.,"ASSEMBLY_PLATE-1__PICKEDSET2","ROCK","",      -1.05596,      -2.13295,      -2.07061,      -1.11830,   251.502E-03
F:/Desktop/DeepOnet_Abaqus/StaticElasticJob.odb,Step-1,Increment      1: Step Time =    1.000,"PLATE-1",          1748,             1,  -703.794E-03,  -323.180E-03,            0.,"ASSEMBLY_PLATE-1__PICKEDSET2","ROCK","",      -1.02507,      -2.21248,      -2.17958,      -1.05798,   194.899E-03
F:/Desktop/DeepOnet_Abaqus/StaticElasticJob.odb,Step-1,Increment      1: Step Time =    1.000,"PLATE-1",          1749,             1,   129.543E-03,   753.231E-03,            0.,"ASSEMBLY_PLATE-1__PICKEDSET2","ROCK","",  -919.199E-03,      -2.43702,      -2.43677,  -919.450E-03,  -19.5137E-03
F:/Desktop/DeepOnet_Abaqus/StaticElasticJob.odb,Step-1,Increment      1: Step Time =    1.000,"PLATE-1",          1750,             1,   75.2398E-03,   738.488E-03,            0.,"ASSEMBLY_PLATE-1__PICKEDSET2","ROCK","",  -922.256E-03,      -2.46316,      -2.46254,  -922.877E-03,  -30.9421E-03
F:/Desktop/DeepOnet_Abaqus/StaticElasticJob.odb,Step-1,Increment      1: Step Time =    1.000,"PLATE-1",          1751,             1,  -106.340E-03,  -614.893E-03,            0.,"ASSEMBLY_PLATE-1__PICKEDSET2","ROCK","",  -885.131E-03,      -2.55425,      -2.55017,  -889.214E-03,   82.4508E-03
F:/Desktop/DeepOnet_Abaqus/StaticElasticJob.odb,Step-1,Increment      1: Step Time =    1.000,"PLATE-1",          1752,             1,  -612.558E-03,   347.371E-03,            0.,"ASSEMBLY_PLATE-1__PICKEDSET2","ROCK","",  -960.311E-03,      -2.16716,      -2.11689,      -1.01058,  -241.124E-03
F:/Desktop/DeepOnet_Abaqus/StaticElasticJob.odb,Step-1,Increment      1: Step Time =    1.000,"PLATE-1",          1753,             1,   647.249E-03,  -490.905E-03,            0.,"ASSEMBLY_PLATE-1__PICKEDSET2","ROCK","",  -943.660E-03,      -2.32953,      -2.31267,  -960.514E-03,  -151.900E-03
F:/Desktop/DeepOnet_Abaqus/StaticElasticJob.odb,Step-1,Increment      1: Step Time =    1.000,"PLATE-1",          1754,             1,   689.769E-03,  -426.161E-03,            0.,"ASSEMBLY_PLATE-1__PICKEDSET2","ROCK","",  -977.644E-03,      -2.29873,      -2.28333,  -993.047E-03,  -141.813E-03
F:/Desktop/DeepOnet_Abaqus/StaticElasticJob.odb,Step-1,Increment      1: Step Time =    1.000,"PLATE-1",          1755,             1,   115.979E-03,  -627.301E-03,            0.,"ASSEMBLY_PLATE-1__PICKEDSET2","ROCK","",  -877.178E-03,      -2.54432,      -2.54319,  -878.310E-03,  -43.4273E-03
F:/Desktop/DeepOnet_Abaqus/StaticElasticJob.odb,Step-1,Increment      1: Step Time =    1.000,"PLATE-1",          1756,             1,   370.899E-03,   754.326E-03,            0.,"ASSEMBLY_PLATE-1__PICKEDSET2","ROCK","",  -904.796E-03,      -2.49063,      -2.48986,  -905.572E-03,   35.0715E-03
F:/Desktop/DeepOnet_Abaqus/StaticElasticJob.odb,Step-1,Increment      1: Step Time =    1.000,"PLATE-1",          1757,             1,   436.040E-03,  -551.163E-03,            0.,"ASSEMBLY_PLATE-1__PICKEDSET2","ROCK","",  -929.144E-03,      -2.43205,      -2.41885,  -942.347E-03,  -140.244E-03
F:/Desktop/DeepOnet_Abaqus/StaticElasticJob.odb,Step-1,Increment      1: Step Time =    1.000,"PLATE-1",          1758,             1,  -225.812E-03,   623.897E-03,            0.,"ASSEMBLY_PLATE-1__PICKEDSET2","ROCK","",  -904.454E-03,      -2.43664,      -2.43169,  -909.402E-03,  -86.9258E-03
F:/Desktop/DeepOnet_Abaqus/StaticElasticJob.odb,Step-1,Increment      1: Step Time =    1.000,"PLATE-1",          1759,             1,   172.453E-03,  -627.123E-03,            0.,"ASSEMBLY_PLATE-1__PICKEDSET2","ROCK","",  -888.077E-03,      -2.52638,      -2.52352,  -890.938E-03,  -68.3968E-03
F:/Desktop/DeepOnet_Abaqus/StaticElasticJob.odb,Step-1,Increment      1: Step Time =    1.000,"PLATE-1",          1760,             1,  -402.935E-03,   605.851E-03,            0.,"ASSEMBLY_PLATE-1__PICKEDSET2","ROCK","",  -886.437E-03,      -2.38097,      -2.36874,  -898.661E-03,  -134.606E-03
F:/Desktop/DeepOnet_Abaqus/StaticElasticJob.odb,Step-1,Increment      1: Step Time =    1.000,"PLATE-1",          1761,             1,  -582.222E-03,   450.446E-03,            0.,"ASSEMBLY_PLATE-1__PICKEDSET2","ROCK","",  -918.404E-03,      -2.25696,      -2.22170,  -953.669E-03,  -214.386E-03
F:/Desktop/DeepOnet_Abaqus/StaticElasticJob.odb,Step-1,Increment      1: Step Time =    1.000,"PLATE-1",          1762,             1,   17.0639E-03,  -546.514E-03,            0.,"ASSEMBLY_PLATE-1__PICKEDSET2","ROCK","",  -820.749E-03,      -2.63377,      -2.63372,  -820.800E-03,   9.60652E-03
F:/Desktop/DeepOnet_Abaqus/StaticElasticJob.odb,Step-1,Increment      1: Step Time =    1.000,"PLATE-1",          1763,             1,  -411.800E-03,  -709.482E-03,            0.,"ASSEMBLY_PLATE-1__PICKEDSET2","ROCK","",  -969.368E-03,      -2.40278,      -2.39687,  -975.281E-03,   91.8750E-03
F:/Desktop/DeepOnet_Abaqus/StaticElasticJob.odb,Step-1,Increment      1: Step Time =    1.000,"PLATE-1",          1764,             1,   58.7955E-03,   799.385E-03,            0.,"ASSEMBLY_PLATE-1__PICKEDSET2","ROCK","",  -938.704E-03,      -2.41322,      -2.41228,  -939.640E-03,  -37.1308E-03
F:/Desktop/DeepOnet_Abaqus/StaticElasticJob.odb,Step-1,Increment      1: Step Time =    1.000,"PLATE-1",          1765,             1,   23.3932E-03,   740.713E-03,            0.,"ASSEMBLY_PLATE-1__PICKEDSET2","ROCK","",  -933.257E-03,      -2.43656,      -2.43491,  -934.908E-03,  -49.7905E-03
F:/Desktop/DeepOnet_Abaqus/StaticElasticJob.odb,Step-1,Increment      1: Step Time =    1.000,"PLATE-1",          1766,             1,  -488.303E-03,  -538.185E-03,            0.,"ASSEMBLY_PLATE-1__PICKEDSET2","ROCK","",  -970.113E-03,      -2.39651,      -2.37957,  -987.053E-03,   154.523E-03
F:/Desktop/DeepOnet_Abaqus/StaticElasticJob.odb,Step-1,Increment      1: Step Time =    1.000,"PLATE-1",          1767,             1,  -48.7327E-03,   642.899E-03,            0.,"ASSEMBLY_PLATE-1__PICKEDSET2","ROCK","",  -930.333E-03,      -2.45822,      -2.45596,  -932.597E-03,  -58.7762E-03
F:/Desktop/DeepOnet_Abaqus/StaticElasticJob.odb,Step-1,Increment      1: Step Time =    1.000,"PLATE-1",          1768,             1,  -87.2581E-03,   731.161E-03,            0.,"ASSEMBLY_PLATE-1__PICKEDSET2","ROCK","",  -932.798E-03,      -2.42913,      -2.42752,  -934.403E-03,  -48.9873E-03
F:/Desktop/DeepOnet_Abaqus/StaticElasticJob.odb,Step-1,Increment      1: Step Time =    1.000,"PLATE-1",          1769,             1,  -807.138E-03,   212.232E-03,            0.,"ASSEMBLY_PLATE-1__PICKEDSET2","ROCK","",      -1.09519,      -2.04564,      -2.03359,      -1.10723,  -106.318E-03
F:/Desktop/DeepOnet_Abaqus/StaticElasticJob.odb,Step-1,Increment      1: Step Time =    1.000,"PLATE-1",          1770,             1,   601.194E-03,  -482.115E-03,            0.,"ASSEMBLY_PLATE-1__PICKEDSET2","ROCK","",  -946.451E-03,      -2.37297,      -2.35662,  -962.808E-03,  -151.877E-03
F:/Desktop/DeepOnet_Abaqus/StaticElasticJob.odb,Step-1,Increment      1: Step Time =    1.000,"PLATE-1",          1771,             1,   537.108E-03,  -477.587E-03,            0.,"ASSEMBLY_PLATE-1__PICKEDSET2","ROCK","",  -954.031E-03,      -2.37979,      -2.36220,  -971.620E-03,  -157.378E-03
F:/Desktop/DeepOnet_Abaqus/StaticElasticJob.odb,Step-1,Increment      1: Step Time =    1.000,"PLATE-1",          1772,             1,   720.088E-03,  -377.899E-03,            0.,"ASSEMBLY_PLATE-1__PICKEDSET2","ROCK","",  -934.490E-03,      -2.29824,      -2.27832,  -954.409E-03,  -163.609E-03
F:/Desktop/DeepOnet_Abaqus/StaticElasticJob.odb,Step-1,Increment      1: Step Time =    1.000,"PLATE-1",          1773,             1,   396.143E-03,   565.717E-03,            0.,"ASSEMBLY_PLATE-1__PICKEDSET2","ROCK","",  -774.897E-03,      -2.57367,      -2.56942,  -779.151E-03,   87.3656E-03
F:/Desktop/DeepOnet_Abaqus/StaticElasticJob.odb,Step-1,Increment      1: Step Time =    1.000,"PLATE-1",          1774,             1,  -222.776E-03,  -663.079E-03,            0.,"ASSEMBLY_PLATE-1__PICKEDSET2","ROCK","",  -936.693E-03,      -2.47903,      -2.47266,  -943.062E-03,   98.9093E-03
F:/Desktop/DeepOnet_Abaqus/StaticElasticJob.odb,Step-1,Increment      1: Step Time =    1.000,"PLATE-1",          1775,             1,  -638.056E-03,   409.780E-03,            0.,"ASSEMBLY_PLATE-1__PICKEDSET2","ROCK","",  -947.233E-03,      -2.21009,      -2.17137,  -985.958E-03,  -217.725E-03
F:/Desktop/DeepOnet_Abaqus/StaticElasticJob.odb,Step-1,Increment      1: Step Time =    1.000,"PLATE-1",          1776,             1,   845.052E-03,  -89.9171E-03,            0.,"ASSEMBLY_PLATE-1__PICKEDSET2","ROCK","",  -863.648E-03,      -2.11397,      -2.01954,  -958.077E-03,  -330.380E-03
F:/Desktop/DeepOnet_Abaqus/StaticElasticJob.odb,Step-1,Increment      1: Step Time =    1.000,"PLATE-1",          1777,             1,  -756.655E-03,  -230.156E-03,            0.,"ASSEMBLY_PLATE-1__PICKEDSET2","ROCK","",      -1.07097,      -2.12879,      -2.10019,      -1.09956,   171.544E-03
F:/Desktop/DeepOnet_Abaqus/StaticElasticJob.odb,Step-1,Increment      1: Step Time =    1.000,"PLATE-1",          1778,             1,  -38.9135E-03,   702.927E-03,            0.,"ASSEMBLY_PLATE-1__PICKEDSET2","ROCK","",  -931.740E-03,      -2.44684,      -2.44493,  -933.654E-03,  -53.8041E-03
F:/Desktop/DeepOnet_Abaqus/StaticElasticJob.odb,Step-1,Increment      1: Step Time =    1.000,"PLATE-1",          1779,             1,   10.4255E-03,  -644.057E-03,            0.,"ASSEMBLY_PLATE-1__PICKEDSET2","ROCK","",  -879.720E-03,      -2.54750,      -2.54740,  -879.816E-03,   12.6395E-03
F:/Desktop/DeepOnet_Abaqus/StaticElasticJob.odb,Step-1,Increment      1: Step Time =    1.000,"PLATE-1",          1780,             1,  -451.067E-03,   648.130E-03,            0.,"ASSEMBLY_PLATE-1__PICKEDSET2","ROCK","",  -900.373E-03,      -2.36208,      -2.35183,  -910.628E-03,  -122.006E-03
F:/Desktop/DeepOnet_Abaqus/StaticElasticJob.odb,Step-1,Increment      1: Step Time =    1.000,"PLATE-1",          1781,             1,  -821.668E-03,   110.297E-03,            0.,"ASSEMBLY_PLATE-1__PICKEDSET2","ROCK","",      -1.14151,      -1.99252,      -1.98994,      -1.14409,  -46.7617E-03
F:/Desktop/DeepOnet_Abaqus/StaticElasticJob.odb,Step-1,Increment      1: Step Time =    1.000,"PLATE-1",          1782,             1,  -819.116E-03,   52.3293E-03,            0.,"ASSEMBLY_PLATE-1__PICKEDSET2","ROCK","",      -1.15169,      -1.98465,      -1.98436,      -1.15199,  -15.6049E-03
F:/Desktop/DeepOnet_Abaqus/StaticElasticJob.odb,Step-1,Increment      1: Step Time =    1.000,"PLATE-1",          1783,             1,  -507.092E-03,   520.168E-03,            0.,"ASSEMBLY_PLATE-1__PICKEDSET2","ROCK","",  -886.708E-03,      -2.32895,      -2.30365,  -912.014E-03,  -189.359E-03
F:/Desktop/DeepOnet_Abaqus/StaticElasticJob.odb,Step-1,Increment      1: Step Time =    1.000,"PLATE-1",          1784,             1,   398.471E-03,  -621.844E-03,            0.,"ASSEMBLY_PLATE-1__PICKEDSET2","ROCK","",  -931.494E-03,      -2.43165,      -2.42420,  -938.944E-03,  -105.458E-03
F:/Desktop/DeepOnet_Abaqus/StaticElasticJob.odb,Step-1,Increment      1: Step Time =    1.000,"PLATE-1",          1785,             1,  -234.686E-03,   682.330E-03,            0.,"ASSEMBLY_PLATE-1__PICKEDSET2","ROCK","",  -913.029E-03,      -2.41922,      -2.41553,  -916.714E-03,  -74.4098E-03
F:/Desktop/DeepOnet_Abaqus/StaticElasticJob.odb,Step-1,Increment      1: Step Time =    1.000,"PLATE-1",          1786,             1,  -290.409E-03,   688.357E-03,            0.,"ASSEMBLY_PLATE-1__PICKEDSET2","ROCK","",  -908.261E-03,      -2.40695,      -2.40232,  -912.891E-03,  -83.1713E-03
F:/Desktop/DeepOnet_Abaqus/StaticElasticJob.odb,Step-1,Increment      1: Step Time =    1.000,"PLATE-1",          1787,             1,   455.374E-03,  -719.687E-03,            0.,"ASSEMBLY_PLATE-1__PICKEDSET2","ROCK","",  -942.684E-03,      -2.40000,      -2.39591,  -946.773E-03,  -77.0853E-03
F:/Desktop/DeepOnet_Abaqus/StaticElasticJob.odb,Step-1,Increment      1: Step Time =    1.000,"PLATE-1",          1788,             1,  -474.786E-03,  -644.393E-03,            0.,"ASSEMBLY_PLATE-1__PICKEDSET2","ROCK","",  -971.657E-03,      -2.39259,      -2.38374,  -980.500E-03,   111.742E-03
F:/Desktop/DeepOnet_Abaqus/StaticElasticJob.odb,Step-1,Increment      1: Step Time =    1.000,"PLATE-1",          1789,             1,  -348.025E-03,  -759.716E-03,            0.,"ASSEMBLY_PLATE-1__PICKEDSET2","ROCK","",  -966.304E-03,      -2.40990,      -2.40580,  -970.406E-03,   76.8418E-03
F:/Desktop/DeepOnet_Abaqus/StaticElasticJob.odb,Step-1,Increment      1: Step Time =    1.000,"PLATE-1",          1790,             1,  -730.776E-03,   251.369E-03,            0.,"ASSEMBLY_PLATE-1__PICKEDSET2","ROCK","",      -1.06993,      -2.04656,      -2.01810,      -1.09838,  -164.256E-03
F:/Desktop/DeepOnet_Abaqus/StaticElasticJob.odb,Step-1,Increment      1: Step Time =    1.000,"PLATE-1",          1791,             1,  -336.255E-03,   723.233E-03,            0.,"ASSEMBLY_PLATE-1__PICKEDSET2","ROCK","",  -911.742E-03,      -2.38806,      -2.38351,  -916.293E-03,  -81.8402E-03
F:/Desktop/DeepOnet_Abaqus/StaticElasticJob.odb,Step-1,Increment      1: Step Time =    1.000,"PLATE-1",          1792,             1,  -337.126E-03,  -637.576E-03,            0.,"ASSEMBLY_PLATE-1__PICKEDSET2","ROCK","",  -957.532E-03,      -2.44165,      -2.43269,  -966.490E-03,   114.957E-03
F:/Desktop/DeepOnet_Abaqus/StaticElasticJob.odb,Step-1,Increment      1: Step Time =    1.000,"PLATE-1",          1793,             1,   250.260E-03,  -656.851E-03,            0.,"ASSEMBLY_PLATE-1__PICKEDSET2","ROCK","",  -910.636E-03,      -2.48490,      -2.48100,  -914.539E-03,  -78.2825E-03
F:/Desktop/DeepOnet_Abaqus/StaticElasticJob.odb,Step-1,Increment      1: Step Time =    1.000,"PLATE-1",          1794,             1,  -291.367E-03,  -719.496E-03,            0.,"ASSEMBLY_PLATE-1__PICKEDSET2","ROCK","",  -957.480E-03,      -2.43435,      -2.42933,  -962.492E-03,   85.8899E-03
F:/Desktop/DeepOnet_Abaqus/StaticElasticJob.odb,Step-1,Increment      1: Step Time =    1.000,"PLATE-1",          1795,             1,  -104.621E-03,  -674.238E-03,            0.,"ASSEMBLY_PLATE-1__PICKEDSET2","ROCK","",  -911.775E-03,      -2.50866,      -2.50608,  -914.358E-03,   64.1757E-03
F:/Desktop/DeepOnet_Abaqus/StaticElasticJob.odb,Step-1,Increment      1: Step Time =    1.000,"PLATE-1",          1796,             1,  -675.715E-03,   465.414E-03,            0.,"ASSEMBLY_PLATE-1__PICKEDSET2","ROCK","",  -956.035E-03,      -2.22658,      -2.20104,  -981.576E-03,  -178.323E-03
F:/Desktop/DeepOnet_Abaqus/StaticElasticJob.odb,Step-1,Increment      1: Step Time =    1.000,"PLATE-1",          1797,             1,  -828.721E-03,  -12.2476E-03,            0.,"ASSEMBLY_PLATE-1__PICKEDSET2","ROCK","",      -1.15470,      -1.98624,      -1.98469,      -1.15625,   35.8300E-03
F:/Desktop/DeepOnet_Abaqus/StaticElasticJob.odb,Step-1,Increment      1: Step Time =    1.000,"PLATE-1",          1798,             1,  -843.895E-03,  -81.6271E-03,            0.,"ASSEMBLY_PLATE-1__PICKEDSET2","ROCK","",      -1.13074,      -2.03562,      -2.02808,      -1.13827,   82.2255E-03
F:/Desktop/DeepOnet_Abaqus/StaticElasticJob.odb,Step-1,Increment      1: Step Time =    1.000,"PLATE-1",          1799,             1,   91.9075E-03,  -677.956E-03,            0.,"ASSEMBLY_PLATE-1__PICKEDSET2","ROCK","",  -899.961E-03,      -2.51124,      -2.51100,  -900.202E-03,  -19.7130E-03
F:/Desktop/DeepOnet_Abaqus/StaticElasticJob.odb,Step-1,Increment      1: Step Time =    1.000,"PLATE-1",          1800,             1,  -649.390E-03,  -455.912E-03,            0.,"ASSEMBLY_PLATE-1__PICKEDSET2","ROCK","",  -986.059E-03,      -2.31232,      -2.29151,      -1.00687,   164.827E-03
F:/Desktop/DeepOnet_Abaqus/StaticElasticJob.odb,Step-1,Increment      1: Step Time =    1.000,"PLATE-1",          1801,             1,  -603.598E-03,  -419.594E-03,            0.,"ASSEMBLY_PLATE-1__PICKEDSET2","ROCK","",  -982.352E-03,      -2.32390,      -2.29496,      -1.01129,   194.893E-03
F:/Desktop/DeepOnet_Abaqus/StaticElasticJob.odb,Step-1,Increment      1: Step Time =    1.000,"PLATE-1",          1802,             1,  -158.348E-03,  -607.164E-03,            0.,"ASSEMBLY_PLATE-1__PICKEDSET2","ROCK","",  -899.705E-03,      -2.53956,      -2.53265,  -906.609E-03,   106.180E-03
F:/Desktop/DeepOnet_Abaqus/StaticElasticJob.odb,Step-1,Increment      1: Step Time =    1.000,"PLATE-1",          1803,             1,  -897.714E-03,  -316.259E-03,            0.,"ASSEMBLY_PLATE-1__PICKEDSET2","ROCK","",      -1.04537,      -2.18664,      -2.17414,      -1.05787,   118.779E-03
F:/Desktop/DeepOnet_Abaqus/StaticElasticJob.odb,Step-1,Increment      1: Step Time =    1.000,"PLATE-1",          1804,             1,  -727.397E-03,  -399.310E-03,            0.,"ASSEMBLY_PLATE-1__PICKEDSET2","ROCK","",      -1.00570,      -2.25910,      -2.23682,      -1.02798,   165.617E-03
F:/Desktop/DeepOnet_Abaqus/StaticElasticJob.odb,Step-1,Increment      1: Step Time =    1.000,"PLATE-1",          1805,             1,   571.918E-03,   496.676E-03,            0.,"ASSEMBLY_PLATE-1__PICKEDSET2","ROCK","",  -878.486E-03,      -2.68666,      -2.64371,  -921.438E-03,   275.353E-03
F:/Desktop/DeepOnet_Abaqus/StaticElasticJob.odb,Step-1,Increment      1: Step Time =    1.000,"PLATE-1",          1806,             1,   507.685E-03,   549.097E-03,            0.,"ASSEMBLY_PLATE-1__PICKEDSET2","ROCK","",  -806.758E-03,      -2.62414,      -2.60871,  -822.182E-03,   166.711E-03
F:/Desktop/DeepOnet_Abaqus/StaticElasticJob.odb,Step-1,Increment      1: Step Time =    1.000,"PLATE-1",          1807,             1,  -704.931E-03,   386.430E-03,            0.,"ASSEMBLY_PLATE-1__PICKEDSET2","ROCK","",  -988.601E-03,      -2.16698,      -2.13581,      -1.01977,  -189.088E-03
F:/Desktop/DeepOnet_Abaqus/StaticElasticJob.odb,Step-1,Increment      1: Step Time =    1.000,"PLATE-1",          1808,             1,   192.535E-03,  -686.420E-03,            0.,"ASSEMBLY_PLATE-1__PICKEDSET2","ROCK","",  -910.523E-03,      -2.48776,      -2.48627,  -912.015E-03,  -48.4865E-03
F:/Desktop/DeepOnet_Abaqus/StaticElasticJob.odb,Step-1,Increment      1: Step Time =    1.000,"PLATE-1",          1809,             1,   515.130E-03,  -653.669E-03,            0.,"ASSEMBLY_PLATE-1__PICKEDSET2","ROCK","",  -946.452E-03,      -2.39044,      -2.38391,  -952.974E-03,  -96.8261E-03
F:/Desktop/DeepOnet_Abaqus/StaticElasticJob.odb,Step-1,Increment      1: Step Time =    1.000,"PLATE-1",          1810,             1,  -236.650E-03,   748.637E-03,            0.,"ASSEMBLY_PLATE-1__PICKEDSET2","ROCK","",  -924.905E-03,      -2.40081,      -2.39831,  -927.413E-03,  -60.7910E-03
F:/Desktop/DeepOnet_Abaqus/StaticElasticJob.odb,Step-1,Increment      1: Step Time =    1.000,"PLATE-1",          1811,             1,  -424.478E-03,   699.553E-03,            0.,"ASSEMBLY_PLATE-1__PICKEDSET2","ROCK","",  -907.136E-03,      -2.36844,      -2.36133,  -914.247E-03,  -101.687E-03
F:/Desktop/DeepOnet_Abaqus/StaticElasticJob.odb,Step-1,Increment      1: Step Time =    1.000,"PLATE-1",          1812,             1,   34.5402E-03,  -710.265E-03,            0.,"ASSEMBLY_PLATE-1__PICKEDSET2","ROCK","",  -910.764E-03,      -2.49574,      -2.49573,  -910.770E-03,   2.83459E-03
F:/Desktop/DeepOnet_Abaqus/StaticElasticJob.odb,Step-1,Increment      1: Step Time =    1.000,"PLATE-1",          1813,             1,  -746.549E-03,   305.690E-03,            0.,"ASSEMBLY_PLATE-1__PICKEDSET2","ROCK","",      -1.03835,      -2.09959,      -2.07150,      -1.06644,  -170.346E-03
F:/Desktop/DeepOnet_Abaqus/StaticElasticJob.odb,Step-1,Increment      1: Step Time =    1.000,"PLATE-1",          1814,             1,  -915.152E-03,  -224.544E-03,            0.,"ASSEMBLY_PLATE-1__PICKEDSET2","ROCK","",      -1.07268,      -2.13832,      -2.12713,      -1.08387,   108.640E-03
F:/Desktop/DeepOnet_Abaqus/StaticElasticJob.odb,Step-1,Increment      1: Step Time =    1.000,"PLATE-1",          1815,             1,   698.419E-03,  -523.184E-03,            0.,"ASSEMBLY_PLATE-1__PICKEDSET2","ROCK","",  -961.438E-03,      -2.32480,      -2.31415,  -972.083E-03,  -119.998E-03
F:/Desktop/DeepOnet_Abaqus/StaticElasticJob.odb,Step-1,Increment      1: Step Time =    1.000,"PLATE-1",          1816,             1,   699.989E-03,  -623.273E-03,            0.,"ASSEMBLY_PLATE-1__PICKEDSET2","ROCK","",  -953.838E-03,      -2.33407,      -2.32675,  -961.154E-03,  -100.225E-03
F:/Desktop/DeepOnet_Abaqus/StaticElasticJob.odb,Step-1,Increment      1: Step Time =    1.000,"PLATE-1",          1817,             1,   657.405E-03,  -569.360E-03,            0.,"ASSEMBLY_PLATE-1__PICKEDSET2","ROCK","",  -941.226E-03,      -2.34805,      -2.33751,  -951.764E-03,  -121.299E-03
F:/Desktop/DeepOnet_Abaqus/StaticElasticJob.odb,Step-1,Increment      1: Step Time =    1.000,"PLATE-1",          1818,             1,  -851.489E-03,  -348.118E-03,            0.,"ASSEMBLY_PLATE-1__PICKEDSET2","ROCK","",      -1.03532,      -2.20071,      -2.18409,      -1.05195,   138.185E-03
F:/Desktop/DeepOnet_Abaqus/StaticElasticJob.odb,Step-1,Increment      1: Step Time =    1.000,"PLATE-1",          1819,             1,   49.2114E-03,   854.059E-03,            0.,"ASSEMBLY_PLATE-1__PICKEDSET2","ROCK","",  -935.166E-03,      -2.43078,      -2.43060,  -935.355E-03,  -16.8192E-03
F:/Desktop/DeepOnet_Abaqus/StaticElasticJob.odb,Step-1,Increment      1: Step Time =    1.000,"PLATE-1",          1820,             1,   99.1515E-03,   822.714E-03,            0.,"ASSEMBLY_PLATE-1__PICKEDSET2","ROCK","",  -938.145E-03,      -2.43613,      -2.43558,  -938.695E-03,  -28.7094E-03
F:/Desktop/DeepOnet_Abaqus/StaticElasticJob.odb,Step-1,Increment      1: Step Time =    1.000,"PLATE-1",          1821,             1,  -370.904E-03,   670.305E-03,            0.,"ASSEMBLY_PLATE-1__PICKEDSET2","ROCK","",  -901.195E-03,      -2.38743,      -2.38062,  -908.011E-03,  -100.422E-03
F:/Desktop/DeepOnet_Abaqus/StaticElasticJob.odb,Step-1,Increment      1: Step Time =    1.000,"PLATE-1",          1822,             1,  -348.552E-03,  -703.329E-03,            0.,"ASSEMBLY_PLATE-1__PICKEDSET2","ROCK","",  -963.157E-03,      -2.42283,      -2.41680,  -969.188E-03,   93.6325E-03
F:/Desktop/DeepOnet_Abaqus/StaticElasticJob.odb,Step-1,Increment      1: Step Time =    1.000,"PLATE-1",          1823,             1,  -687.711E-03,   565.528E-03,            0.,"ASSEMBLY_PLATE-1__PICKEDSET2","ROCK","",  -946.059E-03,      -2.26213,      -2.24466,  -963.527E-03,  -150.613E-03
F:/Desktop/DeepOnet_Abaqus/StaticElasticJob.odb,Step-1,Increment      1: Step Time =    1.000,"PLATE-1",          1824,             1,   284.619E-03,  -721.832E-03,            0.,"ASSEMBLY_PLATE-1__PICKEDSET2","ROCK","",  -929.899E-03,      -2.44759,      -2.44513,  -932.368E-03,  -61.1600E-03
F:/Desktop/DeepOnet_Abaqus/StaticElasticJob.odb,Step-1,Increment      1: Step Time =    1.000,"PLATE-1",          1825,             1,  -31.6133E-03,  -732.451E-03,            0.,"ASSEMBLY_PLATE-1__PICKEDSET2","ROCK","",  -921.903E-03,      -2.48274,      -2.48222,  -922.419E-03,   28.3870E-03
F:/Desktop/DeepOnet_Abaqus/StaticElasticJob.odb,Step-1,Increment      1: Step Time =    1.000,"PLATE-1",          1826,             1,  -836.082E-03,   352.523E-03,            0.,"ASSEMBLY_PLATE-1__PICKEDSET2","ROCK","",      -1.04016,      -2.12611,      -2.10940,      -1.05687,  -133.666E-03
F:/Desktop/DeepOnet_Abaqus/StaticElasticJob.odb,Step-1,Increment      1: Step Time =    1.000,"PLATE-1",          1827,             1,  -880.785E-03,   53.8397E-03,            0.,"ASSEMBLY_PLATE-1__PICKEDSET2","ROCK","",      -1.13503,      -2.01884,      -2.01880,      -1.13507,  -6.03153E-03
F:/Desktop/DeepOnet_Abaqus/StaticElasticJob.odb,Step-1,Increment      1: Step Time =    1.000,"PLATE-1",          1828,             1,   613.099E-03,  -602.778E-03,            0.,"ASSEMBLY_PLATE-1__PICKEDSET2","ROCK","",  -953.422E-03,      -2.35755,      -2.34961,  -961.364E-03,  -105.306E-03
F:/Desktop/DeepOnet_Abaqus/StaticElasticJob.odb,Step-1,Increment      1: Step Time =    1.000,"PLATE-1",          1829,             1,   496.880E-03,  -595.460E-03,            0.,"ASSEMBLY_PLATE-1__PICKEDSET2","ROCK","",  -940.464E-03,      -2.39540,      -2.38593,  -949.926E-03,  -116.951E-03
F:/Desktop/DeepOnet_Abaqus/StaticElasticJob.odb,Step-1,Increment      1: Step Time =    1.000,"PLATE-1",          1830,             1,  -905.236E-03,  -58.5848E-03,            0.,"ASSEMBLY_PLATE-1__PICKEDSET2","ROCK","",      -1.12024,      -2.05455,      -2.05110,      -1.12369,   56.6906E-03
F:/Desktop/DeepOnet_Abaqus/StaticElasticJob.odb,Step-1,Increment      1: Step Time =    1.000,"PLATE-1",          1831,             1,  -844.490E-03,  -453.966E-03,            0.,"ASSEMBLY_PLATE-1__PICKEDSET2","ROCK","",      -1.01045,      -2.25139,      -2.23811,      -1.02373,   127.653E-03
F:/Desktop/DeepOnet_Abaqus/StaticElasticJob.odb,Step-1,Increment      1: Step Time =    1.000,"PLATE-1",          1832,             1,  -366.070E-03,   788.327E-03,            0.,"ASSEMBLY_PLATE-1__PICKEDSET2","ROCK","",  -921.700E-03,      -2.37293,      -2.36942,  -925.205E-03,  -71.2368E-03
F:/Desktop/DeepOnet_Abaqus/StaticElasticJob.odb,Step-1,Increment      1: Step Time =    1.000,"PLATE-1",          1833,             1,  -177.127E-03,   685.783E-03,            0.,"ASSEMBLY_PLATE-1__PICKEDSET2","ROCK","",  -922.002E-03,      -2.42962,      -2.42673,  -924.895E-03,  -65.9773E-03
F:/Desktop/DeepOnet_Abaqus/StaticElasticJob.odb,Step-1,Increment      1: Step Time =    1.000,"PLATE-1",          1834,             1,  -234.963E-03,  -814.175E-03,            0.,"ASSEMBLY_PLATE-1__PICKEDSET2","ROCK","",  -961.753E-03,      -2.41820,      -2.41596,  -963.993E-03,   57.0797E-03
F:/Desktop/DeepOnet_Abaqus/StaticElasticJob.odb,Step-1,Increment      1: Step Time =    1.000,"PLATE-1",          1835,             1,   645.349E-03,  -654.794E-03,            0.,"ASSEMBLY_PLATE-1__PICKEDSET2","ROCK","",  -944.507E-03,      -2.35703,      -2.35057,  -950.967E-03,  -95.3043E-03
F:/Desktop/DeepOnet_Abaqus/StaticElasticJob.odb,Step-1,Increment      1: Step Time =    1.000,"PLATE-1",          1836,             1,  -693.236E-03,  -567.962E-03,            0.,"ASSEMBLY_PLATE-1__PICKEDSET2","ROCK","",  -983.720E-03,      -2.32117,      -2.30969,  -995.201E-03,   123.382E-03
F:/Desktop/DeepOnet_Abaqus/StaticElasticJob.odb,Step-1,Increment      1: Step Time =    1.000,"PLATE-1",          1837,             1,  -61.2383E-03,  -610.287E-03,            0.,"ASSEMBLY_PLATE-1__PICKEDSET2","ROCK","",  -871.328E-03,      -2.56773,      -2.56588,  -873.172E-03,   55.9038E-03
F:/Desktop/DeepOnet_Abaqus/StaticElasticJob.odb,Step-1,Increment      1: Step Time =    1.000,"PLATE-1",          1838,             1,  -100.238E-03,  -741.358E-03,            0.,"ASSEMBLY_PLATE-1__PICKEDSET2","ROCK","",  -931.719E-03,      -2.47118,      -2.46971,  -933.190E-03,   47.5677E-03
F:/Desktop/DeepOnet_Abaqus/StaticElasticJob.odb,Step-1,Increment      1: Step Time =    1.000,"PLATE-1",          1839,             1,   372.833E-03,  -784.005E-03,            0.,"ASSEMBLY_PLATE-1__PICKEDSET2","ROCK","",  -945.839E-03,      -2.40700,      -2.40494,  -947.901E-03,  -54.8572E-03
F:/Desktop/DeepOnet_Abaqus/StaticElasticJob.odb,Step-1,Increment      1: Step Time =    1.000,"PLATE-1",          1840,             1,   462.493E-03,  -666.197E-03,            0.,"ASSEMBLY_PLATE-1__PICKEDSET2","ROCK","",  -941.323E-03,      -2.40100,      -2.39497,  -947.351E-03,  -93.6086E-03
F:/Desktop/DeepOnet_Abaqus/StaticElasticJob.odb,Step-1,Increment      1: Step Time =    1.000,"PLATE-1",          1841,             1,  -882.086E-03,   110.663E-03,            0.,"ASSEMBLY_PLATE-1__PICKEDSET2","ROCK","",      -1.12605,      -2.02808,      -2.02665,      -1.12749,  -35.9490E-03
F:/Desktop/DeepOnet_Abaqus/StaticElasticJob.odb,Step-1,Increment      1: Step Time =    1.000,"PLATE-1",          1842,             1,   592.542E-03,  -682.585E-03,            0.,"ASSEMBLY_PLATE-1__PICKEDSET2","ROCK","",  -950.847E-03,      -2.36520,      -2.35957,  -956.470E-03,  -89.0009E-03
F:/Desktop/DeepOnet_Abaqus/StaticElasticJob.odb,Step-1,Increment      1: Step Time =    1.000,"PLATE-1",          1843,             1,  -944.980E-03,   233.741E-03,            0.,"ASSEMBLY_PLATE-1__PICKEDSET2","ROCK","",      -1.08402,      -2.08955,      -2.08430,      -1.08928,  -72.5030E-03
F:/Desktop/DeepOnet_Abaqus/StaticElasticJob.odb,Step-1,Increment      1: Step Time =    1.000,"PLATE-1",          1844,             1,  -822.721E-03,   160.285E-03,            0.,"ASSEMBLY_PLATE-1__PICKEDSET2","ROCK","",      -1.11750,      -2.02049,      -2.01278,      -1.12521,  -83.0947E-03
F:/Desktop/DeepOnet_Abaqus/StaticElasticJob.odb,Step-1,Increment      1: Step Time =    1.000,"PLATE-1",          1845,             1,   444.164E-03,  -781.413E-03,            0.,"ASSEMBLY_PLATE-1__PICKEDSET2","ROCK","",  -948.721E-03,      -2.39321,      -2.39067,  -951.266E-03,  -60.5834E-03
F:/Desktop/DeepOnet_Abaqus/StaticElasticJob.odb,Step-1,Increment      1: Step Time =    1.000,"PLATE-1",          1846,             1,   509.600E-03,  -779.857E-03,            0.,"ASSEMBLY_PLATE-1__PICKEDSET2","ROCK","",  -949.475E-03,      -2.37770,      -2.37464,  -952.538E-03,  -66.0684E-03
F:/Desktop/DeepOnet_Abaqus/StaticElasticJob.odb,Step-1,Increment      1: Step Time =    1.000,"PLATE-1",          1847,             1,  -993.401E-03,  -78.9120E-03,            0.,"ASSEMBLY_PLATE-1__PICKEDSET2","ROCK","",      -1.09871,      -2.09572,      -2.09317,      -1.10126,   50.4171E-03
F:/Desktop/DeepOnet_Abaqus/StaticElasticJob.odb,Step-1,Increment      1: Step Time =    1.000,"PLATE-1",          1848,             1,  -853.740E-03,   289.983E-03,            0.,"ASSEMBLY_PLATE-1__PICKEDSET2","ROCK","",      -1.06475,      -2.09598,      -2.08290,      -1.07783,  -115.384E-03
F:/Desktop/DeepOnet_Abaqus/StaticElasticJob.odb,Step-1,Increment      1: Step Time =    1.000,"PLATE-1",          1849,             1,   167.977E-03,  -767.682E-03,            0.,"ASSEMBLY_PLATE-1__PICKEDSET2","ROCK","",  -930.467E-03,      -2.45340,      -2.45281,  -931.053E-03,  -29.8748E-03
F:/Desktop/DeepOnet_Abaqus/StaticElasticJob.odb,Step-1,Increment      1: Step Time =    1.000,"PLATE-1",          1850,             1,  -182.276E-03,   817.827E-03,            0.,"ASSEMBLY_PLATE-1__PICKEDSET2","ROCK","",  -935.880E-03,      -2.39467,      -2.39328,  -937.274E-03,  -45.0804E-03
F:/Desktop/DeepOnet_Abaqus/StaticElasticJob.odb,Step-1,Increment      1: Step Time =    1.000,"PLATE-1",          1851,             1,  -487.256E-03,   752.913E-03,            0.,"ASSEMBLY_PLATE-1__PICKEDSET2","ROCK","",  -920.482E-03,      -2.34510,      -2.33876,  -926.816E-03,  -94.7847E-03
F:/Desktop/DeepOnet_Abaqus/StaticElasticJob.odb,Step-1,Increment      1: Step Time =    1.000,"PLATE-1",          1852,             1,  -475.683E-03,   695.826E-03,            0.,"ASSEMBLY_PLATE-1__PICKEDSET2","ROCK","",  -911.123E-03,      -2.35141,      -2.34310,  -919.431E-03,  -109.076E-03
F:/Desktop/DeepOnet_Abaqus/StaticElasticJob.odb,Step-1,Increment      1: Step Time =    1.000,"PLATE-1",          1853,             1,  -975.923E-03,  -349.945E-03,            0.,"ASSEMBLY_PLATE-1__PICKEDSET2","ROCK","",      -1.03890,      -2.19887,      -2.18906,      -1.04871,   106.201E-03
F:/Desktop/DeepOnet_Abaqus/StaticElasticJob.odb,Step-1,Increment      1: Step Time =    1.000,"PLATE-1",          1854,             1,  -711.657E-03,  -633.013E-03,            0.,"ASSEMBLY_PLATE-1__PICKEDSET2","ROCK","",  -984.023E-03,      -2.32282,      -2.31438,  -992.457E-03,   105.930E-03
F:/Desktop/DeepOnet_Abaqus/StaticElasticJob.odb,Step-1,Increment      1: Step Time =    1.000,"PLATE-1",          1855,             1,  -641.900E-03,  -646.653E-03,            0.,"ASSEMBLY_PLATE-1__PICKEDSET2","ROCK","",  -979.760E-03,      -2.34157,      -2.33344,  -987.895E-03,   104.942E-03
F:/Desktop/DeepOnet_Abaqus/StaticElasticJob.odb,Step-1,Increment      1: Step Time =    1.000,"PLATE-1",          1856,             1,  -768.077E-03,   459.861E-03,            0.,"ASSEMBLY_PLATE-1__PICKEDSET2","ROCK","",  -984.585E-03,      -2.19919,      -2.17844,      -1.00533,  -157.382E-03
F:/Desktop/DeepOnet_Abaqus/StaticElasticJob.odb,Step-1,Increment      1: Step Time =    1.000,"PLATE-1",          1857,             1,  -428.931E-03,   768.944E-03,            0.,"ASSEMBLY_PLATE-1__PICKEDSET2","ROCK","",  -918.383E-03,      -2.36237,      -2.35754,  -923.216E-03,  -83.3938E-03
F:/Desktop/DeepOnet_Abaqus/StaticElasticJob.odb,Step-1,Increment      1: Step Time =    1.000,"PLATE-1",          1858,             1,  -514.677E-03,   809.793E-03,            0.,"ASSEMBLY_PLATE-1__PICKEDSET2","ROCK","",  -928.157E-03,      -2.34073,      -2.33592,  -932.974E-03,  -82.3415E-03
F:/Desktop/DeepOnet_Abaqus/StaticElasticJob.odb,Step-1,Increment      1: Step Time =    1.000,"PLATE-1",          1859,             1,   182.585E-03,  -827.710E-03,            0.,"ASSEMBLY_PLATE-1__PICKEDSET2","ROCK","",  -941.735E-03,      -2.43224,      -2.43192,  -942.059E-03,  -21.9828E-03
F:/Desktop/DeepOnet_Abaqus/StaticElasticJob.odb,Step-1,Increment      1: Step Time =    1.000,"PLATE-1",          1860,             1,  -886.326E-03,  -1.86500E-03,            0.,"ASSEMBLY_PLATE-1__PICKEDSET2","ROCK","",      -1.13362,      -2.03084,      -2.03000,      -1.13446,   27.4257E-03
F:/Desktop/DeepOnet_Abaqus/StaticElasticJob.odb,Step-1,Increment      1: Step Time =    1.000,"PLATE-1",          1861,             1,  -241.667E-03,   817.251E-03,            0.,"ASSEMBLY_PLATE-1__PICKEDSET2","ROCK","",  -933.063E-03,      -2.38826,      -2.38657,  -934.758E-03,  -49.6334E-03
F:/Desktop/DeepOnet_Abaqus/StaticElasticJob.odb,Step-1,Increment      1: Step Time =    1.000,"PLATE-1",          1862,             1,  -964.590E-03,  -464.043E-03,            0.,"ASSEMBLY_PLATE-1__PICKEDSET2","ROCK","",      -1.01820,      -2.23748,      -2.22841,      -1.02727,   104.771E-03
F:/Desktop/DeepOnet_Abaqus/StaticElasticJob.odb,Step-1,Increment      1: Step Time =    1.000,"PLATE-1",          1863,             1,      -1.02692,   231.293E-03,            0.,"ASSEMBLY_PLATE-1__PICKEDSET2","ROCK","",      -1.07863,      -2.10998,      -2.10709,      -1.08152,  -54.4796E-03
F:/Desktop/DeepOnet_Abaqus/StaticElasticJob.odb,Step-1,Increment      1: Step Time =    1.000,"PLATE-1",          1864,             1,  -948.032E-03,   169.675E-03,            0.,"ASSEMBLY_PLATE-1__PICKEDSET2","ROCK","",      -1.10027,      -2.07098,      -2.06828,      -1.10296,  -51.0686E-03
F:/Desktop/DeepOnet_Abaqus/StaticElasticJob.odb,Step-1,Increment      1: Step Time =    1.000,"PLATE-1",          1865,             1,   565.717E-03,  -761.359E-03,            0.,"ASSEMBLY_PLATE-1__PICKEDSET2","ROCK","",  -951.787E-03,      -2.36933,      -2.36585,  -955.267E-03,  -70.1518E-03
F:/Desktop/DeepOnet_Abaqus/StaticElasticJob.odb,Step-1,Increment      1: Step Time =    1.000,"PLATE-1",          1866,             1,  -552.533E-03,  -711.719E-03,            0.,"ASSEMBLY_PLATE-1__PICKEDSET2","ROCK","",  -977.363E-03,      -2.36285,      -2.35671,  -983.496E-03,   91.9756E-03
F:/Desktop/DeepOnet_Abaqus/StaticElasticJob.odb,Step-1,Increment      1: Step Time =    1.000,"PLATE-1",          1867,             1,   70.6526E-03,  -844.241E-03,            0.,"ASSEMBLY_PLATE-1__PICKEDSET2","ROCK","",  -945.968E-03,      -2.43163,      -2.43163,  -945.969E-03,   984.508E-06
F:/Desktop/DeepOnet_Abaqus/StaticElasticJob.odb,Step-1,Increment      1: Step Time =    1.000,"PLATE-1",          1868,             1,  -631.654E-03,   552.124E-03,            0.,"ASSEMBLY_PLATE-1__PICKEDSET2","ROCK","",  -930.411E-03,      -2.27655,      -2.25604,  -950.925E-03,  -164.904E-03
F:/Desktop/DeepOnet_Abaqus/StaticElasticJob.odb,Step-1,Increment      1: Step Time =    1.000,"PLATE-1",          1869,             1,  -732.835E-03,   597.380E-03,            0.,"ASSEMBLY_PLATE-1__PICKEDSET2","ROCK","",  -956.368E-03,      -2.25525,      -2.24077,  -970.852E-03,  -136.396E-03
F:/Desktop/DeepOnet_Abaqus/StaticElasticJob.odb,Step-1,Increment      1: Step Time =    1.000,"PLATE-1",          1870,             1,   596.260E-03,  -819.254E-03,            0.,"ASSEMBLY_PLATE-1__PICKEDSET2","ROCK","",  -953.547E-03,      -2.35788,      -2.35530,  -956.125E-03,  -60.1166E-03
F:/Desktop/DeepOnet_Abaqus/StaticElasticJob.odb,Step-1,Increment      1: Step Time =    1.000,"PLATE-1",          1871,             1,   304.861E-03,  -798.271E-03,            0.,"ASSEMBLY_PLATE-1__PICKEDSET2","ROCK","",  -944.383E-03,      -2.41763,      -2.41625,  -945.759E-03,  -45.0086E-03
F:/Desktop/DeepOnet_Abaqus/StaticElasticJob.odb,Step-1,Increment      1: Step Time =    1.000,"PLATE-1",          1872,             1,  -527.805E-03,   687.228E-03,            0.,"ASSEMBLY_PLATE-1__PICKEDSET2","ROCK","",  -916.746E-03,      -2.33518,      -2.32588,  -926.043E-03,  -114.463E-03
F:/Desktop/DeepOnet_Abaqus/StaticElasticJob.odb,Step-1,Increment      1: Step Time =    1.000,"PLATE-1",          1873,             1,  -456.498E-03,   844.019E-03,            0.,"ASSEMBLY_PLATE-1__PICKEDSET2","ROCK","",  -930.197E-03,      -2.35050,      -2.34715,  -933.540E-03,  -68.8320E-03
F:/Desktop/DeepOnet_Abaqus/StaticElasticJob.odb,Step-1,Increment      1: Step Time =    1.000,"PLATE-1",          1874,             1,   317.916E-03,  -873.152E-03,            0.,"ASSEMBLY_PLATE-1__PICKEDSET2","ROCK","",  -953.198E-03,      -2.39791,      -2.39713,  -953.984E-03,  -33.6846E-03
F:/Desktop/DeepOnet_Abaqus/StaticElasticJob.odb,Step-1,Increment      1: Step Time =    1.000,"PLATE-1",          1875,             1,      -1.05529,  -163.934E-03,            0.,"ASSEMBLY_PLATE-1__PICKEDSET2","ROCK","",      -1.07610,      -2.13699,      -2.13259,      -1.08050,   68.1865E-03
F:/Desktop/DeepOnet_Abaqus/StaticElasticJob.odb,Step-1,Increment      1: Step Time =    1.000,"PLATE-1",          1876,             1,  -939.220E-03,   50.9920E-03,            0.,"ASSEMBLY_PLATE-1__PICKEDSET2","ROCK","",      -1.12024,      -2.05194,      -2.05193,      -1.12024,   1.87463E-03
F:/Desktop/DeepOnet_Abaqus/StaticElasticJob.odb,Step-1,Increment      1: Step Time =    1.000,"PLATE-1",          1877,             1,      -1.04915,   30.6472E-03,            0.,"ASSEMBLY_PLATE-1__PICKEDSET2","ROCK","",      -1.09618,      -2.09799,      -2.09793,      -1.09624,   7.88221E-03
F:/Desktop/DeepOnet_Abaqus/StaticElasticJob.odb,Step-1,Increment      1: Step Time =    1.000,"PLATE-1",          1878,             1,  -435.186E-03,  -825.683E-03,            0.,"ASSEMBLY_PLATE-1__PICKEDSET2","ROCK","",  -976.648E-03,      -2.37745,      -2.37431,  -979.788E-03,   66.2472E-03
F:/Desktop/DeepOnet_Abaqus/StaticElasticJob.odb,Step-1,Increment      1: Step Time =    1.000,"PLATE-1",          1879,             1,  -378.764E-03,  -862.190E-03,            0.,"ASSEMBLY_PLATE-1__PICKEDSET2","ROCK","",  -975.180E-03,      -2.38328,      -2.38088,  -977.575E-03,   58.0211E-03
F:/Desktop/DeepOnet_Abaqus/StaticElasticJob.odb,Step-1,Increment      1: Step Time =    1.000,"PLATE-1",          1880,             1,  -947.494E-03,  -288.907E-03,            0.,"ASSEMBLY_PLATE-1__PICKEDSET2","ROCK","",      -1.05267,      -2.17407,      -2.16342,      -1.06332,   108.802E-03
F:/Desktop/DeepOnet_Abaqus/StaticElasticJob.odb,Step-1,Increment      1: Step Time =    1.000,"PLATE-1",          1881,             1,   115.727E-03,  -773.176E-03,            0.,"ASSEMBLY_PLATE-1__PICKEDSET2","ROCK","",  -927.828E-03,      -2.46220,      -2.46209,  -927.939E-03,  -13.0574E-03
F:/Desktop/DeepOnet_Abaqus/StaticElasticJob.odb,Step-1,Increment      1: Step Time =    1.000,"PLATE-1",          1882,             1,   84.5467E-03,  -900.891E-03,            0.,"ASSEMBLY_PLATE-1__PICKEDSET2","ROCK","",  -955.259E-03,      -2.41276,      -2.41276,  -955.259E-03,   147.681E-06
F:/Desktop/DeepOnet_Abaqus/StaticElasticJob.odb,Step-1,Increment      1: Step Time =    1.000,"PLATE-1",          1883,             1,   394.675E-03,  -931.424E-03,            0.,"ASSEMBLY_PLATE-1__PICKEDSET2","ROCK","",  -959.218E-03,      -2.37723,      -2.37651,  -959.942E-03,  -32.0319E-03
F:/Desktop/DeepOnet_Abaqus/StaticElasticJob.odb,Step-1,Increment      1: Step Time =    1.000,"PLATE-1",          1884,             1,  -490.770E-03,   608.845E-03,            0.,"ASSEMBLY_PLATE-1__PICKEDSET2","ROCK","",  -900.835E-03,      -2.34348,      -2.32957,  -914.744E-03,  -140.969E-03
F:/Desktop/DeepOnet_Abaqus/StaticElasticJob.odb,Step-1,Increment      1: Step Time =    1.000,"PLATE-1",          1885,             1,  -168.371E-03,  -807.715E-03,            0.,"ASSEMBLY_PLATE-1__PICKEDSET2","ROCK","",  -953.288E-03,      -2.43340,      -2.43175,  -954.930E-03,   49.2657E-03
F:/Desktop/DeepOnet_Abaqus/StaticElasticJob.odb,Step-1,Increment      1: Step Time =    1.000,"PLATE-1",          1886,             1,  -59.7800E-03,  -835.392E-03,            0.,"ASSEMBLY_PLATE-1__PICKEDSET2","ROCK","",  -948.527E-03,      -2.43596,      -2.43542,  -949.073E-03,   28.4706E-03
F:/Desktop/DeepOnet_Abaqus/StaticElasticJob.odb,Step-1,Increment      1: Step Time =    1.000,"PLATE-1",          1887,             1,  -688.019E-03,   620.542E-03,            0.,"ASSEMBLY_PLATE-1__PICKEDSET2","ROCK","",  -941.482E-03,      -2.27890,      -2.26480,  -955.579E-03,  -136.581E-03
F:/Desktop/DeepOnet_Abaqus/StaticElasticJob.odb,Step-1,Increment      1: Step Time =    1.000,"PLATE-1",          1888,             1,  -303.282E-03,   808.586E-03,            0.,"ASSEMBLY_PLATE-1__PICKEDSET2","ROCK","",  -927.939E-03,      -2.38118,      -2.37883,  -930.285E-03,  -58.3415E-03
F:/Desktop/DeepOnet_Abaqus/StaticElasticJob.odb,Step-1,Increment      1: Step Time =    1.000,"PLATE-1",          1889,             1,  -563.132E-03,   770.350E-03,            0.,"ASSEMBLY_PLATE-1__PICKEDSET2","ROCK","",  -927.985E-03,      -2.32949,      -2.32293,  -934.546E-03,  -95.6624E-03
F:/Desktop/DeepOnet_Abaqus/StaticElasticJob.odb,Step-1,Increment      1: Step Time =    1.000,"PLATE-1",          1890,             1,  -971.946E-03,   417.048E-03,            0.,"ASSEMBLY_PLATE-1__PICKEDSET2","ROCK","",      -1.03334,      -2.16292,      -2.15414,      -1.04212,  -99.1935E-03
F:/Desktop/DeepOnet_Abaqus/StaticElasticJob.odb,Step-1,Increment      1: Step Time =    1.000,"PLATE-1",          1891,             1,      -1.03091,   371.133E-03,            0.,"ASSEMBLY_PLATE-1__PICKEDSET2","ROCK","",      -1.04665,      -2.15186,      -2.14586,      -1.05264,  -81.1950E-03
F:/Desktop/DeepOnet_Abaqus/StaticElasticJob.odb,Step-1,Increment      1: Step Time =    1.000,"PLATE-1",          1892,             1,   536.417E-03,  -918.733E-03,            0.,"ASSEMBLY_PLATE-1__PICKEDSET2","ROCK","",  -958.682E-03,      -2.36077,      -2.35949,  -959.967E-03,  -42.4199E-03
F:/Desktop/DeepOnet_Abaqus/StaticElasticJob.odb,Step-1,Increment      1: Step Time =    1.000,"PLATE-1",          1893,             1,  -662.452E-03,   697.000E-03,            0.,"ASSEMBLY_PLATE-1__PICKEDSET2","ROCK","",  -938.709E-03,      -2.29784,      -2.28811,  -948.432E-03,  -114.546E-03
F:/Desktop/DeepOnet_Abaqus/StaticElasticJob.odb,Step-1,Increment      1: Step Time =    1.000,"PLATE-1",          1894,             1,      -1.02698,  -122.960E-03,            0.,"ASSEMBLY_PLATE-1__PICKEDSET2","ROCK","",      -1.08868,      -2.11495,      -2.11117,      -1.09247,   62.1789E-03
F:/Desktop/DeepOnet_Abaqus/StaticElasticJob.odb,Step-1,Increment      1: Step Time =    1.000,"PLATE-1",          1895,             1,  -857.406E-03,  -259.033E-03,            0.,"ASSEMBLY_PLATE-1__PICKEDSET2","ROCK","",      -1.06134,      -2.15511,      -2.13903,      -1.07743,   131.646E-03
F:/Desktop/DeepOnet_Abaqus/StaticElasticJob.odb,Step-1,Increment      1: Step Time =    1.000,"PLATE-1",          1896,             1,  -981.593E-03,  -158.691E-03,            0.,"ASSEMBLY_PLATE-1__PICKEDSET2","ROCK","",      -1.08613,      -2.11802,      -2.11171,      -1.09244,   80.4609E-03
F:/Desktop/DeepOnet_Abaqus/StaticElasticJob.odb,Step-1,Increment      1: Step Time =    1.000,"PLATE-1",          1897,             1,      -1.09217,  -196.798E-03,            0.,"ASSEMBLY_PLATE-1__PICKEDSET2","ROCK","",      -1.06627,      -2.15449,      -2.15030,      -1.07046,   67.4033E-03
F:/Desktop/DeepOnet_Abaqus/StaticElasticJob.odb,Step-1,Increment      1: Step Time =    1.000,"PLATE-1",          1898,             1,  -80.8561E-03,  -924.553E-03,            0.,"ASSEMBLY_PLATE-1__PICKEDSET2","ROCK","",  -964.585E-03,      -2.40380,      -2.40336,  -965.032E-03,   25.3535E-03
F:/Desktop/DeepOnet_Abaqus/StaticElasticJob.odb,Step-1,Increment      1: Step Time =    1.000,"PLATE-1",          1899,             1,  -30.4802E-03,  -893.743E-03,            0.,"ASSEMBLY_PLATE-1__PICKEDSET2","ROCK","",  -957.201E-03,      -2.41614,      -2.41591,  -957.437E-03,   18.5250E-03
F:/Desktop/DeepOnet_Abaqus/StaticElasticJob.odb,Step-1,Increment      1: Step Time =    1.000,"PLATE-1",          1900,             1,   79.7910E-03,  -951.812E-03,            0.,"ASSEMBLY_PLATE-1__PICKEDSET2","ROCK","",  -962.582E-03,      -2.39826,      -2.39825,  -962.586E-03,   2.22566E-03
F:/Desktop/DeepOnet_Abaqus/StaticElasticJob.odb,Step-1,Increment      1: Step Time =    1.000,"PLATE-1",          1901,             1,  -745.584E-03,  -546.099E-03,            0.,"ASSEMBLY_PLATE-1__PICKEDSET2","ROCK","",  -989.575E-03,      -2.30299,      -2.29117,      -1.00140,   124.042E-03
F:/Desktop/DeepOnet_Abaqus/StaticElasticJob.odb,Step-1,Increment      1: Step Time =    1.000,"PLATE-1",          1902,             1,  -394.562E-03,   943.244E-03,            0.,"ASSEMBLY_PLATE-1__PICKEDSET2","ROCK","",  -940.428E-03,      -2.35172,      -2.35004,  -942.106E-03,  -48.6364E-03
F:/Desktop/DeepOnet_Abaqus/StaticElasticJob.odb,Step-1,Increment      1: Step Time =    1.000,"PLATE-1",          1903,             1,  -387.394E-03,   867.684E-03,            0.,"ASSEMBLY_PLATE-1__PICKEDSET2","ROCK","",  -932.608E-03,      -2.35909,      -2.35669,  -935.011E-03,  -58.5042E-03
F:/Desktop/DeepOnet_Abaqus/StaticElasticJob.odb,Step-1,Increment      1: Step Time =    1.000,"PLATE-1",          1904,             1,   241.915E-03,  -814.258E-03,            0.,"ASSEMBLY_PLATE-1__PICKEDSET2","ROCK","",  -942.867E-03,      -2.42575,      -2.42492,  -943.698E-03,  -35.1075E-03
F:/Desktop/DeepOnet_Abaqus/StaticElasticJob.odb,Step-1,Increment      1: Step Time =    1.000,"PLATE-1",          1905,             1,   344.855E-03,      -1.01941,            0.,"ASSEMBLY_PLATE-1__PICKEDSET2","ROCK","",  -966.496E-03,      -2.36771,      -2.36743,  -966.774E-03,  -19.7168E-03
F:/Desktop/DeepOnet_Abaqus/StaticElasticJob.odb,Step-1,Increment      1: Step Time =    1.000,"PLATE-1",          1906,             1,  -462.301E-03,   962.255E-03,            0.,"ASSEMBLY_PLATE-1__PICKEDSET2","ROCK","",  -941.519E-03,      -2.34285,      -2.34094,  -943.431E-03,  -51.7256E-03
F:/Desktop/DeepOnet_Abaqus/StaticElasticJob.odb,Step-1,Increment      1: Step Time =    1.000,"PLATE-1",          1907,             1,   453.426E-03,  -852.623E-03,            0.,"ASSEMBLY_PLATE-1__PICKEDSET2","ROCK","",  -953.848E-03,      -2.38066,      -2.37912,  -955.382E-03,  -46.7674E-03
F:/Desktop/DeepOnet_Abaqus/StaticElasticJob.odb,Step-1,Increment      1: Step Time =    1.000,"PLATE-1",          1908,             1,      -1.12286,   417.764E-03,            0.,"ASSEMBLY_PLATE-1__PICKEDSET2","ROCK","",      -1.03808,      -2.17339,      -2.16885,      -1.04261,  -71.6067E-03
F:/Desktop/DeepOnet_Abaqus/StaticElasticJob.odb,Step-1,Increment      1: Step Time =    1.000,"PLATE-1",          1909,             1,      -1.01711,   304.721E-03,            0.,"ASSEMBLY_PLATE-1__PICKEDSET2","ROCK","",      -1.06129,      -2.13049,      -2.12531,      -1.06646,  -74.1973E-03
F:/Desktop/DeepOnet_Abaqus/StaticElasticJob.odb,Step-1,Increment      1: Step Time =    1.000,"PLATE-1",          1910,             1,  -925.358E-03,   472.827E-03,            0.,"ASSEMBLY_PLATE-1__PICKEDSET2","ROCK","",      -1.01386,      -2.18491,      -2.17386,      -1.02491,  -113.228E-03
F:/Desktop/DeepOnet_Abaqus/StaticElasticJob.odb,Step-1,Increment      1: Step Time =    1.000,"PLATE-1",          1911,             1,  -713.610E-03,   671.302E-03,            0.,"ASSEMBLY_PLATE-1__PICKEDSET2","ROCK","",  -946.010E-03,      -2.28267,      -2.27193,  -956.747E-03,  -119.318E-03
F:/Desktop/DeepOnet_Abaqus/StaticElasticJob.odb,Step-1,Increment      1: Step Time =    1.000,"PLATE-1",          1912,             1,   462.012E-03,  -920.358E-03,            0.,"ASSEMBLY_PLATE-1__PICKEDSET2","ROCK","",  -958.946E-03,      -2.37089,      -2.36989,  -959.947E-03,  -37.5927E-03
F:/Desktop/DeepOnet_Abaqus/StaticElasticJob.odb,Step-1,Increment      1: Step Time =    1.000,"PLATE-1",          1913,             1,  -516.748E-03,       1.00801,            0.,"ASSEMBLY_PLATE-1__PICKEDSET2","ROCK","",  -945.882E-03,      -2.33382,      -2.33201,  -947.688E-03,  -50.0401E-03
F:/Desktop/DeepOnet_Abaqus/StaticElasticJob.odb,Step-1,Increment      1: Step Time =    1.000,"PLATE-1",          1914,             1,   614.618E-03,  -925.514E-03,            0.,"ASSEMBLY_PLATE-1__PICKEDSET2","ROCK","",  -958.883E-03,      -2.34942,      -2.34790,  -960.397E-03,  -45.8672E-03
F:/Desktop/DeepOnet_Abaqus/StaticElasticJob.odb,Step-1,Increment      1: Step Time =    1.000,"PLATE-1",          1915,             1,   682.881E-03,      -1.00585,            0.,"ASSEMBLY_PLATE-1__PICKEDSET2","ROCK","",  -962.209E-03,      -2.33855,      -2.33740,  -963.361E-03,  -39.8038E-03
F:/Desktop/DeepOnet_Abaqus/StaticElasticJob.odb,Step-1,Increment      1: Step Time =    1.000,"PLATE-1",          1916,             1,  -606.966E-03,   823.105E-03,            0.,"ASSEMBLY_PLATE-1__PICKEDSET2","ROCK","",  -936.920E-03,      -2.32108,      -2.31577,  -942.225E-03,  -85.5259E-03
F:/Desktop/DeepOnet_Abaqus/StaticElasticJob.odb,Step-1,Increment      1: Step Time =    1.000,"PLATE-1",          1917,             1,  -733.548E-03,   772.397E-03,            0.,"ASSEMBLY_PLATE-1__PICKEDSET2","ROCK","",  -950.725E-03,      -2.29118,      -2.28422,  -957.689E-03,  -96.3671E-03
F:/Desktop/DeepOnet_Abaqus/StaticElasticJob.odb,Step-1,Increment      1: Step Time =    1.000,"PLATE-1",          1918,             1,  -158.170E-03,  -877.342E-03,            0.,"ASSEMBLY_PLATE-1__PICKEDSET2","ROCK","",  -963.475E-03,      -2.41028,      -2.40926,  -964.499E-03,   38.4756E-03
F:/Desktop/DeepOnet_Abaqus/StaticElasticJob.odb,Step-1,Increment      1: Step Time =    1.000,"PLATE-1",          1919,             1,  -136.155E-03,  -948.975E-03,            0.,"ASSEMBLY_PLATE-1__PICKEDSET2","ROCK","",  -970.659E-03,      -2.39208,      -2.39149,  -971.250E-03,   28.9559E-03
F:/Desktop/DeepOnet_Abaqus/StaticElasticJob.odb,Step-1,Increment      1: Step Time =    1.000,"PLATE-1",          1920,             1,   135.350E-03,  -898.939E-03,            0.,"ASSEMBLY_PLATE-1__PICKEDSET2","ROCK","",  -954.026E-03,      -2.41210,      -2.41206,  -954.063E-03,  -7.34516E-03
F:/Desktop/DeepOnet_Abaqus/StaticElasticJob.odb,Step-1,Increment      1: Step Time =    1.000,"PLATE-1",          1921,             1,   192.993E-03,  -894.953E-03,            0.,"ASSEMBLY_PLATE-1__PICKEDSET2","ROCK","",  -953.869E-03,      -2.40832,      -2.40814,  -954.045E-03,  -15.9944E-03
F:/Desktop/DeepOnet_Abaqus/StaticElasticJob.odb,Step-1,Increment      1: Step Time =    1.000,"PLATE-1",          1922,             1,   408.488E-03,  -997.523E-03,            0.,"ASSEMBLY_PLATE-1__PICKEDSET2","ROCK","",  -964.480E-03,      -2.36573,      -2.36525,  -964.953E-03,  -25.7558E-03
F:/Desktop/DeepOnet_Abaqus/StaticElasticJob.odb,Step-1,Increment      1: Step Time =    1.000,"PLATE-1",          1923,             1,  -533.631E-03,   576.499E-03,            0.,"ASSEMBLY_PLATE-1__PICKEDSET2","ROCK","",  -903.895E-03,      -2.32462,      -2.30693,  -921.589E-03,  -157.563E-03
F:/Desktop/DeepOnet_Abaqus/StaticElasticJob.odb,Step-1,Increment      1: Step Time =    1.000,"PLATE-1",          1924,             1,   690.967E-03,  -780.679E-03,            0.,"ASSEMBLY_PLATE-1__PICKEDSET2","ROCK","",  -953.028E-03,      -2.34408,      -2.34063,  -956.472E-03,  -69.1354E-03
F:/Desktop/DeepOnet_Abaqus/StaticElasticJob.odb,Step-1,Increment      1: Step Time =    1.000,"PLATE-1",          1925,             1,      -1.10558,   385.144E-03,            0.,"ASSEMBLY_PLATE-1__PICKEDSET2","ROCK","",      -1.04570,      -2.16051,      -2.15589,      -1.05031,  -71.5684E-03
F:/Desktop/DeepOnet_Abaqus/StaticElasticJob.odb,Step-1,Increment      1: Step Time =    1.000,"PLATE-1",          1926,             1,      -1.13961,   360.980E-03,            0.,"ASSEMBLY_PLATE-1__PICKEDSET2","ROCK","",      -1.04994,      -2.15947,      -2.15621,      -1.05321,  -60.0808E-03
F:/Desktop/DeepOnet_Abaqus/StaticElasticJob.odb,Step-1,Increment      1: Step Time =    1.000,"PLATE-1",          1927,             1,  -944.479E-03,   562.930E-03,            0.,"ASSEMBLY_PLATE-1__PICKEDSET2","ROCK","",  -999.922E-03,      -2.21237,      -2.20308,      -1.00921,  -105.728E-03
F:/Desktop/DeepOnet_Abaqus/StaticElasticJob.odb,Step-1,Increment      1: Step Time =    1.000,"PLATE-1",          1928,             1,  -809.698E-03,  -682.130E-03,            0.,"ASSEMBLY_PLATE-1__PICKEDSET2","ROCK","",  -988.842E-03,      -2.30624,      -2.29992,  -995.169E-03,   91.0783E-03
F:/Desktop/DeepOnet_Abaqus/StaticElasticJob.odb,Step-1,Increment      1: Step Time =    1.000,"PLATE-1",          1929,             1,  -767.238E-03,   646.620E-03,            0.,"ASSEMBLY_PLATE-1__PICKEDSET2","ROCK","",  -959.595E-03,      -2.26179,      -2.25024,  -971.152E-03,  -122.127E-03
F:/Desktop/DeepOnet_Abaqus/StaticElasticJob.odb,Step-1,Increment      1: Step Time =    1.000,"PLATE-1",          1930,             1,  -557.975E-03,   866.920E-03,            0.,"ASSEMBLY_PLATE-1__PICKEDSET2","ROCK","",  -935.732E-03,      -2.33231,      -2.32837,  -939.671E-03,  -74.0669E-03
F:/Desktop/DeepOnet_Abaqus/StaticElasticJob.odb,Step-1,Increment      1: Step Time =    1.000,"PLATE-1",          1931,             1,  -314.463E-03,   880.910E-03,            0.,"ASSEMBLY_PLATE-1__PICKEDSET2","ROCK","",  -936.224E-03,      -2.36914,      -2.36750,  -937.865E-03,  -48.4610E-03
F:/Desktop/DeepOnet_Abaqus/StaticElasticJob.odb,Step-1,Increment      1: Step Time =    1.000,"PLATE-1",          1932,             1,   609.343E-03,      -1.05578,            0.,"ASSEMBLY_PLATE-1__PICKEDSET2","ROCK","",  -965.744E-03,      -2.34155,      -2.34084,  -966.456E-03,  -31.2893E-03
F:/Desktop/DeepOnet_Abaqus/StaticElasticJob.odb,Step-1,Increment      1: Step Time =    1.000,"PLATE-1",          1933,             1,  -257.967E-06,      -1.05958,            0.,"ASSEMBLY_PLATE-1__PICKEDSET2","ROCK","",  -975.428E-03,      -2.37433,      -2.37425,  -975.510E-03,   10.6844E-03
F:/Desktop/DeepOnet_Abaqus/StaticElasticJob.odb,Step-1,Increment      1: Step Time =    1.000,"PLATE-1",          1934,             1,   134.229E-03,  -965.513E-03,            0.,"ASSEMBLY_PLATE-1__PICKEDSET2","ROCK","",  -963.476E-03,      -2.39285,      -2.39284,  -963.485E-03,  -3.56453E-03
F:/Desktop/DeepOnet_Abaqus/StaticElasticJob.odb,Step-1,Increment      1: Step Time =    1.000,"PLATE-1",          1935,             1,      -1.09636,   299.723E-03,            0.,"ASSEMBLY_PLATE-1__PICKEDSET2","ROCK","",      -1.06125,      -2.14074,      -2.13774,      -1.06425,  -56.8009E-03
F:/Desktop/DeepOnet_Abaqus/StaticElasticJob.odb,Step-1,Increment      1: Step Time =    1.000,"PLATE-1",          1936,             1,  -733.711E-03,  -706.072E-03,            0.,"ASSEMBLY_PLATE-1__PICKEDSET2","ROCK","",  -984.488E-03,      -2.32334,      -2.31723,  -990.594E-03,   90.2067E-03
F:/Desktop/DeepOnet_Abaqus/StaticElasticJob.odb,Step-1,Increment      1: Step Time =    1.000,"PLATE-1",          1937,             1,  -907.663E-03,  -524.375E-03,            0.,"ASSEMBLY_PLATE-1__PICKEDSET2","ROCK","",      -1.00619,      -2.26287,      -2.25376,      -1.01530,   106.590E-03
F:/Desktop/DeepOnet_Abaqus/StaticElasticJob.odb,Step-1,Increment      1: Step Time =    1.000,"PLATE-1",          1938,             1,   765.045E-03,  -777.465E-03,            0.,"ASSEMBLY_PLATE-1__PICKEDSET2","ROCK","",  -952.578E-03,      -2.33306,      -2.32941,  -956.235E-03,  -70.9524E-03
F:/Desktop/DeepOnet_Abaqus/StaticElasticJob.odb,Step-1,Increment      1: Step Time =    1.000,"PLATE-1",          1939,             1,      -1.09264,   134.547E-03,            0.,"ASSEMBLY_PLATE-1__PICKEDSET2","ROCK","",      -1.08484,      -2.11285,      -2.11245,      -1.08523,  -20.2001E-03
F:/Desktop/DeepOnet_Abaqus/StaticElasticJob.odb,Step-1,Increment      1: Step Time =    1.000,"PLATE-1",          1940,             1,   45.0181E-03,      -1.13527,            0.,"ASSEMBLY_PLATE-1__PICKEDSET2","ROCK","",  -979.817E-03,      -2.36112,      -2.36108,  -979.850E-03,   6.80451E-03
F:/Desktop/DeepOnet_Abaqus/StaticElasticJob.odb,Step-1,Increment      1: Step Time =    1.000,"PLATE-1",          1941,             1,  -868.389E-03,   730.584E-03,            0.,"ASSEMBLY_PLATE-1__PICKEDSET2","ROCK","",  -969.877E-03,      -2.26182,      -2.25426,  -977.434E-03,  -98.5223E-03
F:/Desktop/DeepOnet_Abaqus/StaticElasticJob.odb,Step-1,Increment      1: Step Time =    1.000,"PLATE-1",          1942,             1,  -915.178E-03,   696.523E-03,            0.,"ASSEMBLY_PLATE-1__PICKEDSET2","ROCK","",  -979.336E-03,      -2.24794,      -2.24060,  -986.673E-03,  -96.1951E-03
F:/Desktop/DeepOnet_Abaqus/StaticElasticJob.odb,Step-1,Increment      1: Step Time =    1.000,"PLATE-1",          1943,             1,  -482.331E-03,       1.05052,            0.,"ASSEMBLY_PLATE-1__PICKEDSET2","ROCK","",  -948.114E-03,      -2.33655,      -2.33521,  -949.449E-03,  -43.0278E-03
F:/Desktop/DeepOnet_Abaqus/StaticElasticJob.odb,Step-1,Increment      1: Step Time =    1.000,"PLATE-1",          1944,             1,  -322.989E-03,   954.265E-03,            0.,"ASSEMBLY_PLATE-1__PICKEDSET2","ROCK","",  -942.617E-03,      -2.35902,      -2.35782,  -943.821E-03,  -41.2865E-03
F:/Desktop/DeepOnet_Abaqus/StaticElasticJob.odb,Step-1,Increment      1: Step Time =    1.000,"PLATE-1",          1945,             1,  -65.5469E-03,      -1.10147,            0.,"ASSEMBLY_PLATE-1__PICKEDSET2","ROCK","",  -980.544E-03,      -2.36441,      -2.36426,  -980.698E-03,   14.6164E-03
F:/Desktop/DeepOnet_Abaqus/StaticElasticJob.odb,Step-1,Increment      1: Step Time =    1.000,"PLATE-1",          1946,             1,      -1.28803,   291.282E-03,            0.,"ASSEMBLY_PLATE-1__PICKEDSET2","ROCK","",      -1.05337,      -2.16749,      -2.16652,      -1.05435,  -32.9758E-03
F:/Desktop/DeepOnet_Abaqus/StaticElasticJob.odb,Step-1,Increment      1: Step Time =    1.000,"PLATE-1",          1947,             1,      -1.02388,   162.218E-03,            0.,"ASSEMBLY_PLATE-1__PICKEDSET2","ROCK","",      -1.09110,      -2.09500,      -2.09373,      -1.09237,  -35.7027E-03
F:/Desktop/DeepOnet_Abaqus/StaticElasticJob.odb,Step-1,Increment      1: Step Time =    1.000,"PLATE-1",          1948,             1,  -996.411E-03,   46.9513E-03,            0.,"ASSEMBLY_PLATE-1__PICKEDSET2","ROCK","",      -1.10640,      -2.07723,      -2.07721,      -1.10641,   3.86532E-03
F:/Desktop/DeepOnet_Abaqus/StaticElasticJob.odb,Step-1,Increment      1: Step Time =    1.000,"PLATE-1",          1949,             1,  -944.131E-03,   109.689E-03,            0.,"ASSEMBLY_PLATE-1__PICKEDSET2","ROCK","",      -1.11209,      -2.05790,      -2.05714,      -1.11285,  -26.8947E-03
F:/Desktop/DeepOnet_Abaqus/StaticElasticJob.odb,Step-1,Increment      1: Step Time =    1.000,"PLATE-1",          1950,             1,  -732.649E-03,  -468.564E-03,            0.,"ASSEMBLY_PLATE-1__PICKEDSET2","ROCK","",  -995.360E-03,      -2.28634,      -2.26951,      -1.01219,   146.438E-03
F:/Desktop/DeepOnet_Abaqus/StaticElasticJob.odb,Step-1,Increment      1: Step Time =    1.000,"PLATE-1",          1951,             1,  -392.513E-03,       1.00481,            0.,"ASSEMBLY_PLATE-1__PICKEDSET2","ROCK","",  -946.102E-03,      -2.34699,      -2.34581,  -947.289E-03,  -40.7658E-03
F:/Desktop/DeepOnet_Abaqus/StaticElasticJob.odb,Step-1,Increment      1: Step Time =    1.000,"PLATE-1",          1952,             1,  -560.311E-03,   968.225E-03,            0.,"ASSEMBLY_PLATE-1__PICKEDSET2","ROCK","",  -945.087E-03,      -2.32897,      -2.32662,  -947.437E-03,  -56.9719E-03
F:/Desktop/DeepOnet_Abaqus/StaticElasticJob.odb,Step-1,Increment      1: Step Time =    1.000,"PLATE-1",          1953,             1,   484.969E-03,      -1.02990,            0.,"ASSEMBLY_PLATE-1__PICKEDSET2","ROCK","",  -965.942E-03,      -2.35465,      -2.35416,  -966.439E-03,  -26.2570E-03
F:/Desktop/DeepOnet_Abaqus/StaticElasticJob.odb,Step-1,Increment      1: Step Time =    1.000,"PLATE-1",          1954,             1,  -270.588E-03,  -923.863E-03,            0.,"ASSEMBLY_PLATE-1__PICKEDSET2","ROCK","",  -974.193E-03,      -2.38621,      -2.38495,  -975.454E-03,   42.1746E-03
F:/Desktop/DeepOnet_Abaqus/StaticElasticJob.odb,Step-1,Increment      1: Step Time =    1.000,"PLATE-1",          1955,             1,  -248.394E-03,  -980.906E-03,            0.,"ASSEMBLY_PLATE-1__PICKEDSET2","ROCK","",  -977.472E-03,      -2.37715,      -2.37633,  -978.294E-03,   33.8940E-03
F:/Desktop/DeepOnet_Abaqus/StaticElasticJob.odb,Step-1,Increment      1: Step Time =    1.000,"PLATE-1",          1956,             1,  -176.515E-03,      -1.04521,            0.,"ASSEMBLY_PLATE-1__PICKEDSET2","ROCK","",  -979.784E-03,      -2.36963,      -2.36920,  -980.211E-03,   24.3534E-03
F:/Desktop/DeepOnet_Abaqus/StaticElasticJob.odb,Step-1,Increment      1: Step Time =    1.000,"PLATE-1",          1957,             1,  -135.859E-03,      -1.24978,            0.,"ASSEMBLY_PLATE-1__PICKEDSET2","ROCK","",  -989.218E-03,      -2.34241,      -2.34225,  -989.372E-03,   14.4343E-03
F:/Desktop/DeepOnet_Abaqus/StaticElasticJob.odb,Step-1,Increment      1: Step Time =    1.000,"PLATE-1",          1958,             1,  -17.9364E-03,      -1.17374,            0.,"ASSEMBLY_PLATE-1__PICKEDSET2","ROCK","",  -983.500E-03,      -2.35472,      -2.35464,  -983.576E-03,   10.2533E-03
F:/Desktop/DeepOnet_Abaqus/StaticElasticJob.odb,Step-1,Increment      1: Step Time =    1.000,"PLATE-1",          1959,             1,  -245.626E-03,      -1.04898,            0.,"ASSEMBLY_PLATE-1__PICKEDSET2","ROCK","",  -982.099E-03,      -2.36467,      -2.36407,  -982.698E-03,   28.7646E-03
F:/Desktop/DeepOnet_Abaqus/StaticElasticJob.odb,Step-1,Increment      1: Step Time =    1.000,"PLATE-1",          1960,             1,  -298.598E-03,  -977.094E-03,            0.,"ASSEMBLY_PLATE-1__PICKEDSET2","ROCK","",  -979.640E-03,      -2.37169,      -2.37063,  -980.699E-03,   38.3789E-03
F:/Desktop/DeepOnet_Abaqus/StaticElasticJob.odb,Step-1,Increment      1: Step Time =    1.000,"PLATE-1",          1961,             1,  -638.427E-03,       1.03620,            0.,"ASSEMBLY_PLATE-1__PICKEDSET2","ROCK","",  -951.873E-03,      -2.31902,      -2.31696,  -953.929E-03,  -52.9745E-03
F:/Desktop/DeepOnet_Abaqus/StaticElasticJob.odb,Step-1,Increment      1: Step Time =    1.000,"PLATE-1",          1962,             1,      -1.31354,   172.767E-03,            0.,"ASSEMBLY_PLATE-1__PICKEDSET2","ROCK","",      -1.05960,      -2.16237,      -2.16214,      -1.05983,  -16.1135E-03
F:/Desktop/DeepOnet_Abaqus/StaticElasticJob.odb,Step-1,Increment      1: Step Time =    1.000,"PLATE-1",          1963,             1,      -1.23027,   23.5747E-03,            0.,"ASSEMBLY_PLATE-1__PICKEDSET2","ROCK","",      -1.07240,      -2.14432,      -2.14419,      -1.07254,   12.2312E-03
F:/Desktop/DeepOnet_Abaqus/StaticElasticJob.odb,Step-1,Increment      1: Step Time =    1.000,"PLATE-1",          1964,             1,  -322.532E-03,       1.11693,            0.,"ASSEMBLY_PLATE-1__PICKEDSET2","ROCK","",  -955.526E-03,      -2.34427,      -2.34380,  -955.993E-03,  -25.4659E-03
F:/Desktop/DeepOnet_Abaqus/StaticElasticJob.odb,Step-1,Increment      1: Step Time =    1.000,"PLATE-1",          1965,             1,  -299.781E-03,  -816.650E-03,            0.,"ASSEMBLY_PLATE-1__PICKEDSET2","ROCK","",  -968.875E-03,      -2.40332,      -2.40062,  -971.581E-03,   62.2479E-03
F:/Desktop/DeepOnet_Abaqus/StaticElasticJob.odb,Step-1,Increment      1: Step Time =    1.000,"PLATE-1",          1966,             1,   580.497E-03,      -1.11680,            0.,"ASSEMBLY_PLATE-1__PICKEDSET2","ROCK","",  -969.060E-03,      -2.33982,      -2.33939,  -969.498E-03,  -24.4735E-03
F:/Desktop/DeepOnet_Abaqus/StaticElasticJob.odb,Step-1,Increment      1: Step Time =    1.000,"PLATE-1",          1967,             1,   735.649E-03,      -1.09557,            0.,"ASSEMBLY_PLATE-1__PICKEDSET2","ROCK","",  -966.520E-03,      -2.32969,      -2.32890,  -967.313E-03,  -32.8839E-03
F:/Desktop/DeepOnet_Abaqus/StaticElasticJob.odb,Step-1,Increment      1: Step Time =    1.000,"PLATE-1",          1968,             1,  -167.039E-03,      -1.30729,            0.,"ASSEMBLY_PLATE-1__PICKEDSET2","ROCK","",  -991.593E-03,      -2.33541,      -2.33527,  -991.735E-03,   13.8038E-03
F:/Desktop/DeepOnet_Abaqus/StaticElasticJob.odb,Step-1,Increment      1: Step Time =    1.000,"PLATE-1",          1969,             1,  -241.924E-03,      -1.29595,            0.,"ASSEMBLY_PLATE-1__PICKEDSET2","ROCK","",  -992.078E-03,      -2.33429,      -2.33409,  -992.270E-03,   16.0307E-03
F:/Desktop/DeepOnet_Abaqus/StaticElasticJob.odb,Step-1,Increment      1: Step Time =    1.000,"PLATE-1",          1970,             1,  -407.632E-03,  -929.719E-03,            0.,"ASSEMBLY_PLATE-1__PICKEDSET2","ROCK","",  -980.155E-03,      -2.36760,      -2.36592,  -981.839E-03,   48.3080E-03
F:/Desktop/DeepOnet_Abaqus/StaticElasticJob.odb,Step-1,Increment      1: Step Time =    1.000,"PLATE-1",          1971,             1,   668.732E-03,      -1.07382,            0.,"ASSEMBLY_PLATE-1__PICKEDSET2","ROCK","",  -966.178E-03,      -2.33612,      -2.33541,  -966.889E-03,  -31.2140E-03
F:/Desktop/DeepOnet_Abaqus/StaticElasticJob.odb,Step-1,Increment      1: Step Time =    1.000,"PLATE-1",          1972,             1,   491.556E-03,      -1.18845,            0.,"ASSEMBLY_PLATE-1__PICKEDSET2","ROCK","",  -973.856E-03,      -2.33975,      -2.33956,  -974.046E-03,  -16.1183E-03
F:/Desktop/DeepOnet_Abaqus/StaticElasticJob.odb,Step-1,Increment      1: Step Time =    1.000,"PLATE-1",          1973,             1,  -610.463E-03,   924.349E-03,            0.,"ASSEMBLY_PLATE-1__PICKEDSET2","ROCK","",  -944.162E-03,      -2.32251,      -2.31929,  -947.383E-03,  -66.5492E-03
F:/Desktop/DeepOnet_Abaqus/StaticElasticJob.odb,Step-1,Increment      1: Step Time =    1.000,"PLATE-1",          1974,             1,  -699.948E-03,   822.852E-03,            0.,"ASSEMBLY_PLATE-1__PICKEDSET2","ROCK","",  -946.930E-03,      -2.30337,      -2.29779,  -952.510E-03,  -86.8184E-03
F:/Desktop/DeepOnet_Abaqus/StaticElasticJob.odb,Step-1,Increment      1: Step Time =    1.000,"PLATE-1",          1975,             1,  -526.253E-03,  -867.669E-03,            0.,"ASSEMBLY_PLATE-1__PICKEDSET2","ROCK","",  -981.106E-03,      -2.35701,      -2.35439,  -983.723E-03,   59.9428E-03
F:/Desktop/DeepOnet_Abaqus/StaticElasticJob.odb,Step-1,Increment      1: Step Time =    1.000,"PLATE-1",          1976,             1,      -1.10587,  -285.407E-03,            0.,"ASSEMBLY_PLATE-1__PICKEDSET2","ROCK","",      -1.05120,      -2.18081,      -2.17556,      -1.05644,   76.7746E-03
F:/Desktop/DeepOnet_Abaqus/StaticElasticJob.odb,Step-1,Increment      1: Step Time =    1.000,"PLATE-1",          1977,             1,  -513.052E-03,       1.17697,            0.,"ASSEMBLY_PLATE-1__PICKEDSET2","ROCK","",  -957.459E-03,      -2.32629,      -2.32552,  -958.230E-03,  -32.4803E-03
F:/Desktop/DeepOnet_Abaqus/StaticElasticJob.odb,Step-1,Increment      1: Step Time =    1.000,"PLATE-1",          1978,             1,  -410.504E-03,       1.05007,            0.,"ASSEMBLY_PLATE-1__PICKEDSET2","ROCK","",  -949.146E-03,      -2.34290,      -2.34189,  -950.155E-03,  -37.4886E-03
F:/Desktop/DeepOnet_Abaqus/StaticElasticJob.odb,Step-1,Increment      1: Step Time =    1.000,"PLATE-1",          1979,             1,   630.791E-03,      -1.20291,            0.,"ASSEMBLY_PLATE-1__PICKEDSET2","ROCK","",  -972.268E-03,      -2.33058,      -2.33024,  -972.608E-03,  -21.4969E-03
F:/Desktop/DeepOnet_Abaqus/StaticElasticJob.odb,Step-1,Increment      1: Step Time =    1.000,"PLATE-1",          1980,             1,   714.089E-03,      -1.16134,            0.,"ASSEMBLY_PLATE-1__PICKEDSET2","ROCK","",  -969.773E-03,      -2.32794,      -2.32741,  -970.308E-03,  -26.9500E-03
F:/Desktop/DeepOnet_Abaqus/StaticElasticJob.odb,Step-1,Increment      1: Step Time =    1.000,"PLATE-1",          1981,             1,  -319.460E-03,      -1.12116,            0.,"ASSEMBLY_PLATE-1__PICKEDSET2","ROCK","",  -986.960E-03,      -2.34967,      -2.34914,  -987.491E-03,   26.9020E-03
F:/Desktop/DeepOnet_Abaqus/StaticElasticJob.odb,Step-1,Increment      1: Step Time =    1.000,"PLATE-1",          1982,             1,   432.396E-03,      -1.05905,            0.,"ASSEMBLY_PLATE-1__PICKEDSET2","ROCK","",  -967.997E-03,      -2.35589,      -2.35553,  -968.349E-03,  -22.0741E-03
F:/Desktop/DeepOnet_Abaqus/StaticElasticJob.odb,Step-1,Increment      1: Step Time =    1.000,"PLATE-1",          1983,             1,   467.688E-03,      -1.11969,            0.,"ASSEMBLY_PLATE-1__PICKEDSET2","ROCK","",  -970.966E-03,      -2.34681,      -2.34655,  -971.232E-03,  -19.1146E-03
F:/Desktop/DeepOnet_Abaqus/StaticElasticJob.odb,Step-1,Increment      1: Step Time =    1.000,"PLATE-1",          1984,             1,  -855.709E-03,   568.920E-03,            0.,"ASSEMBLY_PLATE-1__PICKEDSET2","ROCK","",  -984.601E-03,      -2.22565,      -2.21361,  -996.639E-03,  -121.633E-03
F:/Desktop/DeepOnet_Abaqus/StaticElasticJob.odb,Step-1,Increment      1: Step Time =    1.000,"PLATE-1",          1985,             1,   814.787E-03,   3.61626E-03,            0.,"ASSEMBLY_PLATE-1__PICKEDSET2","ROCK","",  -679.378E-03,      -2.20075,      -1.99323,  -886.893E-03,  -522.154E-03
F:/Desktop/DeepOnet_Abaqus/StaticElasticJob.odb,Step-1,Increment      1: Step Time =    1.000,"PLATE-1",          1986,             1,   811.800E-03,  -280.656E-03,            0.,"ASSEMBLY_PLATE-1__PICKEDSET2","ROCK","",  -936.239E-03,      -2.23266,      -2.20726,  -961.634E-03,  -179.660E-03
F:/Desktop/DeepOnet_Abaqus/StaticElasticJob.odb,Step-1,Increment      1: Step Time =    1.000,"PLATE-1",          1987,             1,   298.610E-03,   828.779E-03,            0.,"ASSEMBLY_PLATE-1__PICKEDSET2","ROCK","",  -927.679E-03,      -2.45324,      -2.45307,  -927.854E-03,   16.3144E-03
F:/Desktop/DeepOnet_Abaqus/StaticElasticJob.odb,Step-1,Increment      1: Step Time =    1.000,"PLATE-1",          1988,             1,   688.147E-03,      -1.27136,            0.,"ASSEMBLY_PLATE-1__PICKEDSET2","ROCK","",  -974.668E-03,      -2.32359,      -2.32330,  -974.953E-03,  -19.6142E-03
F:/Desktop/DeepOnet_Abaqus/StaticElasticJob.odb,Step-1,Increment      1: Step Time =    1.000,"PLATE-1",          1989,             1,   829.426E-03,  -781.704E-03,            0.,"ASSEMBLY_PLATE-1__PICKEDSET2","ROCK","",  -952.840E-03,      -2.32477,      -2.32086,  -956.749E-03,  -73.1283E-03
F:/Desktop/DeepOnet_Abaqus/StaticElasticJob.odb,Step-1,Increment      1: Step Time =    1.000,"PLATE-1",          1990,             1,   274.122E-03,      -1.04337,            0.,"ASSEMBLY_PLATE-1__PICKEDSET2","ROCK","",  -969.384E-03,      -2.36877,      -2.36867,  -969.491E-03,  -12.2326E-03
F:/Desktop/DeepOnet_Abaqus/StaticElasticJob.odb,Step-1,Increment      1: Step Time =    1.000,"PLATE-1",          1991,             1,   263.488E-03,  -961.547E-03,            0.,"ASSEMBLY_PLATE-1__PICKEDSET2","ROCK","",  -962.006E-03,      -2.38540,      -2.38518,  -962.222E-03,  -17.5449E-03
F:/Desktop/DeepOnet_Abaqus/StaticElasticJob.odb,Step-1,Increment      1: Step Time =    1.000,"PLATE-1",          1992,             1,   844.698E-03,  -714.806E-03,            0.,"ASSEMBLY_PLATE-1__PICKEDSET2","ROCK","",  -952.462E-03,      -2.31532,      -2.31020,  -957.577E-03,  -83.3296E-03
F:/Desktop/DeepOnet_Abaqus/StaticElasticJob.odb,Step-1,Increment      1: Step Time =    1.000,"PLATE-1",          1993,             1,  -733.145E-03,       1.01531,            0.,"ASSEMBLY_PLATE-1__PICKEDSET2","ROCK","",  -955.909E-03,      -2.30710,      -2.30450,  -958.505E-03,  -59.1748E-03
F:/Desktop/DeepOnet_Abaqus/StaticElasticJob.odb,Step-1,Increment      1: Step Time =    1.000,"PLATE-1",          1994,             1,      -1.06225,   503.730E-03,            0.,"ASSEMBLY_PLATE-1__PICKEDSET2","ROCK","",      -1.02107,      -2.19241,      -2.18622,      -1.02727,  -84.9699E-03
F:/Desktop/DeepOnet_Abaqus/StaticElasticJob.odb,Step-1,Increment      1: Step Time =    1.000,"PLATE-1",          1995,             1,      -1.01624,   469.247E-03,            0.,"ASSEMBLY_PLATE-1__PICKEDSET2","ROCK","",      -1.02460,      -2.18268,      -2.17551,      -1.03177,  -90.8513E-03
F:/Desktop/DeepOnet_Abaqus/StaticElasticJob.odb,Step-1,Increment      1: Step Time =    1.000,"PLATE-1",          1996,             1,  -676.680E-03,  -800.183E-03,            0.,"ASSEMBLY_PLATE-1__PICKEDSET2","ROCK","",  -982.436E-03,      -2.33669,      -2.33268,  -986.443E-03,   73.5512E-03
F:/Desktop/DeepOnet_Abaqus/StaticElasticJob.odb,Step-1,Increment      1: Step Time =    1.000,"PLATE-1",          1997,             1,   753.189E-03,      -1.02350,            0.,"ASSEMBLY_PLATE-1__PICKEDSET2","ROCK","",  -963.580E-03,      -2.33021,      -2.32904,  -964.748E-03,  -39.9322E-03
F:/Desktop/DeepOnet_Abaqus/StaticElasticJob.odb,Step-1,Increment      1: Step Time =    1.000,"PLATE-1",          1998,             1,   690.665E-03,  -934.646E-03,            0.,"ASSEMBLY_PLATE-1__PICKEDSET2","ROCK","",  -959.853E-03,      -2.33945,      -2.33783,  -961.466E-03,  -47.1341E-03
F:/Desktop/DeepOnet_Abaqus/StaticElasticJob.odb,Step-1,Increment      1: Step Time =    1.000,"PLATE-1",          1999,             1,  -179.298E-03,   891.626E-03,            0.,"ASSEMBLY_PLATE-1__PICKEDSET2","ROCK","",  -942.555E-03,      -2.38358,      -2.38269,  -943.446E-03,  -35.8189E-03
F:/Desktop/DeepOnet_Abaqus/StaticElasticJob.odb,Step-1,Increment      1: Step Time =    1.000,"PLATE-1",          2000,             1,  -175.802E-03,   974.473E-03,            0.,"ASSEMBLY_PLATE-1__PICKEDSET2","ROCK","",  -949.417E-03,      -2.37027,      -2.36973,  -949.963E-03,  -27.8456E-03
F:/Desktop/DeepOnet_Abaqus/StaticElasticJob.odb,Step-1,Increment      1: Step Time =    1.000,"PLATE-1",          2001,             1,  -775.402E-03,   559.670E-03,            0.,"ASSEMBLY_PLATE-1__PICKEDSET2","ROCK","",  -970.194E-03,      -2.23764,      -2.22298,  -984.851E-03,  -135.506E-03
F:/Desktop/DeepOnet_Abaqus/StaticElasticJob.odb,Step-1,Increment      1: Step Time =    1.000,"PLATE-1",          2002,             1,   860.464E-03,   355.257E-03,            0.,"ASSEMBLY_PLATE-1__PICKEDSET2","ROCK","",  -840.821E-03,      -2.56418,      -2.44073,  -964.273E-03,   444.423E-03
F:/Desktop/DeepOnet_Abaqus/StaticElasticJob.odb,Step-1,Increment      1: Step Time =    1.000,"PLATE-1",          2003,             1,   699.136E-03,   413.615E-03,            0.,"ASSEMBLY_PLATE-1__PICKEDSET2","ROCK","",      -1.22168,      -2.30796,      -2.28556,      -1.24408,   154.366E-03
F:/Desktop/DeepOnet_Abaqus/StaticElasticJob.odb,Step-1,Increment      1: Step Time =    1.000,"PLATE-1",          2004,             1,  -123.580E-03,   810.516E-03,            0.,"ASSEMBLY_PLATE-1__PICKEDSET2","ROCK","",  -937.748E-03,      -2.40624,      -2.40506,  -938.931E-03,  -41.6609E-03
F:/Desktop/DeepOnet_Abaqus/StaticElasticJob.odb,Step-1,Increment      1: Step Time =    1.000,"PLATE-1",          2005,             1,   818.132E-03,  -399.390E-03,            0.,"ASSEMBLY_PLATE-1__PICKEDSET2","ROCK","",  -944.302E-03,      -2.28502,      -2.27115,  -958.172E-03,  -135.658E-03
F:/Desktop/DeepOnet_Abaqus/StaticElasticJob.odb,Step-1,Increment      1: Step Time =    1.000,"PLATE-1",          2006,             1,  -19.7874E-03,   760.967E-03,            0.,"ASSEMBLY_PLATE-1__PICKEDSET2","ROCK","",  -935.208E-03,      -2.42780,      -2.42681,  -936.202E-03,  -38.5116E-03
F:/Desktop/DeepOnet_Abaqus/StaticElasticJob.odb,Step-1,Increment      1: Step Time =    1.000,"PLATE-1",          2007,             1,  -565.122E-03,      -1.13036,            0.,"ASSEMBLY_PLATE-1__PICKEDSET2","ROCK","",  -989.293E-03,      -2.33194,      -2.33111,  -990.129E-03,   33.4933E-03
F:/Desktop/DeepOnet_Abaqus/StaticElasticJob.odb,Step-1,Increment      1: Step Time =    1.000,"PLATE-1",          2008,             1,  -434.637E-03,      -1.00458,            0.,"ASSEMBLY_PLATE-1__PICKEDSET2","ROCK","",  -984.393E-03,      -2.35386,      -2.35265,  -985.602E-03,   40.6692E-03
F:/Desktop/DeepOnet_Abaqus/StaticElasticJob.odb,Step-1,Increment      1: Step Time =    1.000,"PLATE-1",          2009,             1,  -665.426E-03,       1.13979,            0.,"ASSEMBLY_PLATE-1__PICKEDSET2","ROCK","",  -957.917E-03,      -2.31504,      -2.31366,  -959.296E-03,  -43.2432E-03
F:/Desktop/DeepOnet_Abaqus/StaticElasticJob.odb,Step-1,Increment      1: Step Time =    1.000,"PLATE-1",          2010,             1,  -561.221E-03,       1.05334,            0.,"ASSEMBLY_PLATE-1__PICKEDSET2","ROCK","",  -950.261E-03,      -2.32696,      -2.32532,  -951.900E-03,  -47.4670E-03
F:/Desktop/DeepOnet_Abaqus/StaticElasticJob.odb,Step-1,Increment      1: Step Time =    1.000,"PLATE-1",          2011,             1,  -906.902E-03,   609.361E-03,            0.,"ASSEMBLY_PLATE-1__PICKEDSET2","ROCK","",  -987.395E-03,      -2.22815,      -2.21865,  -996.894E-03,  -108.146E-03
F:/Desktop/DeepOnet_Abaqus/StaticElasticJob.odb,Step-1,Increment      1: Step Time =    1.000,"PLATE-1",          2012,             1,   125.837E-03,  -835.727E-03,            0.,"ASSEMBLY_PLATE-1__PICKEDSET2","ROCK","",  -943.451E-03,      -2.43334,      -2.43329,  -943.510E-03,  -9.33694E-03
F:/Desktop/DeepOnet_Abaqus/StaticElasticJob.odb,Step-1,Increment      1: Step Time =    1.000,"PLATE-1",          2013,             1,   269.179E-03,   904.448E-03,            0.,"ASSEMBLY_PLATE-1__PICKEDSET2","ROCK","",  -931.651E-03,      -2.42278,      -2.42252,  -931.917E-03,   19.9220E-03
F:/Desktop/DeepOnet_Abaqus/StaticElasticJob.odb,Step-1,Increment      1: Step Time =    1.000,"PLATE-1",          2014,             1,   422.699E-03,   835.803E-03,            0.,"ASSEMBLY_PLATE-1__PICKEDSET2","ROCK","",  -939.872E-03,      -2.44938,      -2.44745,  -941.799E-03,   53.9064E-03
F:/Desktop/DeepOnet_Abaqus/StaticElasticJob.odb,Step-1,Increment      1: Step Time =    1.000,"PLATE-1",          2015,             1,      -1.06612,   455.615E-03,            0.,"ASSEMBLY_PLATE-1__PICKEDSET2","ROCK","",      -1.03028,      -2.17910,      -2.17309,      -1.03629,  -82.8636E-03
F:/Desktop/DeepOnet_Abaqus/StaticElasticJob.odb,Step-1,Increment      1: Step Time =    1.000,"PLATE-1",          2016,             1,   51.6460E-03,   923.643E-03,            0.,"ASSEMBLY_PLATE-1__PICKEDSET2","ROCK","",  -945.081E-03,      -2.39419,      -2.39405,  -945.220E-03,  -14.1843E-03
F:/Desktop/DeepOnet_Abaqus/StaticElasticJob.odb,Step-1,Increment      1: Step Time =    1.000,"PLATE-1",          2017,             1,      -1.41578,      -1.01457,            0.,"ASSEMBLY_PLATE-1__PICKEDSET2","ROCK","",      -1.00055,      -2.27634,      -2.27502,      -1.00186,   40.8887E-03
F:/Desktop/DeepOnet_Abaqus/StaticElasticJob.odb,Step-1,Increment      1: Step Time =    1.000,"PLATE-1",          2018,             1,      -1.44556,  -150.536E-03,            0.,"ASSEMBLY_PLATE-1__PICKEDSET2","ROCK","",      -1.04813,      -2.19106,      -2.19025,      -1.04895,   30.4538E-03
F:/Desktop/DeepOnet_Abaqus/StaticElasticJob.odb,Step-1,Increment      1: Step Time =    1.000,"PLATE-1",          2019,             1,      -1.41946,  -622.781E-03,            0.,"ASSEMBLY_PLATE-1__PICKEDSET2","ROCK","",      -1.01585,      -2.24735,      -2.24509,      -1.01811,   52.6632E-03
F:/Desktop/DeepOnet_Abaqus/StaticElasticJob.odb,Step-1,Increment      1: Step Time =    1.000,"PLATE-1",          2020,             1,   934.607E-03,       1.47162,            0.,"ASSEMBLY_PLATE-1__PICKEDSET2","ROCK","",  -999.261E-03,      -2.31049,      -2.31016,  -999.593E-03,   20.8825E-03
F:/Desktop/DeepOnet_Abaqus/StaticElasticJob.odb,Step-1,Increment      1: Step Time =    1.000,"PLATE-1",          2021,             1,       1.46585,  -875.349E-03,            0.,"ASSEMBLY_PLATE-1__PICKEDSET2","ROCK","",  -987.546E-03,      -2.26373,      -2.26119,  -990.085E-03,  -56.8696E-03
F:/Desktop/DeepOnet_Abaqus/StaticElasticJob.odb,Step-1,Increment      1: Step Time =    1.000,"PLATE-1",          2022,             1,   715.895E-03,      -1.40781,            0.,"ASSEMBLY_PLATE-1__PICKEDSET2","ROCK","",  -979.207E-03,      -2.31606,      -2.31589,  -979.376E-03,  -15.0135E-03
F:/Desktop/DeepOnet_Abaqus/StaticElasticJob.odb,Step-1,Increment      1: Step Time =    1.000,"PLATE-1",          2023,             1,  -742.446E-03,       1.55367,            0.,"ASSEMBLY_PLATE-1__PICKEDSET2","ROCK","",  -974.776E-03,      -2.30253,      -2.30224,  -975.069E-03,  -19.7246E-03
F:/Desktop/DeepOnet_Abaqus/StaticElasticJob.odb,Step-1,Increment      1: Step Time =    1.000,"PLATE-1",          2024,             1,       1.44705,   734.241E-03,            0.,"ASSEMBLY_PLATE-1__PICKEDSET2","ROCK","",      -1.00280,      -2.27158,      -2.26777,      -1.00661,   69.4360E-03
F:/Desktop/DeepOnet_Abaqus/StaticElasticJob.odb,Step-1,Increment      1: Step Time =    1.000,"PLATE-1",          2025,             1,      -1.45981,   572.169E-03,            0.,"ASSEMBLY_PLATE-1__PICKEDSET2","ROCK","",      -1.02499,      -2.21392,      -2.21246,      -1.02644,  -41.5390E-03
F:/Desktop/DeepOnet_Abaqus/StaticElasticJob.odb,Step-1,Increment      1: Step Time =    1.000,"PLATE-1",          2026,             1,      -1.47538,   653.782E-03,            0.,"ASSEMBLY_PLATE-1__PICKEDSET2","ROCK","",      -1.01992,      -2.22161,      -2.22009,      -1.02144,  -42.7958E-03
F:/Desktop/DeepOnet_Abaqus/StaticElasticJob.odb,Step-1,Increment      1: Step Time =    1.000,"PLATE-1",          2027,             1,  -561.106E-03,      -1.43035,            0.,"ASSEMBLY_PLATE-1__PICKEDSET2","ROCK","",  -995.655E-03,      -2.31446,      -2.31420,  -995.912E-03,   18.4135E-03
F:/Desktop/DeepOnet_Abaqus/StaticElasticJob.odb,Step-1,Increment      1: Step Time =    1.000,"PLATE-1",          2028,             1,   451.779E-03,      -1.56000,            0.,"ASSEMBLY_PLATE-1__PICKEDSET2","ROCK","",  -988.122E-03,      -2.31452,      -2.31451,  -988.133E-03,  -3.84248E-03
F:/Desktop/DeepOnet_Abaqus/StaticElasticJob.odb,Step-1,Increment      1: Step Time =    1.000,"PLATE-1",          2029,             1,   904.356E-03,      -1.44693,            0.,"ASSEMBLY_PLATE-1__PICKEDSET2","ROCK","",  -978.769E-03,      -2.30810,      -2.30782,  -979.048E-03,  -19.2651E-03
F:/Desktop/DeepOnet_Abaqus/StaticElasticJob.odb,Step-1,Increment      1: Step Time =    1.000,"PLATE-1",          2030,             1,       1.42216,  -685.696E-03,            0.,"ASSEMBLY_PLATE-1__PICKEDSET2","ROCK","",  -993.315E-03,      -2.24469,      -2.24085,  -997.155E-03,  -69.2121E-03
F:/Desktop/DeepOnet_Abaqus/StaticElasticJob.odb,Step-1,Increment      1: Step Time =    1.000,"PLATE-1",          2031,             1,       1.46666,  -232.660E-03,            0.,"ASSEMBLY_PLATE-1__PICKEDSET2","ROCK","",      -1.04605,      -2.15779,      -2.15475,      -1.04909,  -58.0680E-03
F:/Desktop/DeepOnet_Abaqus/StaticElasticJob.odb,Step-1,Increment      1: Step Time =    1.000,"PLATE-1",          2032,             1,       1.37065,   367.827E-03,            0.,"ASSEMBLY_PLATE-1__PICKEDSET2","ROCK","",      -1.04666,      -2.17604,      -2.16911,      -1.05358,   88.1692E-03
F:/Desktop/DeepOnet_Abaqus/StaticElasticJob.odb,Step-1,Increment      1: Step Time =    1.000,"PLATE-1",          2033,             1,       1.45677,       1.03331,            0.,"ASSEMBLY_PLATE-1__PICKEDSET2","ROCK","",  -996.059E-03,      -2.29265,      -2.29119,  -997.527E-03,   43.5979E-03
F:/Desktop/DeepOnet_Abaqus/StaticElasticJob.odb,Step-1,Increment      1: Step Time =    1.000,"PLATE-1",          2034,             1,   573.457E-03,       1.44724,            0.,"ASSEMBLY_PLATE-1__PICKEDSET2","ROCK","",  -994.757E-03,      -2.32422,      -2.32394,  -995.040E-03,   19.3961E-03
F:/Desktop/DeepOnet_Abaqus/StaticElasticJob.odb,Step-1,Increment      1: Step Time =    1.000,"PLATE-1",          2035,             1,   757.090E-03,       1.47676,            0.,"ASSEMBLY_PLATE-1__PICKEDSET2","ROCK","",  -998.654E-03,      -2.31616,      -2.31584,  -998.975E-03,   20.5428E-03
F:/Desktop/DeepOnet_Abaqus/StaticElasticJob.odb,Step-1,Increment      1: Step Time =    1.000,"PLATE-1",          2036,             1,  -436.315E-03,       1.39221,            0.,"ASSEMBLY_PLATE-1__PICKEDSET2","ROCK","",  -968.774E-03,      -2.32003,      -2.31984,  -968.959E-03,  -15.8213E-03
F:/Desktop/DeepOnet_Abaqus/StaticElasticJob.odb,Step-1,Increment      1: Step Time =    1.000,"PLATE-1",          2037,             1,  -344.633E-03,       1.45929,            0.,"ASSEMBLY_PLATE-1__PICKEDSET2","ROCK","",  -972.551E-03,      -2.32035,      -2.32028,  -972.618E-03,  -9.52949E-03
F:/Desktop/DeepOnet_Abaqus/StaticElasticJob.odb,Step-1,Increment      1: Step Time =    1.000,"PLATE-1",          2038,             1,      -1.01733,       1.46114,            0.,"ASSEMBLY_PLATE-1__PICKEDSET2","ROCK","",  -977.488E-03,      -2.29134,      -2.29069,  -978.145E-03,  -29.3653E-03
F:/Desktop/DeepOnet_Abaqus/StaticElasticJob.odb,Step-1,Increment      1: Step Time =    1.000,"PLATE-1",          2039,             1,  -923.266E-03,       1.46931,            0.,"ASSEMBLY_PLATE-1__PICKEDSET2","ROCK","",  -975.411E-03,      -2.29562,      -2.29504,  -975.983E-03,  -27.4551E-03
F:/Desktop/DeepOnet_Abaqus/StaticElasticJob.odb,Step-1,Increment      1: Step Time =    1.000,"PLATE-1",          2040,             1,      -1.43955,  -54.5331E-03,            0.,"ASSEMBLY_PLATE-1__PICKEDSET2","ROCK","",      -1.05251,      -2.18293,      -2.18258,      -1.05285,   19.8090E-03
F:/Desktop/DeepOnet_Abaqus/StaticElasticJob.odb,Step-1,Increment      1: Step Time =    1.000,"PLATE-1",          2041,             1,   23.0591E-03,      -1.45278,            0.,"ASSEMBLY_PLATE-1__PICKEDSET2","ROCK","",  -993.185E-03,      -2.32448,      -2.32445,  -993.218E-03,   6.62137E-03
F:/Desktop/DeepOnet_Abaqus/StaticElasticJob.odb,Step-1,Increment      1: Step Time =    1.000,"PLATE-1",          2042,             1,       1.45057,   153.350E-03,            0.,"ASSEMBLY_PLATE-1__PICKEDSET2","ROCK","",      -1.07608,      -2.12608,      -2.12500,      -1.07717,   33.7216E-03
F:/Desktop/DeepOnet_Abaqus/StaticElasticJob.odb,Step-1,Increment      1: Step Time =    1.000,"PLATE-1",          2043,             1,  -245.989E-03,       1.43443,            0.,"ASSEMBLY_PLATE-1__PICKEDSET2","ROCK","",  -973.485E-03,      -2.32500,      -2.32497,  -973.514E-03,  -6.31118E-03
F:/Desktop/DeepOnet_Abaqus/StaticElasticJob.odb,Step-1,Increment      1: Step Time =    1.000,"PLATE-1",          2044,             1,   249.944E-03,      -1.54087,            0.,"ASSEMBLY_PLATE-1__PICKEDSET2","ROCK","",  -991.374E-03,      -2.31833,      -2.31833,  -991.375E-03,   1.34417E-03
F:/Desktop/DeepOnet_Abaqus/StaticElasticJob.odb,Step-1,Increment      1: Step Time =    1.000,"PLATE-1",          2045,             1,  -164.139E-03,      -1.38772,            0.,"ASSEMBLY_PLATE-1__PICKEDSET2","ROCK","",  -993.946E-03,      -2.32776,      -2.32765,  -994.056E-03,   12.1036E-03
F:/Desktop/DeepOnet_Abaqus/StaticElasticJob.odb,Step-1,Increment      1: Step Time =    1.000,"PLATE-1",          2046,             1,  -84.2270E-03,      -1.38223,            0.,"ASSEMBLY_PLATE-1__PICKEDSET2","ROCK","",  -992.770E-03,      -2.32983,      -2.32976,  -992.844E-03,   9.88870E-03
F:/Desktop/DeepOnet_Abaqus/StaticElasticJob.odb,Step-1,Increment      1: Step Time =    1.000,"PLATE-1",          2047,             1,       1.46428,  -44.8919E-03,            0.,"ASSEMBLY_PLATE-1__PICKEDSET2","ROCK","",      -1.06989,      -2.12736,      -2.12702,      -1.07023,  -18.9376E-03
F:/Desktop/DeepOnet_Abaqus/StaticElasticJob.odb,Step-1,Increment      1: Step Time =    1.000,"PLATE-1",          2048,             1,   169.729E-03,       1.44550,            0.,"ASSEMBLY_PLATE-1__PICKEDSET2","ROCK","",  -984.042E-03,      -2.33063,      -2.33055,  -984.116E-03,   10.0166E-03
F:/Desktop/DeepOnet_Abaqus/StaticElasticJob.odb,Step-1,Increment      1: Step Time =    1.000,"PLATE-1",          2049,             1,   270.891E-03,       1.44035,            0.,"ASSEMBLY_PLATE-1__PICKEDSET2","ROCK","",  -986.243E-03,      -2.32994,      -2.32982,  -986.363E-03,   12.7083E-03
F:/Desktop/DeepOnet_Abaqus/StaticElasticJob.odb,Step-1,Increment      1: Step Time =    1.000,"PLATE-1",          2050,             1,   71.6439E-03,       1.45134,            0.,"ASSEMBLY_PLATE-1__PICKEDSET2","ROCK","",  -981.320E-03,      -2.32891,      -2.32889,  -981.346E-03,   5.96034E-03
F:/Desktop/DeepOnet_Abaqus/StaticElasticJob.odb,Step-1,Increment      1: Step Time =    1.000,"PLATE-1",          2051,             1,   357.691E-03,       1.54573,            0.,"ASSEMBLY_PLATE-1__PICKEDSET2","ROCK","",  -991.600E-03,      -2.32002,      -2.31988,  -991.735E-03,   13.3904E-03
F:/Desktop/DeepOnet_Abaqus/StaticElasticJob.odb,Step-1,Increment      1: Step Time =    1.000,"PLATE-1",          2052,             1,       1.55212,  -342.890E-03,            0.,"ASSEMBLY_PLATE-1__PICKEDSET2","ROCK","",      -1.03251,      -2.18645,      -2.18369,      -1.03527,  -56.3441E-03
F:/Desktop/DeepOnet_Abaqus/StaticElasticJob.odb,Step-1,Increment      1: Step Time =    1.000,"PLATE-1",          2053,             1,       1.35287,   279.912E-03,            0.,"ASSEMBLY_PLATE-1__PICKEDSET2","ROCK","",      -1.07077,      -2.13866,      -2.13262,      -1.07682,   80.0893E-03
F:/Desktop/DeepOnet_Abaqus/StaticElasticJob.odb,Step-1,Increment      1: Step Time =    1.000,"PLATE-1",          2054,             1,      -1.44398,   183.617E-03,            0.,"ASSEMBLY_PLATE-1__PICKEDSET2","ROCK","",      -1.05200,      -2.17906,      -2.17899,      -1.05207,  -9.03589E-03
F:/Desktop/DeepOnet_Abaqus/StaticElasticJob.odb,Step-1,Increment      1: Step Time =    1.000,"PLATE-1",          2055,             1,      -1.46206,   257.378E-03,            0.,"ASSEMBLY_PLATE-1__PICKEDSET2","ROCK","",      -1.04595,      -2.18740,      -2.18712,      -1.04622,  -17.7587E-03
F:/Desktop/DeepOnet_Abaqus/StaticElasticJob.odb,Step-1,Increment      1: Step Time =    1.000,"PLATE-1",          2056,             1,  -882.066E-03,      -1.43812,            0.,"ASSEMBLY_PLATE-1__PICKEDSET2","ROCK","",  -995.245E-03,      -2.30291,      -2.30251,  -995.644E-03,   22.8299E-03
F:/Desktop/DeepOnet_Abaqus/StaticElasticJob.odb,Step-1,Increment      1: Step Time =    1.000,"PLATE-1",          2057,             1,      -1.42308,      -1.19451,            0.,"ASSEMBLY_PLATE-1__PICKEDSET2","ROCK","",  -998.622E-03,      -2.28167,      -2.28078,  -999.512E-03,   33.7787E-03
F:/Desktop/DeepOnet_Abaqus/StaticElasticJob.odb,Step-1,Increment      1: Step Time =    1.000,"PLATE-1",          2058,             1,      -1.53556,      -1.24033,            0.,"ASSEMBLY_PLATE-1__PICKEDSET2","ROCK","",  -999.762E-03,      -2.27855,      -2.27780,      -1.00051,   30.9667E-03
F:/Desktop/DeepOnet_Abaqus/StaticElasticJob.odb,Step-1,Increment      1: Step Time =    1.000,"PLATE-1",          2059,             1,      -1.33385,      -1.47393,            0.,"ASSEMBLY_PLATE-1__PICKEDSET2","ROCK","",  -997.481E-03,      -2.28695,      -2.28649,  -997.945E-03,   24.4643E-03
F:/Desktop/DeepOnet_Abaqus/StaticElasticJob.odb,Step-1,Increment      1: Step Time =    1.000,"PLATE-1",          2060,             1,       1.24768,      -1.53874,            0.,"ASSEMBLY_PLATE-1__PICKEDSET2","ROCK","",  -982.512E-03,      -2.29398,      -2.29355,  -982.943E-03,  -23.7905E-03
F:/Desktop/DeepOnet_Abaqus/StaticElasticJob.odb,Step-1,Increment      1: Step Time =    1.000,"PLATE-1",          2061,             1,       1.55800,      -1.34947,            0.,"ASSEMBLY_PLATE-1__PICKEDSET2","ROCK","",  -986.337E-03,      -2.28075,      -2.27988,  -987.204E-03,  -33.4992E-03
F:/Desktop/DeepOnet_Abaqus/StaticElasticJob.odb,Step-1,Increment      1: Step Time =    1.000,"PLATE-1",          2062,             1,       1.54167,       1.24296,            0.,"ASSEMBLY_PLATE-1__PICKEDSET2","ROCK","",  -996.872E-03,      -2.29128,      -2.29050,  -997.652E-03,   31.7695E-03
F:/Desktop/DeepOnet_Abaqus/StaticElasticJob.odb,Step-1,Increment      1: Step Time =    1.000,"PLATE-1",          2063,             1,       1.38451,       1.27726,            0.,"ASSEMBLY_PLATE-1__PICKEDSET2","ROCK","",  -996.311E-03,      -2.29864,      -2.29794,  -997.012E-03,   30.1929E-03
F:/Desktop/DeepOnet_Abaqus/StaticElasticJob.odb,Step-1,Increment      1: Step Time =    1.000,"PLATE-1",          2064,             1,       1.34742,       1.55108,            0.,"ASSEMBLY_PLATE-1__PICKEDSET2","ROCK","",  -998.216E-03,      -2.29583,      -2.29552,  -998.524E-03,   20.0044E-03
F:/Desktop/DeepOnet_Abaqus/StaticElasticJob.odb,Step-1,Increment      1: Step Time =    1.000,"PLATE-1",          2065,             1,      -1.24132,       1.53035,            0.,"ASSEMBLY_PLATE-1__PICKEDSET2","ROCK","",  -984.098E-03,      -2.28230,      -2.28169,  -984.705E-03,  -28.0614E-03
F:/Desktop/DeepOnet_Abaqus/StaticElasticJob.odb,Step-1,Increment      1: Step Time =    1.000,"PLATE-1",          2066,             1,      -1.27735,       1.34046,            0.,"ASSEMBLY_PLATE-1__PICKEDSET2","ROCK","",  -985.322E-03,      -2.27664,      -2.27567,  -986.291E-03,  -35.3698E-03
F:/Desktop/DeepOnet_Abaqus/StaticElasticJob.odb,Step-1,Increment      1: Step Time =    1.000,"PLATE-1",          2067,             1,      -1.55975,       1.34760,            0.,"ASSEMBLY_PLATE-1__PICKEDSET2","ROCK","",  -994.069E-03,      -2.26750,      -2.26673,  -994.836E-03,  -31.2545E-03
F:/Desktop/DeepOnet_Abaqus/StaticElasticJob.odb,Step-1,Increment      1: Step Time =    1.000,"PLATE-1",          2068,             1,      -1.55926,       1.15396,            0.,"ASSEMBLY_PLATE-1__PICKEDSET2","ROCK","",  -998.067E-03,      -2.25924,      -2.25819,  -999.118E-03,  -36.4070E-03
F:/Desktop/DeepOnet_Abaqus/StaticElasticJob.odb,Step-1,Increment      1: Step Time =    1.000,"PLATE-1",          2069,             1,      -1.40809,      -1.35660,            0.,"ASSEMBLY_PLATE-1__PICKEDSET2","ROCK","",  -997.833E-03,      -2.28427,      -2.28365,  -998.452E-03,   28.1970E-03
F:/Desktop/DeepOnet_Abaqus/StaticElasticJob.odb,Step-1,Increment      1: Step Time =    1.000,"PLATE-1",          2070,             1,      -1.15783,      -1.49737,            0.,"ASSEMBLY_PLATE-1__PICKEDSET2","ROCK","",  -996.482E-03,      -2.29263,      -2.29221,  -996.896E-03,   23.1529E-03
F:/Desktop/DeepOnet_Abaqus/StaticElasticJob.odb,Step-1,Increment      1: Step Time =    1.000,"PLATE-1",          2071,             1,       1.37167,      -1.42882,            0.,"ASSEMBLY_PLATE-1__PICKEDSET2","ROCK","",  -982.537E-03,      -2.28971,      -2.28905,  -983.198E-03,  -29.3988E-03
F:/Desktop/DeepOnet_Abaqus/StaticElasticJob.odb,Step-1,Increment      1: Step Time =    1.000,"PLATE-1",          2072,             1,       1.48613,      -1.15329,            0.,"ASSEMBLY_PLATE-1__PICKEDSET2","ROCK","",  -984.068E-03,      -2.27886,      -2.27749,  -985.441E-03,  -42.1345E-03
F:/Desktop/DeepOnet_Abaqus/StaticElasticJob.odb,Step-1,Increment      1: Step Time =    1.000,"PLATE-1",          2073,             1,      -1.04197,  -504.445E-03,            0.,"ASSEMBLY_PLATE-1__PICKEDSET2","ROCK","",      -1.01639,      -2.24332,      -2.23667,      -1.02304,   90.0987E-03
F:/Desktop/DeepOnet_Abaqus/StaticElasticJob.odb,Step-1,Increment      1: Step Time =    1.000,"PLATE-1",          2074,             1,      -1.10026,  -148.995E-03,            0.,"ASSEMBLY_PLATE-1__PICKEDSET2","ROCK","",      -1.07421,      -2.14160,      -2.13849,      -1.07731,   57.4675E-03
F:/Desktop/DeepOnet_Abaqus/StaticElasticJob.odb,Step-1,Increment      1: Step Time =    1.000,"PLATE-1",          2075,             1,   889.718E-03,   120.083E-03,            0.,"ASSEMBLY_PLATE-1__PICKEDSET2","ROCK","",      -1.35488,      -1.63865,      -1.63583,      -1.35770,   28.1676E-03
F:/Desktop/DeepOnet_Abaqus/StaticElasticJob.odb,Step-1,Increment      1: Step Time =    1.000,"PLATE-1",          2076,             1,   23.4141E-03,      -1.25054,            0.,"ASSEMBLY_PLATE-1__PICKEDSET2","ROCK","",  -986.432E-03,      -2.34466,      -2.34462,  -986.474E-03,   7.54763E-03
F:/Desktop/DeepOnet_Abaqus/StaticElasticJob.odb,Step-1,Increment      1: Step Time =    1.000,"PLATE-1",          2077,             1,      -1.23608,  -61.6153E-03,            0.,"ASSEMBLY_PLATE-1__PICKEDSET2","ROCK","",      -1.06908,      -2.15191,      -2.15122,      -1.06977,   27.2477E-03
F:/Desktop/DeepOnet_Abaqus/StaticElasticJob.odb,Step-1,Increment      1: Step Time =    1.000,"PLATE-1",          2078,             1,      -1.06757,  -376.033E-03,            0.,"ASSEMBLY_PLATE-1__PICKEDSET2","ROCK","",      -1.03744,      -2.20358,      -2.19660,      -1.04442,   89.9519E-03
F:/Desktop/DeepOnet_Abaqus/StaticElasticJob.odb,Step-1,Increment      1: Step Time =    1.000,"PLATE-1",          2079,             1,      -1.19723,   452.480E-03,            0.,"ASSEMBLY_PLATE-1__PICKEDSET2","ROCK","",      -1.03526,      -2.18340,      -2.17992,      -1.03874,  -63.1230E-03
F:/Desktop/DeepOnet_Abaqus/StaticElasticJob.odb,Step-1,Increment      1: Step Time =    1.000,"PLATE-1",          2080,             1,      -1.17000,   316.618E-03,            0.,"ASSEMBLY_PLATE-1__PICKEDSET2","ROCK","",      -1.05617,      -2.15431,      -2.15214,      -1.05834,  -48.7322E-03
F:/Desktop/DeepOnet_Abaqus/StaticElasticJob.odb,Step-1,Increment      1: Step Time =    1.000,"PLATE-1",          2081,             1,   450.441E-03,   612.878E-03,            0.,"ASSEMBLY_PLATE-1__PICKEDSET2","ROCK","",  -847.892E-03,      -2.54247,      -2.53752,  -852.837E-03,   91.4046E-03
F:/Desktop/DeepOnet_Abaqus/StaticElasticJob.odb,Step-1,Increment      1: Step Time =    1.000,"PLATE-1",          2082,             1,  -960.015E-03,  -605.773E-03,            0.,"ASSEMBLY_PLATE-1__PICKEDSET2","ROCK","",      -1.00232,      -2.27103,      -2.26457,      -1.00879,   90.3197E-03
F:/Desktop/DeepOnet_Abaqus/StaticElasticJob.odb,Step-1,Increment      1: Step Time =    1.000,"PLATE-1",          2083,             1,  -554.590E-03,  -775.337E-03,            0.,"ASSEMBLY_PLATE-1__PICKEDSET2","ROCK","",  -977.754E-03,      -2.36287,      -2.35851,  -982.117E-03,   77.6193E-03
F:/Desktop/DeepOnet_Abaqus/StaticElasticJob.odb,Step-1,Increment      1: Step Time =    1.000,"PLATE-1",          2084,             1,  -495.213E-03,  -793.244E-03,            0.,"ASSEMBLY_PLATE-1__PICKEDSET2","ROCK","",  -977.011E-03,      -2.37091,      -2.36704,  -980.879E-03,   73.3320E-03
F:/Desktop/DeepOnet_Abaqus/StaticElasticJob.odb,Step-1,Increment      1: Step Time =    1.000,"PLATE-1",          2085,             1,      -1.00213,  -689.973E-03,            0.,"ASSEMBLY_PLATE-1__PICKEDSET2","ROCK","",  -998.973E-03,      -2.27970,      -2.27497,      -1.00370,   77.6613E-03
F:/Desktop/DeepOnet_Abaqus/StaticElasticJob.odb,Step-1,Increment      1: Step Time =    1.000,"PLATE-1",          2086,             1,      -1.24666,  -151.820E-03,            0.,"ASSEMBLY_PLATE-1__PICKEDSET2","ROCK","",      -1.06136,      -2.16610,      -2.16442,      -1.06304,   43.0366E-03
F:/Desktop/DeepOnet_Abaqus/StaticElasticJob.odb,Step-1,Increment      1: Step Time =    1.000,"PLATE-1",          2087,             1,   130.849E-03,      -1.29211,            0.,"ASSEMBLY_PLATE-1__PICKEDSET2","ROCK","",  -986.225E-03,      -2.33935,      -2.33934,  -986.233E-03,   3.42479E-03
F:/Desktop/DeepOnet_Abaqus/StaticElasticJob.odb,Step-1,Increment      1: Step Time =    1.000,"PLATE-1",          2088,             1,      -1.28068,   429.585E-03,            0.,"ASSEMBLY_PLATE-1__PICKEDSET2","ROCK","",      -1.03873,      -2.18526,      -2.18310,      -1.04088,  -49.6331E-03
F:/Desktop/DeepOnet_Abaqus/StaticElasticJob.odb,Step-1,Increment      1: Step Time =    1.000,"PLATE-1",          2089,             1,      -1.16385,  -149.378E-03,            0.,"ASSEMBLY_PLATE-1__PICKEDSET2","ROCK","",      -1.06744,      -2.15454,      -2.15235,      -1.06964,   48.7624E-03
F:/Desktop/DeepOnet_Abaqus/StaticElasticJob.odb,Step-1,Increment      1: Step Time =    1.000,"PLATE-1",          2090,             1,  -853.315E-03,  -856.621E-03,            0.,"ASSEMBLY_PLATE-1__PICKEDSET2","ROCK","",  -988.418E-03,      -2.31070,      -2.30762,  -991.501E-03,   63.7671E-03
F:/Desktop/DeepOnet_Abaqus/StaticElasticJob.odb,Step-1,Increment      1: Step Time =    1.000,"PLATE-1",          2091,             1,  -767.566E-03,  -867.756E-03,            0.,"ASSEMBLY_PLATE-1__PICKEDSET2","ROCK","",  -985.848E-03,      -2.32264,      -2.31960,  -988.886E-03,   63.6584E-03
F:/Desktop/DeepOnet_Abaqus/StaticElasticJob.odb,Step-1,Increment      1: Step Time =    1.000,"PLATE-1",          2092,             1,  -390.718E-03,      -1.10929,            0.,"ASSEMBLY_PLATE-1__PICKEDSET2","ROCK","",  -987.475E-03,      -2.34619,      -2.34551,  -988.155E-03,   30.3860E-03
F:/Desktop/DeepOnet_Abaqus/StaticElasticJob.odb,Step-1,Increment      1: Step Time =    1.000,"PLATE-1",          2093,             1,   651.709E-03,  -444.464E-03,            0.,"ASSEMBLY_PLATE-1__PICKEDSET2","ROCK","",  -951.482E-03,      -2.34870,      -2.33501,  -965.174E-03,  -137.634E-03
F:/Desktop/DeepOnet_Abaqus/StaticElasticJob.odb,Step-1,Increment      1: Step Time =    1.000,"PLATE-1",          2094,             1,  -846.801E-03,   808.318E-03,            0.,"ASSEMBLY_PLATE-1__PICKEDSET2","ROCK","",  -964.266E-03,      -2.27685,      -2.27106,  -970.055E-03,  -86.9765E-03
F:/Desktop/DeepOnet_Abaqus/StaticElasticJob.odb,Step-1,Increment      1: Step Time =    1.000,"PLATE-1",          2095,             1,   418.547E-03,   909.703E-03,            0.,"ASSEMBLY_PLATE-1__PICKEDSET2","ROCK","",  -942.596E-03,      -2.41246,      -2.41104,  -944.019E-03,   45.7063E-03
F:/Desktop/DeepOnet_Abaqus/StaticElasticJob.odb,Step-1,Increment      1: Step Time =    1.000,"PLATE-1",          2096,             1,      -1.03938,   553.805E-03,            0.,"ASSEMBLY_PLATE-1__PICKEDSET2","ROCK","",      -1.01154,      -2.20553,      -2.19887,      -1.01820,  -88.9492E-03
F:/Desktop/DeepOnet_Abaqus/StaticElasticJob.odb,Step-1,Increment      1: Step Time =    1.000,"PLATE-1",          2097,             1,   476.901E-03,   762.647E-03,            0.,"ASSEMBLY_PLATE-1__PICKEDSET2","ROCK","",  -933.631E-03,      -2.46374,      -2.45887,  -938.507E-03,   86.2384E-03
F:/Desktop/DeepOnet_Abaqus/StaticElasticJob.odb,Step-1,Increment      1: Step Time =    1.000,"PLATE-1",          2098,             1,   449.278E-03,   713.956E-03,            0.,"ASSEMBLY_PLATE-1__PICKEDSET2","ROCK","",  -898.897E-03,      -2.49339,      -2.48910,  -903.189E-03,   82.6145E-03
F:/Desktop/DeepOnet_Abaqus/StaticElasticJob.odb,Step-1,Increment      1: Step Time =    1.000,"PLATE-1",          2099,             1,  -374.769E-03,       1.16984,            0.,"ASSEMBLY_PLATE-1__PICKEDSET2","ROCK","",  -958.136E-03,      -2.33675,      -2.33631,  -958.578E-03,  -24.6876E-03
F:/Desktop/DeepOnet_Abaqus/StaticElasticJob.odb,Step-1,Increment      1: Step Time =    1.000,"PLATE-1",          2100,             1,  -457.988E-03,       1.16453,            0.,"ASSEMBLY_PLATE-1__PICKEDSET2","ROCK","",  -957.360E-03,      -2.33104,      -2.33040,  -958.000E-03,  -29.6328E-03
F:/Desktop/DeepOnet_Abaqus/StaticElasticJob.odb,Step-1,Increment      1: Step Time =    1.000,"PLATE-1",          2101,             1,  -570.904E-03,  -642.140E-03,            0.,"ASSEMBLY_PLATE-1__PICKEDSET2","ROCK","",  -976.045E-03,      -2.36173,      -2.35304,  -984.729E-03,   109.351E-03
F:/Desktop/DeepOnet_Abaqus/StaticElasticJob.odb,Step-1,Increment      1: Step Time =    1.000,"PLATE-1",          2102,             1,  -714.165E-03,   917.977E-03,            0.,"ASSEMBLY_PLATE-1__PICKEDSET2","ROCK","",  -950.925E-03,      -2.30698,      -2.30319,  -954.720E-03,  -71.6391E-03
F:/Desktop/DeepOnet_Abaqus/StaticElasticJob.odb,Step-1,Increment      1: Step Time =    1.000,"PLATE-1",          2103,             1,  -25.9087E-03,   940.519E-03,            0.,"ASSEMBLY_PLATE-1__PICKEDSET2","ROCK","",  -950.179E-03,      -2.38870,      -2.38844,  -950.438E-03,  -19.3118E-03
F:/Desktop/DeepOnet_Abaqus/StaticElasticJob.odb,Step-1,Increment      1: Step Time =    1.000,"PLATE-1",          2104,             1,  -902.922E-03,   782.542E-03,            0.,"ASSEMBLY_PLATE-1__PICKEDSET2","ROCK","",  -971.036E-03,      -2.26611,      -2.26019,  -976.955E-03,  -87.3501E-03
F:/Desktop/DeepOnet_Abaqus/StaticElasticJob.odb,Step-1,Increment      1: Step Time =    1.000,"PLATE-1",          2105,             1,   842.415E-03,  -544.896E-03,            0.,"ASSEMBLY_PLATE-1__PICKEDSET2","ROCK","",  -950.228E-03,      -2.30247,      -2.29317,  -959.536E-03,  -111.803E-03
F:/Desktop/DeepOnet_Abaqus/StaticElasticJob.odb,Step-1,Increment      1: Step Time =    1.000,"PLATE-1",          2106,             1,   403.450E-03,      -1.14804,            0.,"ASSEMBLY_PLATE-1__PICKEDSET2","ROCK","",  -973.700E-03,      -2.34786,      -2.34773,  -973.836E-03,  -13.7117E-03
F:/Desktop/DeepOnet_Abaqus/StaticElasticJob.odb,Step-1,Increment      1: Step Time =    1.000,"PLATE-1",          2107,             1,   954.433E-03,  -801.872E-03,            0.,"ASSEMBLY_PLATE-1__PICKEDSET2","ROCK","",  -957.888E-03,      -2.30684,      -2.30310,  -961.633E-03,  -70.9798E-03
F:/Desktop/DeepOnet_Abaqus/StaticElasticJob.odb,Step-1,Increment      1: Step Time =    1.000,"PLATE-1",          2108,             1,   876.896E-03,  -780.319E-03,            0.,"ASSEMBLY_PLATE-1__PICKEDSET2","ROCK","",  -954.880E-03,      -2.31428,      -2.31032,  -958.844E-03,  -73.2988E-03
F:/Desktop/DeepOnet_Abaqus/StaticElasticJob.odb,Step-1,Increment      1: Step Time =    1.000,"PLATE-1",          2109,             1,   692.236E-03,      -1.21751,            0.,"ASSEMBLY_PLATE-1__PICKEDSET2","ROCK","",  -972.126E-03,      -2.32631,      -2.32590,  -972.529E-03,  -23.3711E-03
F:/Desktop/DeepOnet_Abaqus/StaticElasticJob.odb,Step-1,Increment      1: Step Time =    1.000,"PLATE-1",          2110,             1,      -1.06703,   771.308E-03,            0.,"ASSEMBLY_PLATE-1__PICKEDSET2","ROCK","",  -989.666E-03,      -2.24686,      -2.24223,  -994.294E-03,  -76.1423E-03
F:/Desktop/DeepOnet_Abaqus/StaticElasticJob.odb,Step-1,Increment      1: Step Time =    1.000,"PLATE-1",          2111,             1,      -1.00550,   606.299E-03,            0.,"ASSEMBLY_PLATE-1__PICKEDSET2","ROCK","",      -1.00141,      -2.21770,      -2.21056,      -1.00855,  -92.9141E-03
F:/Desktop/DeepOnet_Abaqus/StaticElasticJob.odb,Step-1,Increment      1: Step Time =    1.000,"PLATE-1",          2112,             1,      -1.03813,  -320.098E-03,            0.,"ASSEMBLY_PLATE-1__PICKEDSET2","ROCK","",      -1.04561,      -2.18962,      -2.18225,      -1.05297,   91.4890E-03
F:/Desktop/DeepOnet_Abaqus/StaticElasticJob.odb,Step-1,Increment      1: Step Time =    1.000,"PLATE-1",          2113,             1,  -620.140E-03,  -903.564E-03,            0.,"ASSEMBLY_PLATE-1__PICKEDSET2","ROCK","",  -983.723E-03,      -2.34049,      -2.33809,  -986.126E-03,   57.0493E-03
F:/Desktop/DeepOnet_Abaqus/StaticElasticJob.odb,Step-1,Increment      1: Step Time =    1.000,"PLATE-1",          2114,             1,   893.645E-03,  -285.635E-03,            0.,"ASSEMBLY_PLATE-1__PICKEDSET2","ROCK","",  -934.841E-03,      -2.21274,      -2.18613,  -961.445E-03,  -182.454E-03
F:/Desktop/DeepOnet_Abaqus/StaticElasticJob.odb,Step-1,Increment      1: Step Time =    1.000,"PLATE-1",          2115,             1,   800.240E-03,  -333.973E-03,            0.,"ASSEMBLY_PLATE-1__PICKEDSET2","ROCK","",  -918.465E-03,      -2.26437,      -2.24149,  -941.344E-03,  -173.980E-03
F:/Desktop/DeepOnet_Abaqus/StaticElasticJob.odb,Step-1,Increment      1: Step Time =    1.000,"PLATE-1",          2116,             1,  -102.195E-03,      -1.30743,            0.,"ASSEMBLY_PLATE-1__PICKEDSET2","ROCK","",  -990.686E-03,      -2.33663,      -2.33654,  -990.781E-03,   11.2685E-03
F:/Desktop/DeepOnet_Abaqus/StaticElasticJob.odb,Step-1,Increment      1: Step Time =    1.000,"PLATE-1",          2117,             1,   425.462E-03,   767.734E-03,            0.,"ASSEMBLY_PLATE-1__PICKEDSET2","ROCK","",  -899.063E-03,      -2.46554,      -2.46254,  -902.066E-03,   68.5125E-03
F:/Desktop/DeepOnet_Abaqus/StaticElasticJob.odb,Step-1,Increment      1: Step Time =    1.000,"PLATE-1",          2118,             1,  -276.058E-03,       1.05216,            0.,"ASSEMBLY_PLATE-1__PICKEDSET2","ROCK","",  -951.917E-03,      -2.35397,      -2.35343,  -952.463E-03,  -27.6648E-03
F:/Desktop/DeepOnet_Abaqus/StaticElasticJob.odb,Step-1,Increment      1: Step Time =    1.000,"PLATE-1",          2119,             1,  -460.749E-03,      -1.08537,            0.,"ASSEMBLY_PLATE-1__PICKEDSET2","ROCK","",  -987.277E-03,      -2.34367,      -2.34281,  -988.137E-03,   34.1349E-03
F:/Desktop/DeepOnet_Abaqus/StaticElasticJob.odb,Step-1,Increment      1: Step Time =    1.000,"PLATE-1",          2120,             1,   636.214E-03,   453.383E-03,            0.,"ASSEMBLY_PLATE-1__PICKEDSET2","ROCK","",      -1.11254,      -2.78359,      -2.69449,      -1.20164,   375.445E-03
F:/Desktop/DeepOnet_Abaqus/StaticElasticJob.odb,Step-1,Increment      1: Step Time =    1.000,"PLATE-1",          2121,             1,   560.004E-03,   623.017E-03,            0.,"ASSEMBLY_PLATE-1__PICKEDSET2","ROCK","",  -938.887E-03,      -2.51408,      -2.49388,  -959.092E-03,   177.253E-03
F:/Desktop/DeepOnet_Abaqus/StaticElasticJob.odb,Step-1,Increment      1: Step Time =    1.000,"PLATE-1",          2122,             1,   992.584E-03,  -310.482E-03,            0.,"ASSEMBLY_PLATE-1__PICKEDSET2","ROCK","",  -968.205E-03,      -2.19399,      -2.17187,  -990.323E-03,  -163.162E-03
F:/Desktop/DeepOnet_Abaqus/StaticElasticJob.odb,Step-1,Increment      1: Step Time =    1.000,"PLATE-1",          2123,             1,   987.752E-03,  -193.934E-03,            0.,"ASSEMBLY_PLATE-1__PICKEDSET2","ROCK","",  -989.446E-03,      -2.12132,      -2.08897,      -1.02180,  -188.611E-03
F:/Desktop/DeepOnet_Abaqus/StaticElasticJob.odb,Step-1,Increment      1: Step Time =    1.000,"PLATE-1",          2124,             1,       1.55282,   548.594E-03,            0.,"ASSEMBLY_PLATE-1__PICKEDSET2","ROCK","",      -1.02101,      -2.23249,      -2.22852,      -1.02498,   69.2160E-03
F:/Desktop/DeepOnet_Abaqus/StaticElasticJob.odb,Step-1,Increment      1: Step Time =    1.000,"PLATE-1",          2125,             1,       1.46292,      -1.44404,            0.,"ASSEMBLY_PLATE-1__PICKEDSET2","ROCK","",  -984.399E-03,      -2.28600,      -2.28532,  -985.077E-03,  -29.7010E-03
F:/Desktop/DeepOnet_Abaqus/StaticElasticJob.odb,Step-1,Increment      1: Step Time =    1.000,"PLATE-1",          2126,             1,      -1.55333,       1.05651,            0.,"ASSEMBLY_PLATE-1__PICKEDSET2","ROCK","",      -1.00089,      -2.25413,      -2.25295,      -1.00207,  -38.4412E-03
F:/Desktop/DeepOnet_Abaqus/StaticElasticJob.odb,Step-1,Increment      1: Step Time =    1.000,"PLATE-1",          2127,             1,      -1.05659,      -1.56124,            0.,"ASSEMBLY_PLATE-1__PICKEDSET2","ROCK","",  -996.614E-03,      -2.29534,      -2.29501,  -996.938E-03,   20.5085E-03
F:/Desktop/DeepOnet_Abaqus/StaticElasticJob.odb,Step-1,Increment      1: Step Time =    1.000,"PLATE-1",          2128,             1,       1.56059,      -1.05295,            0.,"ASSEMBLY_PLATE-1__PICKEDSET2","ROCK","",  -987.868E-03,      -2.27051,      -2.26885,  -989.534E-03,  -46.1929E-03
F:/Desktop/DeepOnet_Abaqus/StaticElasticJob.odb,Step-1,Increment      1: Step Time =    1.000,"PLATE-1",          2129,             1,       1.44308,       1.45456,            0.,"ASSEMBLY_PLATE-1__PICKEDSET2","ROCK","",  -997.437E-03,      -2.29430,      -2.29387,  -997.860E-03,   23.4357E-03
F:/Desktop/DeepOnet_Abaqus/StaticElasticJob.odb,Step-1,Increment      1: Step Time =    1.000,"PLATE-1",          2130,             1,      -1.46159,       1.43474,            0.,"ASSEMBLY_PLATE-1__PICKEDSET2","ROCK","",  -990.378E-03,      -2.27286,      -2.27215,  -991.087E-03,  -30.1524E-03
F:/Desktop/DeepOnet_Abaqus/StaticElasticJob.odb,Step-1,Increment      1: Step Time =    1.000,"PLATE-1",          2131,             1,      -1.46269,  -880.100E-03,            0.,"ASSEMBLY_PLATE-1__PICKEDSET2","ROCK","",      -1.00514,      -2.26729,      -2.26573,      -1.00670,   44.3096E-03
F:/Desktop/DeepOnet_Abaqus/StaticElasticJob.odb,Step-1,Increment      1: Step Time =    1.000,"PLATE-1",          2132,             1,      -1.45522,  -434.089E-03,            0.,"ASSEMBLY_PLATE-1__PICKEDSET2","ROCK","",      -1.02934,      -2.22380,      -2.22182,      -1.03132,   48.5681E-03
F:/Desktop/DeepOnet_Abaqus/StaticElasticJob.odb,Step-1,Increment      1: Step Time =    1.000,"PLATE-1",          2133,             1,  -771.431E-03,      -1.42369,            0.,"ASSEMBLY_PLATE-1__PICKEDSET2","ROCK","",  -995.226E-03,      -2.30748,      -2.30711,  -995.587E-03,   21.7856E-03
F:/Desktop/DeepOnet_Abaqus/StaticElasticJob.odb,Step-1,Increment      1: Step Time =    1.000,"PLATE-1",          2134,             1,       1.43814,   833.250E-03,            0.,"ASSEMBLY_PLATE-1__PICKEDSET2","ROCK","",  -997.289E-03,      -2.28460,      -2.28174,      -1.00014,   60.5389E-03
F:/Desktop/DeepOnet_Abaqus/StaticElasticJob.odb,Step-1,Increment      1: Step Time =    1.000,"PLATE-1",          2135,             1,  -628.385E-03,       1.46088,            0.,"ASSEMBLY_PLATE-1__PICKEDSET2","ROCK","",  -970.947E-03,      -2.30955,      -2.30924,  -971.256E-03,  -20.3328E-03
F:/Desktop/DeepOnet_Abaqus/StaticElasticJob.odb,Step-1,Increment      1: Step Time =    1.000,"PLATE-1",          2136,             1,      -1.44347,   979.357E-03,            0.,"ASSEMBLY_PLATE-1__PICKEDSET2","ROCK","",      -1.00006,      -2.25180,      -2.25027,      -1.00159,  -43.8334E-03
F:/Desktop/DeepOnet_Abaqus/StaticElasticJob.odb,Step-1,Increment      1: Step Time =    1.000,"PLATE-1",          2137,             1,       1.42050,  -516.206E-03,            0.,"ASSEMBLY_PLATE-1__PICKEDSET2","ROCK","",      -1.00549,      -2.21887,      -2.21424,      -1.01012,  -74.8125E-03
F:/Desktop/DeepOnet_Abaqus/StaticElasticJob.odb,Step-1,Increment      1: Step Time =    1.000,"PLATE-1",          2138,             1,   197.612E-03,  -968.466E-03,            0.,"ASSEMBLY_PLATE-1__PICKEDSET2","ROCK","",  -962.945E-03,      -2.38900,      -2.38892,  -963.020E-03,  -10.3161E-03
F:/Desktop/DeepOnet_Abaqus/StaticElasticJob.odb,Step-1,Increment      1: Step Time =    1.000,"PLATE-1",          2139,             1,      -1.25612,      -1.30575,            0.,"ASSEMBLY_PLATE-1__PICKEDSET2","ROCK","",  -996.281E-03,      -2.28939,      -2.28869,  -996.987E-03,   30.1938E-03
F:/Desktop/DeepOnet_Abaqus/StaticElasticJob.odb,Step-1,Increment      1: Step Time =    1.000,"PLATE-1",          2140,             1,       1.34437,   627.470E-03,            0.,"ASSEMBLY_PLATE-1__PICKEDSET2","ROCK","",      -1.00583,      -2.26328,      -2.25728,      -1.01183,   86.6632E-03
F:/Desktop/DeepOnet_Abaqus/StaticElasticJob.odb,Step-1,Increment      1: Step Time =    1.000,"PLATE-1",          2141,             1,       1.27263,      -1.30964,            0.,"ASSEMBLY_PLATE-1__PICKEDSET2","ROCK","",  -978.731E-03,      -2.29338,      -2.29253,  -979.575E-03,  -33.3087E-03
F:/Desktop/DeepOnet_Abaqus/StaticElasticJob.odb,Step-1,Increment      1: Step Time =    1.000,"PLATE-1",          2142,             1,   602.458E-03,       1.33835,            0.,"ASSEMBLY_PLATE-1__PICKEDSET2","ROCK","",  -994.545E-03,      -2.32917,      -2.32872,  -995.001E-03,   24.6517E-03
F:/Desktop/DeepOnet_Abaqus/StaticElasticJob.odb,Step-1,Increment      1: Step Time =    1.000,"PLATE-1",          2143,             1,       1.17830,       1.35078,            0.,"ASSEMBLY_PLATE-1__PICKEDSET2","ROCK","",  -997.416E-03,      -2.30643,      -2.30594,  -997.909E-03,   25.3964E-03
F:/Desktop/DeepOnet_Abaqus/StaticElasticJob.odb,Step-1,Increment      1: Step Time =    1.000,"PLATE-1",          2144,             1,       1.26074,       1.36875,            0.,"ASSEMBLY_PLATE-1__PICKEDSET2","ROCK","",  -997.456E-03,      -2.30187,      -2.30135,  -997.970E-03,   25.8942E-03
F:/Desktop/DeepOnet_Abaqus/StaticElasticJob.odb,Step-1,Increment      1: Step Time =    1.000,"PLATE-1",          2145,             1,       1.32957,       1.21837,            0.,"ASSEMBLY_PLATE-1__PICKEDSET2","ROCK","",  -995.781E-03,      -2.30118,      -2.30034,  -996.619E-03,   33.0588E-03
F:/Desktop/DeepOnet_Abaqus/StaticElasticJob.odb,Step-1,Increment      1: Step Time =    1.000,"PLATE-1",          2146,             1,      -1.40179,       1.19741,            0.,"ASSEMBLY_PLATE-1__PICKEDSET2","ROCK","",  -991.629E-03,      -2.26627,      -2.26508,  -992.815E-03,  -38.8553E-03
F:/Desktop/DeepOnet_Abaqus/StaticElasticJob.odb,Step-1,Increment      1: Step Time =    1.000,"PLATE-1",          2147,             1,       1.35266,  -386.432E-03,            0.,"ASSEMBLY_PLATE-1__PICKEDSET2","ROCK","",      -1.01495,      -2.19364,      -2.18787,      -1.02072,  -82.3015E-03
F:/Desktop/DeepOnet_Abaqus/StaticElasticJob.odb,Step-1,Increment      1: Step Time =    1.000,"PLATE-1",          2148,             1,       1.33124,  -739.634E-03,            0.,"ASSEMBLY_PLATE-1__PICKEDSET2","ROCK","",  -983.569E-03,      -2.25888,      -2.25484,  -987.612E-03,  -71.6916E-03
F:/Desktop/DeepOnet_Abaqus/StaticElasticJob.odb,Step-1,Increment      1: Step Time =    1.000,"PLATE-1",          2149,             1,       1.38360,  -982.924E-03,            0.,"ASSEMBLY_PLATE-1__PICKEDSET2","ROCK","",  -981.312E-03,      -2.27579,      -2.27362,  -983.481E-03,  -52.9477E-03
F:/Desktop/DeepOnet_Abaqus/StaticElasticJob.odb,Step-1,Increment      1: Step Time =    1.000,"PLATE-1",          2150,             1,      -1.34043,  -941.065E-03,            0.,"ASSEMBLY_PLATE-1__PICKEDSET2","ROCK","",      -1.00077,      -2.27583,      -2.27416,      -1.00244,   46.0873E-03
F:/Desktop/DeepOnet_Abaqus/StaticElasticJob.odb,Step-1,Increment      1: Step Time =    1.000,"PLATE-1",          2151,             1,  -977.591E-03,      -1.31551,            0.,"ASSEMBLY_PLATE-1__PICKEDSET2","ROCK","",  -994.046E-03,      -2.30147,      -2.30087,  -994.654E-03,   28.1972E-03
F:/Desktop/DeepOnet_Abaqus/StaticElasticJob.odb,Step-1,Increment      1: Step Time =    1.000,"PLATE-1",          2152,             1,      -1.22113,      -1.42152,            0.,"ASSEMBLY_PLATE-1__PICKEDSET2","ROCK","",  -996.374E-03,      -2.29093,      -2.29041,  -996.888E-03,   25.7781E-03
F:/Desktop/DeepOnet_Abaqus/StaticElasticJob.odb,Step-1,Increment      1: Step Time =    1.000,"PLATE-1",          2153,             1,       1.36399,   48.6336E-03,            0.,"ASSEMBLY_PLATE-1__PICKEDSET2","ROCK","",      -1.08468,      -2.09723,      -2.09723,      -1.08468,  -712.142E-06
F:/Desktop/DeepOnet_Abaqus/StaticElasticJob.odb,Step-1,Increment      1: Step Time =    1.000,"PLATE-1",          2154,             1,   280.633E-03,       1.33381,            0.,"ASSEMBLY_PLATE-1__PICKEDSET2","ROCK","",  -983.128E-03,      -2.34085,      -2.34068,  -983.303E-03,   15.4256E-03
F:/Desktop/DeepOnet_Abaqus/StaticElasticJob.odb,Step-1,Increment      1: Step Time =    1.000,"PLATE-1",          2155,             1,       1.26398,   315.442E-03,            0.,"ASSEMBLY_PLATE-1__PICKEDSET2","ROCK","",      -1.05531,      -2.14794,      -2.13731,      -1.06593,   107.238E-03
F:/Desktop/DeepOnet_Abaqus/StaticElasticJob.odb,Step-1,Increment      1: Step Time =    1.000,"PLATE-1",          2156,             1,       1.38480,  -136.573E-03,            0.,"ASSEMBLY_PLATE-1__PICKEDSET2","ROCK","",      -1.06736,      -2.11765,      -2.11524,      -1.06977,  -50.2187E-03
F:/Desktop/DeepOnet_Abaqus/StaticElasticJob.odb,Step-1,Increment      1: Step Time =    1.000,"PLATE-1",          2157,             1,       1.04785,      -1.42973,            0.,"ASSEMBLY_PLATE-1__PICKEDSET2","ROCK","",  -978.357E-03,      -2.30289,      -2.30247,  -978.780E-03,  -23.6548E-03
F:/Desktop/DeepOnet_Abaqus/StaticElasticJob.odb,Step-1,Increment      1: Step Time =    1.000,"PLATE-1",          2158,             1,      -1.48314,      -1.03262,            0.,"ASSEMBLY_PLATE-1__PICKEDSET2","ROCK","",      -1.00194,      -2.27365,      -2.27246,      -1.00313,   38.9262E-03
F:/Desktop/DeepOnet_Abaqus/StaticElasticJob.odb,Step-1,Increment      1: Step Time =    1.000,"PLATE-1",          2159,             1,   534.737E-03,   735.929E-03,            0.,"ASSEMBLY_PLATE-1__PICKEDSET2","ROCK","",  -939.807E-03,      -2.45959,      -2.45100,  -948.392E-03,   113.904E-03
F:/Desktop/DeepOnet_Abaqus/StaticElasticJob.odb,Step-1,Increment      1: Step Time =    1.000,"PLATE-1",          2160,             1,   679.003E-03,   661.663E-03,            0.,"ASSEMBLY_PLATE-1__PICKEDSET2","ROCK","",  -995.924E-03,      -2.41637,      -2.40840,      -1.00389,   106.097E-03
F:/Desktop/DeepOnet_Abaqus/StaticElasticJob.odb,Step-1,Increment      1: Step Time =    1.000,"PLATE-1",          2161,             1,  -736.877E-03,   721.550E-03,            0.,"ASSEMBLY_PLATE-1__PICKEDSET2","ROCK","",  -950.687E-03,      -2.28326,      -2.27441,  -959.533E-03,  -108.214E-03
F:/Desktop/DeepOnet_Abaqus/StaticElasticJob.odb,Step-1,Increment      1: Step Time =    1.000,"PLATE-1",          2162,             1,  -245.808E-03,      -1.46869,            0.,"ASSEMBLY_PLATE-1__PICKEDSET2","ROCK","",  -996.419E-03,      -2.31950,      -2.31939,  -996.527E-03,   11.9781E-03
F:/Desktop/DeepOnet_Abaqus/StaticElasticJob.odb,Step-1,Increment      1: Step Time =    1.000,"PLATE-1",          2163,             1,   634.827E-03,      -1.41454,            0.,"ASSEMBLY_PLATE-1__PICKEDSET2","ROCK","",  -980.617E-03,      -2.31841,      -2.31830,  -980.727E-03,  -12.0747E-03
F:/Desktop/DeepOnet_Abaqus/StaticElasticJob.odb,Step-1,Increment      1: Step Time =    1.000,"PLATE-1",          2164,             1,  -697.883E-03,  -964.167E-03,            0.,"ASSEMBLY_PLATE-1__PICKEDSET2","ROCK","",  -986.142E-03,      -2.32949,      -2.32758,  -988.058E-03,   50.6965E-03
F:/Desktop/DeepOnet_Abaqus/StaticElasticJob.odb,Step-1,Increment      1: Step Time =    1.000,"PLATE-1",          2165,             1,  -710.950E-03,      -1.04721,            0.,"ASSEMBLY_PLATE-1__PICKEDSET2","ROCK","",  -988.118E-03,      -2.32501,      -2.32364,  -989.488E-03,   42.7793E-03
F:/Desktop/DeepOnet_Abaqus/StaticElasticJob.odb,Step-1,Increment      1: Step Time =    1.000,"PLATE-1",          2166,             1,      -1.10472,  -546.716E-03,            0.,"ASSEMBLY_PLATE-1__PICKEDSET2","ROCK","",      -1.01511,      -2.24536,      -2.24020,      -1.02027,   79.5323E-03
F:/Desktop/DeepOnet_Abaqus/StaticElasticJob.odb,Step-1,Increment      1: Step Time =    1.000,"PLATE-1",          2167,             1,  -750.870E-03,   863.046E-03,            0.,"ASSEMBLY_PLATE-1__PICKEDSET2","ROCK","",  -952.784E-03,      -2.29775,      -2.29290,  -957.631E-03,  -80.5937E-03
F:/Desktop/DeepOnet_Abaqus/StaticElasticJob.odb,Step-1,Increment      1: Step Time =    1.000,"PLATE-1",          2168,             1,  -869.700E-03,   864.075E-03,            0.,"ASSEMBLY_PLATE-1__PICKEDSET2","ROCK","",  -965.099E-03,      -2.28059,      -2.27591,  -969.770E-03,  -78.2501E-03
F:/Desktop/DeepOnet_Abaqus/StaticElasticJob.odb,Step-1,Increment      1: Step Time =    1.000,"PLATE-1",          2169,             1,   916.946E-03,  -997.328E-03,            0.,"ASSEMBLY_PLATE-1__PICKEDSET2","ROCK","",  -963.889E-03,      -2.31547,      -2.31378,  -965.589E-03,  -47.9018E-03
F:/Desktop/DeepOnet_Abaqus/StaticElasticJob.odb,Step-1,Increment      1: Step Time =    1.000,"PLATE-1",          2170,             1,      -1.24188,  -342.126E-03,            0.,"ASSEMBLY_PLATE-1__PICKEDSET2","ROCK","",      -1.03988,      -2.20288,      -2.19932,      -1.04344,   64.3018E-03
F:/Desktop/DeepOnet_Abaqus/StaticElasticJob.odb,Step-1,Increment      1: Step Time =    1.000,"PLATE-1",          2171,             1,      -1.15045,  -616.446E-03,            0.,"ASSEMBLY_PLATE-1__PICKEDSET2","ROCK","",      -1.01070,      -2.25529,      -2.25103,      -1.01495,   72.6320E-03
F:/Desktop/DeepOnet_Abaqus/StaticElasticJob.odb,Step-1,Increment      1: Step Time =    1.000,"PLATE-1",          2172,             1,  -822.878E-03,   992.156E-03,            0.,"ASSEMBLY_PLATE-1__PICKEDSET2","ROCK","",  -961.862E-03,      -2.29553,      -2.29261,  -964.781E-03,  -62.3221E-03
F:/Desktop/DeepOnet_Abaqus/StaticElasticJob.odb,Step-1,Increment      1: Step Time =    1.000,"PLATE-1",          2173,             1,  -818.091E-03,   934.381E-03,            0.,"ASSEMBLY_PLATE-1__PICKEDSET2","ROCK","",  -960.222E-03,      -2.29282,      -2.28908,  -963.959E-03,  -70.4685E-03
F:/Desktop/DeepOnet_Abaqus/StaticElasticJob.odb,Step-1,Increment      1: Step Time =    1.000,"PLATE-1",          2174,             1,      -1.00040,   811.625E-03,            0.,"ASSEMBLY_PLATE-1__PICKEDSET2","ROCK","",  -980.589E-03,      -2.25847,      -2.25374,  -985.323E-03,  -77.6351E-03
F:/Desktop/DeepOnet_Abaqus/StaticElasticJob.odb,Step-1,Increment      1: Step Time =    1.000,"PLATE-1",          2175,             1,  -934.700E-03,   842.282E-03,            0.,"ASSEMBLY_PLATE-1__PICKEDSET2","ROCK","",  -972.830E-03,      -2.26950,      -2.26471,  -977.621E-03,  -78.6696E-03
F:/Desktop/DeepOnet_Abaqus/StaticElasticJob.odb,Step-1,Increment      1: Step Time =    1.000,"PLATE-1",          2176,             1,  -56.5725E-03,       1.06138,            0.,"ASSEMBLY_PLATE-1__PICKEDSET2","ROCK","",  -957.500E-03,      -2.36818,      -2.36805,  -957.632E-03,  -13.6695E-03
F:/Desktop/DeepOnet_Abaqus/StaticElasticJob.odb,Step-1,Increment      1: Step Time =    1.000,"PLATE-1",          2177,             1,  -169.803E-03,       1.17364,            0.,"ASSEMBLY_PLATE-1__PICKEDSET2","ROCK","",  -962.487E-03,      -2.34846,      -2.34833,  -962.610E-03,  -13.0684E-03
F:/Desktop/DeepOnet_Abaqus/StaticElasticJob.odb,Step-1,Increment      1: Step Time =    1.000,"PLATE-1",          2178,             1,  -530.280E-03,      -1.25439,            0.,"ASSEMBLY_PLATE-1__PICKEDSET2","ROCK","",  -992.306E-03,      -2.32563,      -2.32516,  -992.776E-03,   25.0083E-03
F:/Desktop/DeepOnet_Abaqus/StaticElasticJob.odb,Step-1,Increment      1: Step Time =    1.000,"PLATE-1",          2179,             1,  -485.259E-03,      -1.32248,            0.,"ASSEMBLY_PLATE-1__PICKEDSET2","ROCK","",  -993.800E-03,      -2.32358,      -2.32324,  -994.134E-03,   21.0638E-03
F:/Desktop/DeepOnet_Abaqus/StaticElasticJob.odb,Step-1,Increment      1: Step Time =    1.000,"PLATE-1",          2180,             1,   82.8366E-03,       1.01723,            0.,"ASSEMBLY_PLATE-1__PICKEDSET2","ROCK","",  -957.304E-03,      -2.38472,      -2.38468,  -957.337E-03,  -6.84596E-03
F:/Desktop/DeepOnet_Abaqus/StaticElasticJob.odb,Step-1,Increment      1: Step Time =    1.000,"PLATE-1",          2181,             1,      -1.20172,   517.339E-03,            0.,"ASSEMBLY_PLATE-1__PICKEDSET2","ROCK","",      -1.02758,      -2.19474,      -2.19113,      -1.03119,  -64.8331E-03
F:/Desktop/DeepOnet_Abaqus/StaticElasticJob.odb,Step-1,Increment      1: Step Time =    1.000,"PLATE-1",          2182,             1,   883.476E-03,   458.024E-03,            0.,"ASSEMBLY_PLATE-1__PICKEDSET2","ROCK","",      -1.01015,      -2.37542,      -2.36081,      -1.02476,   140.503E-03
F:/Desktop/DeepOnet_Abaqus/StaticElasticJob.odb,Step-1,Increment      1: Step Time =    1.000,"PLATE-1",          2183,             1,   242.245E-03,      -1.17506,            0.,"ASSEMBLY_PLATE-1__PICKEDSET2","ROCK","",  -978.011E-03,      -2.35199,      -2.35197,  -978.024E-03,  -4.24799E-03
F:/Desktop/DeepOnet_Abaqus/StaticElasticJob.odb,Step-1,Increment      1: Step Time =    1.000,"PLATE-1",          2184,             1,      -1.12683,   518.442E-03,            0.,"ASSEMBLY_PLATE-1__PICKEDSET2","ROCK","",      -1.02363,      -2.19506,      -2.19019,      -1.02850,  -75.3128E-03
F:/Desktop/DeepOnet_Abaqus/StaticElasticJob.odb,Step-1,Increment      1: Step Time =    1.000,"PLATE-1",          2185,             1,   878.569E-03,  -378.375E-03,            0.,"ASSEMBLY_PLATE-1__PICKEDSET2","ROCK","",  -937.176E-03,      -2.24979,      -2.23009,  -956.870E-03,  -159.572E-03
F:/Desktop/DeepOnet_Abaqus/StaticElasticJob.odb,Step-1,Increment      1: Step Time =    1.000,"PLATE-1",          2186,             1,  -337.410E-03,       1.21848,            0.,"ASSEMBLY_PLATE-1__PICKEDSET2","ROCK","",  -961.020E-03,      -2.33608,      -2.33579,  -961.317E-03,  -20.2186E-03
F:/Desktop/DeepOnet_Abaqus/StaticElasticJob.odb,Step-1,Increment      1: Step Time =    1.000,"PLATE-1",          2187,             1,  -399.204E-03,       1.26333,            0.,"ASSEMBLY_PLATE-1__PICKEDSET2","ROCK","",  -963.042E-03,      -2.32875,      -2.32844,  -963.358E-03,  -20.7538E-03
F:/Desktop/DeepOnet_Abaqus/StaticElasticJob.odb,Step-1,Increment      1: Step Time =    1.000,"PLATE-1",          2188,             1,   825.347E-03,      -1.04726,            0.,"ASSEMBLY_PLATE-1__PICKEDSET2","ROCK","",  -964.348E-03,      -2.32408,      -2.32288,  -965.548E-03,  -40.3675E-03
F:/Desktop/DeepOnet_Abaqus/StaticElasticJob.odb,Step-1,Increment      1: Step Time =    1.000,"PLATE-1",          2189,             1,  -688.663E-03,       1.25160,            0.,"ASSEMBLY_PLATE-1__PICKEDSET2","ROCK","",  -963.958E-03,      -2.31075,      -2.30988,  -964.831E-03,  -34.2687E-03
F:/Desktop/DeepOnet_Abaqus/StaticElasticJob.odb,Step-1,Increment      1: Step Time =    1.000,"PLATE-1",          2190,             1,  -728.830E-03,       1.18258,            0.,"ASSEMBLY_PLATE-1__PICKEDSET2","ROCK","",  -962.114E-03,      -2.30841,      -2.30713,  -963.400E-03,  -41.5855E-03
F:/Desktop/DeepOnet_Abaqus/StaticElasticJob.odb,Step-1,Increment      1: Step Time =    1.000,"PLATE-1",          2191,             1,   839.586E-03,      -1.30561,            0.,"ASSEMBLY_PLATE-1__PICKEDSET2","ROCK","",  -974.379E-03,      -2.31530,      -2.31488,  -974.790E-03,  -23.4764E-03
F:/Desktop/DeepOnet_Abaqus/StaticElasticJob.odb,Step-1,Increment      1: Step Time =    1.000,"PLATE-1",          2192,             1,   853.873E-03,      -1.23031,            0.,"ASSEMBLY_PLATE-1__PICKEDSET2","ROCK","",  -971.922E-03,      -2.31636,      -2.31578,  -972.503E-03,  -27.9406E-03
F:/Desktop/DeepOnet_Abaqus/StaticElasticJob.odb,Step-1,Increment      1: Step Time =    1.000,"PLATE-1",          2193,             1,  -318.780E-03,      -1.37993,            0.,"ASSEMBLY_PLATE-1__PICKEDSET2","ROCK","",  -994.771E-03,      -2.32499,      -2.32481,  -994.950E-03,   15.4262E-03
F:/Desktop/DeepOnet_Abaqus/StaticElasticJob.odb,Step-1,Increment      1: Step Time =    1.000,"PLATE-1",          2194,             1,  -100.692E-03,   961.021E-03,            0.,"ASSEMBLY_PLATE-1__PICKEDSET2","ROCK","",  -950.424E-03,      -2.37996,      -2.37959,  -950.793E-03,  -22.9400E-03
F:/Desktop/DeepOnet_Abaqus/StaticElasticJob.odb,Step-1,Increment      1: Step Time =    1.000,"PLATE-1",          2195,             1,  -112.191E-03,   881.817E-03,            0.,"ASSEMBLY_PLATE-1__PICKEDSET2","ROCK","",  -943.928E-03,      -2.39114,      -2.39045,  -944.619E-03,  -31.6103E-03
F:/Desktop/DeepOnet_Abaqus/StaticElasticJob.odb,Step-1,Increment      1: Step Time =    1.000,"PLATE-1",          2196,             1,   325.557E-03,   958.791E-03,            0.,"ASSEMBLY_PLATE-1__PICKEDSET2","ROCK","",  -950.955E-03,      -2.40173,      -2.40130,  -951.389E-03,   25.0773E-03
F:/Desktop/DeepOnet_Abaqus/StaticElasticJob.odb,Step-1,Increment      1: Step Time =    1.000,"PLATE-1",          2197,             1,       1.00055,   72.5046E-03,            0.,"ASSEMBLY_PLATE-1__PICKEDSET2","ROCK","",      -1.16662,      -1.79793,      -1.79541,      -1.16914,  -39.8676E-03
F:/Desktop/DeepOnet_Abaqus/StaticElasticJob.odb,Step-1,Increment      1: Step Time =    1.000,"PLATE-1",          2198,             1,       1.00132,  -712.175E-03,            0.,"ASSEMBLY_PLATE-1__PICKEDSET2","ROCK","",  -959.294E-03,      -2.29267,      -2.28730,  -964.660E-03,  -84.4182E-03
F:/Desktop/DeepOnet_Abaqus/StaticElasticJob.odb,Step-1,Increment      1: Step Time =    1.000,"PLATE-1",          2199,             1,   281.785E-03,       1.12032,            0.,"ASSEMBLY_PLATE-1__PICKEDSET2","ROCK","",  -968.791E-03,      -2.36985,      -2.36960,  -969.037E-03,   18.5841E-03
F:/Desktop/DeepOnet_Abaqus/StaticElasticJob.odb,Step-1,Increment      1: Step Time =    1.000,"PLATE-1",          2200,             1,  -445.885E-03,       1.55549,            0.,"ASSEMBLY_PLATE-1__PICKEDSET2","ROCK","",  -974.763E-03,      -2.31303,      -2.31295,  -974.843E-03,  -10.3687E-03
F:/Desktop/DeepOnet_Abaqus/StaticElasticJob.odb,Step-1,Increment      1: Step Time =    1.000,"PLATE-1",          2201,             1,  -218.616E-03,       1.10492,            0.,"ASSEMBLY_PLATE-1__PICKEDSET2","ROCK","",  -956.860E-03,      -2.35295,      -2.35265,  -957.155E-03,  -20.2998E-03
F:/Desktop/DeepOnet_Abaqus/StaticElasticJob.odb,Step-1,Increment      1: Step Time =    1.000,"PLATE-1",          2202,             1,       1.06936,      -1.33606,            0.,"ASSEMBLY_PLATE-1__PICKEDSET2","ROCK","",  -976.137E-03,      -2.30309,      -2.30247,  -976.758E-03,  -28.6771E-03
F:/Desktop/DeepOnet_Abaqus/StaticElasticJob.odb,Step-1,Increment      1: Step Time =    1.000,"PLATE-1",          2203,             1,      -1.18450,      -1.22176,            0.,"ASSEMBLY_PLATE-1__PICKEDSET2","ROCK","",  -995.357E-03,      -2.29186,      -2.29097,  -996.254E-03,   34.0998E-03
F:/Desktop/DeepOnet_Abaqus/StaticElasticJob.odb,Step-1,Increment      1: Step Time =    1.000,"PLATE-1",          2204,             1,   877.829E-03,       1.28858,            0.,"ASSEMBLY_PLATE-1__PICKEDSET2","ROCK","",  -998.988E-03,      -2.32270,      -2.32209,  -999.598E-03,   28.4235E-03
F:/Desktop/DeepOnet_Abaqus/StaticElasticJob.odb,Step-1,Increment      1: Step Time =    1.000,"PLATE-1",          2205,             1,       1.40362,      -1.07109,            0.,"ASSEMBLY_PLATE-1__PICKEDSET2","ROCK","",  -981.132E-03,      -2.28000,      -2.27827,  -982.860E-03,  -47.3341E-03
F:/Desktop/DeepOnet_Abaqus/StaticElasticJob.odb,Step-1,Increment      1: Step Time =    1.000,"PLATE-1",          2206,             1,       1.33218,      -1.09358,            0.,"ASSEMBLY_PLATE-1__PICKEDSET2","ROCK","",  -978.324E-03,      -2.28514,      -2.28349,  -979.976E-03,  -46.4348E-03
F:/Desktop/DeepOnet_Abaqus/StaticElasticJob.odb,Step-1,Increment      1: Step Time =    1.000,"PLATE-1",          2207,             1,       1.16887,       1.25779,            0.,"ASSEMBLY_PLATE-1__PICKEDSET2","ROCK","",  -997.661E-03,      -2.30739,      -2.30670,  -998.351E-03,   30.0501E-03
F:/Desktop/DeepOnet_Abaqus/StaticElasticJob.odb,Step-1,Increment      1: Step Time =    1.000,"PLATE-1",          2208,             1,       1.36965,       1.17570,            0.,"ASSEMBLY_PLATE-1__PICKEDSET2","ROCK","",  -995.885E-03,      -2.29945,      -2.29850,  -996.833E-03,   35.1391E-03
F:/Desktop/DeepOnet_Abaqus/StaticElasticJob.odb,Step-1,Increment      1: Step Time =    1.000,"PLATE-1",          2209,             1,       1.28383,  -528.380E-03,            0.,"ASSEMBLY_PLATE-1__PICKEDSET2","ROCK","",  -992.163E-03,      -2.22769,      -2.22106,  -998.791E-03,  -90.2476E-03
F:/Desktop/DeepOnet_Abaqus/StaticElasticJob.odb,Step-1,Increment      1: Step Time =    1.000,"PLATE-1",          2210,             1,      -1.26598,  -523.204E-03,            0.,"ASSEMBLY_PLATE-1__PICKEDSET2","ROCK","",      -1.02115,      -2.23632,      -2.23268,      -1.02480,   66.4786E-03
F:/Desktop/DeepOnet_Abaqus/StaticElasticJob.odb,Step-1,Increment      1: Step Time =    1.000,"PLATE-1",          2211,             1,   184.259E-03,       1.14515,            0.,"ASSEMBLY_PLATE-1__PICKEDSET2","ROCK","",  -966.816E-03,      -2.36703,      -2.36699,  -966.859E-03,   7.79049E-03
F:/Desktop/DeepOnet_Abaqus/StaticElasticJob.odb,Step-1,Increment      1: Step Time =    1.000,"PLATE-1",          2212,             1,      -1.13804,   720.742E-03,            0.,"ASSEMBLY_PLATE-1__PICKEDSET2","ROCK","",      -1.00029,      -2.23351,      -2.22933,      -1.00447,  -71.6926E-03
F:/Desktop/DeepOnet_Abaqus/StaticElasticJob.odb,Step-1,Increment      1: Step Time =    1.000,"PLATE-1",          2213,             1,      -1.11440,   587.407E-03,            0.,"ASSEMBLY_PLATE-1__PICKEDSET2","ROCK","",      -1.01276,      -2.21055,      -2.20555,      -1.01776,  -77.2633E-03
F:/Desktop/DeepOnet_Abaqus/StaticElasticJob.odb,Step-1,Increment      1: Step Time =    1.000,"PLATE-1",          2214,             1,   624.912E-03,   577.123E-03,            0.,"ASSEMBLY_PLATE-1__PICKEDSET2","ROCK","",      -1.05063,      -2.49998,      -2.47591,      -1.07470,   185.232E-03
F:/Desktop/DeepOnet_Abaqus/StaticElasticJob.odb,Step-1,Increment      1: Step Time =    1.000,"PLATE-1",          2215,             1,       1.00097,  -937.638E-03,            0.,"ASSEMBLY_PLATE-1__PICKEDSET2","ROCK","",  -963.938E-03,      -2.30583,      -2.30344,  -966.326E-03,  -56.5645E-03
F:/Desktop/DeepOnet_Abaqus/StaticElasticJob.odb,Step-1,Increment      1: Step Time =    1.000,"PLATE-1",          2216,             1,       1.00638,  -862.954E-03,            0.,"ASSEMBLY_PLATE-1__PICKEDSET2","ROCK","",  -961.453E-03,      -2.30336,      -2.30022,  -964.591E-03,  -64.8164E-03
F:/Desktop/DeepOnet_Abaqus/StaticElasticJob.odb,Step-1,Increment      1: Step Time =    1.000,"PLATE-1",          2217,             1,      -1.20392,  -689.778E-03,            0.,"ASSEMBLY_PLATE-1__PICKEDSET2","ROCK","",      -1.00693,      -2.26257,      -2.25925,      -1.01025,   64.5086E-03
F:/Desktop/DeepOnet_Abaqus/StaticElasticJob.odb,Step-1,Increment      1: Step Time =    1.000,"PLATE-1",          2218,             1,      -1.12451,  -732.172E-03,            0.,"ASSEMBLY_PLATE-1__PICKEDSET2","ROCK","",      -1.00180,      -2.27342,      -2.26991,      -1.00531,   66.7173E-03
F:/Desktop/DeepOnet_Abaqus/StaticElasticJob.odb,Step-1,Increment      1: Step Time =    1.000,"PLATE-1",          2219,             1,  -906.466E-03,       1.06763,            0.,"ASSEMBLY_PLATE-1__PICKEDSET2","ROCK","",  -967.697E-03,      -2.29090,      -2.28861,  -969.985E-03,  -54.9694E-03
F:/Desktop/DeepOnet_Abaqus/StaticElasticJob.odb,Step-1,Increment      1: Step Time =    1.000,"PLATE-1",          2220,             1,      -1.16913,  -507.166E-03,            0.,"ASSEMBLY_PLATE-1__PICKEDSET2","ROCK","",      -1.02017,      -2.23763,      -2.23303,      -1.02477,   74.7035E-03
F:/Desktop/DeepOnet_Abaqus/StaticElasticJob.odb,Step-1,Increment      1: Step Time =    1.000,"PLATE-1",          2221,             1,  -4.38743E-03,       1.11744,            0.,"ASSEMBLY_PLATE-1__PICKEDSET2","ROCK","",  -963.156E-03,      -2.36291,      -2.36288,  -963.181E-03,  -5.91860E-03
F:/Desktop/DeepOnet_Abaqus/StaticElasticJob.odb,Step-1,Increment      1: Step Time =    1.000,"PLATE-1",          2222,             1,  -58.2041E-03,       1.17702,            0.,"ASSEMBLY_PLATE-1__PICKEDSET2","ROCK","",  -964.806E-03,      -2.35285,      -2.35281,  -964.844E-03,  -7.21510E-03
F:/Desktop/DeepOnet_Abaqus/StaticElasticJob.odb,Step-1,Increment      1: Step Time =    1.000,"PLATE-1",          2223,             1,  -6.29176E-03,      -1.36329,            0.,"ASSEMBLY_PLATE-1__PICKEDSET2","ROCK","",  -990.981E-03,      -2.33231,      -2.33227,  -991.023E-03,   7.49937E-03
F:/Desktop/DeepOnet_Abaqus/StaticElasticJob.odb,Step-1,Increment      1: Step Time =    1.000,"PLATE-1",          2224,             1,   911.538E-03,  -572.244E-03,            0.,"ASSEMBLY_PLATE-1__PICKEDSET2","ROCK","",  -947.177E-03,      -2.29093,      -2.28189,  -956.220E-03,  -109.865E-03
F:/Desktop/DeepOnet_Abaqus/StaticElasticJob.odb,Step-1,Increment      1: Step Time =    1.000,"PLATE-1",          2225,             1,  -893.975E-03,       1.25594,            0.,"ASSEMBLY_PLATE-1__PICKEDSET2","ROCK","",  -970.176E-03,      -2.29673,      -2.29557,  -971.330E-03,  -39.1069E-03
F:/Desktop/DeepOnet_Abaqus/StaticElasticJob.odb,Step-1,Increment      1: Step Time =    1.000,"PLATE-1",          2226,             1,   910.432E-03,  -446.980E-03,            0.,"ASSEMBLY_PLATE-1__PICKEDSET2","ROCK","",  -947.706E-03,      -2.27139,      -2.25862,  -960.476E-03,  -129.385E-03
F:/Desktop/DeepOnet_Abaqus/StaticElasticJob.odb,Step-1,Increment      1: Step Time =    1.000,"PLATE-1",          2227,             1,   922.090E-03,  -736.409E-03,            0.,"ASSEMBLY_PLATE-1__PICKEDSET2","ROCK","",  -955.227E-03,      -2.30757,      -2.30297,  -959.825E-03,  -78.7256E-03
F:/Desktop/DeepOnet_Abaqus/StaticElasticJob.odb,Step-1,Increment      1: Step Time =    1.000,"PLATE-1",          2228,             1,   978.854E-03,  -612.390E-03,            0.,"ASSEMBLY_PLATE-1__PICKEDSET2","ROCK","",  -957.199E-03,      -2.28389,      -2.27627,  -964.823E-03,  -100.288E-03
F:/Desktop/DeepOnet_Abaqus/StaticElasticJob.odb,Step-1,Increment      1: Step Time =    1.000,"PLATE-1",          2229,             1,   433.420E-03,      -1.25644,            0.,"ASSEMBLY_PLATE-1__PICKEDSET2","ROCK","",  -978.296E-03,      -2.33595,      -2.33587,  -978.376E-03,  -10.4061E-03
F:/Desktop/DeepOnet_Abaqus/StaticElasticJob.odb,Step-1,Increment      1: Step Time =    1.000,"PLATE-1",          2230,             1,   430.490E-03,      -1.20272,            0.,"ASSEMBLY_PLATE-1__PICKEDSET2","ROCK","",  -975.855E-03,      -2.34123,      -2.34111,  -975.969E-03,  -12.4986E-03
F:/Desktop/DeepOnet_Abaqus/StaticElasticJob.odb,Step-1,Increment      1: Step Time =    1.000,"PLATE-1",          2231,             1,  -234.177E-03,       1.22958,            0.,"ASSEMBLY_PLATE-1__PICKEDSET2","ROCK","",  -963.757E-03,      -2.34075,      -2.34061,  -963.897E-03,  -13.8823E-03
F:/Desktop/DeepOnet_Abaqus/StaticElasticJob.odb,Step-1,Increment      1: Step Time =    1.000,"PLATE-1",          2232,             1,   97.6411E-03,       1.07930,            0.,"ASSEMBLY_PLATE-1__PICKEDSET2","ROCK","",  -959.236E-03,      -2.37471,      -2.37470,  -959.238E-03,  -1.43246E-03
F:/Desktop/DeepOnet_Abaqus/StaticElasticJob.odb,Step-1,Increment      1: Step Time =    1.000,"PLATE-1",          2233,             1,   794.232E-03,   473.733E-03,            0.,"ASSEMBLY_PLATE-1__PICKEDSET2","ROCK","",      -1.02768,      -2.41899,      -2.38679,      -1.05988,   209.200E-03
F:/Desktop/DeepOnet_Abaqus/StaticElasticJob.odb,Step-1,Increment      1: Step Time =    1.000,"PLATE-1",          2234,             1,   806.722E-03,       1.33992,            0.,"ASSEMBLY_PLATE-1__PICKEDSET2","ROCK","",  -998.273E-03,      -2.32135,      -2.32087,  -998.756E-03,   25.2815E-03
F:/Desktop/DeepOnet_Abaqus/StaticElasticJob.odb,Step-1,Increment      1: Step Time =    1.000,"PLATE-1",          2235,             1,   841.412E-03,      -1.55645,            0.,"ASSEMBLY_PLATE-1__PICKEDSET2","ROCK","",  -982.168E-03,      -2.30752,      -2.30738,  -982.305E-03,  -13.4796E-03
F:/Desktop/DeepOnet_Abaqus/StaticElasticJob.odb,Step-1,Increment      1: Step Time =    1.000,"PLATE-1",          2236,             1,   731.261E-03,      -1.48419,            0.,"ASSEMBLY_PLATE-1__PICKEDSET2","ROCK","",  -981.337E-03,      -2.31252,      -2.31240,  -981.460E-03,  -12.7914E-03
F:/Desktop/DeepOnet_Abaqus/StaticElasticJob.odb,Step-1,Increment      1: Step Time =    1.000,"PLATE-1",          2237,             1,  -354.065E-03,       1.37976,            0.,"ASSEMBLY_PLATE-1__PICKEDSET2","ROCK","",  -969.213E-03,      -2.32477,      -2.32465,  -969.332E-03,  -12.6624E-03
F:/Desktop/DeepOnet_Abaqus/StaticElasticJob.odb,Step-1,Increment      1: Step Time =    1.000,"PLATE-1",          2238,             1,      -1.36482,  -428.952E-03,            0.,"ASSEMBLY_PLATE-1__PICKEDSET2","ROCK","",      -1.03000,      -2.22115,      -2.21852,      -1.03262,   55.8107E-03
F:/Desktop/DeepOnet_Abaqus/StaticElasticJob.odb,Step-1,Increment      1: Step Time =    1.000,"PLATE-1",          2239,             1,  -887.747E-03,   926.375E-03,            0.,"ASSEMBLY_PLATE-1__PICKEDSET2","ROCK","",  -966.156E-03,      -2.28397,      -2.28018,  -969.942E-03,  -70.5327E-03
F:/Desktop/DeepOnet_Abaqus/StaticElasticJob.odb,Step-1,Increment      1: Step Time =    1.000,"PLATE-1",          2240,             1,   630.696E-03,   786.298E-03,            0.,"ASSEMBLY_PLATE-1__PICKEDSET2","ROCK","",  -978.459E-03,      -2.40690,      -2.40200,  -983.355E-03,   83.4866E-03
F:/Desktop/DeepOnet_Abaqus/StaticElasticJob.odb,Step-1,Increment      1: Step Time =    1.000,"PLATE-1",          2241,             1,   555.151E-03,   811.736E-03,            0.,"ASSEMBLY_PLATE-1__PICKEDSET2","ROCK","",  -980.932E-03,      -2.42014,      -2.41476,  -986.317E-03,   87.8656E-03
F:/Desktop/DeepOnet_Abaqus/StaticElasticJob.odb,Step-1,Increment      1: Step Time =    1.000,"PLATE-1",          2242,             1,  -387.119E-03,      -1.39809,            0.,"ASSEMBLY_PLATE-1__PICKEDSET2","ROCK","",  -995.385E-03,      -2.32116,      -2.32096,  -995.581E-03,   16.1047E-03
F:/Desktop/DeepOnet_Abaqus/StaticElasticJob.odb,Step-1,Increment      1: Step Time =    1.000,"PLATE-1",          2243,             1,   558.569E-03,      -1.26571,            0.,"ASSEMBLY_PLATE-1__PICKEDSET2","ROCK","",  -976.423E-03,      -2.33010,      -2.32994,  -976.582E-03,  -14.6413E-03
F:/Desktop/DeepOnet_Abaqus/StaticElasticJob.odb,Step-1,Increment      1: Step Time =    1.000,"PLATE-1",          2244,             1,  -854.983E-03,  -942.973E-03,            0.,"ASSEMBLY_PLATE-1__PICKEDSET2","ROCK","",  -988.547E-03,      -2.31286,      -2.31067,  -990.743E-03,   53.8775E-03
F:/Desktop/DeepOnet_Abaqus/StaticElasticJob.odb,Step-1,Increment      1: Step Time =    1.000,"PLATE-1",          2245,             1,       1.28006,   874.049E-03,            0.,"ASSEMBLY_PLATE-1__PICKEDSET2","ROCK","",  -993.459E-03,      -2.30245,      -2.29982,  -996.093E-03,   58.6643E-03
F:/Desktop/DeepOnet_Abaqus/StaticElasticJob.odb,Step-1,Increment      1: Step Time =    1.000,"PLATE-1",          2246,             1,  -595.858E-03,       1.37329,            0.,"ASSEMBLY_PLATE-1__PICKEDSET2","ROCK","",  -967.280E-03,      -2.31388,      -2.31348,  -967.683E-03,  -23.2730E-03
F:/Desktop/DeepOnet_Abaqus/StaticElasticJob.odb,Step-1,Increment      1: Step Time =    1.000,"PLATE-1",          2247,             1,  -784.039E-03,       1.22500,            0.,"ASSEMBLY_PLATE-1__PICKEDSET2","ROCK","",  -965.552E-03,      -2.30374,      -2.30255,  -966.740E-03,  -39.8407E-03
F:/Desktop/DeepOnet_Abaqus/StaticElasticJob.odb,Step-1,Increment      1: Step Time =    1.000,"PLATE-1",          2248,             1,  -982.849E-03,   984.479E-03,            0.,"ASSEMBLY_PLATE-1__PICKEDSET2","ROCK","",  -973.277E-03,      -2.27877,      -2.27582,  -976.226E-03,  -61.9753E-03
F:/Desktop/DeepOnet_Abaqus/StaticElasticJob.odb,Step-1,Increment      1: Step Time =    1.000,"PLATE-1",          2249,             1,       1.06786,  -867.174E-03,            0.,"ASSEMBLY_PLATE-1__PICKEDSET2","ROCK","",  -964.190E-03,      -2.29631,      -2.29302,  -967.479E-03,  -66.1117E-03
F:/Desktop/DeepOnet_Abaqus/StaticElasticJob.odb,Step-1,Increment      1: Step Time =    1.000,"PLATE-1",          2250,             1,   313.809E-03,      -1.35284,            0.,"ASSEMBLY_PLATE-1__PICKEDSET2","ROCK","",  -984.540E-03,      -2.33153,      -2.33153,  -984.547E-03,  -2.95865E-03
F:/Desktop/DeepOnet_Abaqus/StaticElasticJob.odb,Step-1,Increment      1: Step Time =    1.000,"PLATE-1",          2251,             1,      -1.22054,   677.043E-03,            0.,"ASSEMBLY_PLATE-1__PICKEDSET2","ROCK","",      -1.00944,      -2.22408,      -2.22057,      -1.01295,  -65.1785E-03
F:/Desktop/DeepOnet_Abaqus/StaticElasticJob.odb,Step-1,Increment      1: Step Time =    1.000,"PLATE-1",          2252,             1,   980.647E-03,      -1.09872,            0.,"ASSEMBLY_PLATE-1__PICKEDSET2","ROCK","",  -967.978E-03,      -2.31005,      -2.30877,  -969.262E-03,  -41.4880E-03
F:/Desktop/DeepOnet_Abaqus/StaticElasticJob.odb,Step-1,Increment      1: Step Time =    1.000,"PLATE-1",          2253,             1,   995.204E-03,      -1.01612,            0.,"ASSEMBLY_PLATE-1__PICKEDSET2","ROCK","",  -965.454E-03,      -2.30894,      -2.30720,  -967.196E-03,  -48.3484E-03
F:/Desktop/DeepOnet_Abaqus/StaticElasticJob.odb,Step-1,Increment      1: Step Time =    1.000,"PLATE-1",          2254,             1,   471.101E-03,      -1.40496,            0.,"ASSEMBLY_PLATE-1__PICKEDSET2","ROCK","",  -983.276E-03,      -2.32329,      -2.32325,  -983.313E-03,  -7.08855E-03
F:/Desktop/DeepOnet_Abaqus/StaticElasticJob.odb,Step-1,Increment      1: Step Time =    1.000,"PLATE-1",          2255,             1,   483.835E-03,      -1.33246,            0.,"ASSEMBLY_PLATE-1__PICKEDSET2","ROCK","",  -980.348E-03,      -2.32818,      -2.32811,  -980.414E-03,  -9.39466E-03
F:/Desktop/DeepOnet_Abaqus/StaticElasticJob.odb,Step-1,Increment      1: Step Time =    1.000,"PLATE-1",          2256,             1,   726.295E-03,   859.001E-03,            0.,"ASSEMBLY_PLATE-1__PICKEDSET2","ROCK","",      -1.00108,      -2.36535,      -2.36216,      -1.00428,   65.9177E-03
F:/Desktop/DeepOnet_Abaqus/StaticElasticJob.odb,Step-1,Increment      1: Step Time =    1.000,"PLATE-1",          2257,             1,   459.177E-03,      -1.48081,            0.,"ASSEMBLY_PLATE-1__PICKEDSET2","ROCK","",  -985.778E-03,      -2.31917,      -2.31915,  -985.797E-03,  -5.01226E-03
F:/Desktop/DeepOnet_Abaqus/StaticElasticJob.odb,Step-1,Increment      1: Step Time =    1.000,"PLATE-1",          2258,             1,   552.825E-03,      -1.41368,            0.,"ASSEMBLY_PLATE-1__PICKEDSET2","ROCK","",  -981.924E-03,      -2.32095,      -2.32089,  -981.990E-03,  -9.38603E-03
F:/Desktop/DeepOnet_Abaqus/StaticElasticJob.odb,Step-1,Increment      1: Step Time =    1.000,"PLATE-1",          2259,             1,   956.332E-03,      -1.18197,            0.,"ASSEMBLY_PLATE-1__PICKEDSET2","ROCK","",  -970.500E-03,      -2.31075,      -2.30985,  -971.397E-03,  -34.6596E-03
F:/Desktop/DeepOnet_Abaqus/StaticElasticJob.odb,Step-1,Increment      1: Step Time =    1.000,"PLATE-1",          2260,             1,       1.04280,  -655.819E-03,            0.,"ASSEMBLY_PLATE-1__PICKEDSET2","ROCK","",  -961.700E-03,      -2.28065,      -2.27438,  -967.966E-03,  -90.6921E-03
F:/Desktop/DeepOnet_Abaqus/StaticElasticJob.odb,Step-1,Increment      1: Step Time =    1.000,"PLATE-1",          2261,             1,  -503.174E-03,       1.31391,            0.,"ASSEMBLY_PLATE-1__PICKEDSET2","ROCK","",  -964.889E-03,      -2.32040,      -2.32001,  -965.274E-03,  -22.8596E-03
F:/Desktop/DeepOnet_Abaqus/StaticElasticJob.odb,Step-1,Increment      1: Step Time =    1.000,"PLATE-1",          2262,             1,  -949.709E-03,       1.25442,            0.,"ASSEMBLY_PLATE-1__PICKEDSET2","ROCK","",  -972.508E-03,      -2.29242,      -2.29120,  -973.730E-03,  -40.1545E-03
F:/Desktop/DeepOnet_Abaqus/StaticElasticJob.odb,Step-1,Increment      1: Step Time =    1.000,"PLATE-1",          2263,             1,  -950.812E-03,       1.20540,            0.,"ASSEMBLY_PLATE-1__PICKEDSET2","ROCK","",  -971.809E-03,      -2.29142,      -2.28996,  -973.266E-03,  -43.8135E-03
F:/Desktop/DeepOnet_Abaqus/StaticElasticJob.odb,Step-1,Increment      1: Step Time =    1.000,"PLATE-1",          2264,             1,  -301.847E-03,       1.27748,            0.,"ASSEMBLY_PLATE-1__PICKEDSET2","ROCK","",  -965.262E-03,      -2.33296,      -2.33280,  -965.423E-03,  -14.8412E-03
F:/Desktop/DeepOnet_Abaqus/StaticElasticJob.odb,Step-1,Increment      1: Step Time =    1.000,"PLATE-1",          2265,             1,  -277.218E-03,       1.16664,            0.,"ASSEMBLY_PLATE-1__PICKEDSET2","ROCK","",  -959.399E-03,      -2.34281,      -2.34253,  -959.685E-03,  -19.8759E-03
F:/Desktop/DeepOnet_Abaqus/StaticElasticJob.odb,Step-1,Increment      1: Step Time =    1.000,"PLATE-1",          2266,             1,  -972.076E-03,  -803.621E-03,            0.,"ASSEMBLY_PLATE-1__PICKEDSET2","ROCK","",  -993.084E-03,      -2.29497,      -2.29147,  -996.586E-03,   67.4233E-03
F:/Desktop/DeepOnet_Abaqus/StaticElasticJob.odb,Step-1,Increment      1: Step Time =    1.000,"PLATE-1",          2267,             1,   295.496E-03,      -1.23681,            0.,"ASSEMBLY_PLATE-1__PICKEDSET2","ROCK","",  -980.253E-03,      -2.34268,      -2.34266,  -980.272E-03,  -5.08900E-03
F:/Desktop/DeepOnet_Abaqus/StaticElasticJob.odb,Step-1,Increment      1: Step Time =    1.000,"PLATE-1",          2268,             1,  -897.951E-03,   995.866E-03,            0.,"ASSEMBLY_PLATE-1__PICKEDSET2","ROCK","",  -966.611E-03,      -2.28797,      -2.28501,  -969.570E-03,  -62.4628E-03
F:/Desktop/DeepOnet_Abaqus/StaticElasticJob.odb,Step-1,Increment      1: Step Time =    1.000,"PLATE-1",          2269,             1,  -583.510E-03,       1.26801,            0.,"ASSEMBLY_PLATE-1__PICKEDSET2","ROCK","",  -962.586E-03,      -2.31829,      -2.31767,  -963.203E-03,  -28.9284E-03
F:/Desktop/DeepOnet_Abaqus/StaticElasticJob.odb,Step-1,Increment      1: Step Time =    1.000,"PLATE-1",          2270,             1,   39.9244E-03,       1.06258,            0.,"ASSEMBLY_PLATE-1__PICKEDSET2","ROCK","",  -960.959E-03,      -2.37237,      -2.37236,  -960.971E-03,  -4.22760E-03
F:/Desktop/DeepOnet_Abaqus/StaticElasticJob.odb,Step-1,Increment      1: Step Time =    1.000,"PLATE-1",          2271,             1,      -1.00863,  -869.533E-03,            0.,"ASSEMBLY_PLATE-1__PICKEDSET2","ROCK","",  -993.872E-03,      -2.29353,      -2.29087,  -996.538E-03,   58.8026E-03
F:/Desktop/DeepOnet_Abaqus/StaticElasticJob.odb,Step-1,Increment      1: Step Time =    1.000,"PLATE-1",          2272,             1,      -1.30353,   833.203E-03,            0.,"ASSEMBLY_PLATE-1__PICKEDSET2","ROCK","",      -1.00156,      -2.24230,      -2.23985,      -1.00401,  -55.1242E-03
F:/Desktop/DeepOnet_Abaqus/StaticElasticJob.odb,Step-1,Increment      1: Step Time =    1.000,"PLATE-1",          2273,             1,   390.399E-03,      -1.38598,            0.,"ASSEMBLY_PLATE-1__PICKEDSET2","ROCK","",  -984.156E-03,      -2.32696,      -2.32694,  -984.172E-03,  -4.60627E-03
F:/Desktop/DeepOnet_Abaqus/StaticElasticJob.odb,Step-1,Increment      1: Step Time =    1.000,"PLATE-1",          2274,             1,       1.09319,  -809.913E-03,            0.,"ASSEMBLY_PLATE-1__PICKEDSET2","ROCK","",  -965.274E-03,      -2.29057,      -2.28673,  -969.113E-03,  -71.2216E-03
F:/Desktop/DeepOnet_Abaqus/StaticElasticJob.odb,Step-1,Increment      1: Step Time =    1.000,"PLATE-1",          2275,             1,      -1.15998,   928.188E-03,            0.,"ASSEMBLY_PLATE-1__PICKEDSET2","ROCK","",  -987.721E-03,      -2.25998,      -2.25721,  -990.485E-03,  -59.2327E-03
F:/Desktop/DeepOnet_Abaqus/StaticElasticJob.odb,Step-1,Increment      1: Step Time =    1.000,"PLATE-1",          2276,             1,      -1.34145,   717.166E-03,            0.,"ASSEMBLY_PLATE-1__PICKEDSET2","ROCK","",      -1.01192,      -2.22703,      -2.22458,      -1.01438,  -54.5497E-03
F:/Desktop/DeepOnet_Abaqus/StaticElasticJob.odb,Step-1,Increment      1: Step Time =    1.000,"PLATE-1",          2277,             1,      -1.41003,   675.706E-03,            0.,"ASSEMBLY_PLATE-1__PICKEDSET2","ROCK","",      -1.01660,      -2.22326,      -2.22128,      -1.01858,  -48.8361E-03
F:/Desktop/DeepOnet_Abaqus/StaticElasticJob.odb,Step-1,Increment      1: Step Time =    1.000,"PLATE-1",          2278,             1,       1.03135,      -1.21471,            0.,"ASSEMBLY_PLATE-1__PICKEDSET2","ROCK","",  -972.609E-03,      -2.30580,      -2.30492,  -973.486E-03,  -34.1796E-03
F:/Desktop/DeepOnet_Abaqus/StaticElasticJob.odb,Step-1,Increment      1: Step Time =    1.000,"PLATE-1",          2279,             1,  -905.448E-03,       1.13463,            0.,"ASSEMBLY_PLATE-1__PICKEDSET2","ROCK","",  -969.497E-03,      -2.29182,      -2.28998,  -971.335E-03,  -49.2679E-03
F:/Desktop/DeepOnet_Abaqus/StaticElasticJob.odb,Step-1,Increment      1: Step Time =    1.000,"PLATE-1",          2280,             1,  -972.232E-03,       1.15346,            0.,"ASSEMBLY_PLATE-1__PICKEDSET2","ROCK","",  -972.740E-03,      -2.28751,      -2.28577,  -974.479E-03,  -47.7848E-03
F:/Desktop/DeepOnet_Abaqus/StaticElasticJob.odb,Step-1,Increment      1: Step Time =    1.000,"PLATE-1",          2281,             1,       1.16709,      -1.00491,            0.,"ASSEMBLY_PLATE-1__PICKEDSET2","ROCK","",  -971.240E-03,      -2.29383,      -2.29182,  -973.252E-03,  -51.5347E-03
F:/Desktop/DeepOnet_Abaqus/StaticElasticJob.odb,Step-1,Increment      1: Step Time =    1.000,"PLATE-1",          2282,             1,       1.12395,  -860.766E-03,            0.,"ASSEMBLY_PLATE-1__PICKEDSET2","ROCK","",  -967.040E-03,      -2.29014,      -2.28685,  -970.327E-03,  -65.8717E-03
F:/Desktop/DeepOnet_Abaqus/StaticElasticJob.odb,Step-1,Increment      1: Step Time =    1.000,"PLATE-1",          2283,             1,       1.07186,  -940.835E-03,            0.,"ASSEMBLY_PLATE-1__PICKEDSET2","ROCK","",  -966.004E-03,      -2.29950,      -2.29704,  -968.462E-03,  -57.1948E-03
F:/Desktop/DeepOnet_Abaqus/StaticElasticJob.odb,Step-1,Increment      1: Step Time =    1.000,"PLATE-1",          2284,             1,  -822.236E-03,       1.38615,            0.,"ASSEMBLY_PLATE-1__PICKEDSET2","ROCK","",  -971.367E-03,      -2.30092,      -2.30026,  -972.026E-03,  -29.5996E-03
F:/Desktop/DeepOnet_Abaqus/StaticElasticJob.odb,Step-1,Increment      1: Step Time =    1.000,"PLATE-1",          2285,             1,   816.422E-03,   858.720E-03,            0.,"ASSEMBLY_PLATE-1__PICKEDSET2","ROCK","",      -1.00122,      -2.36279,      -2.35991,      -1.00410,   62.5745E-03
F:/Desktop/DeepOnet_Abaqus/StaticElasticJob.odb,Step-1,Increment      1: Step Time =    1.000,"PLATE-1",          2286,             1,       1.21646,      -1.08913,            0.,"ASSEMBLY_PLATE-1__PICKEDSET2","ROCK","",  -973.780E-03,      -2.29274,      -2.29111,  -975.408E-03,  -46.3139E-03
F:/Desktop/DeepOnet_Abaqus/StaticElasticJob.odb,Step-1,Increment      1: Step Time =    1.000,"PLATE-1",          2287,             1,       1.00425,   619.795E-03,            0.,"ASSEMBLY_PLATE-1__PICKEDSET2","ROCK","",  -978.352E-03,      -2.34449,      -2.33657,  -986.265E-03,   103.666E-03
F:/Desktop/DeepOnet_Abaqus/StaticElasticJob.odb,Step-1,Increment      1: Step Time =    1.000,"PLATE-1",          2288,             1,  -676.950E-03,      -1.17063,            0.,"ASSEMBLY_PLATE-1__PICKEDSET2","ROCK","",  -990.584E-03,      -2.32208,      -2.32127,  -991.390E-03,   32.7422E-03
F:/Desktop/DeepOnet_Abaqus/StaticElasticJob.odb,Step-1,Increment      1: Step Time =    1.000,"PLATE-1",          2289,             1,      -1.16986,  -815.456E-03,            0.,"ASSEMBLY_PLATE-1__PICKEDSET2","ROCK","",  -999.758E-03,      -2.27793,      -2.27524,      -1.00245,   58.5794E-03
F:/Desktop/DeepOnet_Abaqus/StaticElasticJob.odb,Step-1,Increment      1: Step Time =    1.000,"PLATE-1",          2290,             1,  -836.270E-03,      -1.13725,            0.,"ASSEMBLY_PLATE-1__PICKEDSET2","ROCK","",  -990.775E-03,      -2.31248,      -2.31142,  -991.831E-03,   37.3461E-03
F:/Desktop/DeepOnet_Abaqus/StaticElasticJob.odb,Step-1,Increment      1: Step Time =    1.000,"PLATE-1",          2291,             1,  -784.480E-03,      -1.02598,            0.,"ASSEMBLY_PLATE-1__PICKEDSET2","ROCK","",  -988.390E-03,      -2.31890,      -2.31733,  -989.963E-03,   45.7140E-03
F:/Desktop/DeepOnet_Abaqus/StaticElasticJob.odb,Step-1,Increment      1: Step Time =    1.000,"PLATE-1",          2292,             1,  -895.268E-03,      -1.16831,            0.,"ASSEMBLY_PLATE-1__PICKEDSET2","ROCK","",  -991.700E-03,      -2.30821,      -2.30722,  -992.688E-03,   36.0601E-03
F:/Desktop/DeepOnet_Abaqus/StaticElasticJob.odb,Step-1,Increment      1: Step Time =    1.000,"PLATE-1",          2293,             1,       1.09947,      -1.25173,            0.,"ASSEMBLY_PLATE-1__PICKEDSET2","ROCK","",  -974.036E-03,      -2.30225,      -2.30138,  -974.907E-03,  -34.0034E-03
F:/Desktop/DeepOnet_Abaqus/StaticElasticJob.odb,Step-1,Increment      1: Step Time =    1.000,"PLATE-1",          2294,             1,       1.15518,      -1.29287,            0.,"ASSEMBLY_PLATE-1__PICKEDSET2","ROCK","",  -975.537E-03,      -2.29948,      -2.29864,  -976.380E-03,  -33.4054E-03
F:/Desktop/DeepOnet_Abaqus/StaticElasticJob.odb,Step-1,Increment      1: Step Time =    1.000,"PLATE-1",          2295,             1,   916.853E-03,   863.506E-03,            0.,"ASSEMBLY_PLATE-1__PICKEDSET2","ROCK","",      -1.00282,      -2.34703,      -2.34404,      -1.00582,   63.3835E-03
F:/Desktop/DeepOnet_Abaqus/StaticElasticJob.odb,Step-1,Increment      1: Step Time =    1.000,"PLATE-1",          2296,             1,  -489.086E-03,      -1.17437,            0.,"ASSEMBLY_PLATE-1__PICKEDSET2","ROCK","",  -990.391E-03,      -2.33327,      -2.33266,  -990.998E-03,   28.5371E-03
F:/Desktop/DeepOnet_Abaqus/StaticElasticJob.odb,Step-1,Increment      1: Step Time =    1.000,"PLATE-1",          2297,             1,       1.25489,  -795.652E-03,            0.,"ASSEMBLY_PLATE-1__PICKEDSET2","ROCK","",  -975.931E-03,      -2.27226,      -2.26858,  -979.615E-03,  -69.0109E-03
F:/Desktop/DeepOnet_Abaqus/StaticElasticJob.odb,Step-1,Increment      1: Step Time =    1.000,"PLATE-1",          2298,             1,  -727.631E-03,      -1.25726,            0.,"ASSEMBLY_PLATE-1__PICKEDSET2","ROCK","",  -992.571E-03,      -2.31487,      -2.31427,  -993.172E-03,   28.1724E-03
F:/Desktop/DeepOnet_Abaqus/StaticElasticJob.odb,Step-1,Increment      1: Step Time =    1.000,"PLATE-1",          2299,             1,      -1.08718,       1.24218,            0.,"ASSEMBLY_PLATE-1__PICKEDSET2","ROCK","",  -978.130E-03,      -2.28365,      -2.28234,  -979.446E-03,  -41.4203E-03
F:/Desktop/DeepOnet_Abaqus/StaticElasticJob.odb,Step-1,Increment      1: Step Time =    1.000,"PLATE-1",          2300,             1,  -852.085E-03,      -1.23818,            0.,"ASSEMBLY_PLATE-1__PICKEDSET2","ROCK","",  -992.438E-03,      -2.30916,      -2.30841,  -993.188E-03,   31.4179E-03
F:/Desktop/DeepOnet_Abaqus/StaticElasticJob.odb,Step-1,Increment      1: Step Time =    1.000,"PLATE-1",          2301,             1,       1.34479,      -1.15981,            0.,"ASSEMBLY_PLATE-1__PICKEDSET2","ROCK","",  -979.743E-03,      -2.28597,      -2.28464,  -981.074E-03,  -41.6798E-03
F:/Desktop/DeepOnet_Abaqus/StaticElasticJob.odb,Step-1,Increment      1: Step Time =    1.000,"PLATE-1",          2302,             1,      -1.13806,       1.18033,            0.,"ASSEMBLY_PLATE-1__PICKEDSET2","ROCK","",  -980.434E-03,      -2.27840,      -2.27687,  -981.960E-03,  -44.4856E-03
F:/Desktop/DeepOnet_Abaqus/StaticElasticJob.odb,Step-1,Increment      1: Step Time =    1.000,"PLATE-1",          2303,             1,  -968.066E-03,       1.31143,            0.,"ASSEMBLY_PLATE-1__PICKEDSET2","ROCK","",  -973.863E-03,      -2.29249,      -2.29147,  -974.883E-03,  -36.6441E-03
F:/Desktop/DeepOnet_Abaqus/StaticElasticJob.odb,Step-1,Increment      1: Step Time =    1.000,"PLATE-1",          2304,             1,  -898.713E-03,       1.31982,            0.,"ASSEMBLY_PLATE-1__PICKEDSET2","ROCK","",  -972.067E-03,      -2.29634,      -2.29542,  -972.986E-03,  -34.8832E-03
F:/Desktop/DeepOnet_Abaqus/StaticElasticJob.odb,Step-1,Increment      1: Step Time =    1.000,"PLATE-1",          2305,             1,   901.675E-03,      -1.33140,            0.,"ASSEMBLY_PLATE-1__PICKEDSET2","ROCK","",  -975.033E-03,      -2.31147,      -2.31103,  -975.476E-03,  -24.3239E-03
F:/Desktop/DeepOnet_Abaqus/StaticElasticJob.odb,Step-1,Increment      1: Step Time =    1.000,"PLATE-1",          2306,             1,       1.21023,  -717.943E-03,            0.,"ASSEMBLY_PLATE-1__PICKEDSET2","ROCK","",  -974.945E-03,      -2.26728,      -2.26243,  -979.802E-03,  -79.0729E-03
F:/Desktop/DeepOnet_Abaqus/StaticElasticJob.odb,Step-1,Increment      1: Step Time =    1.000,"PLATE-1",          2307,             1,       1.15506,  -649.756E-03,            0.,"ASSEMBLY_PLATE-1__PICKEDSET2","ROCK","",  -970.643E-03,      -2.26505,      -2.25894,  -976.760E-03,  -88.7688E-03
F:/Desktop/DeepOnet_Abaqus/StaticElasticJob.odb,Step-1,Increment      1: Step Time =    1.000,"PLATE-1",          2308,             1,   858.210E-03,      -1.37362,            0.,"ASSEMBLY_PLATE-1__PICKEDSET2","ROCK","",  -976.779E-03,      -2.31213,      -2.31181,  -977.101E-03,  -20.7286E-03
F:/Desktop/DeepOnet_Abaqus/StaticElasticJob.odb,Step-1,Increment      1: Step Time =    1.000,"PLATE-1",          2309,             1,       1.21609,  -584.419E-03,            0.,"ASSEMBLY_PLATE-1__PICKEDSET2","ROCK","",  -982.262E-03,      -2.24501,      -2.23835,  -988.928E-03,  -91.5012E-03
F:/Desktop/DeepOnet_Abaqus/StaticElasticJob.odb,Step-1,Increment      1: Step Time =    1.000,"PLATE-1",          2310,             1,      -1.03149,       1.28566,            0.,"ASSEMBLY_PLATE-1__PICKEDSET2","ROCK","",  -976.181E-03,      -2.28771,      -2.28656,  -977.332E-03,  -38.8323E-03
F:/Desktop/DeepOnet_Abaqus/StaticElasticJob.odb,Step-1,Increment      1: Step Time =    1.000,"PLATE-1",          2311,             1,  -41.2924E-03,  -255.767E-03,            0.,"ASSEMBLY_PLATE-1__PICKEDSET2","ROCK","",  -220.960E-03,      -3.30628,      -3.29762,  -229.617E-03,   163.203E-03
F:/Desktop/DeepOnet_Abaqus/StaticElasticJob.odb,Step-1,Increment      1: Step Time =    1.000,"PLATE-1",          2312,             1,  -22.2821E-03,  -246.682E-03,            0.,"ASSEMBLY_PLATE-1__PICKEDSET2","ROCK","",  -181.092E-03,      -3.31630,      -3.31384,  -183.554E-03,   87.8257E-03
F:/Desktop/DeepOnet_Abaqus/StaticElasticJob.odb,Step-1,Increment      1: Step Time =    1.000,"PLATE-1",          2313,             1,  -85.3652E-03,  -213.972E-03,            0.,"ASSEMBLY_PLATE-1__PICKEDSET2","ROCK","",  -90.8715E-03,      -3.44340,      -3.40928,  -124.991E-03,   336.486E-03
F:/Desktop/DeepOnet_Abaqus/StaticElasticJob.odb,Step-1,Increment      1: Step Time =    1.000,"PLATE-1",          2314,             1,  -97.8097E-03,  -241.952E-03,            0.,"ASSEMBLY_PLATE-1__PICKEDSET2","ROCK","",  -203.150E-03,      -3.36422,      -3.31979,  -247.571E-03,   372.081E-03
F:/Desktop/DeepOnet_Abaqus/StaticElasticJob.odb,Step-1,Increment      1: Step Time =    1.000,"PLATE-1",          2315,             1,  -111.176E-03,  -225.850E-03,            0.,"ASSEMBLY_PLATE-1__PICKEDSET2","ROCK","",  -116.352E-03,      -3.48033,      -3.41276,  -183.926E-03,   471.967E-03
F:/Desktop/DeepOnet_Abaqus/StaticElasticJob.odb,Step-1,Increment      1: Step Time =    1.000,"PLATE-1",          2316,             1,  -136.794E-03,  -207.908E-03,            0.,"ASSEMBLY_PLATE-1__PICKEDSET2","ROCK","",  -94.0155E-03,      -3.51210,      -3.41552,  -190.600E-03,   566.395E-03
F:/Desktop/DeepOnet_Abaqus/StaticElasticJob.odb,Step-1,Increment      1: Step Time =    1.000,"PLATE-1",          2317,             1,   11.1516E-03,  -211.343E-03,            0.,"ASSEMBLY_PLATE-1__PICKEDSET2","ROCK","",  -42.8307E-03,      -3.42965,      -3.42907,  -43.4031E-03,  -44.0264E-03
F:/Desktop/DeepOnet_Abaqus/StaticElasticJob.odb,Step-1,Increment      1: Step Time =    1.000,"PLATE-1",          2318,             1,  -3.24729E-03,  -240.159E-03,            0.,"ASSEMBLY_PLATE-1__PICKEDSET2","ROCK","",  -152.122E-03,      -3.34570,      -3.34556,  -152.264E-03,   21.3199E-03
F:/Desktop/DeepOnet_Abaqus/StaticElasticJob.odb,Step-1,Increment      1: Step Time =    1.000,"PLATE-1",          2319,             1,   14.3100E-03,  -233.505E-03,            0.,"ASSEMBLY_PLATE-1__PICKEDSET2","ROCK","",  -126.604E-03,      -3.35507,      -3.35440,  -127.267E-03,  -46.2686E-03
F:/Desktop/DeepOnet_Abaqus/StaticElasticJob.odb,Step-1,Increment      1: Step Time =    1.000,"PLATE-1",          2320,             1,   29.8488E-03,  -230.269E-03,            0.,"ASSEMBLY_PLATE-1__PICKEDSET2","ROCK","",  -110.680E-03,      -3.35743,      -3.35388,  -114.232E-03,  -107.331E-03
F:/Desktop/DeepOnet_Abaqus/StaticElasticJob.odb,Step-1,Increment      1: Step Time =    1.000,"PLATE-1",          2321,             1,  -168.431E-03,  -265.385E-03,            0.,"ASSEMBLY_PLATE-1__PICKEDSET2","ROCK","",  -422.173E-03,      -3.27707,      -3.11675,  -582.493E-03,   657.264E-03
F:/Desktop/DeepOnet_Abaqus/StaticElasticJob.odb,Step-1,Increment      1: Step Time =    1.000,"PLATE-1",          2322,             1,  -155.835E-03,  -248.937E-03,            0.,"ASSEMBLY_PLATE-1__PICKEDSET2","ROCK","",  -312.289E-03,      -3.36996,      -3.23827,  -443.970E-03,   620.722E-03
F:/Desktop/DeepOnet_Abaqus/StaticElasticJob.odb,Step-1,Increment      1: Step Time =    1.000,"PLATE-1",          2323,             1,  -174.774E-03,  -198.940E-03,            0.,"ASSEMBLY_PLATE-1__PICKEDSET2","ROCK","",  -91.1562E-03,      -3.60652,      -3.43362,  -264.064E-03,   760.223E-03
F:/Desktop/DeepOnet_Abaqus/StaticElasticJob.odb,Step-1,Increment      1: Step Time =    1.000,"PLATE-1",          2324,             1,  -231.378E-03,  -185.584E-03,            0.,"ASSEMBLY_PLATE-1__PICKEDSET2","ROCK","",  -50.9077E-03,      -4.14701,      -3.67449,  -523.428E-03,       1.30852
F:/Desktop/DeepOnet_Abaqus/StaticElasticJob.odb,Step-1,Increment      1: Step Time =    1.000,"PLATE-1",          2325,             1,   45.8639E-03,  -232.547E-03,            0.,"ASSEMBLY_PLATE-1__PICKEDSET2","ROCK","",  -114.284E-03,      -3.36473,      -3.35700,  -122.015E-03,  -158.331E-03
F:/Desktop/DeepOnet_Abaqus/StaticElasticJob.odb,Step-1,Increment      1: Step Time =    1.000,"PLATE-1",          2326,             1,   62.7461E-03,  -235.686E-03,            0.,"ASSEMBLY_PLATE-1__PICKEDSET2","ROCK","",  -136.379E-03,      -3.34760,      -3.33129,  -152.693E-03,  -228.302E-03
F:/Desktop/DeepOnet_Abaqus/StaticElasticJob.odb,Step-1,Increment      1: Step Time =    1.000,"PLATE-1",          2327,             1,   58.0217E-03,  -257.616E-03,            0.,"ASSEMBLY_PLATE-1__PICKEDSET2","ROCK","",  -225.089E-03,      -3.26859,      -3.25685,  -236.827E-03,  -188.642E-03
F:/Desktop/DeepOnet_Abaqus/StaticElasticJob.odb,Step-1,Increment      1: Step Time =    1.000,"PLATE-1",          2328,             1,   80.7726E-03,  -241.814E-03,            0.,"ASSEMBLY_PLATE-1__PICKEDSET2","ROCK","",  -175.202E-03,      -3.31161,      -3.28535,  -201.468E-03,  -285.813E-03
F:/Desktop/DeepOnet_Abaqus/StaticElasticJob.odb,Step-1,Increment      1: Step Time =    1.000,"PLATE-1",          2329,             1,   140.822E-03,  -233.507E-03,            0.,"ASSEMBLY_PLATE-1__PICKEDSET2","ROCK","",  -201.860E-03,      -3.33972,      -3.24808,  -293.498E-03,  -528.345E-03
F:/Desktop/DeepOnet_Abaqus/StaticElasticJob.odb,Step-1,Increment      1: Step Time =    1.000,"PLATE-1",          2330,             1,   176.790E-03,  -198.952E-03,            0.,"ASSEMBLY_PLATE-1__PICKEDSET2","ROCK","",  -113.997E-03,      -3.49294,      -3.32544,  -281.501E-03,  -733.435E-03
F:/Desktop/DeepOnet_Abaqus/StaticElasticJob.odb,Step-1,Increment      1: Step Time =    1.000,"PLATE-1",          2331,             1,   157.694E-03,  -246.014E-03,            0.,"ASSEMBLY_PLATE-1__PICKEDSET2","ROCK","",  -268.627E-03,      -3.29984,      -3.19369,  -374.781E-03,  -557.232E-03
F:/Desktop/DeepOnet_Abaqus/StaticElasticJob.odb,Step-1,Increment      1: Step Time =    1.000,"PLATE-1",          2332,             1,   209.170E-03,  -226.876E-03,            0.,"ASSEMBLY_PLATE-1__PICKEDSET2","ROCK","",  -401.122E-03,      -3.35143,      -3.08724,  -665.310E-03,  -842.401E-03
F:/Desktop/DeepOnet_Abaqus/StaticElasticJob.odb,Step-1,Increment      1: Step Time =    1.000,"PLATE-1",          2333,             1,   232.612E-03,  -183.532E-03,            0.,"ASSEMBLY_PLATE-1__PICKEDSET2","ROCK","",  -307.682E-03,      -4.02225,      -3.52983,  -800.104E-03,      -1.25962
F:/Desktop/DeepOnet_Abaqus/StaticElasticJob.odb,Step-1,Increment      1: Step Time =    1.000,"PLATE-1",          2334,             1,  -306.037E-03,  -103.632E-03,            0.,"ASSEMBLY_PLATE-1__PICKEDSET2","ROCK","",  -308.052E-03,      -2.23823,  -626.080E-03,      -1.92021,   716.038E-03
F:/Desktop/DeepOnet_Abaqus/StaticElasticJob.odb,Step-1,Increment      1: Step Time =    1.000,"PLATE-1",          2335,             1,  -340.229E-03,  -54.0934E-03,            0.,"ASSEMBLY_PLATE-1__PICKEDSET2","ROCK","",  -477.417E-03,      -1.76081,  -544.841E-03,      -1.69338,   286.330E-03
F:/Desktop/DeepOnet_Abaqus/StaticElasticJob.odb,Step-1,Increment      1: Step Time =    1.000,"PLATE-1",          2336,             1,  -335.832E-03,  -1.33026E-03,            0.,"ASSEMBLY_PLATE-1__PICKEDSET2","ROCK","",  -416.667E-03,      -1.56873,  -478.990E-03,      -1.50641,  -260.607E-03
F:/Desktop/DeepOnet_Abaqus/StaticElasticJob.odb,Step-1,Increment      1: Step Time =    1.000,"PLATE-1",          2337,             1,  -344.536E-03,   32.8904E-03,            0.,"ASSEMBLY_PLATE-1__PICKEDSET2","ROCK","",  -513.348E-03,      -1.67223,  -740.910E-03,      -1.44467,  -460.363E-03
F:/Desktop/DeepOnet_Abaqus/StaticElasticJob.odb,Step-1,Increment      1: Step Time =    1.000,"PLATE-1",          2338,             1,  -281.050E-03,   65.9389E-03,            0.,"ASSEMBLY_PLATE-1__PICKEDSET2","ROCK","",  -184.260E-03,      -1.84557,  -739.449E-03,      -1.29038,  -783.648E-03
F:/Desktop/DeepOnet_Abaqus/StaticElasticJob.odb,Step-1,Increment      1: Step Time =    1.000,"PLATE-1",          2339,             1,  -321.488E-03,   83.8724E-03,            0.,"ASSEMBLY_PLATE-1__PICKEDSET2","ROCK","",  -412.178E-03,      -1.91186,      -1.10193,      -1.22210,  -747.428E-03
F:/Desktop/DeepOnet_Abaqus/StaticElasticJob.odb,Step-1,Increment      1: Step Time =    1.000,"PLATE-1",          2340,             1,  -296.419E-03,   135.888E-03,            0.,"ASSEMBLY_PLATE-1__PICKEDSET2","ROCK","",  -404.374E-03,      -2.24035,      -1.61013,      -1.03459,  -871.716E-03
F:/Desktop/DeepOnet_Abaqus/StaticElasticJob.odb,Step-1,Increment      1: Step Time =    1.000,"PLATE-1",          2341,             1,   310.855E-03,  -167.655E-03,            0.,"ASSEMBLY_PLATE-1__PICKEDSET2","ROCK","",  -608.327E-03,      -2.79960,      -2.23651,      -1.17142,  -957.502E-03
F:/Desktop/DeepOnet_Abaqus/StaticElasticJob.odb,Step-1,Increment      1: Step Time =    1.000,"PLATE-1",          2342,             1,   322.232E-03,  -141.157E-03,            0.,"ASSEMBLY_PLATE-1__PICKEDSET2","ROCK","",  -545.761E-03,      -2.53131,      -1.66296,      -1.41412,  -984.948E-03
F:/Desktop/DeepOnet_Abaqus/StaticElasticJob.odb,Step-1,Increment      1: Step Time =    1.000,"PLATE-1",          2343,             1,   305.555E-03,  -80.2790E-03,            0.,"ASSEMBLY_PLATE-1__PICKEDSET2","ROCK","",  -211.641E-03,      -1.50232,  -297.908E-03,      -1.41605,  -322.336E-03
F:/Desktop/DeepOnet_Abaqus/StaticElasticJob.odb,Step-1,Increment      1: Step Time =    1.000,"PLATE-1",          2344,             1,   323.341E-03,  -26.8962E-03,            0.,"ASSEMBLY_PLATE-1__PICKEDSET2","ROCK","",  -207.839E-03,      -1.62148,  -299.457E-03,      -1.52987,   348.026E-03
F:/Desktop/DeepOnet_Abaqus/StaticElasticJob.odb,Step-1,Increment      1: Step Time =    1.000,"PLATE-1",          2345,             1,   294.407E-03,   19.5401E-03,            0.,"ASSEMBLY_PLATE-1__PICKEDSET2","ROCK","",  -192.508E-03,      -2.00458,  -545.412E-03,      -1.65168,   717.598E-03
F:/Desktop/DeepOnet_Abaqus/StaticElasticJob.odb,Step-1,Increment      1: Step Time =    1.000,"PLATE-1",          2346,             1,   267.000E-03,   162.983E-03,            0.,"ASSEMBLY_PLATE-1__PICKEDSET2","ROCK","",  -507.073E-03,      -2.48052,      -1.63313,      -1.35446,   976.835E-03
F:/Desktop/DeepOnet_Abaqus/StaticElasticJob.odb,Step-1,Increment      1: Step Time =    1.000,"PLATE-1",          2347,             1,   237.527E-03,   171.497E-03,            0.,"ASSEMBLY_PLATE-1__PICKEDSET2","ROCK","",  -542.386E-03,      -2.81144,      -1.99075,      -1.36308,       1.09026
F:/Desktop/DeepOnet_Abaqus/StaticElasticJob.odb,Step-1,Increment      1: Step Time =    1.000,"PLATE-1",          2348,             1,   150.869E-03,   247.569E-03,            0.,"ASSEMBLY_PLATE-1__PICKEDSET2","ROCK","",  -654.017E-03,      -3.01693,      -2.83536,  -835.582E-03,   629.332E-03
F:/Desktop/DeepOnet_Abaqus/StaticElasticJob.odb,Step-1,Increment      1: Step Time =    1.000,"PLATE-1",          2349,             1,   102.582E-03,   230.229E-03,            0.,"ASSEMBLY_PLATE-1__PICKEDSET2","ROCK","",  -423.830E-03,      -3.43596,      -3.28512,  -574.679E-03,   656.981E-03
F:/Desktop/DeepOnet_Abaqus/StaticElasticJob.odb,Step-1,Increment      1: Step Time =    1.000,"PLATE-1",          2350,             1,   64.9242E-03,   237.959E-03,            0.,"ASSEMBLY_PLATE-1__PICKEDSET2","ROCK","",  -424.568E-03,      -3.65766,      -3.59859,  -483.632E-03,   432.980E-03
F:/Desktop/DeepOnet_Abaqus/StaticElasticJob.odb,Step-1,Increment      1: Step Time =    1.000,"PLATE-1",          2351,             1,   4.04398E-03,   233.056E-03,            0.,"ASSEMBLY_PLATE-1__PICKEDSET2","ROCK","",  -294.483E-03,      -4.00971,      -4.00887,  -295.330E-03,   56.0893E-03
F:/Desktop/DeepOnet_Abaqus/StaticElasticJob.odb,Step-1,Increment      1: Step Time =    1.000,"PLATE-1",          2352,             1,  -9.41125E-03,   232.351E-03,            0.,"ASSEMBLY_PLATE-1__PICKEDSET2","ROCK","",  -302.851E-03,      -4.03406,      -4.02729,  -309.622E-03,  -158.802E-03
F:/Desktop/DeepOnet_Abaqus/StaticElasticJob.odb,Step-1,Increment      1: Step Time =    1.000,"PLATE-1",          2353,             1,  -23.5044E-03,   238.337E-03,            0.,"ASSEMBLY_PLATE-1__PICKEDSET2","ROCK","",  -417.503E-03,      -3.78946,      -3.77222,  -434.738E-03,  -240.461E-03
F:/Desktop/DeepOnet_Abaqus/StaticElasticJob.odb,Step-1,Increment      1: Step Time =    1.000,"PLATE-1",          2354,             1,  -26.0526E-03,   214.782E-03,            0.,"ASSEMBLY_PLATE-1__PICKEDSET2","ROCK","",  -241.093E-03,      -4.21822,      -4.19710,  -262.207E-03,  -289.016E-03
F:/Desktop/DeepOnet_Abaqus/StaticElasticJob.odb,Step-1,Increment      1: Step Time =    1.000,"PLATE-1",          2355,             1,  -52.3798E-03,   253.045E-03,            0.,"ASSEMBLY_PLATE-1__PICKEDSET2","ROCK","",  -547.183E-03,      -3.50477,      -3.47182,  -580.143E-03,  -310.473E-03
F:/Desktop/DeepOnet_Abaqus/StaticElasticJob.odb,Step-1,Increment      1: Step Time =    1.000,"PLATE-1",          2356,             1,  -98.6245E-03,   202.527E-03,            0.,"ASSEMBLY_PLATE-1__PICKEDSET2","ROCK","",  -185.391E-03,      -3.87917,      -3.60031,  -464.257E-03,  -975.862E-03
F:/Desktop/DeepOnet_Abaqus/StaticElasticJob.odb,Step-1,Increment      1: Step Time =    1.000,"PLATE-1",          2357,             1,  -135.884E-03,   237.598E-03,            0.,"ASSEMBLY_PLATE-1__PICKEDSET2","ROCK","",  -479.852E-03,      -3.26295,      -3.08537,  -657.425E-03,  -680.199E-03
F:/Desktop/DeepOnet_Abaqus/StaticElasticJob.odb,Step-1,Increment      1: Step Time =    1.000,"PLATE-1",          2358,             1,  -153.984E-03,   222.470E-03,            0.,"ASSEMBLY_PLATE-1__PICKEDSET2","ROCK","",  -427.992E-03,      -3.21463,      -2.95407,  -688.551E-03,  -811.290E-03
F:/Desktop/DeepOnet_Abaqus/StaticElasticJob.odb,Step-1,Increment      1: Step Time =    1.000,"PLATE-1",          2359,             1,  -272.653E-03,   154.650E-03,            0.,"ASSEMBLY_PLATE-1__PICKEDSET2","ROCK","",  -378.555E-03,      -2.41909,      -1.83427,  -963.373E-03,  -922.674E-03
F:/Desktop/DeepOnet_Abaqus/StaticElasticJob.odb,Step-1,Increment      1: Step Time =    1.000,"PLATE-1",          2360,             1,  -216.131E-03,   193.888E-03,            0.,"ASSEMBLY_PLATE-1__PICKEDSET2","ROCK","",  -388.626E-03,      -2.81693,      -2.37989,  -825.670E-03,  -932.882E-03
F:/Desktop/DeepOnet_Abaqus/StaticElasticJob.odb,Step-1,Increment      1: Step Time =    1.000,"PLATE-1",          2361,             1,  -155.913E-03,   179.115E-03,            0.,"ASSEMBLY_PLATE-1__PICKEDSET2","ROCK","",  -169.581E-03,      -3.42595,      -2.81964,  -775.891E-03,      -1.26758
F:/Desktop/DeepOnet_Abaqus/StaticElasticJob.odb,Step-1,Increment      1: Step Time =    1.000,"PLATE-1",          2362,             1,  -137.200E-03,   189.193E-03,            0.,"ASSEMBLY_PLATE-1__PICKEDSET2","ROCK","",  -195.945E-03,      -3.60979,      -3.11952,  -686.215E-03,      -1.19722
F:/Desktop/DeepOnet_Abaqus/StaticElasticJob.odb,Step-1,Increment      1: Step Time =    1.000,"PLATE-1",          2363,             1,      -1.48699,  -952.697E-03,            0.,"ASSEMBLY_PLATE-1__PICKEDSET2","ROCK","",      -1.00372,      -2.27002,      -2.26870,      -1.00503,   40.8121E-03
F:/Desktop/DeepOnet_Abaqus/StaticElasticJob.odb,Step-1,Increment      1: Step Time =    1.000,"PLATE-1",          2364,             1,       1.46040,   356.231E-03,            0.,"ASSEMBLY_PLATE-1__PICKEDSET2","ROCK","",      -1.04972,      -2.17934,      -2.17441,      -1.05465,   74.4635E-03
F:/Desktop/DeepOnet_Abaqus/StaticElasticJob.odb,Step-1,Increment      1: Step Time =    1.000,"PLATE-1",          2365,             1,   711.359E-03,  -153.287E-03,            0.,"ASSEMBLY_PLATE-1__PICKEDSET2","ROCK","",  -840.630E-03,      -2.31159,      -2.28409,  -868.124E-03,  -199.217E-03
F:/Desktop/DeepOnet_Abaqus/StaticElasticJob.odb,Step-1,Increment      1: Step Time =    1.000,"PLATE-1",          2366,             1,   358.728E-03,  -142.576E-03,            0.,"ASSEMBLY_PLATE-1__PICKEDSET2","ROCK","",  -795.087E-03,      -2.35702,      -1.74293,      -1.40918,  -762.929E-03
F:/Desktop/DeepOnet_Abaqus/StaticElasticJob.odb,Step-1,Increment      1: Step Time =    1.000,"PLATE-1",          2367,             1,  -55.8962E-03,   287.798E-03,            0.,"ASSEMBLY_PLATE-1__PICKEDSET2","ROCK","",  -678.307E-03,      -3.19787,      -3.17223,  -703.948E-03,  -252.876E-03
F:/Desktop/DeepOnet_Abaqus/StaticElasticJob.odb,Step-1,Increment      1: Step Time =    1.000,"PLATE-1",          2368,             1,  -26.9400E-03,  -289.463E-03,            0.,"ASSEMBLY_PLATE-1__PICKEDSET2","ROCK","",  -332.508E-03,      -3.18880,      -3.18361,  -337.706E-03,   121.746E-03
F:/Desktop/DeepOnet_Abaqus/StaticElasticJob.odb,Step-1,Increment      1: Step Time =    1.000,"PLATE-1",          2369,             1,   25.2842E-03,  -247.477E-03,            0.,"ASSEMBLY_PLATE-1__PICKEDSET2","ROCK","",  -174.963E-03,      -3.32030,      -3.31872,  -176.540E-03,  -70.3968E-03
F:/Desktop/DeepOnet_Abaqus/StaticElasticJob.odb,Step-1,Increment      1: Step Time =    1.000,"PLATE-1",          2370,             1,   41.8871E-03,  -254.191E-03,            0.,"ASSEMBLY_PLATE-1__PICKEDSET2","ROCK","",  -208.273E-03,      -3.28317,      -3.27680,  -214.642E-03,  -139.793E-03
F:/Desktop/DeepOnet_Abaqus/StaticElasticJob.odb,Step-1,Increment      1: Step Time =    1.000,"PLATE-1",          2371,             1,   61.2090E-03,  -275.286E-03,            0.,"ASSEMBLY_PLATE-1__PICKEDSET2","ROCK","",  -294.656E-03,      -3.21262,      -3.20012,  -307.157E-03,  -190.582E-03
F:/Desktop/DeepOnet_Abaqus/StaticElasticJob.odb,Step-1,Increment      1: Step Time =    1.000,"PLATE-1",          2372,             1,   109.947E-03,  -237.246E-03,            0.,"ASSEMBLY_PLATE-1__PICKEDSET2","ROCK","",  -178.773E-03,      -3.33327,      -3.28292,  -229.118E-03,  -395.322E-03
F:/Desktop/DeepOnet_Abaqus/StaticElasticJob.odb,Step-1,Increment      1: Step Time =    1.000,"PLATE-1",          2373,             1,   122.757E-03,  -249.891E-03,            0.,"ASSEMBLY_PLATE-1__PICKEDSET2","ROCK","",  -248.369E-03,      -3.28114,      -3.21791,  -311.591E-03,  -433.289E-03
F:/Desktop/DeepOnet_Abaqus/StaticElasticJob.odb,Step-1,Increment      1: Step Time =    1.000,"PLATE-1",          2374,             1,   136.694E-03,  -254.327E-03,            0.,"ASSEMBLY_PLATE-1__PICKEDSET2","ROCK","",  -291.280E-03,      -3.25166,      -3.18049,  -362.452E-03,  -453.466E-03
F:/Desktop/DeepOnet_Abaqus/StaticElasticJob.odb,Step-1,Increment      1: Step Time =    1.000,"PLATE-1",          2375,             1,   171.245E-03,  -236.028E-03,            0.,"ASSEMBLY_PLATE-1__PICKEDSET2","ROCK","",  -283.944E-03,      -3.32597,      -3.18046,  -429.446E-03,  -649.192E-03
F:/Desktop/DeepOnet_Abaqus/StaticElasticJob.odb,Step-1,Increment      1: Step Time =    1.000,"PLATE-1",          2376,             1,   254.720E-03,  -256.150E-03,            0.,"ASSEMBLY_PLATE-1__PICKEDSET2","ROCK","",  -756.556E-03,      -2.92776,      -2.71287,  -971.447E-03,  -648.378E-03
F:/Desktop/DeepOnet_Abaqus/StaticElasticJob.odb,Step-1,Increment      1: Step Time =    1.000,"PLATE-1",          2377,             1,   253.092E-03,  -211.268E-03,            0.,"ASSEMBLY_PLATE-1__PICKEDSET2","ROCK","",  -723.552E-03,      -3.23971,      -2.79368,      -1.16959,  -960.911E-03
F:/Desktop/DeepOnet_Abaqus/StaticElasticJob.odb,Step-1,Increment      1: Step Time =    1.000,"PLATE-1",          2378,             1,   270.773E-03,  -196.979E-03,            0.,"ASSEMBLY_PLATE-1__PICKEDSET2","ROCK","",  -836.719E-03,      -3.13223,      -2.68433,      -1.28462,  -909.693E-03
F:/Desktop/DeepOnet_Abaqus/StaticElasticJob.odb,Step-1,Increment      1: Step Time =    1.000,"PLATE-1",          2379,             1,   295.833E-03,  -213.268E-03,            0.,"ASSEMBLY_PLATE-1__PICKEDSET2","ROCK","",  -828.608E-03,      -2.82021,      -2.52489,      -1.12392,  -707.768E-03
F:/Desktop/DeepOnet_Abaqus/StaticElasticJob.odb,Step-1,Increment      1: Step Time =    1.000,"PLATE-1",          2380,             1,  -19.7451E-03,   268.263E-03,            0.,"ASSEMBLY_PLATE-1__PICKEDSET2","ROCK","",  -595.332E-03,      -3.44383,      -3.43772,  -601.436E-03,  -131.714E-03
F:/Desktop/DeepOnet_Abaqus/StaticElasticJob.odb,Step-1,Increment      1: Step Time =    1.000,"PLATE-1",          2381,             1,  -11.8669E-03,   248.432E-03,            0.,"ASSEMBLY_PLATE-1__PICKEDSET2","ROCK","",  -510.674E-03,      -3.62292,      -3.62164,  -511.953E-03,  -63.0863E-03
F:/Desktop/DeepOnet_Abaqus/StaticElasticJob.odb,Step-1,Increment      1: Step Time =    1.000,"PLATE-1",          2382,             1,   16.6159E-03,   240.129E-03,            0.,"ASSEMBLY_PLATE-1__PICKEDSET2","ROCK","",  -397.624E-03,      -3.78795,      -3.78204,  -403.530E-03,   141.381E-03
F:/Desktop/DeepOnet_Abaqus/StaticElasticJob.odb,Step-1,Increment      1: Step Time =    1.000,"PLATE-1",          2383,             1,   2.85825E-03,   249.756E-03,            0.,"ASSEMBLY_PLATE-1__PICKEDSET2","ROCK","",  -508.535E-03,      -3.63630,      -3.63616,  -508.681E-03,  -21.3241E-03
F:/Desktop/DeepOnet_Abaqus/StaticElasticJob.odb,Step-1,Increment      1: Step Time =    1.000,"PLATE-1",          2384,             1,   27.1751E-03,   263.999E-03,            0.,"ASSEMBLY_PLATE-1__PICKEDSET2","ROCK","",  -571.355E-03,      -3.46333,      -3.45954,  -575.145E-03,   104.616E-03
F:/Desktop/DeepOnet_Abaqus/StaticElasticJob.odb,Step-1,Increment      1: Step Time =    1.000,"PLATE-1",          2385,             1,  -163.170E-03,   272.223E-03,            0.,"ASSEMBLY_PLATE-1__PICKEDSET2","ROCK","",  -614.543E-03,      -2.93784,      -2.83089,  -721.494E-03,  -486.868E-03
F:/Desktop/DeepOnet_Abaqus/StaticElasticJob.odb,Step-1,Increment      1: Step Time =    1.000,"PLATE-1",          2386,             1,   47.3818E-03,   247.927E-03,            0.,"ASSEMBLY_PLATE-1__PICKEDSET2","ROCK","",  -505.834E-03,      -3.55028,      -3.52841,  -527.701E-03,   257.088E-03
F:/Desktop/DeepOnet_Abaqus/StaticElasticJob.odb,Step-1,Increment      1: Step Time =    1.000,"PLATE-1",          2387,             1,   64.3232E-03,   298.718E-03,            0.,"ASSEMBLY_PLATE-1__PICKEDSET2","ROCK","",  -736.159E-03,      -3.07359,      -3.06281,  -746.938E-03,   158.370E-03
F:/Desktop/DeepOnet_Abaqus/StaticElasticJob.odb,Step-1,Increment      1: Step Time =    1.000,"PLATE-1",          2388,             1,   33.0956E-03,   303.782E-03,            0.,"ASSEMBLY_PLATE-1__PICKEDSET2","ROCK","",  -738.909E-03,      -3.09696,      -3.09551,  -740.360E-03,   58.4898E-03
F:/Desktop/DeepOnet_Abaqus/StaticElasticJob.odb,Step-1,Increment      1: Step Time =    1.000,"PLATE-1",          2389,             1,   121.861E-03,   226.393E-03,            0.,"ASSEMBLY_PLATE-1__PICKEDSET2","ROCK","",  -432.837E-03,      -3.36793,      -3.13957,  -661.197E-03,   786.200E-03
F:/Desktop/DeepOnet_Abaqus/StaticElasticJob.odb,Step-1,Increment      1: Step Time =    1.000,"PLATE-1",          2390,             1,   128.257E-03,   258.081E-03,            0.,"ASSEMBLY_PLATE-1__PICKEDSET2","ROCK","",  -635.514E-03,      -3.06756,      -2.96860,  -734.472E-03,   480.498E-03
F:/Desktop/DeepOnet_Abaqus/StaticElasticJob.odb,Step-1,Increment      1: Step Time =    1.000,"PLATE-1",          2391,             1,   202.173E-03,   199.398E-03,            0.,"ASSEMBLY_PLATE-1__PICKEDSET2","ROCK","",  -551.221E-03,      -2.92179,      -2.46017,      -1.01284,   938.728E-03
F:/Desktop/DeepOnet_Abaqus/StaticElasticJob.odb,Step-1,Increment      1: Step Time =    1.000,"PLATE-1",          2392,             1,   218.940E-03,   273.609E-03,            0.,"ASSEMBLY_PLATE-1__PICKEDSET2","ROCK","",  -844.028E-03,      -2.53086,      -2.42173,  -953.163E-03,   414.948E-03
F:/Desktop/DeepOnet_Abaqus/StaticElasticJob.odb,Step-1,Increment      1: Step Time =    1.000,"PLATE-1",          2393,             1,   151.282E-03,   300.410E-03,            0.,"ASSEMBLY_PLATE-1__PICKEDSET2","ROCK","",  -824.228E-03,      -2.77796,      -2.72319,  -878.995E-03,   322.493E-03
F:/Desktop/DeepOnet_Abaqus/StaticElasticJob.odb,Step-1,Increment      1: Step Time =    1.000,"PLATE-1",          2394,             1,   203.620E-03,   232.525E-03,            0.,"ASSEMBLY_PLATE-1__PICKEDSET2","ROCK","",  -712.926E-03,      -2.71184,      -2.40851,      -1.01626,   717.164E-03
F:/Desktop/DeepOnet_Abaqus/StaticElasticJob.odb,Step-1,Increment      1: Step Time =    1.000,"PLATE-1",          2395,             1,   215.693E-03,   181.793E-03,            0.,"ASSEMBLY_PLATE-1__PICKEDSET2","ROCK","",  -384.086E-03,      -2.96485,      -2.22914,      -1.11979,       1.16509
F:/Desktop/DeepOnet_Abaqus/StaticElasticJob.odb,Step-1,Increment      1: Step Time =    1.000,"PLATE-1",          2396,             1,   311.620E-03,   123.725E-03,            0.,"ASSEMBLY_PLATE-1__PICKEDSET2","ROCK","",  -259.777E-03,      -2.43472,      -1.15161,      -1.54288,       1.06973
F:/Desktop/DeepOnet_Abaqus/StaticElasticJob.odb,Step-1,Increment      1: Step Time =    1.000,"PLATE-1",          2397,             1,   330.880E-03,   20.7671E-03,            0.,"ASSEMBLY_PLATE-1__PICKEDSET2","ROCK","",  -392.890E-03,      -2.08546,  -885.929E-03,      -1.59242,   769.036E-03
F:/Desktop/DeepOnet_Abaqus/StaticElasticJob.odb,Step-1,Increment      1: Step Time =    1.000,"PLATE-1",          2398,             1,   358.364E-03,   227.589E-06,            0.,"ASSEMBLY_PLATE-1__PICKEDSET2","ROCK","",  -561.824E-03,      -2.03580,  -886.436E-03,      -1.71119,   610.817E-03
F:/Desktop/DeepOnet_Abaqus/StaticElasticJob.odb,Step-1,Increment      1: Step Time =    1.000,"PLATE-1",          2399,             1,   341.628E-03,  -179.588E-03,            0.,"ASSEMBLY_PLATE-1__PICKEDSET2","ROCK","",  -779.861E-03,      -2.58964,      -2.18793,      -1.18157,  -752.090E-03
F:/Desktop/DeepOnet_Abaqus/StaticElasticJob.odb,Step-1,Increment      1: Step Time =    1.000,"PLATE-1",          2400,             1,   354.295E-03,  -218.585E-03,            0.,"ASSEMBLY_PLATE-1__PICKEDSET2","ROCK","",  -814.857E-03,      -2.57153,      -2.32779,      -1.05860,  -607.263E-03
F:/Desktop/DeepOnet_Abaqus/StaticElasticJob.odb,Step-1,Increment      1: Step Time =    1.000,"PLATE-1",          2401,             1,   360.111E-03,  -93.9755E-03,            0.,"ASSEMBLY_PLATE-1__PICKEDSET2","ROCK","",  -800.727E-03,      -1.92002,      -1.05624,      -1.66451,  -469.796E-03
F:/Desktop/DeepOnet_Abaqus/StaticElasticJob.odb,Step-1,Increment      1: Step Time =    1.000,"PLATE-1",          2402,             1,   846.007E-03,       1.47937,            0.,"ASSEMBLY_PLATE-1__PICKEDSET2","ROCK","",  -999.308E-03,      -2.31178,      -2.31146,  -999.628E-03,   20.4738E-03
F:/Desktop/DeepOnet_Abaqus/StaticElasticJob.odb,Step-1,Increment      1: Step Time =    1.000,"PLATE-1",          2403,             1,   621.910E-03,  -196.028E-03,            0.,"ASSEMBLY_PLATE-1__PICKEDSET2","ROCK","",      -1.04402,      -2.17907,      -2.14001,      -1.08309,  -206.918E-03
F:/Desktop/DeepOnet_Abaqus/StaticElasticJob.odb,Step-1,Increment      1: Step Time =    1.000,"PLATE-1",          2404,             1,   878.319E-03,  -37.8402E-03,            0.,"ASSEMBLY_PLATE-1__PICKEDSET2","ROCK","",  -975.052E-03,      -1.88469,      -1.80249,      -1.05725,  -260.790E-03
F:/Desktop/DeepOnet_Abaqus/StaticElasticJob.odb,Step-1,Increment      1: Step Time =    1.000,"PLATE-1",          2405,             1,   969.422E-03,  -4.39037E-03,            0.,"ASSEMBLY_PLATE-1__PICKEDSET2","ROCK","",      -1.11145,      -1.87724,      -1.84390,      -1.14478,  -156.261E-03
F:/Desktop/DeepOnet_Abaqus/StaticElasticJob.odb,Step-1,Increment      1: Step Time =    1.000,"PLATE-1",          2406,             1,  -67.5052E-03,      -1.46666,            0.,"ASSEMBLY_PLATE-1__PICKEDSET2","ROCK","",  -994.622E-03,      -2.32307,      -2.32301,  -994.678E-03,   8.63256E-03
F:/Desktop/DeepOnet_Abaqus/StaticElasticJob.odb,Step-1,Increment      1: Step Time =    1.000,"PLATE-1",          2407,             1,   454.708E-03,  -94.8525E-03,            0.,"ASSEMBLY_PLATE-1__PICKEDSET2","ROCK","",      -1.46406,      -1.89087,      -1.86591,      -1.48902,  -100.144E-03
F:/Desktop/DeepOnet_Abaqus/StaticElasticJob.odb,Step-1,Increment      1: Step Time =    1.000,"PLATE-1",          2408,             1,   173.638E-03,  -263.073E-03,            0.,"ASSEMBLY_PLATE-1__PICKEDSET2","ROCK","",  -425.194E-03,      -3.18835,      -3.04936,  -564.185E-03,  -603.933E-03
F:/Desktop/DeepOnet_Abaqus/StaticElasticJob.odb,Step-1,Increment      1: Step Time =    1.000,"PLATE-1",          2409,             1,   87.1186E-03,  -278.968E-03,            0.,"ASSEMBLY_PLATE-1__PICKEDSET2","ROCK","",  -319.326E-03,      -3.19621,      -3.17099,  -344.543E-03,  -268.162E-03
F:/Desktop/DeepOnet_Abaqus/StaticElasticJob.odb,Step-1,Increment      1: Step Time =    1.000,"PLATE-1",          2410,             1,  -97.4510E-03,   279.057E-03,            0.,"ASSEMBLY_PLATE-1__PICKEDSET2","ROCK","",  -641.482E-03,      -3.17417,      -3.11855,  -697.102E-03,  -371.180E-03
F:/Desktop/DeepOnet_Abaqus/StaticElasticJob.odb,Step-1,Increment      1: Step Time =    1.000,"PLATE-1",          2411,             1,  -122.643E-03,   315.513E-03,            0.,"ASSEMBLY_PLATE-1__PICKEDSET2","ROCK","",  -725.547E-03,      -2.90879,      -2.86941,  -764.928E-03,  -290.565E-03
F:/Desktop/DeepOnet_Abaqus/StaticElasticJob.odb,Step-1,Increment      1: Step Time =    1.000,"PLATE-1",          2412,             1,  -175.598E-03,   343.781E-03,            0.,"ASSEMBLY_PLATE-1__PICKEDSET2","ROCK","",  -746.541E-03,      -2.72793,      -2.68614,  -788.334E-03,  -284.712E-03
F:/Desktop/DeepOnet_Abaqus/StaticElasticJob.odb,Step-1,Increment      1: Step Time =    1.000,"PLATE-1",          2413,             1,  -205.034E-03,   229.945E-03,            0.,"ASSEMBLY_PLATE-1__PICKEDSET2","ROCK","",  -486.074E-03,      -2.86377,      -2.61094,  -738.898E-03,  -732.952E-03
F:/Desktop/DeepOnet_Abaqus/StaticElasticJob.odb,Step-1,Increment      1: Step Time =    1.000,"PLATE-1",          2414,             1,  -45.7520E-03,  -365.725E-03,            0.,"ASSEMBLY_PLATE-1__PICKEDSET2","ROCK","",  -558.937E-03,      -2.96454,      -2.95708,  -566.400E-03,   133.780E-03
F:/Desktop/DeepOnet_Abaqus/StaticElasticJob.odb,Step-1,Increment      1: Step Time =    1.000,"PLATE-1",          2415,             1,  -76.8126E-03,  -314.795E-03,            0.,"ASSEMBLY_PLATE-1__PICKEDSET2","ROCK","",  -434.567E-03,      -3.11478,      -3.09335,  -455.998E-03,   238.706E-03
F:/Desktop/DeepOnet_Abaqus/StaticElasticJob.odb,Step-1,Increment      1: Step Time =    1.000,"PLATE-1",          2416,             1,  -250.580E-03,  -180.529E-03,            0.,"ASSEMBLY_PLATE-1__PICKEDSET2","ROCK","",  -725.909E-03,      -4.28303,      -3.58970,      -1.41924,       1.40910
F:/Desktop/DeepOnet_Abaqus/StaticElasticJob.odb,Step-1,Increment      1: Step Time =    1.000,"PLATE-1",          2417,             1,  -253.648E-03,  -210.651E-03,            0.,"ASSEMBLY_PLATE-1__PICKEDSET2","ROCK","",  -799.558E-03,      -3.57111,      -2.86708,      -1.50359,       1.20648
F:/Desktop/DeepOnet_Abaqus/StaticElasticJob.odb,Step-1,Increment      1: Step Time =    1.000,"PLATE-1",          2418,             1,   72.6593E-03,  -263.080E-03,            0.,"ASSEMBLY_PLATE-1__PICKEDSET2","ROCK","",  -247.581E-03,      -3.25431,      -3.23355,  -268.339E-03,  -248.964E-03
F:/Desktop/DeepOnet_Abaqus/StaticElasticJob.odb,Step-1,Increment      1: Step Time =    1.000,"PLATE-1",          2419,             1,   61.1405E-03,  -303.099E-03,            0.,"ASSEMBLY_PLATE-1__PICKEDSET2","ROCK","",  -383.162E-03,      -3.12809,      -3.11949,  -391.768E-03,  -153.455E-03
F:/Desktop/DeepOnet_Abaqus/StaticElasticJob.odb,Step-1,Increment      1: Step Time =    1.000,"PLATE-1",          2420,             1,   121.312E-03,  -339.789E-03,            0.,"ASSEMBLY_PLATE-1__PICKEDSET2","ROCK","",  -543.741E-03,      -2.97671,      -2.94527,  -575.187E-03,  -274.804E-03
F:/Desktop/DeepOnet_Abaqus/StaticElasticJob.odb,Step-1,Increment      1: Step Time =    1.000,"PLATE-1",          2421,             1,       1.33178,      -1.31433,            0.,"ASSEMBLY_PLATE-1__PICKEDSET2","ROCK","",  -980.582E-03,      -2.28972,      -2.28883,  -981.469E-03,  -34.0715E-03
F:/Desktop/DeepOnet_Abaqus/StaticElasticJob.odb,Step-1,Increment      1: Step Time =    1.000,"PLATE-1",          2422,             1,   248.648E-03,   199.762E-03,            0.,"ASSEMBLY_PLATE-1__PICKEDSET2","ROCK","",  -699.934E-03,      -2.44418,      -1.96927,      -1.17485,   776.417E-03
F:/Desktop/DeepOnet_Abaqus/StaticElasticJob.odb,Step-1,Increment      1: Step Time =    1.000,"PLATE-1",          2423,             1,   267.072E-03,   262.225E-03,            0.,"ASSEMBLY_PLATE-1__PICKEDSET2","ROCK","",  -901.393E-03,      -2.21024,      -2.08756,      -1.02407,   381.461E-03
F:/Desktop/DeepOnet_Abaqus/StaticElasticJob.odb,Step-1,Increment      1: Step Time =    1.000,"PLATE-1",          2424,             1,  -237.040E-03,  -231.008E-03,            0.,"ASSEMBLY_PLATE-1__PICKEDSET2","ROCK","",  -668.552E-03,      -3.34640,      -2.94678,      -1.06818,   954.168E-03
F:/Desktop/DeepOnet_Abaqus/StaticElasticJob.odb,Step-1,Increment      1: Step Time =    1.000,"PLATE-1",          2425,             1,  -220.164E-03,  -248.128E-03,            0.,"ASSEMBLY_PLATE-1__PICKEDSET2","ROCK","",  -557.902E-03,      -3.26540,      -2.97836,  -844.945E-03,   833.533E-03
F:/Desktop/DeepOnet_Abaqus/StaticElasticJob.odb,Step-1,Increment      1: Step Time =    1.000,"PLATE-1",          2426,             1,   86.5303E-03,   261.551E-03,            0.,"ASSEMBLY_PLATE-1__PICKEDSET2","ROCK","",  -595.576E-03,      -3.26760,      -3.22440,  -638.784E-03,   337.025E-03
F:/Desktop/DeepOnet_Abaqus/StaticElasticJob.odb,Step-1,Increment      1: Step Time =    1.000,"PLATE-1",          2427,             1,   232.591E-03,  -274.027E-03,            0.,"ASSEMBLY_PLATE-1__PICKEDSET2","ROCK","",  -681.680E-03,      -2.97116,      -2.79201,  -860.822E-03,  -614.857E-03
F:/Desktop/DeepOnet_Abaqus/StaticElasticJob.odb,Step-1,Increment      1: Step Time =    1.000,"PLATE-1",          2428,             1,   217.108E-03,  -296.510E-03,            0.,"ASSEMBLY_PLATE-1__PICKEDSET2","ROCK","",  -652.671E-03,      -2.94751,      -2.81264,  -787.533E-03,  -539.721E-03
F:/Desktop/DeepOnet_Abaqus/StaticElasticJob.odb,Step-1,Increment      1: Step Time =    1.000,"PLATE-1",          2429,             1,      -1.32699,   25.1069E-03,            0.,"ASSEMBLY_PLATE-1__PICKEDSET2","ROCK","",      -1.06314,      -2.16186,      -2.16176,      -1.06324,   10.6037E-03
F:/Desktop/DeepOnet_Abaqus/StaticElasticJob.odb,Step-1,Increment      1: Step Time =    1.000,"PLATE-1",          2430,             1,      -1.42737,   41.2644E-03,            0.,"ASSEMBLY_PLATE-1__PICKEDSET2","ROCK","",      -1.05499,      -2.17689,      -2.17683,      -1.05504,   7.56098E-03
F:/Desktop/DeepOnet_Abaqus/StaticElasticJob.odb,Step-1,Increment      1: Step Time =    1.000,"PLATE-1",          2431,             1,      -1.33728,       1.25622,            0.,"ASSEMBLY_PLATE-1__PICKEDSET2","ROCK","",  -988.742E-03,      -2.27103,      -2.26991,  -989.862E-03,  -37.8875E-03
F:/Desktop/DeepOnet_Abaqus/StaticElasticJob.odb,Step-1,Increment      1: Step Time =    1.000,"PLATE-1",          2432,             1,  -191.680E-03,  -244.308E-03,            0.,"ASSEMBLY_PLATE-1__PICKEDSET2","ROCK","",  -472.242E-03,      -3.28735,      -3.06020,  -699.390E-03,   766.714E-03
F:/Desktop/DeepOnet_Abaqus/StaticElasticJob.odb,Step-1,Increment      1: Step Time =    1.000,"PLATE-1",          2433,             1,  -179.942E-03,  -255.318E-03,            0.,"ASSEMBLY_PLATE-1__PICKEDSET2","ROCK","",  -464.043E-03,      -3.29087,      -3.10613,  -648.789E-03,   698.653E-03
F:/Desktop/DeepOnet_Abaqus/StaticElasticJob.odb,Step-1,Increment      1: Step Time =    1.000,"PLATE-1",          2434,             1,  -166.656E-03,  -233.505E-03,            0.,"ASSEMBLY_PLATE-1__PICKEDSET2","ROCK","",  -255.137E-03,      -3.46330,      -3.29509,  -423.345E-03,   715.083E-03
F:/Desktop/DeepOnet_Abaqus/StaticElasticJob.odb,Step-1,Increment      1: Step Time =    1.000,"PLATE-1",          2435,             1,   118.793E-03,  -271.542E-03,            0.,"ASSEMBLY_PLATE-1__PICKEDSET2","ROCK","",  -331.633E-03,      -3.20095,      -3.14703,  -385.550E-03,  -389.611E-03
F:/Desktop/DeepOnet_Abaqus/StaticElasticJob.odb,Step-1,Increment      1: Step Time =    1.000,"PLATE-1",          2436,             1,   150.172E-03,  -261.849E-03,            0.,"ASSEMBLY_PLATE-1__PICKEDSET2","ROCK","",  -330.644E-03,      -3.24361,      -3.14178,  -432.481E-03,  -535.048E-03
F:/Desktop/DeepOnet_Abaqus/StaticElasticJob.odb,Step-1,Increment      1: Step Time =    1.000,"PLATE-1",          2437,             1,  -250.749E-03,   171.492E-03,            0.,"ASSEMBLY_PLATE-1__PICKEDSET2","ROCK","",  -378.736E-03,      -2.57207,      -2.06171,  -889.097E-03,  -926.782E-03
F:/Desktop/DeepOnet_Abaqus/StaticElasticJob.odb,Step-1,Increment      1: Step Time =    1.000,"PLATE-1",          2438,             1,  -352.901E-03,   122.713E-03,            0.,"ASSEMBLY_PLATE-1__PICKEDSET2","ROCK","",  -577.137E-03,      -2.04525,      -1.50021,      -1.12217,  -709.301E-03
F:/Desktop/DeepOnet_Abaqus/StaticElasticJob.odb,Step-1,Increment      1: Step Time =    1.000,"PLATE-1",          2439,             1,  -356.745E-03,   96.8856E-03,            0.,"ASSEMBLY_PLATE-1__PICKEDSET2","ROCK","",  -572.667E-03,      -1.92995,      -1.28001,      -1.22261,  -678.032E-03
F:/Desktop/DeepOnet_Abaqus/StaticElasticJob.odb,Step-1,Increment      1: Step Time =    1.000,"PLATE-1",          2440,             1,  -385.160E-03,  -28.6542E-03,            0.,"ASSEMBLY_PLATE-1__PICKEDSET2","ROCK","",  -837.048E-03,      -1.61865,  -847.713E-03,      -1.60798,   90.6766E-03
F:/Desktop/DeepOnet_Abaqus/StaticElasticJob.odb,Step-1,Increment      1: Step Time =    1.000,"PLATE-1",          2441,             1,  -372.746E-03,  -1.02040E-03,            0.,"ASSEMBLY_PLATE-1__PICKEDSET2","ROCK","",  -702.525E-03,      -1.59660,  -732.583E-03,      -1.56655,  -161.154E-03
F:/Desktop/DeepOnet_Abaqus/StaticElasticJob.odb,Step-1,Increment      1: Step Time =    1.000,"PLATE-1",          2442,             1,  -117.612E-03,  -247.676E-03,            0.,"ASSEMBLY_PLATE-1__PICKEDSET2","ROCK","",  -237.717E-03,      -3.34030,      -3.27615,  -301.868E-03,   441.496E-03
F:/Desktop/DeepOnet_Abaqus/StaticElasticJob.odb,Step-1,Increment      1: Step Time =    1.000,"PLATE-1",          2443,             1,   119.687E-03,  -303.534E-03,            0.,"ASSEMBLY_PLATE-1__PICKEDSET2","ROCK","",  -435.906E-03,      -3.09311,      -3.05126,  -477.761E-03,  -330.856E-03
F:/Desktop/DeepOnet_Abaqus/StaticElasticJob.odb,Step-1,Increment      1: Step Time =    1.000,"PLATE-1",          2444,             1,  -352.380E-03,  -14.6857E-03,            0.,"ASSEMBLY_PLATE-1__PICKEDSET2","ROCK","",  -648.305E-03,      -1.61027,  -650.206E-03,      -1.60837,  -42.7203E-03
F:/Desktop/DeepOnet_Abaqus/StaticElasticJob.odb,Step-1,Increment      1: Step Time =    1.000,"PLATE-1",          2445,             1,  -334.687E-03,  -21.9473E-03,            0.,"ASSEMBLY_PLATE-1__PICKEDSET2","ROCK","",  -374.136E-03,      -1.58979,  -376.319E-03,      -1.58760,  -51.4686E-03
F:/Desktop/DeepOnet_Abaqus/StaticElasticJob.odb,Step-1,Increment      1: Step Time =    1.000,"PLATE-1",          2446,             1,  -408.243E-03,   16.1395E-03,            0.,"ASSEMBLY_PLATE-1__PICKEDSET2","ROCK","",  -973.197E-03,      -1.56190,      -1.03400,      -1.50110,  -179.153E-03
F:/Desktop/DeepOnet_Abaqus/StaticElasticJob.odb,Step-1,Increment      1: Step Time =    1.000,"PLATE-1",          2447,             1,  -453.903E-03,   36.5438E-03,            0.,"ASSEMBLY_PLATE-1__PICKEDSET2","ROCK","",      -1.17995,      -1.55356,      -1.31706,      -1.41646,  -180.073E-03
F:/Desktop/DeepOnet_Abaqus/StaticElasticJob.odb,Step-1,Increment      1: Step Time =    1.000,"PLATE-1",          2448,             1,  -104.921E-03,  -292.833E-03,            0.,"ASSEMBLY_PLATE-1__PICKEDSET2","ROCK","",  -384.542E-03,      -3.19221,      -3.14378,  -432.970E-03,   365.543E-03
F:/Desktop/DeepOnet_Abaqus/StaticElasticJob.odb,Step-1,Increment      1: Step Time =    1.000,"PLATE-1",          2449,             1,   3.74211E-03,   359.474E-03,            0.,"ASSEMBLY_PLATE-1__PICKEDSET2","ROCK","",  -845.251E-03,      -2.85271,      -2.85140,  -846.557E-03,  -51.1914E-03
F:/Desktop/DeepOnet_Abaqus/StaticElasticJob.odb,Step-1,Increment      1: Step Time =    1.000,"PLATE-1",          2450,             1,   375.771E-03,  -266.185E-03,            0.,"ASSEMBLY_PLATE-1__PICKEDSET2","ROCK","",  -905.057E-03,      -2.53702,      -2.40657,      -1.03550,  -442.568E-03
F:/Desktop/DeepOnet_Abaqus/StaticElasticJob.odb,Step-1,Increment      1: Step Time =    1.000,"PLATE-1",          2451,             1,   3.08167E-03,  -287.810E-03,            0.,"ASSEMBLY_PLATE-1__PICKEDSET2","ROCK","",  -316.148E-03,      -3.19484,      -3.19479,  -316.204E-03,   12.6280E-03
F:/Desktop/DeepOnet_Abaqus/StaticElasticJob.odb,Step-1,Increment      1: Step Time =    1.000,"PLATE-1",          2452,             1,   20.8953E-03,  -287.351E-03,            0.,"ASSEMBLY_PLATE-1__PICKEDSET2","ROCK","",  -321.260E-03,      -3.18408,      -3.18366,  -321.684E-03,  -34.8406E-03
F:/Desktop/DeepOnet_Abaqus/StaticElasticJob.odb,Step-1,Increment      1: Step Time =    1.000,"PLATE-1",          2453,             1,  -146.679E-03,   296.863E-03,            0.,"ASSEMBLY_PLATE-1__PICKEDSET2","ROCK","",  -678.049E-03,      -2.91030,      -2.84325,  -745.099E-03,  -381.018E-03
F:/Desktop/DeepOnet_Abaqus/StaticElasticJob.odb,Step-1,Increment      1: Step Time =    1.000,"PLATE-1",          2454,             1,  -193.706E-03,   259.574E-03,            0.,"ASSEMBLY_PLATE-1__PICKEDSET2","ROCK","",  -569.855E-03,      -2.86013,      -2.70660,  -723.386E-03,  -572.763E-03
F:/Desktop/DeepOnet_Abaqus/StaticElasticJob.odb,Step-1,Increment      1: Step Time =    1.000,"PLATE-1",          2455,             1,  -186.794E-03,   236.072E-03,            0.,"ASSEMBLY_PLATE-1__PICKEDSET2","ROCK","",  -490.504E-03,      -2.96369,      -2.73354,  -720.652E-03,  -718.492E-03
F:/Desktop/DeepOnet_Abaqus/StaticElasticJob.odb,Step-1,Increment      1: Step Time =    1.000,"PLATE-1",          2456,             1,      -1.30387,  -463.234E-03,            0.,"ASSEMBLY_PLATE-1__PICKEDSET2","ROCK","",      -1.02733,      -2.22528,      -2.22213,      -1.03049,   61.3988E-03
F:/Desktop/DeepOnet_Abaqus/StaticElasticJob.odb,Step-1,Increment      1: Step Time =    1.000,"PLATE-1",          2457,             1,  -358.098E-03,  -203.022E-03,            0.,"ASSEMBLY_PLATE-1__PICKEDSET2","ROCK","",  -901.005E-03,      -2.57266,      -2.29521,      -1.17845,   621.946E-03
F:/Desktop/DeepOnet_Abaqus/StaticElasticJob.odb,Step-1,Increment      1: Step Time =    1.000,"PLATE-1",          2458,             1,  -304.859E-03,  -205.124E-03,            0.,"ASSEMBLY_PLATE-1__PICKEDSET2","ROCK","",  -998.392E-03,      -2.92180,      -2.61103,      -1.30916,   707.927E-03
F:/Desktop/DeepOnet_Abaqus/StaticElasticJob.odb,Step-1,Increment      1: Step Time =    1.000,"PLATE-1",          2459,             1,  -340.623E-03,  -233.081E-03,            0.,"ASSEMBLY_PLATE-1__PICKEDSET2","ROCK","",  -946.151E-03,      -2.64017,      -2.43208,      -1.15424,   556.059E-03
F:/Desktop/DeepOnet_Abaqus/StaticElasticJob.odb,Step-1,Increment      1: Step Time =    1.000,"PLATE-1",          2460,             1,   118.000E-03,   379.930E-03,            0.,"ASSEMBLY_PLATE-1__PICKEDSET2","ROCK","",  -882.667E-03,      -2.60461,      -2.60414,  -883.142E-03,   28.6062E-03
F:/Desktop/DeepOnet_Abaqus/StaticElasticJob.odb,Step-1,Increment      1: Step Time =    1.000,"PLATE-1",          2461,             1,   130.754E-03,   324.452E-03,            0.,"ASSEMBLY_PLATE-1__PICKEDSET2","ROCK","",  -828.848E-03,      -2.70649,      -2.69179,  -843.551E-03,   165.499E-03
F:/Desktop/DeepOnet_Abaqus/StaticElasticJob.odb,Step-1,Increment      1: Step Time =    1.000,"PLATE-1",          2462,             1,      -1.38041,   399.229E-03,            0.,"ASSEMBLY_PLATE-1__PICKEDSET2","ROCK","",      -1.03988,      -2.18979,      -2.18858,      -1.04110,  -37.4061E-03
F:/Desktop/DeepOnet_Abaqus/StaticElasticJob.odb,Step-1,Increment      1: Step Time =    1.000,"PLATE-1",          2463,             1,   740.934E-03,  -317.212E-03,            0.,"ASSEMBLY_PLATE-1__PICKEDSET2","ROCK","",  -979.565E-03,      -2.25649,      -2.24174,  -994.312E-03,  -136.431E-03
F:/Desktop/DeepOnet_Abaqus/StaticElasticJob.odb,Step-1,Increment      1: Step Time =    1.000,"PLATE-1",          2464,             1,  -35.8027E-03,   366.984E-03,            0.,"ASSEMBLY_PLATE-1__PICKEDSET2","ROCK","",  -840.159E-03,      -2.82848,      -2.82322,  -845.424E-03,  -102.183E-03
F:/Desktop/DeepOnet_Abaqus/StaticElasticJob.odb,Step-1,Increment      1: Step Time =    1.000,"PLATE-1",          2465,             1,       1.31443,   205.830E-03,            0.,"ASSEMBLY_PLATE-1__PICKEDSET2","ROCK","",      -1.08645,      -2.09733,      -2.09275,      -1.09102,   67.8400E-03
F:/Desktop/DeepOnet_Abaqus/StaticElasticJob.odb,Step-1,Increment      1: Step Time =    1.000,"PLATE-1",          2466,             1,   306.690E-03,  -260.793E-03,            0.,"ASSEMBLY_PLATE-1__PICKEDSET2","ROCK","",  -845.368E-03,      -2.73488,      -2.56644,      -1.01381,  -538.431E-03
F:/Desktop/DeepOnet_Abaqus/StaticElasticJob.odb,Step-1,Increment      1: Step Time =    1.000,"PLATE-1",          2467,             1,  -150.930E-03,  -295.361E-03,            0.,"ASSEMBLY_PLATE-1__PICKEDSET2","ROCK","",  -492.011E-03,      -3.14419,      -3.04790,  -588.301E-03,   496.089E-03
F:/Desktop/DeepOnet_Abaqus/StaticElasticJob.odb,Step-1,Increment      1: Step Time =    1.000,"PLATE-1",          2468,             1,  -246.117E-03,  -326.057E-03,            0.,"ASSEMBLY_PLATE-1__PICKEDSET2","ROCK","",  -851.971E-03,      -2.81571,      -2.68386,  -983.820E-03,   491.459E-03
F:/Desktop/DeepOnet_Abaqus/StaticElasticJob.odb,Step-1,Increment      1: Step Time =    1.000,"PLATE-1",          2469,             1,   32.1376E-03,  -308.220E-03,            0.,"ASSEMBLY_PLATE-1__PICKEDSET2","ROCK","",  -392.930E-03,      -3.12141,      -3.12006,  -394.281E-03,  -60.7010E-03
F:/Desktop/DeepOnet_Abaqus/StaticElasticJob.odb,Step-1,Increment      1: Step Time =    1.000,"PLATE-1",          2470,             1,   34.3228E-03,  -273.988E-03,            0.,"ASSEMBLY_PLATE-1__PICKEDSET2","ROCK","",  -281.653E-03,      -3.22182,      -3.21838,  -285.100E-03,  -100.623E-03
F:/Desktop/DeepOnet_Abaqus/StaticElasticJob.odb,Step-1,Increment      1: Step Time =    1.000,"PLATE-1",          2471,             1,  -60.5895E-03,  -295.567E-03,            0.,"ASSEMBLY_PLATE-1__PICKEDSET2","ROCK","",  -367.093E-03,      -3.17695,      -3.15994,  -384.103E-03,   217.955E-03
F:/Desktop/DeepOnet_Abaqus/StaticElasticJob.odb,Step-1,Increment      1: Step Time =    1.000,"PLATE-1",          2472,             1,  -3.73767E-03,  -314.695E-03,            0.,"ASSEMBLY_PLATE-1__PICKEDSET2","ROCK","",  -411.028E-03,      -3.10712,      -3.10688,  -411.266E-03,   25.3364E-03
F:/Desktop/DeepOnet_Abaqus/StaticElasticJob.odb,Step-1,Increment      1: Step Time =    1.000,"PLATE-1",          2473,             1,  -79.7128E-03,   299.133E-03,            0.,"ASSEMBLY_PLATE-1__PICKEDSET2","ROCK","",  -694.406E-03,      -3.10923,      -3.07973,  -723.911E-03,  -265.288E-03
F:/Desktop/DeepOnet_Abaqus/StaticElasticJob.odb,Step-1,Increment      1: Step Time =    1.000,"PLATE-1",          2474,             1,  -143.811E-03,   358.833E-03,            0.,"ASSEMBLY_PLATE-1__PICKEDSET2","ROCK","",  -783.877E-03,      -2.74907,      -2.72236,  -810.586E-03,  -227.544E-03
F:/Desktop/DeepOnet_Abaqus/StaticElasticJob.odb,Step-1,Increment      1: Step Time =    1.000,"PLATE-1",          2475,             1,      -1.31285,   102.179E-03,            0.,"ASSEMBLY_PLATE-1__PICKEDSET2","ROCK","",      -1.06420,      -2.15771,      -2.15771,      -1.06420,  -1.54642E-03
F:/Desktop/DeepOnet_Abaqus/StaticElasticJob.odb,Step-1,Increment      1: Step Time =    1.000,"PLATE-1",          2476,             1,      -1.11294,      -1.41498,            0.,"ASSEMBLY_PLATE-1__PICKEDSET2","ROCK","",  -995.683E-03,      -2.29492,      -2.29442,  -996.181E-03,   25.4093E-03
F:/Desktop/DeepOnet_Abaqus/StaticElasticJob.odb,Step-1,Increment      1: Step Time =    1.000,"PLATE-1",          2477,             1,   249.350E-03,  -342.437E-03,            0.,"ASSEMBLY_PLATE-1__PICKEDSET2","ROCK","",  -786.553E-03,      -2.74275,      -2.65819,  -871.113E-03,  -397.826E-03
F:/Desktop/DeepOnet_Abaqus/StaticElasticJob.odb,Step-1,Increment      1: Step Time =    1.000,"PLATE-1",          2478,             1,   272.420E-03,  -286.317E-03,            0.,"ASSEMBLY_PLATE-1__PICKEDSET2","ROCK","",  -822.406E-03,      -2.76990,      -2.62600,  -966.303E-03,  -509.443E-03
F:/Desktop/DeepOnet_Abaqus/StaticElasticJob.odb,Step-1,Increment      1: Step Time =    1.000,"PLATE-1",          2479,             1,   98.1014E-03,   280.820E-03,            0.,"ASSEMBLY_PLATE-1__PICKEDSET2","ROCK","",  -698.035E-03,      -3.07290,      -3.03442,  -736.514E-03,   299.834E-03
F:/Desktop/DeepOnet_Abaqus/StaticElasticJob.odb,Step-1,Increment      1: Step Time =    1.000,"PLATE-1",          2480,             1,   260.653E-03,   226.419E-03,            0.,"ASSEMBLY_PLATE-1__PICKEDSET2","ROCK","",  -931.575E-03,      -2.29352,      -2.02698,      -1.19811,   540.340E-03
F:/Desktop/DeepOnet_Abaqus/StaticElasticJob.odb,Step-1,Increment      1: Step Time =    1.000,"PLATE-1",          2481,             1,  -205.805E-03,  -262.818E-03,            0.,"ASSEMBLY_PLATE-1__PICKEDSET2","ROCK","",  -586.823E-03,      -3.19087,      -2.98326,  -794.434E-03,   705.356E-03
F:/Desktop/DeepOnet_Abaqus/StaticElasticJob.odb,Step-1,Increment      1: Step Time =    1.000,"PLATE-1",          2482,             1,  -212.762E-03,  -288.869E-03,            0.,"ASSEMBLY_PLATE-1__PICKEDSET2","ROCK","",  -663.629E-03,      -3.05907,      -2.88281,  -839.885E-03,   625.415E-03
F:/Desktop/DeepOnet_Abaqus/StaticElasticJob.odb,Step-1,Increment      1: Step Time =    1.000,"PLATE-1",          2483,             1,  -177.343E-03,  -288.978E-03,            0.,"ASSEMBLY_PLATE-1__PICKEDSET2","ROCK","",  -559.348E-03,      -3.11945,      -2.98650,  -692.293E-03,   568.048E-03
F:/Desktop/DeepOnet_Abaqus/StaticElasticJob.odb,Step-1,Increment      1: Step Time =    1.000,"PLATE-1",          2484,             1,   160.436E-03,  -277.808E-03,            0.,"ASSEMBLY_PLATE-1__PICKEDSET2","ROCK","",  -444.709E-03,      -3.12866,      -3.03107,  -542.292E-03,  -502.380E-03
F:/Desktop/DeepOnet_Abaqus/StaticElasticJob.odb,Step-1,Increment      1: Step Time =    1.000,"PLATE-1",          2485,             1,   146.512E-03,  -276.288E-03,            0.,"ASSEMBLY_PLATE-1__PICKEDSET2","ROCK","",  -395.684E-03,      -3.15114,      -3.07771,  -469.113E-03,  -443.778E-03
F:/Desktop/DeepOnet_Abaqus/StaticElasticJob.odb,Step-1,Increment      1: Step Time =    1.000,"PLATE-1",          2486,             1,   134.992E-03,  -273.127E-03,            0.,"ASSEMBLY_PLATE-1__PICKEDSET2","ROCK","",  -367.709E-03,      -3.19009,      -3.11484,  -442.963E-03,  -454.679E-03
F:/Desktop/DeepOnet_Abaqus/StaticElasticJob.odb,Step-1,Increment      1: Step Time =    1.000,"PLATE-1",          2487,             1,  -213.979E-03,   257.412E-03,            0.,"ASSEMBLY_PLATE-1__PICKEDSET2","ROCK","",  -563.542E-03,      -2.79972,      -2.63415,  -729.114E-03,  -585.522E-03
F:/Desktop/DeepOnet_Abaqus/StaticElasticJob.odb,Step-1,Increment      1: Step Time =    1.000,"PLATE-1",          2488,             1,  -223.989E-03,   286.010E-03,            0.,"ASSEMBLY_PLATE-1__PICKEDSET2","ROCK","",  -642.293E-03,      -2.69085,      -2.57889,  -754.249E-03,  -465.633E-03
F:/Desktop/DeepOnet_Abaqus/StaticElasticJob.odb,Step-1,Increment      1: Step Time =    1.000,"PLATE-1",          2489,             1,   47.4644E-03,  -288.726E-03,            0.,"ASSEMBLY_PLATE-1__PICKEDSET2","ROCK","",  -325.061E-03,      -3.17873,      -3.17206,  -331.740E-03,  -137.884E-03
F:/Desktop/DeepOnet_Abaqus/StaticElasticJob.odb,Step-1,Increment      1: Step Time =    1.000,"PLATE-1",          2490,             1,   72.3510E-03,  -290.178E-03,            0.,"ASSEMBLY_PLATE-1__PICKEDSET2","ROCK","",  -348.197E-03,      -3.15912,      -3.14354,  -363.778E-03,  -208.700E-03
F:/Desktop/DeepOnet_Abaqus/StaticElasticJob.odb,Step-1,Increment      1: Step Time =    1.000,"PLATE-1",          2491,             1,   51.0895E-03,  -323.250E-03,            0.,"ASSEMBLY_PLATE-1__PICKEDSET2","ROCK","",  -438.602E-03,      -3.07210,      -3.06703,  -443.667E-03,  -115.384E-03
F:/Desktop/DeepOnet_Abaqus/StaticElasticJob.odb,Step-1,Increment      1: Step Time =    1.000,"PLATE-1",          2492,             1,   177.964E-03,  -350.581E-03,            0.,"ASSEMBLY_PLATE-1__PICKEDSET2","ROCK","",  -653.217E-03,      -2.87627,      -2.81904,  -710.448E-03,  -352.070E-03
F:/Desktop/DeepOnet_Abaqus/StaticElasticJob.odb,Step-1,Increment      1: Step Time =    1.000,"PLATE-1",          2493,             1,  -281.651E-03,   229.987E-03,            0.,"ASSEMBLY_PLATE-1__PICKEDSET2","ROCK","",  -549.632E-03,      -2.51394,      -2.25038,  -813.192E-03,  -669.514E-03
F:/Desktop/DeepOnet_Abaqus/StaticElasticJob.odb,Step-1,Increment      1: Step Time =    1.000,"PLATE-1",          2494,             1,   140.442E-03,      -1.17793,            0.,"ASSEMBLY_PLATE-1__PICKEDSET2","ROCK","",  -981.184E-03,      -2.35200,      -2.35200,  -981.186E-03,   1.97959E-03
F:/Desktop/DeepOnet_Abaqus/StaticElasticJob.odb,Step-1,Increment      1: Step Time =    1.000,"PLATE-1",          2495,             1,   740.960E-03,       1.29127,            0.,"ASSEMBLY_PLATE-1__PICKEDSET2","ROCK","",  -996.912E-03,      -2.32763,      -2.32704,  -997.498E-03,   27.9211E-03
F:/Desktop/DeepOnet_Abaqus/StaticElasticJob.odb,Step-1,Increment      1: Step Time =    1.000,"PLATE-1",          2496,             1,   659.580E-03,       1.24609,            0.,"ASSEMBLY_PLATE-1__PICKEDSET2","ROCK","",  -994.327E-03,      -2.33542,      -2.33487,  -994.878E-03,   27.1588E-03
F:/Desktop/DeepOnet_Abaqus/StaticElasticJob.odb,Step-1,Increment      1: Step Time =    1.000,"PLATE-1",          2497,             1,  -140.983E-03,  -272.525E-03,            0.,"ASSEMBLY_PLATE-1__PICKEDSET2","ROCK","",  -394.257E-03,      -3.22928,      -3.13588,  -487.664E-03,   506.048E-03
F:/Desktop/DeepOnet_Abaqus/StaticElasticJob.odb,Step-1,Increment      1: Step Time =    1.000,"PLATE-1",          2498,             1,  -135.717E-03,  -305.946E-03,            0.,"ASSEMBLY_PLATE-1__PICKEDSET2","ROCK","",  -499.179E-03,      -3.09526,      -3.02891,  -565.533E-03,   409.705E-03
F:/Desktop/DeepOnet_Abaqus/StaticElasticJob.odb,Step-1,Increment      1: Step Time =    1.000,"PLATE-1",          2499,             1,  -118.659E-03,  -321.061E-03,            0.,"ASSEMBLY_PLATE-1__PICKEDSET2","ROCK","",  -509.359E-03,      -3.07718,      -3.02397,  -562.572E-03,   365.800E-03
F:/Desktop/DeepOnet_Abaqus/StaticElasticJob.odb,Step-1,Increment      1: Step Time =    1.000,"PLATE-1",          2500,             1,  -155.943E-03,  -270.201E-03,            0.,"ASSEMBLY_PLATE-1__PICKEDSET2","ROCK","",  -424.346E-03,      -3.23515,      -3.11706,  -542.435E-03,   563.898E-03
F:/Desktop/DeepOnet_Abaqus/StaticElasticJob.odb,Step-1,Increment      1: Step Time =    1.000,"PLATE-1",          2501,             1,   72.7673E-03,  -333.837E-03,            0.,"ASSEMBLY_PLATE-1__PICKEDSET2","ROCK","",  -468.983E-03,      -3.04152,      -3.02969,  -480.813E-03,  -174.049E-03
F:/Desktop/DeepOnet_Abaqus/StaticElasticJob.odb,Step-1,Increment      1: Step Time =    1.000,"PLATE-1",          2502,             1,   7.99064E-03,  -379.814E-03,            0.,"ASSEMBLY_PLATE-1__PICKEDSET2","ROCK","",  -568.030E-03,      -2.94081,      -2.94075,  -568.089E-03,   11.8793E-03
F:/Desktop/DeepOnet_Abaqus/StaticElasticJob.odb,Step-1,Increment      1: Step Time =    1.000,"PLATE-1",          2503,             1,  -209.489E-03,   331.605E-03,            0.,"ASSEMBLY_PLATE-1__PICKEDSET2","ROCK","",  -716.000E-03,      -2.68066,      -2.62050,  -776.160E-03,  -338.490E-03
F:/Desktop/DeepOnet_Abaqus/StaticElasticJob.odb,Step-1,Increment      1: Step Time =    1.000,"PLATE-1",          2504,             1,  -242.958E-03,   319.566E-03,            0.,"ASSEMBLY_PLATE-1__PICKEDSET2","ROCK","",  -693.967E-03,      -2.62186,      -2.54045,  -775.369E-03,  -387.695E-03
F:/Desktop/DeepOnet_Abaqus/StaticElasticJob.odb,Step-1,Increment      1: Step Time =    1.000,"PLATE-1",          2505,             1,  -232.819E-03,   252.576E-03,            0.,"ASSEMBLY_PLATE-1__PICKEDSET2","ROCK","",  -562.357E-03,      -2.72305,      -2.53687,  -748.538E-03,  -606.314E-03
F:/Desktop/DeepOnet_Abaqus/StaticElasticJob.odb,Step-1,Increment      1: Step Time =    1.000,"PLATE-1",          2506,             1,  -253.650E-03,   254.505E-03,            0.,"ASSEMBLY_PLATE-1__PICKEDSET2","ROCK","",  -581.389E-03,      -2.63381,      -2.44857,  -766.632E-03,  -588.118E-03
F:/Desktop/DeepOnet_Abaqus/StaticElasticJob.odb,Step-1,Increment      1: Step Time =    1.000,"PLATE-1",          2507,             1,      -1.23091,   102.975E-03,            0.,"ASSEMBLY_PLATE-1__PICKEDSET2","ROCK","",      -1.07102,      -2.14378,      -2.14376,      -1.07104,  -4.69357E-03
F:/Desktop/DeepOnet_Abaqus/StaticElasticJob.odb,Step-1,Increment      1: Step Time =    1.000,"PLATE-1",          2508,             1,  -382.196E-03,   113.458E-03,            0.,"ASSEMBLY_PLATE-1__PICKEDSET2","ROCK","",  -719.520E-03,      -1.94120,      -1.45906,      -1.20167,  -597.131E-03
F:/Desktop/DeepOnet_Abaqus/StaticElasticJob.odb,Step-1,Increment      1: Step Time =    1.000,"PLATE-1",          2509,             1,  -371.430E-03,   156.838E-03,            0.,"ASSEMBLY_PLATE-1__PICKEDSET2","ROCK","",  -666.467E-03,      -2.09553,      -1.69368,      -1.06831,  -642.482E-03
F:/Desktop/DeepOnet_Abaqus/StaticElasticJob.odb,Step-1,Increment      1: Step Time =    1.000,"PLATE-1",          2510,             1,  -440.443E-03,   175.803E-03,            0.,"ASSEMBLY_PLATE-1__PICKEDSET2","ROCK","",  -852.982E-03,      -2.02770,      -1.77490,      -1.10579,  -482.771E-03
F:/Desktop/DeepOnet_Abaqus/StaticElasticJob.odb,Step-1,Increment      1: Step Time =    1.000,"PLATE-1",          2511,             1,  -404.627E-03,   195.188E-03,            0.,"ASSEMBLY_PLATE-1__PICKEDSET2","ROCK","",  -761.511E-03,      -2.14205,      -1.88386,      -1.01970,  -538.310E-03
F:/Desktop/DeepOnet_Abaqus/StaticElasticJob.odb,Step-1,Increment      1: Step Time =    1.000,"PLATE-1",          2512,             1,  -370.589E-03,   73.0651E-03,            0.,"ASSEMBLY_PLATE-1__PICKEDSET2","ROCK","",  -664.173E-03,      -1.80984,      -1.14368,      -1.33034,  -565.181E-03
F:/Desktop/DeepOnet_Abaqus/StaticElasticJob.odb,Step-1,Increment      1: Step Time =    1.000,"PLATE-1",          2513,             1,  -425.844E-03,   67.0745E-03,            0.,"ASSEMBLY_PLATE-1__PICKEDSET2","ROCK","",  -967.472E-03,      -1.69995,      -1.30359,      -1.36384,  -365.000E-03
F:/Desktop/DeepOnet_Abaqus/StaticElasticJob.odb,Step-1,Increment      1: Step Time =    1.000,"PLATE-1",          2514,             1,  -479.549E-03,  -2.07339E-03,            0.,"ASSEMBLY_PLATE-1__PICKEDSET2","ROCK","",      -1.38154,      -1.43602,      -1.38429,      -1.43326,   11.9365E-03
F:/Desktop/DeepOnet_Abaqus/StaticElasticJob.odb,Step-1,Increment      1: Step Time =    1.000,"PLATE-1",          2515,             1,  -428.106E-03,  -16.2533E-03,            0.,"ASSEMBLY_PLATE-1__PICKEDSET2","ROCK","",      -1.09671,      -1.55213,      -1.10648,      -1.54237,   65.9754E-03
F:/Desktop/DeepOnet_Abaqus/StaticElasticJob.odb,Step-1,Increment      1: Step Time =    1.000,"PLATE-1",          2516,             1,   114.965E-03,   297.723E-03,            0.,"ASSEMBLY_PLATE-1__PICKEDSET2","ROCK","",  -757.938E-03,      -2.94999,      -2.90758,  -800.350E-03,   301.943E-03
F:/Desktop/DeepOnet_Abaqus/StaticElasticJob.odb,Step-1,Increment      1: Step Time =    1.000,"PLATE-1",          2517,             1,  -63.1541E-03,   313.534E-03,            0.,"ASSEMBLY_PLATE-1__PICKEDSET2","ROCK","",  -740.788E-03,      -3.04816,      -3.03470,  -754.253E-03,  -175.745E-03
F:/Desktop/DeepOnet_Abaqus/StaticElasticJob.odb,Step-1,Increment      1: Step Time =    1.000,"PLATE-1",          2518,             1,  -45.5047E-03,   329.769E-03,            0.,"ASSEMBLY_PLATE-1__PICKEDSET2","ROCK","",  -788.491E-03,      -2.95430,      -2.94681,  -795.982E-03,  -127.157E-03
F:/Desktop/DeepOnet_Abaqus/StaticElasticJob.odb,Step-1,Increment      1: Step Time =    1.000,"PLATE-1",          2519,             1,  -71.5039E-03,   337.707E-03,            0.,"ASSEMBLY_PLATE-1__PICKEDSET2","ROCK","",  -795.173E-03,      -2.89909,      -2.88649,  -807.772E-03,  -162.320E-03
F:/Desktop/DeepOnet_Abaqus/StaticElasticJob.odb,Step-1,Increment      1: Step Time =    1.000,"PLATE-1",          2520,             1,  -97.5368E-03,   330.016E-03,            0.,"ASSEMBLY_PLATE-1__PICKEDSET2","ROCK","",  -766.722E-03,      -2.90934,      -2.88621,  -789.854E-03,  -221.422E-03
F:/Desktop/DeepOnet_Abaqus/StaticElasticJob.odb,Step-1,Increment      1: Step Time =    1.000,"PLATE-1",          2521,             1,  -73.6865E-03,   372.777E-03,            0.,"ASSEMBLY_PLATE-1__PICKEDSET2","ROCK","",  -836.860E-03,      -2.78518,      -2.77423,  -847.810E-03,  -145.653E-03
F:/Desktop/DeepOnet_Abaqus/StaticElasticJob.odb,Step-1,Increment      1: Step Time =    1.000,"PLATE-1",          2522,             1,   77.1794E-03,  -308.895E-03,            0.,"ASSEMBLY_PLATE-1__PICKEDSET2","ROCK","",  -411.712E-03,      -3.10246,      -3.08790,  -426.266E-03,  -197.360E-03
F:/Desktop/DeepOnet_Abaqus/StaticElasticJob.odb,Step-1,Increment      1: Step Time =    1.000,"PLATE-1",          2523,             1,   96.1629E-03,  -339.282E-03,            0.,"ASSEMBLY_PLATE-1__PICKEDSET2","ROCK","",  -508.950E-03,      -3.00798,      -2.98838,  -528.554E-03,  -220.471E-03
F:/Desktop/DeepOnet_Abaqus/StaticElasticJob.odb,Step-1,Increment      1: Step Time =    1.000,"PLATE-1",          2524,             1,   6.41396E-03,   414.286E-03,            0.,"ASSEMBLY_PLATE-1__PICKEDSET2","ROCK","",  -892.702E-03,      -2.67998,      -2.67761,  -895.074E-03,  -65.0730E-03
F:/Desktop/DeepOnet_Abaqus/StaticElasticJob.odb,Step-1,Increment      1: Step Time =    1.000,"PLATE-1",          2525,             1,  -77.3673E-03,   416.761E-03,            0.,"ASSEMBLY_PLATE-1__PICKEDSET2","ROCK","",  -870.219E-03,      -2.68330,      -2.67625,  -877.266E-03,  -112.807E-03
F:/Desktop/DeepOnet_Abaqus/StaticElasticJob.odb,Step-1,Increment      1: Step Time =    1.000,"PLATE-1",          2526,             1,      -1.02246,      -1.03780,            0.,"ASSEMBLY_PLATE-1__PICKEDSET2","ROCK","",  -992.376E-03,      -2.29965,      -2.29806,  -993.972E-03,   45.6535E-03
F:/Desktop/DeepOnet_Abaqus/StaticElasticJob.odb,Step-1,Increment      1: Step Time =    1.000,"PLATE-1",          2527,             1,   329.145E-03,  -310.826E-03,            0.,"ASSEMBLY_PLATE-1__PICKEDSET2","ROCK","",  -871.756E-03,      -2.60658,      -2.50353,  -974.804E-03,  -410.063E-03
F:/Desktop/DeepOnet_Abaqus/StaticElasticJob.odb,Step-1,Increment      1: Step Time =    1.000,"PLATE-1",          2528,             1,   556.097E-03,  -335.030E-03,            0.,"ASSEMBLY_PLATE-1__PICKEDSET2","ROCK","",  -965.329E-03,      -2.37462,      -2.33612,      -1.00383,  -229.729E-03
F:/Desktop/DeepOnet_Abaqus/StaticElasticJob.odb,Step-1,Increment      1: Step Time =    1.000,"PLATE-1",          2529,             1,   286.554E-03,  -310.413E-03,            0.,"ASSEMBLY_PLATE-1__PICKEDSET2","ROCK","",  -835.472E-03,      -2.68724,      -2.57966,  -943.054E-03,  -433.177E-03
F:/Desktop/DeepOnet_Abaqus/StaticElasticJob.odb,Step-1,Increment      1: Step Time =    1.000,"PLATE-1",          2530,             1,   298.156E-03,  -289.329E-03,            0.,"ASSEMBLY_PLATE-1__PICKEDSET2","ROCK","",  -842.537E-03,      -2.70587,      -2.57450,  -973.911E-03,  -477.006E-03
F:/Desktop/DeepOnet_Abaqus/StaticElasticJob.odb,Step-1,Increment      1: Step Time =    1.000,"PLATE-1",          2531,             1,   306.492E-03,  -333.356E-03,            0.,"ASSEMBLY_PLATE-1__PICKEDSET2","ROCK","",  -869.263E-03,      -2.62835,      -2.54503,  -952.576E-03,  -373.649E-03
F:/Desktop/DeepOnet_Abaqus/StaticElasticJob.odb,Step-1,Increment      1: Step Time =    1.000,"PLATE-1",          2532,             1,  -433.478E-03,  -153.119E-03,            0.,"ASSEMBLY_PLATE-1__PICKEDSET2","ROCK","",  -934.927E-03,      -2.22530,      -1.90534,      -1.25489,   557.226E-03
F:/Desktop/DeepOnet_Abaqus/StaticElasticJob.odb,Step-1,Increment      1: Step Time =    1.000,"PLATE-1",          2533,             1,  -385.279E-03,  -225.687E-03,            0.,"ASSEMBLY_PLATE-1__PICKEDSET2","ROCK","",  -931.625E-03,      -2.50508,      -2.30857,      -1.12814,   520.184E-03
F:/Desktop/DeepOnet_Abaqus/StaticElasticJob.odb,Step-1,Increment      1: Step Time =    1.000,"PLATE-1",          2534,             1,  -405.484E-03,  -204.542E-03,            0.,"ASSEMBLY_PLATE-1__PICKEDSET2","ROCK","",  -893.616E-03,      -2.44439,      -2.19937,      -1.13864,   565.633E-03
F:/Desktop/DeepOnet_Abaqus/StaticElasticJob.odb,Step-1,Increment      1: Step Time =    1.000,"PLATE-1",          2535,             1,  -373.233E-03,  -251.086E-03,            0.,"ASSEMBLY_PLATE-1__PICKEDSET2","ROCK","",  -941.435E-03,      -2.54697,      -2.38490,      -1.10351,   483.677E-03
F:/Desktop/DeepOnet_Abaqus/StaticElasticJob.odb,Step-1,Increment      1: Step Time =    1.000,"PLATE-1",          2536,             1,  -492.993E-03,  -112.380E-03,            0.,"ASSEMBLY_PLATE-1__PICKEDSET2","ROCK","",      -1.09023,      -1.92067,      -1.68982,      -1.32109,   372.046E-03
F:/Desktop/DeepOnet_Abaqus/StaticElasticJob.odb,Step-1,Increment      1: Step Time =    1.000,"PLATE-1",          2537,             1,  -413.574E-03,  -124.775E-03,            0.,"ASSEMBLY_PLATE-1__PICKEDSET2","ROCK","",  -871.067E-03,      -2.14542,      -1.64426,      -1.37223,   622.492E-03
F:/Desktop/DeepOnet_Abaqus/StaticElasticJob.odb,Step-1,Increment      1: Step Time =    1.000,"PLATE-1",          2538,             1,       1.13496,   712.981E-03,            0.,"ASSEMBLY_PLATE-1__PICKEDSET2","ROCK","",  -988.790E-03,      -2.31473,      -2.30968,  -993.830E-03,   81.5986E-03
F:/Desktop/DeepOnet_Abaqus/StaticElasticJob.odb,Step-1,Increment      1: Step Time =    1.000,"PLATE-1",          2539,             1,  -438.250E-03,  -49.2186E-03,            0.,"ASSEMBLY_PLATE-1__PICKEDSET2","ROCK","",      -1.12170,      -1.65273,      -1.26425,      -1.51018,   235.321E-03
F:/Desktop/DeepOnet_Abaqus/StaticElasticJob.odb,Step-1,Increment      1: Step Time =    1.000,"PLATE-1",          2540,             1,   233.173E-03,  -318.676E-03,            0.,"ASSEMBLY_PLATE-1__PICKEDSET2","ROCK","",  -745.340E-03,      -2.82478,      -2.71550,  -854.615E-03,  -463.993E-03
F:/Desktop/DeepOnet_Abaqus/StaticElasticJob.odb,Step-1,Increment      1: Step Time =    1.000,"PLATE-1",          2541,             1,   268.570E-03,  -325.998E-03,            0.,"ASSEMBLY_PLATE-1__PICKEDSET2","ROCK","",  -819.847E-03,      -2.71846,      -2.62345,  -914.856E-03,  -413.954E-03
F:/Desktop/DeepOnet_Abaqus/StaticElasticJob.odb,Step-1,Increment      1: Step Time =    1.000,"PLATE-1",          2542,             1,  -119.165E-03,   414.046E-03,            0.,"ASSEMBLY_PLATE-1__PICKEDSET2","ROCK","",  -851.336E-03,      -2.65968,      -2.64788,  -863.135E-03,  -145.595E-03
F:/Desktop/DeepOnet_Abaqus/StaticElasticJob.odb,Step-1,Increment      1: Step Time =    1.000,"PLATE-1",          2543,             1,  -180.040E-03,  -320.051E-03,            0.,"ASSEMBLY_PLATE-1__PICKEDSET2","ROCK","",  -631.296E-03,      -3.00518,      -2.89892,  -737.560E-03,   490.883E-03
F:/Desktop/DeepOnet_Abaqus/StaticElasticJob.odb,Step-1,Increment      1: Step Time =    1.000,"PLATE-1",          2544,             1,   181.950E-03,   323.936E-03,            0.,"ASSEMBLY_PLATE-1__PICKEDSET2","ROCK","",  -856.726E-03,      -2.54896,      -2.53107,  -874.615E-03,   173.067E-03
F:/Desktop/DeepOnet_Abaqus/StaticElasticJob.odb,Step-1,Increment      1: Step Time =    1.000,"PLATE-1",          2545,             1,   250.889E-03,   306.490E-03,            0.,"ASSEMBLY_PLATE-1__PICKEDSET2","ROCK","",  -910.955E-03,      -2.27630,      -2.25128,  -935.967E-03,   183.098E-03
F:/Desktop/DeepOnet_Abaqus/StaticElasticJob.odb,Step-1,Increment      1: Step Time =    1.000,"PLATE-1",          2546,             1,       1.03966,  -147.411E-03,            0.,"ASSEMBLY_PLATE-1__PICKEDSET2","ROCK","",      -1.02984,      -2.06983,      -2.04299,      -1.05669,  -164.925E-03
F:/Desktop/DeepOnet_Abaqus/StaticElasticJob.odb,Step-1,Increment      1: Step Time =    1.000,"PLATE-1",          2547,             1,  -412.059E-03,  -295.675E-03,            0.,"ASSEMBLY_PLATE-1__PICKEDSET2","ROCK","",  -958.260E-03,      -2.45007,      -2.35026,      -1.05807,   372.743E-03
F:/Desktop/DeepOnet_Abaqus/StaticElasticJob.odb,Step-1,Increment      1: Step Time =    1.000,"PLATE-1",          2548,             1,   287.142E-03,  -351.884E-03,            0.,"ASSEMBLY_PLATE-1__PICKEDSET2","ROCK","",  -838.930E-03,      -2.65131,      -2.58211,  -908.136E-03,  -347.330E-03
F:/Desktop/DeepOnet_Abaqus/StaticElasticJob.odb,Step-1,Increment      1: Step Time =    1.000,"PLATE-1",          2549,             1,       1.25464,       1.09235,            0.,"ASSEMBLY_PLATE-1__PICKEDSET2","ROCK","",  -994.890E-03,      -2.30755,      -2.30634,  -996.102E-03,   39.8695E-03
F:/Desktop/DeepOnet_Abaqus/StaticElasticJob.odb,Step-1,Increment      1: Step Time =    1.000,"PLATE-1",          2550,             1,       1.30466,       1.05315,            0.,"ASSEMBLY_PLATE-1__PICKEDSET2","ROCK","",  -994.414E-03,      -2.30420,      -2.30279,  -995.831E-03,   43.0602E-03
F:/Desktop/DeepOnet_Abaqus/StaticElasticJob.odb,Step-1,Increment      1: Step Time =    1.000,"PLATE-1",          2551,             1,       1.20625,       1.04023,            0.,"ASSEMBLY_PLATE-1__PICKEDSET2","ROCK","",  -994.135E-03,      -2.31268,      -2.31126,  -995.554E-03,   43.2300E-03
F:/Desktop/DeepOnet_Abaqus/StaticElasticJob.odb,Step-1,Increment      1: Step Time =    1.000,"PLATE-1",          2552,             1,  -416.519E-03,   234.996E-03,            0.,"ASSEMBLY_PLATE-1__PICKEDSET2","ROCK","",  -787.707E-03,      -2.20660,      -2.02469,  -969.618E-03,  -474.363E-03
F:/Desktop/DeepOnet_Abaqus/StaticElasticJob.odb,Step-1,Increment      1: Step Time =    1.000,"PLATE-1",          2553,             1,  -434.820E-03,  -238.504E-03,            0.,"ASSEMBLY_PLATE-1__PICKEDSET2","ROCK","",  -939.899E-03,      -2.37870,      -2.22237,      -1.09623,   447.760E-03
F:/Desktop/DeepOnet_Abaqus/StaticElasticJob.odb,Step-1,Increment      1: Step Time =    1.000,"PLATE-1",          2554,             1,   387.336E-03,  -400.098E-03,            0.,"ASSEMBLY_PLATE-1__PICKEDSET2","ROCK","",  -914.739E-03,      -2.49005,      -2.44584,  -958.947E-03,  -260.168E-03
F:/Desktop/DeepOnet_Abaqus/StaticElasticJob.odb,Step-1,Increment      1: Step Time =    1.000,"PLATE-1",          2555,             1,  -417.769E-03,  -354.519E-03,            0.,"ASSEMBLY_PLATE-1__PICKEDSET2","ROCK","",  -962.061E-03,      -2.45533,      -2.39417,      -1.02322,   295.940E-03
F:/Desktop/DeepOnet_Abaqus/StaticElasticJob.odb,Step-1,Increment      1: Step Time =    1.000,"PLATE-1",          2556,             1,  -365.383E-03,  -340.806E-03,            0.,"ASSEMBLY_PLATE-1__PICKEDSET2","ROCK","",  -968.247E-03,      -2.52210,      -2.44567,      -1.04468,   336.047E-03
F:/Desktop/DeepOnet_Abaqus/StaticElasticJob.odb,Step-1,Increment      1: Step Time =    1.000,"PLATE-1",          2557,             1,  -41.9383E-03,  -312.920E-03,            0.,"ASSEMBLY_PLATE-1__PICKEDSET2","ROCK","",  -404.279E-03,      -3.12790,      -3.11880,  -413.380E-03,   157.176E-03
F:/Desktop/DeepOnet_Abaqus/StaticElasticJob.odb,Step-1,Increment      1: Step Time =    1.000,"PLATE-1",          2558,             1,  -77.5497E-03,  -296.061E-03,            0.,"ASSEMBLY_PLATE-1__PICKEDSET2","ROCK","",  -372.352E-03,      -3.18275,      -3.15803,  -397.079E-03,   262.455E-03
F:/Desktop/DeepOnet_Abaqus/StaticElasticJob.odb,Step-1,Increment      1: Step Time =    1.000,"PLATE-1",          2559,             1,  -90.3317E-03,  -308.870E-03,            0.,"ASSEMBLY_PLATE-1__PICKEDSET2","ROCK","",  -416.464E-03,      -3.14306,      -3.11268,  -446.843E-03,   286.197E-03
F:/Desktop/DeepOnet_Abaqus/StaticElasticJob.odb,Step-1,Increment      1: Step Time =    1.000,"PLATE-1",          2560,             1,  -97.8173E-03,  -332.438E-03,            0.,"ASSEMBLY_PLATE-1__PICKEDSET2","ROCK","",  -510.649E-03,      -3.04888,      -3.01513,  -544.406E-03,   290.767E-03
F:/Desktop/DeepOnet_Abaqus/StaticElasticJob.odb,Step-1,Increment      1: Step Time =    1.000,"PLATE-1",          2561,             1,   48.3281E-03,  -371.783E-03,            0.,"ASSEMBLY_PLATE-1__PICKEDSET2","ROCK","",  -562.510E-03,      -2.94309,      -2.94102,  -564.572E-03,  -70.0451E-03
F:/Desktop/DeepOnet_Abaqus/StaticElasticJob.odb,Step-1,Increment      1: Step Time =    1.000,"PLATE-1",          2562,             1,   61.0633E-03,  -354.051E-03,            0.,"ASSEMBLY_PLATE-1__PICKEDSET2","ROCK","",  -514.208E-03,      -2.99701,      -2.99086,  -520.365E-03,  -123.489E-03
F:/Desktop/DeepOnet_Abaqus/StaticElasticJob.odb,Step-1,Increment      1: Step Time =    1.000,"PLATE-1",          2563,             1,   148.278E-03,  -342.430E-03,            0.,"ASSEMBLY_PLATE-1__PICKEDSET2","ROCK","",  -592.658E-03,      -2.93301,      -2.88661,  -639.058E-03,  -326.253E-03
F:/Desktop/DeepOnet_Abaqus/StaticElasticJob.odb,Step-1,Increment      1: Step Time =    1.000,"PLATE-1",          2564,             1,   120.004E-03,  -372.343E-03,            0.,"ASSEMBLY_PLATE-1__PICKEDSET2","ROCK","",  -609.350E-03,      -2.90147,      -2.87836,  -632.458E-03,  -228.984E-03
F:/Desktop/DeepOnet_Abaqus/StaticElasticJob.odb,Step-1,Increment      1: Step Time =    1.000,"PLATE-1",          2565,             1,       1.26835,  -356.073E-03,            0.,"ASSEMBLY_PLATE-1__PICKEDSET2","ROCK","",      -1.01710,      -2.18233,      -2.17410,      -1.02534,  -97.6079E-03
F:/Desktop/DeepOnet_Abaqus/StaticElasticJob.odb,Step-1,Increment      1: Step Time =    1.000,"PLATE-1",          2566,             1,  -318.353E-03,   271.970E-03,            0.,"ASSEMBLY_PLATE-1__PICKEDSET2","ROCK","",  -663.172E-03,      -2.45298,      -2.29588,  -820.278E-03,  -506.467E-03
F:/Desktop/DeepOnet_Abaqus/StaticElasticJob.odb,Step-1,Increment      1: Step Time =    1.000,"PLATE-1",          2567,             1,  -357.765E-03,   275.860E-03,            0.,"ASSEMBLY_PLATE-1__PICKEDSET2","ROCK","",  -707.483E-03,      -2.37492,      -2.22450,  -857.905E-03,  -477.693E-03
F:/Desktop/DeepOnet_Abaqus/StaticElasticJob.odb,Step-1,Increment      1: Step Time =    1.000,"PLATE-1",          2568,             1,  -394.824E-03,   268.298E-03,            0.,"ASSEMBLY_PLATE-1__PICKEDSET2","ROCK","",  -760.839E-03,      -2.28012,      -2.12393,  -917.028E-03,  -461.410E-03
F:/Desktop/DeepOnet_Abaqus/StaticElasticJob.odb,Step-1,Increment      1: Step Time =    1.000,"PLATE-1",          2569,             1,  -453.039E-03,  -179.108E-03,            0.,"ASSEMBLY_PLATE-1__PICKEDSET2","ROCK","",  -948.398E-03,      -2.23721,      -1.99444,      -1.19117,   503.935E-03
F:/Desktop/DeepOnet_Abaqus/StaticElasticJob.odb,Step-1,Increment      1: Step Time =    1.000,"PLATE-1",          2570,             1,  -473.871E-03,  -219.036E-03,            0.,"ASSEMBLY_PLATE-1__PICKEDSET2","ROCK","",  -970.927E-03,      -2.27437,      -2.12284,      -1.12245,   417.784E-03
F:/Desktop/DeepOnet_Abaqus/StaticElasticJob.odb,Step-1,Increment      1: Step Time =    1.000,"PLATE-1",          2571,             1,  -153.969E-03,  -317.933E-03,            0.,"ASSEMBLY_PLATE-1__PICKEDSET2","ROCK","",  -577.628E-03,      -3.03754,      -2.95496,  -660.209E-03,   443.083E-03
F:/Desktop/DeepOnet_Abaqus/StaticElasticJob.odb,Step-1,Increment      1: Step Time =    1.000,"PLATE-1",          2572,             1,       1.17074,  -433.740E-03,            0.,"ASSEMBLY_PLATE-1__PICKEDSET2","ROCK","",  -990.920E-03,      -2.21304,      -2.20315,      -1.00081,  -109.498E-03
F:/Desktop/DeepOnet_Abaqus/StaticElasticJob.odb,Step-1,Increment      1: Step Time =    1.000,"PLATE-1",          2573,             1,  -935.321E-03,      -1.02448,            0.,"ASSEMBLY_PLATE-1__PICKEDSET2","ROCK","",  -990.669E-03,      -2.30604,      -2.30437,  -992.345E-03,   46.9185E-03
F:/Desktop/DeepOnet_Abaqus/StaticElasticJob.odb,Step-1,Increment      1: Step Time =    1.000,"PLATE-1",          2574,             1,      -1.02185,  -950.428E-03,            0.,"ASSEMBLY_PLATE-1__PICKEDSET2","ROCK","",  -992.782E-03,      -2.29688,      -2.29477,  -994.889E-03,   52.3708E-03
F:/Desktop/DeepOnet_Abaqus/StaticElasticJob.odb,Step-1,Increment      1: Step Time =    1.000,"PLATE-1",          2575,             1,  -357.141E-03,   306.064E-03,            0.,"ASSEMBLY_PLATE-1__PICKEDSET2","ROCK","",  -721.434E-03,      -2.39798,      -2.27299,  -846.429E-03,  -440.382E-03
F:/Desktop/DeepOnet_Abaqus/StaticElasticJob.odb,Step-1,Increment      1: Step Time =    1.000,"PLATE-1",          2576,             1,  -433.223E-03,   118.612E-03,            0.,"ASSEMBLY_PLATE-1__PICKEDSET2","ROCK","",  -905.528E-03,      -1.86648,      -1.54319,      -1.22882,  -454.037E-03
F:/Desktop/DeepOnet_Abaqus/StaticElasticJob.odb,Step-1,Increment      1: Step Time =    1.000,"PLATE-1",          2577,             1,  -457.900E-03,   92.8966E-03,            0.,"ASSEMBLY_PLATE-1__PICKEDSET2","ROCK","",      -1.03271,      -1.74547,      -1.47866,      -1.29952,  -344.944E-03
F:/Desktop/DeepOnet_Abaqus/StaticElasticJob.odb,Step-1,Increment      1: Step Time =    1.000,"PLATE-1",          2578,             1,  -529.380E-03,   51.6364E-03,            0.,"ASSEMBLY_PLATE-1__PICKEDSET2","ROCK","",      -1.28130,      -1.60607,      -1.54800,      -1.33937,  -124.449E-03
F:/Desktop/DeepOnet_Abaqus/StaticElasticJob.odb,Step-1,Increment      1: Step Time =    1.000,"PLATE-1",          2579,             1,  -530.567E-03,  -56.5642E-03,            0.,"ASSEMBLY_PLATE-1__PICKEDSET2","ROCK","",      -1.25614,      -1.70875,      -1.61906,      -1.34583,   180.420E-03
F:/Desktop/DeepOnet_Abaqus/StaticElasticJob.odb,Step-1,Increment      1: Step Time =    1.000,"PLATE-1",          2580,             1,  -269.433E-03,   298.022E-03,            0.,"ASSEMBLY_PLATE-1__PICKEDSET2","ROCK","",  -667.423E-03,      -2.57392,      -2.46281,  -778.530E-03,  -446.631E-03
F:/Desktop/DeepOnet_Abaqus/StaticElasticJob.odb,Step-1,Increment      1: Step Time =    1.000,"PLATE-1",          2581,             1,  -282.386E-03,   265.817E-03,            0.,"ASSEMBLY_PLATE-1__PICKEDSET2","ROCK","",  -623.240E-03,      -2.53672,      -2.37229,  -787.662E-03,  -536.268E-03
F:/Desktop/DeepOnet_Abaqus/StaticElasticJob.odb,Step-1,Increment      1: Step Time =    1.000,"PLATE-1",          2582,             1,   342.260E-03,  -451.949E-03,            0.,"ASSEMBLY_PLATE-1__PICKEDSET2","ROCK","",  -905.590E-03,      -2.51292,      -2.48225,  -936.260E-03,  -219.899E-03
F:/Desktop/DeepOnet_Abaqus/StaticElasticJob.odb,Step-1,Increment      1: Step Time =    1.000,"PLATE-1",          2583,             1,   97.4209E-03,   557.130E-03,            0.,"ASSEMBLY_PLATE-1__PICKEDSET2","ROCK","",  -904.829E-03,      -2.50013,      -2.49608,  -908.876E-03,  -80.2545E-03
F:/Desktop/DeepOnet_Abaqus/StaticElasticJob.odb,Step-1,Increment      1: Step Time =    1.000,"PLATE-1",          2584,             1,   172.520E-03,  -392.415E-03,            0.,"ASSEMBLY_PLATE-1__PICKEDSET2","ROCK","",  -710.262E-03,      -2.79104,      -2.75580,  -745.502E-03,  -268.485E-03
F:/Desktop/DeepOnet_Abaqus/StaticElasticJob.odb,Step-1,Increment      1: Step Time =    1.000,"PLATE-1",          2585,             1,   730.302E-03,  -467.536E-03,            0.,"ASSEMBLY_PLATE-1__PICKEDSET2","ROCK","",  -932.960E-03,      -2.31864,      -2.30395,  -947.649E-03,  -141.909E-03
F:/Desktop/DeepOnet_Abaqus/StaticElasticJob.odb,Step-1,Increment      1: Step Time =    1.000,"PLATE-1",          2586,             1,  -833.082E-03,       1.19415,            0.,"ASSEMBLY_PLATE-1__PICKEDSET2","ROCK","",  -966.245E-03,      -2.30022,      -2.29880,  -967.662E-03,  -43.4597E-03
F:/Desktop/DeepOnet_Abaqus/StaticElasticJob.odb,Step-1,Increment      1: Step Time =    1.000,"PLATE-1",          2587,             1,       1.10228,  -121.510E-03,            0.,"ASSEMBLY_PLATE-1__PICKEDSET2","ROCK","",      -1.06834,      -2.05364,      -2.03799,      -1.08399,  -123.203E-03
F:/Desktop/DeepOnet_Abaqus/StaticElasticJob.odb,Step-1,Increment      1: Step Time =    1.000,"PLATE-1",          2588,             1,  -319.217E-03,  -321.321E-03,            0.,"ASSEMBLY_PLATE-1__PICKEDSET2","ROCK","",  -965.734E-03,      -2.62745,      -2.51930,      -1.07388,   409.896E-03
F:/Desktop/DeepOnet_Abaqus/StaticElasticJob.odb,Step-1,Increment      1: Step Time =    1.000,"PLATE-1",          2589,             1,  -259.187E-03,  -369.325E-03,            0.,"ASSEMBLY_PLATE-1__PICKEDSET2","ROCK","",  -886.255E-03,      -2.68555,      -2.60193,  -969.875E-03,   378.768E-03
F:/Desktop/DeepOnet_Abaqus/StaticElasticJob.odb,Step-1,Increment      1: Step Time =    1.000,"PLATE-1",          2590,             1,   28.5457E-03,  -351.215E-03,            0.,"ASSEMBLY_PLATE-1__PICKEDSET2","ROCK","",  -497.055E-03,      -3.01512,      -3.01421,  -497.966E-03,  -47.8666E-03
F:/Desktop/DeepOnet_Abaqus/StaticElasticJob.odb,Step-1,Increment      1: Step Time =    1.000,"PLATE-1",          2591,             1,  -466.325E-03,   146.481E-03,            0.,"ASSEMBLY_PLATE-1__PICKEDSET2","ROCK","",  -954.125E-03,      -1.90710,      -1.67878,      -1.18244,  -406.754E-03
F:/Desktop/DeepOnet_Abaqus/StaticElasticJob.odb,Step-1,Increment      1: Step Time =    1.000,"PLATE-1",          2592,             1,  -77.0852E-03,  -336.924E-03,            0.,"ASSEMBLY_PLATE-1__PICKEDSET2","ROCK","",  -506.816E-03,      -3.03692,      -3.01810,  -525.636E-03,   217.397E-03
F:/Desktop/DeepOnet_Abaqus/StaticElasticJob.odb,Step-1,Increment      1: Step Time =    1.000,"PLATE-1",          2593,             1,  -171.550E-03,  -351.966E-03,            0.,"ASSEMBLY_PLATE-1__PICKEDSET2","ROCK","",  -683.358E-03,      -2.91671,      -2.83691,  -763.158E-03,   414.552E-03
F:/Desktop/DeepOnet_Abaqus/StaticElasticJob.odb,Step-1,Increment      1: Step Time =    1.000,"PLATE-1",          2594,             1,   239.747E-03,  -367.661E-03,            0.,"ASSEMBLY_PLATE-1__PICKEDSET2","ROCK","",  -782.788E-03,      -2.73443,      -2.67119,  -846.022E-03,  -345.559E-03
F:/Desktop/DeepOnet_Abaqus/StaticElasticJob.odb,Step-1,Increment      1: Step Time =    1.000,"PLATE-1",          2595,             1,  -244.675E-03,   274.773E-03,            0.,"ASSEMBLY_PLATE-1__PICKEDSET2","ROCK","",  -619.714E-03,      -2.65086,      -2.51322,  -757.351E-03,  -510.506E-03
F:/Desktop/DeepOnet_Abaqus/StaticElasticJob.odb,Step-1,Increment      1: Step Time =    1.000,"PLATE-1",          2596,             1,  -368.565E-03,       1.07942,            0.,"ASSEMBLY_PLATE-1__PICKEDSET2","ROCK","",  -952.191E-03,      -2.34397,      -2.34327,  -952.894E-03,  -31.2705E-03
F:/Desktop/DeepOnet_Abaqus/StaticElasticJob.odb,Step-1,Increment      1: Step Time =    1.000,"PLATE-1",          2597,             1,  -485.220E-03,   118.666E-03,            0.,"ASSEMBLY_PLATE-1__PICKEDSET2","ROCK","",      -1.05617,      -1.81287,      -1.62634,      -1.24270,  -326.120E-03
F:/Desktop/DeepOnet_Abaqus/StaticElasticJob.odb,Step-1,Increment      1: Step Time =    1.000,"PLATE-1",          2598,             1,  -403.701E-03,  -253.006E-03,            0.,"ASSEMBLY_PLATE-1__PICKEDSET2","ROCK","",  -937.197E-03,      -2.47541,      -2.33177,      -1.08084,   447.575E-03
F:/Desktop/DeepOnet_Abaqus/StaticElasticJob.odb,Step-1,Increment      1: Step Time =    1.000,"PLATE-1",          2599,             1,  -75.8066E-03,  -367.674E-03,            0.,"ASSEMBLY_PLATE-1__PICKEDSET2","ROCK","",  -582.319E-03,      -2.95383,      -2.93533,  -600.821E-03,   208.652E-03
F:/Desktop/DeepOnet_Abaqus/StaticElasticJob.odb,Step-1,Increment      1: Step Time =    1.000,"PLATE-1",          2600,             1,  -30.4678E-03,  -464.581E-03,            0.,"ASSEMBLY_PLATE-1__PICKEDSET2","ROCK","",  -731.441E-03,      -2.75878,      -2.75579,  -734.425E-03,   77.7221E-03
F:/Desktop/DeepOnet_Abaqus/StaticElasticJob.odb,Step-1,Increment      1: Step Time =    1.000,"PLATE-1",          2601,             1,       1.11417,  -316.105E-03,            0.,"ASSEMBLY_PLATE-1__PICKEDSET2","ROCK","",      -1.00025,      -2.17302,      -2.15767,      -1.01560,  -133.261E-03
F:/Desktop/DeepOnet_Abaqus/StaticElasticJob.odb,Step-1,Increment      1: Step Time =    1.000,"PLATE-1",          2602,             1,   266.180E-03,  -367.415E-03,            0.,"ASSEMBLY_PLATE-1__PICKEDSET2","ROCK","",  -830.432E-03,      -2.67139,      -2.61008,  -891.747E-03,  -330.332E-03
F:/Desktop/DeepOnet_Abaqus/StaticElasticJob.odb,Step-1,Increment      1: Step Time =    1.000,"PLATE-1",          2603,             1,  -34.0834E-03,   464.261E-03,            0.,"ASSEMBLY_PLATE-1__PICKEDSET2","ROCK","",  -906.251E-03,      -2.60549,      -2.60104,  -910.701E-03,  -86.8431E-03
F:/Desktop/DeepOnet_Abaqus/StaticElasticJob.odb,Step-1,Increment      1: Step Time =    1.000,"PLATE-1",          2604,             1,  -832.894E-03,       1.13176,            0.,"ASSEMBLY_PLATE-1__PICKEDSET2","ROCK","",  -964.822E-03,      -2.29867,      -2.29686,  -966.630E-03,  -49.0806E-03
F:/Desktop/DeepOnet_Abaqus/StaticElasticJob.odb,Step-1,Increment      1: Step Time =    1.000,"PLATE-1",          2605,             1,   760.363E-03,       1.07014,            0.,"ASSEMBLY_PLATE-1__PICKEDSET2","ROCK","",  -996.792E-03,      -2.34523,      -2.34403,  -997.993E-03,   40.2233E-03
F:/Desktop/DeepOnet_Abaqus/StaticElasticJob.odb,Step-1,Increment      1: Step Time =    1.000,"PLATE-1",          2606,             1,  -326.056E-03,   307.258E-03,            0.,"ASSEMBLY_PLATE-1__PICKEDSET2","ROCK","",  -699.542E-03,      -2.46203,      -2.34725,  -814.325E-03,  -434.891E-03
F:/Desktop/DeepOnet_Abaqus/StaticElasticJob.odb,Step-1,Increment      1: Step Time =    1.000,"PLATE-1",          2607,             1,  -43.7519E-03,  -408.186E-03,            0.,"ASSEMBLY_PLATE-1__PICKEDSET2","ROCK","",  -637.944E-03,      -2.87353,      -2.86791,  -643.573E-03,   112.041E-03
F:/Desktop/DeepOnet_Abaqus/StaticElasticJob.odb,Step-1,Increment      1: Step Time =    1.000,"PLATE-1",          2608,             1,   29.2952E-03,  -445.689E-03,            0.,"ASSEMBLY_PLATE-1__PICKEDSET2","ROCK","",  -693.624E-03,      -2.79384,      -2.79365,  -693.811E-03,  -19.7746E-03
F:/Desktop/DeepOnet_Abaqus/StaticElasticJob.odb,Step-1,Increment      1: Step Time =    1.000,"PLATE-1",          2609,             1,   208.741E-03,  -403.310E-03,            0.,"ASSEMBLY_PLATE-1__PICKEDSET2","ROCK","",  -772.488E-03,      -2.72049,      -2.68135,  -811.622E-03,  -273.317E-03
F:/Desktop/DeepOnet_Abaqus/StaticElasticJob.odb,Step-1,Increment      1: Step Time =    1.000,"PLATE-1",          2610,             1,   202.019E-03,  -442.792E-03,            0.,"ASSEMBLY_PLATE-1__PICKEDSET2","ROCK","",  -797.160E-03,      -2.67351,      -2.64758,  -823.094E-03,  -219.064E-03
F:/Desktop/DeepOnet_Abaqus/StaticElasticJob.odb,Step-1,Increment      1: Step Time =    1.000,"PLATE-1",          2611,             1,   70.5074E-03,  -376.262E-03,            0.,"ASSEMBLY_PLATE-1__PICKEDSET2","ROCK","",  -577.069E-03,      -2.92877,      -2.92195,  -583.883E-03,  -126.401E-03
F:/Desktop/DeepOnet_Abaqus/StaticElasticJob.odb,Step-1,Increment      1: Step Time =    1.000,"PLATE-1",          2612,             1,   70.9068E-03,  -505.494E-03,            0.,"ASSEMBLY_PLATE-1__PICKEDSET2","ROCK","",  -773.812E-03,      -2.69270,      -2.69125,  -775.261E-03,  -52.7110E-03
F:/Desktop/DeepOnet_Abaqus/StaticElasticJob.odb,Step-1,Increment      1: Step Time =    1.000,"PLATE-1",          2613,             1,      -1.00814,   101.156E-03,            0.,"ASSEMBLY_PLATE-1__PICKEDSET2","ROCK","",      -1.10295,      -2.08037,      -2.08013,      -1.10320,  -15.3988E-03
F:/Desktop/DeepOnet_Abaqus/StaticElasticJob.odb,Step-1,Increment      1: Step Time =    1.000,"PLATE-1",          2614,             1,  -116.556E-03,   455.866E-03,            0.,"ASSEMBLY_PLATE-1__PICKEDSET2","ROCK","",  -875.480E-03,      -2.60642,      -2.59911,  -882.792E-03,  -112.260E-03
F:/Desktop/DeepOnet_Abaqus/StaticElasticJob.odb,Step-1,Increment      1: Step Time =    1.000,"PLATE-1",          2615,             1,  -183.064E-03,   499.456E-03,            0.,"ASSEMBLY_PLATE-1__PICKEDSET2","ROCK","",  -872.579E-03,      -2.52181,      -2.51283,  -881.565E-03,  -121.406E-03
F:/Desktop/DeepOnet_Abaqus/StaticElasticJob.odb,Step-1,Increment      1: Step Time =    1.000,"PLATE-1",          2616,             1,  -306.940E-03,   407.922E-03,            0.,"ASSEMBLY_PLATE-1__PICKEDSET2","ROCK","",  -788.102E-03,      -2.48077,      -2.43954,  -829.332E-03,  -260.939E-03
F:/Desktop/DeepOnet_Abaqus/StaticElasticJob.odb,Step-1,Increment      1: Step Time =    1.000,"PLATE-1",          2617,             1,  -305.390E-03,   485.692E-03,            0.,"ASSEMBLY_PLATE-1__PICKEDSET2","ROCK","",  -840.095E-03,      -2.46028,      -2.44125,  -859.123E-03,  -174.545E-03
F:/Desktop/DeepOnet_Abaqus/StaticElasticJob.odb,Step-1,Increment      1: Step Time =    1.000,"PLATE-1",          2618,             1,  -349.861E-03,   385.799E-03,            0.,"ASSEMBLY_PLATE-1__PICKEDSET2","ROCK","",  -778.446E-03,      -2.43523,      -2.37619,  -837.485E-03,  -307.131E-03
F:/Desktop/DeepOnet_Abaqus/StaticElasticJob.odb,Step-1,Increment      1: Step Time =    1.000,"PLATE-1",          2619,             1,  -103.352E-03,  -361.651E-03,            0.,"ASSEMBLY_PLATE-1__PICKEDSET2","ROCK","",  -593.991E-03,      -2.95708,      -2.92633,  -624.746E-03,   267.825E-03
F:/Desktop/DeepOnet_Abaqus/StaticElasticJob.odb,Step-1,Increment      1: Step Time =    1.000,"PLATE-1",          2620,             1,  -137.150E-03,  -378.524E-03,            0.,"ASSEMBLY_PLATE-1__PICKEDSET2","ROCK","",  -683.804E-03,      -2.87659,      -2.82904,  -731.361E-03,   319.408E-03
F:/Desktop/DeepOnet_Abaqus/StaticElasticJob.odb,Step-1,Increment      1: Step Time =    1.000,"PLATE-1",          2621,             1,   316.530E-03,  -368.338E-03,            0.,"ASSEMBLY_PLATE-1__PICKEDSET2","ROCK","",  -873.171E-03,      -2.59335,      -2.53316,  -933.360E-03,  -316.091E-03
F:/Desktop/DeepOnet_Abaqus/StaticElasticJob.odb,Step-1,Increment      1: Step Time =    1.000,"PLATE-1",          2622,             1,  -509.900E-03,   169.365E-03,            0.,"ASSEMBLY_PLATE-1__PICKEDSET2","ROCK","",      -1.00460,      -1.94488,      -1.79419,      -1.15530,  -344.940E-03
F:/Desktop/DeepOnet_Abaqus/StaticElasticJob.odb,Step-1,Increment      1: Step Time =    1.000,"PLATE-1",          2623,             1,  -562.950E-03,   172.912E-03,            0.,"ASSEMBLY_PLATE-1__PICKEDSET2","ROCK","",      -1.05662,      -1.94086,      -1.84343,      -1.15406,  -276.878E-03
F:/Desktop/DeepOnet_Abaqus/StaticElasticJob.odb,Step-1,Increment      1: Step Time =    1.000,"PLATE-1",          2624,             1,  -378.638E-03,   328.707E-03,            0.,"ASSEMBLY_PLATE-1__PICKEDSET2","ROCK","",  -753.662E-03,      -2.38807,      -2.28951,  -852.219E-03,  -389.063E-03
F:/Desktop/DeepOnet_Abaqus/StaticElasticJob.odb,Step-1,Increment      1: Step Time =    1.000,"PLATE-1",          2625,             1,  -201.555E-03,  -367.290E-03,            0.,"ASSEMBLY_PLATE-1__PICKEDSET2","ROCK","",  -780.824E-03,      -2.81088,      -2.73195,  -859.762E-03,   392.450E-03
F:/Desktop/DeepOnet_Abaqus/StaticElasticJob.odb,Step-1,Increment      1: Step Time =    1.000,"PLATE-1",          2626,             1,  -181.261E-03,  -395.073E-03,            0.,"ASSEMBLY_PLATE-1__PICKEDSET2","ROCK","",  -764.703E-03,      -2.79206,      -2.73737,  -819.396E-03,   328.470E-03
F:/Desktop/DeepOnet_Abaqus/StaticElasticJob.odb,Step-1,Increment      1: Step Time =    1.000,"PLATE-1",          2627,             1,   607.732E-03,  -390.885E-03,            0.,"ASSEMBLY_PLATE-1__PICKEDSET2","ROCK","",  -959.318E-03,      -2.36356,      -2.34282,  -980.059E-03,  -169.397E-03
F:/Desktop/DeepOnet_Abaqus/StaticElasticJob.odb,Step-1,Increment      1: Step Time =    1.000,"PLATE-1",          2628,             1,   721.678E-03,   948.658E-03,            0.,"ASSEMBLY_PLATE-1__PICKEDSET2","ROCK","",  -997.113E-03,      -2.36454,      -2.36229,  -999.363E-03,   55.4230E-03
F:/Desktop/DeepOnet_Abaqus/StaticElasticJob.odb,Step-1,Increment      1: Step Time =    1.000,"PLATE-1",          2629,             1,       1.28070,      -1.14499,            0.,"ASSEMBLY_PLATE-1__PICKEDSET2","ROCK","",  -977.000E-03,      -2.28985,      -2.28846,  -978.393E-03,  -42.7430E-03
F:/Desktop/DeepOnet_Abaqus/StaticElasticJob.odb,Step-1,Increment      1: Step Time =    1.000,"PLATE-1",          2630,             1,  -518.143E-03,  -324.566E-03,            0.,"ASSEMBLY_PLATE-1__PICKEDSET2","ROCK","",  -976.410E-03,      -2.33287,      -2.27394,      -1.03534,   276.522E-03
F:/Desktop/DeepOnet_Abaqus/StaticElasticJob.odb,Step-1,Increment      1: Step Time =    1.000,"PLATE-1",          2631,             1,   244.726E-03,  -404.523E-03,            0.,"ASSEMBLY_PLATE-1__PICKEDSET2","ROCK","",  -811.991E-03,      -2.67308,      -2.62624,  -858.833E-03,  -291.517E-03
F:/Desktop/DeepOnet_Abaqus/StaticElasticJob.odb,Step-1,Increment      1: Step Time =    1.000,"PLATE-1",          2632,             1,  -94.1025E-03,   530.036E-03,            0.,"ASSEMBLY_PLATE-1__PICKEDSET2","ROCK","",  -910.156E-03,      -2.52548,      -2.52080,  -914.836E-03,  -86.8156E-03
F:/Desktop/DeepOnet_Abaqus/StaticElasticJob.odb,Step-1,Increment      1: Step Time =    1.000,"PLATE-1",          2633,             1,  -128.877E-03,   537.656E-03,            0.,"ASSEMBLY_PLATE-1__PICKEDSET2","ROCK","",  -904.577E-03,      -2.50546,      -2.50042,  -909.612E-03,  -89.6392E-03
F:/Desktop/DeepOnet_Abaqus/StaticElasticJob.odb,Step-1,Increment      1: Step Time =    1.000,"PLATE-1",          2634,             1,  -161.033E-03,   530.379E-03,            0.,"ASSEMBLY_PLATE-1__PICKEDSET2","ROCK","",  -889.579E-03,      -2.50525,      -2.49881,  -896.024E-03,  -101.836E-03
F:/Desktop/DeepOnet_Abaqus/StaticElasticJob.odb,Step-1,Increment      1: Step Time =    1.000,"PLATE-1",          2635,             1,  -347.784E-03,   330.065E-03,            0.,"ASSEMBLY_PLATE-1__PICKEDSET2","ROCK","",  -739.627E-03,      -2.44628,      -2.35923,  -826.680E-03,  -375.489E-03
F:/Desktop/DeepOnet_Abaqus/StaticElasticJob.odb,Step-1,Increment      1: Step Time =    1.000,"PLATE-1",          2636,             1,  -52.3177E-03,  -442.929E-03,            0.,"ASSEMBLY_PLATE-1__PICKEDSET2","ROCK","",  -694.284E-03,      -2.80918,      -2.80393,  -699.536E-03,   105.262E-03
F:/Desktop/DeepOnet_Abaqus/StaticElasticJob.odb,Step-1,Increment      1: Step Time =    1.000,"PLATE-1",          2637,             1,  -555.077E-03,   128.293E-03,            0.,"ASSEMBLY_PLATE-1__PICKEDSET2","ROCK","",      -1.12634,      -1.83417,      -1.74111,      -1.21940,  -239.189E-03
F:/Desktop/DeepOnet_Abaqus/StaticElasticJob.odb,Step-1,Increment      1: Step Time =    1.000,"PLATE-1",          2638,             1,   570.561E-03,  -438.395E-03,            0.,"ASSEMBLY_PLATE-1__PICKEDSET2","ROCK","",  -934.333E-03,      -2.41922,      -2.39654,  -957.019E-03,  -182.130E-03
F:/Desktop/DeepOnet_Abaqus/StaticElasticJob.odb,Step-1,Increment      1: Step Time =    1.000,"PLATE-1",          2639,             1,  -338.139E-03,       1.02180,            0.,"ASSEMBLY_PLATE-1__PICKEDSET2","ROCK","",  -947.834E-03,      -2.35155,      -2.35066,  -948.733E-03,  -35.5074E-03
F:/Desktop/DeepOnet_Abaqus/StaticElasticJob.odb,Step-1,Increment      1: Step Time =    1.000,"PLATE-1",          2640,             1,   904.028E-03,   987.040E-03,            0.,"ASSEMBLY_PLATE-1__PICKEDSET2","ROCK","",  -999.049E-03,      -2.33774,      -2.33617,      -1.00062,   45.8187E-03
F:/Desktop/DeepOnet_Abaqus/StaticElasticJob.odb,Step-1,Increment      1: Step Time =    1.000,"PLATE-1",          2641,             1,   802.578E-03,   967.098E-03,            0.,"ASSEMBLY_PLATE-1__PICKEDSET2","ROCK","",      -1.00129,      -2.34858,      -2.34640,      -1.00347,   54.2055E-03
F:/Desktop/DeepOnet_Abaqus/StaticElasticJob.odb,Step-1,Increment      1: Step Time =    1.000,"PLATE-1",          2642,             1,  -572.771E-03,  -188.260E-03,            0.,"ASSEMBLY_PLATE-1__PICKEDSET2","ROCK","",      -1.05865,      -2.10015,      -2.00402,      -1.15478,   301.456E-03
F:/Desktop/DeepOnet_Abaqus/StaticElasticJob.odb,Step-1,Increment      1: Step Time =    1.000,"PLATE-1",          2643,             1,  -591.451E-03,  -238.103E-03,            0.,"ASSEMBLY_PLATE-1__PICKEDSET2","ROCK","",      -1.02840,      -2.18195,      -2.10897,      -1.10138,   280.830E-03
F:/Desktop/DeepOnet_Abaqus/StaticElasticJob.odb,Step-1,Increment      1: Step Time =    1.000,"PLATE-1",          2644,             1,  -565.372E-03,  -307.268E-03,            0.,"ASSEMBLY_PLATE-1__PICKEDSET2","ROCK","",  -991.558E-03,      -2.27928,      -2.22091,      -1.04993,   267.878E-03
F:/Desktop/DeepOnet_Abaqus/StaticElasticJob.odb,Step-1,Increment      1: Step Time =    1.000,"PLATE-1",          2645,             1,  -319.914E-03,  -443.100E-03,            0.,"ASSEMBLY_PLATE-1__PICKEDSET2","ROCK","",  -943.257E-03,      -2.52899,      -2.48875,  -983.499E-03,   249.387E-03
F:/Desktop/DeepOnet_Abaqus/StaticElasticJob.odb,Step-1,Increment      1: Step Time =    1.000,"PLATE-1",          2646,             1,  -286.524E-03,  -480.733E-03,            0.,"ASSEMBLY_PLATE-1__PICKEDSET2","ROCK","",  -925.068E-03,      -2.54599,      -2.51769,  -953.376E-03,   212.330E-03
F:/Desktop/DeepOnet_Abaqus/StaticElasticJob.odb,Step-1,Increment      1: Step Time =    1.000,"PLATE-1",          2647,             1,   97.7829E-03,  -407.671E-03,            0.,"ASSEMBLY_PLATE-1__PICKEDSET2","ROCK","",  -667.340E-03,      -2.82725,      -2.81747,  -677.114E-03,  -144.970E-03
F:/Desktop/DeepOnet_Abaqus/StaticElasticJob.odb,Step-1,Increment      1: Step Time =    1.000,"PLATE-1",          2648,             1,  -972.983E-03,  -208.519E-03,            0.,"ASSEMBLY_PLATE-1__PICKEDSET2","ROCK","",      -1.07526,      -2.13525,      -2.12735,      -1.08316,   91.1491E-03
F:/Desktop/DeepOnet_Abaqus/StaticElasticJob.odb,Step-1,Increment      1: Step Time =    1.000,"PLATE-1",          2649,             1,   197.625E-03,  -479.084E-03,            0.,"ASSEMBLY_PLATE-1__PICKEDSET2","ROCK","",  -819.060E-03,      -2.63663,      -2.62149,  -834.200E-03,  -165.196E-03
F:/Desktop/DeepOnet_Abaqus/StaticElasticJob.odb,Step-1,Increment      1: Step Time =    1.000,"PLATE-1",          2650,             1,   229.721E-03,  -468.920E-03,            0.,"ASSEMBLY_PLATE-1__PICKEDSET2","ROCK","",  -836.326E-03,      -2.61793,      -2.59545,  -858.805E-03,  -198.855E-03
F:/Desktop/DeepOnet_Abaqus/StaticElasticJob.odb,Step-1,Increment      1: Step Time =    1.000,"PLATE-1",          2651,             1,  -434.511E-03,   354.749E-03,            0.,"ASSEMBLY_PLATE-1__PICKEDSET2","ROCK","",  -821.084E-03,      -2.31612,      -2.23849,  -898.719E-03,  -331.723E-03
F:/Desktop/DeepOnet_Abaqus/StaticElasticJob.odb,Step-1,Increment      1: Step Time =    1.000,"PLATE-1",          2652,             1,  -478.807E-03,   393.733E-03,            0.,"ASSEMBLY_PLATE-1__PICKEDSET2","ROCK","",  -856.855E-03,      -2.30245,      -2.24462,  -914.685E-03,  -283.291E-03
F:/Desktop/DeepOnet_Abaqus/StaticElasticJob.odb,Step-1,Increment      1: Step Time =    1.000,"PLATE-1",          2653,             1,  -325.806E-03,  -568.492E-03,            0.,"ASSEMBLY_PLATE-1__PICKEDSET2","ROCK","",  -949.697E-03,      -2.47368,      -2.45866,  -964.716E-03,   150.546E-03
F:/Desktop/DeepOnet_Abaqus/StaticElasticJob.odb,Step-1,Increment      1: Step Time =    1.000,"PLATE-1",          2654,             1,  -594.793E-03,   115.370E-03,            0.,"ASSEMBLY_PLATE-1__PICKEDSET2","ROCK","",      -1.16546,      -1.82870,      -1.77416,      -1.22000,  -182.208E-03
F:/Desktop/DeepOnet_Abaqus/StaticElasticJob.odb,Step-1,Increment      1: Step Time =    1.000,"PLATE-1",          2655,             1,  -657.165E-03,   121.582E-03,            0.,"ASSEMBLY_PLATE-1__PICKEDSET2","ROCK","",      -1.17090,      -1.88381,      -1.86167,      -1.19304,  -123.666E-03
F:/Desktop/DeepOnet_Abaqus/StaticElasticJob.odb,Step-1,Increment      1: Step Time =    1.000,"PLATE-1",          2656,             1,  -79.9587E-03,  -441.935E-03,            0.,"ASSEMBLY_PLATE-1__PICKEDSET2","ROCK","",  -719.196E-03,      -2.78566,      -2.77544,  -729.415E-03,   144.957E-03
F:/Desktop/DeepOnet_Abaqus/StaticElasticJob.odb,Step-1,Increment      1: Step Time =    1.000,"PLATE-1",          2657,             1,  -60.8973E-03,  -468.632E-03,            0.,"ASSEMBLY_PLATE-1__PICKEDSET2","ROCK","",  -753.224E-03,      -2.73791,      -2.73203,  -759.099E-03,   107.824E-03
F:/Desktop/DeepOnet_Abaqus/StaticElasticJob.odb,Step-1,Increment      1: Step Time =    1.000,"PLATE-1",          2658,             1,  -49.6471E-03,  -537.564E-03,            0.,"ASSEMBLY_PLATE-1__PICKEDSET2","ROCK","",  -813.290E-03,      -2.65318,      -2.65019,  -816.282E-03,   74.1311E-03
F:/Desktop/DeepOnet_Abaqus/StaticElasticJob.odb,Step-1,Increment      1: Step Time =    1.000,"PLATE-1",          2659,             1,  -112.028E-03,  -459.103E-03,            0.,"ASSEMBLY_PLATE-1__PICKEDSET2","ROCK","",  -764.942E-03,      -2.73884,      -2.72253,  -781.248E-03,   178.661E-03
F:/Desktop/DeepOnet_Abaqus/StaticElasticJob.odb,Step-1,Increment      1: Step Time =    1.000,"PLATE-1",          2660,             1,   290.075E-03,  -603.848E-03,            0.,"ASSEMBLY_PLATE-1__PICKEDSET2","ROCK","",  -907.780E-03,      -2.49069,      -2.48302,  -915.444E-03,  -109.876E-03
F:/Desktop/DeepOnet_Abaqus/StaticElasticJob.odb,Step-1,Increment      1: Step Time =    1.000,"PLATE-1",          2661,             1,  -173.377E-03,   573.847E-03,            0.,"ASSEMBLY_PLATE-1__PICKEDSET2","ROCK","",  -898.560E-03,      -2.47681,      -2.47124,  -904.136E-03,  -93.6489E-03
F:/Desktop/DeepOnet_Abaqus/StaticElasticJob.odb,Step-1,Increment      1: Step Time =    1.000,"PLATE-1",          2662,             1,  -17.1485E-03,  -585.033E-03,            0.,"ASSEMBLY_PLATE-1__PICKEDSET2","ROCK","",  -847.925E-03,      -2.59757,      -2.59698,  -848.510E-03,   31.9727E-03
F:/Desktop/DeepOnet_Abaqus/StaticElasticJob.odb,Step-1,Increment      1: Step Time =    1.000,"PLATE-1",          2663,             1,  -79.8446E-03,  -404.794E-03,            0.,"ASSEMBLY_PLATE-1__PICKEDSET2","ROCK","",  -658.780E-03,      -2.86376,      -2.84799,  -674.548E-03,   185.794E-03
F:/Desktop/DeepOnet_Abaqus/StaticElasticJob.odb,Step-1,Increment      1: Step Time =    1.000,"PLATE-1",          2664,             1,  -68.2100E-03,   603.255E-03,            0.,"ASSEMBLY_PLATE-1__PICKEDSET2","ROCK","",  -920.538E-03,      -2.49479,      -2.49198,  -923.344E-03,  -66.4085E-03
F:/Desktop/DeepOnet_Abaqus/StaticElasticJob.odb,Step-1,Increment      1: Step Time =    1.000,"PLATE-1",          2665,             1,  -130.937E-03,  -422.033E-03,            0.,"ASSEMBLY_PLATE-1__PICKEDSET2","ROCK","",  -741.807E-03,      -2.78255,      -2.75553,  -768.828E-03,   233.265E-03
F:/Desktop/DeepOnet_Abaqus/StaticElasticJob.odb,Step-1,Increment      1: Step Time =    1.000,"PLATE-1",          2666,             1,  -129.752E-03,   579.457E-03,            0.,"ASSEMBLY_PLATE-1__PICKEDSET2","ROCK","",  -912.862E-03,      -2.48191,      -2.47766,  -917.117E-03,  -81.5948E-03
F:/Desktop/DeepOnet_Abaqus/StaticElasticJob.odb,Step-1,Increment      1: Step Time =    1.000,"PLATE-1",          2667,             1,  -450.683E-03,   420.699E-03,            0.,"ASSEMBLY_PLATE-1__PICKEDSET2","ROCK","",  -845.420E-03,      -2.34097,      -2.29341,  -892.987E-03,  -262.443E-03
F:/Desktop/DeepOnet_Abaqus/StaticElasticJob.odb,Step-1,Increment      1: Step Time =    1.000,"PLATE-1",          2668,             1,   914.258E-03,  -786.649E-03,            0.,"ASSEMBLY_PLATE-1__PICKEDSET2","ROCK","",  -958.572E-03,      -2.30813,      -2.30424,  -962.459E-03,  -72.3250E-03
F:/Desktop/DeepOnet_Abaqus/StaticElasticJob.odb,Step-1,Increment      1: Step Time =    1.000,"PLATE-1",          2669,             1,   892.357E-03,  -828.569E-03,            0.,"ASSEMBLY_PLATE-1__PICKEDSET2","ROCK","",  -956.830E-03,      -2.31592,      -2.31262,  -960.129E-03,  -66.8799E-03
F:/Desktop/DeepOnet_Abaqus/StaticElasticJob.odb,Step-1,Increment      1: Step Time =    1.000,"PLATE-1",          2670,             1,  -815.243E-03,  -194.908E-03,            0.,"ASSEMBLY_PLATE-1__PICKEDSET2","ROCK","",      -1.08666,      -2.10772,      -2.08960,      -1.10477,   134.787E-03
F:/Desktop/DeepOnet_Abaqus/StaticElasticJob.odb,Step-1,Increment      1: Step Time =    1.000,"PLATE-1",          2671,             1,   160.555E-03,  -520.892E-03,            0.,"ASSEMBLY_PLATE-1__PICKEDSET2","ROCK","",  -826.155E-03,      -2.62310,      -2.61591,  -833.353E-03,  -113.504E-03
F:/Desktop/DeepOnet_Abaqus/StaticElasticJob.odb,Step-1,Increment      1: Step Time =    1.000,"PLATE-1",          2672,             1,  -426.013E-03,  -578.376E-03,            0.,"ASSEMBLY_PLATE-1__PICKEDSET2","ROCK","",  -967.753E-03,      -2.41965,      -2.40565,  -981.754E-03,   141.888E-03
F:/Desktop/DeepOnet_Abaqus/StaticElasticJob.odb,Step-1,Increment      1: Step Time =    1.000,"PLATE-1",          2673,             1,  -473.041E-03,  -590.671E-03,            0.,"ASSEMBLY_PLATE-1__PICKEDSET2","ROCK","",  -970.268E-03,      -2.40112,      -2.38835,  -983.031E-03,   134.534E-03
F:/Desktop/DeepOnet_Abaqus/StaticElasticJob.odb,Step-1,Increment      1: Step Time =    1.000,"PLATE-1",          2674,             1,  -526.064E-03,   416.968E-03,            0.,"ASSEMBLY_PLATE-1__PICKEDSET2","ROCK","",  -891.421E-03,      -2.27238,      -2.22599,  -937.804E-03,  -248.802E-03
F:/Desktop/DeepOnet_Abaqus/StaticElasticJob.odb,Step-1,Increment      1: Step Time =    1.000,"PLATE-1",          2675,             1,  -816.600E-03,   611.013E-03,            0.,"ASSEMBLY_PLATE-1__PICKEDSET2","ROCK","",  -970.820E-03,      -2.24416,      -2.23275,  -982.225E-03,  -119.968E-03
F:/Desktop/DeepOnet_Abaqus/StaticElasticJob.odb,Step-1,Increment      1: Step Time =    1.000,"PLATE-1",          2676,             1,  -793.121E-03,   704.000E-03,            0.,"ASSEMBLY_PLATE-1__PICKEDSET2","ROCK","",  -960.282E-03,      -2.26976,      -2.26099,  -969.048E-03,  -106.783E-03
F:/Desktop/DeepOnet_Abaqus/StaticElasticJob.odb,Step-1,Increment      1: Step Time =    1.000,"PLATE-1",          2677,             1,  -183.543E-03,  -496.905E-03,            0.,"ASSEMBLY_PLATE-1__PICKEDSET2","ROCK","",  -856.062E-03,      -2.63035,      -2.60881,  -877.594E-03,   194.272E-03
F:/Desktop/DeepOnet_Abaqus/StaticElasticJob.odb,Step-1,Increment      1: Step Time =    1.000,"PLATE-1",          2678,             1,   482.768E-03,  -537.562E-03,            0.,"ASSEMBLY_PLATE-1__PICKEDSET2","ROCK","",  -942.871E-03,      -2.41182,      -2.39749,  -957.200E-03,  -144.372E-03
F:/Desktop/DeepOnet_Abaqus/StaticElasticJob.odb,Step-1,Increment      1: Step Time =    1.000,"PLATE-1",          2679,             1,   114.980E-03,  -569.411E-03,            0.,"ASSEMBLY_PLATE-1__PICKEDSET2","ROCK","",  -844.882E-03,      -2.59302,      -2.59089,  -847.014E-03,  -61.0119E-03
F:/Desktop/DeepOnet_Abaqus/StaticElasticJob.odb,Step-1,Increment      1: Step Time =    1.000,"PLATE-1",          2680,             1,   63.9804E-03,  -625.248E-03,            0.,"ASSEMBLY_PLATE-1__PICKEDSET2","ROCK","",  -870.630E-03,      -2.55810,      -2.55802,  -870.713E-03,  -11.8178E-03
F:/Desktop/DeepOnet_Abaqus/StaticElasticJob.odb,Step-1,Increment      1: Step Time =    1.000,"PLATE-1",          2681,             1,   126.990E-03,  -469.978E-03,            0.,"ASSEMBLY_PLATE-1__PICKEDSET2","ROCK","",  -765.344E-03,      -2.70693,      -2.69851,  -773.768E-03,  -127.607E-03
F:/Desktop/DeepOnet_Abaqus/StaticElasticJob.odb,Step-1,Increment      1: Step Time =    1.000,"PLATE-1",          2682,             1,  -757.752E-03,   39.0927E-03,            0.,"ASSEMBLY_PLATE-1__PICKEDSET2","ROCK","",      -1.17778,      -1.93497,      -1.93492,      -1.17783,  -6.13002E-03
F:/Desktop/DeepOnet_Abaqus/StaticElasticJob.odb,Step-1,Increment      1: Step Time =    1.000,"PLATE-1",          2683,             1,  -807.357E-03,   406.232E-03,            0.,"ASSEMBLY_PLATE-1__PICKEDSET2","ROCK","",      -1.01157,      -2.16282,      -2.14381,      -1.03058,  -146.701E-03
F:/Desktop/DeepOnet_Abaqus/StaticElasticJob.odb,Step-1,Increment      1: Step Time =    1.000,"PLATE-1",          2684,             1,   13.2362E-03,   792.166E-03,            0.,"ASSEMBLY_PLATE-1__PICKEDSET2","ROCK","",  -931.428E-03,      -2.44331,      -2.44266,  -932.073E-03,  -31.2169E-03
F:/Desktop/DeepOnet_Abaqus/StaticElasticJob.odb,Step-1,Increment      1: Step Time =    1.000,"PLATE-1",          2685,             1,  -817.266E-03,   758.287E-03,            0.,"ASSEMBLY_PLATE-1__PICKEDSET2","ROCK","",  -960.580E-03,      -2.27663,      -2.26964,  -967.572E-03,  -95.6719E-03
F:/Desktop/DeepOnet_Abaqus/StaticElasticJob.odb,Step-1,Increment      1: Step Time =    1.000,"PLATE-1",          2686,             1,   222.369E-03,  -746.834E-03,            0.,"ASSEMBLY_PLATE-1__PICKEDSET2","ROCK","",  -929.536E-03,      -2.45257,      -2.45141,  -930.699E-03,  -42.0609E-03
F:/Desktop/DeepOnet_Abaqus/StaticElasticJob.odb,Step-1,Increment      1: Step Time =    1.000,"PLATE-1",          2687,             1,  -899.848E-03,  -405.733E-03,            0.,"ASSEMBLY_PLATE-1__PICKEDSET2","ROCK","",      -1.02404,      -2.22541,      -2.21271,      -1.03673,   122.831E-03
F:/Desktop/DeepOnet_Abaqus/StaticElasticJob.odb,Step-1,Increment      1: Step Time =    1.000,"PLATE-1",          2688,             1,  -770.129E-03,   360.410E-03,            0.,"ASSEMBLY_PLATE-1__PICKEDSET2","ROCK","",      -1.02197,      -2.13694,      -2.11373,      -1.04518,  -159.177E-03
F:/Desktop/DeepOnet_Abaqus/StaticElasticJob.odb,Step-1,Increment      1: Step Time =    1.000,"PLATE-1",          2689,             1,   541.983E-03,  -580.496E-03,            0.,"ASSEMBLY_PLATE-1__PICKEDSET2","ROCK","",  -946.973E-03,      -2.38518,      -2.37566,  -956.488E-03,  -116.594E-03
F:/Desktop/DeepOnet_Abaqus/StaticElasticJob.odb,Step-1,Increment      1: Step Time =    1.000,"PLATE-1",          2690,             1,   566.067E-03,  -630.502E-03,            0.,"ASSEMBLY_PLATE-1__PICKEDSET2","ROCK","",  -943.103E-03,      -2.37469,      -2.36698,  -950.813E-03,  -104.774E-03
F:/Desktop/DeepOnet_Abaqus/StaticElasticJob.odb,Step-1,Increment      1: Step Time =    1.000,"PLATE-1",          2691,             1,  -164.008E-03,  -671.398E-03,            0.,"ASSEMBLY_PLATE-1__PICKEDSET2","ROCK","",  -924.427E-03,      -2.49344,      -2.48920,  -928.666E-03,   81.4468E-03
F:/Desktop/DeepOnet_Abaqus/StaticElasticJob.odb,Step-1,Increment      1: Step Time =    1.000,"PLATE-1",          2692,             1,  -289.595E-03,   744.895E-03,            0.,"ASSEMBLY_PLATE-1__PICKEDSET2","ROCK","",  -920.883E-03,      -2.39370,      -2.39066,  -923.918E-03,  -66.7911E-03
F:/Desktop/DeepOnet_Abaqus/StaticElasticJob.odb,Step-1,Increment      1: Step Time =    1.000,"PLATE-1",          2693,             1,  -173.422E-03,   627.829E-03,            0.,"ASSEMBLY_PLATE-1__PICKEDSET2","ROCK","",  -913.026E-03,      -2.44604,      -2.44240,  -916.665E-03,  -74.6015E-03
F:/Desktop/DeepOnet_Abaqus/StaticElasticJob.odb,Step-1,Increment      1: Step Time =    1.000,"PLATE-1",          2694,             1,  -622.171E-03,   495.014E-03,            0.,"ASSEMBLY_PLATE-1__PICKEDSET2","ROCK","",  -936.809E-03,      -2.25252,      -2.22678,  -962.549E-03,  -182.223E-03
F:/Desktop/DeepOnet_Abaqus/StaticElasticJob.odb,Step-1,Increment      1: Step Time =    1.000,"PLATE-1",          2695,             1,   539.455E-03,  -708.335E-03,            0.,"ASSEMBLY_PLATE-1__PICKEDSET2","ROCK","",  -945.385E-03,      -2.37885,      -2.37429,  -949.941E-03,  -80.6853E-03
F:/Desktop/DeepOnet_Abaqus/StaticElasticJob.odb,Step-1,Increment      1: Step Time =    1.000,"PLATE-1",          2696,             1,  -580.707E-03,   556.013E-03,            0.,"ASSEMBLY_PLATE-1__PICKEDSET2","ROCK","",  -910.353E-03,      -2.30336,      -2.28231,  -931.405E-03,  -169.950E-03
F:/Desktop/DeepOnet_Abaqus/StaticElasticJob.odb,Step-1,Increment      1: Step Time =    1.000,"PLATE-1",          2697,             1,   18.2391E-03,  -863.573E-03,            0.,"ASSEMBLY_PLATE-1__PICKEDSET2","ROCK","",  -950.968E-03,      -2.42533,      -2.42525,  -951.047E-03,   10.7418E-03
F:/Desktop/DeepOnet_Abaqus/StaticElasticJob.odb,Step-1,Increment      1: Step Time =    1.000,"PLATE-1",          2698,             1,  -581.737E-03,  -572.530E-03,            0.,"ASSEMBLY_PLATE-1__PICKEDSET2","ROCK","",  -977.280E-03,      -2.35256,      -2.33996,  -989.883E-03,   131.045E-03
F:/Desktop/DeepOnet_Abaqus/StaticElasticJob.odb,Step-1,Increment      1: Step Time =    1.000,"PLATE-1",          2699,             1,  -533.852E-03,  -560.084E-03,            0.,"ASSEMBLY_PLATE-1__PICKEDSET2","ROCK","",  -974.493E-03,      -2.37061,      -2.35637,  -988.730E-03,   140.266E-03
F:/Desktop/DeepOnet_Abaqus/StaticElasticJob.odb,Step-1,Increment      1: Step Time =    1.000,"PLATE-1",          2700,             1,  -515.719E-03,  -614.759E-03,            0.,"ASSEMBLY_PLATE-1__PICKEDSET2","ROCK","",  -972.851E-03,      -2.38025,      -2.37001,  -983.093E-03,   119.625E-03
F:/Desktop/DeepOnet_Abaqus/StaticElasticJob.odb,Step-1,Increment      1: Step Time =    1.000,"PLATE-1",          2701,             1,  -105.982E-03,  -805.956E-03,            0.,"ASSEMBLY_PLATE-1__PICKEDSET2","ROCK","",  -947.016E-03,      -2.44183,      -2.44084,  -948.015E-03,   38.6165E-03
F:/Desktop/DeepOnet_Abaqus/StaticElasticJob.odb,Step-1,Increment      1: Step Time =    1.000,"PLATE-1",          2702,             1,  -122.601E-03,   694.656E-03,            0.,"ASSEMBLY_PLATE-1__PICKEDSET2","ROCK","",  -927.243E-03,      -2.43807,      -2.43586,  -929.449E-03,  -57.6870E-03
F:/Desktop/DeepOnet_Abaqus/StaticElasticJob.odb,Step-1,Increment      1: Step Time =    1.000,"PLATE-1",          2703,             1,  -481.705E-03,  -713.058E-03,            0.,"ASSEMBLY_PLATE-1__PICKEDSET2","ROCK","",  -974.556E-03,      -2.38157,      -2.37547,  -980.651E-03,   92.4090E-03
F:/Desktop/DeepOnet_Abaqus/StaticElasticJob.odb,Step-1,Increment      1: Step Time =    1.000,"PLATE-1",          2704,             1,  -46.1600E-03,  -665.835E-03,            0.,"ASSEMBLY_PLATE-1__PICKEDSET2","ROCK","",  -895.522E-03,      -2.52794,      -2.52689,  -896.566E-03,   41.2706E-03
F:/Desktop/DeepOnet_Abaqus/StaticElasticJob.odb,Step-1,Increment      1: Step Time =    1.000,"PLATE-1",          2705,             1,  -692.092E-03,   742.693E-03,            0.,"ASSEMBLY_PLATE-1__PICKEDSET2","ROCK","",  -942.590E-03,      -2.29865,      -2.29062,  -950.621E-03,  -104.043E-03
F:/Desktop/DeepOnet_Abaqus/StaticElasticJob.odb,Step-1,Increment      1: Step Time =    1.000,"PLATE-1",          2706,             1,  -605.416E-03,   597.122E-03,            0.,"ASSEMBLY_PLATE-1__PICKEDSET2","ROCK","",  -924.743E-03,      -2.29903,      -2.28359,  -940.190E-03,  -144.880E-03
