ODB Name,Step,Frame,Part Instance Name,      µ¥Ôª±êÇ©,         IntPt,X,Y,Z,Section Name,Material Name,Section Point,S-Max. In-Plane Principal,S-Min. In-Plane Principal,         S-S11,         S-S22,         S-S12
F:/Desktop/DeepOnet_Abaqus/StaticElasticJob6.odb,Step-1,Increment      1: Step Time =    1.000,"PLATE-1",             1,             1,      -1.75538,   955.946E-03,            0.,"ASSEMBLY_PLATE-1__PICKEDSET2","ROCK","",      -1.01357,      -1.61548,      -1.61526,      -1.01379,  -11.5448E-03
F:/Desktop/DeepOnet_Abaqus/StaticElasticJob6.odb,Step-1,Increment      1: Step Time =    1.000,"PLATE-1",             2,             1,      -1.75634,   257.410E-03,            0.,"ASSEMBLY_PLATE-1__PICKEDSET2","ROCK","",      -1.02379,      -1.60152,      -1.60150,      -1.02381,   3.32085E-03
F:/Desktop/DeepOnet_Abaqus/StaticElasticJob6.odb,Step-1,Increment      1: Step Time =    1.000,"PLATE-1",             3,             1,      -2.07393,      -1.08534,            0.,"ASSEMBLY_PLATE-1__PICKEDSET2","ROCK","",      -1.00316,      -1.63612,      -1.63550,      -1.00377,   19.7664E-03
F:/Desktop/DeepOnet_Abaqus/StaticElasticJob6.odb,Step-1,Increment      1: Step Time =    1.000,"PLATE-1",             4,             1,       1.43363,       1.77982,            0.,"ASSEMBLY_PLATE-1__PICKEDSET2","ROCK","",  -965.822E-03,      -1.81752,      -1.81348,  -969.867E-03,   58.5501E-03
F:/Desktop/DeepOnet_Abaqus/StaticElasticJob6.odb,Step-1,Increment      1: Step Time =    1.000,"PLATE-1",             5,             1,       1.75124,       1.34711,            0.,"ASSEMBLY_PLATE-1__PICKEDSET2","ROCK","",      -1.03953,      -1.51118,      -1.47743,      -1.07328,   121.572E-03
F:/Desktop/DeepOnet_Abaqus/StaticElasticJob6.odb,Step-1,Increment      1: Step Time =    1.000,"PLATE-1",             6,             1,       1.89577,      -1.66937,            0.,"ASSEMBLY_PLATE-1__PICKEDSET2","ROCK","",      -1.00006,      -1.64870,      -1.64845,      -1.00032,  -12.9272E-03
F:/Desktop/DeepOnet_Abaqus/StaticElasticJob6.odb,Step-1,Increment      1: Step Time =    1.000,"PLATE-1",             7,             1,  -10.7208E-03,       1.82307,            0.,"ASSEMBLY_PLATE-1__PICKEDSET2","ROCK","",  -980.000E-03,      -1.63261,      -1.62599,  -986.621E-03,  -65.3988E-03
F:/Desktop/DeepOnet_Abaqus/StaticElasticJob6.odb,Step-1,Increment      1: Step Time =    1.000,"PLATE-1",             8,             1,  -838.834E-03,      -1.99729,            0.,"ASSEMBLY_PLATE-1__PICKEDSET2","ROCK","",      -1.00065,      -1.65493,      -1.65488,      -1.00070,   5.56003E-03
F:/Desktop/DeepOnet_Abaqus/StaticElasticJob6.odb,Step-1,Increment      1: Step Time =    1.000,"PLATE-1",             9,             1,       1.91612,      -1.49343,            0.,"ASSEMBLY_PLATE-1__PICKEDSET2","ROCK","",  -999.540E-03,      -1.64867,      -1.64837,  -999.842E-03,  -13.9910E-03
F:/Desktop/DeepOnet_Abaqus/StaticElasticJob6.odb,Step-1,Increment      1: Step Time =    1.000,"PLATE-1",            10,             1,      -1.78745,  -504.603E-03,            0.,"ASSEMBLY_PLATE-1__PICKEDSET2","ROCK","",      -1.01206,      -1.62210,      -1.62102,      -1.01314,   25.6532E-03
F:/Desktop/DeepOnet_Abaqus/StaticElasticJob6.odb,Step-1,Increment      1: Step Time =    1.000,"PLATE-1",            11,             1,       1.93542,   614.853E-03,            0.,"ASSEMBLY_PLATE-1__PICKEDSET2","ROCK","",  -987.120E-03,      -1.58955,      -1.58157,  -995.104E-03,  -68.8901E-03
F:/Desktop/DeepOnet_Abaqus/StaticElasticJob6.odb,Step-1,Increment      1: Step Time =    1.000,"PLATE-1",            12,             1,   233.956E-03,       2.02500,            0.,"ASSEMBLY_PLATE-1__PICKEDSET2","ROCK","",  -940.196E-03,      -1.68459,      -1.68088,  -943.911E-03,  -52.4555E-03
F:/Desktop/DeepOnet_Abaqus/StaticElasticJob6.odb,Step-1,Increment      1: Step Time =    1.000,"PLATE-1",            13,             1,       1.96404,      -1.22601,            0.,"ASSEMBLY_PLATE-1__PICKEDSET2","ROCK","",  -998.904E-03,      -1.64948,      -1.64902,  -999.369E-03,  -17.3904E-03
F:/Desktop/DeepOnet_Abaqus/StaticElasticJob6.odb,Step-1,Increment      1: Step Time =    1.000,"PLATE-1",            14,             1,      -1.30359,       2.04775,            0.,"ASSEMBLY_PLATE-1__PICKEDSET2","ROCK","",      -1.00300,      -1.63211,      -1.63159,      -1.00352,  -18.1375E-03
F:/Desktop/DeepOnet_Abaqus/StaticElasticJob6.odb,Step-1,Increment      1: Step Time =    1.000,"PLATE-1",            15,             1,       1.94018,  -895.239E-03,            0.,"ASSEMBLY_PLATE-1__PICKEDSET2","ROCK","",  -998.803E-03,      -1.64955,      -1.64888,  -999.473E-03,  -20.8759E-03
F:/Desktop/DeepOnet_Abaqus/StaticElasticJob6.odb,Step-1,Increment      1: Step Time =    1.000,"PLATE-1",            16,             1,   599.622E-03,       2.43406,            0.,"ASSEMBLY_PLATE-1__PICKEDSET2","ROCK","",  -980.949E-03,      -1.70790,      -1.70737,  -981.478E-03,   19.6171E-03
F:/Desktop/DeepOnet_Abaqus/StaticElasticJob6.odb,Step-1,Increment      1: Step Time =    1.000,"PLATE-1",            17,             1,      -2.04501,   302.024E-03,            0.,"ASSEMBLY_PLATE-1__PICKEDSET2","ROCK","",      -1.01905,      -1.61192,      -1.61190,      -1.01906,   3.38009E-03
F:/Desktop/DeepOnet_Abaqus/StaticElasticJob6.odb,Step-1,Increment      1: Step Time =    1.000,"PLATE-1",            18,             1,       1.32360,      -2.03853,            0.,"ASSEMBLY_PLATE-1__PICKEDSET2","ROCK","",      -1.00263,      -1.65045,      -1.65037,      -1.00271,  -7.41598E-03
F:/Desktop/DeepOnet_Abaqus/StaticElasticJob6.odb,Step-1,Increment      1: Step Time =    1.000,"PLATE-1",            19,             1,       1.90745,       2.38975,            0.,"ASSEMBLY_PLATE-1__PICKEDSET2","ROCK","",  -988.327E-03,      -1.68962,      -1.68898,  -988.965E-03,   21.1511E-03
F:/Desktop/DeepOnet_Abaqus/StaticElasticJob6.odb,Step-1,Increment      1: Step Time =    1.000,"PLATE-1",            20,             1,       2.01432,   263.851E-03,            0.,"ASSEMBLY_PLATE-1__PICKEDSET2","ROCK","",  -985.666E-03,      -1.62890,      -1.62574,  -988.823E-03,  -44.9535E-03
F:/Desktop/DeepOnet_Abaqus/StaticElasticJob6.odb,Step-1,Increment      1: Step Time =    1.000,"PLATE-1",            21,             1,   610.845E-03,      -2.21010,            0.,"ASSEMBLY_PLATE-1__PICKEDSET2","ROCK","",      -1.00572,      -1.65250,      -1.65248,      -1.00573,  -2.89163E-03
F:/Desktop/DeepOnet_Abaqus/StaticElasticJob6.odb,Step-1,Increment      1: Step Time =    1.000,"PLATE-1",            22,             1,      -2.52810,      -1.41091,            0.,"ASSEMBLY_PLATE-1__PICKEDSET2","ROCK","",      -1.00204,      -1.63632,      -1.63602,      -1.00234,   13.9341E-03
F:/Desktop/DeepOnet_Abaqus/StaticElasticJob6.odb,Step-1,Increment      1: Step Time =    1.000,"PLATE-1",            23,             1,      -2.33392,   765.089E-03,            0.,"ASSEMBLY_PLATE-1__PICKEDSET2","ROCK","",      -1.01555,      -1.61893,      -1.61890,      -1.01558,  -4.32609E-03
F:/Desktop/DeepOnet_Abaqus/StaticElasticJob6.odb,Step-1,Increment      1: Step Time =    1.000,"PLATE-1",            24,             1,      -2.82853,       1.62928,            0.,"ASSEMBLY_PLATE-1__PICKEDSET2","ROCK","",      -1.01119,      -1.63011,      -1.63000,      -1.01131,  -8.36386E-03
F:/Desktop/DeepOnet_Abaqus/StaticElasticJob6.odb,Step-1,Increment      1: Step Time =    1.000,"PLATE-1",            25,             1,      -1.67005,      -2.67326,            0.,"ASSEMBLY_PLATE-1__PICKEDSET2","ROCK","",      -1.00058,      -1.64182,      -1.64178,      -1.00062,   5.05766E-03
F:/Desktop/DeepOnet_Abaqus/StaticElasticJob6.odb,Step-1,Increment      1: Step Time =    1.000,"PLATE-1",            26,             1,      -1.47178,      -3.12651,            0.,"ASSEMBLY_PLATE-1__PICKEDSET2","ROCK","",      -1.00312,      -1.64052,      -1.64051,      -1.00313,   2.57612E-03
F:/Desktop/DeepOnet_Abaqus/StaticElasticJob6.odb,Step-1,Increment      1: Step Time =    1.000,"PLATE-1",            27,             1,      -1.77630,       1.23284,            0.,"ASSEMBLY_PLATE-1__PICKEDSET2","ROCK","",      -1.01054,      -1.62087,      -1.62059,      -1.01082,  -12.9993E-03
F:/Desktop/DeepOnet_Abaqus/StaticElasticJob6.odb,Step-1,Increment      1: Step Time =    1.000,"PLATE-1",            28,             1,       1.80501,  -583.146E-03,            0.,"ASSEMBLY_PLATE-1__PICKEDSET2","ROCK","",  -999.131E-03,      -1.64784,      -1.64709,  -999.878E-03,  -22.0005E-03
F:/Desktop/DeepOnet_Abaqus/StaticElasticJob6.odb,Step-1,Increment      1: Step Time =    1.000,"PLATE-1",            29,             1,       1.88560,  -563.830E-03,            0.,"ASSEMBLY_PLATE-1__PICKEDSET2","ROCK","",  -999.126E-03,      -1.64834,      -1.64754,  -999.929E-03,  -22.8151E-03
F:/Desktop/DeepOnet_Abaqus/StaticElasticJob6.odb,Step-1,Increment      1: Step Time =    1.000,"PLATE-1",            30,             1,      -1.97675,      -1.27339,            0.,"ASSEMBLY_PLATE-1__PICKEDSET2","ROCK","",      -1.00073,      -1.64061,      -1.64009,      -1.00125,   18.3169E-03
F:/Desktop/DeepOnet_Abaqus/StaticElasticJob6.odb,Step-1,Increment      1: Step Time =    1.000,"PLATE-1",            31,             1,       1.31656,       2.70784,            0.,"ASSEMBLY_PLATE-1__PICKEDSET2","ROCK","",      -1.01129,      -1.68003,      -1.67995,      -1.01137,   7.13222E-03
F:/Desktop/DeepOnet_Abaqus/StaticElasticJob6.odb,Step-1,Increment      1: Step Time =    1.000,"PLATE-1",            32,             1,      -1.23390,      -1.90112,            0.,"ASSEMBLY_PLATE-1__PICKEDSET2","ROCK","",  -998.791E-03,      -1.65194,      -1.65180,  -998.927E-03,   9.42037E-03
F:/Desktop/DeepOnet_Abaqus/StaticElasticJob6.odb,Step-1,Increment      1: Step Time =    1.000,"PLATE-1",            33,             1,  -252.328E-03,      -1.90542,            0.,"ASSEMBLY_PLATE-1__PICKEDSET2","ROCK","",      -1.00284,      -1.66053,      -1.66053,      -1.00284,   1.51212E-03
F:/Desktop/DeepOnet_Abaqus/StaticElasticJob6.odb,Step-1,Increment      1: Step Time =    1.000,"PLATE-1",            34,             1,      -2.04547,  -582.690E-03,            0.,"ASSEMBLY_PLATE-1__PICKEDSET2","ROCK","",      -1.01041,      -1.62458,      -1.62391,      -1.01108,   20.3550E-03
F:/Desktop/DeepOnet_Abaqus/StaticElasticJob6.odb,Step-1,Increment      1: Step Time =    1.000,"PLATE-1",            35,             1,       1.83101,  -416.530E-03,            0.,"ASSEMBLY_PLATE-1__PICKEDSET2","ROCK","",  -997.937E-03,      -1.64597,      -1.64524,  -998.673E-03,  -21.8307E-03
F:/Desktop/DeepOnet_Abaqus/StaticElasticJob6.odb,Step-1,Increment      1: Step Time =    1.000,"PLATE-1",            36,             1,      -2.31839,       1.07888,            0.,"ASSEMBLY_PLATE-1__PICKEDSET2","ROCK","",      -1.01366,      -1.62187,      -1.62178,      -1.01376,  -7.61609E-03
F:/Desktop/DeepOnet_Abaqus/StaticElasticJob6.odb,Step-1,Increment      1: Step Time =    1.000,"PLATE-1",            37,             1,       1.83423,   727.655E-03,            0.,"ASSEMBLY_PLATE-1__PICKEDSET2","ROCK","",  -990.686E-03,      -1.55621,      -1.54169,      -1.00520,  -89.4412E-03
F:/Desktop/DeepOnet_Abaqus/StaticElasticJob6.odb,Step-1,Increment      1: Step Time =    1.000,"PLATE-1",            38,             1,       1.68657,       1.90490,            0.,"ASSEMBLY_PLATE-1__PICKEDSET2","ROCK","",  -967.795E-03,      -1.73234,      -1.72888,  -971.251E-03,   51.2836E-03
F:/Desktop/DeepOnet_Abaqus/StaticElasticJob6.odb,Step-1,Increment      1: Step Time =    1.000,"PLATE-1",            39,             1,  -314.870E-03,       1.81779,            0.,"ASSEMBLY_PLATE-1__PICKEDSET2","ROCK","",  -997.264E-03,      -1.62085,      -1.61775,      -1.00037,  -43.8829E-03
F:/Desktop/DeepOnet_Abaqus/StaticElasticJob6.odb,Step-1,Increment      1: Step Time =    1.000,"PLATE-1",            40,             1,      -2.26738,       1.48092,            0.,"ASSEMBLY_PLATE-1__PICKEDSET2","ROCK","",      -1.01044,      -1.62596,      -1.62578,      -1.01062,  -10.5836E-03
F:/Desktop/DeepOnet_Abaqus/StaticElasticJob6.odb,Step-1,Increment      1: Step Time =    1.000,"PLATE-1",            41,             1,      -2.19183,      -2.14837,            0.,"ASSEMBLY_PLATE-1__PICKEDSET2","ROCK","",  -999.599E-03,      -1.64087,      -1.64073,  -999.740E-03,   9.51836E-03
F:/Desktop/DeepOnet_Abaqus/StaticElasticJob6.odb,Step-1,Increment      1: Step Time =    1.000,"PLATE-1",            42,             1,      -1.84227,  -404.444E-03,            0.,"ASSEMBLY_PLATE-1__PICKEDSET2","ROCK","",      -1.01490,      -1.61763,      -1.61679,      -1.01575,   22.5081E-03
F:/Desktop/DeepOnet_Abaqus/StaticElasticJob6.odb,Step-1,Increment      1: Step Time =    1.000,"PLATE-1",            43,             1,       1.68159,      -1.71640,            0.,"ASSEMBLY_PLATE-1__PICKEDSET2","ROCK","",      -1.00048,      -1.65101,      -1.65080,      -1.00069,  -11.7831E-03
F:/Desktop/DeepOnet_Abaqus/StaticElasticJob6.odb,Step-1,Increment      1: Step Time =    1.000,"PLATE-1",            44,             1,   768.157E-03,      -1.89180,            0.,"ASSEMBLY_PLATE-1__PICKEDSET2","ROCK","",      -1.00344,      -1.65815,      -1.65810,      -1.00349,  -5.86988E-03
F:/Desktop/DeepOnet_Abaqus/StaticElasticJob6.odb,Step-1,Increment      1: Step Time =    1.000,"PLATE-1",            45,             1,       3.61680,      -3.61601,            0.,"ASSEMBLY_PLATE-1__PICKEDSET2","ROCK","",  -986.327E-03,      -1.63280,      -1.63280,  -986.327E-03,  -342.869E-06
F:/Desktop/DeepOnet_Abaqus/StaticElasticJob6.odb,Step-1,Increment      1: Step Time =    1.000,"PLATE-1",            46,             1,       1.44638,      -1.68581,            0.,"ASSEMBLY_PLATE-1__PICKEDSET2","ROCK","",      -1.00076,      -1.65375,      -1.65355,      -1.00096,  -11.3977E-03
F:/Desktop/DeepOnet_Abaqus/StaticElasticJob6.odb,Step-1,Increment      1: Step Time =    1.000,"PLATE-1",            47,             1,       1.42806,      -1.85316,            0.,"ASSEMBLY_PLATE-1__PICKEDSET2","ROCK","",      -1.00140,      -1.65263,      -1.65249,      -1.00154,  -9.44250E-03
F:/Desktop/DeepOnet_Abaqus/StaticElasticJob6.odb,Step-1,Increment      1: Step Time =    1.000,"PLATE-1",            48,             1,  -737.941E-03,      -1.68613,            0.,"ASSEMBLY_PLATE-1__PICKEDSET2","ROCK","",  -997.889E-03,      -1.66200,      -1.66189,  -997.994E-03,   8.36580E-03
F:/Desktop/DeepOnet_Abaqus/StaticElasticJob6.odb,Step-1,Increment      1: Step Time =    1.000,"PLATE-1",            49,             1,      -1.31883,      -1.78900,            0.,"ASSEMBLY_PLATE-1__PICKEDSET2","ROCK","",  -997.807E-03,      -1.65195,      -1.65174,  -998.023E-03,   11.9081E-03
F:/Desktop/DeepOnet_Abaqus/StaticElasticJob6.odb,Step-1,Increment      1: Step Time =    1.000,"PLATE-1",            50,             1,      -1.88467,      -1.63154,            0.,"ASSEMBLY_PLATE-1__PICKEDSET2","ROCK","",  -999.150E-03,      -1.64348,      -1.64314,  -999.495E-03,   14.9116E-03
F:/Desktop/DeepOnet_Abaqus/StaticElasticJob6.odb,Step-1,Increment      1: Step Time =    1.000,"PLATE-1",            51,             1,       3.61807,       3.61622,            0.,"ASSEMBLY_PLATE-1__PICKEDSET2","ROCK","",      -1.00108,      -1.63355,      -1.63355,      -1.00108,   1.08509E-03
F:/Desktop/DeepOnet_Abaqus/StaticElasticJob6.odb,Step-1,Increment      1: Step Time =    1.000,"PLATE-1",            52,             1,       2.30718,       2.16900,            0.,"ASSEMBLY_PLATE-1__PICKEDSET2","ROCK","",  -990.732E-03,      -1.66405,      -1.66224,  -992.544E-03,   34.8815E-03
F:/Desktop/DeepOnet_Abaqus/StaticElasticJob6.odb,Step-1,Increment      1: Step Time =    1.000,"PLATE-1",            53,             1,       1.79172,       1.41776,            0.,"ASSEMBLY_PLATE-1__PICKEDSET2","ROCK","",      -1.00405,      -1.55663,      -1.52210,      -1.03857,   133.736E-03
F:/Desktop/DeepOnet_Abaqus/StaticElasticJob6.odb,Step-1,Increment      1: Step Time =    1.000,"PLATE-1",            54,             1,       1.65907,       1.34833,            0.,"ASSEMBLY_PLATE-1__PICKEDSET2","ROCK","",      -1.00793,      -1.48978,      -1.42589,      -1.07182,   163.413E-03
F:/Desktop/DeepOnet_Abaqus/StaticElasticJob6.odb,Step-1,Increment      1: Step Time =    1.000,"PLATE-1",            55,             1,       1.82092,      -1.18868,            0.,"ASSEMBLY_PLATE-1__PICKEDSET2","ROCK","",  -999.449E-03,      -1.65060,      -1.65011,  -999.936E-03,  -17.7969E-03
F:/Desktop/DeepOnet_Abaqus/StaticElasticJob6.odb,Step-1,Increment      1: Step Time =    1.000,"PLATE-1",            56,             1,       1.68076,      -1.56854,            0.,"ASSEMBLY_PLATE-1__PICKEDSET2","ROCK","",      -1.00008,      -1.65203,      -1.65176,      -1.00034,  -13.0601E-03
F:/Desktop/DeepOnet_Abaqus/StaticElasticJob6.odb,Step-1,Increment      1: Step Time =    1.000,"PLATE-1",            57,             1,      -3.62712,       3.62559,            0.,"ASSEMBLY_PLATE-1__PICKEDSET2","ROCK","",      -1.00056,      -1.63303,      -1.63303,      -1.00056,  -564.884E-06
F:/Desktop/DeepOnet_Abaqus/StaticElasticJob6.odb,Step-1,Increment      1: Step Time =    1.000,"PLATE-1",            58,             1,      -2.30900,       3.02602,            0.,"ASSEMBLY_PLATE-1__PICKEDSET2","ROCK","",      -1.00215,      -1.63974,      -1.63960,      -1.00228,  -9.30007E-03
F:/Desktop/DeepOnet_Abaqus/StaticElasticJob6.odb,Step-1,Increment      1: Step Time =    1.000,"PLATE-1",            59,             1,      -1.50243,       1.85095,            0.,"ASSEMBLY_PLATE-1__PICKEDSET2","ROCK","",      -1.00509,      -1.62908,      -1.62862,      -1.00554,  -16.8212E-03
F:/Desktop/DeepOnet_Abaqus/StaticElasticJob6.odb,Step-1,Increment      1: Step Time =    1.000,"PLATE-1",            60,             1,      -1.34053,       1.65610,            0.,"ASSEMBLY_PLATE-1__PICKEDSET2","ROCK","",      -1.00615,      -1.62538,      -1.62489,      -1.00664,  -17.4381E-03
F:/Desktop/DeepOnet_Abaqus/StaticElasticJob6.odb,Step-1,Increment      1: Step Time =    1.000,"PLATE-1",            61,             1,       1.35399,       1.80200,            0.,"ASSEMBLY_PLATE-1__PICKEDSET2","ROCK","",      -1.01037,      -1.82986,      -1.82948,      -1.01076,   17.6825E-03
F:/Desktop/DeepOnet_Abaqus/StaticElasticJob6.odb,Step-1,Increment      1: Step Time =    1.000,"PLATE-1",            62,             1,       1.50949,       1.85297,            0.,"ASSEMBLY_PLATE-1__PICKEDSET2","ROCK","",  -973.972E-03,      -1.78220,      -1.78018,  -975.992E-03,   40.3553E-03
F:/Desktop/DeepOnet_Abaqus/StaticElasticJob6.odb,Step-1,Increment      1: Step Time =    1.000,"PLATE-1",            63,             1,       2.10580,       2.54977,            0.,"ASSEMBLY_PLATE-1__PICKEDSET2","ROCK","",  -992.145E-03,      -1.67250,      -1.67214,  -992.507E-03,   15.6879E-03
F:/Desktop/DeepOnet_Abaqus/StaticElasticJob6.odb,Step-1,Increment      1: Step Time =    1.000,"PLATE-1",            64,             1,      -3.58801,      -3.58425,            0.,"ASSEMBLY_PLATE-1__PICKEDSET2","ROCK","",  -988.837E-03,      -1.63311,      -1.63311,  -988.838E-03,   645.623E-06
F:/Desktop/DeepOnet_Abaqus/StaticElasticJob6.odb,Step-1,Increment      1: Step Time =    1.000,"PLATE-1",            65,             1,      -1.93143,      -3.16849,            0.,"ASSEMBLY_PLATE-1__PICKEDSET2","ROCK","",      -1.00099,      -1.63909,      -1.63908,      -1.00100,   2.77722E-03
F:/Desktop/DeepOnet_Abaqus/StaticElasticJob6.odb,Step-1,Increment      1: Step Time =    1.000,"PLATE-1",            66,             1,      -1.68833,      -1.35779,            0.,"ASSEMBLY_PLATE-1__PICKEDSET2","ROCK","",  -998.762E-03,      -1.64472,      -1.64413,  -999.351E-03,   19.5084E-03
F:/Desktop/DeepOnet_Abaqus/StaticElasticJob6.odb,Step-1,Increment      1: Step Time =    1.000,"PLATE-1",            67,             1,      -1.90647,  -924.994E-03,            0.,"ASSEMBLY_PLATE-1__PICKEDSET2","ROCK","",      -1.00421,      -1.63463,      -1.63380,      -1.00503,   22.7763E-03
F:/Desktop/DeepOnet_Abaqus/StaticElasticJob6.odb,Step-1,Increment      1: Step Time =    1.000,"PLATE-1",            68,             1,      -1.86359,   536.754E-03,            0.,"ASSEMBLY_PLATE-1__PICKEDSET2","ROCK","",      -1.01888,      -1.60942,      -1.60939,      -1.01890,  -4.04600E-03
F:/Desktop/DeepOnet_Abaqus/StaticElasticJob6.odb,Step-1,Increment      1: Step Time =    1.000,"PLATE-1",            69,             1,      -1.98914,   839.370E-03,            0.,"ASSEMBLY_PLATE-1__PICKEDSET2","ROCK","",      -1.01530,      -1.61569,      -1.61559,      -1.01540,  -7.87297E-03
F:/Desktop/DeepOnet_Abaqus/StaticElasticJob6.odb,Step-1,Increment      1: Step Time =    1.000,"PLATE-1",            70,             1,      -1.91243,       1.56240,            0.,"ASSEMBLY_PLATE-1__PICKEDSET2","ROCK","",      -1.00869,      -1.62578,      -1.62549,      -1.00898,  -13.3352E-03
F:/Desktop/DeepOnet_Abaqus/StaticElasticJob6.odb,Step-1,Increment      1: Step Time =    1.000,"PLATE-1",            71,             1,      -1.77379,       2.87240,            0.,"ASSEMBLY_PLATE-1__PICKEDSET2","ROCK","",      -1.00138,      -1.64182,      -1.64160,      -1.00160,  -11.7419E-03
F:/Desktop/DeepOnet_Abaqus/StaticElasticJob6.odb,Step-1,Increment      1: Step Time =    1.000,"PLATE-1",            72,             1,      -1.69213,       1.44893,            0.,"ASSEMBLY_PLATE-1__PICKEDSET2","ROCK","",      -1.00865,      -1.62345,      -1.62311,      -1.00899,  -14.3899E-03
F:/Desktop/DeepOnet_Abaqus/StaticElasticJob6.odb,Step-1,Increment      1: Step Time =    1.000,"PLATE-1",            73,             1,      -1.66940,       1.24416,            0.,"ASSEMBLY_PLATE-1__PICKEDSET2","ROCK","",      -1.01002,      -1.62043,      -1.62011,      -1.01033,  -13.8353E-03
F:/Desktop/DeepOnet_Abaqus/StaticElasticJob6.odb,Step-1,Increment      1: Step Time =    1.000,"PLATE-1",            74,             1,      -1.67987,       1.34255,            0.,"ASSEMBLY_PLATE-1__PICKEDSET2","ROCK","",      -1.00927,      -1.62211,      -1.62178,      -1.00960,  -14.2568E-03
F:/Desktop/DeepOnet_Abaqus/StaticElasticJob6.odb,Step-1,Increment      1: Step Time =    1.000,"PLATE-1",            75,             1,      -1.66875,       1.14689,            0.,"ASSEMBLY_PLATE-1__PICKEDSET2","ROCK","",      -1.01089,      -1.61851,      -1.61820,      -1.01120,  -13.7798E-03
F:/Desktop/DeepOnet_Abaqus/StaticElasticJob6.odb,Step-1,Increment      1: Step Time =    1.000,"PLATE-1",            76,             1,      -1.66101,   951.868E-03,            0.,"ASSEMBLY_PLATE-1__PICKEDSET2","ROCK","",      -1.01299,      -1.61494,      -1.61467,      -1.01327,  -12.8596E-03
F:/Desktop/DeepOnet_Abaqus/StaticElasticJob6.odb,Step-1,Increment      1: Step Time =    1.000,"PLATE-1",            77,             1,      -1.66762,   856.888E-03,            0.,"ASSEMBLY_PLATE-1__PICKEDSET2","ROCK","",      -1.01462,      -1.61246,      -1.61222,      -1.01487,  -12.0730E-03
F:/Desktop/DeepOnet_Abaqus/StaticElasticJob6.odb,Step-1,Increment      1: Step Time =    1.000,"PLATE-1",            78,             1,      -1.67939,   757.051E-03,            0.,"ASSEMBLY_PLATE-1__PICKEDSET2","ROCK","",      -1.01616,      -1.61036,      -1.61017,      -1.01635,  -10.8124E-03
F:/Desktop/DeepOnet_Abaqus/StaticElasticJob6.odb,Step-1,Increment      1: Step Time =    1.000,"PLATE-1",            79,             1,      -1.67541,   446.050E-03,            0.,"ASSEMBLY_PLATE-1__PICKEDSET2","ROCK","",      -1.02195,      -1.60239,      -1.60235,      -1.02198,  -4.48941E-03
F:/Desktop/DeepOnet_Abaqus/StaticElasticJob6.odb,Step-1,Increment      1: Step Time =    1.000,"PLATE-1",            80,             1,      -1.66505,   346.889E-03,            0.,"ASSEMBLY_PLATE-1__PICKEDSET2","ROCK","",      -1.02394,      -1.59976,      -1.59976,      -1.02395,  -1.36653E-03
F:/Desktop/DeepOnet_Abaqus/StaticElasticJob6.odb,Step-1,Increment      1: Step Time =    1.000,"PLATE-1",            81,             1,      -1.68793,   41.9735E-03,            0.,"ASSEMBLY_PLATE-1__PICKEDSET2","ROCK","",      -1.02508,      -1.60017,      -1.59992,      -1.02532,   11.9001E-03
F:/Desktop/DeepOnet_Abaqus/StaticElasticJob6.odb,Step-1,Increment      1: Step Time =    1.000,"PLATE-1",            82,             1,      -1.67282,  -64.6847E-03,            0.,"ASSEMBLY_PLATE-1__PICKEDSET2","ROCK","",      -1.02434,      -1.60146,      -1.60098,      -1.02482,   16.6755E-03
F:/Desktop/DeepOnet_Abaqus/StaticElasticJob6.odb,Step-1,Increment      1: Step Time =    1.000,"PLATE-1",            83,             1,      -1.65060,  -258.516E-03,            0.,"ASSEMBLY_PLATE-1__PICKEDSET2","ROCK","",      -1.02022,      -1.60810,      -1.60711,      -1.02121,   24.1151E-03
F:/Desktop/DeepOnet_Abaqus/StaticElasticJob6.odb,Step-1,Increment      1: Step Time =    1.000,"PLATE-1",            84,             1,      -1.64441,  -350.999E-03,            0.,"ASSEMBLY_PLATE-1__PICKEDSET2","ROCK","",      -1.01814,      -1.61129,      -1.61005,      -1.01938,   27.1473E-03
F:/Desktop/DeepOnet_Abaqus/StaticElasticJob6.odb,Step-1,Increment      1: Step Time =    1.000,"PLATE-1",            85,             1,      -1.76903,  -198.958E-03,            0.,"ASSEMBLY_PLATE-1__PICKEDSET2","ROCK","",      -1.02012,      -1.60900,      -1.60838,      -1.02073,   19.0916E-03
F:/Desktop/DeepOnet_Abaqus/StaticElasticJob6.odb,Step-1,Increment      1: Step Time =    1.000,"PLATE-1",            86,             1,      -1.65617,  -437.573E-03,            0.,"ASSEMBLY_PLATE-1__PICKEDSET2","ROCK","",      -1.01513,      -1.61621,      -1.61489,      -1.01645,   28.1077E-03
F:/Desktop/DeepOnet_Abaqus/StaticElasticJob6.odb,Step-1,Increment      1: Step Time =    1.000,"PLATE-1",            87,             1,      -1.68339,  -630.315E-03,            0.,"ASSEMBLY_PLATE-1__PICKEDSET2","ROCK","",      -1.00909,      -1.62654,      -1.62520,      -1.01042,   28.6943E-03
F:/Desktop/DeepOnet_Abaqus/StaticElasticJob6.odb,Step-1,Increment      1: Step Time =    1.000,"PLATE-1",            88,             1,      -1.69588,  -728.824E-03,            0.,"ASSEMBLY_PLATE-1__PICKEDSET2","ROCK","",      -1.00652,      -1.63031,      -1.62899,      -1.00783,   28.5760E-03
F:/Desktop/DeepOnet_Abaqus/StaticElasticJob6.odb,Step-1,Increment      1: Step Time =    1.000,"PLATE-1",            89,             1,      -1.70154,  -940.763E-03,            0.,"ASSEMBLY_PLATE-1__PICKEDSET2","ROCK","",      -1.00264,      -1.63731,      -1.63624,      -1.00371,   26.0679E-03
F:/Desktop/DeepOnet_Abaqus/StaticElasticJob6.odb,Step-1,Increment      1: Step Time =    1.000,"PLATE-1",            90,             1,      -1.69920,      -1.04584,            0.,"ASSEMBLY_PLATE-1__PICKEDSET2","ROCK","",      -1.00118,      -1.63995,      -1.63898,      -1.00215,   24.8529E-03
F:/Desktop/DeepOnet_Abaqus/StaticElasticJob6.odb,Step-1,Increment      1: Step Time =    1.000,"PLATE-1",            91,             1,      -1.69284,      -1.14965,            0.,"ASSEMBLY_PLATE-1__PICKEDSET2","ROCK","",      -1.00001,      -1.64210,      -1.64128,      -1.00083,   22.9405E-03
F:/Desktop/DeepOnet_Abaqus/StaticElasticJob6.odb,Step-1,Increment      1: Step Time =    1.000,"PLATE-1",            92,             1,      -1.68841,      -1.25330,            0.,"ASSEMBLY_PLATE-1__PICKEDSET2","ROCK","",  -999.223E-03,      -1.64392,      -1.64322,  -999.925E-03,   21.2622E-03
F:/Desktop/DeepOnet_Abaqus/StaticElasticJob6.odb,Step-1,Increment      1: Step Time =    1.000,"PLATE-1",            93,             1,       1.54878,       1.68449,            0.,"ASSEMBLY_PLATE-1__PICKEDSET2","ROCK","",  -930.310E-03,      -1.76048,      -1.73932,  -951.477E-03,   130.863E-03
F:/Desktop/DeepOnet_Abaqus/StaticElasticJob6.odb,Step-1,Increment      1: Step Time =    1.000,"PLATE-1",            94,             1,       1.44533,       1.67095,            0.,"ASSEMBLY_PLATE-1__PICKEDSET2","ROCK","",  -936.065E-03,      -1.83320,      -1.81883,  -950.433E-03,   112.623E-03
F:/Desktop/DeepOnet_Abaqus/StaticElasticJob6.odb,Step-1,Increment      1: Step Time =    1.000,"PLATE-1",            95,             1,       1.34827,       1.66829,            0.,"ASSEMBLY_PLATE-1__PICKEDSET2","ROCK","",  -949.234E-03,      -1.91130,      -1.90174,  -958.797E-03,   95.4363E-03
F:/Desktop/DeepOnet_Abaqus/StaticElasticJob6.odb,Step-1,Increment      1: Step Time =    1.000,"PLATE-1",            96,             1,       1.24951,       1.66912,            0.,"ASSEMBLY_PLATE-1__PICKEDSET2","ROCK","",      -1.03068,      -1.94692,      -1.94558,      -1.03202,   35.0146E-03
F:/Desktop/DeepOnet_Abaqus/StaticElasticJob6.odb,Step-1,Increment      1: Step Time =    1.000,"PLATE-1",            97,             1,       1.15088,       1.67149,            0.,"ASSEMBLY_PLATE-1__PICKEDSET2","ROCK","",      -1.11236,      -1.97046,      -1.96671,      -1.11611,   56.5983E-03
F:/Desktop/DeepOnet_Abaqus/StaticElasticJob6.odb,Step-1,Increment      1: Step Time =    1.000,"PLATE-1",            98,             1,   953.421E-03,       1.67316,            0.,"ASSEMBLY_PLATE-1__PICKEDSET2","ROCK","",  -985.045E-03,      -1.99681,      -1.99174,  -990.114E-03,   71.4392E-03
F:/Desktop/DeepOnet_Abaqus/StaticElasticJob6.odb,Step-1,Increment      1: Step Time =    1.000,"PLATE-1",            99,             1,   853.389E-03,       1.67589,            0.,"ASSEMBLY_PLATE-1__PICKEDSET2","ROCK","",  -861.593E-03,      -1.99296,      -1.99263,  -861.931E-03,   19.5557E-03
F:/Desktop/DeepOnet_Abaqus/StaticElasticJob6.odb,Step-1,Increment      1: Step Time =    1.000,"PLATE-1",           100,             1,   752.065E-03,       1.67904,            0.,"ASSEMBLY_PLATE-1__PICKEDSET2","ROCK","",  -796.056E-03,      -1.90894,      -1.90248,  -802.513E-03,  -84.5271E-03
F:/Desktop/DeepOnet_Abaqus/StaticElasticJob6.odb,Step-1,Increment      1: Step Time =    1.000,"PLATE-1",           101,             1,   545.185E-03,       1.68352,            0.,"ASSEMBLY_PLATE-1__PICKEDSET2","ROCK","",  -834.999E-03,      -1.73847,      -1.70765,  -865.826E-03,  -164.016E-03
F:/Desktop/DeepOnet_Abaqus/StaticElasticJob6.odb,Step-1,Increment      1: Step Time =    1.000,"PLATE-1",           102,             1,   442.648E-03,       1.68068,            0.,"ASSEMBLY_PLATE-1__PICKEDSET2","ROCK","",  -877.324E-03,      -1.69326,      -1.66535,  -905.226E-03,  -148.283E-03
F:/Desktop/DeepOnet_Abaqus/StaticElasticJob6.odb,Step-1,Increment      1: Step Time =    1.000,"PLATE-1",           103,             1,   238.259E-03,       1.67212,            0.,"ASSEMBLY_PLATE-1__PICKEDSET2","ROCK","",  -949.471E-03,      -1.61964,      -1.59848,  -970.636E-03,  -117.203E-03
F:/Desktop/DeepOnet_Abaqus/StaticElasticJob6.odb,Step-1,Increment      1: Step Time =    1.000,"PLATE-1",           104,             1,   139.536E-03,       1.66228,            0.,"ASSEMBLY_PLATE-1__PICKEDSET2","ROCK","",  -972.471E-03,      -1.60439,      -1.58926,  -987.595E-03,  -96.5841E-03
F:/Desktop/DeepOnet_Abaqus/StaticElasticJob6.odb,Step-1,Increment      1: Step Time =    1.000,"PLATE-1",           105,             1,   206.687E-03,       1.82165,            0.,"ASSEMBLY_PLATE-1__PICKEDSET2","ROCK","",  -936.997E-03,      -1.66076,      -1.64824,  -949.522E-03,  -94.3812E-03
F:/Desktop/DeepOnet_Abaqus/StaticElasticJob6.odb,Step-1,Increment      1: Step Time =    1.000,"PLATE-1",           106,             1,   42.3546E-03,       1.65180,            0.,"ASSEMBLY_PLATE-1__PICKEDSET2","ROCK","",  -992.072E-03,      -1.59701,      -1.58679,      -1.00230,  -77.9764E-03
F:/Desktop/DeepOnet_Abaqus/StaticElasticJob6.odb,Step-1,Increment      1: Step Time =    1.000,"PLATE-1",           107,             1,  -136.603E-03,       1.65434,            0.,"ASSEMBLY_PLATE-1__PICKEDSET2","ROCK","",      -1.00607,      -1.59664,      -1.59137,      -1.01135,  -55.5464E-03
F:/Desktop/DeepOnet_Abaqus/StaticElasticJob6.odb,Step-1,Increment      1: Step Time =    1.000,"PLATE-1",           108,             1,  -337.461E-03,       1.67221,            0.,"ASSEMBLY_PLATE-1__PICKEDSET2","ROCK","",      -1.00881,      -1.60594,      -1.60338,      -1.01137,  -39.0138E-03
F:/Desktop/DeepOnet_Abaqus/StaticElasticJob6.odb,Step-1,Increment      1: Step Time =    1.000,"PLATE-1",           109,             1,  -440.090E-03,       1.67322,            0.,"ASSEMBLY_PLATE-1__PICKEDSET2","ROCK","",      -1.00843,      -1.60974,      -1.60789,      -1.01027,  -33.2262E-03
F:/Desktop/DeepOnet_Abaqus/StaticElasticJob6.odb,Step-1,Increment      1: Step Time =    1.000,"PLATE-1",           110,             1,  -541.747E-03,       1.67576,            0.,"ASSEMBLY_PLATE-1__PICKEDSET2","ROCK","",      -1.00850,      -1.61349,      -1.61214,      -1.00985,  -28.5116E-03
F:/Desktop/DeepOnet_Abaqus/StaticElasticJob6.odb,Step-1,Increment      1: Step Time =    1.000,"PLATE-1",           111,             1,  -644.150E-03,       1.68015,            0.,"ASSEMBLY_PLATE-1__PICKEDSET2","ROCK","",      -1.00753,      -1.61627,      -1.61519,      -1.00861,  -25.6335E-03
F:/Desktop/DeepOnet_Abaqus/StaticElasticJob6.odb,Step-1,Increment      1: Step Time =    1.000,"PLATE-1",           112,             1,  -750.631E-03,       1.68708,            0.,"ASSEMBLY_PLATE-1__PICKEDSET2","ROCK","",      -1.00687,      -1.61948,      -1.61860,      -1.00776,  -23.2305E-03
F:/Desktop/DeepOnet_Abaqus/StaticElasticJob6.odb,Step-1,Increment      1: Step Time =    1.000,"PLATE-1",           113,             1,      -1.06514,       1.64798,            0.,"ASSEMBLY_PLATE-1__PICKEDSET2","ROCK","",      -1.00583,      -1.62361,      -1.62305,      -1.00640,  -18.6155E-03
F:/Desktop/DeepOnet_Abaqus/StaticElasticJob6.odb,Step-1,Increment      1: Step Time =    1.000,"PLATE-1",           114,             1,      -1.14962,       1.64101,            0.,"ASSEMBLY_PLATE-1__PICKEDSET2","ROCK","",      -1.00598,      -1.62409,      -1.62356,      -1.00651,  -18.0561E-03
F:/Desktop/DeepOnet_Abaqus/StaticElasticJob6.odb,Step-1,Increment      1: Step Time =    1.000,"PLATE-1",           115,             1,      -1.24270,       1.64997,            0.,"ASSEMBLY_PLATE-1__PICKEDSET2","ROCK","",      -1.00591,      -1.62457,      -1.62406,      -1.00641,  -17.7244E-03
F:/Desktop/DeepOnet_Abaqus/StaticElasticJob6.odb,Step-1,Increment      1: Step Time =    1.000,"PLATE-1",           116,             1,       1.66387,      -1.45737,            0.,"ASSEMBLY_PLATE-1__PICKEDSET2","ROCK","",  -999.995E-03,      -1.65212,      -1.65179,      -1.00032,  -14.5622E-03
F:/Desktop/DeepOnet_Abaqus/StaticElasticJob6.odb,Step-1,Increment      1: Step Time =    1.000,"PLATE-1",           117,             1,       1.66521,      -1.25833,            0.,"ASSEMBLY_PLATE-1__PICKEDSET2","ROCK","",  -999.845E-03,      -1.65266,      -1.65221,      -1.00030,  -17.2213E-03
F:/Desktop/DeepOnet_Abaqus/StaticElasticJob6.odb,Step-1,Increment      1: Step Time =    1.000,"PLATE-1",           118,             1,       1.65973,      -1.35648,            0.,"ASSEMBLY_PLATE-1__PICKEDSET2","ROCK","",  -999.832E-03,      -1.65292,      -1.65253,      -1.00022,  -15.8766E-03
F:/Desktop/DeepOnet_Abaqus/StaticElasticJob6.odb,Step-1,Increment      1: Step Time =    1.000,"PLATE-1",           119,             1,       1.67175,      -1.16092,            0.,"ASSEMBLY_PLATE-1__PICKEDSET2","ROCK","",      -1.00001,      -1.65288,      -1.65235,      -1.00054,  -18.5956E-03
F:/Desktop/DeepOnet_Abaqus/StaticElasticJob6.odb,Step-1,Increment      1: Step Time =    1.000,"PLATE-1",           120,             1,       1.67945,  -959.449E-03,            0.,"ASSEMBLY_PLATE-1__PICKEDSET2","ROCK","",      -1.00052,      -1.65146,      -1.65081,      -1.00117,  -20.6630E-03
F:/Desktop/DeepOnet_Abaqus/StaticElasticJob6.odb,Step-1,Increment      1: Step Time =    1.000,"PLATE-1",           121,             1,       1.68606,  -853.790E-03,            0.,"ASSEMBLY_PLATE-1__PICKEDSET2","ROCK","",      -1.00088,      -1.65072,      -1.65000,      -1.00160,  -21.5682E-03
F:/Desktop/DeepOnet_Abaqus/StaticElasticJob6.odb,Step-1,Increment      1: Step Time =    1.000,"PLATE-1",           122,             1,       1.70445,  -737.357E-03,            0.,"ASSEMBLY_PLATE-1__PICKEDSET2","ROCK","",      -1.00116,      -1.64920,      -1.64846,      -1.00190,  -21.9251E-03
F:/Desktop/DeepOnet_Abaqus/StaticElasticJob6.odb,Step-1,Increment      1: Step Time =    1.000,"PLATE-1",           123,             1,       1.66349,  -537.555E-03,            0.,"ASSEMBLY_PLATE-1__PICKEDSET2","ROCK","",      -1.00255,      -1.64696,      -1.64625,      -1.00326,  -21.3986E-03
F:/Desktop/DeepOnet_Abaqus/StaticElasticJob6.odb,Step-1,Increment      1: Step Time =    1.000,"PLATE-1",           124,             1,       1.65435,  -444.331E-03,            0.,"ASSEMBLY_PLATE-1__PICKEDSET2","ROCK","",      -1.00278,      -1.64591,      -1.64526,      -1.00343,  -20.4015E-03
F:/Desktop/DeepOnet_Abaqus/StaticElasticJob6.odb,Step-1,Increment      1: Step Time =    1.000,"PLATE-1",           125,             1,       1.66348,  -250.931E-03,            0.,"ASSEMBLY_PLATE-1__PICKEDSET2","ROCK","",  -999.197E-03,      -1.64592,      -1.64542,  -999.696E-03,  -17.9425E-03
F:/Desktop/DeepOnet_Abaqus/StaticElasticJob6.odb,Step-1,Increment      1: Step Time =    1.000,"PLATE-1",           126,             1,       1.67230,  -152.034E-03,            0.,"ASSEMBLY_PLATE-1__PICKEDSET2","ROCK","",  -996.480E-03,      -1.64751,      -1.64708,  -996.909E-03,  -16.7089E-03
F:/Desktop/DeepOnet_Abaqus/StaticElasticJob6.odb,Step-1,Increment      1: Step Time =    1.000,"PLATE-1",           127,             1,       1.67014,  -51.5191E-03,            0.,"ASSEMBLY_PLATE-1__PICKEDSET2","ROCK","",  -991.184E-03,      -1.65006,      -1.64964,  -991.600E-03,  -16.5621E-03
F:/Desktop/DeepOnet_Abaqus/StaticElasticJob6.odb,Step-1,Increment      1: Step Time =    1.000,"PLATE-1",           128,             1,       1.66243,   148.509E-03,            0.,"ASSEMBLY_PLATE-1__PICKEDSET2","ROCK","",  -975.001E-03,      -1.65811,      -1.65744,  -975.680E-03,  -21.5203E-03
F:/Desktop/DeepOnet_Abaqus/StaticElasticJob6.odb,Step-1,Increment      1: Step Time =    1.000,"PLATE-1",           129,             1,       1.66101,   247.471E-03,            0.,"ASSEMBLY_PLATE-1__PICKEDSET2","ROCK","",  -965.067E-03,      -1.66155,      -1.66031,  -966.303E-03,  -29.3148E-03
F:/Desktop/DeepOnet_Abaqus/StaticElasticJob6.odb,Step-1,Increment      1: Step Time =    1.000,"PLATE-1",           130,             1,       1.66100,   346.025E-03,            0.,"ASSEMBLY_PLATE-1__PICKEDSET2","ROCK","",  -953.850E-03,      -1.66282,      -1.66030,  -956.374E-03,  -42.2266E-03
F:/Desktop/DeepOnet_Abaqus/StaticElasticJob6.odb,Step-1,Increment      1: Step Time =    1.000,"PLATE-1",           131,             1,       1.67193,   542.032E-03,            0.,"ASSEMBLY_PLATE-1__PICKEDSET2","ROCK","",  -939.834E-03,      -1.64424,      -1.63455,  -949.526E-03,  -82.0560E-03
F:/Desktop/DeepOnet_Abaqus/StaticElasticJob6.odb,Step-1,Increment      1: Step Time =    1.000,"PLATE-1",           132,             1,       1.67453,   642.366E-03,            0.,"ASSEMBLY_PLATE-1__PICKEDSET2","ROCK","",  -936.319E-03,      -1.61874,      -1.60106,  -953.999E-03,  -108.409E-03
F:/Desktop/DeepOnet_Abaqus/StaticElasticJob6.odb,Step-1,Increment      1: Step Time =    1.000,"PLATE-1",           133,             1,       1.67785,   743.436E-03,            0.,"ASSEMBLY_PLATE-1__PICKEDSET2","ROCK","",  -954.058E-03,      -1.57306,      -1.54657,  -980.554E-03,  -125.296E-03
F:/Desktop/DeepOnet_Abaqus/StaticElasticJob6.odb,Step-1,Increment      1: Step Time =    1.000,"PLATE-1",           134,             1,       1.68028,       1.05104,            0.,"ASSEMBLY_PLATE-1__PICKEDSET2","ROCK","",      -1.08592,      -1.35809,      -1.34722,      -1.09679,  -53.3048E-03
F:/Desktop/DeepOnet_Abaqus/StaticElasticJob6.odb,Step-1,Increment      1: Step Time =    1.000,"PLATE-1",           135,             1,       1.67537,       1.15366,            0.,"ASSEMBLY_PLATE-1__PICKEDSET2","ROCK","",      -1.11213,      -1.33328,      -1.33083,      -1.11458,   23.1624E-03
F:/Desktop/DeepOnet_Abaqus/StaticElasticJob6.odb,Step-1,Increment      1: Step Time =    1.000,"PLATE-1",           136,             1,       1.66537,       1.25332,            0.,"ASSEMBLY_PLATE-1__PICKEDSET2","ROCK","",      -1.08024,      -1.39034,      -1.35435,      -1.11624,   99.3277E-03
F:/Desktop/DeepOnet_Abaqus/StaticElasticJob6.odb,Step-1,Increment      1: Step Time =    1.000,"PLATE-1",           137,             1,      -1.43884,      -1.67877,            0.,"ASSEMBLY_PLATE-1__PICKEDSET2","ROCK","",  -997.589E-03,      -1.65026,      -1.64996,  -997.890E-03,   14.0098E-03
F:/Desktop/DeepOnet_Abaqus/StaticElasticJob6.odb,Step-1,Increment      1: Step Time =    1.000,"PLATE-1",           138,             1,      -1.34067,      -1.66612,            0.,"ASSEMBLY_PLATE-1__PICKEDSET2","ROCK","",  -997.289E-03,      -1.65202,      -1.65173,  -997.579E-03,   13.7843E-03
F:/Desktop/DeepOnet_Abaqus/StaticElasticJob6.odb,Step-1,Increment      1: Step Time =    1.000,"PLATE-1",           139,             1,      -1.24367,      -1.66318,            0.,"ASSEMBLY_PLATE-1__PICKEDSET2","ROCK","",  -996.969E-03,      -1.65386,      -1.65358,  -997.246E-03,   13.4818E-03
F:/Desktop/DeepOnet_Abaqus/StaticElasticJob6.odb,Step-1,Increment      1: Step Time =    1.000,"PLATE-1",           140,             1,      -1.04700,      -1.66701,            0.,"ASSEMBLY_PLATE-1__PICKEDSET2","ROCK","",  -996.857E-03,      -1.65705,      -1.65683,  -997.073E-03,   11.9296E-03
F:/Desktop/DeepOnet_Abaqus/StaticElasticJob6.odb,Step-1,Increment      1: Step Time =    1.000,"PLATE-1",           141,             1,  -843.952E-03,      -1.68240,            0.,"ASSEMBLY_PLATE-1__PICKEDSET2","ROCK","",  -997.237E-03,      -1.66069,      -1.66054,  -997.381E-03,   9.76182E-03
F:/Desktop/DeepOnet_Abaqus/StaticElasticJob6.odb,Step-1,Increment      1: Step Time =    1.000,"PLATE-1",           142,             1,  -630.218E-03,      -1.68422,            0.,"ASSEMBLY_PLATE-1__PICKEDSET2","ROCK","",  -998.297E-03,      -1.66371,      -1.66363,  -998.373E-03,   7.07432E-03
F:/Desktop/DeepOnet_Abaqus/StaticElasticJob6.odb,Step-1,Increment      1: Step Time =    1.000,"PLATE-1",           143,             1,  -526.730E-03,      -1.67280,            0.,"ASSEMBLY_PLATE-1__PICKEDSET2","ROCK","",  -998.594E-03,      -1.66550,      -1.66545,  -998.649E-03,   6.04816E-03
F:/Desktop/DeepOnet_Abaqus/StaticElasticJob6.odb,Step-1,Increment      1: Step Time =    1.000,"PLATE-1",           144,             1,  -435.703E-03,      -1.65323,            0.,"ASSEMBLY_PLATE-1__PICKEDSET2","ROCK","",  -998.947E-03,      -1.66676,      -1.66672,  -998.985E-03,   5.01289E-03
F:/Desktop/DeepOnet_Abaqus/StaticElasticJob6.odb,Step-1,Increment      1: Step Time =    1.000,"PLATE-1",           145,             1,  -253.286E-03,      -1.65859,            0.,"ASSEMBLY_PLATE-1__PICKEDSET2","ROCK","",      -1.00008,      -1.66886,      -1.66885,      -1.00009,   2.62847E-03
F:/Desktop/DeepOnet_Abaqus/StaticElasticJob6.odb,Step-1,Increment      1: Step Time =    1.000,"PLATE-1",           146,             1,  -156.408E-03,      -1.65597,            0.,"ASSEMBLY_PLATE-1__PICKEDSET2","ROCK","",      -1.00075,      -1.66887,      -1.66887,      -1.00076,   1.84211E-03
F:/Desktop/DeepOnet_Abaqus/StaticElasticJob6.odb,Step-1,Increment      1: Step Time =    1.000,"PLATE-1",           147,             1,  -263.245E-03,      -1.78290,            0.,"ASSEMBLY_PLATE-1__PICKEDSET2","ROCK","",      -1.00171,      -1.66342,      -1.66341,      -1.00171,   2.02204E-03
F:/Desktop/DeepOnet_Abaqus/StaticElasticJob6.odb,Step-1,Increment      1: Step Time =    1.000,"PLATE-1",           148,             1,  -65.9586E-03,      -1.67242,            0.,"ASSEMBLY_PLATE-1__PICKEDSET2","ROCK","",      -1.00159,      -1.66817,      -1.66817,      -1.00159,   364.150E-06
F:/Desktop/DeepOnet_Abaqus/StaticElasticJob6.odb,Step-1,Increment      1: Step Time =    1.000,"PLATE-1",           149,             1,   151.919E-03,      -1.69156,            0.,"ASSEMBLY_PLATE-1__PICKEDSET2","ROCK","",      -1.00239,      -1.66800,      -1.66799,      -1.00240,  -2.05842E-03
F:/Desktop/DeepOnet_Abaqus/StaticElasticJob6.odb,Step-1,Increment      1: Step Time =    1.000,"PLATE-1",           150,             1,   344.439E-03,      -1.66767,            0.,"ASSEMBLY_PLATE-1__PICKEDSET2","ROCK","",      -1.00241,      -1.66733,      -1.66730,      -1.00245,  -4.52060E-03
F:/Desktop/DeepOnet_Abaqus/StaticElasticJob6.odb,Step-1,Increment      1: Step Time =    1.000,"PLATE-1",           151,             1,   440.771E-03,      -1.67982,            0.,"ASSEMBLY_PLATE-1__PICKEDSET2","ROCK","",      -1.00250,      -1.66665,      -1.66661,      -1.00254,  -5.10732E-03
F:/Desktop/DeepOnet_Abaqus/StaticElasticJob6.odb,Step-1,Increment      1: Step Time =    1.000,"PLATE-1",           152,             1,   544.588E-03,      -1.68185,            0.,"ASSEMBLY_PLATE-1__PICKEDSET2","ROCK","",      -1.00234,      -1.66527,      -1.66522,      -1.00239,  -5.96618E-03
F:/Desktop/DeepOnet_Abaqus/StaticElasticJob6.odb,Step-1,Increment      1: Step Time =    1.000,"PLATE-1",           153,             1,   651.226E-03,      -1.68624,            0.,"ASSEMBLY_PLATE-1__PICKEDSET2","ROCK","",      -1.00225,      -1.66390,      -1.66383,      -1.00232,  -7.08541E-03
F:/Desktop/DeepOnet_Abaqus/StaticElasticJob6.odb,Step-1,Increment      1: Step Time =    1.000,"PLATE-1",           154,             1,       1.04860,      -1.65697,            0.,"ASSEMBLY_PLATE-1__PICKEDSET2","ROCK","",      -1.00138,      -1.65962,      -1.65945,      -1.00155,  -10.3421E-03
F:/Desktop/DeepOnet_Abaqus/StaticElasticJob6.odb,Step-1,Increment      1: Step Time =    1.000,"PLATE-1",           155,             1,       1.14684,      -1.65609,            0.,"ASSEMBLY_PLATE-1__PICKEDSET2","ROCK","",      -1.00128,      -1.65802,      -1.65785,      -1.00145,  -10.5769E-03
F:/Desktop/DeepOnet_Abaqus/StaticElasticJob6.odb,Step-1,Increment      1: Step Time =    1.000,"PLATE-1",           156,             1,       1.34368,      -1.67447,            0.,"ASSEMBLY_PLATE-1__PICKEDSET2","ROCK","",      -1.00093,      -1.65528,      -1.65509,      -1.00111,  -11.0136E-03
F:/Desktop/DeepOnet_Abaqus/StaticElasticJob6.odb,Step-1,Increment      1: Step Time =    1.000,"PLATE-1",           157,             1,       1.55202,      -1.69621,            0.,"ASSEMBLY_PLATE-1__PICKEDSET2","ROCK","",      -1.00053,      -1.65263,      -1.65243,      -1.00074,  -11.5897E-03
F:/Desktop/DeepOnet_Abaqus/StaticElasticJob6.odb,Step-1,Increment      1: Step Time =    1.000,"PLATE-1",           158,             1,      -1.70099,  -833.284E-03,            0.,"ASSEMBLY_PLATE-1__PICKEDSET2","ROCK","",      -1.00474,      -1.63361,      -1.63240,      -1.00595,   27.4720E-03
F:/Desktop/DeepOnet_Abaqus/StaticElasticJob6.odb,Step-1,Increment      1: Step Time =    1.000,"PLATE-1",           159,             1,      -1.81392,   188.749E-03,            0.,"ASSEMBLY_PLATE-1__PICKEDSET2","ROCK","",      -1.02295,      -1.60390,      -1.60384,      -1.02301,   5.91358E-03
F:/Desktop/DeepOnet_Abaqus/StaticElasticJob6.odb,Step-1,Increment      1: Step Time =    1.000,"PLATE-1",           160,             1,       1.66612,   443.779E-03,            0.,"ASSEMBLY_PLATE-1__PICKEDSET2","ROCK","",  -943.198E-03,      -1.65649,      -1.65096,  -948.722E-03,  -62.5307E-03
F:/Desktop/DeepOnet_Abaqus/StaticElasticJob6.odb,Step-1,Increment      1: Step Time =    1.000,"PLATE-1",           161,             1,       1.82242,   520.596E-03,            0.,"ASSEMBLY_PLATE-1__PICKEDSET2","ROCK","",  -962.993E-03,      -1.62230,      -1.61381,  -971.478E-03,  -74.3107E-03
F:/Desktop/DeepOnet_Abaqus/StaticElasticJob6.odb,Step-1,Increment      1: Step Time =    1.000,"PLATE-1",           162,             1,      -1.66556,       1.04777,            0.,"ASSEMBLY_PLATE-1__PICKEDSET2","ROCK","",      -1.01163,      -1.61710,      -1.61680,      -1.01194,  -13.5369E-03
F:/Desktop/DeepOnet_Abaqus/StaticElasticJob6.odb,Step-1,Increment      1: Step Time =    1.000,"PLATE-1",           163,             1,      -1.79545,   888.148E-03,            0.,"ASSEMBLY_PLATE-1__PICKEDSET2","ROCK","",      -1.01452,      -1.61429,      -1.61410,      -1.01471,  -10.7114E-03
F:/Desktop/DeepOnet_Abaqus/StaticElasticJob6.odb,Step-1,Increment      1: Step Time =    1.000,"PLATE-1",           164,             1,      -1.83632,   784.361E-03,            0.,"ASSEMBLY_PLATE-1__PICKEDSET2","ROCK","",      -1.01589,      -1.61289,      -1.61275,      -1.01603,  -9.03845E-03
F:/Desktop/DeepOnet_Abaqus/StaticElasticJob6.odb,Step-1,Increment      1: Step Time =    1.000,"PLATE-1",           165,             1,      -1.68724,   653.112E-03,            0.,"ASSEMBLY_PLATE-1__PICKEDSET2","ROCK","",      -1.01803,      -1.60761,      -1.60747,      -1.01817,  -9.20753E-03
F:/Desktop/DeepOnet_Abaqus/StaticElasticJob6.odb,Step-1,Increment      1: Step Time =    1.000,"PLATE-1",           166,             1,      -1.73015,  -375.097E-03,            0.,"ASSEMBLY_PLATE-1__PICKEDSET2","ROCK","",      -1.01649,      -1.61461,      -1.61354,      -1.01756,   25.2401E-03
F:/Desktop/DeepOnet_Abaqus/StaticElasticJob6.odb,Step-1,Increment      1: Step Time =    1.000,"PLATE-1",           167,             1,      -1.66353,   251.735E-03,            0.,"ASSEMBLY_PLATE-1__PICKEDSET2","ROCK","",      -1.02531,      -1.59839,      -1.59838,      -1.02532,   2.42474E-03
F:/Desktop/DeepOnet_Abaqus/StaticElasticJob6.odb,Step-1,Increment      1: Step Time =    1.000,"PLATE-1",           168,             1,      -1.65910,  -162.769E-03,            0.,"ASSEMBLY_PLATE-1__PICKEDSET2","ROCK","",      -1.02264,      -1.60434,      -1.60362,      -1.02336,   20.4284E-03
F:/Desktop/DeepOnet_Abaqus/StaticElasticJob6.odb,Step-1,Increment      1: Step Time =    1.000,"PLATE-1",           169,             1,      -1.67412,  -530.869E-03,            0.,"ASSEMBLY_PLATE-1__PICKEDSET2","ROCK","",      -1.01217,      -1.62107,      -1.61973,      -1.01351,   28.5292E-03
F:/Desktop/DeepOnet_Abaqus/StaticElasticJob6.odb,Step-1,Increment      1: Step Time =    1.000,"PLATE-1",           170,             1,      -1.90394,  -796.517E-03,            0.,"ASSEMBLY_PLATE-1__PICKEDSET2","ROCK","",      -1.00672,      -1.63082,      -1.62993,      -1.00760,   23.4356E-03
F:/Desktop/DeepOnet_Abaqus/StaticElasticJob6.odb,Step-1,Increment      1: Step Time =    1.000,"PLATE-1",           171,             1,      -1.83746,  -572.537E-03,            0.,"ASSEMBLY_PLATE-1__PICKEDSET2","ROCK","",      -1.01114,      -1.62308,      -1.62202,      -1.01220,   25.3796E-03
F:/Desktop/DeepOnet_Abaqus/StaticElasticJob6.odb,Step-1,Increment      1: Step Time =    1.000,"PLATE-1",           172,             1,      -1.89321,  -672.955E-03,            0.,"ASSEMBLY_PLATE-1__PICKEDSET2","ROCK","",      -1.00920,      -1.62707,      -1.62615,      -1.01011,   23.7843E-03
F:/Desktop/DeepOnet_Abaqus/StaticElasticJob6.odb,Step-1,Increment      1: Step Time =    1.000,"PLATE-1",           173,             1,       1.05280,       1.67288,            0.,"ASSEMBLY_PLATE-1__PICKEDSET2","ROCK","",      -1.11295,      -2.03586,      -2.03039,      -1.11842,   70.8662E-03
F:/Desktop/DeepOnet_Abaqus/StaticElasticJob6.odb,Step-1,Increment      1: Step Time =    1.000,"PLATE-1",           174,             1,   962.527E-03,       1.81853,            0.,"ASSEMBLY_PLATE-1__PICKEDSET2","ROCK","",      -1.02224,      -1.86496,      -1.85828,      -1.02892,   74.7266E-03
F:/Desktop/DeepOnet_Abaqus/StaticElasticJob6.odb,Step-1,Increment      1: Step Time =    1.000,"PLATE-1",           175,             1,   864.421E-03,       1.83038,            0.,"ASSEMBLY_PLATE-1__PICKEDSET2","ROCK","",  -968.805E-03,      -1.83877,      -1.83662,  -970.957E-03,   43.2145E-03
F:/Desktop/DeepOnet_Abaqus/StaticElasticJob6.odb,Step-1,Increment      1: Step Time =    1.000,"PLATE-1",           176,             1,   549.912E-03,       2.02539,            0.,"ASSEMBLY_PLATE-1__PICKEDSET2","ROCK","",  -925.904E-03,      -1.74748,      -1.74698,  -926.399E-03,  -20.1752E-03
F:/Desktop/DeepOnet_Abaqus/StaticElasticJob6.odb,Step-1,Increment      1: Step Time =    1.000,"PLATE-1",           177,             1,   648.669E-03,       1.68201,            0.,"ASSEMBLY_PLATE-1__PICKEDSET2","ROCK","",  -797.046E-03,      -1.82238,      -1.80243,  -816.999E-03,  -141.634E-03
F:/Desktop/DeepOnet_Abaqus/StaticElasticJob6.odb,Step-1,Increment      1: Step Time =    1.000,"PLATE-1",           178,             1,   649.642E-03,       1.84420,            0.,"ASSEMBLY_PLATE-1__PICKEDSET2","ROCK","",  -882.394E-03,      -1.80303,      -1.80184,  -883.589E-03,  -33.1514E-03
F:/Desktop/DeepOnet_Abaqus/StaticElasticJob6.odb,Step-1,Increment      1: Step Time =    1.000,"PLATE-1",           179,             1,   532.751E-03,       1.85738,            0.,"ASSEMBLY_PLATE-1__PICKEDSET2","ROCK","",  -884.243E-03,      -1.76562,      -1.76104,  -888.831E-03,  -63.4254E-03
F:/Desktop/DeepOnet_Abaqus/StaticElasticJob6.odb,Step-1,Increment      1: Step Time =    1.000,"PLATE-1",           180,             1,   339.742E-03,       1.67685,            0.,"ASSEMBLY_PLATE-1__PICKEDSET2","ROCK","",  -913.353E-03,      -1.65014,      -1.62271,  -940.785E-03,  -139.496E-03
F:/Desktop/DeepOnet_Abaqus/StaticElasticJob6.odb,Step-1,Increment      1: Step Time =    1.000,"PLATE-1",           181,             1,   17.7231E-03,       1.74957,            0.,"ASSEMBLY_PLATE-1__PICKEDSET2","ROCK","",  -980.065E-03,      -1.61746,      -1.60850,  -989.028E-03,  -75.0507E-03
F:/Desktop/DeepOnet_Abaqus/StaticElasticJob6.odb,Step-1,Increment      1: Step Time =    1.000,"PLATE-1",           182,             1,  -231.988E-03,       1.67100,            0.,"ASSEMBLY_PLATE-1__PICKEDSET2","ROCK","",      -1.00672,      -1.60125,      -1.59753,      -1.01044,  -46.8685E-03
F:/Desktop/DeepOnet_Abaqus/StaticElasticJob6.odb,Step-1,Increment      1: Step Time =    1.000,"PLATE-1",           183,             1,  -300.944E-03,       1.96258,            0.,"ASSEMBLY_PLATE-1__PICKEDSET2","ROCK","",  -990.938E-03,      -1.63187,      -1.62890,  -993.905E-03,  -43.5083E-03
F:/Desktop/DeepOnet_Abaqus/StaticElasticJob6.odb,Step-1,Increment      1: Step Time =    1.000,"PLATE-1",           184,             1,  -710.235E-03,       1.99682,            0.,"ASSEMBLY_PLATE-1__PICKEDSET2","ROCK","",  -999.320E-03,      -1.63089,      -1.62969,      -1.00052,  -27.5008E-03
F:/Desktop/DeepOnet_Abaqus/StaticElasticJob6.odb,Step-1,Increment      1: Step Time =    1.000,"PLATE-1",           185,             1,  -523.060E-03,       1.82588,            0.,"ASSEMBLY_PLATE-1__PICKEDSET2","ROCK","",      -1.00213,      -1.62115,      -1.61937,      -1.00391,  -33.1804E-03
F:/Desktop/DeepOnet_Abaqus/StaticElasticJob6.odb,Step-1,Increment      1: Step Time =    1.000,"PLATE-1",           186,             1,  -626.874E-03,       1.83588,            0.,"ASSEMBLY_PLATE-1__PICKEDSET2","ROCK","",      -1.00282,      -1.62344,      -1.62204,      -1.00422,  -29.4474E-03
F:/Desktop/DeepOnet_Abaqus/StaticElasticJob6.odb,Step-1,Increment      1: Step Time =    1.000,"PLATE-1",           187,             1,  -865.929E-03,       1.69701,            0.,"ASSEMBLY_PLATE-1__PICKEDSET2","ROCK","",      -1.00604,      -1.62162,      -1.62088,      -1.00678,  -21.4438E-03
F:/Desktop/DeepOnet_Abaqus/StaticElasticJob6.odb,Step-1,Increment      1: Step Time =    1.000,"PLATE-1",           188,             1,  -739.607E-03,       1.85267,            0.,"ASSEMBLY_PLATE-1__PICKEDSET2","ROCK","",      -1.00273,      -1.62511,      -1.62399,      -1.00385,  -26.3673E-03
F:/Desktop/DeepOnet_Abaqus/StaticElasticJob6.odb,Step-1,Increment      1: Step Time =    1.000,"PLATE-1",           189,             1,  -975.756E-03,       1.68163,            0.,"ASSEMBLY_PLATE-1__PICKEDSET2","ROCK","",      -1.00580,      -1.62319,      -1.62255,      -1.00645,  -19.9390E-03
F:/Desktop/DeepOnet_Abaqus/StaticElasticJob6.odb,Step-1,Increment      1: Step Time =    1.000,"PLATE-1",           190,             1,      -1.06712,       1.80678,            0.,"ASSEMBLY_PLATE-1__PICKEDSET2","ROCK","",      -1.00458,      -1.62641,      -1.62574,      -1.00524,  -20.3394E-03
F:/Desktop/DeepOnet_Abaqus/StaticElasticJob6.odb,Step-1,Increment      1: Step Time =    1.000,"PLATE-1",           191,             1,       1.67643,      -1.06174,            0.,"ASSEMBLY_PLATE-1__PICKEDSET2","ROCK","",      -1.00015,      -1.65219,      -1.65160,      -1.00074,  -19.6561E-03
F:/Desktop/DeepOnet_Abaqus/StaticElasticJob6.odb,Step-1,Increment      1: Step Time =    1.000,"PLATE-1",           192,             1,       1.83207,  -978.326E-03,            0.,"ASSEMBLY_PLATE-1__PICKEDSET2","ROCK","",  -999.692E-03,      -1.65028,      -1.64967,      -1.00030,  -19.8686E-03
F:/Desktop/DeepOnet_Abaqus/StaticElasticJob6.odb,Step-1,Increment      1: Step Time =    1.000,"PLATE-1",           193,             1,       1.84032,  -871.999E-03,            0.,"ASSEMBLY_PLATE-1__PICKEDSET2","ROCK","",  -999.819E-03,      -1.64932,      -1.64864,      -1.00050,  -20.9432E-03
F:/Desktop/DeepOnet_Abaqus/StaticElasticJob6.odb,Step-1,Increment      1: Step Time =    1.000,"PLATE-1",           194,             1,       1.75546,  -349.511E-03,            0.,"ASSEMBLY_PLATE-1__PICKEDSET2","ROCK","",  -998.840E-03,      -1.64654,      -1.64589,  -999.488E-03,  -20.4825E-03
F:/Desktop/DeepOnet_Abaqus/StaticElasticJob6.odb,Step-1,Increment      1: Step Time =    1.000,"PLATE-1",           195,             1,       1.69387,  -629.315E-03,            0.,"ASSEMBLY_PLATE-1__PICKEDSET2","ROCK","",      -1.00163,      -1.64789,      -1.64714,      -1.00238,  -21.9090E-03
F:/Desktop/DeepOnet_Abaqus/StaticElasticJob6.odb,Step-1,Increment      1: Step Time =    1.000,"PLATE-1",           196,             1,       1.65446,  -348.225E-03,            0.,"ASSEMBLY_PLATE-1__PICKEDSET2","ROCK","",      -1.00203,      -1.64546,      -1.64487,      -1.00262,  -19.4795E-03
F:/Desktop/DeepOnet_Abaqus/StaticElasticJob6.odb,Step-1,Increment      1: Step Time =    1.000,"PLATE-1",           197,             1,       1.88427,   355.222E-03,            0.,"ASSEMBLY_PLATE-1__PICKEDSET2","ROCK","",  -972.592E-03,      -1.63214,      -1.62738,  -977.352E-03,  -55.8288E-03
F:/Desktop/DeepOnet_Abaqus/StaticElasticJob6.odb,Step-1,Increment      1: Step Time =    1.000,"PLATE-1",           198,             1,       1.77872,   337.670E-03,            0.,"ASSEMBLY_PLATE-1__PICKEDSET2","ROCK","",  -963.027E-03,      -1.64787,      -1.64422,  -966.679E-03,  -49.8757E-03
F:/Desktop/DeepOnet_Abaqus/StaticElasticJob6.odb,Step-1,Increment      1: Step Time =    1.000,"PLATE-1",           199,             1,       1.81586,  -43.0055E-03,            0.,"ASSEMBLY_PLATE-1__PICKEDSET2","ROCK","",  -987.821E-03,      -1.64804,      -1.64716,  -988.698E-03,  -24.0421E-03
F:/Desktop/DeepOnet_Abaqus/StaticElasticJob6.odb,Step-1,Increment      1: Step Time =    1.000,"PLATE-1",           200,             1,       1.82235,   626.694E-03,            0.,"ASSEMBLY_PLATE-1__PICKEDSET2","ROCK","",  -978.076E-03,      -1.59155,      -1.58040,  -989.222E-03,  -81.9346E-03
F:/Desktop/DeepOnet_Abaqus/StaticElasticJob6.odb,Step-1,Increment      1: Step Time =    1.000,"PLATE-1",           201,             1,       1.68113,   844.973E-03,            0.,"ASSEMBLY_PLATE-1__PICKEDSET2","ROCK","",  -976.843E-03,      -1.51599,      -1.48341,      -1.00942,  -128.469E-03
F:/Desktop/DeepOnet_Abaqus/StaticElasticJob6.odb,Step-1,Increment      1: Step Time =    1.000,"PLATE-1",           202,             1,       2.02294,   817.213E-03,            0.,"ASSEMBLY_PLATE-1__PICKEDSET2","ROCK","",      -1.03016,      -1.53153,      -1.52619,      -1.03551,  -51.4919E-03
F:/Desktop/DeepOnet_Abaqus/StaticElasticJob6.odb,Step-1,Increment      1: Step Time =    1.000,"PLATE-1",           203,             1,       1.84616,   944.628E-03,            0.,"ASSEMBLY_PLATE-1__PICKEDSET2","ROCK","",      -1.04733,      -1.47475,      -1.46744,      -1.05463,  -55.3938E-03
F:/Desktop/DeepOnet_Abaqus/StaticElasticJob6.odb,Step-1,Increment      1: Step Time =    1.000,"PLATE-1",           204,             1,  -946.429E-03,      -1.67418,            0.,"ASSEMBLY_PLATE-1__PICKEDSET2","ROCK","",  -996.915E-03,      -1.65921,      -1.65903,  -997.091E-03,   10.8089E-03
F:/Desktop/DeepOnet_Abaqus/StaticElasticJob6.odb,Step-1,Increment      1: Step Time =    1.000,"PLATE-1",           205,             1,  -717.458E-03,      -1.86026,            0.,"ASSEMBLY_PLATE-1__PICKEDSET2","ROCK","",  -999.819E-03,      -1.65886,      -1.65881,  -999.867E-03,   5.63183E-03
F:/Desktop/DeepOnet_Abaqus/StaticElasticJob6.odb,Step-1,Increment      1: Step Time =    1.000,"PLATE-1",           206,             1,  -586.076E-03,      -1.85552,            0.,"ASSEMBLY_PLATE-1__PICKEDSET2","ROCK","",      -1.00038,      -1.66023,      -1.66019,      -1.00042,   4.63106E-03
F:/Desktop/DeepOnet_Abaqus/StaticElasticJob6.odb,Step-1,Increment      1: Step Time =    1.000,"PLATE-1",           207,             1,  -348.840E-03,      -1.64988,            0.,"ASSEMBLY_PLATE-1__PICKEDSET2","ROCK","",  -999.573E-03,      -1.66793,      -1.66791,  -999.592E-03,   3.56512E-03
F:/Desktop/DeepOnet_Abaqus/StaticElasticJob6.odb,Step-1,Increment      1: Step Time =    1.000,"PLATE-1",           208,             1,   253.088E-03,      -1.67054,            0.,"ASSEMBLY_PLATE-1__PICKEDSET2","ROCK","",      -1.00238,      -1.66769,      -1.66768,      -1.00240,  -3.20427E-03
F:/Desktop/DeepOnet_Abaqus/StaticElasticJob6.odb,Step-1,Increment      1: Step Time =    1.000,"PLATE-1",           209,             1,   573.369E-03,      -1.97160,            0.,"ASSEMBLY_PLATE-1__PICKEDSET2","ROCK","",      -1.00442,      -1.65802,      -1.65800,      -1.00445,  -4.16072E-03
F:/Desktop/DeepOnet_Abaqus/StaticElasticJob6.odb,Step-1,Increment      1: Step Time =    1.000,"PLATE-1",           210,             1,   534.942E-03,      -1.83638,            0.,"ASSEMBLY_PLATE-1__PICKEDSET2","ROCK","",      -1.00382,      -1.66114,      -1.66111,      -1.00386,  -4.71997E-03
F:/Desktop/DeepOnet_Abaqus/StaticElasticJob6.odb,Step-1,Increment      1: Step Time =    1.000,"PLATE-1",           211,             1,   763.204E-03,      -1.69312,            0.,"ASSEMBLY_PLATE-1__PICKEDSET2","ROCK","",      -1.00216,      -1.66235,      -1.66226,      -1.00225,  -7.99490E-03
F:/Desktop/DeepOnet_Abaqus/StaticElasticJob6.odb,Step-1,Increment      1: Step Time =    1.000,"PLATE-1",           212,             1,   641.272E-03,      -1.84807,            0.,"ASSEMBLY_PLATE-1__PICKEDSET2","ROCK","",      -1.00347,      -1.65984,      -1.65980,      -1.00351,  -5.38025E-03
F:/Desktop/DeepOnet_Abaqus/StaticElasticJob6.odb,Step-1,Increment      1: Step Time =    1.000,"PLATE-1",           213,             1,       1.05938,      -1.89087,            0.,"ASSEMBLY_PLATE-1__PICKEDSET2","ROCK","",      -1.00284,      -1.65477,      -1.65468,      -1.00293,  -7.72791E-03
F:/Desktop/DeepOnet_Abaqus/StaticElasticJob6.odb,Step-1,Increment      1: Step Time =    1.000,"PLATE-1",           214,             1,   953.691E-03,      -1.65514,            0.,"ASSEMBLY_PLATE-1__PICKEDSET2","ROCK","",      -1.00166,      -1.66055,      -1.66040,      -1.00181,  -10.0128E-03
F:/Desktop/DeepOnet_Abaqus/StaticElasticJob6.odb,Step-1,Increment      1: Step Time =    1.000,"PLATE-1",           215,             1,   936.032E-03,      -1.76052,            0.,"ASSEMBLY_PLATE-1__PICKEDSET2","ROCK","",      -1.00206,      -1.65962,      -1.65952,      -1.00216,  -8.14794E-03
F:/Desktop/DeepOnet_Abaqus/StaticElasticJob6.odb,Step-1,Increment      1: Step Time =    1.000,"PLATE-1",           216,             1,       1.04512,      -1.77010,            0.,"ASSEMBLY_PLATE-1__PICKEDSET2","ROCK","",      -1.00199,      -1.65763,      -1.65753,      -1.00210,  -8.41000E-03
F:/Desktop/DeepOnet_Abaqus/StaticElasticJob6.odb,Step-1,Increment      1: Step Time =    1.000,"PLATE-1",           217,             1,   919.679E-03,      -1.90945,            0.,"ASSEMBLY_PLATE-1__PICKEDSET2","ROCK","",      -1.00331,      -1.65624,      -1.65618,      -1.00338,  -6.46361E-03
F:/Desktop/DeepOnet_Abaqus/StaticElasticJob6.odb,Step-1,Increment      1: Step Time =    1.000,"PLATE-1",           218,             1,      -1.68119,   151.648E-03,            0.,"ASSEMBLY_PLATE-1__PICKEDSET2","ROCK","",      -1.02530,      -1.59912,      -1.59902,      -1.02540,   7.40647E-03
F:/Desktop/DeepOnet_Abaqus/StaticElasticJob6.odb,Step-1,Increment      1: Step Time =    1.000,"PLATE-1",           219,             1,      -1.84653,  -659.220E-06,            0.,"ASSEMBLY_PLATE-1__PICKEDSET2","ROCK","",      -1.02179,      -1.60633,      -1.60605,      -1.02206,   12.7167E-03
F:/Desktop/DeepOnet_Abaqus/StaticElasticJob6.odb,Step-1,Increment      1: Step Time =    1.000,"PLATE-1",           220,             1,   422.262E-03,       1.84422,            0.,"ASSEMBLY_PLATE-1__PICKEDSET2","ROCK","",  -899.691E-03,      -1.71622,      -1.70639,  -909.531E-03,  -89.0916E-03
F:/Desktop/DeepOnet_Abaqus/StaticElasticJob6.odb,Step-1,Increment      1: Step Time =    1.000,"PLATE-1",           221,             1,  -50.4099E-03,       1.64289,            0.,"ASSEMBLY_PLATE-1__PICKEDSET2","ROCK","",      -1.00158,      -1.59165,      -1.58423,      -1.00900,  -65.7459E-03
F:/Desktop/DeepOnet_Abaqus/StaticElasticJob6.odb,Step-1,Increment      1: Step Time =    1.000,"PLATE-1",           222,             1,  -602.924E-03,       1.98714,            0.,"ASSEMBLY_PLATE-1__PICKEDSET2","ROCK","",  -997.886E-03,      -1.63054,      -1.62905,  -999.381E-03,  -30.7190E-03
F:/Desktop/DeepOnet_Abaqus/StaticElasticJob6.odb,Step-1,Increment      1: Step Time =    1.000,"PLATE-1",           223,             1,  -266.961E-03,       2.10982,            0.,"ASSEMBLY_PLATE-1__PICKEDSET2","ROCK","",  -982.108E-03,      -1.64652,      -1.64410,  -984.526E-03,  -40.0041E-03
F:/Desktop/DeepOnet_Abaqus/StaticElasticJob6.odb,Step-1,Increment      1: Step Time =    1.000,"PLATE-1",           224,             1,  -74.4143E-03,       1.72292,            0.,"ASSEMBLY_PLATE-1__PICKEDSET2","ROCK","",  -994.373E-03,      -1.60930,      -1.60280,      -1.00088,  -62.9104E-03
F:/Desktop/DeepOnet_Abaqus/StaticElasticJob6.odb,Step-1,Increment      1: Step Time =    1.000,"PLATE-1",           225,             1,       1.83386,  -159.181E-03,            0.,"ASSEMBLY_PLATE-1__PICKEDSET2","ROCK","",  -990.898E-03,      -1.64794,      -1.64713,  -991.709E-03,  -23.0709E-03
F:/Desktop/DeepOnet_Abaqus/StaticElasticJob6.odb,Step-1,Increment      1: Step Time =    1.000,"PLATE-1",           226,             1,       1.66446,   48.5326E-03,            0.,"ASSEMBLY_PLATE-1__PICKEDSET2","ROCK","",  -984.830E-03,      -1.65282,      -1.65235,  -985.302E-03,  -17.7366E-03
F:/Desktop/DeepOnet_Abaqus/StaticElasticJob6.odb,Step-1,Increment      1: Step Time =    1.000,"PLATE-1",           227,             1,       1.98019,   523.446E-03,            0.,"ASSEMBLY_PLATE-1__PICKEDSET2","ROCK","",  -988.762E-03,      -1.60395,      -1.59758,  -995.126E-03,  -62.2465E-03
F:/Desktop/DeepOnet_Abaqus/StaticElasticJob6.odb,Step-1,Increment      1: Step Time =    1.000,"PLATE-1",           228,             1,       1.78876,   50.2830E-03,            0.,"ASSEMBLY_PLATE-1__PICKEDSET2","ROCK","",  -981.613E-03,      -1.65040,      -1.64938,  -982.640E-03,  -26.1836E-03
F:/Desktop/DeepOnet_Abaqus/StaticElasticJob6.odb,Step-1,Increment      1: Step Time =    1.000,"PLATE-1",           229,             1,   25.6462E-03,      -1.90132,            0.,"ASSEMBLY_PLATE-1__PICKEDSET2","ROCK","",      -1.00408,      -1.66082,      -1.66082,      -1.00408,  -823.712E-06
F:/Desktop/DeepOnet_Abaqus/StaticElasticJob6.odb,Step-1,Increment      1: Step Time =    1.000,"PLATE-1",           230,             1,   37.1497E-03,      -1.69603,            0.,"ASSEMBLY_PLATE-1__PICKEDSET2","ROCK","",      -1.00204,      -1.66791,      -1.66790,      -1.00204,  -914.973E-06
F:/Desktop/DeepOnet_Abaqus/StaticElasticJob6.odb,Step-1,Increment      1: Step Time =    1.000,"PLATE-1",           231,             1,  -141.500E-03,      -1.76221,            0.,"ASSEMBLY_PLATE-1__PICKEDSET2","ROCK","",      -1.00220,      -1.66501,      -1.66501,      -1.00220,   557.685E-06
F:/Desktop/DeepOnet_Abaqus/StaticElasticJob6.odb,Step-1,Increment      1: Step Time =    1.000,"PLATE-1",           232,             1,      -1.82156,   423.953E-03,            0.,"ASSEMBLY_PLATE-1__PICKEDSET2","ROCK","",      -1.02079,      -1.60645,      -1.60644,      -1.02079,  -1.30354E-03
F:/Desktop/DeepOnet_Abaqus/StaticElasticJob6.odb,Step-1,Increment      1: Step Time =    1.000,"PLATE-1",           233,             1,      -1.78495,   326.537E-03,            0.,"ASSEMBLY_PLATE-1__PICKEDSET2","ROCK","",      -1.02268,      -1.60340,      -1.60339,      -1.02268,   1.41421E-03
F:/Desktop/DeepOnet_Abaqus/StaticElasticJob6.odb,Step-1,Increment      1: Step Time =    1.000,"PLATE-1",           234,             1,      -1.89386,   271.452E-03,            0.,"ASSEMBLY_PLATE-1__PICKEDSET2","ROCK","",      -1.02141,      -1.60675,      -1.60672,      -1.02144,   3.92489E-03
F:/Desktop/DeepOnet_Abaqus/StaticElasticJob6.odb,Step-1,Increment      1: Step Time =    1.000,"PLATE-1",           235,             1,      -1.84976,  -278.305E-03,            0.,"ASSEMBLY_PLATE-1__PICKEDSET2","ROCK","",      -1.01729,      -1.61378,      -1.61311,      -1.01796,   19.9647E-03
F:/Desktop/DeepOnet_Abaqus/StaticElasticJob6.odb,Step-1,Increment      1: Step Time =    1.000,"PLATE-1",           236,             1,       1.77566,  -509.973E-03,            0.,"ASSEMBLY_PLATE-1__PICKEDSET2","ROCK","",      -1.00028,      -1.64755,      -1.64683,      -1.00101,  -21.7084E-03
F:/Desktop/DeepOnet_Abaqus/StaticElasticJob6.odb,Step-1,Increment      1: Step Time =    1.000,"PLATE-1",           237,             1,       1.75667,  -431.015E-03,            0.,"ASSEMBLY_PLATE-1__PICKEDSET2","ROCK","",  -999.742E-03,      -1.64667,      -1.64598,      -1.00043,  -21.1610E-03
F:/Desktop/DeepOnet_Abaqus/StaticElasticJob6.odb,Step-1,Increment      1: Step Time =    1.000,"PLATE-1",           238,             1,  -459.185E-03,      -1.81947,            0.,"ASSEMBLY_PLATE-1__PICKEDSET2","ROCK","",      -1.00083,      -1.66182,      -1.66180,      -1.00085,   3.80017E-03
F:/Desktop/DeepOnet_Abaqus/StaticElasticJob6.odb,Step-1,Increment      1: Step Time =    1.000,"PLATE-1",           239,             1,      -1.70187,       1.56513,            0.,"ASSEMBLY_PLATE-1__PICKEDSET2","ROCK","",      -1.00789,      -1.62535,      -1.62500,      -1.00824,  -14.6685E-03
F:/Desktop/DeepOnet_Abaqus/StaticElasticJob6.odb,Step-1,Increment      1: Step Time =    1.000,"PLATE-1",           240,             1,      -1.83473,       1.30648,            0.,"ASSEMBLY_PLATE-1__PICKEDSET2","ROCK","",      -1.01021,      -1.62192,      -1.62164,      -1.01049,  -13.1518E-03
F:/Desktop/DeepOnet_Abaqus/StaticElasticJob6.odb,Step-1,Increment      1: Step Time =    1.000,"PLATE-1",           241,             1,      -1.91473,   962.347E-03,            0.,"ASSEMBLY_PLATE-1__PICKEDSET2","ROCK","",      -1.01388,      -1.61695,      -1.61678,      -1.01405,  -10.0015E-03
F:/Desktop/DeepOnet_Abaqus/StaticElasticJob6.odb,Step-1,Increment      1: Step Time =    1.000,"PLATE-1",           242,             1,      -1.90600,      -1.04503,            0.,"ASSEMBLY_PLATE-1__PICKEDSET2","ROCK","",      -1.00262,      -1.63730,      -1.63654,      -1.00338,   21.8924E-03
F:/Desktop/DeepOnet_Abaqus/StaticElasticJob6.odb,Step-1,Increment      1: Step Time =    1.000,"PLATE-1",           243,             1,      -1.87263,      -1.15828,            0.,"ASSEMBLY_PLATE-1__PICKEDSET2","ROCK","",      -1.00123,      -1.63979,      -1.63908,      -1.00194,   21.3004E-03
F:/Desktop/DeepOnet_Abaqus/StaticElasticJob6.odb,Step-1,Increment      1: Step Time =    1.000,"PLATE-1",           244,             1,      -1.69092,      -1.46657,            0.,"ASSEMBLY_PLATE-1__PICKEDSET2","ROCK","",  -998.427E-03,      -1.64570,      -1.64522,  -998.911E-03,   17.7078E-03
F:/Desktop/DeepOnet_Abaqus/StaticElasticJob6.odb,Step-1,Increment      1: Step Time =    1.000,"PLATE-1",           245,             1,      -1.85574,      -1.26246,            0.,"ASSEMBLY_PLATE-1__PICKEDSET2","ROCK","",      -1.00036,      -1.64109,      -1.64047,      -1.00097,   19.8531E-03
F:/Desktop/DeepOnet_Abaqus/StaticElasticJob6.odb,Step-1,Increment      1: Step Time =    1.000,"PLATE-1",           246,             1,      -1.69352,      -1.58478,            0.,"ASSEMBLY_PLATE-1__PICKEDSET2","ROCK","",  -998.355E-03,      -1.64611,      -1.64572,  -998.742E-03,   15.8430E-03
F:/Desktop/DeepOnet_Abaqus/StaticElasticJob6.odb,Step-1,Increment      1: Step Time =    1.000,"PLATE-1",           247,             1,   660.762E-03,       1.99676,            0.,"ASSEMBLY_PLATE-1__PICKEDSET2","ROCK","",  -933.951E-03,      -1.78010,      -1.77998,  -934.068E-03,   9.96414E-03
F:/Desktop/DeepOnet_Abaqus/StaticElasticJob6.odb,Step-1,Increment      1: Step Time =    1.000,"PLATE-1",           248,             1,       1.25278,       1.80369,            0.,"ASSEMBLY_PLATE-1__PICKEDSET2","ROCK","",      -1.04351,      -1.84138,      -1.84021,      -1.04468,   30.4354E-03
F:/Desktop/DeepOnet_Abaqus/StaticElasticJob6.odb,Step-1,Increment      1: Step Time =    1.000,"PLATE-1",           249,             1,       1.15737,       1.82086,            0.,"ASSEMBLY_PLATE-1__PICKEDSET2","ROCK","",      -1.07457,      -1.83702,      -1.83637,      -1.07523,   22.3515E-03
F:/Desktop/DeepOnet_Abaqus/StaticElasticJob6.odb,Step-1,Increment      1: Step Time =    1.000,"PLATE-1",           250,             1,   882.897E-03,       1.99354,            0.,"ASSEMBLY_PLATE-1__PICKEDSET2","ROCK","",  -996.223E-03,      -1.78522,      -1.78329,  -998.152E-03,   38.9714E-03
F:/Desktop/DeepOnet_Abaqus/StaticElasticJob6.odb,Step-1,Increment      1: Step Time =    1.000,"PLATE-1",           251,             1,  -828.956E-03,       2.05081,            0.,"ASSEMBLY_PLATE-1__PICKEDSET2","ROCK","",  -999.225E-03,      -1.63254,      -1.63151,      -1.00026,  -25.5719E-03
F:/Desktop/DeepOnet_Abaqus/StaticElasticJob6.odb,Step-1,Increment      1: Step Time =    1.000,"PLATE-1",           252,             1,      -1.22213,       1.75264,            0.,"ASSEMBLY_PLATE-1__PICKEDSET2","ROCK","",      -1.00541,      -1.62600,      -1.62544,      -1.00597,  -18.6676E-03
F:/Desktop/DeepOnet_Abaqus/StaticElasticJob6.odb,Step-1,Increment      1: Step Time =    1.000,"PLATE-1",           253,             1,      -1.43922,       1.66759,            0.,"ASSEMBLY_PLATE-1__PICKEDSET2","ROCK","",      -1.00613,      -1.62595,      -1.62549,      -1.00658,  -16.8631E-03
F:/Desktop/DeepOnet_Abaqus/StaticElasticJob6.odb,Step-1,Increment      1: Step Time =    1.000,"PLATE-1",           254,             1,      -1.31881,       1.76268,            0.,"ASSEMBLY_PLATE-1__PICKEDSET2","ROCK","",      -1.00530,      -1.62663,      -1.62611,      -1.00582,  -18.0458E-03
F:/Desktop/DeepOnet_Abaqus/StaticElasticJob6.odb,Step-1,Increment      1: Step Time =    1.000,"PLATE-1",           255,             1,      -1.51917,       2.12653,            0.,"ASSEMBLY_PLATE-1__PICKEDSET2","ROCK","",      -1.00331,      -1.63378,      -1.63335,      -1.00374,  -16.5097E-03
F:/Desktop/DeepOnet_Abaqus/StaticElasticJob6.odb,Step-1,Increment      1: Step Time =    1.000,"PLATE-1",           256,             1,      -1.54463,       1.68771,            0.,"ASSEMBLY_PLATE-1__PICKEDSET2","ROCK","",      -1.00670,      -1.62659,      -1.62617,      -1.00711,  -16.0828E-03
F:/Desktop/DeepOnet_Abaqus/StaticElasticJob6.odb,Step-1,Increment      1: Step Time =    1.000,"PLATE-1",           257,             1,       1.77808,      -1.45659,            0.,"ASSEMBLY_PLATE-1__PICKEDSET2","ROCK","",  -999.817E-03,      -1.65121,      -1.65088,      -1.00014,  -14.5247E-03
F:/Desktop/DeepOnet_Abaqus/StaticElasticJob6.odb,Step-1,Increment      1: Step Time =    1.000,"PLATE-1",           258,             1,       1.97227,  -979.340E-03,            0.,"ASSEMBLY_PLATE-1__PICKEDSET2","ROCK","",  -999.214E-03,      -1.64820,      -1.64759,  -999.825E-03,  -19.9005E-03
F:/Desktop/DeepOnet_Abaqus/StaticElasticJob6.odb,Step-1,Increment      1: Step Time =    1.000,"PLATE-1",           259,             1,       1.79750,      -1.28246,            0.,"ASSEMBLY_PLATE-1__PICKEDSET2","ROCK","",  -999.445E-03,      -1.65153,      -1.65110,  -999.880E-03,  -16.8337E-03
F:/Desktop/DeepOnet_Abaqus/StaticElasticJob6.odb,Step-1,Increment      1: Step Time =    1.000,"PLATE-1",           260,             1,       1.83218,      -1.08712,            0.,"ASSEMBLY_PLATE-1__PICKEDSET2","ROCK","",  -999.537E-03,      -1.65073,      -1.65017,      -1.00009,  -19.0511E-03
F:/Desktop/DeepOnet_Abaqus/StaticElasticJob6.odb,Step-1,Increment      1: Step Time =    1.000,"PLATE-1",           261,             1,       1.84227,       1.05838,            0.,"ASSEMBLY_PLATE-1__PICKEDSET2","ROCK","",      -1.07267,      -1.44486,      -1.44440,      -1.07313,  -13.0706E-03
F:/Desktop/DeepOnet_Abaqus/StaticElasticJob6.odb,Step-1,Increment      1: Step Time =    1.000,"PLATE-1",           262,             1,       1.82996,       1.17389,            0.,"ASSEMBLY_PLATE-1__PICKEDSET2","ROCK","",      -1.08181,      -1.43553,      -1.43120,      -1.08614,   38.8901E-03
F:/Desktop/DeepOnet_Abaqus/StaticElasticJob6.odb,Step-1,Increment      1: Step Time =    1.000,"PLATE-1",           263,             1,       1.66516,       1.44407,            0.,"ASSEMBLY_PLATE-1__PICKEDSET2","ROCK","",  -966.806E-03,      -1.60116,      -1.53679,      -1.03117,   191.542E-03
F:/Desktop/DeepOnet_Abaqus/StaticElasticJob6.odb,Step-1,Increment      1: Step Time =    1.000,"PLATE-1",           264,             1,       1.97914,       1.51689,            0.,"ASSEMBLY_PLATE-1__PICKEDSET2","ROCK","",      -1.00738,      -1.59469,      -1.57998,      -1.02209,   91.7756E-03
F:/Desktop/DeepOnet_Abaqus/StaticElasticJob6.odb,Step-1,Increment      1: Step Time =    1.000,"PLATE-1",           265,             1,       1.67622,       1.54942,            0.,"ASSEMBLY_PLATE-1__PICKEDSET2","ROCK","",  -951.467E-03,      -1.65669,      -1.61638,  -991.777E-03,   163.715E-03
F:/Desktop/DeepOnet_Abaqus/StaticElasticJob6.odb,Step-1,Increment      1: Step Time =    1.000,"PLATE-1",           266,             1,      -1.54282,      -1.70266,            0.,"ASSEMBLY_PLATE-1__PICKEDSET2","ROCK","",  -997.872E-03,      -1.64842,      -1.64812,  -998.172E-03,   13.9741E-03
F:/Desktop/DeepOnet_Abaqus/StaticElasticJob6.odb,Step-1,Increment      1: Step Time =    1.000,"PLATE-1",           267,             1,      -1.49370,      -1.89466,            0.,"ASSEMBLY_PLATE-1__PICKEDSET2","ROCK","",  -998.677E-03,      -1.64816,      -1.64798,  -998.865E-03,   11.0553E-03
F:/Desktop/DeepOnet_Abaqus/StaticElasticJob6.odb,Step-1,Increment      1: Step Time =    1.000,"PLATE-1",           268,             1,      -1.14627,      -1.66431,            0.,"ASSEMBLY_PLATE-1__PICKEDSET2","ROCK","",  -996.806E-03,      -1.65555,      -1.65529,  -997.059E-03,   12.9165E-03
F:/Desktop/DeepOnet_Abaqus/StaticElasticJob6.odb,Step-1,Increment      1: Step Time =    1.000,"PLATE-1",           269,             1,      -1.23336,      -1.79025,            0.,"ASSEMBLY_PLATE-1__PICKEDSET2","ROCK","",  -997.825E-03,      -1.65294,      -1.65274,  -998.025E-03,   11.4254E-03
F:/Desktop/DeepOnet_Abaqus/StaticElasticJob6.odb,Step-1,Increment      1: Step Time =    1.000,"PLATE-1",           270,             1,      -1.01937,      -1.92608,            0.,"ASSEMBLY_PLATE-1__PICKEDSET2","ROCK","",  -999.052E-03,      -1.65391,      -1.65381,  -999.156E-03,   8.22573E-03
F:/Desktop/DeepOnet_Abaqus/StaticElasticJob6.odb,Step-1,Increment      1: Step Time =    1.000,"PLATE-1",           271,             1,       1.24468,      -1.66169,            0.,"ASSEMBLY_PLATE-1__PICKEDSET2","ROCK","",      -1.00108,      -1.65627,      -1.65609,      -1.00126,  -10.9396E-03
F:/Desktop/DeepOnet_Abaqus/StaticElasticJob6.odb,Step-1,Increment      1: Step Time =    1.000,"PLATE-1",           272,             1,       1.14122,      -1.76091,            0.,"ASSEMBLY_PLATE-1__PICKEDSET2","ROCK","",      -1.00184,      -1.65640,      -1.65627,      -1.00197,  -9.18159E-03
F:/Desktop/DeepOnet_Abaqus/StaticElasticJob6.odb,Step-1,Increment      1: Step Time =    1.000,"PLATE-1",           273,             1,       1.31664,      -1.82370,            0.,"ASSEMBLY_PLATE-1__PICKEDSET2","ROCK","",      -1.00153,      -1.65360,      -1.65346,      -1.00167,  -9.57610E-03
F:/Desktop/DeepOnet_Abaqus/StaticElasticJob6.odb,Step-1,Increment      1: Step Time =    1.000,"PLATE-1",           274,             1,      -1.90335,      -1.82859,            0.,"ASSEMBLY_PLATE-1__PICKEDSET2","ROCK","",  -999.169E-03,      -1.64356,      -1.64332,  -999.407E-03,   12.3821E-03
F:/Desktop/DeepOnet_Abaqus/StaticElasticJob6.odb,Step-1,Increment      1: Step Time =    1.000,"PLATE-1",           275,             1,       1.82338,       1.52940,            0.,"ASSEMBLY_PLATE-1__PICKEDSET2","ROCK","",  -985.834E-03,      -1.61447,      -1.58431,      -1.01599,   134.339E-03
F:/Desktop/DeepOnet_Abaqus/StaticElasticJob6.odb,Step-1,Increment      1: Step Time =    1.000,"PLATE-1",           276,             1,      -1.70347,       1.72708,            0.,"ASSEMBLY_PLATE-1__PICKEDSET2","ROCK","",      -1.00677,      -1.62737,      -1.62699,      -1.00715,  -15.2933E-03
F:/Desktop/DeepOnet_Abaqus/StaticElasticJob6.odb,Step-1,Increment      1: Step Time =    1.000,"PLATE-1",           277,             1,      -2.04401,       1.45248,            0.,"ASSEMBLY_PLATE-1__PICKEDSET2","ROCK","",      -1.00968,      -1.62483,      -1.62459,      -1.00992,  -12.2014E-03
F:/Desktop/DeepOnet_Abaqus/StaticElasticJob6.odb,Step-1,Increment      1: Step Time =    1.000,"PLATE-1",           278,             1,      -1.69053,      -1.76069,            0.,"ASSEMBLY_PLATE-1__PICKEDSET2","ROCK","",  -998.474E-03,      -1.64634,      -1.64607,  -998.746E-03,   13.2923E-03
F:/Desktop/DeepOnet_Abaqus/StaticElasticJob6.odb,Step-1,Increment      1: Step Time =    1.000,"PLATE-1",           279,             1,      -1.39921,      -1.81911,            0.,"ASSEMBLY_PLATE-1__PICKEDSET2","ROCK","",  -998.213E-03,      -1.65030,      -1.65009,  -998.419E-03,   11.5957E-03
F:/Desktop/DeepOnet_Abaqus/StaticElasticJob6.odb,Step-1,Increment      1: Step Time =    1.000,"PLATE-1",           280,             1,      -1.65513,       1.93323,            0.,"ASSEMBLY_PLATE-1__PICKEDSET2","ROCK","",      -1.00555,      -1.63040,      -1.63000,      -1.00595,  -15.8112E-03
F:/Desktop/DeepOnet_Abaqus/StaticElasticJob6.odb,Step-1,Increment      1: Step Time =    1.000,"PLATE-1",           281,             1,      -1.86727,      -1.48803,            0.,"ASSEMBLY_PLATE-1__PICKEDSET2","ROCK","",  -999.347E-03,      -1.64314,      -1.64268,  -999.804E-03,   17.1386E-03
F:/Desktop/DeepOnet_Abaqus/StaticElasticJob6.odb,Step-1,Increment      1: Step Time =    1.000,"PLATE-1",           282,             1,      -2.03221,      -1.48473,            0.,"ASSEMBLY_PLATE-1__PICKEDSET2","ROCK","",      -1.00005,      -1.64139,      -1.64096,      -1.00048,   16.7093E-03
F:/Desktop/DeepOnet_Abaqus/StaticElasticJob6.odb,Step-1,Increment      1: Step Time =    1.000,"PLATE-1",           283,             1,       1.87696,       1.66168,            0.,"ASSEMBLY_PLATE-1__PICKEDSET2","ROCK","",  -980.307E-03,      -1.65219,      -1.63864,  -993.855E-03,   94.4427E-03
F:/Desktop/DeepOnet_Abaqus/StaticElasticJob6.odb,Step-1,Increment      1: Step Time =    1.000,"PLATE-1",           284,             1,       1.69319,       1.69639,            0.,"ASSEMBLY_PLATE-1__PICKEDSET2","ROCK","",  -953.491E-03,      -1.71125,      -1.69400,  -970.744E-03,   113.031E-03
F:/Desktop/DeepOnet_Abaqus/StaticElasticJob6.odb,Step-1,Increment      1: Step Time =    1.000,"PLATE-1",           285,             1,       1.54589,      -1.89206,            0.,"ASSEMBLY_PLATE-1__PICKEDSET2","ROCK","",      -1.00126,      -1.65056,      -1.65042,      -1.00140,  -9.55733E-03
F:/Desktop/DeepOnet_Abaqus/StaticElasticJob6.odb,Step-1,Increment      1: Step Time =    1.000,"PLATE-1",           286,             1,   806.646E-03,       2.13422,            0.,"ASSEMBLY_PLATE-1__PICKEDSET2","ROCK","",  -989.675E-03,      -1.74146,      -1.73920,  -991.938E-03,   41.1838E-03
F:/Desktop/DeepOnet_Abaqus/StaticElasticJob6.odb,Step-1,Increment      1: Step Time =    1.000,"PLATE-1",           287,             1,      -1.94158,       1.75269,            0.,"ASSEMBLY_PLATE-1__PICKEDSET2","ROCK","",      -1.00758,      -1.62810,      -1.62780,      -1.00788,  -13.6782E-03
F:/Desktop/DeepOnet_Abaqus/StaticElasticJob6.odb,Step-1,Increment      1: Step Time =    1.000,"PLATE-1",           288,             1,      -1.95056,       1.20251,            0.,"ASSEMBLY_PLATE-1__PICKEDSET2","ROCK","",      -1.01137,      -1.62126,      -1.62105,      -1.01158,  -11.5003E-03
F:/Desktop/DeepOnet_Abaqus/StaticElasticJob6.odb,Step-1,Increment      1: Step Time =    1.000,"PLATE-1",           289,             1,      -1.87229,       1.42759,            0.,"ASSEMBLY_PLATE-1__PICKEDSET2","ROCK","",      -1.00968,      -1.62344,      -1.62316,      -1.00996,  -13.2004E-03
F:/Desktop/DeepOnet_Abaqus/StaticElasticJob6.odb,Step-1,Increment      1: Step Time =    1.000,"PLATE-1",           290,             1,      -1.14755,      -1.93924,            0.,"ASSEMBLY_PLATE-1__PICKEDSET2","ROCK","",  -998.786E-03,      -1.65309,      -1.65297,  -998.904E-03,   8.81154E-03
F:/Desktop/DeepOnet_Abaqus/StaticElasticJob6.odb,Step-1,Increment      1: Step Time =    1.000,"PLATE-1",           291,             1,       1.77237,      -2.15820,            0.,"ASSEMBLY_PLATE-1__PICKEDSET2","ROCK","",      -1.00177,      -1.64637,      -1.64628,      -1.00186,  -7.80457E-03
F:/Desktop/DeepOnet_Abaqus/StaticElasticJob6.odb,Step-1,Increment      1: Step Time =    1.000,"PLATE-1",           292,             1,       2.14794,   598.243E-03,            0.,"ASSEMBLY_PLATE-1__PICKEDSET2","ROCK","",      -1.01036,      -1.58651,      -1.58292,      -1.01396,  -45.3659E-03
F:/Desktop/DeepOnet_Abaqus/StaticElasticJob6.odb,Step-1,Increment      1: Step Time =    1.000,"PLATE-1",           293,             1,       1.87879,  -475.433E-03,            0.,"ASSEMBLY_PLATE-1__PICKEDSET2","ROCK","",  -997.765E-03,      -1.64764,      -1.64687,  -998.534E-03,  -22.3418E-03
F:/Desktop/DeepOnet_Abaqus/StaticElasticJob6.odb,Step-1,Increment      1: Step Time =    1.000,"PLATE-1",           294,             1,      -1.17812,       2.00817,            0.,"ASSEMBLY_PLATE-1__PICKEDSET2","ROCK","",      -1.00266,      -1.63167,      -1.63104,      -1.00329,  -19.9172E-03
F:/Desktop/DeepOnet_Abaqus/StaticElasticJob6.odb,Step-1,Increment      1: Step Time =    1.000,"PLATE-1",           295,             1,       1.12966,      -2.15392,            0.,"ASSEMBLY_PLATE-1__PICKEDSET2","ROCK","",      -1.00377,      -1.65132,      -1.65128,      -1.00381,  -5.25997E-03
F:/Desktop/DeepOnet_Abaqus/StaticElasticJob6.odb,Step-1,Increment      1: Step Time =    1.000,"PLATE-1",           296,             1,      -2.23171,  -990.259E-03,            0.,"ASSEMBLY_PLATE-1__PICKEDSET2","ROCK","",      -1.00475,      -1.63375,      -1.63319,      -1.00531,   18.7872E-03
F:/Desktop/DeepOnet_Abaqus/StaticElasticJob6.odb,Step-1,Increment      1: Step Time =    1.000,"PLATE-1",           297,             1,       1.06021,       1.82593,            0.,"ASSEMBLY_PLATE-1__PICKEDSET2","ROCK","",      -1.06266,      -1.81140,      -1.80705,      -1.06701,   56.9179E-03
F:/Desktop/DeepOnet_Abaqus/StaticElasticJob6.odb,Step-1,Increment      1: Step Time =    1.000,"PLATE-1",           298,             1,       1.22759,       1.92945,            0.,"ASSEMBLY_PLATE-1__PICKEDSET2","ROCK","",      -1.05911,      -1.76073,      -1.76067,      -1.05916,   6.11638E-03
F:/Desktop/DeepOnet_Abaqus/StaticElasticJob6.odb,Step-1,Increment      1: Step Time =    1.000,"PLATE-1",           299,             1,  -420.545E-03,       1.81915,            0.,"ASSEMBLY_PLATE-1__PICKEDSET2","ROCK","",      -1.00125,      -1.62038,      -1.61814,      -1.00349,  -37.1419E-03
F:/Desktop/DeepOnet_Abaqus/StaticElasticJob6.odb,Step-1,Increment      1: Step Time =    1.000,"PLATE-1",           300,             1,       1.80055,   423.078E-03,            0.,"ASSEMBLY_PLATE-1__PICKEDSET2","ROCK","",  -963.363E-03,      -1.63661,      -1.63086,  -969.113E-03,  -61.9546E-03
F:/Desktop/DeepOnet_Abaqus/StaticElasticJob6.odb,Step-1,Increment      1: Step Time =    1.000,"PLATE-1",           301,             1,       1.98761,   691.607E-03,            0.,"ASSEMBLY_PLATE-1__PICKEDSET2","ROCK","",      -1.01140,      -1.56070,      -1.55404,      -1.01807,  -60.1522E-03
F:/Desktop/DeepOnet_Abaqus/StaticElasticJob6.odb,Step-1,Increment      1: Step Time =    1.000,"PLATE-1",           302,             1,  -842.829E-03,      -1.85406,            0.,"ASSEMBLY_PLATE-1__PICKEDSET2","ROCK","",  -999.360E-03,      -1.65708,      -1.65700,  -999.434E-03,   6.98094E-03
F:/Desktop/DeepOnet_Abaqus/StaticElasticJob6.odb,Step-1,Increment      1: Step Time =    1.000,"PLATE-1",           303,             1,  -717.155E-03,      -2.04068,            0.,"ASSEMBLY_PLATE-1__PICKEDSET2","ROCK","",      -1.00139,      -1.65534,      -1.65531,      -1.00142,   4.33283E-03
F:/Desktop/DeepOnet_Abaqus/StaticElasticJob6.odb,Step-1,Increment      1: Step Time =    1.000,"PLATE-1",           304,             1,   300.100E-03,      -1.79542,            0.,"ASSEMBLY_PLATE-1__PICKEDSET2","ROCK","",      -1.00363,      -1.66313,      -1.66312,      -1.00365,  -3.17042E-03
F:/Desktop/DeepOnet_Abaqus/StaticElasticJob6.odb,Step-1,Increment      1: Step Time =    1.000,"PLATE-1",           305,             1,   271.570E-03,      -2.11951,            0.,"ASSEMBLY_PLATE-1__PICKEDSET2","ROCK","",      -1.00558,      -1.65568,      -1.65567,      -1.00559,  -2.00754E-03
F:/Desktop/DeepOnet_Abaqus/StaticElasticJob6.odb,Step-1,Increment      1: Step Time =    1.000,"PLATE-1",           306,             1,   315.981E-03,       1.83054,            0.,"ASSEMBLY_PLATE-1__PICKEDSET2","ROCK","",  -921.665E-03,      -1.68159,      -1.66945,  -933.803E-03,  -95.2713E-03
F:/Desktop/DeepOnet_Abaqus/StaticElasticJob6.odb,Step-1,Increment      1: Step Time =    1.000,"PLATE-1",           307,             1,  -204.918E-03,       1.81895,            0.,"ASSEMBLY_PLATE-1__PICKEDSET2","ROCK","",  -992.761E-03,      -1.62155,      -1.61694,  -997.372E-03,  -53.6472E-03
F:/Desktop/DeepOnet_Abaqus/StaticElasticJob6.odb,Step-1,Increment      1: Step Time =    1.000,"PLATE-1",           308,             1,  -759.309E-03,       2.18412,            0.,"ASSEMBLY_PLATE-1__PICKEDSET2","ROCK","",  -995.054E-03,      -1.63868,      -1.63754,  -996.187E-03,  -26.9728E-03
F:/Desktop/DeepOnet_Abaqus/StaticElasticJob6.odb,Step-1,Increment      1: Step Time =    1.000,"PLATE-1",           309,             1,       1.78833,   147.419E-03,            0.,"ASSEMBLY_PLATE-1__PICKEDSET2","ROCK","",  -976.682E-03,      -1.65007,      -1.64864,  -978.112E-03,  -30.9897E-03
F:/Desktop/DeepOnet_Abaqus/StaticElasticJob6.odb,Step-1,Increment      1: Step Time =    1.000,"PLATE-1",           310,             1,   695.677E-03,      -2.07676,            0.,"ASSEMBLY_PLATE-1__PICKEDSET2","ROCK","",      -1.00461,      -1.65472,      -1.65469,      -1.00463,  -4.06753E-03
F:/Desktop/DeepOnet_Abaqus/StaticElasticJob6.odb,Step-1,Increment      1: Step Time =    1.000,"PLATE-1",           311,             1,      -2.04350,      -1.19413,            0.,"ASSEMBLY_PLATE-1__PICKEDSET2","ROCK","",      -1.00202,      -1.63778,      -1.63720,      -1.00260,   19.1987E-03
F:/Desktop/DeepOnet_Abaqus/StaticElasticJob6.odb,Step-1,Increment      1: Step Time =    1.000,"PLATE-1",           312,             1,      -1.81209,  -110.593E-03,            0.,"ASSEMBLY_PLATE-1__PICKEDSET2","ROCK","",      -1.02143,      -1.60696,      -1.60652,      -1.02188,   16.1214E-03
F:/Desktop/DeepOnet_Abaqus/StaticElasticJob6.odb,Step-1,Increment      1: Step Time =    1.000,"PLATE-1",           313,             1,      -1.99503,  -37.0877E-03,            0.,"ASSEMBLY_PLATE-1__PICKEDSET2","ROCK","",      -1.01908,      -1.61201,      -1.61175,      -1.01933,   12.3424E-03
F:/Desktop/DeepOnet_Abaqus/StaticElasticJob6.odb,Step-1,Increment      1: Step Time =    1.000,"PLATE-1",           314,             1,   107.605E-03,       1.78341,            0.,"ASSEMBLY_PLATE-1__PICKEDSET2","ROCK","",  -963.853E-03,      -1.63728,      -1.62665,  -974.485E-03,  -83.9433E-03
F:/Desktop/DeepOnet_Abaqus/StaticElasticJob6.odb,Step-1,Increment      1: Step Time =    1.000,"PLATE-1",           315,             1,  -403.755E-03,       1.96158,            0.,"ASSEMBLY_PLATE-1__PICKEDSET2","ROCK","",  -992.356E-03,      -1.63170,      -1.62919,  -994.866E-03,  -39.9780E-03
F:/Desktop/DeepOnet_Abaqus/StaticElasticJob6.odb,Step-1,Increment      1: Step Time =    1.000,"PLATE-1",           316,             1,  -92.7103E-03,       1.82470,            0.,"ASSEMBLY_PLATE-1__PICKEDSET2","ROCK","",  -985.412E-03,      -1.62206,      -1.61575,  -991.718E-03,  -63.0465E-03
F:/Desktop/DeepOnet_Abaqus/StaticElasticJob6.odb,Step-1,Increment      1: Step Time =    1.000,"PLATE-1",           317,             1,       1.79123,  -267.909E-03,            0.,"ASSEMBLY_PLATE-1__PICKEDSET2","ROCK","",  -995.830E-03,      -1.64686,      -1.64613,  -996.563E-03,  -21.8288E-03
F:/Desktop/DeepOnet_Abaqus/StaticElasticJob6.odb,Step-1,Increment      1: Step Time =    1.000,"PLATE-1",           318,             1,  -67.2410E-03,      -2.06749,            0.,"ASSEMBLY_PLATE-1__PICKEDSET2","ROCK","",      -1.00480,      -1.65679,      -1.65679,      -1.00480,  -275.431E-06
F:/Desktop/DeepOnet_Abaqus/StaticElasticJob6.odb,Step-1,Increment      1: Step Time =    1.000,"PLATE-1",           319,             1,  -365.524E-03,      -1.98314,            0.,"ASSEMBLY_PLATE-1__PICKEDSET2","ROCK","",      -1.00271,      -1.65847,      -1.65846,      -1.00271,   2.13798E-03
F:/Desktop/DeepOnet_Abaqus/StaticElasticJob6.odb,Step-1,Increment      1: Step Time =    1.000,"PLATE-1",           320,             1,      -1.95268,   367.691E-03,            0.,"ASSEMBLY_PLATE-1__PICKEDSET2","ROCK","",      -1.01994,      -1.60929,      -1.60928,      -1.01995,   1.80835E-03
F:/Desktop/DeepOnet_Abaqus/StaticElasticJob6.odb,Step-1,Increment      1: Step Time =    1.000,"PLATE-1",           321,             1,       1.97485,  -369.841E-03,            0.,"ASSEMBLY_PLATE-1__PICKEDSET2","ROCK","",  -995.927E-03,      -1.64615,      -1.64528,  -996.796E-03,  -23.7638E-03
F:/Desktop/DeepOnet_Abaqus/StaticElasticJob6.odb,Step-1,Increment      1: Step Time =    1.000,"PLATE-1",           322,             1,       2.12340,  -767.074E-03,            0.,"ASSEMBLY_PLATE-1__PICKEDSET2","ROCK","",  -998.006E-03,      -1.64739,      -1.64666,  -998.736E-03,  -21.7596E-03
F:/Desktop/DeepOnet_Abaqus/StaticElasticJob6.odb,Step-1,Increment      1: Step Time =    1.000,"PLATE-1",           323,             1,   410.874E-03,       2.10913,            0.,"ASSEMBLY_PLATE-1__PICKEDSET2","ROCK","",  -939.323E-03,      -1.71796,      -1.71748,  -939.803E-03,  -19.3382E-03
F:/Desktop/DeepOnet_Abaqus/StaticElasticJob6.odb,Step-1,Increment      1: Step Time =    1.000,"PLATE-1",           324,             1,  -641.733E-03,       2.10781,            0.,"ASSEMBLY_PLATE-1__PICKEDSET2","ROCK","",  -995.554E-03,      -1.63522,      -1.63379,  -996.986E-03,  -30.2345E-03
F:/Desktop/DeepOnet_Abaqus/StaticElasticJob6.odb,Step-1,Increment      1: Step Time =    1.000,"PLATE-1",           325,             1,  -127.062E-03,      -1.90102,            0.,"ASSEMBLY_PLATE-1__PICKEDSET2","ROCK","",      -1.00324,      -1.66121,      -1.66121,      -1.00324,   684.309E-06
F:/Desktop/DeepOnet_Abaqus/StaticElasticJob6.odb,Step-1,Increment      1: Step Time =    1.000,"PLATE-1",           326,             1,   180.020E-03,      -1.89316,            0.,"ASSEMBLY_PLATE-1__PICKEDSET2","ROCK","",      -1.00434,      -1.66109,      -1.66109,      -1.00435,  -1.93783E-03
F:/Desktop/DeepOnet_Abaqus/StaticElasticJob6.odb,Step-1,Increment      1: Step Time =    1.000,"PLATE-1",           327,             1,      -1.92845,   91.5376E-03,            0.,"ASSEMBLY_PLATE-1__PICKEDSET2","ROCK","",      -1.02085,      -1.60838,      -1.60824,      -1.02100,   9.14425E-03
F:/Desktop/DeepOnet_Abaqus/StaticElasticJob6.odb,Step-1,Increment      1: Step Time =    1.000,"PLATE-1",           328,             1,       1.78401,   245.514E-03,            0.,"ASSEMBLY_PLATE-1__PICKEDSET2","ROCK","",  -969.407E-03,      -1.64976,      -1.64744,  -971.723E-03,  -39.6261E-03
F:/Desktop/DeepOnet_Abaqus/StaticElasticJob6.odb,Step-1,Increment      1: Step Time =    1.000,"PLATE-1",           329,             1,  -950.178E-03,      -2.09987,            0.,"ASSEMBLY_PLATE-1__PICKEDSET2","ROCK","",      -1.00083,      -1.65222,      -1.65217,      -1.00088,   5.56907E-03
F:/Desktop/DeepOnet_Abaqus/StaticElasticJob6.odb,Step-1,Increment      1: Step Time =    1.000,"PLATE-1",           330,             1,       1.77166,      -1.37071,            0.,"ASSEMBLY_PLATE-1__PICKEDSET2","ROCK","",  -999.751E-03,      -1.65101,      -1.65062,      -1.00014,  -15.9179E-03
F:/Desktop/DeepOnet_Abaqus/StaticElasticJob6.odb,Step-1,Increment      1: Step Time =    1.000,"PLATE-1",           331,             1,      -1.81003,       1.14759,            0.,"ASSEMBLY_PLATE-1__PICKEDSET2","ROCK","",      -1.01164,      -1.61924,      -1.61899,      -1.01189,  -12.2915E-03
F:/Desktop/DeepOnet_Abaqus/StaticElasticJob6.odb,Step-1,Increment      1: Step Time =    1.000,"PLATE-1",           332,             1,      -1.85715,      -1.36868,            0.,"ASSEMBLY_PLATE-1__PICKEDSET2","ROCK","",  -999.563E-03,      -1.64284,      -1.64230,      -1.00010,   18.5100E-03
F:/Desktop/DeepOnet_Abaqus/StaticElasticJob6.odb,Step-1,Increment      1: Step Time =    1.000,"PLATE-1",           333,             1,      -1.01654,       1.94631,            0.,"ASSEMBLY_PLATE-1__PICKEDSET2","ROCK","",      -1.00268,      -1.62921,      -1.62846,      -1.00342,  -21.6198E-03
F:/Desktop/DeepOnet_Abaqus/StaticElasticJob6.odb,Step-1,Increment      1: Step Time =    1.000,"PLATE-1",           334,             1,      -1.12521,       1.71967,            0.,"ASSEMBLY_PLATE-1__PICKEDSET2","ROCK","",      -1.00556,      -1.62474,      -1.62416,      -1.00613,  -18.8409E-03
F:/Desktop/DeepOnet_Abaqus/StaticElasticJob6.odb,Step-1,Increment      1: Step Time =    1.000,"PLATE-1",           335,             1,      -1.32566,       1.86457,            0.,"ASSEMBLY_PLATE-1__PICKEDSET2","ROCK","",      -1.00462,      -1.62871,      -1.62816,      -1.00517,  -18.4295E-03
F:/Desktop/DeepOnet_Abaqus/StaticElasticJob6.odb,Step-1,Increment      1: Step Time =    1.000,"PLATE-1",           336,             1,       2.00224,  -830.840E-03,            0.,"ASSEMBLY_PLATE-1__PICKEDSET2","ROCK","",  -998.345E-03,      -1.64847,      -1.64778,  -999.034E-03,  -21.1401E-03
F:/Desktop/DeepOnet_Abaqus/StaticElasticJob6.odb,Step-1,Increment      1: Step Time =    1.000,"PLATE-1",           337,             1,       2.00567,       1.06570,            0.,"ASSEMBLY_PLATE-1__PICKEDSET2","ROCK","",      -1.05847,      -1.50062,      -1.50056,      -1.05853,   5.16958E-03
F:/Desktop/DeepOnet_Abaqus/StaticElasticJob6.odb,Step-1,Increment      1: Step Time =    1.000,"PLATE-1",           338,             1,       1.79324,       1.27903,            0.,"ASSEMBLY_PLATE-1__PICKEDSET2","ROCK","",      -1.05781,      -1.46074,      -1.44140,      -1.07715,   86.1415E-03
F:/Desktop/DeepOnet_Abaqus/StaticElasticJob6.odb,Step-1,Increment      1: Step Time =    1.000,"PLATE-1",           339,             1,       2.00451,       1.21977,            0.,"ASSEMBLY_PLATE-1__PICKEDSET2","ROCK","",      -1.05624,      -1.50658,      -1.50216,      -1.06067,   44.4191E-03
F:/Desktop/DeepOnet_Abaqus/StaticElasticJob6.odb,Step-1,Increment      1: Step Time =    1.000,"PLATE-1",           340,             1,      -1.04536,      -1.79803,            0.,"ASSEMBLY_PLATE-1__PICKEDSET2","ROCK","",  -997.805E-03,      -1.65570,      -1.65555,  -997.958E-03,   10.0286E-03
F:/Desktop/DeepOnet_Abaqus/StaticElasticJob6.odb,Step-1,Increment      1: Step Time =    1.000,"PLATE-1",           341,             1,  -951.289E-03,      -1.82405,            0.,"ASSEMBLY_PLATE-1__PICKEDSET2","ROCK","",  -998.545E-03,      -1.65602,      -1.65591,  -998.659E-03,   8.64007E-03
F:/Desktop/DeepOnet_Abaqus/StaticElasticJob6.odb,Step-1,Increment      1: Step Time =    1.000,"PLATE-1",           342,             1,       1.22446,      -1.77507,            0.,"ASSEMBLY_PLATE-1__PICKEDSET2","ROCK","",      -1.00167,      -1.65535,      -1.65521,      -1.00180,  -9.45476E-03
F:/Desktop/DeepOnet_Abaqus/StaticElasticJob6.odb,Step-1,Increment      1: Step Time =    1.000,"PLATE-1",           343,             1,       1.99837,      -1.12437,            0.,"ASSEMBLY_PLATE-1__PICKEDSET2","ROCK","",  -998.783E-03,      -1.64901,      -1.64851,  -999.288E-03,  -18.1128E-03
F:/Desktop/DeepOnet_Abaqus/StaticElasticJob6.odb,Step-1,Increment      1: Step Time =    1.000,"PLATE-1",           344,             1,       1.90255,   27.5653E-03,            0.,"ASSEMBLY_PLATE-1__PICKEDSET2","ROCK","",  -985.951E-03,      -1.64525,      -1.64387,  -987.338E-03,  -30.2114E-03
F:/Desktop/DeepOnet_Abaqus/StaticElasticJob6.odb,Step-1,Increment      1: Step Time =    1.000,"PLATE-1",           345,             1,       1.84855,  -340.207E-03,            0.,"ASSEMBLY_PLATE-1__PICKEDSET2","ROCK","",  -996.071E-03,      -1.64685,      -1.64603,  -996.884E-03,  -22.9876E-03
F:/Desktop/DeepOnet_Abaqus/StaticElasticJob6.odb,Step-1,Increment      1: Step Time =    1.000,"PLATE-1",           346,             1,       2.23557,       1.22085,            0.,"ASSEMBLY_PLATE-1__PICKEDSET2","ROCK","",      -1.04281,      -1.55060,      -1.54845,      -1.04496,   32.9227E-03
F:/Desktop/DeepOnet_Abaqus/StaticElasticJob6.odb,Step-1,Increment      1: Step Time =    1.000,"PLATE-1",           347,             1,      -2.01371,      -1.36051,            0.,"ASSEMBLY_PLATE-1__PICKEDSET2","ROCK","",      -1.00027,      -1.64086,      -1.64035,      -1.00078,   17.9945E-03
F:/Desktop/DeepOnet_Abaqus/StaticElasticJob6.odb,Step-1,Increment      1: Step Time =    1.000,"PLATE-1",           348,             1,      -2.20703,   161.713E-03,            0.,"ASSEMBLY_PLATE-1__PICKEDSET2","ROCK","",      -1.01792,      -1.61490,      -1.61482,      -1.01800,   6.72656E-03
F:/Desktop/DeepOnet_Abaqus/StaticElasticJob6.odb,Step-1,Increment      1: Step Time =    1.000,"PLATE-1",           349,             1,      -1.74772,  -280.480E-03,            0.,"ASSEMBLY_PLATE-1__PICKEDSET2","ROCK","",      -1.01832,      -1.61178,      -1.61092,      -1.01918,   22.6134E-03
F:/Desktop/DeepOnet_Abaqus/StaticElasticJob6.odb,Step-1,Increment      1: Step Time =    1.000,"PLATE-1",           350,             1,      -2.07717,  -838.360E-03,            0.,"ASSEMBLY_PLATE-1__PICKEDSET2","ROCK","",      -1.00616,      -1.63161,      -1.63091,      -1.00686,   20.9792E-03
F:/Desktop/DeepOnet_Abaqus/StaticElasticJob6.odb,Step-1,Increment      1: Step Time =    1.000,"PLATE-1",           351,             1,      -2.03907,   706.762E-03,            0.,"ASSEMBLY_PLATE-1__PICKEDSET2","ROCK","",      -1.01668,      -1.61435,      -1.61430,      -1.01673,  -5.50895E-03
F:/Desktop/DeepOnet_Abaqus/StaticElasticJob6.odb,Step-1,Increment      1: Step Time =    1.000,"PLATE-1",           352,             1,      -1.79954,       1.03309,            0.,"ASSEMBLY_PLATE-1__PICKEDSET2","ROCK","",      -1.01273,      -1.61726,      -1.61703,      -1.01296,  -11.8479E-03
F:/Desktop/DeepOnet_Abaqus/StaticElasticJob6.odb,Step-1,Increment      1: Step Time =    1.000,"PLATE-1",           353,             1,       1.24083,      -1.94866,            0.,"ASSEMBLY_PLATE-1__PICKEDSET2","ROCK","",      -1.00256,      -1.65243,      -1.65234,      -1.00265,  -7.87588E-03
F:/Desktop/DeepOnet_Abaqus/StaticElasticJob6.odb,Step-1,Increment      1: Step Time =    1.000,"PLATE-1",           354,             1,   412.442E-03,      -1.84814,            0.,"ASSEMBLY_PLATE-1__PICKEDSET2","ROCK","",      -1.00394,      -1.66157,      -1.66155,      -1.00396,  -3.76850E-03
F:/Desktop/DeepOnet_Abaqus/StaticElasticJob6.odb,Step-1,Increment      1: Step Time =    1.000,"PLATE-1",           355,             1,      -1.37603,      -2.78625,            0.,"ASSEMBLY_PLATE-1__PICKEDSET2","ROCK","",      -1.00260,      -1.64281,      -1.64279,      -1.00262,   3.68938E-03
F:/Desktop/DeepOnet_Abaqus/StaticElasticJob6.odb,Step-1,Increment      1: Step Time =    1.000,"PLATE-1",           356,             1,       1.13198,       2.09980,            0.,"ASSEMBLY_PLATE-1__PICKEDSET2","ROCK","",      -1.03630,      -1.73584,      -1.73446,      -1.03767,   31.0147E-03
F:/Desktop/DeepOnet_Abaqus/StaticElasticJob6.odb,Step-1,Increment      1: Step Time =    1.000,"PLATE-1",           357,             1,      -1.88241,       2.01441,            0.,"ASSEMBLY_PLATE-1__PICKEDSET2","ROCK","",      -1.00560,      -1.63124,      -1.63091,      -1.00593,  -14.3383E-03
F:/Desktop/DeepOnet_Abaqus/StaticElasticJob6.odb,Step-1,Increment      1: Step Time =    1.000,"PLATE-1",           358,             1,      -1.40021,       1.97434,            0.,"ASSEMBLY_PLATE-1__PICKEDSET2","ROCK","",      -1.00386,      -1.63095,      -1.63043,      -1.00439,  -18.1065E-03
F:/Desktop/DeepOnet_Abaqus/StaticElasticJob6.odb,Step-1,Increment      1: Step Time =    1.000,"PLATE-1",           359,             1,      -2.15192,   597.261E-03,            0.,"ASSEMBLY_PLATE-1__PICKEDSET2","ROCK","",      -1.01658,      -1.61587,      -1.61585,      -1.01660,  -3.03437E-03
F:/Desktop/DeepOnet_Abaqus/StaticElasticJob6.odb,Step-1,Increment      1: Step Time =    1.000,"PLATE-1",           360,             1,       1.88486,  -755.809E-03,            0.,"ASSEMBLY_PLATE-1__PICKEDSET2","ROCK","",  -999.311E-03,      -1.64910,      -1.64838,      -1.00002,  -21.5077E-03
F:/Desktop/DeepOnet_Abaqus/StaticElasticJob6.odb,Step-1,Increment      1: Step Time =    1.000,"PLATE-1",           361,             1,       2.10671,  -910.954E-03,            0.,"ASSEMBLY_PLATE-1__PICKEDSET2","ROCK","",  -998.353E-03,      -1.64779,      -1.64710,  -999.038E-03,  -21.0816E-03
F:/Desktop/DeepOnet_Abaqus/StaticElasticJob6.odb,Step-1,Increment      1: Step Time =    1.000,"PLATE-1",           362,             1,       2.16755,       1.00653,            0.,"ASSEMBLY_PLATE-1__PICKEDSET2","ROCK","",      -1.04468,      -1.53927,      -1.53923,      -1.04471,  -3.89613E-03
F:/Desktop/DeepOnet_Abaqus/StaticElasticJob6.odb,Step-1,Increment      1: Step Time =    1.000,"PLATE-1",           363,             1,   770.335E-03,       1.98761,            0.,"ASSEMBLY_PLATE-1__PICKEDSET2","ROCK","",  -953.411E-03,      -1.77886,      -1.77831,  -953.964E-03,   21.3551E-03
F:/Desktop/DeepOnet_Abaqus/StaticElasticJob6.odb,Step-1,Increment      1: Step Time =    1.000,"PLATE-1",           364,             1,  -525.919E-03,       2.23665,            0.,"ASSEMBLY_PLATE-1__PICKEDSET2","ROCK","",  -989.104E-03,      -1.64584,      -1.64455,  -990.388E-03,  -29.0080E-03
F:/Desktop/DeepOnet_Abaqus/StaticElasticJob6.odb,Step-1,Increment      1: Step Time =    1.000,"PLATE-1",           365,             1,  -500.907E-03,       1.97715,            0.,"ASSEMBLY_PLATE-1__PICKEDSET2","ROCK","",  -996.285E-03,      -1.63191,      -1.63016,  -998.035E-03,  -33.3046E-03
F:/Desktop/DeepOnet_Abaqus/StaticElasticJob6.odb,Step-1,Increment      1: Step Time =    1.000,"PLATE-1",           366,             1,  -266.302E-03,      -2.18797,            0.,"ASSEMBLY_PLATE-1__PICKEDSET2","ROCK","",      -1.00477,      -1.65395,      -1.65395,      -1.00477,   587.439E-06
F:/Desktop/DeepOnet_Abaqus/StaticElasticJob6.odb,Step-1,Increment      1: Step Time =    1.000,"PLATE-1",           367,             1,       1.16659,      -2.31591,            0.,"ASSEMBLY_PLATE-1__PICKEDSET2","ROCK","",      -1.00421,      -1.64890,      -1.64886,      -1.00425,  -4.80691E-03
F:/Desktop/DeepOnet_Abaqus/StaticElasticJob6.odb,Step-1,Increment      1: Step Time =    1.000,"PLATE-1",           368,             1,       1.16554,      -1.85207,            0.,"ASSEMBLY_PLATE-1__PICKEDSET2","ROCK","",      -1.00224,      -1.65506,      -1.65495,      -1.00235,  -8.52203E-03
F:/Desktop/DeepOnet_Abaqus/StaticElasticJob6.odb,Step-1,Increment      1: Step Time =    1.000,"PLATE-1",           369,             1,      -1.98057,  -467.460E-03,            0.,"ASSEMBLY_PLATE-1__PICKEDSET2","ROCK","",      -1.01266,      -1.62195,      -1.62122,      -1.01338,   21.0096E-03
F:/Desktop/DeepOnet_Abaqus/StaticElasticJob6.odb,Step-1,Increment      1: Step Time =    1.000,"PLATE-1",           370,             1,       1.00251,       1.95834,            0.,"ASSEMBLY_PLATE-1__PICKEDSET2","ROCK","",      -1.03849,      -1.76237,      -1.76120,      -1.03966,   29.1146E-03
F:/Desktop/DeepOnet_Abaqus/StaticElasticJob6.odb,Step-1,Increment      1: Step Time =    1.000,"PLATE-1",           371,             1,  -879.678E-03,       2.29172,            0.,"ASSEMBLY_PLATE-1__PICKEDSET2","ROCK","",  -996.135E-03,      -1.64064,      -1.63986,  -996.924E-03,  -22.5322E-03
F:/Desktop/DeepOnet_Abaqus/StaticElasticJob6.odb,Step-1,Increment      1: Step Time =    1.000,"PLATE-1",           372,             1,  -980.214E-03,       2.13764,            0.,"ASSEMBLY_PLATE-1__PICKEDSET2","ROCK","",  -999.101E-03,      -1.63576,      -1.63496,  -999.903E-03,  -22.5911E-03
F:/Desktop/DeepOnet_Abaqus/StaticElasticJob6.odb,Step-1,Increment      1: Step Time =    1.000,"PLATE-1",           373,             1,       1.91207,   145.972E-03,            0.,"ASSEMBLY_PLATE-1__PICKEDSET2","ROCK","",  -981.423E-03,      -1.64225,      -1.64018,  -983.491E-03,  -36.9100E-03
F:/Desktop/DeepOnet_Abaqus/StaticElasticJob6.odb,Step-1,Increment      1: Step Time =    1.000,"PLATE-1",           374,             1,       2.24178,   801.120E-03,            0.,"ASSEMBLY_PLATE-1__PICKEDSET2","ROCK","",      -1.03203,      -1.56023,      -1.55879,      -1.03347,  -27.5798E-03
F:/Desktop/DeepOnet_Abaqus/StaticElasticJob6.odb,Step-1,Increment      1: Step Time =    1.000,"PLATE-1",           375,             1,       1.99098,  -631.000E-03,            0.,"ASSEMBLY_PLATE-1__PICKEDSET2","ROCK","",  -998.360E-03,      -1.64714,      -1.64636,  -999.134E-03,  -22.3963E-03
F:/Desktop/DeepOnet_Abaqus/StaticElasticJob6.odb,Step-1,Increment      1: Step Time =    1.000,"PLATE-1",           376,             1,       2.04103,   164.278E-03,            0.,"ASSEMBLY_PLATE-1__PICKEDSET2","ROCK","",  -986.154E-03,      -1.63340,      -1.63079,  -988.771E-03,  -41.0737E-03
F:/Desktop/DeepOnet_Abaqus/StaticElasticJob6.odb,Step-1,Increment      1: Step Time =    1.000,"PLATE-1",           377,             1,   141.103E-03,       1.96952,            0.,"ASSEMBLY_PLATE-1__PICKEDSET2","ROCK","",  -946.293E-03,      -1.68084,      -1.67542,  -951.711E-03,  -62.8542E-03
F:/Desktop/DeepOnet_Abaqus/StaticElasticJob6.odb,Step-1,Increment      1: Step Time =    1.000,"PLATE-1",           378,             1,  -65.5417E-03,       1.97410,            0.,"ASSEMBLY_PLATE-1__PICKEDSET2","ROCK","",  -972.669E-03,      -1.65153,      -1.64737,  -976.827E-03,  -52.9694E-03
F:/Desktop/DeepOnet_Abaqus/StaticElasticJob6.odb,Step-1,Increment      1: Step Time =    1.000,"PLATE-1",           379,             1,   341.222E-03,       1.96140,            0.,"ASSEMBLY_PLATE-1__PICKEDSET2","ROCK","",  -920.659E-03,      -1.71611,      -1.71084,  -925.935E-03,  -64.5623E-03
F:/Desktop/DeepOnet_Abaqus/StaticElasticJob6.odb,Step-1,Increment      1: Step Time =    1.000,"PLATE-1",           380,             1,   647.127E-03,       2.14670,            0.,"ASSEMBLY_PLATE-1__PICKEDSET2","ROCK","",  -968.562E-03,      -1.72415,      -1.72373,  -968.980E-03,   17.7626E-03
F:/Desktop/DeepOnet_Abaqus/StaticElasticJob6.odb,Step-1,Increment      1: Step Time =    1.000,"PLATE-1",           381,             1,   43.8104E-03,       1.89017,            0.,"ASSEMBLY_PLATE-1__PICKEDSET2","ROCK","",  -963.179E-03,      -1.64813,      -1.64092,  -970.386E-03,  -69.8922E-03
F:/Desktop/DeepOnet_Abaqus/StaticElasticJob6.odb,Step-1,Increment      1: Step Time =    1.000,"PLATE-1",           382,             1,  -418.556E-03,       2.10135,            0.,"ASSEMBLY_PLATE-1__PICKEDSET2","ROCK","",  -987.915E-03,      -1.64216,      -1.64019,  -989.886E-03,  -35.8543E-03
F:/Desktop/DeepOnet_Abaqus/StaticElasticJob6.odb,Step-1,Increment      1: Step Time =    1.000,"PLATE-1",           383,             1,  -190.929E-03,       1.98345,            0.,"ASSEMBLY_PLATE-1__PICKEDSET2","ROCK","",  -981.951E-03,      -1.64232,      -1.63899,  -985.274E-03,  -46.7220E-03
F:/Desktop/DeepOnet_Abaqus/StaticElasticJob6.odb,Step-1,Increment      1: Step Time =    1.000,"PLATE-1",           384,             1,   449.786E-03,      -2.22479,            0.,"ASSEMBLY_PLATE-1__PICKEDSET2","ROCK","",      -1.00594,      -1.65297,      -1.65297,      -1.00595,  -2.12414E-03
F:/Desktop/DeepOnet_Abaqus/StaticElasticJob6.odb,Step-1,Increment      1: Step Time =    1.000,"PLATE-1",           385,             1,   137.579E-03,      -2.53977,            0.,"ASSEMBLY_PLATE-1__PICKEDSET2","ROCK","",      -1.00715,      -1.64855,      -1.64855,      -1.00715,  -846.750E-06
F:/Desktop/DeepOnet_Abaqus/StaticElasticJob6.odb,Step-1,Increment      1: Step Time =    1.000,"PLATE-1",           386,             1,      -1.24137,       2.36939,            0.,"ASSEMBLY_PLATE-1__PICKEDSET2","ROCK","",  -999.740E-03,      -1.63884,      -1.63832,      -1.00025,  -18.0878E-03
F:/Desktop/DeepOnet_Abaqus/StaticElasticJob6.odb,Step-1,Increment      1: Step Time =    1.000,"PLATE-1",           387,             1,      -2.05739,       1.05655,            0.,"ASSEMBLY_PLATE-1__PICKEDSET2","ROCK","",      -1.01341,      -1.61940,      -1.61926,      -1.01355,  -9.13973E-03
F:/Desktop/DeepOnet_Abaqus/StaticElasticJob6.odb,Step-1,Increment      1: Step Time =    1.000,"PLATE-1",           388,             1,      -2.19863,   740.139E-03,            0.,"ASSEMBLY_PLATE-1__PICKEDSET2","ROCK","",      -1.01554,      -1.61783,      -1.61779,      -1.01558,  -4.88088E-03
F:/Desktop/DeepOnet_Abaqus/StaticElasticJob6.odb,Step-1,Increment      1: Step Time =    1.000,"PLATE-1",           389,             1,       1.69205,      -1.90596,            0.,"ASSEMBLY_PLATE-1__PICKEDSET2","ROCK","",      -1.00098,      -1.64977,      -1.64962,      -1.00113,  -9.69443E-03
F:/Desktop/DeepOnet_Abaqus/StaticElasticJob6.odb,Step-1,Increment      1: Step Time =    1.000,"PLATE-1",           390,             1,       1.94174,      -1.32039,            0.,"ASSEMBLY_PLATE-1__PICKEDSET2","ROCK","",  -999.057E-03,      -1.64945,      -1.64903,  -999.481E-03,  -16.6051E-03
F:/Desktop/DeepOnet_Abaqus/StaticElasticJob6.odb,Step-1,Increment      1: Step Time =    1.000,"PLATE-1",           391,             1,       2.21150,      -1.07958,            0.,"ASSEMBLY_PLATE-1__PICKEDSET2","ROCK","",  -998.864E-03,      -1.64670,      -1.64613,  -999.430E-03,  -19.1338E-03
F:/Desktop/DeepOnet_Abaqus/StaticElasticJob6.odb,Step-1,Increment      1: Step Time =    1.000,"PLATE-1",           392,             1,       1.92103,       1.35486,            0.,"ASSEMBLY_PLATE-1__PICKEDSET2","ROCK","",      -1.03689,      -1.53702,      -1.52351,      -1.05040,   81.0657E-03
F:/Desktop/DeepOnet_Abaqus/StaticElasticJob6.odb,Step-1,Increment      1: Step Time =    1.000,"PLATE-1",           393,             1,      -1.31332,      -1.90170,            0.,"ASSEMBLY_PLATE-1__PICKEDSET2","ROCK","",  -998.514E-03,      -1.65100,      -1.65084,  -998.667E-03,   10.0116E-03
F:/Desktop/DeepOnet_Abaqus/StaticElasticJob6.odb,Step-1,Increment      1: Step Time =    1.000,"PLATE-1",           394,             1,      -1.22778,      -2.43429,            0.,"ASSEMBLY_PLATE-1__PICKEDSET2","ROCK","",      -1.00170,      -1.64661,      -1.64657,      -1.00174,   5.01890E-03
F:/Desktop/DeepOnet_Abaqus/StaticElasticJob6.odb,Step-1,Increment      1: Step Time =    1.000,"PLATE-1",           395,             1,      -1.20272,       1.86827,            0.,"ASSEMBLY_PLATE-1__PICKEDSET2","ROCK","",      -1.00413,      -1.62826,      -1.62767,      -1.00472,  -19.3128E-03
F:/Desktop/DeepOnet_Abaqus/StaticElasticJob6.odb,Step-1,Increment      1: Step Time =    1.000,"PLATE-1",           396,             1,      -1.36453,      -2.04893,            0.,"ASSEMBLY_PLATE-1__PICKEDSET2","ROCK","",  -999.440E-03,      -1.64907,      -1.64896,  -999.552E-03,   8.54156E-03
F:/Desktop/DeepOnet_Abaqus/StaticElasticJob6.odb,Step-1,Increment      1: Step Time =    1.000,"PLATE-1",           397,             1,      -1.50418,      -2.24614,            0.,"ASSEMBLY_PLATE-1__PICKEDSET2","ROCK","",      -1.00012,      -1.64598,      -1.64589,      -1.00021,   7.50221E-03
F:/Desktop/DeepOnet_Abaqus/StaticElasticJob6.odb,Step-1,Increment      1: Step Time =    1.000,"PLATE-1",           398,             1,      -2.07552,      -1.62146,            0.,"ASSEMBLY_PLATE-1__PICKEDSET2","ROCK","",      -1.00013,      -1.64095,      -1.64062,      -1.00046,   14.6675E-03
F:/Desktop/DeepOnet_Abaqus/StaticElasticJob6.odb,Step-1,Increment      1: Step Time =    1.000,"PLATE-1",           399,             1,      -2.15844,   346.631E-03,            0.,"ASSEMBLY_PLATE-1__PICKEDSET2","ROCK","",      -1.01802,      -1.61421,      -1.61419,      -1.01803,   2.83125E-03
F:/Desktop/DeepOnet_Abaqus/StaticElasticJob6.odb,Step-1,Increment      1: Step Time =    1.000,"PLATE-1",           400,             1,       1.86021,      -1.41529,            0.,"ASSEMBLY_PLATE-1__PICKEDSET2","ROCK","",  -999.656E-03,      -1.64981,      -1.64945,      -1.00001,  -15.1892E-03
F:/Desktop/DeepOnet_Abaqus/StaticElasticJob6.odb,Step-1,Increment      1: Step Time =    1.000,"PLATE-1",           401,             1,       1.94106,       1.87068,            0.,"ASSEMBLY_PLATE-1__PICKEDSET2","ROCK","",  -977.330E-03,      -1.68101,      -1.67504,  -983.307E-03,   64.5766E-03
F:/Desktop/DeepOnet_Abaqus/StaticElasticJob6.odb,Step-1,Increment      1: Step Time =    1.000,"PLATE-1",           402,             1,      -2.05776,       2.42980,            0.,"ASSEMBLY_PLATE-1__PICKEDSET2","ROCK","",      -1.00390,      -1.63553,      -1.63526,      -1.00417,  -12.9097E-03
F:/Desktop/DeepOnet_Abaqus/StaticElasticJob6.odb,Step-1,Increment      1: Step Time =    1.000,"PLATE-1",           403,             1,       1.65406,       2.16317,            0.,"ASSEMBLY_PLATE-1__PICKEDSET2","ROCK","",  -990.762E-03,      -1.71313,      -1.71257,  -991.321E-03,   20.0904E-03
F:/Desktop/DeepOnet_Abaqus/StaticElasticJob6.odb,Step-1,Increment      1: Step Time =    1.000,"PLATE-1",           404,             1,       1.82287,      -1.79871,            0.,"ASSEMBLY_PLATE-1__PICKEDSET2","ROCK","",      -1.00048,      -1.64900,      -1.64881,      -1.00067,  -11.0317E-03
F:/Desktop/DeepOnet_Abaqus/StaticElasticJob6.odb,Step-1,Increment      1: Step Time =    1.000,"PLATE-1",           405,             1,       2.06913,      -1.68801,            0.,"ASSEMBLY_PLATE-1__PICKEDSET2","ROCK","",  -999.576E-03,      -1.64680,      -1.64655,  -999.823E-03,  -12.6410E-03
F:/Desktop/DeepOnet_Abaqus/StaticElasticJob6.odb,Step-1,Increment      1: Step Time =    1.000,"PLATE-1",           406,             1,       2.67718,       1.87210,            0.,"ASSEMBLY_PLATE-1__PICKEDSET2","ROCK","",      -1.00655,      -1.63700,      -1.63485,      -1.00870,   36.7290E-03
F:/Desktop/DeepOnet_Abaqus/StaticElasticJob6.odb,Step-1,Increment      1: Step Time =    1.000,"PLATE-1",           407,             1,      -2.18949,       2.05822,            0.,"ASSEMBLY_PLATE-1__PICKEDSET2","ROCK","",      -1.00633,      -1.63175,      -1.63149,      -1.00659,  -12.6343E-03
F:/Desktop/DeepOnet_Abaqus/StaticElasticJob6.odb,Step-1,Increment      1: Step Time =    1.000,"PLATE-1",           408,             1,       1.45440,      -2.00881,            0.,"ASSEMBLY_PLATE-1__PICKEDSET2","ROCK","",      -1.00200,      -1.65005,      -1.64994,      -1.00211,  -8.35272E-03
F:/Desktop/DeepOnet_Abaqus/StaticElasticJob6.odb,Step-1,Increment      1: Step Time =    1.000,"PLATE-1",           409,             1,      -2.02076,   195.568E-03,            0.,"ASSEMBLY_PLATE-1__PICKEDSET2","ROCK","",      -1.01979,      -1.61044,      -1.61038,      -1.01985,   6.11926E-03
F:/Desktop/DeepOnet_Abaqus/StaticElasticJob6.odb,Step-1,Increment      1: Step Time =    1.000,"PLATE-1",           410,             1,      -1.64387,      -1.99555,            0.,"ASSEMBLY_PLATE-1__PICKEDSET2","ROCK","",  -998.766E-03,      -1.64617,      -1.64600,  -998.939E-03,   10.5839E-03
F:/Desktop/DeepOnet_Abaqus/StaticElasticJob6.odb,Step-1,Increment      1: Step Time =    1.000,"PLATE-1",           411,             1,       1.11453,      -2.01706,            0.,"ASSEMBLY_PLATE-1__PICKEDSET2","ROCK","",      -1.00318,      -1.65317,      -1.65310,      -1.00325,  -6.67710E-03
F:/Desktop/DeepOnet_Abaqus/StaticElasticJob6.odb,Step-1,Increment      1: Step Time =    1.000,"PLATE-1",           412,             1,       1.49630,      -2.23369,            0.,"ASSEMBLY_PLATE-1__PICKEDSET2","ROCK","",      -1.00272,      -1.64749,      -1.64743,      -1.00278,  -6.43172E-03
F:/Desktop/DeepOnet_Abaqus/StaticElasticJob6.odb,Step-1,Increment      1: Step Time =    1.000,"PLATE-1",           413,             1,      -1.87085,      -2.08781,            0.,"ASSEMBLY_PLATE-1__PICKEDSET2","ROCK","",  -999.045E-03,      -1.64416,      -1.64401,  -999.200E-03,   9.99964E-03
F:/Desktop/DeepOnet_Abaqus/StaticElasticJob6.odb,Step-1,Increment      1: Step Time =    1.000,"PLATE-1",           414,             1,      -2.75441,      -1.82175,            0.,"ASSEMBLY_PLATE-1__PICKEDSET2","ROCK","",      -1.00042,      -1.63650,      -1.63633,      -1.00059,   10.2857E-03
F:/Desktop/DeepOnet_Abaqus/StaticElasticJob6.odb,Step-1,Increment      1: Step Time =    1.000,"PLATE-1",           415,             1,       1.38180,       1.94855,            0.,"ASSEMBLY_PLATE-1__PICKEDSET2","ROCK","",      -1.01557,      -1.76129,      -1.76071,      -1.01616,   20.8766E-03
F:/Desktop/DeepOnet_Abaqus/StaticElasticJob6.odb,Step-1,Increment      1: Step Time =    1.000,"PLATE-1",           416,             1,       1.03642,       2.77990,            0.,"ASSEMBLY_PLATE-1__PICKEDSET2","ROCK","",      -1.00880,      -1.67298,      -1.67263,      -1.00915,   15.2737E-03
F:/Desktop/DeepOnet_Abaqus/StaticElasticJob6.odb,Step-1,Increment      1: Step Time =    1.000,"PLATE-1",           417,             1,      -1.72548,       2.30083,            0.,"ASSEMBLY_PLATE-1__PICKEDSET2","ROCK","",      -1.00358,      -1.63537,      -1.63502,      -1.00393,  -14.9303E-03
F:/Desktop/DeepOnet_Abaqus/StaticElasticJob6.odb,Step-1,Increment      1: Step Time =    1.000,"PLATE-1",           418,             1,       2.00954,   946.574E-03,            0.,"ASSEMBLY_PLATE-1__PICKEDSET2","ROCK","",      -1.04444,      -1.51483,      -1.51231,      -1.04696,  -34.3166E-03
F:/Desktop/DeepOnet_Abaqus/StaticElasticJob6.odb,Step-1,Increment      1: Step Time =    1.000,"PLATE-1",           419,             1,  -504.441E-03,      -2.27121,            0.,"ASSEMBLY_PLATE-1__PICKEDSET2","ROCK","",      -1.00415,      -1.65179,      -1.65179,      -1.00416,   2.01930E-03
F:/Desktop/DeepOnet_Abaqus/StaticElasticJob6.odb,Step-1,Increment      1: Step Time =    1.000,"PLATE-1",           420,             1,      -2.18229,      -1.31695,            0.,"ASSEMBLY_PLATE-1__PICKEDSET2","ROCK","",      -1.00160,      -1.63843,      -1.63798,      -1.00205,   16.9550E-03
F:/Desktop/DeepOnet_Abaqus/StaticElasticJob6.odb,Step-1,Increment      1: Step Time =    1.000,"PLATE-1",           421,             1,      -2.50063,   651.506E-03,            0.,"ASSEMBLY_PLATE-1__PICKEDSET2","ROCK","",      -1.01498,      -1.62151,      -1.62150,      -1.01499,  -1.93603E-03
F:/Desktop/DeepOnet_Abaqus/StaticElasticJob6.odb,Step-1,Increment      1: Step Time =    1.000,"PLATE-1",           422,             1,      -2.03306,   475.412E-03,            0.,"ASSEMBLY_PLATE-1__PICKEDSET2","ROCK","",      -1.01813,      -1.61289,      -1.61288,      -1.01813,  -930.473E-06
F:/Desktop/DeepOnet_Abaqus/StaticElasticJob6.odb,Step-1,Increment      1: Step Time =    1.000,"PLATE-1",           423,             1,       2.29714,  -254.958E-03,            0.,"ASSEMBLY_PLATE-1__PICKEDSET2","ROCK","",  -996.703E-03,      -1.64119,      -1.63991,  -997.978E-03,  -28.6419E-03
F:/Desktop/DeepOnet_Abaqus/StaticElasticJob6.odb,Step-1,Increment      1: Step Time =    1.000,"PLATE-1",           424,             1,      -1.15369,       2.18279,            0.,"ASSEMBLY_PLATE-1__PICKEDSET2","ROCK","",  -999.929E-03,      -1.63638,      -1.63575,      -1.00056,  -19.9724E-03
F:/Desktop/DeepOnet_Abaqus/StaticElasticJob6.odb,Step-1,Increment      1: Step Time =    1.000,"PLATE-1",           425,             1,   985.231E-03,      -2.08832,            0.,"ASSEMBLY_PLATE-1__PICKEDSET2","ROCK","",      -1.00404,      -1.65309,      -1.65304,      -1.00409,  -5.25107E-03
F:/Desktop/DeepOnet_Abaqus/StaticElasticJob6.odb,Step-1,Increment      1: Step Time =    1.000,"PLATE-1",           426,             1,       2.54275,  -438.003E-03,            0.,"ASSEMBLY_PLATE-1__PICKEDSET2","ROCK","",      -1.00171,      -1.64098,      -1.63988,      -1.00281,  -26.4965E-03
F:/Desktop/DeepOnet_Abaqus/StaticElasticJob6.odb,Step-1,Increment      1: Step Time =    1.000,"PLATE-1",           427,             1,       1.90507,   252.843E-03,            0.,"ASSEMBLY_PLATE-1__PICKEDSET2","ROCK","",  -977.779E-03,      -1.63616,      -1.63305,  -980.887E-03,  -45.1303E-03
F:/Desktop/DeepOnet_Abaqus/StaticElasticJob6.odb,Step-1,Increment      1: Step Time =    1.000,"PLATE-1",           428,             1,       2.23341,   392.883E-03,            0.,"ASSEMBLY_PLATE-1__PICKEDSET2","ROCK","",      -1.00359,      -1.60906,      -1.60604,      -1.00661,  -42.6439E-03
F:/Desktop/DeepOnet_Abaqus/StaticElasticJob6.odb,Step-1,Increment      1: Step Time =    1.000,"PLATE-1",           429,             1,   9.64160E-03,       2.57706,            0.,"ASSEMBLY_PLATE-1__PICKEDSET2","ROCK","",  -976.580E-03,      -1.67460,      -1.67439,  -976.782E-03,  -11.8509E-03
F:/Desktop/DeepOnet_Abaqus/StaticElasticJob6.odb,Step-1,Increment      1: Step Time =    1.000,"PLATE-1",           430,             1,  -705.141E-03,       2.32322,            0.,"ASSEMBLY_PLATE-1__PICKEDSET2","ROCK","",  -992.347E-03,      -1.64503,      -1.64417,  -993.208E-03,  -23.6877E-03
F:/Desktop/DeepOnet_Abaqus/StaticElasticJob6.odb,Step-1,Increment      1: Step Time =    1.000,"PLATE-1",           431,             1,  -151.356E-03,       2.30915,            0.,"ASSEMBLY_PLATE-1__PICKEDSET2","ROCK","",  -975.520E-03,      -1.66401,      -1.66282,  -976.716E-03,  -28.6703E-03
F:/Desktop/DeepOnet_Abaqus/StaticElasticJob6.odb,Step-1,Increment      1: Step Time =    1.000,"PLATE-1",           432,             1,   35.8525E-03,       2.13442,            0.,"ASSEMBLY_PLATE-1__PICKEDSET2","ROCK","",  -963.306E-03,      -1.67131,      -1.66909,  -965.529E-03,  -39.6106E-03
F:/Desktop/DeepOnet_Abaqus/StaticElasticJob6.odb,Step-1,Increment      1: Step Time =    1.000,"PLATE-1",           433,             1,   621.306E-03,      -2.79727,            0.,"ASSEMBLY_PLATE-1__PICKEDSET2","ROCK","",      -1.00746,      -1.64505,      -1.64504,      -1.00746,  -1.79235E-03
F:/Desktop/DeepOnet_Abaqus/StaticElasticJob6.odb,Step-1,Increment      1: Step Time =    1.000,"PLATE-1",           434,             1,   515.451E-03,       2.28495,            0.,"ASSEMBLY_PLATE-1__PICKEDSET2","ROCK","",  -963.385E-03,      -1.71600,      -1.71600,  -963.392E-03,   2.21119E-03
F:/Desktop/DeepOnet_Abaqus/StaticElasticJob6.odb,Step-1,Increment      1: Step Time =    1.000,"PLATE-1",           435,             1,   221.868E-03,       2.18613,            0.,"ASSEMBLY_PLATE-1__PICKEDSET2","ROCK","",  -954.013E-03,      -1.69286,      -1.69145,  -955.420E-03,  -32.2009E-03
F:/Desktop/DeepOnet_Abaqus/StaticElasticJob6.odb,Step-1,Increment      1: Step Time =    1.000,"PLATE-1",           436,             1,      -2.65237,  -539.121E-03,            0.,"ASSEMBLY_PLATE-1__PICKEDSET2","ROCK","",      -1.01058,      -1.62815,      -1.62789,      -1.01084,   12.6395E-03
F:/Desktop/DeepOnet_Abaqus/StaticElasticJob6.odb,Step-1,Increment      1: Step Time =    1.000,"PLATE-1",           437,             1,       2.04755,      -1.45255,            0.,"ASSEMBLY_PLATE-1__PICKEDSET2","ROCK","",  -999.215E-03,      -1.64792,      -1.64755,  -999.580E-03,  -15.3777E-03
F:/Desktop/DeepOnet_Abaqus/StaticElasticJob6.odb,Step-1,Increment      1: Step Time =    1.000,"PLATE-1",           438,             1,      -1.15475,      -2.14414,            0.,"ASSEMBLY_PLATE-1__PICKEDSET2","ROCK","",      -1.00037,      -1.65002,      -1.64996,      -1.00044,   6.47585E-03
F:/Desktop/DeepOnet_Abaqus/StaticElasticJob6.odb,Step-1,Increment      1: Step Time =    1.000,"PLATE-1",           439,             1,   716.205E-03,      -2.35376,            0.,"ASSEMBLY_PLATE-1__PICKEDSET2","ROCK","",      -1.00582,      -1.64992,      -1.64991,      -1.00584,  -3.27555E-03
F:/Desktop/DeepOnet_Abaqus/StaticElasticJob6.odb,Step-1,Increment      1: Step Time =    1.000,"PLATE-1",           440,             1,   848.173E-03,      -2.20410,            0.,"ASSEMBLY_PLATE-1__PICKEDSET2","ROCK","",      -1.00478,      -1.65219,      -1.65216,      -1.00480,  -4.32021E-03
F:/Desktop/DeepOnet_Abaqus/StaticElasticJob6.odb,Step-1,Increment      1: Step Time =    1.000,"PLATE-1",           441,             1,   939.917E-03,       2.28514,            0.,"ASSEMBLY_PLATE-1__PICKEDSET2","ROCK","",      -1.01048,      -1.71193,      -1.71140,      -1.01102,   19.3260E-03
F:/Desktop/DeepOnet_Abaqus/StaticElasticJob6.odb,Step-1,Increment      1: Step Time =    1.000,"PLATE-1",           442,             1,      -2.39619,      -1.20607,            0.,"ASSEMBLY_PLATE-1__PICKEDSET2","ROCK","",      -1.00305,      -1.63547,      -1.63508,      -1.00344,   15.6851E-03
F:/Desktop/DeepOnet_Abaqus/StaticElasticJob6.odb,Step-1,Increment      1: Step Time =    1.000,"PLATE-1",           443,             1,       2.21111,       1.80774,            0.,"ASSEMBLY_PLATE-1__PICKEDSET2","ROCK","",  -994.805E-03,      -1.64425,      -1.63824,      -1.00081,   62.1747E-03
F:/Desktop/DeepOnet_Abaqus/StaticElasticJob6.odb,Step-1,Increment      1: Step Time =    1.000,"PLATE-1",           444,             1,       2.48877,  -924.814E-03,            0.,"ASSEMBLY_PLATE-1__PICKEDSET2","ROCK","",  -999.268E-03,      -1.64402,      -1.64335,  -999.939E-03,  -20.7825E-03
F:/Desktop/DeepOnet_Abaqus/StaticElasticJob6.odb,Step-1,Increment      1: Step Time =    1.000,"PLATE-1",           445,             1,      -2.56750,       1.70407,            0.,"ASSEMBLY_PLATE-1__PICKEDSET2","ROCK","",      -1.00976,      -1.62959,      -1.62945,      -1.00990,  -9.33979E-03
F:/Desktop/DeepOnet_Abaqus/StaticElasticJob6.odb,Step-1,Increment      1: Step Time =    1.000,"PLATE-1",           446,             1,       1.86711,      -3.15099,            0.,"ASSEMBLY_PLATE-1__PICKEDSET2","ROCK","",      -1.00300,      -1.63898,      -1.63897,      -1.00301,  -2.76882E-03
F:/Desktop/DeepOnet_Abaqus/StaticElasticJob6.odb,Step-1,Increment      1: Step Time =    1.000,"PLATE-1",           447,             1,       2.04896,  -173.965E-03,            0.,"ASSEMBLY_PLATE-1__PICKEDSET2","ROCK","",  -992.762E-03,      -1.64423,      -1.64297,  -994.019E-03,  -28.5936E-03
F:/Desktop/DeepOnet_Abaqus/StaticElasticJob6.odb,Step-1,Increment      1: Step Time =    1.000,"PLATE-1",           448,             1,       2.06073,   12.3622E-03,            0.,"ASSEMBLY_PLATE-1__PICKEDSET2","ROCK","",  -989.419E-03,      -1.64088,      -1.63925,  -991.053E-03,  -32.5861E-03
F:/Desktop/DeepOnet_Abaqus/StaticElasticJob6.odb,Step-1,Increment      1: Step Time =    1.000,"PLATE-1",           449,             1,       2.32051,  -658.161E-03,            0.,"ASSEMBLY_PLATE-1__PICKEDSET2","ROCK","",  -998.611E-03,      -1.64490,      -1.64404,  -999.473E-03,  -23.5858E-03
F:/Desktop/DeepOnet_Abaqus/StaticElasticJob6.odb,Step-1,Increment      1: Step Time =    1.000,"PLATE-1",           450,             1,      -2.20295,      -1.50615,            0.,"ASSEMBLY_PLATE-1__PICKEDSET2","ROCK","",      -1.00086,      -1.63950,      -1.63912,      -1.00123,   15.4941E-03
F:/Desktop/DeepOnet_Abaqus/StaticElasticJob6.odb,Step-1,Increment      1: Step Time =    1.000,"PLATE-1",           451,             1,      -2.21380,  -644.932E-03,            0.,"ASSEMBLY_PLATE-1__PICKEDSET2","ROCK","",      -1.00952,      -1.62763,      -1.62707,      -1.01007,   18.5559E-03
F:/Desktop/DeepOnet_Abaqus/StaticElasticJob6.odb,Step-1,Increment      1: Step Time =    1.000,"PLATE-1",           452,             1,      -2.11408,  -290.978E-03,            0.,"ASSEMBLY_PLATE-1__PICKEDSET2","ROCK","",      -1.01490,      -1.61925,      -1.61879,      -1.01535,   16.5534E-03
F:/Desktop/DeepOnet_Abaqus/StaticElasticJob6.odb,Step-1,Increment      1: Step Time =    1.000,"PLATE-1",           453,             1,      -1.94586,  -189.749E-03,            0.,"ASSEMBLY_PLATE-1__PICKEDSET2","ROCK","",      -1.01791,      -1.61342,      -1.61296,      -1.01837,   16.5921E-03
F:/Desktop/DeepOnet_Abaqus/StaticElasticJob6.odb,Step-1,Increment      1: Step Time =    1.000,"PLATE-1",           454,             1,      -2.09494,       1.28609,            0.,"ASSEMBLY_PLATE-1__PICKEDSET2","ROCK","",      -1.01135,      -1.62299,      -1.62280,      -1.01154,  -10.6337E-03
F:/Desktop/DeepOnet_Abaqus/StaticElasticJob6.odb,Step-1,Increment      1: Step Time =    1.000,"PLATE-1",           455,             1,      -2.19348,       1.15599,            0.,"ASSEMBLY_PLATE-1__PICKEDSET2","ROCK","",      -1.01262,      -1.62199,      -1.62187,      -1.01274,  -8.74066E-03
F:/Desktop/DeepOnet_Abaqus/StaticElasticJob6.odb,Step-1,Increment      1: Step Time =    1.000,"PLATE-1",           456,             1,   77.4044E-03,      -2.26242,            0.,"ASSEMBLY_PLATE-1__PICKEDSET2","ROCK","",      -1.00615,      -1.65334,      -1.65334,      -1.00615,  -1.07946E-03
F:/Desktop/DeepOnet_Abaqus/StaticElasticJob6.odb,Step-1,Increment      1: Step Time =    1.000,"PLATE-1",           457,             1,       1.36547,       2.16901,            0.,"ASSEMBLY_PLATE-1__PICKEDSET2","ROCK","",      -1.01761,      -1.72393,      -1.72382,      -1.01772,   8.81282E-03
F:/Desktop/DeepOnet_Abaqus/StaticElasticJob6.odb,Step-1,Increment      1: Step Time =    1.000,"PLATE-1",           458,             1,      -1.33526,       2.19418,            0.,"ASSEMBLY_PLATE-1__PICKEDSET2","ROCK","",      -1.00184,      -1.63550,      -1.63501,      -1.00233,  -17.5981E-03
F:/Desktop/DeepOnet_Abaqus/StaticElasticJob6.odb,Step-1,Increment      1: Step Time =    1.000,"PLATE-1",           459,             1,      -1.46503,       2.59158,            0.,"ASSEMBLY_PLATE-1__PICKEDSET2","ROCK","",      -1.00026,      -1.64129,      -1.64094,      -1.00061,  -14.9637E-03
F:/Desktop/DeepOnet_Abaqus/StaticElasticJob6.odb,Step-1,Increment      1: Step Time =    1.000,"PLATE-1",           460,             1,       1.95373,       2.15871,            0.,"ASSEMBLY_PLATE-1__PICKEDSET2","ROCK","",  -982.296E-03,      -1.69158,      -1.69011,  -983.771E-03,   32.3167E-03
F:/Desktop/DeepOnet_Abaqus/StaticElasticJob6.odb,Step-1,Increment      1: Step Time =    1.000,"PLATE-1",           461,             1,       2.30169,      -1.36797,            0.,"ASSEMBLY_PLATE-1__PICKEDSET2","ROCK","",  -998.717E-03,      -1.64576,      -1.64536,  -999.116E-03,  -16.0540E-03
F:/Desktop/DeepOnet_Abaqus/StaticElasticJob6.odb,Step-1,Increment      1: Step Time =    1.000,"PLATE-1",           462,             1,      -2.58780,      -3.02809,            0.,"ASSEMBLY_PLATE-1__PICKEDSET2","ROCK","",  -997.677E-03,      -1.63610,      -1.63608,  -997.700E-03,   3.83850E-03
F:/Desktop/DeepOnet_Abaqus/StaticElasticJob6.odb,Step-1,Increment      1: Step Time =    1.000,"PLATE-1",           463,             1,       2.63303,      -1.26282,            0.,"ASSEMBLY_PLATE-1__PICKEDSET2","ROCK","",      -1.00020,      -1.64197,      -1.64151,      -1.00066,  -17.1346E-03
F:/Desktop/DeepOnet_Abaqus/StaticElasticJob6.odb,Step-1,Increment      1: Step Time =    1.000,"PLATE-1",           464,             1,       3.29235,       1.30246,            0.,"ASSEMBLY_PLATE-1__PICKEDSET2","ROCK","",      -1.03310,      -1.62040,      -1.62009,      -1.03340,   13.4583E-03
F:/Desktop/DeepOnet_Abaqus/StaticElasticJob6.odb,Step-1,Increment      1: Step Time =    1.000,"PLATE-1",           465,             1,       2.55310,   778.107E-03,            0.,"ASSEMBLY_PLATE-1__PICKEDSET2","ROCK","",      -1.03124,      -1.58527,      -1.58490,      -1.03161,  -14.2963E-03
F:/Desktop/DeepOnet_Abaqus/StaticElasticJob6.odb,Step-1,Increment      1: Step Time =    1.000,"PLATE-1",           466,             1,       2.02118,   374.734E-03,            0.,"ASSEMBLY_PLATE-1__PICKEDSET2","ROCK","",  -983.803E-03,      -1.62081,      -1.61626,  -988.354E-03,  -53.6504E-03
F:/Desktop/DeepOnet_Abaqus/StaticElasticJob6.odb,Step-1,Increment      1: Step Time =    1.000,"PLATE-1",           467,             1,      -2.33969,   452.021E-03,            0.,"ASSEMBLY_PLATE-1__PICKEDSET2","ROCK","",      -1.01639,      -1.61839,      -1.61838,      -1.01639,   1.04559E-03
F:/Desktop/DeepOnet_Abaqus/StaticElasticJob6.odb,Step-1,Increment      1: Step Time =    1.000,"PLATE-1",           468,             1,  -542.197E-03,      -2.04346,            0.,"ASSEMBLY_PLATE-1__PICKEDSET2","ROCK","",      -1.00222,      -1.65625,      -1.65624,      -1.00223,   3.01694E-03
F:/Desktop/DeepOnet_Abaqus/StaticElasticJob6.odb,Step-1,Increment      1: Step Time =    1.000,"PLATE-1",           469,             1,   279.777E-03,       2.41132,            0.,"ASSEMBLY_PLATE-1__PICKEDSET2","ROCK","",  -966.702E-03,      -1.69086,      -1.69080,  -966.768E-03,  -6.87119E-03
F:/Desktop/DeepOnet_Abaqus/StaticElasticJob6.odb,Step-1,Increment      1: Step Time =    1.000,"PLATE-1",           470,             1,  -643.000E-03,       3.23178,            0.,"ASSEMBLY_PLATE-1__PICKEDSET2","ROCK","",  -995.049E-03,      -1.65786,      -1.65781,  -995.093E-03,  -5.44500E-03
F:/Desktop/DeepOnet_Abaqus/StaticElasticJob6.odb,Step-1,Increment      1: Step Time =    1.000,"PLATE-1",           471,             1,       2.52329,   371.519E-03,            0.,"ASSEMBLY_PLATE-1__PICKEDSET2","ROCK","",      -1.01293,      -1.61122,      -1.60953,      -1.01461,  -31.7258E-03
F:/Desktop/DeepOnet_Abaqus/StaticElasticJob6.odb,Step-1,Increment      1: Step Time =    1.000,"PLATE-1",           472,             1,  -410.180E-03,       2.45732,            0.,"ASSEMBLY_PLATE-1__PICKEDSET2","ROCK","",  -985.370E-03,      -1.65577,      -1.65503,  -986.111E-03,  -22.2852E-03
F:/Desktop/DeepOnet_Abaqus/StaticElasticJob6.odb,Step-1,Increment      1: Step Time =    1.000,"PLATE-1",           473,             1,  -682.313E-03,       2.84799,            0.,"ASSEMBLY_PLATE-1__PICKEDSET2","ROCK","",  -992.349E-03,      -1.65408,      -1.65383,  -992.593E-03,  -12.7105E-03
F:/Desktop/DeepOnet_Abaqus/StaticElasticJob6.odb,Step-1,Increment      1: Step Time =    1.000,"PLATE-1",           474,             1,   439.756E-03,       2.60970,            0.,"ASSEMBLY_PLATE-1__PICKEDSET2","ROCK","",  -980.867E-03,      -1.68590,      -1.68580,  -980.970E-03,   8.52066E-03
F:/Desktop/DeepOnet_Abaqus/StaticElasticJob6.odb,Step-1,Increment      1: Step Time =    1.000,"PLATE-1",           475,             1,      -2.35456,  -399.258E-03,            0.,"ASSEMBLY_PLATE-1__PICKEDSET2","ROCK","",      -1.01240,      -1.62356,      -1.62321,      -1.01276,   14.7774E-03
F:/Desktop/DeepOnet_Abaqus/StaticElasticJob6.odb,Step-1,Increment      1: Step Time =    1.000,"PLATE-1",           476,             1,      -2.14992,   902.923E-03,            0.,"ASSEMBLY_PLATE-1__PICKEDSET2","ROCK","",      -1.01484,      -1.61824,      -1.61816,      -1.01492,  -7.23152E-03
F:/Desktop/DeepOnet_Abaqus/StaticElasticJob6.odb,Step-1,Increment      1: Step Time =    1.000,"PLATE-1",           477,             1,      -2.45711,   192.382E-03,            0.,"ASSEMBLY_PLATE-1__PICKEDSET2","ROCK","",      -1.01593,      -1.62005,      -1.61999,      -1.01599,   5.79123E-03
F:/Desktop/DeepOnet_Abaqus/StaticElasticJob6.odb,Step-1,Increment      1: Step Time =    1.000,"PLATE-1",           478,             1,       1.16908,      -2.95939,            0.,"ASSEMBLY_PLATE-1__PICKEDSET2","ROCK","",      -1.00587,      -1.64230,      -1.64229,      -1.00588,  -2.49894E-03
F:/Desktop/DeepOnet_Abaqus/StaticElasticJob6.odb,Step-1,Increment      1: Step Time =    1.000,"PLATE-1",           479,             1,      -2.66838,      -1.03356,            0.,"ASSEMBLY_PLATE-1__PICKEDSET2","ROCK","",      -1.00486,      -1.63291,      -1.63260,      -1.00517,   14.0170E-03
F:/Desktop/DeepOnet_Abaqus/StaticElasticJob6.odb,Step-1,Increment      1: Step Time =    1.000,"PLATE-1",           480,             1,       1.32841,       2.45550,            0.,"ASSEMBLY_PLATE-1__PICKEDSET2","ROCK","",      -1.01657,      -1.68302,      -1.68279,      -1.01680,   12.3246E-03
F:/Desktop/DeepOnet_Abaqus/StaticElasticJob6.odb,Step-1,Increment      1: Step Time =    1.000,"PLATE-1",           481,             1,   781.323E-03,       2.48338,            0.,"ASSEMBLY_PLATE-1__PICKEDSET2","ROCK","",  -992.424E-03,      -1.69373,      -1.69314,  -993.016E-03,   20.3669E-03
F:/Desktop/DeepOnet_Abaqus/StaticElasticJob6.odb,Step-1,Increment      1: Step Time =    1.000,"PLATE-1",           482,             1,  -379.318E-03,      -3.36315,            0.,"ASSEMBLY_PLATE-1__PICKEDSET2","ROCK","",      -1.00772,      -1.64174,      -1.64174,      -1.00772,   53.3011E-06
F:/Desktop/DeepOnet_Abaqus/StaticElasticJob6.odb,Step-1,Increment      1: Step Time =    1.000,"PLATE-1",           483,             1,  -773.054E-03,      -2.25025,            0.,"ASSEMBLY_PLATE-1__PICKEDSET2","ROCK","",      -1.00260,      -1.65137,      -1.65135,      -1.00262,   3.55765E-03
F:/Desktop/DeepOnet_Abaqus/StaticElasticJob6.odb,Step-1,Increment      1: Step Time =    1.000,"PLATE-1",           484,             1,      -2.41654,      -1.65054,            0.,"ASSEMBLY_PLATE-1__PICKEDSET2","ROCK","",      -1.00072,      -1.63835,      -1.63809,      -1.00098,   12.9025E-03
F:/Desktop/DeepOnet_Abaqus/StaticElasticJob6.odb,Step-1,Increment      1: Step Time =    1.000,"PLATE-1",           485,             1,      -2.19107,  -63.3560E-03,            0.,"ASSEMBLY_PLATE-1__PICKEDSET2","ROCK","",      -1.01673,      -1.61656,      -1.61634,      -1.01694,   11.3003E-03
F:/Desktop/DeepOnet_Abaqus/StaticElasticJob6.odb,Step-1,Increment      1: Step Time =    1.000,"PLATE-1",           486,             1,       2.19918,   138.576E-03,            0.,"ASSEMBLY_PLATE-1__PICKEDSET2","ROCK","",  -993.688E-03,      -1.63122,      -1.62907,  -995.837E-03,  -36.9571E-03
F:/Desktop/DeepOnet_Abaqus/StaticElasticJob6.odb,Step-1,Increment      1: Step Time =    1.000,"PLATE-1",           487,             1,       2.14645,  -477.365E-03,            0.,"ASSEMBLY_PLATE-1__PICKEDSET2","ROCK","",  -996.698E-03,      -1.64648,      -1.64553,  -997.650E-03,  -24.8590E-03
F:/Desktop/DeepOnet_Abaqus/StaticElasticJob6.odb,Step-1,Increment      1: Step Time =    1.000,"PLATE-1",           488,             1,      -2.26422,       1.28685,            0.,"ASSEMBLY_PLATE-1__PICKEDSET2","ROCK","",      -1.01168,      -1.62430,      -1.62416,      -1.01183,  -9.45591E-03
F:/Desktop/DeepOnet_Abaqus/StaticElasticJob6.odb,Step-1,Increment      1: Step Time =    1.000,"PLATE-1",           489,             1,  -132.505E-03,      -2.43437,            0.,"ASSEMBLY_PLATE-1__PICKEDSET2","ROCK","",      -1.00621,      -1.64980,      -1.64980,      -1.00621,  -54.6929E-06
F:/Desktop/DeepOnet_Abaqus/StaticElasticJob6.odb,Step-1,Increment      1: Step Time =    1.000,"PLATE-1",           490,             1,      -2.75775,   200.336E-03,            0.,"ASSEMBLY_PLATE-1__PICKEDSET2","ROCK","",      -1.01433,      -1.62451,      -1.62447,      -1.01438,   5.11708E-03
F:/Desktop/DeepOnet_Abaqus/StaticElasticJob6.odb,Step-1,Increment      1: Step Time =    1.000,"PLATE-1",           491,             1,      -2.45033,  -799.612E-03,            0.,"ASSEMBLY_PLATE-1__PICKEDSET2","ROCK","",      -1.00731,      -1.63081,      -1.63041,      -1.00771,   15.7550E-03
F:/Desktop/DeepOnet_Abaqus/StaticElasticJob6.odb,Step-1,Increment      1: Step Time =    1.000,"PLATE-1",           492,             1,      -2.45166,  -115.248E-03,            0.,"ASSEMBLY_PLATE-1__PICKEDSET2","ROCK","",      -1.01479,      -1.62151,      -1.62132,      -1.01497,   10.5679E-03
F:/Desktop/DeepOnet_Abaqus/StaticElasticJob6.odb,Step-1,Increment      1: Step Time =    1.000,"PLATE-1",           493,             1,       1.34755,      -2.49735,            0.,"ASSEMBLY_PLATE-1__PICKEDSET2","ROCK","",      -1.00397,      -1.64611,      -1.64607,      -1.00401,  -4.73032E-03
F:/Desktop/DeepOnet_Abaqus/StaticElasticJob6.odb,Step-1,Increment      1: Step Time =    1.000,"PLATE-1",           494,             1,       2.34142,      -1.70281,            0.,"ASSEMBLY_PLATE-1__PICKEDSET2","ROCK","",  -999.041E-03,      -1.64400,      -1.64373,  -999.312E-03,  -13.2356E-03
F:/Desktop/DeepOnet_Abaqus/StaticElasticJob6.odb,Step-1,Increment      1: Step Time =    1.000,"PLATE-1",           495,             1,       2.89131,       1.27513,            0.,"ASSEMBLY_PLATE-1__PICKEDSET2","ROCK","",      -1.03012,      -1.60732,      -1.60694,      -1.03050,   14.8351E-03
F:/Desktop/DeepOnet_Abaqus/StaticElasticJob6.odb,Step-1,Increment      1: Step Time =    1.000,"PLATE-1",           496,             1,       2.19249,       1.52357,            0.,"ASSEMBLY_PLATE-1__PICKEDSET2","ROCK","",      -1.01380,      -1.60226,      -1.59489,      -1.02117,   65.4269E-03
F:/Desktop/DeepOnet_Abaqus/StaticElasticJob6.odb,Step-1,Increment      1: Step Time =    1.000,"PLATE-1",           497,             1,      -1.95576,      -2.76774,            0.,"ASSEMBLY_PLATE-1__PICKEDSET2","ROCK","",      -1.00014,      -1.64005,      -1.64001,      -1.00018,   5.23057E-03
F:/Desktop/DeepOnet_Abaqus/StaticElasticJob6.odb,Step-1,Increment      1: Step Time =    1.000,"PLATE-1",           498,             1,      -2.18150,      -1.83149,            0.,"ASSEMBLY_PLATE-1__PICKEDSET2","ROCK","",  -999.708E-03,      -1.64082,      -1.64059,  -999.936E-03,   12.0869E-03
F:/Desktop/DeepOnet_Abaqus/StaticElasticJob6.odb,Step-1,Increment      1: Step Time =    1.000,"PLATE-1",           499,             1,       1.61937,       2.73188,            0.,"ASSEMBLY_PLATE-1__PICKEDSET2","ROCK","",      -1.00859,      -1.66851,      -1.66843,      -1.00866,   6.96394E-03
F:/Desktop/DeepOnet_Abaqus/StaticElasticJob6.odb,Step-1,Increment      1: Step Time =    1.000,"PLATE-1",           500,             1,      -3.00451,       2.98446,            0.,"ASSEMBLY_PLATE-1__PICKEDSET2","ROCK","",      -1.00361,      -1.63590,      -1.63584,      -1.00367,  -6.10115E-03
F:/Desktop/DeepOnet_Abaqus/StaticElasticJob6.odb,Step-1,Increment      1: Step Time =    1.000,"PLATE-1",           501,             1,      -2.45863,       1.17114,            0.,"ASSEMBLY_PLATE-1__PICKEDSET2","ROCK","",      -1.01287,      -1.62386,      -1.62376,      -1.01297,  -7.60559E-03
F:/Desktop/DeepOnet_Abaqus/StaticElasticJob6.odb,Step-1,Increment      1: Step Time =    1.000,"PLATE-1",           502,             1,       1.99051,      -1.93868,            0.,"ASSEMBLY_PLATE-1__PICKEDSET2","ROCK","",      -1.00042,      -1.64596,      -1.64579,      -1.00059,  -10.3571E-03
F:/Desktop/DeepOnet_Abaqus/StaticElasticJob6.odb,Step-1,Increment      1: Step Time =    1.000,"PLATE-1",           503,             1,       2.43397,       1.60864,            0.,"ASSEMBLY_PLATE-1__PICKEDSET2","ROCK","",      -1.01245,      -1.61700,      -1.61291,      -1.01654,   49.5283E-03
F:/Desktop/DeepOnet_Abaqus/StaticElasticJob6.odb,Step-1,Increment      1: Step Time =    1.000,"PLATE-1",           504,             1,       3.10523,       2.06005,            0.,"ASSEMBLY_PLATE-1__PICKEDSET2","ROCK","",      -1.01136,      -1.63900,      -1.63811,      -1.01225,   23.5753E-03
F:/Desktop/DeepOnet_Abaqus/StaticElasticJob6.odb,Step-1,Increment      1: Step Time =    1.000,"PLATE-1",           505,             1,       2.43289,   28.9473E-03,            0.,"ASSEMBLY_PLATE-1__PICKEDSET2","ROCK","",      -1.00150,      -1.63174,      -1.62999,      -1.00326,  -33.1885E-03
F:/Desktop/DeepOnet_Abaqus/StaticElasticJob6.odb,Step-1,Increment      1: Step Time =    1.000,"PLATE-1",           506,             1,      -2.56066,   934.188E-03,            0.,"ASSEMBLY_PLATE-1__PICKEDSET2","ROCK","",      -1.01407,      -1.62369,      -1.62365,      -1.01411,  -5.08513E-03
F:/Desktop/DeepOnet_Abaqus/StaticElasticJob6.odb,Step-1,Increment      1: Step Time =    1.000,"PLATE-1",           507,             1,       2.25013,      -2.07574,            0.,"ASSEMBLY_PLATE-1__PICKEDSET2","ROCK","",      -1.00002,      -1.64284,      -1.64270,      -1.00016,  -9.70837E-03
F:/Desktop/DeepOnet_Abaqus/StaticElasticJob6.odb,Step-1,Increment      1: Step Time =    1.000,"PLATE-1",           508,             1,  -984.624E-03,       2.50016,            0.,"ASSEMBLY_PLATE-1__PICKEDSET2","ROCK","",  -995.936E-03,      -1.64433,      -1.64381,  -996.457E-03,  -18.3690E-03
F:/Desktop/DeepOnet_Abaqus/StaticElasticJob6.odb,Step-1,Increment      1: Step Time =    1.000,"PLATE-1",           509,             1,       1.32734,       3.71100,            0.,"ASSEMBLY_PLATE-1__PICKEDSET2","ROCK","",      -1.00060,      -1.64365,      -1.64364,      -1.00061,   2.84652E-03
F:/Desktop/DeepOnet_Abaqus/StaticElasticJob6.odb,Step-1,Increment      1: Step Time =    1.000,"PLATE-1",           510,             1,       2.54060,       1.21670,            0.,"ASSEMBLY_PLATE-1__PICKEDSET2","ROCK","",      -1.03217,      -1.58719,      -1.58637,      -1.03299,   21.3117E-03
F:/Desktop/DeepOnet_Abaqus/StaticElasticJob6.odb,Step-1,Increment      1: Step Time =    1.000,"PLATE-1",           511,             1,      -3.21492,      -1.25998,            0.,"ASSEMBLY_PLATE-1__PICKEDSET2","ROCK","",      -1.00406,      -1.63347,      -1.63334,      -1.00419,   8.85087E-03
F:/Desktop/DeepOnet_Abaqus/StaticElasticJob6.odb,Step-1,Increment      1: Step Time =    1.000,"PLATE-1",           512,             1,      -2.79889,      -1.37929,            0.,"ASSEMBLY_PLATE-1__PICKEDSET2","ROCK","",      -1.00242,      -1.63474,      -1.63449,      -1.00266,   12.4287E-03
F:/Desktop/DeepOnet_Abaqus/StaticElasticJob6.odb,Step-1,Increment      1: Step Time =    1.000,"PLATE-1",           513,             1,       1.19558,      -3.74632,            0.,"ASSEMBLY_PLATE-1__PICKEDSET2","ROCK","",      -1.00712,      -1.63947,      -1.63947,      -1.00712,  -432.217E-06
F:/Desktop/DeepOnet_Abaqus/StaticElasticJob6.odb,Step-1,Increment      1: Step Time =    1.000,"PLATE-1",           514,             1,       1.99265,      -2.44631,            0.,"ASSEMBLY_PLATE-1__PICKEDSET2","ROCK","",      -1.00167,      -1.64304,      -1.64298,      -1.00173,  -6.47540E-03
F:/Desktop/DeepOnet_Abaqus/StaticElasticJob6.odb,Step-1,Increment      1: Step Time =    1.000,"PLATE-1",           515,             1,      -1.74863,      -2.38926,            0.,"ASSEMBLY_PLATE-1__PICKEDSET2","ROCK","",  -999.946E-03,      -1.64318,      -1.64310,      -1.00003,   7.37001E-03
F:/Desktop/DeepOnet_Abaqus/StaticElasticJob6.odb,Step-1,Increment      1: Step Time =    1.000,"PLATE-1",           516,             1,      -3.18564,  -261.563E-03,            0.,"ASSEMBLY_PLATE-1__PICKEDSET2","ROCK","",      -1.01268,      -1.62930,      -1.62923,      -1.01276,   6.83789E-03
F:/Desktop/DeepOnet_Abaqus/StaticElasticJob6.odb,Step-1,Increment      1: Step Time =    1.000,"PLATE-1",           517,             1,   299.921E-03,      -3.32211,            0.,"ASSEMBLY_PLATE-1__PICKEDSET2","ROCK","",      -1.00855,      -1.64195,      -1.64195,      -1.00855,  -434.608E-06
F:/Desktop/DeepOnet_Abaqus/StaticElasticJob6.odb,Step-1,Increment      1: Step Time =    1.000,"PLATE-1",           518,             1,   493.460E-03,      -2.47725,            0.,"ASSEMBLY_PLATE-1__PICKEDSET2","ROCK","",      -1.00691,      -1.64874,      -1.64873,      -1.00692,  -2.07388E-03
F:/Desktop/DeepOnet_Abaqus/StaticElasticJob6.odb,Step-1,Increment      1: Step Time =    1.000,"PLATE-1",           519,             1,  -846.659E-03,      -2.54146,            0.,"ASSEMBLY_PLATE-1__PICKEDSET2","ROCK","",      -1.00382,      -1.64706,      -1.64705,      -1.00383,   2.56055E-03
F:/Desktop/DeepOnet_Abaqus/StaticElasticJob6.odb,Step-1,Increment      1: Step Time =    1.000,"PLATE-1",           520,             1,   163.392E-03,      -2.90298,            0.,"ASSEMBLY_PLATE-1__PICKEDSET2","ROCK","",      -1.00812,      -1.64476,      -1.64476,      -1.00812,  -739.346E-06
F:/Desktop/DeepOnet_Abaqus/StaticElasticJob6.odb,Step-1,Increment      1: Step Time =    1.000,"PLATE-1",           521,             1,       3.06943,  -389.316E-03,            0.,"ASSEMBLY_PLATE-1__PICKEDSET2","ROCK","",      -1.01387,      -1.63486,      -1.63410,      -1.01463,  -21.7858E-03
F:/Desktop/DeepOnet_Abaqus/StaticElasticJob6.odb,Step-1,Increment      1: Step Time =    1.000,"PLATE-1",           522,             1,      -2.33274,   930.472E-03,            0.,"ASSEMBLY_PLATE-1__PICKEDSET2","ROCK","",      -1.01419,      -1.62029,      -1.62023,      -1.01425,  -6.15606E-03
F:/Desktop/DeepOnet_Abaqus/StaticElasticJob6.odb,Step-1,Increment      1: Step Time =    1.000,"PLATE-1",           523,             1,  -911.730E-03,      -2.90414,            0.,"ASSEMBLY_PLATE-1__PICKEDSET2","ROCK","",      -1.00491,      -1.64411,      -1.64410,      -1.00491,   1.59279E-03
F:/Desktop/DeepOnet_Abaqus/StaticElasticJob6.odb,Step-1,Increment      1: Step Time =    1.000,"PLATE-1",           524,             1,  -691.565E-03,       2.54041,            0.,"ASSEMBLY_PLATE-1__PICKEDSET2","ROCK","",  -991.464E-03,      -1.65014,      -1.64957,  -992.031E-03,  -19.3187E-03
F:/Desktop/DeepOnet_Abaqus/StaticElasticJob6.odb,Step-1,Increment      1: Step Time =    1.000,"PLATE-1",           525,             1,  -157.848E-03,       3.09221,            0.,"ASSEMBLY_PLATE-1__PICKEDSET2","ROCK","",  -990.158E-03,      -1.66521,      -1.66520,  -990.163E-03,  -1.82476E-03
F:/Desktop/DeepOnet_Abaqus/StaticElasticJob6.odb,Step-1,Increment      1: Step Time =    1.000,"PLATE-1",           526,             1,       1.00939,      -2.66547,            0.,"ASSEMBLY_PLATE-1__PICKEDSET2","ROCK","",      -1.00589,      -1.64519,      -1.64518,      -1.00591,  -3.25050E-03
F:/Desktop/DeepOnet_Abaqus/StaticElasticJob6.odb,Step-1,Increment      1: Step Time =    1.000,"PLATE-1",           527,             1,   928.599E-03,      -2.40577,            0.,"ASSEMBLY_PLATE-1__PICKEDSET2","ROCK","",      -1.00530,      -1.64897,      -1.64895,      -1.00532,  -3.71609E-03
F:/Desktop/DeepOnet_Abaqus/StaticElasticJob6.odb,Step-1,Increment      1: Step Time =    1.000,"PLATE-1",           528,             1,       3.25884,   62.7097E-03,            0.,"ASSEMBLY_PLATE-1__PICKEDSET2","ROCK","",      -1.02461,      -1.62847,      -1.62792,      -1.02516,  -18.1270E-03
F:/Desktop/DeepOnet_Abaqus/StaticElasticJob6.odb,Step-1,Increment      1: Step Time =    1.000,"PLATE-1",           529,             1,      -3.67196,       2.86823,            0.,"ASSEMBLY_PLATE-1__PICKEDSET2","ROCK","",      -1.00410,      -1.63334,      -1.63334,      -1.00411,  -2.27907E-03
F:/Desktop/DeepOnet_Abaqus/StaticElasticJob6.odb,Step-1,Increment      1: Step Time =    1.000,"PLATE-1",           530,             1,       2.92911,   730.784E-03,            0.,"ASSEMBLY_PLATE-1__PICKEDSET2","ROCK","",      -1.02973,      -1.60841,      -1.60832,      -1.02981,  -6.95125E-03
F:/Desktop/DeepOnet_Abaqus/StaticElasticJob6.odb,Step-1,Increment      1: Step Time =    1.000,"PLATE-1",           531,             1,       3.01510,      -1.08097,            0.,"ASSEMBLY_PLATE-1__PICKEDSET2","ROCK","",      -1.00210,      -1.63899,      -1.63857,      -1.00252,  -16.3955E-03
F:/Desktop/DeepOnet_Abaqus/StaticElasticJob6.odb,Step-1,Increment      1: Step Time =    1.000,"PLATE-1",           532,             1,   921.965E-03,       3.16893,            0.,"ASSEMBLY_PLATE-1__PICKEDSET2","ROCK","",      -1.00288,      -1.66178,      -1.66157,      -1.00309,   11.6590E-03
F:/Desktop/DeepOnet_Abaqus/StaticElasticJob6.odb,Step-1,Increment      1: Step Time =    1.000,"PLATE-1",           533,             1,   195.096E-03,       2.84799,            0.,"ASSEMBLY_PLATE-1__PICKEDSET2","ROCK","",  -985.668E-03,      -1.67503,      -1.67502,  -985.683E-03,   3.20964E-03
F:/Desktop/DeepOnet_Abaqus/StaticElasticJob6.odb,Step-1,Increment      1: Step Time =    1.000,"PLATE-1",           534,             1,      -3.26744,   685.603E-03,            0.,"ASSEMBLY_PLATE-1__PICKEDSET2","ROCK","",      -1.01578,      -1.62938,      -1.62938,      -1.01578,  -157.131E-06
F:/Desktop/DeepOnet_Abaqus/StaticElasticJob6.odb,Step-1,Increment      1: Step Time =    1.000,"PLATE-1",           535,             1,       1.03864,       2.49596,            0.,"ASSEMBLY_PLATE-1__PICKEDSET2","ROCK","",      -1.01918,      -1.69417,      -1.69360,      -1.01975,   19.6618E-03
F:/Desktop/DeepOnet_Abaqus/StaticElasticJob6.odb,Step-1,Increment      1: Step Time =    1.000,"PLATE-1",           536,             1,   681.538E-03,       2.74451,            0.,"ASSEMBLY_PLATE-1__PICKEDSET2","ROCK","",  -994.826E-03,      -1.68220,      -1.68178,  -995.245E-03,   16.9750E-03
F:/Desktop/DeepOnet_Abaqus/StaticElasticJob6.odb,Step-1,Increment      1: Step Time =    1.000,"PLATE-1",           537,             1,       3.69072,      -1.35061,            0.,"ASSEMBLY_PLATE-1__PICKEDSET2","ROCK","",      -1.00460,      -1.63364,      -1.63359,      -1.00464,  -5.31329E-03
F:/Desktop/DeepOnet_Abaqus/StaticElasticJob6.odb,Step-1,Increment      1: Step Time =    1.000,"PLATE-1",           538,             1,       3.65146,       2.83341,            0.,"ASSEMBLY_PLATE-1__PICKEDSET2","ROCK","",      -1.00835,      -1.63505,      -1.63501,      -1.00839,   5.22521E-03
F:/Desktop/DeepOnet_Abaqus/StaticElasticJob6.odb,Step-1,Increment      1: Step Time =    1.000,"PLATE-1",           539,             1,      -2.51717,       2.45125,            0.,"ASSEMBLY_PLATE-1__PICKEDSET2","ROCK","",      -1.00517,      -1.63438,      -1.63419,      -1.00535,  -10.7296E-03
F:/Desktop/DeepOnet_Abaqus/StaticElasticJob6.odb,Step-1,Increment      1: Step Time =    1.000,"PLATE-1",           540,             1,      -2.57270,       2.02194,            0.,"ASSEMBLY_PLATE-1__PICKEDSET2","ROCK","",      -1.00750,      -1.63184,      -1.63166,      -1.00768,  -10.5751E-03
F:/Desktop/DeepOnet_Abaqus/StaticElasticJob6.odb,Step-1,Increment      1: Step Time =    1.000,"PLATE-1",           541,             1,       2.08902,       3.68086,            0.,"ASSEMBLY_PLATE-1__PICKEDSET2","ROCK","",      -1.00084,      -1.63781,      -1.63781,      -1.00084,   976.134E-06
F:/Desktop/DeepOnet_Abaqus/StaticElasticJob6.odb,Step-1,Increment      1: Step Time =    1.000,"PLATE-1",           542,             1,      -3.69112,       2.08689,            0.,"ASSEMBLY_PLATE-1__PICKEDSET2","ROCK","",      -1.01118,      -1.63240,      -1.63239,      -1.01119,  -3.05447E-03
F:/Desktop/DeepOnet_Abaqus/StaticElasticJob6.odb,Step-1,Increment      1: Step Time =    1.000,"PLATE-1",           543,             1,   799.294E-03,      -3.14559,            0.,"ASSEMBLY_PLATE-1__PICKEDSET2","ROCK","",      -1.00777,      -1.64188,      -1.64187,      -1.00777,  -1.36334E-03
F:/Desktop/DeepOnet_Abaqus/StaticElasticJob6.odb,Step-1,Increment      1: Step Time =    1.000,"PLATE-1",           544,             1,      -1.10132,       2.80059,            0.,"ASSEMBLY_PLATE-1__PICKEDSET2","ROCK","",  -996.781E-03,      -1.64716,      -1.64685,  -997.090E-03,  -14.1868E-03
F:/Desktop/DeepOnet_Abaqus/StaticElasticJob6.odb,Step-1,Increment      1: Step Time =    1.000,"PLATE-1",           545,             1,       2.00151,      -3.68352,            0.,"ASSEMBLY_PLATE-1__PICKEDSET2","ROCK","",      -1.00252,      -1.63696,      -1.63696,      -1.00252,  -1.16017E-03
F:/Desktop/DeepOnet_Abaqus/StaticElasticJob6.odb,Step-1,Increment      1: Step Time =    1.000,"PLATE-1",           546,             1,      -3.03737,      -2.56737,            0.,"ASSEMBLY_PLATE-1__PICKEDSET2","ROCK","",  -996.530E-03,      -1.63489,      -1.63485,  -996.571E-03,   5.10539E-03
F:/Desktop/DeepOnet_Abaqus/StaticElasticJob6.odb,Step-1,Increment      1: Step Time =    1.000,"PLATE-1",           547,             1,       2.86952,   254.570E-03,            0.,"ASSEMBLY_PLATE-1__PICKEDSET2","ROCK","",      -1.01924,      -1.62049,      -1.61953,      -1.02021,  -24.0379E-03
F:/Desktop/DeepOnet_Abaqus/StaticElasticJob6.odb,Step-1,Increment      1: Step Time =    1.000,"PLATE-1",           548,             1,       2.37248,      -2.73456,            0.,"ASSEMBLY_PLATE-1__PICKEDSET2","ROCK","",      -1.00017,      -1.63857,      -1.63852,      -1.00021,  -5.21186E-03
F:/Desktop/DeepOnet_Abaqus/StaticElasticJob6.odb,Step-1,Increment      1: Step Time =    1.000,"PLATE-1",           549,             1,       3.75617,       1.24793,            0.,"ASSEMBLY_PLATE-1__PICKEDSET2","ROCK","",      -1.04610,      -1.63081,      -1.63075,      -1.04616,   5.84792E-03
F:/Desktop/DeepOnet_Abaqus/StaticElasticJob6.odb,Step-1,Increment      1: Step Time =    1.000,"PLATE-1",           550,             1,       3.13447,      -1.57990,            0.,"ASSEMBLY_PLATE-1__PICKEDSET2","ROCK","",      -1.00029,      -1.63723,      -1.63699,      -1.00053,  -12.3754E-03
F:/Desktop/DeepOnet_Abaqus/StaticElasticJob6.odb,Step-1,Increment      1: Step Time =    1.000,"PLATE-1",           551,             1,  -378.769E-03,      -2.94424,            0.,"ASSEMBLY_PLATE-1__PICKEDSET2","ROCK","",      -1.00684,      -1.64450,      -1.64450,      -1.00684,   362.543E-06
F:/Desktop/DeepOnet_Abaqus/StaticElasticJob6.odb,Step-1,Increment      1: Step Time =    1.000,"PLATE-1",           552,             1,  -434.328E-03,      -2.56689,            0.,"ASSEMBLY_PLATE-1__PICKEDSET2","ROCK","",      -1.00589,      -1.64823,      -1.64823,      -1.00589,   657.293E-06
F:/Desktop/DeepOnet_Abaqus/StaticElasticJob6.odb,Step-1,Increment      1: Step Time =    1.000,"PLATE-1",           553,             1,       1.59972,      -2.76331,            0.,"ASSEMBLY_PLATE-1__PICKEDSET2","ROCK","",      -1.00383,      -1.64262,      -1.64259,      -1.00385,  -4.14930E-03
F:/Desktop/DeepOnet_Abaqus/StaticElasticJob6.odb,Step-1,Increment      1: Step Time =    1.000,"PLATE-1",           554,             1,       3.65813,      -2.84682,            0.,"ASSEMBLY_PLATE-1__PICKEDSET2","ROCK","",  -987.970E-03,      -1.63281,      -1.63281,  -987.971E-03,  -1.10495E-03
F:/Desktop/DeepOnet_Abaqus/StaticElasticJob6.odb,Step-1,Increment      1: Step Time =    1.000,"PLATE-1",           555,             1,      -1.96052,      -3.70604,            0.,"ASSEMBLY_PLATE-1__PICKEDSET2","ROCK","",      -1.00162,      -1.63812,      -1.63812,      -1.00162,   982.845E-06
F:/Desktop/DeepOnet_Abaqus/StaticElasticJob6.odb,Step-1,Increment      1: Step Time =    1.000,"PLATE-1",           556,             1,      -2.05450,      -2.46952,            0.,"ASSEMBLY_PLATE-1__PICKEDSET2","ROCK","",  -999.724E-03,      -1.64059,      -1.64051,  -999.801E-03,   7.01433E-03
F:/Desktop/DeepOnet_Abaqus/StaticElasticJob6.odb,Step-1,Increment      1: Step Time =    1.000,"PLATE-1",           557,             1,      -2.55686,       1.39663,            0.,"ASSEMBLY_PLATE-1__PICKEDSET2","ROCK","",      -1.01174,      -1.62636,      -1.62625,      -1.01185,  -8.20456E-03
F:/Desktop/DeepOnet_Abaqus/StaticElasticJob6.odb,Step-1,Increment      1: Step Time =    1.000,"PLATE-1",           558,             1,      -3.70878,  -349.513E-03,            0.,"ASSEMBLY_PLATE-1__PICKEDSET2","ROCK","",      -1.01432,      -1.63175,      -1.63173,      -1.01433,   3.00178E-03
F:/Desktop/DeepOnet_Abaqus/StaticElasticJob6.odb,Step-1,Increment      1: Step Time =    1.000,"PLATE-1",           559,             1,   96.1296E-03,       3.47939,            0.,"ASSEMBLY_PLATE-1__PICKEDSET2","ROCK","",  -996.905E-03,      -1.66327,      -1.66325,  -996.927E-03,   3.81855E-03
F:/Desktop/DeepOnet_Abaqus/StaticElasticJob6.odb,Step-1,Increment      1: Step Time =    1.000,"PLATE-1",           560,             1,      -2.08048,       3.67059,            0.,"ASSEMBLY_PLATE-1__PICKEDSET2","ROCK","",      -1.00042,      -1.64512,      -1.64509,      -1.00045,  -4.01156E-03
F:/Desktop/DeepOnet_Abaqus/StaticElasticJob6.odb,Step-1,Increment      1: Step Time =    1.000,"PLATE-1",           561,             1,      -2.99199,  -775.422E-03,            0.,"ASSEMBLY_PLATE-1__PICKEDSET2","ROCK","",      -1.00819,      -1.63163,      -1.63146,      -1.00836,   10.2980E-03
F:/Desktop/DeepOnet_Abaqus/StaticElasticJob6.odb,Step-1,Increment      1: Step Time =    1.000,"PLATE-1",           562,             1,      -2.77371,  -183.191E-03,            0.,"ASSEMBLY_PLATE-1__PICKEDSET2","ROCK","",      -1.01300,      -1.62512,      -1.62498,      -1.01315,   9.49743E-03
F:/Desktop/DeepOnet_Abaqus/StaticElasticJob6.odb,Step-1,Increment      1: Step Time =    1.000,"PLATE-1",           563,             1,       2.69193,      -1.68212,            0.,"ASSEMBLY_PLATE-1__PICKEDSET2","ROCK","",  -999.217E-03,      -1.64098,      -1.64073,  -999.461E-03,  -12.5051E-03
F:/Desktop/DeepOnet_Abaqus/StaticElasticJob6.odb,Step-1,Increment      1: Step Time =    1.000,"PLATE-1",           564,             1,       2.79079,  -707.777E-03,            0.,"ASSEMBLY_PLATE-1__PICKEDSET2","ROCK","",      -1.00443,      -1.63952,      -1.63880,      -1.00516,  -21.3954E-03
F:/Desktop/DeepOnet_Abaqus/StaticElasticJob6.odb,Step-1,Increment      1: Step Time =    1.000,"PLATE-1",           565,             1,       2.73416,  -136.138E-03,            0.,"ASSEMBLY_PLATE-1__PICKEDSET2","ROCK","",      -1.00808,      -1.63286,      -1.63166,      -1.00928,  -27.2735E-03
F:/Desktop/DeepOnet_Abaqus/StaticElasticJob6.odb,Step-1,Increment      1: Step Time =    1.000,"PLATE-1",           566,             1,      -1.04241,      -3.29372,            0.,"ASSEMBLY_PLATE-1__PICKEDSET2","ROCK","",      -1.00505,      -1.64151,      -1.64151,      -1.00505,   1.13710E-03
F:/Desktop/DeepOnet_Abaqus/StaticElasticJob6.odb,Step-1,Increment      1: Step Time =    1.000,"PLATE-1",           567,             1,       3.73366,  -227.273E-03,            0.,"ASSEMBLY_PLATE-1__PICKEDSET2","ROCK","",      -1.02869,      -1.63231,      -1.63222,      -1.02878,  -7.33397E-03
F:/Desktop/DeepOnet_Abaqus/StaticElasticJob6.odb,Step-1,Increment      1: Step Time =    1.000,"PLATE-1",           568,             1,  -304.338E-03,       2.75372,            0.,"ASSEMBLY_PLATE-1__PICKEDSET2","ROCK","",  -986.064E-03,      -1.66290,      -1.66269,  -986.272E-03,  -11.8462E-03
F:/Desktop/DeepOnet_Abaqus/StaticElasticJob6.odb,Step-1,Increment      1: Step Time =    1.000,"PLATE-1",           569,             1,      -1.26768,       3.69935,            0.,"ASSEMBLY_PLATE-1__PICKEDSET2","ROCK","",  -999.818E-03,      -1.65494,      -1.65491,  -999.845E-03,  -4.22830E-03
F:/Desktop/DeepOnet_Abaqus/StaticElasticJob6.odb,Step-1,Increment      1: Step Time =    1.000,"PLATE-1",           570,             1,       1.52488,       3.15597,            0.,"ASSEMBLY_PLATE-1__PICKEDSET2","ROCK","",      -1.00450,      -1.65975,      -1.65970,      -1.00454,   5.40654E-03
F:/Desktop/DeepOnet_Abaqus/StaticElasticJob6.odb,Step-1,Increment      1: Step Time =    1.000,"PLATE-1",           571,             1,      -2.77011,      -3.63442,            0.,"ASSEMBLY_PLATE-1__PICKEDSET2","ROCK","",  -996.165E-03,      -1.63494,      -1.63493,  -996.168E-03,   1.36859E-03
F:/Desktop/DeepOnet_Abaqus/StaticElasticJob6.odb,Step-1,Increment      1: Step Time =    1.000,"PLATE-1",           572,             1,   477.728E-03,       3.06765,            0.,"ASSEMBLY_PLATE-1__PICKEDSET2","ROCK","",  -995.384E-03,      -1.66766,      -1.66748,  -995.570E-03,   11.2034E-03
F:/Desktop/DeepOnet_Abaqus/StaticElasticJob6.odb,Step-1,Increment      1: Step Time =    1.000,"PLATE-1",           573,             1,      -2.88366,       1.31548,            0.,"ASSEMBLY_PLATE-1__PICKEDSET2","ROCK","",      -1.01231,      -1.62812,      -1.62806,      -1.01237,  -6.38964E-03
F:/Desktop/DeepOnet_Abaqus/StaticElasticJob6.odb,Step-1,Increment      1: Step Time =    1.000,"PLATE-1",           574,             1,       1.22319,      -3.30181,            0.,"ASSEMBLY_PLATE-1__PICKEDSET2","ROCK","",      -1.00651,      -1.64030,      -1.64030,      -1.00652,  -1.49865E-03
F:/Desktop/DeepOnet_Abaqus/StaticElasticJob6.odb,Step-1,Increment      1: Step Time =    1.000,"PLATE-1",           575,             1,       3.10877,      -2.19433,            0.,"ASSEMBLY_PLATE-1__PICKEDSET2","ROCK","",  -997.838E-03,      -1.63583,      -1.63575,  -997.917E-03,  -7.09850E-03
F:/Desktop/DeepOnet_Abaqus/StaticElasticJob6.odb,Step-1,Increment      1: Step Time =    1.000,"PLATE-1",           576,             1,      -3.72303,      -1.18596,            0.,"ASSEMBLY_PLATE-1__PICKEDSET2","ROCK","",      -1.00541,      -1.63270,      -1.63268,      -1.00543,   3.61309E-03
F:/Desktop/DeepOnet_Abaqus/StaticElasticJob6.odb,Step-1,Increment      1: Step Time =    1.000,"PLATE-1",           577,             1,      -3.72609,      -1.97888,            0.,"ASSEMBLY_PLATE-1__PICKEDSET2","ROCK","",  -995.990E-03,      -1.63299,      -1.63299,  -996.000E-03,   2.42913E-03
F:/Desktop/DeepOnet_Abaqus/StaticElasticJob6.odb,Step-1,Increment      1: Step Time =    1.000,"PLATE-1",           578,             1,       2.21306,       3.01250,            0.,"ASSEMBLY_PLATE-1__PICKEDSET2","ROCK","",  -996.582E-03,      -1.65718,      -1.65708,  -996.679E-03,   7.99250E-03
F:/Desktop/DeepOnet_Abaqus/StaticElasticJob6.odb,Step-1,Increment      1: Step Time =    1.000,"PLATE-1",           579,             1,       3.70167,       2.03514,            0.,"ASSEMBLY_PLATE-1__PICKEDSET2","ROCK","",      -1.02486,      -1.63282,      -1.63270,      -1.02497,   8.32734E-03
F:/Desktop/DeepOnet_Abaqus/StaticElasticJob6.odb,Step-1,Increment      1: Step Time =    1.000,"PLATE-1",           580,             1,      -3.21123,      -1.91817,            0.,"ASSEMBLY_PLATE-1__PICKEDSET2","ROCK","",  -998.674E-03,      -1.63422,      -1.63414,  -998.748E-03,   6.87859E-03
F:/Desktop/DeepOnet_Abaqus/StaticElasticJob6.odb,Step-1,Increment      1: Step Time =    1.000,"PLATE-1",           581,             1,       2.95403,      -2.88962,            0.,"ASSEMBLY_PLATE-1__PICKEDSET2","ROCK","",  -996.153E-03,      -1.63508,      -1.63506,  -996.173E-03,  -3.57924E-03
F:/Desktop/DeepOnet_Abaqus/StaticElasticJob6.odb,Step-1,Increment      1: Step Time =    1.000,"PLATE-1",           582,             1,       2.61783,      -2.18126,            0.,"ASSEMBLY_PLATE-1__PICKEDSET2","ROCK","",  -998.445E-03,      -1.63967,      -1.63954,  -998.574E-03,  -9.08518E-03
F:/Desktop/DeepOnet_Abaqus/StaticElasticJob6.odb,Step-1,Increment      1: Step Time =    1.000,"PLATE-1",           583,             1,       3.46131,  -768.595E-03,            0.,"ASSEMBLY_PLATE-1__PICKEDSET2","ROCK","",      -1.01331,      -1.63409,      -1.63386,      -1.01354,  -12.0196E-03
F:/Desktop/DeepOnet_Abaqus/StaticElasticJob6.odb,Step-1,Increment      1: Step Time =    1.000,"PLATE-1",           584,             1,      -3.25501,       1.33387,            0.,"ASSEMBLY_PLATE-1__PICKEDSET2","ROCK","",      -1.01368,      -1.63059,      -1.63055,      -1.01371,  -4.71096E-03
F:/Desktop/DeepOnet_Abaqus/StaticElasticJob6.odb,Step-1,Increment      1: Step Time =    1.000,"PLATE-1",           585,             1,  -504.970E-03,       3.72126,            0.,"ASSEMBLY_PLATE-1__PICKEDSET2","ROCK","",  -998.143E-03,      -1.66170,      -1.66170,  -998.144E-03,  -784.279E-06
F:/Desktop/DeepOnet_Abaqus/StaticElasticJob6.odb,Step-1,Increment      1: Step Time =    1.000,"PLATE-1",           586,             1,      -1.25145,       3.18357,            0.,"ASSEMBLY_PLATE-1__PICKEDSET2","ROCK","",  -998.598E-03,      -1.64922,      -1.64909,  -998.731E-03,  -9.30529E-03
F:/Desktop/DeepOnet_Abaqus/StaticElasticJob6.odb,Step-1,Increment      1: Step Time =    1.000,"PLATE-1",           587,             1,      -2.87093,       3.66480,            0.,"ASSEMBLY_PLATE-1__PICKEDSET2","ROCK","",      -1.00096,      -1.63670,      -1.63669,      -1.00097,  -2.38710E-03
F:/Desktop/DeepOnet_Abaqus/StaticElasticJob6.odb,Step-1,Increment      1: Step Time =    1.000,"PLATE-1",           588,             1,      -2.99276,       1.82086,            0.,"ASSEMBLY_PLATE-1__PICKEDSET2","ROCK","",      -1.01017,      -1.63129,      -1.63119,      -1.01027,  -7.68999E-03
F:/Desktop/DeepOnet_Abaqus/StaticElasticJob6.odb,Step-1,Increment      1: Step Time =    1.000,"PLATE-1",           589,             1,      -2.32323,      -2.64976,            0.,"ASSEMBLY_PLATE-1__PICKEDSET2","ROCK","",  -999.336E-03,      -1.63883,      -1.63877,  -999.394E-03,   6.05916E-03
F:/Desktop/DeepOnet_Abaqus/StaticElasticJob6.odb,Step-1,Increment      1: Step Time =    1.000,"PLATE-1",           590,             1,  -391.607E-03,      -3.78654,            0.,"ASSEMBLY_PLATE-1__PICKEDSET2","ROCK","",      -1.00809,      -1.64094,      -1.64094,      -1.00809,   48.1199E-06
F:/Desktop/DeepOnet_Abaqus/StaticElasticJob6.odb,Step-1,Increment      1: Step Time =    1.000,"PLATE-1",           591,             1,      -1.16676,      -3.74714,            0.,"ASSEMBLY_PLATE-1__PICKEDSET2","ROCK","",      -1.00488,      -1.64010,      -1.64010,      -1.00488,   384.619E-06
F:/Desktop/DeepOnet_Abaqus/StaticElasticJob6.odb,Step-1,Increment      1: Step Time =    1.000,"PLATE-1",           592,             1,      -3.07460,   275.360E-03,            0.,"ASSEMBLY_PLATE-1__PICKEDSET2","ROCK","",      -1.01489,      -1.62830,      -1.62828,      -1.01490,   2.96931E-03
F:/Desktop/DeepOnet_Abaqus/StaticElasticJob6.odb,Step-1,Increment      1: Step Time =    1.000,"PLATE-1",           593,             1,      -3.73637,   478.892E-03,            0.,"ASSEMBLY_PLATE-1__PICKEDSET2","ROCK","",      -1.01997,      -1.63134,      -1.63133,      -1.01997,   499.080E-06
F:/Desktop/DeepOnet_Abaqus/StaticElasticJob6.odb,Step-1,Increment      1: Step Time =    1.000,"PLATE-1",           594,             1,      -2.78570,   518.164E-03,            0.,"ASSEMBLY_PLATE-1__PICKEDSET2","ROCK","",      -1.01530,      -1.62484,      -1.62484,      -1.01530,   357.581E-06
F:/Desktop/DeepOnet_Abaqus/StaticElasticJob6.odb,Step-1,Increment      1: Step Time =    1.000,"PLATE-1",           595,             1,   396.266E-03,      -3.76940,            0.,"ASSEMBLY_PLATE-1__PICKEDSET2","ROCK","",      -1.00867,      -1.64055,      -1.64055,      -1.00867,  -246.198E-06
F:/Desktop/DeepOnet_Abaqus/StaticElasticJob6.odb,Step-1,Increment      1: Step Time =    1.000,"PLATE-1",           596,             1,       3.77068,   488.998E-03,            0.,"ASSEMBLY_PLATE-1__PICKEDSET2","ROCK","",      -1.04867,      -1.62939,      -1.62937,      -1.04869,  -3.09073E-03
F:/Desktop/DeepOnet_Abaqus/StaticElasticJob6.odb,Step-1,Increment      1: Step Time =    1.000,"PLATE-1",           597,             1,      -3.72451,       1.28313,            0.,"ASSEMBLY_PLATE-1__PICKEDSET2","ROCK","",      -1.01791,      -1.63203,      -1.63202,      -1.01792,  -2.28755E-03
F:/Desktop/DeepOnet_Abaqus/StaticElasticJob6.odb,Step-1,Increment      1: Step Time =    1.000,"PLATE-1",           598,             1,      -2.87687,   876.083E-03,            0.,"ASSEMBLY_PLATE-1__PICKEDSET2","ROCK","",      -1.01400,      -1.62576,      -1.62575,      -1.01402,  -3.16463E-03
F:/Desktop/DeepOnet_Abaqus/StaticElasticJob6.odb,Step-1,Increment      1: Step Time =    1.000,"PLATE-1",           599,             1,      -3.08483,       2.29878,            0.,"ASSEMBLY_PLATE-1__PICKEDSET2","ROCK","",      -1.00769,      -1.63316,      -1.63307,      -1.00778,  -7.78044E-03
F:/Desktop/DeepOnet_Abaqus/StaticElasticJob6.odb,Step-1,Increment      1: Step Time =    1.000,"PLATE-1",           600,             1,       2.82226,      -3.62734,            0.,"ASSEMBLY_PLATE-1__PICKEDSET2","ROCK","",  -996.475E-03,      -1.63451,      -1.63450,  -996.477E-03,  -1.15406E-03
F:/Desktop/DeepOnet_Abaqus/StaticElasticJob6.odb,Step-1,Increment      1: Step Time =    1.000,"PLATE-1",           601,             1,   603.221E-03,       3.70327,            0.,"ASSEMBLY_PLATE-1__PICKEDSET2","ROCK","",      -1.00063,      -1.65536,      -1.65533,      -1.00066,   4.70040E-03
F:/Desktop/DeepOnet_Abaqus/StaticElasticJob6.odb,Step-1,Increment      1: Step Time =    1.000,"PLATE-1",           602,             1,       2.93656,       2.87868,            0.,"ASSEMBLY_PLATE-1__PICKEDSET2","ROCK","",      -1.00022,      -1.64667,      -1.64646,      -1.00043,   11.6852E-03
F:/Desktop/DeepOnet_Abaqus/StaticElasticJob6.odb,Step-1,Increment      1: Step Time =    1.000,"PLATE-1",           603,             1,       3.33040,   638.881E-03,            0.,"ASSEMBLY_PLATE-1__PICKEDSET2","ROCK","",      -1.03344,      -1.62346,      -1.62337,      -1.03353,  -7.25486E-03
F:/Desktop/DeepOnet_Abaqus/StaticElasticJob6.odb,Step-1,Increment      1: Step Time =    1.000,"PLATE-1",           604,             1,       2.85343,       3.64548,            0.,"ASSEMBLY_PLATE-1__PICKEDSET2","ROCK","",  -998.913E-03,      -1.63564,      -1.63564,  -998.914E-03,   854.484E-06
F:/Desktop/DeepOnet_Abaqus/StaticElasticJob6.odb,Step-1,Increment      1: Step Time =    1.000,"PLATE-1",           605,             1,      -2.58524,      -2.28631,            0.,"ASSEMBLY_PLATE-1__PICKEDSET2","ROCK","",  -999.247E-03,      -1.63786,      -1.63776,  -999.348E-03,   8.01048E-03
F:/Desktop/DeepOnet_Abaqus/StaticElasticJob6.odb,Step-1,Increment      1: Step Time =    1.000,"PLATE-1",           606,             1,      -3.64170,      -2.76670,            0.,"ASSEMBLY_PLATE-1__PICKEDSET2","ROCK","",  -990.776E-03,      -1.63266,      -1.63266,  -990.779E-03,   1.47793E-03
F:/Desktop/DeepOnet_Abaqus/StaticElasticJob6.odb,Step-1,Increment      1: Step Time =    1.000,"PLATE-1",           607,             1,       3.69442,      -2.08363,            0.,"ASSEMBLY_PLATE-1__PICKEDSET2","ROCK","",  -992.906E-03,      -1.63324,      -1.63322,  -992.916E-03,  -2.58902E-03
F:/Desktop/DeepOnet_Abaqus/StaticElasticJob6.odb,Step-1,Increment      1: Step Time =    1.000,"PLATE-1",           608,             1,   759.870E-03,       1.83606,            0.,"ASSEMBLY_PLATE-1__PICKEDSET2","ROCK","",  -910.037E-03,      -1.84102,      -1.84069,  -910.359E-03,   17.3185E-03
F:/Desktop/DeepOnet_Abaqus/StaticElasticJob6.odb,Step-1,Increment      1: Step Time =    1.000,"PLATE-1",           609,             1,       1.68189,   947.662E-03,            0.,"ASSEMBLY_PLATE-1__PICKEDSET2","ROCK","",      -1.02149,      -1.44256,      -1.41116,      -1.05288,  -110.611E-03
F:/Desktop/DeepOnet_Abaqus/StaticElasticJob6.odb,Step-1,Increment      1: Step Time =    1.000,"PLATE-1",           610,             1,       1.84618,   833.479E-03,            0.,"ASSEMBLY_PLATE-1__PICKEDSET2","ROCK","",      -1.01697,      -1.51767,      -1.50385,      -1.03079,  -82.0453E-03
F:/Desktop/DeepOnet_Abaqus/StaticElasticJob6.odb,Step-1,Increment      1: Step Time =    1.000,"PLATE-1",           611,             1,   864.620E-03,      -1.67400,            0.,"ASSEMBLY_PLATE-1__PICKEDSET2","ROCK","",      -1.00189,      -1.66142,      -1.66129,      -1.00201,  -9.04468E-03
F:/Desktop/DeepOnet_Abaqus/StaticElasticJob6.odb,Step-1,Increment      1: Step Time =    1.000,"PLATE-1",           612,             1,      -1.68542,   548.644E-03,            0.,"ASSEMBLY_PLATE-1__PICKEDSET2","ROCK","",      -1.01996,      -1.60502,      -1.60493,      -1.02005,  -7.32368E-03
F:/Desktop/DeepOnet_Abaqus/StaticElasticJob6.odb,Step-1,Increment      1: Step Time =    1.000,"PLATE-1",           613,             1,      -1.87006,   662.786E-03,            0.,"ASSEMBLY_PLATE-1__PICKEDSET2","ROCK","",      -1.01742,      -1.61140,      -1.61132,      -1.01750,  -6.61227E-03
F:/Desktop/DeepOnet_Abaqus/StaticElasticJob6.odb,Step-1,Increment      1: Step Time =    1.000,"PLATE-1",           614,             1,      -1.40353,       1.78905,            0.,"ASSEMBLY_PLATE-1__PICKEDSET2","ROCK","",      -1.00543,      -1.62781,      -1.62731,      -1.00592,  -17.5765E-03
F:/Desktop/DeepOnet_Abaqus/StaticElasticJob6.odb,Step-1,Increment      1: Step Time =    1.000,"PLATE-1",           615,             1,      -2.23962,       1.74561,            0.,"ASSEMBLY_PLATE-1__PICKEDSET2","ROCK","",      -1.00839,      -1.62862,      -1.62839,      -1.00861,  -11.7677E-03
F:/Desktop/DeepOnet_Abaqus/StaticElasticJob6.odb,Step-1,Increment      1: Step Time =    1.000,"PLATE-1",           616,             1,      -1.14107,      -1.79627,            0.,"ASSEMBLY_PLATE-1__PICKEDSET2","ROCK","",  -997.882E-03,      -1.65434,      -1.65417,  -998.053E-03,   10.5977E-03
F:/Desktop/DeepOnet_Abaqus/StaticElasticJob6.odb,Step-1,Increment      1: Step Time =    1.000,"PLATE-1",           617,             1,  -373.074E-03,      -1.74593,            0.,"ASSEMBLY_PLATE-1__PICKEDSET2","ROCK","",      -1.00063,      -1.66421,      -1.66420,      -1.00065,   3.38594E-03
F:/Desktop/DeepOnet_Abaqus/StaticElasticJob6.odb,Step-1,Increment      1: Step Time =    1.000,"PLATE-1",           618,             1,  -868.269E-03,       1.88418,            0.,"ASSEMBLY_PLATE-1__PICKEDSET2","ROCK","",      -1.00285,      -1.62751,      -1.62662,      -1.00374,  -23.5611E-03
F:/Desktop/DeepOnet_Abaqus/StaticElasticJob6.odb,Step-1,Increment      1: Step Time =    1.000,"PLATE-1",           619,             1,       1.83241,      -1.55889,            0.,"ASSEMBLY_PLATE-1__PICKEDSET2","ROCK","",  -999.746E-03,      -1.65032,      -1.65005,      -1.00002,  -13.2522E-03
F:/Desktop/DeepOnet_Abaqus/StaticElasticJob6.odb,Step-1,Increment      1: Step Time =    1.000,"PLATE-1",           620,             1,       1.64190,       2.43889,            0.,"ASSEMBLY_PLATE-1__PICKEDSET2","ROCK","",      -1.00471,      -1.68957,      -1.68940,      -1.00487,   10.5225E-03
F:/Desktop/DeepOnet_Abaqus/StaticElasticJob6.odb,Step-1,Increment      1: Step Time =    1.000,"PLATE-1",           621,             1,       1.29017,      -2.17712,            0.,"ASSEMBLY_PLATE-1__PICKEDSET2","ROCK","",      -1.00325,      -1.64975,      -1.64970,      -1.00330,  -5.90176E-03
F:/Desktop/DeepOnet_Abaqus/StaticElasticJob6.odb,Step-1,Increment      1: Step Time =    1.000,"PLATE-1",           622,             1,   432.040E-03,      -2.02906,            0.,"ASSEMBLY_PLATE-1__PICKEDSET2","ROCK","",      -1.00502,      -1.65776,      -1.65774,      -1.00504,  -3.25970E-03
F:/Desktop/DeepOnet_Abaqus/StaticElasticJob6.odb,Step-1,Increment      1: Step Time =    1.000,"PLATE-1",           623,             1,   849.012E-03,   259.612E-03,            0.,"ASSEMBLY_PLATE-1__PICKEDSET2","ROCK","",      -1.08275,      -1.63110,      -1.61726,      -1.09660,   86.0205E-03
F:/Desktop/DeepOnet_Abaqus/StaticElasticJob6.odb,Step-1,Increment      1: Step Time =    1.000,"PLATE-1",           624,             1,   746.799E-03,      -1.49299,            0.,"ASSEMBLY_PLATE-1__PICKEDSET2","ROCK","",      -1.00046,      -1.66781,      -1.66764,      -1.00064,  -10.8898E-03
F:/Desktop/DeepOnet_Abaqus/StaticElasticJob6.odb,Step-1,Increment      1: Step Time =    1.000,"PLATE-1",           625,             1,       1.02986,       1.45786,            0.,"ASSEMBLY_PLATE-1__PICKEDSET2","ROCK","",  -677.256E-03,      -3.88415,      -3.87150,  -689.908E-03,  -201.033E-03
F:/Desktop/DeepOnet_Abaqus/StaticElasticJob6.odb,Step-1,Increment      1: Step Time =    1.000,"PLATE-1",           626,             1,       1.33828,       1.01165,            0.,"ASSEMBLY_PLATE-1__PICKEDSET2","ROCK","",  -755.486E-03,      -1.43047,      -1.13644,      -1.04952,  -334.684E-03
F:/Desktop/DeepOnet_Abaqus/StaticElasticJob6.odb,Step-1,Increment      1: Step Time =    1.000,"PLATE-1",           627,             1,       1.04763,  -476.759E-03,            0.,"ASSEMBLY_PLATE-1__PICKEDSET2","ROCK","",      -1.02566,      -1.63383,      -1.63057,      -1.02892,  -44.4460E-03
F:/Desktop/DeepOnet_Abaqus/StaticElasticJob6.odb,Step-1,Increment      1: Step Time =    1.000,"PLATE-1",           628,             1,       1.39229,   201.741E-03,            0.,"ASSEMBLY_PLATE-1__PICKEDSET2","ROCK","",  -980.227E-03,      -1.67389,      -1.67371,  -980.404E-03,   11.0633E-03
F:/Desktop/DeepOnet_Abaqus/StaticElasticJob6.odb,Step-1,Increment      1: Step Time =    1.000,"PLATE-1",           629,             1,  -798.568E-03,  -833.204E-03,            0.,"ASSEMBLY_PLATE-1__PICKEDSET2","ROCK","",  -984.191E-03,      -1.67503,      -1.67159,  -987.634E-03,   48.6494E-03
F:/Desktop/DeepOnet_Abaqus/StaticElasticJob6.odb,Step-1,Increment      1: Step Time =    1.000,"PLATE-1",           630,             1,  -966.366E-03,  -372.181E-03,            0.,"ASSEMBLY_PLATE-1__PICKEDSET2","ROCK","",      -1.01748,      -1.60412,      -1.59505,      -1.02655,   72.3777E-03
F:/Desktop/DeepOnet_Abaqus/StaticElasticJob6.odb,Step-1,Increment      1: Step Time =    1.000,"PLATE-1",           631,             1,   759.184E-03,  -607.135E-03,            0.,"ASSEMBLY_PLATE-1__PICKEDSET2","ROCK","",      -1.00149,      -1.67235,      -1.66579,      -1.00806,  -66.0308E-03
F:/Desktop/DeepOnet_Abaqus/StaticElasticJob6.odb,Step-1,Increment      1: Step Time =    1.000,"PLATE-1",           632,             1,      -1.07264,      -1.29343,            0.,"ASSEMBLY_PLATE-1__PICKEDSET2","ROCK","",  -993.245E-03,      -1.66114,      -1.66045,  -993.936E-03,   21.4742E-03
F:/Desktop/DeepOnet_Abaqus/StaticElasticJob6.odb,Step-1,Increment      1: Step Time =    1.000,"PLATE-1",           633,             1,  -924.487E-03,      -1.14716,            0.,"ASSEMBLY_PLATE-1__PICKEDSET2","ROCK","",  -990.772E-03,      -1.66602,      -1.66494,  -991.855E-03,   27.0147E-03
F:/Desktop/DeepOnet_Abaqus/StaticElasticJob6.odb,Step-1,Increment      1: Step Time =    1.000,"PLATE-1",           634,             1,  -248.101E-03,  -181.427E-03,            0.,"ASSEMBLY_PLATE-1__PICKEDSET2","ROCK","",  -802.760E-03,      -2.25885,      -1.78460,      -1.27701,   682.378E-03
F:/Desktop/DeepOnet_Abaqus/StaticElasticJob6.odb,Step-1,Increment      1: Step Time =    1.000,"PLATE-1",           635,             1,   196.451E-03,  -426.314E-03,            0.,"ASSEMBLY_PLATE-1__PICKEDSET2","ROCK","",  -867.178E-03,      -1.91674,      -1.88669,  -897.226E-03,  -175.025E-03
F:/Desktop/DeepOnet_Abaqus/StaticElasticJob6.odb,Step-1,Increment      1: Step Time =    1.000,"PLATE-1",           636,             1,   281.216E-03,  -197.825E-03,            0.,"ASSEMBLY_PLATE-1__PICKEDSET2","ROCK","",  -801.673E-03,      -1.96002,      -1.63175,      -1.12994,  -522.002E-03
F:/Desktop/DeepOnet_Abaqus/StaticElasticJob6.odb,Step-1,Increment      1: Step Time =    1.000,"PLATE-1",           637,             1,   226.406E-03,   388.334E-03,            0.,"ASSEMBLY_PLATE-1__PICKEDSET2","ROCK","",  -819.424E-03,      -2.00987,      -1.98036,  -848.927E-03,   185.071E-03
F:/Desktop/DeepOnet_Abaqus/StaticElasticJob6.odb,Step-1,Increment      1: Step Time =    1.000,"PLATE-1",           638,             1,   506.796E-03,  -9.69480E-03,            0.,"ASSEMBLY_PLATE-1__PICKEDSET2","ROCK","",      -1.22683,      -1.26215,      -1.24629,      -1.24269,  -17.5675E-03
F:/Desktop/DeepOnet_Abaqus/StaticElasticJob6.odb,Step-1,Increment      1: Step Time =    1.000,"PLATE-1",           639,             1,   514.279E-03,   245.286E-03,            0.,"ASSEMBLY_PLATE-1__PICKEDSET2","ROCK","",  -978.632E-03,      -1.64845,      -1.56886,      -1.05823,   216.748E-03
F:/Desktop/DeepOnet_Abaqus/StaticElasticJob6.odb,Step-1,Increment      1: Step Time =    1.000,"PLATE-1",           640,             1,   325.440E-03,   503.516E-03,            0.,"ASSEMBLY_PLATE-1__PICKEDSET2","ROCK","",  -866.183E-03,      -1.89442,      -1.87252,  -888.080E-03,   148.444E-03
F:/Desktop/DeepOnet_Abaqus/StaticElasticJob6.odb,Step-1,Increment      1: Step Time =    1.000,"PLATE-1",           641,             1,   472.522E-03,  -278.197E-03,            0.,"ASSEMBLY_PLATE-1__PICKEDSET2","ROCK","",  -973.143E-03,      -1.68247,      -1.60201,      -1.05360,  -224.933E-03
F:/Desktop/DeepOnet_Abaqus/StaticElasticJob6.odb,Step-1,Increment      1: Step Time =    1.000,"PLATE-1",           642,             1,  -583.616E-03,  -244.653E-03,            0.,"ASSEMBLY_PLATE-1__PICKEDSET2","ROCK","",      -1.00352,      -1.59586,      -1.54140,      -1.05797,   171.151E-03
F:/Desktop/DeepOnet_Abaqus/StaticElasticJob6.odb,Step-1,Increment      1: Step Time =    1.000,"PLATE-1",           643,             1,  -629.009E-03,   145.328E-03,            0.,"ASSEMBLY_PLATE-1__PICKEDSET2","ROCK","",      -1.08950,      -1.43041,      -1.40733,      -1.11258,  -85.6516E-03
F:/Desktop/DeepOnet_Abaqus/StaticElasticJob6.odb,Step-1,Increment      1: Step Time =    1.000,"PLATE-1",           644,             1,   297.824E-03,   609.483E-03,            0.,"ASSEMBLY_PLATE-1__PICKEDSET2","ROCK","",  -905.894E-03,      -1.85464,      -1.83752,  -923.009E-03,   126.273E-03
F:/Desktop/DeepOnet_Abaqus/StaticElasticJob6.odb,Step-1,Increment      1: Step Time =    1.000,"PLATE-1",           645,             1,   717.530E-03,   77.5118E-03,            0.,"ASSEMBLY_PLATE-1__PICKEDSET2","ROCK","",      -1.13791,      -1.48864,      -1.48176,      -1.14480,   48.6680E-03
F:/Desktop/DeepOnet_Abaqus/StaticElasticJob6.odb,Step-1,Increment      1: Step Time =    1.000,"PLATE-1",           646,             1,   7.93222E-03,   667.651E-03,            0.,"ASSEMBLY_PLATE-1__PICKEDSET2","ROCK","",  -981.621E-03,      -1.77169,      -1.76420,  -989.118E-03,   76.5938E-03
F:/Desktop/DeepOnet_Abaqus/StaticElasticJob6.odb,Step-1,Increment      1: Step Time =    1.000,"PLATE-1",           647,             1,   262.784E-03,   699.919E-03,            0.,"ASSEMBLY_PLATE-1__PICKEDSET2","ROCK","",  -932.703E-03,      -1.80704,      -1.78286,  -956.884E-03,   143.379E-03
F:/Desktop/DeepOnet_Abaqus/StaticElasticJob6.odb,Step-1,Increment      1: Step Time =    1.000,"PLATE-1",           648,             1,   789.958E-03,  -334.643E-03,            0.,"ASSEMBLY_PLATE-1__PICKEDSET2","ROCK","",      -1.04213,      -1.61288,      -1.59962,      -1.05538,  -85.9675E-03
F:/Desktop/DeepOnet_Abaqus/StaticElasticJob6.odb,Step-1,Increment      1: Step Time =    1.000,"PLATE-1",           649,             1,  -578.666E-03,   527.520E-03,            0.,"ASSEMBLY_PLATE-1__PICKEDSET2","ROCK","",  -954.414E-03,      -1.66268,      -1.65459,  -962.511E-03,  -75.2934E-03
F:/Desktop/DeepOnet_Abaqus/StaticElasticJob6.odb,Step-1,Increment      1: Step Time =    1.000,"PLATE-1",           650,             1,  -472.067E-03,  -650.810E-03,            0.,"ASSEMBLY_PLATE-1__PICKEDSET2","ROCK","",  -965.367E-03,      -1.72719,      -1.71955,  -973.000E-03,   75.8753E-03
F:/Desktop/DeepOnet_Abaqus/StaticElasticJob6.odb,Step-1,Increment      1: Step Time =    1.000,"PLATE-1",           651,             1,   925.281E-03,  -190.989E-03,            0.,"ASSEMBLY_PLATE-1__PICKEDSET2","ROCK","",      -1.07293,      -1.58087,      -1.57794,      -1.07586,  -38.4704E-03
F:/Desktop/DeepOnet_Abaqus/StaticElasticJob6.odb,Step-1,Increment      1: Step Time =    1.000,"PLATE-1",           652,             1,   997.862E-03,  -26.5028E-03,            0.,"ASSEMBLY_PLATE-1__PICKEDSET2","ROCK","",      -1.08238,      -1.58269,      -1.58258,      -1.08249,   7.39975E-03
F:/Desktop/DeepOnet_Abaqus/StaticElasticJob6.odb,Step-1,Increment      1: Step Time =    1.000,"PLATE-1",           653,             1,  -660.555E-03,  -696.478E-03,            0.,"ASSEMBLY_PLATE-1__PICKEDSET2","ROCK","",  -977.121E-03,      -1.68985,      -1.68378,  -983.190E-03,   65.4863E-03
F:/Desktop/DeepOnet_Abaqus/StaticElasticJob6.odb,Step-1,Increment      1: Step Time =    1.000,"PLATE-1",           654,             1,   150.338E-03,  -752.436E-03,            0.,"ASSEMBLY_PLATE-1__PICKEDSET2","ROCK","",  -955.570E-03,      -1.77345,      -1.77241,  -956.608E-03,  -29.1281E-03
F:/Desktop/DeepOnet_Abaqus/StaticElasticJob6.odb,Step-1,Increment      1: Step Time =    1.000,"PLATE-1",           655,             1,   796.244E-03,  -495.520E-03,            0.,"ASSEMBLY_PLATE-1__PICKEDSET2","ROCK","",      -1.01264,      -1.65297,      -1.64400,      -1.02161,  -75.2434E-03
F:/Desktop/DeepOnet_Abaqus/StaticElasticJob6.odb,Step-1,Increment      1: Step Time =    1.000,"PLATE-1",           656,             1,   378.120E-03,  -717.743E-03,            0.,"ASSEMBLY_PLATE-1__PICKEDSET2","ROCK","",  -969.606E-03,      -1.74235,      -1.73797,  -973.989E-03,  -58.0312E-03
F:/Desktop/DeepOnet_Abaqus/StaticElasticJob6.odb,Step-1,Increment      1: Step Time =    1.000,"PLATE-1",           657,             1,  -429.545E-03,  -782.009E-03,            0.,"ASSEMBLY_PLATE-1__PICKEDSET2","ROCK","",  -971.436E-03,      -1.72076,      -1.71757,  -974.633E-03,   48.8349E-03
F:/Desktop/DeepOnet_Abaqus/StaticElasticJob6.odb,Step-1,Increment      1: Step Time =    1.000,"PLATE-1",           658,             1,   167.725E-03,  -906.488E-03,            0.,"ASSEMBLY_PLATE-1__PICKEDSET2","ROCK","",  -976.427E-03,      -1.73125,      -1.73097,  -976.713E-03,  -14.6988E-03
F:/Desktop/DeepOnet_Abaqus/StaticElasticJob6.odb,Step-1,Increment      1: Step Time =    1.000,"PLATE-1",           659,             1,   784.272E-03,  -851.674E-03,            0.,"ASSEMBLY_PLATE-1__PICKEDSET2","ROCK","",  -996.373E-03,      -1.68010,      -1.67772,  -998.754E-03,  -40.2785E-03
F:/Desktop/DeepOnet_Abaqus/StaticElasticJob6.odb,Step-1,Increment      1: Step Time =    1.000,"PLATE-1",           660,             1,  -745.464E-03,  -543.521E-03,            0.,"ASSEMBLY_PLATE-1__PICKEDSET2","ROCK","",  -985.620E-03,      -1.66169,      -1.65054,  -996.775E-03,   86.1235E-03
F:/Desktop/DeepOnet_Abaqus/StaticElasticJob6.odb,Step-1,Increment      1: Step Time =    1.000,"PLATE-1",           661,             1,   983.975E-03,   416.071E-03,            0.,"ASSEMBLY_PLATE-1__PICKEDSET2","ROCK","",      -1.04972,      -1.72210,      -1.70844,      -1.06338,   94.8604E-03
F:/Desktop/DeepOnet_Abaqus/StaticElasticJob6.odb,Step-1,Increment      1: Step Time =    1.000,"PLATE-1",           662,             1,  -107.680E-03,   928.031E-03,            0.,"ASSEMBLY_PLATE-1__PICKEDSET2","ROCK","",      -1.01622,      -1.63586,      -1.62975,      -1.02233,   61.2153E-03
F:/Desktop/DeepOnet_Abaqus/StaticElasticJob6.odb,Step-1,Increment      1: Step Time =    1.000,"PLATE-1",           663,             1,   868.712E-03,   608.398E-03,            0.,"ASSEMBLY_PLATE-1__PICKEDSET2","ROCK","",      -1.08299,      -1.84754,      -1.82553,      -1.10499,   127.823E-03
F:/Desktop/DeepOnet_Abaqus/StaticElasticJob6.odb,Step-1,Increment      1: Step Time =    1.000,"PLATE-1",           664,             1,   683.232E-03,   132.137E-03,            0.,"ASSEMBLY_PLATE-1__PICKEDSET2","ROCK","",      -1.11670,      -1.51782,      -1.49718,      -1.13735,   88.6289E-03
F:/Desktop/DeepOnet_Abaqus/StaticElasticJob6.odb,Step-1,Increment      1: Step Time =    1.000,"PLATE-1",           665,             1,  -426.196E-03,   910.757E-03,            0.,"ASSEMBLY_PLATE-1__PICKEDSET2","ROCK","",  -994.305E-03,      -1.64831,      -1.64787,  -994.750E-03,   17.0619E-03
F:/Desktop/DeepOnet_Abaqus/StaticElasticJob6.odb,Step-1,Increment      1: Step Time =    1.000,"PLATE-1",           666,             1,       1.01349,   357.252E-03,            0.,"ASSEMBLY_PLATE-1__PICKEDSET2","ROCK","",      -1.04684,      -1.70630,      -1.69341,      -1.05973,   91.2991E-03
F:/Desktop/DeepOnet_Abaqus/StaticElasticJob6.odb,Step-1,Increment      1: Step Time =    1.000,"PLATE-1",           667,             1,  -955.789E-03,   54.7882E-03,            0.,"ASSEMBLY_PLATE-1__PICKEDSET2","ROCK","",      -1.06762,      -1.52034,      -1.52015,      -1.06781,   9.41054E-03
F:/Desktop/DeepOnet_Abaqus/StaticElasticJob6.odb,Step-1,Increment      1: Step Time =    1.000,"PLATE-1",           668,             1,       1.43409,      -1.27213,            0.,"ASSEMBLY_PLATE-1__PICKEDSET2","ROCK","",      -1.00046,      -1.65640,      -1.65595,      -1.00091,  -17.2283E-03
F:/Desktop/DeepOnet_Abaqus/StaticElasticJob6.odb,Step-1,Increment      1: Step Time =    1.000,"PLATE-1",           669,             1,  -21.2213E-03,       1.10475,            0.,"ASSEMBLY_PLATE-1__PICKEDSET2","ROCK","",      -1.05175,      -1.55133,      -1.54783,      -1.05525,   41.6998E-03
F:/Desktop/DeepOnet_Abaqus/StaticElasticJob6.odb,Step-1,Increment      1: Step Time =    1.000,"PLATE-1",           670,             1,      -1.16399,  -51.9732E-03,            0.,"ASSEMBLY_PLATE-1__PICKEDSET2","ROCK","",      -1.04400,      -1.56404,      -1.56275,      -1.04528,   25.7827E-03
F:/Desktop/DeepOnet_Abaqus/StaticElasticJob6.odb,Step-1,Increment      1: Step Time =    1.000,"PLATE-1",           671,             1,   978.500E-03,   714.709E-03,            0.,"ASSEMBLY_PLATE-1__PICKEDSET2","ROCK","",  -986.048E-03,      -2.05836,      -2.05298,  -991.423E-03,   75.7313E-03
F:/Desktop/DeepOnet_Abaqus/StaticElasticJob6.odb,Step-1,Increment      1: Step Time =    1.000,"PLATE-1",           672,             1,  -777.790E-03,       1.00727,            0.,"ASSEMBLY_PLATE-1__PICKEDSET2","ROCK","",  -999.216E-03,      -1.62686,      -1.62667,  -999.411E-03,  -11.0590E-03
F:/Desktop/DeepOnet_Abaqus/StaticElasticJob6.odb,Step-1,Increment      1: Step Time =    1.000,"PLATE-1",           673,             1,   779.352E-03,      -1.14639,            0.,"ASSEMBLY_PLATE-1__PICKEDSET2","ROCK","",  -997.261E-03,      -1.67626,      -1.67555,  -997.968E-03,  -21.9028E-03
F:/Desktop/DeepOnet_Abaqus/StaticElasticJob6.odb,Step-1,Increment      1: Step Time =    1.000,"PLATE-1",           674,             1,      -1.02126,      -1.19978,            0.,"ASSEMBLY_PLATE-1__PICKEDSET2","ROCK","",  -992.354E-03,      -1.66186,      -1.66095,  -993.261E-03,   24.6204E-03
F:/Desktop/DeepOnet_Abaqus/StaticElasticJob6.odb,Step-1,Increment      1: Step Time =    1.000,"PLATE-1",           675,             1,      -1.19862,   386.538E-03,            0.,"ASSEMBLY_PLATE-1__PICKEDSET2","ROCK","",      -1.02855,      -1.58158,      -1.58089,      -1.02924,  -19.4681E-03
F:/Desktop/DeepOnet_Abaqus/StaticElasticJob6.odb,Step-1,Increment      1: Step Time =    1.000,"PLATE-1",           676,             1,  -886.349E-03,  -917.553E-03,            0.,"ASSEMBLY_PLATE-1__PICKEDSET2","ROCK","",  -987.757E-03,      -1.66914,      -1.66673,  -990.159E-03,   40.3883E-03
F:/Desktop/DeepOnet_Abaqus/StaticElasticJob6.odb,Step-1,Increment      1: Step Time =    1.000,"PLATE-1",           677,             1,   486.747E-03,      -1.33594,            0.,"ASSEMBLY_PLATE-1__PICKEDSET2","ROCK","",  -997.966E-03,      -1.67935,      -1.67916,  -998.159E-03,  -11.4418E-03
F:/Desktop/DeepOnet_Abaqus/StaticElasticJob6.odb,Step-1,Increment      1: Step Time =    1.000,"PLATE-1",           678,             1,  -792.923E-03,       1.24792,            0.,"ASSEMBLY_PLATE-1__PICKEDSET2","ROCK","",      -1.00678,      -1.61922,      -1.61902,      -1.00698,  -11.0517E-03
F:/Desktop/DeepOnet_Abaqus/StaticElasticJob6.odb,Step-1,Increment      1: Step Time =    1.000,"PLATE-1",           679,             1,  -119.448E-03,  -207.845E-03,            0.,"ASSEMBLY_PLATE-1__PICKEDSET2","ROCK","",  -133.541E-03,      -2.73660,      -2.57693,  -293.206E-03,   624.600E-03
F:/Desktop/DeepOnet_Abaqus/StaticElasticJob6.odb,Step-1,Increment      1: Step Time =    1.000,"PLATE-1",           680,             1,  -304.229E-03,  -118.579E-03,            0.,"ASSEMBLY_PLATE-1__PICKEDSET2","ROCK","",  -603.270E-03,      -1.79626,      -1.02313,      -1.37640,   569.740E-03
F:/Desktop/DeepOnet_Abaqus/StaticElasticJob6.odb,Step-1,Increment      1: Step Time =    1.000,"PLATE-1",           681,             1,  -232.283E-03,   178.836E-03,            0.,"ASSEMBLY_PLATE-1__PICKEDSET2","ROCK","",  -467.069E-03,      -1.92736,      -1.48423,  -910.206E-03,  -671.372E-03
F:/Desktop/DeepOnet_Abaqus/StaticElasticJob6.odb,Step-1,Increment      1: Step Time =    1.000,"PLATE-1",           682,             1,   4.22461E-03,   215.408E-03,            0.,"ASSEMBLY_PLATE-1__PICKEDSET2","ROCK","",  -183.929E-03,      -3.81701,      -3.81639,  -184.549E-03,   47.4306E-03
F:/Desktop/DeepOnet_Abaqus/StaticElasticJob6.odb,Step-1,Increment      1: Step Time =    1.000,"PLATE-1",           683,             1,   168.658E-03,   199.976E-03,            0.,"ASSEMBLY_PLATE-1__PICKEDSET2","ROCK","",  -405.719E-03,      -2.39422,      -2.00149,  -798.446E-03,   791.646E-03
F:/Desktop/DeepOnet_Abaqus/StaticElasticJob6.odb,Step-1,Increment      1: Step Time =    1.000,"PLATE-1",           684,             1,   99.5838E-03,  -324.512E-03,            0.,"ASSEMBLY_PLATE-1__PICKEDSET2","ROCK","",  -598.038E-03,      -2.24851,      -2.20261,  -643.940E-03,  -271.393E-03
F:/Desktop/DeepOnet_Abaqus/StaticElasticJob6.odb,Step-1,Increment      1: Step Time =    1.000,"PLATE-1",           685,             1,  -364.235E-03,  -100.851E-03,            0.,"ASSEMBLY_PLATE-1__PICKEDSET2","ROCK","",  -782.478E-03,      -1.61061,      -1.06114,      -1.33195,   391.302E-03
F:/Desktop/DeepOnet_Abaqus/StaticElasticJob6.odb,Step-1,Increment      1: Step Time =    1.000,"PLATE-1",           686,             1,  -131.781E-03,  -231.015E-03,            0.,"ASSEMBLY_PLATE-1__PICKEDSET2","ROCK","",  -337.538E-03,      -2.61798,      -2.42405,  -531.463E-03,   636.104E-03
F:/Desktop/DeepOnet_Abaqus/StaticElasticJob6.odb,Step-1,Increment      1: Step Time =    1.000,"PLATE-1",           687,             1,  -85.5564E-03,  -238.508E-03,            0.,"ASSEMBLY_PLATE-1__PICKEDSET2","ROCK","",  -207.584E-03,      -2.62359,      -2.55025,  -280.919E-03,   414.485E-03
F:/Desktop/DeepOnet_Abaqus/StaticElasticJob6.odb,Step-1,Increment      1: Step Time =    1.000,"PLATE-1",           688,             1,  -123.066E-03,  -214.800E-03,            0.,"ASSEMBLY_PLATE-1__PICKEDSET2","ROCK","",  -166.698E-03,      -2.74107,      -2.58384,  -323.929E-03,   616.481E-03
F:/Desktop/DeepOnet_Abaqus/StaticElasticJob6.odb,Step-1,Increment      1: Step Time =    1.000,"PLATE-1",           689,             1,   325.699E-03,  -98.3033E-03,            0.,"ASSEMBLY_PLATE-1__PICKEDSET2","ROCK","",  -673.034E-03,      -1.66739,  -985.466E-03,      -1.35495,  -461.578E-03
F:/Desktop/DeepOnet_Abaqus/StaticElasticJob6.odb,Step-1,Increment      1: Step Time =    1.000,"PLATE-1",           690,             1,  -248.693E-03,  -208.124E-03,            0.,"ASSEMBLY_PLATE-1__PICKEDSET2","ROCK","",  -869.368E-03,      -2.20874,      -1.88479,      -1.19332,   573.538E-03
F:/Desktop/DeepOnet_Abaqus/StaticElasticJob6.odb,Step-1,Increment      1: Step Time =    1.000,"PLATE-1",           691,             1,      -1.30946,      -1.21694,            0.,"ASSEMBLY_PLATE-1__PICKEDSET2","ROCK","",  -995.735E-03,      -1.65221,      -1.65132,  -996.624E-03,   24.1482E-03
F:/Desktop/DeepOnet_Abaqus/StaticElasticJob6.odb,Step-1,Increment      1: Step Time =    1.000,"PLATE-1",           692,             1,  -41.4245E-03,  -318.537E-03,            0.,"ASSEMBLY_PLATE-1__PICKEDSET2","ROCK","",  -539.705E-03,      -2.28198,      -2.27095,  -550.732E-03,   138.168E-03
F:/Desktop/DeepOnet_Abaqus/StaticElasticJob6.odb,Step-1,Increment      1: Step Time =    1.000,"PLATE-1",           693,             1,      -1.45251,       1.16587,            0.,"ASSEMBLY_PLATE-1__PICKEDSET2","ROCK","",      -1.00905,      -1.61865,      -1.61826,      -1.00945,  -15.5577E-03
F:/Desktop/DeepOnet_Abaqus/StaticElasticJob6.odb,Step-1,Increment      1: Step Time =    1.000,"PLATE-1",           694,             1,   77.0597E-03,  -266.303E-03,            0.,"ASSEMBLY_PLATE-1__PICKEDSET2","ROCK","",  -336.608E-03,      -2.48341,      -2.43964,  -380.378E-03,  -303.399E-03
F:/Desktop/DeepOnet_Abaqus/StaticElasticJob6.odb,Step-1,Increment      1: Step Time =    1.000,"PLATE-1",           695,             1,   57.8842E-03,  -275.485E-03,            0.,"ASSEMBLY_PLATE-1__PICKEDSET2","ROCK","",  -381.874E-03,      -2.43729,      -2.41085,  -408.310E-03,  -231.598E-03
F:/Desktop/DeepOnet_Abaqus/StaticElasticJob6.odb,Step-1,Increment      1: Step Time =    1.000,"PLATE-1",           696,             1,  -391.940E-03,   165.971E-06,            0.,"ASSEMBLY_PLATE-1__PICKEDSET2","ROCK","",  -889.842E-03,      -1.36122,  -890.444E-03,      -1.36062,   16.8408E-03
F:/Desktop/DeepOnet_Abaqus/StaticElasticJob6.odb,Step-1,Increment      1: Step Time =    1.000,"PLATE-1",           697,             1,  -168.318E-03,   333.152E-03,            0.,"ASSEMBLY_PLATE-1__PICKEDSET2","ROCK","",  -784.690E-03,      -2.11597,      -2.09907,  -801.590E-03,  -149.040E-03
F:/Desktop/DeepOnet_Abaqus/StaticElasticJob6.odb,Step-1,Increment      1: Step Time =    1.000,"PLATE-1",           698,             1,  -626.259E-03,       1.23678,            0.,"ASSEMBLY_PLATE-1__PICKEDSET2","ROCK","",      -1.01059,      -1.61416,      -1.61409,      -1.01067,  -6.81008E-03
F:/Desktop/DeepOnet_Abaqus/StaticElasticJob6.odb,Step-1,Increment      1: Step Time =    1.000,"PLATE-1",           699,             1,      -1.23742,       1.14476,            0.,"ASSEMBLY_PLATE-1__PICKEDSET2","ROCK","",      -1.00685,      -1.61897,      -1.61852,      -1.00730,  -16.5917E-03
F:/Desktop/DeepOnet_Abaqus/StaticElasticJob6.odb,Step-1,Increment      1: Step Time =    1.000,"PLATE-1",           700,             1,      -1.28175,  -189.857E-03,            0.,"ASSEMBLY_PLATE-1__PICKEDSET2","ROCK","",      -1.03083,      -1.58758,      -1.58557,      -1.03284,   33.3530E-03
F:/Desktop/DeepOnet_Abaqus/StaticElasticJob6.odb,Step-1,Increment      1: Step Time =    1.000,"PLATE-1",           701,             1,  -82.3949E-03,   389.468E-03,            0.,"ASSEMBLY_PLATE-1__PICKEDSET2","ROCK","",  -902.507E-03,      -2.07728,      -2.07726,  -902.522E-03,  -4.14635E-03
F:/Desktop/DeepOnet_Abaqus/StaticElasticJob6.odb,Step-1,Increment      1: Step Time =    1.000,"PLATE-1",           702,             1,   22.7207E-03,   301.726E-03,            0.,"ASSEMBLY_PLATE-1__PICKEDSET2","ROCK","",  -831.098E-03,      -2.52233,      -2.51948,  -833.948E-03,   69.3565E-03
F:/Desktop/DeepOnet_Abaqus/StaticElasticJob6.odb,Step-1,Increment      1: Step Time =    1.000,"PLATE-1",           703,             1,  -353.026E-03,  -136.497E-03,            0.,"ASSEMBLY_PLATE-1__PICKEDSET2","ROCK","",  -840.974E-03,      -1.64854,      -1.27926,      -1.21025,   402.306E-03
F:/Desktop/DeepOnet_Abaqus/StaticElasticJob6.odb,Step-1,Increment      1: Step Time =    1.000,"PLATE-1",           704,             1,   33.5285E-03,   331.105E-03,            0.,"ASSEMBLY_PLATE-1__PICKEDSET2","ROCK","",  -882.452E-03,      -2.31463,      -2.31005,  -887.031E-03,   80.8576E-03
F:/Desktop/DeepOnet_Abaqus/StaticElasticJob6.odb,Step-1,Increment      1: Step Time =    1.000,"PLATE-1",           705,             1,   501.234E-03,   195.592E-03,            0.,"ASSEMBLY_PLATE-1__PICKEDSET2","ROCK","",  -980.426E-03,      -1.60410,      -1.49089,      -1.09363,   240.393E-03
F:/Desktop/DeepOnet_Abaqus/StaticElasticJob6.odb,Step-1,Increment      1: Step Time =    1.000,"PLATE-1",           706,             1,  -288.241E-03,   270.205E-03,            0.,"ASSEMBLY_PLATE-1__PICKEDSET2","ROCK","",  -716.026E-03,      -1.87065,      -1.74338,  -843.301E-03,  -361.603E-03
F:/Desktop/DeepOnet_Abaqus/StaticElasticJob6.odb,Step-1,Increment      1: Step Time =    1.000,"PLATE-1",           707,             1,   145.803E-03,       1.19901,            0.,"ASSEMBLY_PLATE-1__PICKEDSET2","ROCK","",      -1.08159,      -1.46907,      -1.46867,      -1.08199,   12.4883E-03
F:/Desktop/DeepOnet_Abaqus/StaticElasticJob6.odb,Step-1,Increment      1: Step Time =    1.000,"PLATE-1",           708,             1,  -89.1941E-03,   369.531E-03,            0.,"ASSEMBLY_PLATE-1__PICKEDSET2","ROCK","",  -875.300E-03,      -2.10270,      -2.10217,  -875.824E-03,  -25.3510E-03
F:/Desktop/DeepOnet_Abaqus/StaticElasticJob6.odb,Step-1,Increment      1: Step Time =    1.000,"PLATE-1",           709,             1,   191.308E-03,   325.629E-03,            0.,"ASSEMBLY_PLATE-1__PICKEDSET2","ROCK","",  -758.702E-03,      -2.14283,      -2.09288,  -808.653E-03,   258.153E-03
F:/Desktop/DeepOnet_Abaqus/StaticElasticJob6.odb,Step-1,Increment      1: Step Time =    1.000,"PLATE-1",           710,             1,   186.755E-03,   236.677E-03,            0.,"ASSEMBLY_PLATE-1__PICKEDSET2","ROCK","",  -544.247E-03,      -2.26349,      -2.04851,  -759.227E-03,   568.669E-03
F:/Desktop/DeepOnet_Abaqus/StaticElasticJob6.odb,Step-1,Increment      1: Step Time =    1.000,"PLATE-1",           711,             1,   130.179E-03,   322.966E-03,            0.,"ASSEMBLY_PLATE-1__PICKEDSET2","ROCK","",  -794.763E-03,      -2.23751,      -2.20972,  -822.551E-03,   198.290E-03
F:/Desktop/DeepOnet_Abaqus/StaticElasticJob6.odb,Step-1,Increment      1: Step Time =    1.000,"PLATE-1",           712,             1,   538.685E-03,   92.8559E-03,            0.,"ASSEMBLY_PLATE-1__PICKEDSET2","ROCK","",      -1.12750,      -1.42049,      -1.35959,      -1.18840,   118.884E-03
F:/Desktop/DeepOnet_Abaqus/StaticElasticJob6.odb,Step-1,Increment      1: Step Time =    1.000,"PLATE-1",           713,             1,      -1.09706,   274.482E-03,            0.,"ASSEMBLY_PLATE-1__PICKEDSET2","ROCK","",      -1.03854,      -1.56454,      -1.56388,      -1.03920,  -18.5774E-03
F:/Desktop/DeepOnet_Abaqus/StaticElasticJob6.odb,Step-1,Increment      1: Step Time =    1.000,"PLATE-1",           714,             1,   508.645E-03,   377.614E-03,            0.,"ASSEMBLY_PLATE-1__PICKEDSET2","ROCK","",  -927.489E-03,      -1.77451,      -1.72927,  -972.728E-03,   190.452E-03
F:/Desktop/DeepOnet_Abaqus/StaticElasticJob6.odb,Step-1,Increment      1: Step Time =    1.000,"PLATE-1",           715,             1,  -260.911E-03,  -309.057E-03,            0.,"ASSEMBLY_PLATE-1__PICKEDSET2","ROCK","",  -908.628E-03,      -1.94013,      -1.82226,      -1.02650,   328.164E-03
F:/Desktop/DeepOnet_Abaqus/StaticElasticJob6.odb,Step-1,Increment      1: Step Time =    1.000,"PLATE-1",           716,             1,  -425.341E-03,   317.457E-03,            0.,"ASSEMBLY_PLATE-1__PICKEDSET2","ROCK","",  -867.476E-03,      -1.70406,      -1.64173,  -929.804E-03,  -219.676E-03
F:/Desktop/DeepOnet_Abaqus/StaticElasticJob6.odb,Step-1,Increment      1: Step Time =    1.000,"PLATE-1",           717,             1,       1.29037,   30.1396E-03,            0.,"ASSEMBLY_PLATE-1__PICKEDSET2","ROCK","",      -1.02475,      -1.63892,      -1.63863,      -1.02504,   13.2250E-03
F:/Desktop/DeepOnet_Abaqus/StaticElasticJob6.odb,Step-1,Increment      1: Step Time =    1.000,"PLATE-1",           718,             1,   30.0099E-03,  -458.554E-03,            0.,"ASSEMBLY_PLATE-1__PICKEDSET2","ROCK","",  -793.929E-03,      -1.99995,      -1.99868,  -795.204E-03,  -39.1997E-03
F:/Desktop/DeepOnet_Abaqus/StaticElasticJob6.odb,Step-1,Increment      1: Step Time =    1.000,"PLATE-1",           719,             1,  -420.188E-03,   341.842E-03,            0.,"ASSEMBLY_PLATE-1__PICKEDSET2","ROCK","",  -865.476E-03,      -1.71116,      -1.64914,  -927.487E-03,  -220.446E-03
F:/Desktop/DeepOnet_Abaqus/StaticElasticJob6.odb,Step-1,Increment      1: Step Time =    1.000,"PLATE-1",           720,             1,  -193.746E-03,   506.409E-03,            0.,"ASSEMBLY_PLATE-1__PICKEDSET2","ROCK","",  -914.309E-03,      -1.86141,      -1.86141,  -914.314E-03,   2.21155E-03
F:/Desktop/DeepOnet_Abaqus/StaticElasticJob6.odb,Step-1,Increment      1: Step Time =    1.000,"PLATE-1",           721,             1,   12.5151E-03,  -514.490E-03,            0.,"ASSEMBLY_PLATE-1__PICKEDSET2","ROCK","",  -844.559E-03,      -1.93417,      -1.93414,  -844.586E-03,  -5.38304E-03
F:/Desktop/DeepOnet_Abaqus/StaticElasticJob6.odb,Step-1,Increment      1: Step Time =    1.000,"PLATE-1",           722,             1,   440.859E-03,  -738.621E-03,            0.,"ASSEMBLY_PLATE-1__PICKEDSET2","ROCK","",  -975.609E-03,      -1.72771,      -1.72339,  -979.933E-03,  -56.8651E-03
F:/Desktop/DeepOnet_Abaqus/StaticElasticJob6.odb,Step-1,Increment      1: Step Time =    1.000,"PLATE-1",           723,             1,  -644.293E-03,  -330.132E-03,            0.,"ASSEMBLY_PLATE-1__PICKEDSET2","ROCK","",  -996.304E-03,      -1.62291,      -1.59071,      -1.02851,   138.353E-03
F:/Desktop/DeepOnet_Abaqus/StaticElasticJob6.odb,Step-1,Increment      1: Step Time =    1.000,"PLATE-1",           724,             1,  -777.473E-03,  -161.133E-03,            0.,"ASSEMBLY_PLATE-1__PICKEDSET2","ROCK","",      -1.06159,      -1.52336,      -1.50708,      -1.07786,   85.1586E-03
F:/Desktop/DeepOnet_Abaqus/StaticElasticJob6.odb,Step-1,Increment      1: Step Time =    1.000,"PLATE-1",           725,             1,  -523.594E-03,   555.117E-03,            0.,"ASSEMBLY_PLATE-1__PICKEDSET2","ROCK","",  -941.944E-03,      -1.68974,      -1.68386,  -947.819E-03,  -66.0181E-03
F:/Desktop/DeepOnet_Abaqus/StaticElasticJob6.odb,Step-1,Increment      1: Step Time =    1.000,"PLATE-1",           726,             1,  -748.939E-03,   174.419E-03,            0.,"ASSEMBLY_PLATE-1__PICKEDSET2","ROCK","",      -1.07184,      -1.48895,      -1.48252,      -1.07827,  -51.3902E-03
F:/Desktop/DeepOnet_Abaqus/StaticElasticJob6.odb,Step-1,Increment      1: Step Time =    1.000,"PLATE-1",           727,             1,   60.2959E-03,  -745.770E-03,            0.,"ASSEMBLY_PLATE-1__PICKEDSET2","ROCK","",  -951.375E-03,      -1.78042,      -1.78030,  -951.495E-03,  -9.96093E-03
F:/Desktop/DeepOnet_Abaqus/StaticElasticJob6.odb,Step-1,Increment      1: Step Time =    1.000,"PLATE-1",           728,             1,  -455.538E-03,   680.748E-03,            0.,"ASSEMBLY_PLATE-1__PICKEDSET2","ROCK","",  -959.825E-03,      -1.69050,      -1.69019,  -960.138E-03,  -15.0971E-03
F:/Desktop/DeepOnet_Abaqus/StaticElasticJob6.odb,Step-1,Increment      1: Step Time =    1.000,"PLATE-1",           729,             1,      -1.45164,       1.54254,            0.,"ASSEMBLY_PLATE-1__PICKEDSET2","ROCK","",      -1.00717,      -1.62432,      -1.62390,      -1.00758,  -16.0088E-03
F:/Desktop/DeepOnet_Abaqus/StaticElasticJob6.odb,Step-1,Increment      1: Step Time =    1.000,"PLATE-1",           730,             1,      -1.40204,       1.31007,            0.,"ASSEMBLY_PLATE-1__PICKEDSET2","ROCK","",      -1.00781,      -1.62085,      -1.62044,      -1.00822,  -15.8696E-03
F:/Desktop/DeepOnet_Abaqus/StaticElasticJob6.odb,Step-1,Increment      1: Step Time =    1.000,"PLATE-1",           731,             1,      -1.15416,       1.29098,            0.,"ASSEMBLY_PLATE-1__PICKEDSET2","ROCK","",      -1.00647,      -1.62065,      -1.62023,      -1.00689,  -16.0291E-03
F:/Desktop/DeepOnet_Abaqus/StaticElasticJob6.odb,Step-1,Increment      1: Step Time =    1.000,"PLATE-1",           732,             1,  -997.160E-03,       1.08728,            0.,"ASSEMBLY_PLATE-1__PICKEDSET2","ROCK","",      -1.00358,      -1.62132,      -1.62092,      -1.00398,  -15.6510E-03
F:/Desktop/DeepOnet_Abaqus/StaticElasticJob6.odb,Step-1,Increment      1: Step Time =    1.000,"PLATE-1",           733,             1,  -974.593E-03,   985.179E-03,            0.,"ASSEMBLY_PLATE-1__PICKEDSET2","ROCK","",      -1.00169,      -1.62195,      -1.62143,      -1.00220,  -17.8472E-03
F:/Desktop/DeepOnet_Abaqus/StaticElasticJob6.odb,Step-1,Increment      1: Step Time =    1.000,"PLATE-1",           734,             1,  -781.159E-03,   835.579E-03,            0.,"ASSEMBLY_PLATE-1__PICKEDSET2","ROCK","",  -991.218E-03,      -1.63288,      -1.63219,  -991.908E-03,  -21.0323E-03
F:/Desktop/DeepOnet_Abaqus/StaticElasticJob6.odb,Step-1,Increment      1: Step Time =    1.000,"PLATE-1",           735,             1,  -604.574E-03,   698.837E-03,            0.,"ASSEMBLY_PLATE-1__PICKEDSET2","ROCK","",  -970.566E-03,      -1.65996,      -1.65872,  -971.806E-03,  -29.2179E-03
F:/Desktop/DeepOnet_Abaqus/StaticElasticJob6.odb,Step-1,Increment      1: Step Time =    1.000,"PLATE-1",           736,             1,  -493.272E-03,   583.810E-03,            0.,"ASSEMBLY_PLATE-1__PICKEDSET2","ROCK","",  -942.993E-03,      -1.69351,      -1.68992,  -946.589E-03,  -51.8243E-03
F:/Desktop/DeepOnet_Abaqus/StaticElasticJob6.odb,Step-1,Increment      1: Step Time =    1.000,"PLATE-1",           737,             1,  -127.131E-03,   180.632E-03,            0.,"ASSEMBLY_PLATE-1__PICKEDSET2","ROCK","",  -244.502E-03,      -2.70608,      -2.08701,  -863.574E-03,      -1.06801
F:/Desktop/DeepOnet_Abaqus/StaticElasticJob6.odb,Step-1,Increment      1: Step Time =    1.000,"PLATE-1",           738,             1,  -17.4062E-03,   207.000E-03,            0.,"ASSEMBLY_PLATE-1__PICKEDSET2","ROCK","",  -122.358E-03,      -3.93011,      -3.91096,  -141.511E-03,  -269.376E-03
F:/Desktop/DeepOnet_Abaqus/StaticElasticJob6.odb,Step-1,Increment      1: Step Time =    1.000,"PLATE-1",           739,             1,  -5.56444E-03,   205.948E-03,            0.,"ASSEMBLY_PLATE-1__PICKEDSET2","ROCK","",  -64.8422E-03,      -4.03492,      -4.03307,  -66.6933E-03,  -85.7061E-03
F:/Desktop/DeepOnet_Abaqus/StaticElasticJob6.odb,Step-1,Increment      1: Step Time =    1.000,"PLATE-1",           740,             1,   5.43410E-03,   206.064E-03,            0.,"ASSEMBLY_PLATE-1__PICKEDSET2","ROCK","",  -94.8070E-03,      -4.02838,      -4.02674,  -96.4483E-03,   80.3371E-03
F:/Desktop/DeepOnet_Abaqus/StaticElasticJob6.odb,Step-1,Increment      1: Step Time =    1.000,"PLATE-1",           741,             1,   31.4020E-03,   210.314E-03,            0.,"ASSEMBLY_PLATE-1__PICKEDSET2","ROCK","",  -230.386E-03,      -3.85479,      -3.78160,  -303.575E-03,   509.813E-03
F:/Desktop/DeepOnet_Abaqus/StaticElasticJob6.odb,Step-1,Increment      1: Step Time =    1.000,"PLATE-1",           742,             1,   134.600E-03,   161.148E-03,            0.,"ASSEMBLY_PLATE-1__PICKEDSET2","ROCK","",  -150.125E-03,      -2.73203,      -1.82466,      -1.05749,       1.23265
F:/Desktop/DeepOnet_Abaqus/StaticElasticJob6.odb,Step-1,Increment      1: Step Time =    1.000,"PLATE-1",           743,             1,   240.493E-03,   199.830E-03,            0.,"ASSEMBLY_PLATE-1__PICKEDSET2","ROCK","",  -527.130E-03,      -2.03825,      -1.69262,  -872.760E-03,   634.687E-03
F:/Desktop/DeepOnet_Abaqus/StaticElasticJob6.odb,Step-1,Increment      1: Step Time =    1.000,"PLATE-1",           744,             1,   665.048E-03,   168.767E-03,            0.,"ASSEMBLY_PLATE-1__PICKEDSET2","ROCK","",      -1.09765,      -1.53832,      -1.50985,      -1.12612,   108.318E-03
F:/Desktop/DeepOnet_Abaqus/StaticElasticJob6.odb,Step-1,Increment      1: Step Time =    1.000,"PLATE-1",           745,             1,   896.524E-03,   265.445E-03,            0.,"ASSEMBLY_PLATE-1__PICKEDSET2","ROCK","",      -1.07787,      -1.64084,      -1.62711,      -1.09160,   86.8265E-03
F:/Desktop/DeepOnet_Abaqus/StaticElasticJob6.odb,Step-1,Increment      1: Step Time =    1.000,"PLATE-1",           746,             1,       1.04905,   266.849E-03,            0.,"ASSEMBLY_PLATE-1__PICKEDSET2","ROCK","",      -1.04912,      -1.66669,      -1.65809,      -1.05772,   72.3492E-03
F:/Desktop/DeepOnet_Abaqus/StaticElasticJob6.odb,Step-1,Increment      1: Step Time =    1.000,"PLATE-1",           747,             1,       1.27037,   246.375E-03,            0.,"ASSEMBLY_PLATE-1__PICKEDSET2","ROCK","",  -998.892E-03,      -1.67763,      -1.67576,      -1.00076,   35.5722E-03
F:/Desktop/DeepOnet_Abaqus/StaticElasticJob6.odb,Step-1,Increment      1: Step Time =    1.000,"PLATE-1",           748,             1,       1.34261,   228.505E-03,            0.,"ASSEMBLY_PLATE-1__PICKEDSET2","ROCK","",  -988.525E-03,      -1.67802,      -1.67732,  -989.216E-03,   21.8168E-03
F:/Desktop/DeepOnet_Abaqus/StaticElasticJob6.odb,Step-1,Increment      1: Step Time =    1.000,"PLATE-1",           749,             1,       1.36525,   301.018E-03,            0.,"ASSEMBLY_PLATE-1__PICKEDSET2","ROCK","",  -972.239E-03,      -1.68957,      -1.68918,  -972.628E-03,   16.7063E-03
F:/Desktop/DeepOnet_Abaqus/StaticElasticJob6.odb,Step-1,Increment      1: Step Time =    1.000,"PLATE-1",           750,             1,       1.54276,   342.451E-03,            0.,"ASSEMBLY_PLATE-1__PICKEDSET2","ROCK","",  -949.707E-03,      -1.67802,      -1.67702,  -950.711E-03,  -27.0202E-03
F:/Desktop/DeepOnet_Abaqus/StaticElasticJob6.odb,Step-1,Increment      1: Step Time =    1.000,"PLATE-1",           751,             1,       1.54066,   447.555E-03,            0.,"ASSEMBLY_PLATE-1__PICKEDSET2","ROCK","",  -930.666E-03,      -1.68525,      -1.68239,  -933.520E-03,  -46.3194E-03
F:/Desktop/DeepOnet_Abaqus/StaticElasticJob6.odb,Step-1,Increment      1: Step Time =    1.000,"PLATE-1",           752,             1,       1.54677,   551.146E-03,            0.,"ASSEMBLY_PLATE-1__PICKEDSET2","ROCK","",  -906.978E-03,      -1.67903,      -1.66975,  -916.262E-03,  -84.1537E-03
F:/Desktop/DeepOnet_Abaqus/StaticElasticJob6.odb,Step-1,Increment      1: Step Time =    1.000,"PLATE-1",           753,             1,       1.19181,   758.738E-03,            0.,"ASSEMBLY_PLATE-1__PICKEDSET2","ROCK","",  -709.279E-03,      -1.97899,      -1.96784,  -720.434E-03,  -118.483E-03
F:/Desktop/DeepOnet_Abaqus/StaticElasticJob6.odb,Step-1,Increment      1: Step Time =    1.000,"PLATE-1",           754,             1,       1.10953,   986.177E-03,            0.,"ASSEMBLY_PLATE-1__PICKEDSET2","ROCK","",  -220.659E-03,      -1.96462,      -1.36168,  -823.599E-03,  -829.439E-03
F:/Desktop/DeepOnet_Abaqus/StaticElasticJob6.odb,Step-1,Increment      1: Step Time =    1.000,"PLATE-1",           755,             1,   998.307E-03,   906.945E-03,            0.,"ASSEMBLY_PLATE-1__PICKEDSET2","ROCK","",  -415.976E-03,      -3.10613,      -2.94875,  -573.359E-03,  -631.359E-03
F:/Desktop/DeepOnet_Abaqus/StaticElasticJob6.odb,Step-1,Increment      1: Step Time =    1.000,"PLATE-1",           756,             1,   920.512E-03,   893.895E-03,            0.,"ASSEMBLY_PLATE-1__PICKEDSET2","ROCK","",  -805.505E-03,      -3.80881,      -3.76809,  -846.217E-03,   347.294E-03
F:/Desktop/DeepOnet_Abaqus/StaticElasticJob6.odb,Step-1,Increment      1: Step Time =    1.000,"PLATE-1",           757,             1,   835.455E-03,   880.201E-03,            0.,"ASSEMBLY_PLATE-1__PICKEDSET2","ROCK","",      -1.01506,      -2.99117,      -2.81741,      -1.18883,   559.634E-03
F:/Desktop/DeepOnet_Abaqus/StaticElasticJob6.odb,Step-1,Increment      1: Step Time =    1.000,"PLATE-1",           758,             1,   811.133E-03,   951.684E-03,            0.,"ASSEMBLY_PLATE-1__PICKEDSET2","ROCK","",  -567.611E-03,      -3.00095,      -2.15672,      -1.41184,       1.15826
F:/Desktop/DeepOnet_Abaqus/StaticElasticJob6.odb,Step-1,Increment      1: Step Time =    1.000,"PLATE-1",           759,             1,   642.680E-03,       1.07094,            0.,"ASSEMBLY_PLATE-1__PICKEDSET2","ROCK","",  -653.184E-03,      -1.53267,  -919.740E-03,      -1.26611,   404.203E-03
F:/Desktop/DeepOnet_Abaqus/StaticElasticJob6.odb,Step-1,Increment      1: Step Time =    1.000,"PLATE-1",           760,             1,   509.480E-03,       1.21053,            0.,"ASSEMBLY_PLATE-1__PICKEDSET2","ROCK","",      -1.05444,      -1.19866,      -1.06669,      -1.18641,  -40.2154E-03
F:/Desktop/DeepOnet_Abaqus/StaticElasticJob6.odb,Step-1,Increment      1: Step Time =    1.000,"PLATE-1",           761,             1,   325.677E-03,       1.25181,            0.,"ASSEMBLY_PLATE-1__PICKEDSET2","ROCK","",      -1.09943,      -1.35144,      -1.34367,      -1.10719,  -43.5382E-03
F:/Desktop/DeepOnet_Abaqus/StaticElasticJob6.odb,Step-1,Increment      1: Step Time =    1.000,"PLATE-1",           762,             1,   150.509E-03,       1.48613,            0.,"ASSEMBLY_PLATE-1__PICKEDSET2","ROCK","",      -1.00959,      -1.54185,      -1.52530,      -1.02615,  -92.3922E-03
F:/Desktop/DeepOnet_Abaqus/StaticElasticJob6.odb,Step-1,Increment      1: Step Time =    1.000,"PLATE-1",           763,             1,   50.6333E-03,       1.55988,            0.,"ASSEMBLY_PLATE-1__PICKEDSET2","ROCK","",      -1.00551,      -1.57075,      -1.56011,      -1.01615,  -76.8252E-03
F:/Desktop/DeepOnet_Abaqus/StaticElasticJob6.odb,Step-1,Increment      1: Step Time =    1.000,"PLATE-1",           764,             1,  -50.3403E-03,       1.56126,            0.,"ASSEMBLY_PLATE-1__PICKEDSET2","ROCK","",      -1.01256,      -1.57815,      -1.57146,      -1.01925,  -61.1465E-03
F:/Desktop/DeepOnet_Abaqus/StaticElasticJob6.odb,Step-1,Increment      1: Step Time =    1.000,"PLATE-1",           765,             1,   63.8801E-03,       1.48285,            0.,"ASSEMBLY_PLATE-1__PICKEDSET2","ROCK","",      -1.02113,      -1.54851,      -1.53895,      -1.03069,  -70.3560E-03
F:/Desktop/DeepOnet_Abaqus/StaticElasticJob6.odb,Step-1,Increment      1: Step Time =    1.000,"PLATE-1",           766,             1,  -145.778E-03,       1.49473,            0.,"ASSEMBLY_PLATE-1__PICKEDSET2","ROCK","",      -1.02394,      -1.57399,      -1.57071,      -1.02723,  -42.3901E-03
F:/Desktop/DeepOnet_Abaqus/StaticElasticJob6.odb,Step-1,Increment      1: Step Time =    1.000,"PLATE-1",           767,             1,  -187.259E-03,       1.33364,            0.,"ASSEMBLY_PLATE-1__PICKEDSET2","ROCK","",      -1.03783,      -1.56469,      -1.56430,      -1.03822,  -14.3188E-03
F:/Desktop/DeepOnet_Abaqus/StaticElasticJob6.odb,Step-1,Increment      1: Step Time =    1.000,"PLATE-1",           768,             1,  -265.908E-03,       1.21348,            0.,"ASSEMBLY_PLATE-1__PICKEDSET2","ROCK","",      -1.03316,      -1.58320,      -1.58312,      -1.03323,   6.35046E-03
F:/Desktop/DeepOnet_Abaqus/StaticElasticJob6.odb,Step-1,Increment      1: Step Time =    1.000,"PLATE-1",           769,             1,  -296.724E-03,       1.07105,            0.,"ASSEMBLY_PLATE-1__PICKEDSET2","ROCK","",      -1.02081,      -1.61056,      -1.60961,      -1.02177,   23.7190E-03
F:/Desktop/DeepOnet_Abaqus/StaticElasticJob6.odb,Step-1,Increment      1: Step Time =    1.000,"PLATE-1",           770,             1,  -180.602E-03,   891.870E-03,            0.,"ASSEMBLY_PLATE-1__PICKEDSET2","ROCK","",      -1.00580,      -1.65584,      -1.65184,      -1.00980,   50.8661E-03
F:/Desktop/DeepOnet_Abaqus/StaticElasticJob6.odb,Step-1,Increment      1: Step Time =    1.000,"PLATE-1",           771,             1,   370.602E-03,  -894.367E-03,            0.,"ASSEMBLY_PLATE-1__PICKEDSET2","ROCK","",  -981.465E-03,      -1.71926,      -1.71799,  -982.732E-03,  -30.5571E-03
F:/Desktop/DeepOnet_Abaqus/StaticElasticJob6.odb,Step-1,Increment      1: Step Time =    1.000,"PLATE-1",           772,             1,   547.845E-03,      -1.02867,            0.,"ASSEMBLY_PLATE-1__PICKEDSET2","ROCK","",  -991.691E-03,      -1.69342,      -1.69251,  -992.598E-03,  -25.2240E-03
F:/Desktop/DeepOnet_Abaqus/StaticElasticJob6.odb,Step-1,Increment      1: Step Time =    1.000,"PLATE-1",           773,             1,   718.098E-03,      -1.19470,            0.,"ASSEMBLY_PLATE-1__PICKEDSET2","ROCK","",  -996.913E-03,      -1.67775,      -1.67722,  -997.447E-03,  -19.0485E-03
F:/Desktop/DeepOnet_Abaqus/StaticElasticJob6.odb,Step-1,Increment      1: Step Time =    1.000,"PLATE-1",           774,             1,   899.742E-03,      -1.36764,            0.,"ASSEMBLY_PLATE-1__PICKEDSET2","ROCK","",  -999.621E-03,      -1.66716,      -1.66683,  -999.954E-03,  -14.9005E-03
F:/Desktop/DeepOnet_Abaqus/StaticElasticJob6.odb,Step-1,Increment      1: Step Time =    1.000,"PLATE-1",           775,             1,   940.888E-03,      -1.55406,            0.,"ASSEMBLY_PLATE-1__PICKEDSET2","ROCK","",      -1.00093,      -1.66273,      -1.66255,      -1.00111,  -11.0008E-03
F:/Desktop/DeepOnet_Abaqus/StaticElasticJob6.odb,Step-1,Increment      1: Step Time =    1.000,"PLATE-1",           776,             1,       1.11273,      -1.43864,            0.,"ASSEMBLY_PLATE-1__PICKEDSET2","ROCK","",      -1.00034,      -1.66144,      -1.66113,      -1.00064,  -14.1237E-03
F:/Desktop/DeepOnet_Abaqus/StaticElasticJob6.odb,Step-1,Increment      1: Step Time =    1.000,"PLATE-1",           777,             1,       1.34868,      -1.53513,            0.,"ASSEMBLY_PLATE-1__PICKEDSET2","ROCK","",      -1.00054,      -1.65615,      -1.65588,      -1.00081,  -13.2566E-03
F:/Desktop/DeepOnet_Abaqus/StaticElasticJob6.odb,Step-1,Increment      1: Step Time =    1.000,"PLATE-1",           778,             1,       1.46366,      -1.44239,            0.,"ASSEMBLY_PLATE-1__PICKEDSET2","ROCK","",      -1.00020,      -1.65500,      -1.65468,      -1.00052,  -14.5759E-03
F:/Desktop/DeepOnet_Abaqus/StaticElasticJob6.odb,Step-1,Increment      1: Step Time =    1.000,"PLATE-1",           779,             1,       1.55477,      -1.44943,            0.,"ASSEMBLY_PLATE-1__PICKEDSET2","ROCK","",      -1.00014,      -1.65400,      -1.65368,      -1.00046,  -14.4728E-03
F:/Desktop/DeepOnet_Abaqus/StaticElasticJob6.odb,Step-1,Increment      1: Step Time =    1.000,"PLATE-1",           780,             1,       1.55968,      -1.35131,            0.,"ASSEMBLY_PLATE-1__PICKEDSET2","ROCK","",      -1.00000,      -1.65389,      -1.65350,      -1.00039,  -15.9432E-03
F:/Desktop/DeepOnet_Abaqus/StaticElasticJob6.odb,Step-1,Increment      1: Step Time =    1.000,"PLATE-1",           781,             1,       1.56129,      -1.25486,            0.,"ASSEMBLY_PLATE-1__PICKEDSET2","ROCK","",      -1.00011,      -1.65448,      -1.65401,      -1.00057,  -17.5042E-03
F:/Desktop/DeepOnet_Abaqus/StaticElasticJob6.odb,Step-1,Increment      1: Step Time =    1.000,"PLATE-1",           782,             1,       1.48746,      -1.26416,            0.,"ASSEMBLY_PLATE-1__PICKEDSET2","ROCK","",      -1.00008,      -1.65523,      -1.65476,      -1.00055,  -17.5494E-03
F:/Desktop/DeepOnet_Abaqus/StaticElasticJob6.odb,Step-1,Increment      1: Step Time =    1.000,"PLATE-1",           783,             1,       1.36190,      -1.16165,            0.,"ASSEMBLY_PLATE-1__PICKEDSET2","ROCK","",      -1.00064,      -1.65754,      -1.65694,      -1.00124,  -19.7727E-03
F:/Desktop/DeepOnet_Abaqus/StaticElasticJob6.odb,Step-1,Increment      1: Step Time =    1.000,"PLATE-1",           784,             1,       1.18136,      -1.00864,            0.,"ASSEMBLY_PLATE-1__PICKEDSET2","ROCK","",      -1.00145,      -1.66089,      -1.65993,      -1.00241,  -25.1381E-03
F:/Desktop/DeepOnet_Abaqus/StaticElasticJob6.odb,Step-1,Increment      1: Step Time =    1.000,"PLATE-1",           785,             1,       1.00057,  -838.180E-03,            0.,"ASSEMBLY_PLATE-1__PICKEDSET2","ROCK","",      -1.00232,      -1.66498,      -1.66305,      -1.00425,  -35.7280E-03
F:/Desktop/DeepOnet_Abaqus/StaticElasticJob6.odb,Step-1,Increment      1: Step Time =    1.000,"PLATE-1",           786,             1,   909.309E-03,  -697.241E-03,            0.,"ASSEMBLY_PLATE-1__PICKEDSET2","ROCK","",      -1.00483,      -1.66435,      -1.66082,      -1.00835,  -48.1173E-03
F:/Desktop/DeepOnet_Abaqus/StaticElasticJob6.odb,Step-1,Increment      1: Step Time =    1.000,"PLATE-1",           787,             1,   754.163E-03,  -508.095E-03,            0.,"ASSEMBLY_PLATE-1__PICKEDSET2","ROCK","",      -1.00883,      -1.66085,      -1.65090,      -1.01878,  -79.9299E-03
F:/Desktop/DeepOnet_Abaqus/StaticElasticJob6.odb,Step-1,Increment      1: Step Time =    1.000,"PLATE-1",           788,             1,   640.940E-03,  -367.416E-03,            0.,"ASSEMBLY_PLATE-1__PICKEDSET2","ROCK","",      -1.01170,      -1.64782,      -1.62208,      -1.03744,  -125.347E-03
F:/Desktop/DeepOnet_Abaqus/StaticElasticJob6.odb,Step-1,Increment      1: Step Time =    1.000,"PLATE-1",           789,             1,   246.408E-03,  -60.8252E-03,            0.,"ASSEMBLY_PLATE-1__PICKEDSET2","ROCK","",  -162.302E-03,      -1.42785,  -174.713E-03,      -1.41544,  -124.713E-03
F:/Desktop/DeepOnet_Abaqus/StaticElasticJob6.odb,Step-1,Increment      1: Step Time =    1.000,"PLATE-1",           790,             1,   178.939E-03,  -181.681E-03,            0.,"ASSEMBLY_PLATE-1__PICKEDSET2","ROCK","",  -236.249E-03,      -3.21146,      -2.67119,  -776.523E-03,      -1.14697
F:/Desktop/DeepOnet_Abaqus/StaticElasticJob6.odb,Step-1,Increment      1: Step Time =    1.000,"PLATE-1",           791,             1,  -38.6247E-03,  -214.517E-03,            0.,"ASSEMBLY_PLATE-1__PICKEDSET2","ROCK","",  -87.9107E-03,      -2.67340,      -2.65808,  -103.236E-03,   198.465E-03
F:/Desktop/DeepOnet_Abaqus/StaticElasticJob6.odb,Step-1,Increment      1: Step Time =    1.000,"PLATE-1",           792,             1,  -163.277E-03,  -185.547E-03,            0.,"ASSEMBLY_PLATE-1__PICKEDSET2","ROCK","",  -142.680E-03,      -3.10140,      -2.69820,  -545.878E-03,       1.01508
F:/Desktop/DeepOnet_Abaqus/StaticElasticJob6.odb,Step-1,Increment      1: Step Time =    1.000,"PLATE-1",           793,             1,  -313.385E-03,  -218.511E-03,            0.,"ASSEMBLY_PLATE-1__PICKEDSET2","ROCK","",  -844.846E-03,      -1.91014,      -1.68493,      -1.07006,   434.965E-03
F:/Desktop/DeepOnet_Abaqus/StaticElasticJob6.odb,Step-1,Increment      1: Step Time =    1.000,"PLATE-1",           794,             1,  -539.984E-03,  -240.759E-03,            0.,"ASSEMBLY_PLATE-1__PICKEDSET2","ROCK","",  -994.003E-03,      -1.60148,      -1.53187,      -1.06360,   193.486E-03
F:/Desktop/DeepOnet_Abaqus/StaticElasticJob6.odb,Step-1,Increment      1: Step Time =    1.000,"PLATE-1",           795,             1,  -919.752E-03,  -180.418E-03,            0.,"ASSEMBLY_PLATE-1__PICKEDSET2","ROCK","",      -1.04675,      -1.55380,      -1.54550,      -1.05505,   64.3435E-03
F:/Desktop/DeepOnet_Abaqus/StaticElasticJob6.odb,Step-1,Increment      1: Step Time =    1.000,"PLATE-1",           796,             1,      -1.02165,  -305.019E-03,            0.,"ASSEMBLY_PLATE-1__PICKEDSET2","ROCK","",      -1.02733,      -1.58939,      -1.58263,      -1.03409,   61.2532E-03
F:/Desktop/DeepOnet_Abaqus/StaticElasticJob6.odb,Step-1,Increment      1: Step Time =    1.000,"PLATE-1",           797,             1,      -1.17341,  -267.798E-03,            0.,"ASSEMBLY_PLATE-1__PICKEDSET2","ROCK","",      -1.02895,      -1.58980,      -1.58618,      -1.03256,   44.8859E-03
F:/Desktop/DeepOnet_Abaqus/StaticElasticJob6.odb,Step-1,Increment      1: Step Time =    1.000,"PLATE-1",           798,             1,      -1.34476,  -296.964E-03,            0.,"ASSEMBLY_PLATE-1__PICKEDSET2","ROCK","",      -1.02382,      -1.59994,      -1.59760,      -1.02616,   36.6585E-03
F:/Desktop/DeepOnet_Abaqus/StaticElasticJob6.odb,Step-1,Increment      1: Step Time =    1.000,"PLATE-1",           799,             1,      -1.53904,  -249.520E-03,            0.,"ASSEMBLY_PLATE-1__PICKEDSET2","ROCK","",      -1.02256,      -1.60364,      -1.60240,      -1.02380,   26.8122E-03
F:/Desktop/DeepOnet_Abaqus/StaticElasticJob6.odb,Step-1,Increment      1: Step Time =    1.000,"PLATE-1",           800,             1,      -1.54936,  -351.383E-03,            0.,"ASSEMBLY_PLATE-1__PICKEDSET2","ROCK","",      -1.01874,      -1.60997,      -1.60847,      -1.02024,   29.7711E-03
F:/Desktop/DeepOnet_Abaqus/StaticElasticJob6.odb,Step-1,Increment      1: Step Time =    1.000,"PLATE-1",           801,             1,      -1.55323,  -449.889E-03,            0.,"ASSEMBLY_PLATE-1__PICKEDSET2","ROCK","",      -1.01487,      -1.61622,      -1.61456,      -1.01653,   31.5122E-03
F:/Desktop/DeepOnet_Abaqus/StaticElasticJob6.odb,Step-1,Increment      1: Step Time =    1.000,"PLATE-1",           802,             1,      -1.55353,  -548.201E-03,            0.,"ASSEMBLY_PLATE-1__PICKEDSET2","ROCK","",      -1.01144,      -1.62205,      -1.62031,      -1.01318,   32.5741E-03
F:/Desktop/DeepOnet_Abaqus/StaticElasticJob6.odb,Step-1,Increment      1: Step Time =    1.000,"PLATE-1",           803,             1,      -1.36202,  -617.818E-03,            0.,"ASSEMBLY_PLATE-1__PICKEDSET2","ROCK","",      -1.00729,      -1.62772,      -1.62519,      -1.00982,   39.5558E-03
F:/Desktop/DeepOnet_Abaqus/StaticElasticJob6.odb,Step-1,Increment      1: Step Time =    1.000,"PLATE-1",           804,             1,      -1.21454,  -710.275E-03,            0.,"ASSEMBLY_PLATE-1__PICKEDSET2","ROCK","",      -1.00116,      -1.63809,      -1.63500,      -1.00424,   44.2388E-03
F:/Desktop/DeepOnet_Abaqus/StaticElasticJob6.odb,Step-1,Increment      1: Step Time =    1.000,"PLATE-1",           805,             1,      -1.05943,  -855.705E-03,            0.,"ASSEMBLY_PLATE-1__PICKEDSET2","ROCK","",  -992.902E-03,      -1.65500,      -1.65230,  -995.597E-03,   42.1550E-03
F:/Desktop/DeepOnet_Abaqus/StaticElasticJob6.odb,Step-1,Increment      1: Step Time =    1.000,"PLATE-1",           806,             1,  -909.439E-03,  -994.027E-03,            0.,"ASSEMBLY_PLATE-1__PICKEDSET2","ROCK","",  -988.932E-03,      -1.66823,      -1.66650,  -990.664E-03,   34.2557E-03
F:/Desktop/DeepOnet_Abaqus/StaticElasticJob6.odb,Step-1,Increment      1: Step Time =    1.000,"PLATE-1",           807,             1,  -749.148E-03,      -1.19897,            0.,"ASSEMBLY_PLATE-1__PICKEDSET2","ROCK","",  -989.905E-03,      -1.67433,      -1.67363,  -990.601E-03,   21.8212E-03
F:/Desktop/DeepOnet_Abaqus/StaticElasticJob6.odb,Step-1,Increment      1: Step Time =    1.000,"PLATE-1",           808,             1,  -555.176E-03,      -1.36845,            0.,"ASSEMBLY_PLATE-1__PICKEDSET2","ROCK","",  -993.492E-03,      -1.67507,      -1.67485,  -993.713E-03,   12.2776E-03
F:/Desktop/DeepOnet_Abaqus/StaticElasticJob6.odb,Step-1,Increment      1: Step Time =    1.000,"PLATE-1",           809,             1,  -552.008E-03,      -1.55131,            0.,"ASSEMBLY_PLATE-1__PICKEDSET2","ROCK","",  -996.904E-03,      -1.66853,      -1.66843,  -997.001E-03,   8.08685E-03
F:/Desktop/DeepOnet_Abaqus/StaticElasticJob6.odb,Step-1,Increment      1: Step Time =    1.000,"PLATE-1",           810,             1,  -453.269E-03,      -1.55334,            0.,"ASSEMBLY_PLATE-1__PICKEDSET2","ROCK","",  -997.506E-03,      -1.66985,      -1.66979,  -997.568E-03,   6.43904E-03
F:/Desktop/DeepOnet_Abaqus/StaticElasticJob6.odb,Step-1,Increment      1: Step Time =    1.000,"PLATE-1",           811,             1,  -354.455E-03,      -1.55315,            0.,"ASSEMBLY_PLATE-1__PICKEDSET2","ROCK","",  -998.178E-03,      -1.67137,      -1.67134,  -998.214E-03,   4.87068E-03
F:/Desktop/DeepOnet_Abaqus/StaticElasticJob6.odb,Step-1,Increment      1: Step Time =    1.000,"PLATE-1",           812,             1,  -255.196E-03,      -1.55214,            0.,"ASSEMBLY_PLATE-1__PICKEDSET2","ROCK","",  -998.923E-03,      -1.67230,      -1.67228,  -998.940E-03,   3.38709E-03
F:/Desktop/DeepOnet_Abaqus/StaticElasticJob6.odb,Step-1,Increment      1: Step Time =    1.000,"PLATE-1",           813,             1,  -266.125E-03,      -1.45510,            0.,"ASSEMBLY_PLATE-1__PICKEDSET2","ROCK","",  -997.074E-03,      -1.67681,      -1.67678,  -997.104E-03,   4.53621E-03
F:/Desktop/DeepOnet_Abaqus/StaticElasticJob6.odb,Step-1,Increment      1: Step Time =    1.000,"PLATE-1",           814,             1,  -181.694E-03,      -1.34656,            0.,"ASSEMBLY_PLATE-1__PICKEDSET2","ROCK","",  -995.189E-03,      -1.68411,      -1.68409,  -995.215E-03,   4.16601E-03
F:/Desktop/DeepOnet_Abaqus/StaticElasticJob6.odb,Step-1,Increment      1: Step Time =    1.000,"PLATE-1",           815,             1,  -330.275E-03,      -1.18099,            0.,"ASSEMBLY_PLATE-1__PICKEDSET2","ROCK","",  -989.536E-03,      -1.69234,      -1.69214,  -989.737E-03,   11.8783E-03
F:/Desktop/DeepOnet_Abaqus/StaticElasticJob6.odb,Step-1,Increment      1: Step Time =    1.000,"PLATE-1",           816,             1,  -296.291E-03,      -1.08172,            0.,"ASSEMBLY_PLATE-1__PICKEDSET2","ROCK","",  -985.916E-03,      -1.70158,      -1.70126,  -986.232E-03,   15.0283E-03
F:/Desktop/DeepOnet_Abaqus/StaticElasticJob6.odb,Step-1,Increment      1: Step Time =    1.000,"PLATE-1",           817,             1,  -256.035E-03,  -906.979E-03,            0.,"ASSEMBLY_PLATE-1__PICKEDSET2","ROCK","",  -976.068E-03,      -1.72398,      -1.72324,  -976.803E-03,   23.4249E-03
F:/Desktop/DeepOnet_Abaqus/StaticElasticJob6.odb,Step-1,Increment      1: Step Time =    1.000,"PLATE-1",           818,             1,  -160.937E-03,  -766.181E-03,            0.,"ASSEMBLY_PLATE-1__PICKEDSET2","ROCK","",  -958.167E-03,      -1.76250,      -1.76136,  -959.303E-03,   30.2001E-03
F:/Desktop/DeepOnet_Abaqus/StaticElasticJob6.odb,Step-1,Increment      1: Step Time =    1.000,"PLATE-1",           819,             1,      -1.05647,  -97.5998E-03,            0.,"ASSEMBLY_PLATE-1__PICKEDSET2","ROCK","",      -1.04874,      -1.55510,      -1.55245,      -1.05140,   36.5792E-03
F:/Desktop/DeepOnet_Abaqus/StaticElasticJob6.odb,Step-1,Increment      1: Step Time =    1.000,"PLATE-1",           820,             1,      -1.23046,  -71.1203E-03,            0.,"ASSEMBLY_PLATE-1__PICKEDSET2","ROCK","",      -1.03950,      -1.57311,      -1.57193,      -1.04068,   25.0094E-03
F:/Desktop/DeepOnet_Abaqus/StaticElasticJob6.odb,Step-1,Increment      1: Step Time =    1.000,"PLATE-1",           821,             1,      -1.32059,  -89.1746E-03,            0.,"ASSEMBLY_PLATE-1__PICKEDSET2","ROCK","",      -1.03402,      -1.58289,      -1.58179,      -1.03513,   24.6093E-03
F:/Desktop/DeepOnet_Abaqus/StaticElasticJob6.odb,Step-1,Increment      1: Step Time =    1.000,"PLATE-1",           822,             1,      -1.54031,  -43.6225E-03,            0.,"ASSEMBLY_PLATE-1__PICKEDSET2","ROCK","",      -1.02801,      -1.59454,      -1.59403,      -1.02852,   17.0338E-03
F:/Desktop/DeepOnet_Abaqus/StaticElasticJob6.odb,Step-1,Increment      1: Step Time =    1.000,"PLATE-1",           823,             1,      -1.53603,  -145.573E-03,            0.,"ASSEMBLY_PLATE-1__PICKEDSET2","ROCK","",      -1.02558,      -1.59862,      -1.59772,      -1.02648,   22.6224E-03
F:/Desktop/DeepOnet_Abaqus/StaticElasticJob6.odb,Step-1,Increment      1: Step Time =    1.000,"PLATE-1",           824,             1,      -1.02554,   96.0835E-03,            0.,"ASSEMBLY_PLATE-1__PICKEDSET2","ROCK","",      -1.05657,      -1.53850,      -1.53850,      -1.05658,   1.53456E-03
F:/Desktop/DeepOnet_Abaqus/StaticElasticJob6.odb,Step-1,Increment      1: Step Time =    1.000,"PLATE-1",           825,             1,      -1.16400,   729.291E-06,            0.,"ASSEMBLY_PLATE-1__PICKEDSET2","ROCK","",      -1.04539,      -1.56204,      -1.56137,      -1.04607,   18.6928E-03
F:/Desktop/DeepOnet_Abaqus/StaticElasticJob6.odb,Step-1,Increment      1: Step Time =    1.000,"PLATE-1",           826,             1,      -1.37577,   156.732E-03,            0.,"ASSEMBLY_PLATE-1__PICKEDSET2","ROCK","",      -1.03381,      -1.58195,      -1.58191,      -1.03385,   4.47743E-03
F:/Desktop/DeepOnet_Abaqus/StaticElasticJob6.odb,Step-1,Increment      1: Step Time =    1.000,"PLATE-1",           827,             1,      -1.53587,   60.4891E-03,            0.,"ASSEMBLY_PLATE-1__PICKEDSET2","ROCK","",      -1.02918,      -1.59188,      -1.59166,      -1.02940,   11.2379E-03
F:/Desktop/DeepOnet_Abaqus/StaticElasticJob6.odb,Step-1,Increment      1: Step Time =    1.000,"PLATE-1",           828,             1,      -1.33015,  -20.2537E-03,            0.,"ASSEMBLY_PLATE-1__PICKEDSET2","ROCK","",      -1.03558,      -1.58035,      -1.57970,      -1.03623,   18.7984E-03
F:/Desktop/DeepOnet_Abaqus/StaticElasticJob6.odb,Step-1,Increment      1: Step Time =    1.000,"PLATE-1",           829,             1,      -1.54049,   163.198E-03,            0.,"ASSEMBLY_PLATE-1__PICKEDSET2","ROCK","",      -1.02901,      -1.59178,      -1.59172,      -1.02907,   6.15950E-03
F:/Desktop/DeepOnet_Abaqus/StaticElasticJob6.odb,Step-1,Increment      1: Step Time =    1.000,"PLATE-1",           830,             1,      -1.55882,   357.090E-03,            0.,"ASSEMBLY_PLATE-1__PICKEDSET2","ROCK","",      -1.02517,      -1.59634,      -1.59632,      -1.02519,  -3.61681E-03
F:/Desktop/DeepOnet_Abaqus/StaticElasticJob6.odb,Step-1,Increment      1: Step Time =    1.000,"PLATE-1",           831,             1,      -1.55783,   454.149E-03,            0.,"ASSEMBLY_PLATE-1__PICKEDSET2","ROCK","",      -1.02289,      -1.59893,      -1.59883,      -1.02299,  -7.47088E-03
F:/Desktop/DeepOnet_Abaqus/StaticElasticJob6.odb,Step-1,Increment      1: Step Time =    1.000,"PLATE-1",           832,             1,      -1.44971,   651.305E-03,            0.,"ASSEMBLY_PLATE-1__PICKEDSET2","ROCK","",      -1.01756,      -1.60413,      -1.60377,      -1.01792,  -14.4553E-03
F:/Desktop/DeepOnet_Abaqus/StaticElasticJob6.odb,Step-1,Increment      1: Step Time =    1.000,"PLATE-1",           833,             1,      -1.32539,   599.198E-03,            0.,"ASSEMBLY_PLATE-1__PICKEDSET2","ROCK","",      -1.01824,      -1.60020,      -1.59964,      -1.01880,  -18.0514E-03
F:/Desktop/DeepOnet_Abaqus/StaticElasticJob6.odb,Step-1,Increment      1: Step Time =    1.000,"PLATE-1",           834,             1,      -1.15019,   588.448E-03,            0.,"ASSEMBLY_PLATE-1__PICKEDSET2","ROCK","",      -1.01511,      -1.59914,      -1.59794,      -1.01632,  -26.5465E-03
F:/Desktop/DeepOnet_Abaqus/StaticElasticJob6.odb,Step-1,Increment      1: Step Time =    1.000,"PLATE-1",           835,             1,  -984.270E-03,   571.010E-03,            0.,"ASSEMBLY_PLATE-1__PICKEDSET2","ROCK","",      -1.00891,      -1.60168,      -1.59937,      -1.01121,  -36.8741E-03
F:/Desktop/DeepOnet_Abaqus/StaticElasticJob6.odb,Step-1,Increment      1: Step Time =    1.000,"PLATE-1",           836,             1,  -726.790E-03,   590.186E-03,            0.,"ASSEMBLY_PLATE-1__PICKEDSET2","ROCK","",  -980.410E-03,      -1.63366,      -1.62942,  -984.646E-03,  -52.4298E-03
F:/Desktop/DeepOnet_Abaqus/StaticElasticJob6.odb,Step-1,Increment      1: Step Time =    1.000,"PLATE-1",           837,             1,  -785.218E-03,   722.069E-03,            0.,"ASSEMBLY_PLATE-1__PICKEDSET2","ROCK","",  -987.344E-03,      -1.63318,      -1.63156,  -988.966E-03,  -32.3185E-03
F:/Desktop/DeepOnet_Abaqus/StaticElasticJob6.odb,Step-1,Increment      1: Step Time =    1.000,"PLATE-1",           838,             1,  -724.073E-03,   774.642E-03,            0.,"ASSEMBLY_PLATE-1__PICKEDSET2","ROCK","",  -984.635E-03,      -1.64009,      -1.63911,  -985.613E-03,  -25.3078E-03
F:/Desktop/DeepOnet_Abaqus/StaticElasticJob6.odb,Step-1,Increment      1: Step Time =    1.000,"PLATE-1",           839,             1,  -879.816E-03,   812.562E-03,            0.,"ASSEMBLY_PLATE-1__PICKEDSET2","ROCK","",  -995.624E-03,      -1.62575,      -1.62480,  -996.569E-03,  -24.3887E-03
F:/Desktop/DeepOnet_Abaqus/StaticElasticJob6.odb,Step-1,Increment      1: Step Time =    1.000,"PLATE-1",           840,             1,      -1.10020,   885.224E-03,            0.,"ASSEMBLY_PLATE-1__PICKEDSET2","ROCK","",      -1.00478,      -1.61699,      -1.61626,      -1.00550,  -21.0282E-03
F:/Desktop/DeepOnet_Abaqus/StaticElasticJob6.odb,Step-1,Increment      1: Step Time =    1.000,"PLATE-1",           841,             1,      -1.54133,   756.501E-03,            0.,"ASSEMBLY_PLATE-1__PICKEDSET2","ROCK","",      -1.01562,      -1.60868,      -1.60837,      -1.01592,  -13.4602E-03
F:/Desktop/DeepOnet_Abaqus/StaticElasticJob6.odb,Step-1,Increment      1: Step Time =    1.000,"PLATE-1",           842,             1,      -1.54946,   651.613E-03,            0.,"ASSEMBLY_PLATE-1__PICKEDSET2","ROCK","",      -1.01815,      -1.60519,      -1.60494,      -1.01840,  -12.0987E-03
F:/Desktop/DeepOnet_Abaqus/StaticElasticJob6.odb,Step-1,Increment      1: Step Time =    1.000,"PLATE-1",           843,             1,      -1.55382,   260.485E-03,            0.,"ASSEMBLY_PLATE-1__PICKEDSET2","ROCK","",      -1.02702,      -1.59412,      -1.59412,      -1.02702,   618.391E-06
F:/Desktop/DeepOnet_Abaqus/StaticElasticJob6.odb,Step-1,Increment      1: Step Time =    1.000,"PLATE-1",           844,             1,      -1.55103,  -647.114E-03,            0.,"ASSEMBLY_PLATE-1__PICKEDSET2","ROCK","",      -1.00781,      -1.62757,      -1.62583,      -1.00956,   32.8126E-03
F:/Desktop/DeepOnet_Abaqus/StaticElasticJob6.odb,Step-1,Increment      1: Step Time =    1.000,"PLATE-1",           845,             1,      -1.15098,  -902.464E-03,            0.,"ASSEMBLY_PLATE-1__PICKEDSET2","ROCK","",  -994.583E-03,      -1.65203,      -1.64986,  -996.756E-03,   37.7360E-03
F:/Desktop/DeepOnet_Abaqus/StaticElasticJob6.odb,Step-1,Increment      1: Step Time =    1.000,"PLATE-1",           846,             1,      -1.06576,      -1.04617,            0.,"ASSEMBLY_PLATE-1__PICKEDSET2","ROCK","",  -992.076E-03,      -1.65984,      -1.65832,  -993.597E-03,   31.8409E-03
F:/Desktop/DeepOnet_Abaqus/StaticElasticJob6.odb,Step-1,Increment      1: Step Time =    1.000,"PLATE-1",           847,             1,  -941.989E-03,      -1.21655,            0.,"ASSEMBLY_PLATE-1__PICKEDSET2","ROCK","",  -991.722E-03,      -1.66532,      -1.66447,  -992.567E-03,   23.8349E-03
F:/Desktop/DeepOnet_Abaqus/StaticElasticJob6.odb,Step-1,Increment      1: Step Time =    1.000,"PLATE-1",           848,             1,  -734.316E-03,      -1.29403,            0.,"ASSEMBLY_PLATE-1__PICKEDSET2","ROCK","",  -991.836E-03,      -1.67200,      -1.67154,  -992.297E-03,   17.6938E-03
F:/Desktop/DeepOnet_Abaqus/StaticElasticJob6.odb,Step-1,Increment      1: Step Time =    1.000,"PLATE-1",           849,             1,  -654.632E-03,      -1.54201,            0.,"ASSEMBLY_PLATE-1__PICKEDSET2","ROCK","",  -996.137E-03,      -1.66712,      -1.66698,  -996.285E-03,   9.97994E-03
F:/Desktop/DeepOnet_Abaqus/StaticElasticJob6.odb,Step-1,Increment      1: Step Time =    1.000,"PLATE-1",           850,             1,  -643.942E-03,      -1.44605,            0.,"ASSEMBLY_PLATE-1__PICKEDSET2","ROCK","",  -994.778E-03,      -1.66987,      -1.66967,  -994.986E-03,   11.8304E-03
F:/Desktop/DeepOnet_Abaqus/StaticElasticJob6.odb,Step-1,Increment      1: Step Time =    1.000,"PLATE-1",           851,             1,  -759.637E-03,      -1.53816,            0.,"ASSEMBLY_PLATE-1__PICKEDSET2","ROCK","",  -995.617E-03,      -1.66546,      -1.66526,  -995.811E-03,   11.3727E-03
F:/Desktop/DeepOnet_Abaqus/StaticElasticJob6.odb,Step-1,Increment      1: Step Time =    1.000,"PLATE-1",           852,             1,  -959.160E-03,      -1.55158,            0.,"ASSEMBLY_PLATE-1__PICKEDSET2","ROCK","",  -995.692E-03,      -1.66056,      -1.66029,  -995.962E-03,   13.4042E-03
F:/Desktop/DeepOnet_Abaqus/StaticElasticJob6.odb,Step-1,Increment      1: Step Time =    1.000,"PLATE-1",           853,             1,      -1.02325,      -1.35342,            0.,"ASSEMBLY_PLATE-1__PICKEDSET2","ROCK","",  -993.793E-03,      -1.66105,      -1.66049,  -994.353E-03,   19.3227E-03
F:/Desktop/DeepOnet_Abaqus/StaticElasticJob6.odb,Step-1,Increment      1: Step Time =    1.000,"PLATE-1",           854,             1,      -1.36420,      -1.11233,            0.,"ASSEMBLY_PLATE-1__PICKEDSET2","ROCK","",  -996.822E-03,      -1.64917,      -1.64803,  -997.962E-03,   27.2420E-03
F:/Desktop/DeepOnet_Abaqus/StaticElasticJob6.odb,Step-1,Increment      1: Step Time =    1.000,"PLATE-1",           855,             1,      -1.54895,  -946.814E-03,            0.,"ASSEMBLY_PLATE-1__PICKEDSET2","ROCK","",      -1.00108,      -1.63992,      -1.63859,      -1.00241,   29.0959E-03
F:/Desktop/DeepOnet_Abaqus/StaticElasticJob6.odb,Step-1,Increment      1: Step Time =    1.000,"PLATE-1",           856,             1,      -1.43509,  -840.669E-03,            0.,"ASSEMBLY_PLATE-1__PICKEDSET2","ROCK","",      -1.00159,      -1.63876,      -1.63699,      -1.00336,   33.5489E-03
F:/Desktop/DeepOnet_Abaqus/StaticElasticJob6.odb,Step-1,Increment      1: Step Time =    1.000,"PLATE-1",           857,             1,      -1.46141,  -542.567E-03,            0.,"ASSEMBLY_PLATE-1__PICKEDSET2","ROCK","",      -1.01113,      -1.62167,      -1.61955,      -1.01325,   35.9234E-03
F:/Desktop/DeepOnet_Abaqus/StaticElasticJob6.odb,Step-1,Increment      1: Step Time =    1.000,"PLATE-1",           858,             1,      -1.55039,      -1.04587,            0.,"ASSEMBLY_PLATE-1__PICKEDSET2","ROCK","",  -999.633E-03,      -1.64274,      -1.64163,      -1.00074,   26.6967E-03
F:/Desktop/DeepOnet_Abaqus/StaticElasticJob6.odb,Step-1,Increment      1: Step Time =    1.000,"PLATE-1",           859,             1,      -1.44923,      -1.12736,            0.,"ASSEMBLY_PLATE-1__PICKEDSET2","ROCK","",  -997.662E-03,      -1.64689,      -1.64585,  -998.699E-03,   25.9223E-03
F:/Desktop/DeepOnet_Abaqus/StaticElasticJob6.odb,Step-1,Increment      1: Step Time =    1.000,"PLATE-1",           860,             1,      -1.53436,      -1.34909,            0.,"ASSEMBLY_PLATE-1__PICKEDSET2","ROCK","",  -997.593E-03,      -1.64798,      -1.64734,  -998.232E-03,   20.3832E-03
F:/Desktop/DeepOnet_Abaqus/StaticElasticJob6.odb,Step-1,Increment      1: Step Time =    1.000,"PLATE-1",           861,             1,      -1.43770,      -1.46107,            0.,"ASSEMBLY_PLATE-1__PICKEDSET2","ROCK","",  -997.019E-03,      -1.65027,      -1.64976,  -997.522E-03,   18.1088E-03
F:/Desktop/DeepOnet_Abaqus/StaticElasticJob6.odb,Step-1,Increment      1: Step Time =    1.000,"PLATE-1",           862,             1,      -1.44766,      -1.55429,            0.,"ASSEMBLY_PLATE-1__PICKEDSET2","ROCK","",  -997.291E-03,      -1.65000,      -1.64960,  -997.692E-03,   16.1747E-03
F:/Desktop/DeepOnet_Abaqus/StaticElasticJob6.odb,Step-1,Increment      1: Step Time =    1.000,"PLATE-1",           863,             1,      -1.34851,      -1.55920,            0.,"ASSEMBLY_PLATE-1__PICKEDSET2","ROCK","",  -996.875E-03,      -1.65206,      -1.65167,  -997.261E-03,   15.8896E-03
F:/Desktop/DeepOnet_Abaqus/StaticElasticJob6.odb,Step-1,Increment      1: Step Time =    1.000,"PLATE-1",           864,             1,      -1.25069,      -1.56277,            0.,"ASSEMBLY_PLATE-1__PICKEDSET2","ROCK","",  -996.471E-03,      -1.65413,      -1.65377,  -996.830E-03,   15.3675E-03
F:/Desktop/DeepOnet_Abaqus/StaticElasticJob6.odb,Step-1,Increment      1: Step Time =    1.000,"PLATE-1",           865,             1,      -1.24952,      -1.48885,            0.,"ASSEMBLY_PLATE-1__PICKEDSET2","ROCK","",  -996.003E-03,      -1.65441,      -1.65397,  -996.444E-03,   17.0212E-03
F:/Desktop/DeepOnet_Abaqus/StaticElasticJob6.odb,Step-1,Increment      1: Step Time =    1.000,"PLATE-1",           866,             1,      -1.24177,      -1.42099,            0.,"ASSEMBLY_PLATE-1__PICKEDSET2","ROCK","",  -995.636E-03,      -1.65490,      -1.65437,  -996.165E-03,   18.6602E-03
F:/Desktop/DeepOnet_Abaqus/StaticElasticJob6.odb,Step-1,Increment      1: Step Time =    1.000,"PLATE-1",           867,             1,      -1.27141,      -1.32015,            0.,"ASSEMBLY_PLATE-1__PICKEDSET2","ROCK","",  -995.405E-03,      -1.65421,      -1.65351,  -996.102E-03,   21.4220E-03
F:/Desktop/DeepOnet_Abaqus/StaticElasticJob6.odb,Step-1,Increment      1: Step Time =    1.000,"PLATE-1",           868,             1,      -1.35839,      -1.27511,            0.,"ASSEMBLY_PLATE-1__PICKEDSET2","ROCK","",  -996.270E-03,      -1.65108,      -1.65030,  -997.053E-03,   22.6316E-03
F:/Desktop/DeepOnet_Abaqus/StaticElasticJob6.odb,Step-1,Increment      1: Step Time =    1.000,"PLATE-1",           869,             1,      -1.23641,      -1.18702,            0.,"ASSEMBLY_PLATE-1__PICKEDSET2","ROCK","",  -994.995E-03,      -1.65404,      -1.65304,  -995.994E-03,   25.6440E-03
F:/Desktop/DeepOnet_Abaqus/StaticElasticJob6.odb,Step-1,Increment      1: Step Time =    1.000,"PLATE-1",           870,             1,      -1.15332,      -1.56249,            0.,"ASSEMBLY_PLATE-1__PICKEDSET2","ROCK","",  -996.059E-03,      -1.65623,      -1.65590,  -996.392E-03,   14.8147E-03
F:/Desktop/DeepOnet_Abaqus/StaticElasticJob6.odb,Step-1,Increment      1: Step Time =    1.000,"PLATE-1",           871,             1,      -1.07254,      -1.47388,            0.,"ASSEMBLY_PLATE-1__PICKEDSET2","ROCK","",  -995.049E-03,      -1.65885,      -1.65844,  -995.454E-03,   16.3733E-03
F:/Desktop/DeepOnet_Abaqus/StaticElasticJob6.odb,Step-1,Increment      1: Step Time =    1.000,"PLATE-1",           872,             1,  -983.418E-03,      -1.45336,            0.,"ASSEMBLY_PLATE-1__PICKEDSET2","ROCK","",  -994.465E-03,      -1.66183,      -1.66145,  -994.846E-03,   15.9463E-03
F:/Desktop/DeepOnet_Abaqus/StaticElasticJob6.odb,Step-1,Increment      1: Step Time =    1.000,"PLATE-1",           873,             1,  -155.942E-03,      -1.55114,            0.,"ASSEMBLY_PLATE-1__PICKEDSET2","ROCK","",  -999.446E-03,      -1.67293,      -1.67293,  -999.451E-03,   1.84124E-03
F:/Desktop/DeepOnet_Abaqus/StaticElasticJob6.odb,Step-1,Increment      1: Step Time =    1.000,"PLATE-1",           874,             1,  -56.4914E-03,      -1.55114,            0.,"ASSEMBLY_PLATE-1__PICKEDSET2","ROCK","",  -999.807E-03,      -1.67352,      -1.67352,  -999.807E-03,   166.458E-06
F:/Desktop/DeepOnet_Abaqus/StaticElasticJob6.odb,Step-1,Increment      1: Step Time =    1.000,"PLATE-1",           875,             1,  -77.2475E-03,      -1.34833,            0.,"ASSEMBLY_PLATE-1__PICKEDSET2","ROCK","",  -995.852E-03,      -1.68479,      -1.68479,  -995.856E-03,   1.61661E-03
F:/Desktop/DeepOnet_Abaqus/StaticElasticJob6.odb,Step-1,Increment      1: Step Time =    1.000,"PLATE-1",           876,             1,  -35.0720E-03,      -1.18104,            0.,"ASSEMBLY_PLATE-1__PICKEDSET2","ROCK","",  -990.867E-03,      -1.69860,      -1.69860,  -990.869E-03,   1.04042E-03
F:/Desktop/DeepOnet_Abaqus/StaticElasticJob6.odb,Step-1,Increment      1: Step Time =    1.000,"PLATE-1",           877,             1,  -145.428E-03,      -1.08105,            0.,"ASSEMBLY_PLATE-1__PICKEDSET2","ROCK","",  -985.882E-03,      -1.70715,      -1.70706,  -985.971E-03,   7.98803E-03
F:/Desktop/DeepOnet_Abaqus/StaticElasticJob6.odb,Step-1,Increment      1: Step Time =    1.000,"PLATE-1",           878,             1,  -12.7129E-03,  -915.898E-03,            0.,"ASSEMBLY_PLATE-1__PICKEDSET2","ROCK","",  -973.770E-03,      -1.73623,      -1.73623,  -973.776E-03,   2.16547E-03
F:/Desktop/DeepOnet_Abaqus/StaticElasticJob6.odb,Step-1,Increment      1: Step Time =    1.000,"PLATE-1",           879,             1,   43.4716E-03,      -1.55212,            0.,"ASSEMBLY_PLATE-1__PICKEDSET2","ROCK","",      -1.00037,      -1.67407,      -1.67407,      -1.00038,  -1.08009E-03
F:/Desktop/DeepOnet_Abaqus/StaticElasticJob6.odb,Step-1,Increment      1: Step Time =    1.000,"PLATE-1",           880,             1,   122.903E-03,      -1.36771,            0.,"ASSEMBLY_PLATE-1__PICKEDSET2","ROCK","",  -997.302E-03,      -1.68332,      -1.68331,  -997.316E-03,  -3.07220E-03
F:/Desktop/DeepOnet_Abaqus/StaticElasticJob6.odb,Step-1,Increment      1: Step Time =    1.000,"PLATE-1",           881,             1,   107.770E-03,      -1.20424,            0.,"ASSEMBLY_PLATE-1__PICKEDSET2","ROCK","",  -992.894E-03,      -1.69510,      -1.69507,  -992.918E-03,  -4.07844E-03
F:/Desktop/DeepOnet_Abaqus/StaticElasticJob6.odb,Step-1,Increment      1: Step Time =    1.000,"PLATE-1",           882,             1,   105.207E-03,      -1.05176,            0.,"ASSEMBLY_PLATE-1__PICKEDSET2","ROCK","",  -985.455E-03,      -1.71295,      -1.71290,  -985.509E-03,  -6.26011E-03
F:/Desktop/DeepOnet_Abaqus/StaticElasticJob6.odb,Step-1,Increment      1: Step Time =    1.000,"PLATE-1",           883,             1,   51.5614E-03,  -904.555E-03,            0.,"ASSEMBLY_PLATE-1__PICKEDSET2","ROCK","",  -973.024E-03,      -1.73905,      -1.73901,  -973.059E-03,  -5.15252E-03
F:/Desktop/DeepOnet_Abaqus/StaticElasticJob6.odb,Step-1,Increment      1: Step Time =    1.000,"PLATE-1",           884,             1,   692.389E-03,      -1.36906,            0.,"ASSEMBLY_PLATE-1__PICKEDSET2","ROCK","",  -998.989E-03,      -1.67275,      -1.67250,  -999.245E-03,  -13.1362E-03
F:/Desktop/DeepOnet_Abaqus/StaticElasticJob6.odb,Step-1,Increment      1: Step Time =    1.000,"PLATE-1",           885,             1,   842.789E-03,      -1.55857,            0.,"ASSEMBLY_PLATE-1__PICKEDSET2","ROCK","",      -1.00092,      -1.66445,      -1.66429,      -1.00108,  -10.2691E-03
F:/Desktop/DeepOnet_Abaqus/StaticElasticJob6.odb,Step-1,Increment      1: Step Time =    1.000,"PLATE-1",           886,             1,   653.657E-03,      -1.55730,            0.,"ASSEMBLY_PLATE-1__PICKEDSET2","ROCK","",      -1.00095,      -1.66766,      -1.66755,      -1.00107,  -8.78021E-03
F:/Desktop/DeepOnet_Abaqus/StaticElasticJob6.odb,Step-1,Increment      1: Step Time =    1.000,"PLATE-1",           887,             1,       1.55605,      -1.15870,            0.,"ASSEMBLY_PLATE-1__PICKEDSET2","ROCK","",      -1.00019,      -1.65412,      -1.65358,      -1.00073,  -18.8460E-03
F:/Desktop/DeepOnet_Abaqus/StaticElasticJob6.odb,Step-1,Increment      1: Step Time =    1.000,"PLATE-1",           888,             1,       1.44113,      -1.09928,            0.,"ASSEMBLY_PLATE-1__PICKEDSET2","ROCK","",      -1.00090,      -1.65550,      -1.65486,      -1.00154,  -20.4149E-03
F:/Desktop/DeepOnet_Abaqus/StaticElasticJob6.odb,Step-1,Increment      1: Step Time =    1.000,"PLATE-1",           889,             1,       1.29905,  -980.863E-03,            0.,"ASSEMBLY_PLATE-1__PICKEDSET2","ROCK","",      -1.00214,      -1.65727,      -1.65638,      -1.00303,  -24.0776E-03
F:/Desktop/DeepOnet_Abaqus/StaticElasticJob6.odb,Step-1,Increment      1: Step Time =    1.000,"PLATE-1",           890,             1,       1.18134,  -837.584E-03,            0.,"ASSEMBLY_PLATE-1__PICKEDSET2","ROCK","",      -1.00459,      -1.65742,      -1.65601,      -1.00600,  -30.2476E-03
F:/Desktop/DeepOnet_Abaqus/StaticElasticJob6.odb,Step-1,Increment      1: Step Time =    1.000,"PLATE-1",           891,             1,       1.11474,  -634.273E-03,            0.,"ASSEMBLY_PLATE-1__PICKEDSET2","ROCK","",      -1.01247,      -1.64929,      -1.64702,      -1.01475,  -37.9767E-03
F:/Desktop/DeepOnet_Abaqus/StaticElasticJob6.odb,Step-1,Increment      1: Step Time =    1.000,"PLATE-1",           892,             1,   906.024E-03,  -539.959E-03,            0.,"ASSEMBLY_PLATE-1__PICKEDSET2","ROCK","",      -1.01640,      -1.64819,      -1.64281,      -1.02178,  -58.0688E-03
F:/Desktop/DeepOnet_Abaqus/StaticElasticJob6.odb,Step-1,Increment      1: Step Time =    1.000,"PLATE-1",           893,             1,       1.54001,  -953.954E-03,            0.,"ASSEMBLY_PLATE-1__PICKEDSET2","ROCK","",      -1.00141,      -1.65307,      -1.65235,      -1.00213,  -21.6119E-03
F:/Desktop/DeepOnet_Abaqus/StaticElasticJob6.odb,Step-1,Increment      1: Step Time =    1.000,"PLATE-1",           894,             1,       1.38195,  -749.344E-03,            0.,"ASSEMBLY_PLATE-1__PICKEDSET2","ROCK","",      -1.00582,      -1.65071,      -1.64968,      -1.00685,  -25.7190E-03
F:/Desktop/DeepOnet_Abaqus/StaticElasticJob6.odb,Step-1,Increment      1: Step Time =    1.000,"PLATE-1",           895,             1,       1.18640,  -664.060E-03,            0.,"ASSEMBLY_PLATE-1__PICKEDSET2","ROCK","",      -1.01069,      -1.64981,      -1.64804,      -1.01245,  -33.5281E-03
F:/Desktop/DeepOnet_Abaqus/StaticElasticJob6.odb,Step-1,Increment      1: Step Time =    1.000,"PLATE-1",           896,             1,       1.01421,  -511.741E-03,            0.,"ASSEMBLY_PLATE-1__PICKEDSET2","ROCK","",      -1.02153,      -1.64064,      -1.63692,      -1.02524,  -47.8281E-03
F:/Desktop/DeepOnet_Abaqus/StaticElasticJob6.odb,Step-1,Increment      1: Step Time =    1.000,"PLATE-1",           897,             1,   862.353E-03,  -366.837E-03,            0.,"ASSEMBLY_PLATE-1__PICKEDSET2","ROCK","",      -1.03846,      -1.61986,      -1.61164,      -1.04668,  -68.6239E-03
F:/Desktop/DeepOnet_Abaqus/StaticElasticJob6.odb,Step-1,Increment      1: Step Time =    1.000,"PLATE-1",           898,             1,   669.325E-03,  -214.074E-03,            0.,"ASSEMBLY_PLATE-1__PICKEDSET2","ROCK","",      -1.07046,      -1.55818,      -1.53098,      -1.09765,  -111.905E-03
F:/Desktop/DeepOnet_Abaqus/StaticElasticJob6.odb,Step-1,Increment      1: Step Time =    1.000,"PLATE-1",           899,             1,   709.486E-03,   7.99382E-03,            0.,"ASSEMBLY_PLATE-1__PICKEDSET2","ROCK","",      -1.14929,      -1.46731,      -1.46705,      -1.14955,   9.02965E-03
F:/Desktop/DeepOnet_Abaqus/StaticElasticJob6.odb,Step-1,Increment      1: Step Time =    1.000,"PLATE-1",           900,             1,   452.798E-03,   113.454E-03,            0.,"ASSEMBLY_PLATE-1__PICKEDSET2","ROCK","",  -995.947E-03,      -1.47826,      -1.29038,      -1.18382,   235.195E-03
F:/Desktop/DeepOnet_Abaqus/StaticElasticJob6.odb,Step-1,Increment      1: Step Time =    1.000,"PLATE-1",           901,             1,       1.08005,   20.6035E-03,            0.,"ASSEMBLY_PLATE-1__PICKEDSET2","ROCK","",      -1.06400,      -1.60692,      -1.60617,      -1.06476,   20.2195E-03
F:/Desktop/DeepOnet_Abaqus/StaticElasticJob6.odb,Step-1,Increment      1: Step Time =    1.000,"PLATE-1",           902,             1,       1.24261,   46.1510E-03,            0.,"ASSEMBLY_PLATE-1__PICKEDSET2","ROCK","",      -1.02980,      -1.63563,      -1.63511,      -1.03032,   17.6387E-03
F:/Desktop/DeepOnet_Abaqus/StaticElasticJob6.odb,Step-1,Increment      1: Step Time =    1.000,"PLATE-1",           903,             1,       1.31085,   160.942E-03,            0.,"ASSEMBLY_PLATE-1__PICKEDSET2","ROCK","",      -1.00646,      -1.66081,      -1.65986,      -1.00742,   25.0110E-03
F:/Desktop/DeepOnet_Abaqus/StaticElasticJob6.odb,Step-1,Increment      1: Step Time =    1.000,"PLATE-1",           904,             1,       1.55346,   43.4197E-03,            0.,"ASSEMBLY_PLATE-1__PICKEDSET2","ROCK","",  -989.618E-03,      -1.65436,      -1.65424,  -989.743E-03,  -9.10308E-03
F:/Desktop/DeepOnet_Abaqus/StaticElasticJob6.odb,Step-1,Increment      1: Step Time =    1.000,"PLATE-1",           905,             1,       1.55249,   142.215E-03,            0.,"ASSEMBLY_PLATE-1__PICKEDSET2","ROCK","",  -981.114E-03,      -1.66046,      -1.66032,  -981.257E-03,  -9.86706E-03
F:/Desktop/DeepOnet_Abaqus/StaticElasticJob6.odb,Step-1,Increment      1: Step Time =    1.000,"PLATE-1",           906,             1,       1.55512,  -55.2973E-03,            0.,"ASSEMBLY_PLATE-1__PICKEDSET2","ROCK","",  -998.004E-03,      -1.64868,      -1.64854,  -998.138E-03,  -9.34787E-03
F:/Desktop/DeepOnet_Abaqus/StaticElasticJob6.odb,Step-1,Increment      1: Step Time =    1.000,"PLATE-1",           907,             1,       1.37083,   5.52597E-03,            0.,"ASSEMBLY_PLATE-1__PICKEDSET2","ROCK","",      -1.01151,      -1.64500,      -1.64495,      -1.01156,   5.56900E-03
F:/Desktop/DeepOnet_Abaqus/StaticElasticJob6.odb,Step-1,Increment      1: Step Time =    1.000,"PLATE-1",           908,             1,       1.21558,  -82.3532E-03,            0.,"ASSEMBLY_PLATE-1__PICKEDSET2","ROCK","",      -1.04030,      -1.62164,      -1.62162,      -1.04032,   2.65502E-03
F:/Desktop/DeepOnet_Abaqus/StaticElasticJob6.odb,Step-1,Increment      1: Step Time =    1.000,"PLATE-1",           909,             1,       1.05360,  -52.6791E-03,            0.,"ASSEMBLY_PLATE-1__PICKEDSET2","ROCK","",      -1.07075,      -1.59293,      -1.59288,      -1.07079,   4.59748E-03
F:/Desktop/DeepOnet_Abaqus/StaticElasticJob6.odb,Step-1,Increment      1: Step Time =    1.000,"PLATE-1",           910,             1,   934.192E-03,  -36.3348E-03,            0.,"ASSEMBLY_PLATE-1__PICKEDSET2","ROCK","",      -1.09400,      -1.56438,      -1.56435,      -1.09403,   3.80514E-03
F:/Desktop/DeepOnet_Abaqus/StaticElasticJob6.odb,Step-1,Increment      1: Step Time =    1.000,"PLATE-1",           911,             1,   855.190E-03,  -47.2200E-03,            0.,"ASSEMBLY_PLATE-1__PICKEDSET2","ROCK","",      -1.10974,      -1.53888,      -1.53872,      -1.10989,  -8.22012E-03
F:/Desktop/DeepOnet_Abaqus/StaticElasticJob6.odb,Step-1,Increment      1: Step Time =    1.000,"PLATE-1",           912,             1,       1.12108,  -211.486E-03,            0.,"ASSEMBLY_PLATE-1__PICKEDSET2","ROCK","",      -1.04975,      -1.60901,      -1.60847,      -1.05029,  -17.3354E-03
F:/Desktop/DeepOnet_Abaqus/StaticElasticJob6.odb,Step-1,Increment      1: Step Time =    1.000,"PLATE-1",           913,             1,       1.19249,  -227.460E-03,            0.,"ASSEMBLY_PLATE-1__PICKEDSET2","ROCK","",      -1.03900,      -1.61952,      -1.61909,      -1.03943,  -15.8158E-03
F:/Desktop/DeepOnet_Abaqus/StaticElasticJob6.odb,Step-1,Increment      1: Step Time =    1.000,"PLATE-1",           914,             1,       1.37804,  -165.329E-03,            0.,"ASSEMBLY_PLATE-1__PICKEDSET2","ROCK","",      -1.01835,      -1.63595,      -1.63586,      -1.01844,  -7.61177E-03
F:/Desktop/DeepOnet_Abaqus/StaticElasticJob6.odb,Step-1,Increment      1: Step Time =    1.000,"PLATE-1",           915,             1,       1.55460,  -252.513E-03,            0.,"ASSEMBLY_PLATE-1__PICKEDSET2","ROCK","",      -1.00548,      -1.64358,      -1.64321,      -1.00585,  -15.3481E-03
F:/Desktop/DeepOnet_Abaqus/StaticElasticJob6.odb,Step-1,Increment      1: Step Time =    1.000,"PLATE-1",           916,             1,       1.55547,  -153.997E-03,            0.,"ASSEMBLY_PLATE-1__PICKEDSET2","ROCK","",      -1.00220,      -1.64520,      -1.64496,      -1.00244,  -12.4556E-03
F:/Desktop/DeepOnet_Abaqus/StaticElasticJob6.odb,Step-1,Increment      1: Step Time =    1.000,"PLATE-1",           917,             1,       1.55016,   651.604E-03,            0.,"ASSEMBLY_PLATE-1__PICKEDSET2","ROCK","",  -899.626E-03,      -1.65689,      -1.63667,  -919.844E-03,  -122.072E-03
F:/Desktop/DeepOnet_Abaqus/StaticElasticJob6.odb,Step-1,Increment      1: Step Time =    1.000,"PLATE-1",           918,             1,       1.36127,   667.302E-03,            0.,"ASSEMBLY_PLATE-1__PICKEDSET2","ROCK","",  -829.005E-03,      -1.76806,      -1.75482,  -842.249E-03,  -110.734E-03
F:/Desktop/DeepOnet_Abaqus/StaticElasticJob6.odb,Step-1,Increment      1: Step Time =    1.000,"PLATE-1",           919,             1,       1.35306,   944.322E-03,            0.,"ASSEMBLY_PLATE-1__PICKEDSET2","ROCK","",  -697.758E-03,      -1.53294,      -1.30248,  -928.217E-03,  -373.313E-03
F:/Desktop/DeepOnet_Abaqus/StaticElasticJob6.odb,Step-1,Increment      1: Step Time =    1.000,"PLATE-1",           920,             1,       1.16380,       1.05803,            0.,"ASSEMBLY_PLATE-1__PICKEDSET2","ROCK","",  -157.385E-03,      -1.32630,  -629.350E-03,  -854.336E-03,  -573.529E-03
F:/Desktop/DeepOnet_Abaqus/StaticElasticJob6.odb,Step-1,Increment      1: Step Time =    1.000,"PLATE-1",           921,             1,       1.26052,       1.02832,            0.,"ASSEMBLY_PLATE-1__PICKEDSET2","ROCK","",  -418.446E-03,      -1.50790,      -1.01708,  -909.267E-03,  -542.052E-03
F:/Desktop/DeepOnet_Abaqus/StaticElasticJob6.odb,Step-1,Increment      1: Step Time =    1.000,"PLATE-1",           922,             1,       1.08240,   914.628E-03,            0.,"ASSEMBLY_PLATE-1__PICKEDSET2","ROCK","",  -450.005E-03,      -2.30859,      -2.03915,  -719.447E-03,  -654.357E-03
F:/Desktop/DeepOnet_Abaqus/StaticElasticJob6.odb,Step-1,Increment      1: Step Time =    1.000,"PLATE-1",           923,             1,       1.21324,       1.24410,            0.,"ASSEMBLY_PLATE-1__PICKEDSET2","ROCK","",  -210.793E-03,      -1.11303,  -217.658E-03,      -1.10616,   78.4002E-03
F:/Desktop/DeepOnet_Abaqus/StaticElasticJob6.odb,Step-1,Increment      1: Step Time =    1.000,"PLATE-1",           924,             1,       1.19187,       1.33182,            0.,"ASSEMBLY_PLATE-1__PICKEDSET2","ROCK","",  -137.039E-03,      -1.80123,  -444.146E-03,      -1.49412,   645.577E-03
F:/Desktop/DeepOnet_Abaqus/StaticElasticJob6.odb,Step-1,Increment      1: Step Time =    1.000,"PLATE-1",           925,             1,       1.23465,       1.47526,            0.,"ASSEMBLY_PLATE-1__PICKEDSET2","ROCK","",  -850.478E-03,      -2.13558,      -2.03550,  -950.563E-03,   344.386E-03
F:/Desktop/DeepOnet_Abaqus/StaticElasticJob6.odb,Step-1,Increment      1: Step Time =    1.000,"PLATE-1",           926,             1,       1.13946,       1.56228,            0.,"ASSEMBLY_PLATE-1__PICKEDSET2","ROCK","",      -1.11999,      -2.32994,      -2.32592,      -1.12400,   69.5802E-03
F:/Desktop/DeepOnet_Abaqus/StaticElasticJob6.odb,Step-1,Increment      1: Step Time =    1.000,"PLATE-1",           927,             1,       1.04357,       1.56684,            0.,"ASSEMBLY_PLATE-1__PICKEDSET2","ROCK","",      -1.15050,      -2.24660,      -2.23656,      -1.16053,   104.382E-03
F:/Desktop/DeepOnet_Abaqus/StaticElasticJob6.odb,Step-1,Increment      1: Step Time =    1.000,"PLATE-1",           928,             1,   746.511E-03,       1.54507,            0.,"ASSEMBLY_PLATE-1__PICKEDSET2","ROCK","",  -651.161E-03,      -1.91645,      -1.85610,  -711.506E-03,  -269.652E-03
F:/Desktop/DeepOnet_Abaqus/StaticElasticJob6.odb,Step-1,Increment      1: Step Time =    1.000,"PLATE-1",           929,             1,   843.303E-03,       1.31510,            0.,"ASSEMBLY_PLATE-1__PICKEDSET2","ROCK","",  -195.825E-03,      -1.40470,  -736.258E-03,  -864.272E-03,  -601.041E-03
F:/Desktop/DeepOnet_Abaqus/StaticElasticJob6.odb,Step-1,Increment      1: Step Time =    1.000,"PLATE-1",           930,             1,   798.845E-03,       1.23938,            0.,"ASSEMBLY_PLATE-1__PICKEDSET2","ROCK","",  -74.8469E-03,      -1.00712,  -284.483E-03,  -797.486E-03,  -389.219E-03
F:/Desktop/DeepOnet_Abaqus/StaticElasticJob6.odb,Step-1,Increment      1: Step Time =    1.000,"PLATE-1",           931,             1,   767.838E-03,       1.16469,            0.,"ASSEMBLY_PLATE-1__PICKEDSET2","ROCK","",  -212.819E-03,      -1.00831,  -217.608E-03,      -1.00353,  -61.5309E-03
F:/Desktop/DeepOnet_Abaqus/StaticElasticJob6.odb,Step-1,Increment      1: Step Time =    1.000,"PLATE-1",           932,             1,       1.55097,       1.55006,            0.,"ASSEMBLY_PLATE-1__PICKEDSET2","ROCK","",  -924.951E-03,      -1.72166,      -1.66918,  -977.429E-03,   197.625E-03
F:/Desktop/DeepOnet_Abaqus/StaticElasticJob6.odb,Step-1,Increment      1: Step Time =    1.000,"PLATE-1",           933,             1,       1.55440,       1.45216,            0.,"ASSEMBLY_PLATE-1__PICKEDSET2","ROCK","",  -918.315E-03,      -1.65271,      -1.56914,      -1.00189,   233.216E-03
F:/Desktop/DeepOnet_Abaqus/StaticElasticJob6.odb,Step-1,Increment      1: Step Time =    1.000,"PLATE-1",           934,             1,       1.46544,       1.45245,            0.,"ASSEMBLY_PLATE-1__PICKEDSET2","ROCK","",  -878.807E-03,      -1.71718,      -1.58924,      -1.00675,   301.484E-03
F:/Desktop/DeepOnet_Abaqus/StaticElasticJob6.odb,Step-1,Increment      1: Step Time =    1.000,"PLATE-1",           935,             1,       1.40172,       1.41251,            0.,"ASSEMBLY_PLATE-1__PICKEDSET2","ROCK","",  -846.645E-03,      -1.68492,      -1.51525,      -1.01632,   336.814E-03
F:/Desktop/DeepOnet_Abaqus/StaticElasticJob6.odb,Step-1,Increment      1: Step Time =    1.000,"PLATE-1",           936,             1,       1.43642,       1.28317,            0.,"ASSEMBLY_PLATE-1__PICKEDSET2","ROCK","",  -896.972E-03,      -1.43162,      -1.14054,      -1.18805,   266.267E-03
F:/Desktop/DeepOnet_Abaqus/StaticElasticJob6.odb,Step-1,Increment      1: Step Time =    1.000,"PLATE-1",           937,             1,       1.37598,       1.06560,            0.,"ASSEMBLY_PLATE-1__PICKEDSET2","ROCK","",  -801.302E-03,      -1.33832,      -1.05379,      -1.08583,  -268.030E-03
F:/Desktop/DeepOnet_Abaqus/StaticElasticJob6.odb,Step-1,Increment      1: Step Time =    1.000,"PLATE-1",           938,             1,       1.45565,   852.457E-03,            0.,"ASSEMBLY_PLATE-1__PICKEDSET2","ROCK","",  -828.140E-03,      -1.58659,      -1.48997,  -924.758E-03,  -252.872E-03
F:/Desktop/DeepOnet_Abaqus/StaticElasticJob6.odb,Step-1,Increment      1: Step Time =    1.000,"PLATE-1",           939,             1,       1.55165,   850.712E-03,            0.,"ASSEMBLY_PLATE-1__PICKEDSET2","ROCK","",  -923.876E-03,      -1.53165,      -1.46928,  -986.251E-03,  -184.444E-03
F:/Desktop/DeepOnet_Abaqus/StaticElasticJob6.odb,Step-1,Increment      1: Step Time =    1.000,"PLATE-1",           940,             1,       1.55088,   949.293E-03,            0.,"ASSEMBLY_PLATE-1__PICKEDSET2","ROCK","",  -962.466E-03,      -1.44393,      -1.37447,      -1.03192,  -169.162E-03
F:/Desktop/DeepOnet_Abaqus/StaticElasticJob6.odb,Step-1,Increment      1: Step Time =    1.000,"PLATE-1",           941,             1,       1.54965,       1.04758,            0.,"ASSEMBLY_PLATE-1__PICKEDSET2","ROCK","",      -1.02315,      -1.33335,      -1.25750,      -1.09901,  -133.326E-03
F:/Desktop/DeepOnet_Abaqus/StaticElasticJob6.odb,Step-1,Increment      1: Step Time =    1.000,"PLATE-1",           942,             1,       1.45387,       1.04171,            0.,"ASSEMBLY_PLATE-1__PICKEDSET2","ROCK","",  -940.972E-03,      -1.35749,      -1.21947,      -1.07900,  -196.061E-03
F:/Desktop/DeepOnet_Abaqus/StaticElasticJob6.odb,Step-1,Increment      1: Step Time =    1.000,"PLATE-1",           943,             1,       1.35859,       1.33891,            0.,"ASSEMBLY_PLATE-1__PICKEDSET2","ROCK","",  -726.692E-03,      -1.65208,      -1.27747,      -1.10129,   454.228E-03
F:/Desktop/DeepOnet_Abaqus/StaticElasticJob6.odb,Step-1,Increment      1: Step Time =    1.000,"PLATE-1",           944,             1,       1.34727,       1.54942,            0.,"ASSEMBLY_PLATE-1__PICKEDSET2","ROCK","",  -876.518E-03,      -1.90772,      -1.86030,  -923.937E-03,   215.988E-03
F:/Desktop/DeepOnet_Abaqus/StaticElasticJob6.odb,Step-1,Increment      1: Step Time =    1.000,"PLATE-1",           945,             1,   648.592E-03,       1.55307,            0.,"ASSEMBLY_PLATE-1__PICKEDSET2","ROCK","",  -728.350E-03,      -1.76873,      -1.68611,  -810.967E-03,  -281.297E-03
F:/Desktop/DeepOnet_Abaqus/StaticElasticJob6.odb,Step-1,Increment      1: Step Time =    1.000,"PLATE-1",           946,             1,   670.603E-03,       1.38321,            0.,"ASSEMBLY_PLATE-1__PICKEDSET2","ROCK","",  -555.056E-03,      -1.60502,      -1.24255,  -917.533E-03,  -499.199E-03
F:/Desktop/DeepOnet_Abaqus/StaticElasticJob6.odb,Step-1,Increment      1: Step Time =    1.000,"PLATE-1",           947,             1,   633.634E-03,       1.19609,            0.,"ASSEMBLY_PLATE-1__PICKEDSET2","ROCK","",  -726.306E-03,      -1.21866,  -736.702E-03,      -1.20827,  -70.7874E-03
F:/Desktop/DeepOnet_Abaqus/StaticElasticJob6.odb,Step-1,Increment      1: Step Time =    1.000,"PLATE-1",           948,             1,   717.007E-03,       1.10957,            0.,"ASSEMBLY_PLATE-1__PICKEDSET2","ROCK","",  -456.961E-03,      -1.22141,  -493.609E-03,      -1.18476,   163.318E-03
F:/Desktop/DeepOnet_Abaqus/StaticElasticJob6.odb,Step-1,Increment      1: Step Time =    1.000,"PLATE-1",           949,             1,   777.237E-03,       1.02092,            0.,"ASSEMBLY_PLATE-1__PICKEDSET2","ROCK","",  -151.233E-03,      -1.73003,  -521.368E-03,      -1.35989,   668.856E-03
F:/Desktop/DeepOnet_Abaqus/StaticElasticJob6.odb,Step-1,Increment      1: Step Time =    1.000,"PLATE-1",           950,             1,   552.594E-03,       1.55380,            0.,"ASSEMBLY_PLATE-1__PICKEDSET2","ROCK","",  -801.244E-03,      -1.69483,      -1.62626,  -869.812E-03,  -237.844E-03
F:/Desktop/DeepOnet_Abaqus/StaticElasticJob6.odb,Step-1,Increment      1: Step Time =    1.000,"PLATE-1",           951,             1,   488.574E-03,       1.33112,            0.,"ASSEMBLY_PLATE-1__PICKEDSET2","ROCK","",  -943.843E-03,      -1.38310,      -1.25072,      -1.07622,  -201.554E-03
F:/Desktop/DeepOnet_Abaqus/StaticElasticJob6.odb,Step-1,Increment      1: Step Time =    1.000,"PLATE-1",           952,             1,   248.080E-03,       1.55652,            0.,"ASSEMBLY_PLATE-1__PICKEDSET2","ROCK","",  -968.053E-03,      -1.57485,      -1.54713,  -995.771E-03,  -126.693E-03
F:/Desktop/DeepOnet_Abaqus/StaticElasticJob6.odb,Step-1,Increment      1: Step Time =    1.000,"PLATE-1",           953,             1,   349.646E-03,       1.54641,            0.,"ASSEMBLY_PLATE-1__PICKEDSET2","ROCK","",  -933.474E-03,      -1.58222,      -1.53856,  -977.140E-03,  -162.547E-03
F:/Desktop/DeepOnet_Abaqus/StaticElasticJob6.odb,Step-1,Increment      1: Step Time =    1.000,"PLATE-1",           954,             1,   560.582E-03,       1.46333,            0.,"ASSEMBLY_PLATE-1__PICKEDSET2","ROCK","",  -769.610E-03,      -1.63711,      -1.49901,  -907.707E-03,  -317.378E-03
F:/Desktop/DeepOnet_Abaqus/StaticElasticJob6.odb,Step-1,Increment      1: Step Time =    1.000,"PLATE-1",           955,             1,  -246.093E-03,       1.56307,            0.,"ASSEMBLY_PLATE-1__PICKEDSET2","ROCK","",      -1.01788,      -1.58989,      -1.58727,      -1.02049,  -38.6038E-03
F:/Desktop/DeepOnet_Abaqus/StaticElasticJob6.odb,Step-1,Increment      1: Step Time =    1.000,"PLATE-1",           956,             1,  -234.847E-03,       1.48811,            0.,"ASSEMBLY_PLATE-1__PICKEDSET2","ROCK","",      -1.02376,      -1.58085,      -1.57890,      -1.02571,  -32.9187E-03
F:/Desktop/DeepOnet_Abaqus/StaticElasticJob6.odb,Step-1,Increment      1: Step Time =    1.000,"PLATE-1",           957,             1,  -393.869E-03,       1.37910,            0.,"ASSEMBLY_PLATE-1__PICKEDSET2","ROCK","",      -1.02368,      -1.59275,      -1.59243,      -1.02400,  -13.5638E-03
F:/Desktop/DeepOnet_Abaqus/StaticElasticJob6.odb,Step-1,Increment      1: Step Time =    1.000,"PLATE-1",           958,             1,  -429.282E-03,       1.13199,            0.,"ASSEMBLY_PLATE-1__PICKEDSET2","ROCK","",      -1.01556,      -1.61279,      -1.61264,      -1.01571,   9.46925E-03
F:/Desktop/DeepOnet_Abaqus/StaticElasticJob6.odb,Step-1,Increment      1: Step Time =    1.000,"PLATE-1",           959,             1,  -382.157E-03,   924.791E-03,            0.,"ASSEMBLY_PLATE-1__PICKEDSET2","ROCK","",  -998.694E-03,      -1.64493,      -1.64423,  -999.390E-03,   21.2078E-03
F:/Desktop/DeepOnet_Abaqus/StaticElasticJob6.odb,Step-1,Increment      1: Step Time =    1.000,"PLATE-1",           960,             1,  -374.659E-03,   778.605E-03,            0.,"ASSEMBLY_PLATE-1__PICKEDSET2","ROCK","",  -975.710E-03,      -1.68262,      -1.68226,  -976.066E-03,   15.8636E-03
F:/Desktop/DeepOnet_Abaqus/StaticElasticJob6.odb,Step-1,Increment      1: Step Time =    1.000,"PLATE-1",           961,             1,  -441.210E-03,       1.55723,            0.,"ASSEMBLY_PLATE-1__PICKEDSET2","ROCK","",      -1.01537,      -1.60212,      -1.60089,      -1.01661,  -26.9088E-03
F:/Desktop/DeepOnet_Abaqus/StaticElasticJob6.odb,Step-1,Increment      1: Step Time =    1.000,"PLATE-1",           962,             1,  -515.832E-03,       1.46355,            0.,"ASSEMBLY_PLATE-1__PICKEDSET2","ROCK","",      -1.01675,      -1.60332,      -1.60275,      -1.01732,  -18.2670E-03
F:/Desktop/DeepOnet_Abaqus/StaticElasticJob6.odb,Step-1,Increment      1: Step Time =    1.000,"PLATE-1",           963,             1,  -533.943E-03,       1.27494,            0.,"ASSEMBLY_PLATE-1__PICKEDSET2","ROCK","",      -1.01554,      -1.60725,      -1.60719,      -1.01559,  -5.67933E-03
F:/Desktop/DeepOnet_Abaqus/StaticElasticJob6.odb,Step-1,Increment      1: Step Time =    1.000,"PLATE-1",           964,             1,  -570.175E-03,       1.18611,            0.,"ASSEMBLY_PLATE-1__PICKEDSET2","ROCK","",      -1.01113,      -1.61444,      -1.61443,      -1.01114,  -1.94820E-03
F:/Desktop/DeepOnet_Abaqus/StaticElasticJob6.odb,Step-1,Increment      1: Step Time =    1.000,"PLATE-1",           965,             1,  -458.321E-03,   949.592E-03,            0.,"ASSEMBLY_PLATE-1__PICKEDSET2","ROCK","",  -997.575E-03,      -1.64151,      -1.64123,  -997.854E-03,   13.3890E-03
F:/Desktop/DeepOnet_Abaqus/StaticElasticJob6.odb,Step-1,Increment      1: Step Time =    1.000,"PLATE-1",           966,             1,  -491.798E-03,   827.625E-03,            0.,"ASSEMBLY_PLATE-1__PICKEDSET2","ROCK","",  -980.432E-03,      -1.66218,      -1.66217,  -980.440E-03,   2.29624E-03
F:/Desktop/DeepOnet_Abaqus/StaticElasticJob6.odb,Step-1,Increment      1: Step Time =    1.000,"PLATE-1",           967,             1,  -453.999E-03,   618.716E-03,            0.,"ASSEMBLY_PLATE-1__PICKEDSET2","ROCK","",  -944.196E-03,      -1.70680,      -1.70543,  -945.571E-03,  -32.3582E-03
F:/Desktop/DeepOnet_Abaqus/StaticElasticJob6.odb,Step-1,Increment      1: Step Time =    1.000,"PLATE-1",           968,             1,  -488.783E-03,   658.436E-03,            0.,"ASSEMBLY_PLATE-1__PICKEDSET2","ROCK","",  -955.435E-03,      -1.68808,      -1.68723,  -956.285E-03,  -24.9502E-03
F:/Desktop/DeepOnet_Abaqus/StaticElasticJob6.odb,Step-1,Increment      1: Step Time =    1.000,"PLATE-1",           969,             1,  -638.739E-03,       1.55129,            0.,"ASSEMBLY_PLATE-1__PICKEDSET2","ROCK","",      -1.01129,      -1.61209,      -1.61136,      -1.01202,  -20.8840E-03
F:/Desktop/DeepOnet_Abaqus/StaticElasticJob6.odb,Step-1,Increment      1: Step Time =    1.000,"PLATE-1",           970,             1,  -732.625E-03,       1.29088,            0.,"ASSEMBLY_PLATE-1__PICKEDSET2","ROCK","",      -1.00912,      -1.61615,      -1.61597,      -1.00930,  -10.5336E-03
F:/Desktop/DeepOnet_Abaqus/StaticElasticJob6.odb,Step-1,Increment      1: Step Time =    1.000,"PLATE-1",           971,             1,  -627.799E-03,       1.18892,            0.,"ASSEMBLY_PLATE-1__PICKEDSET2","ROCK","",      -1.00921,      -1.61686,      -1.61682,      -1.00924,  -4.70091E-03
F:/Desktop/DeepOnet_Abaqus/StaticElasticJob6.odb,Step-1,Increment      1: Step Time =    1.000,"PLATE-1",           972,             1,  -565.093E-03,       1.10881,            0.,"ASSEMBLY_PLATE-1__PICKEDSET2","ROCK","",      -1.00743,      -1.62083,      -1.62083,      -1.00743,   901.176E-06
F:/Desktop/DeepOnet_Abaqus/StaticElasticJob6.odb,Step-1,Increment      1: Step Time =    1.000,"PLATE-1",           973,             1,  -657.137E-03,   936.092E-03,            0.,"ASSEMBLY_PLATE-1__PICKEDSET2","ROCK","",  -993.387E-03,      -1.63634,      -1.63627,  -993.454E-03,  -6.57588E-03
F:/Desktop/DeepOnet_Abaqus/StaticElasticJob6.odb,Step-1,Increment      1: Step Time =    1.000,"PLATE-1",           974,             1,  -571.548E-03,   741.298E-03,            0.,"ASSEMBLY_PLATE-1__PICKEDSET2","ROCK","",  -972.327E-03,      -1.66201,      -1.66145,  -972.885E-03,  -19.6026E-03
F:/Desktop/DeepOnet_Abaqus/StaticElasticJob6.odb,Step-1,Increment      1: Step Time =    1.000,"PLATE-1",           975,             1,  -672.781E-03,   830.525E-03,            0.,"ASSEMBLY_PLATE-1__PICKEDSET2","ROCK","",  -985.237E-03,      -1.64366,      -1.64328,  -985.614E-03,  -15.7595E-03
F:/Desktop/DeepOnet_Abaqus/StaticElasticJob6.odb,Step-1,Increment      1: Step Time =    1.000,"PLATE-1",           976,             1,      -1.06994,       1.14980,            0.,"ASSEMBLY_PLATE-1__PICKEDSET2","ROCK","",      -1.00511,      -1.62046,      -1.62005,      -1.00552,  -15.9199E-03
F:/Desktop/DeepOnet_Abaqus/StaticElasticJob6.odb,Step-1,Increment      1: Step Time =    1.000,"PLATE-1",           977,             1,      -1.01118,       1.21379,            0.,"ASSEMBLY_PLATE-1__PICKEDSET2","ROCK","",      -1.00546,      -1.62050,      -1.62013,      -1.00583,  -15.0359E-03
F:/Desktop/DeepOnet_Abaqus/StaticElasticJob6.odb,Step-1,Increment      1: Step Time =    1.000,"PLATE-1",           978,             1,      -1.06724,       1.31190,            0.,"ASSEMBLY_PLATE-1__PICKEDSET2","ROCK","",      -1.00630,      -1.62034,      -1.61994,      -1.00670,  -15.6619E-03
F:/Desktop/DeepOnet_Abaqus/StaticElasticJob6.odb,Step-1,Increment      1: Step Time =    1.000,"PLATE-1",           979,             1,  -940.679E-03,       1.54939,            0.,"ASSEMBLY_PLATE-1__PICKEDSET2","ROCK","",      -1.00722,      -1.61975,      -1.61919,      -1.00778,  -18.4207E-03
F:/Desktop/DeepOnet_Abaqus/StaticElasticJob6.odb,Step-1,Increment      1: Step Time =    1.000,"PLATE-1",           980,             1,  -821.920E-03,       1.45657,            0.,"ASSEMBLY_PLATE-1__PICKEDSET2","ROCK","",      -1.00856,      -1.61683,      -1.61638,      -1.00900,  -16.4075E-03
F:/Desktop/DeepOnet_Abaqus/StaticElasticJob6.odb,Step-1,Increment      1: Step Time =    1.000,"PLATE-1",           981,             1,  -614.106E-03,       1.45306,            0.,"ASSEMBLY_PLATE-1__PICKEDSET2","ROCK","",      -1.01312,      -1.60890,      -1.60844,      -1.01358,  -16.6600E-03
F:/Desktop/DeepOnet_Abaqus/StaticElasticJob6.odb,Step-1,Increment      1: Step Time =    1.000,"PLATE-1",           982,             1,      -1.03993,       1.54546,            0.,"ASSEMBLY_PLATE-1__PICKEDSET2","ROCK","",      -1.00666,      -1.62183,      -1.62130,      -1.00719,  -18.0616E-03
F:/Desktop/DeepOnet_Abaqus/StaticElasticJob6.odb,Step-1,Increment      1: Step Time =    1.000,"PLATE-1",           983,             1,      -1.10767,       1.42327,            0.,"ASSEMBLY_PLATE-1__PICKEDSET2","ROCK","",      -1.00671,      -1.62135,      -1.62090,      -1.00716,  -16.6133E-03
F:/Desktop/DeepOnet_Abaqus/StaticElasticJob6.odb,Step-1,Increment      1: Step Time =    1.000,"PLATE-1",           984,             1,      -1.34740,       1.53087,            0.,"ASSEMBLY_PLATE-1__PICKEDSET2","ROCK","",      -1.00660,      -1.62367,      -1.62322,      -1.00705,  -16.6050E-03
F:/Desktop/DeepOnet_Abaqus/StaticElasticJob6.odb,Step-1,Increment      1: Step Time =    1.000,"PLATE-1",           985,             1,      -1.36519,       1.40934,            0.,"ASSEMBLY_PLATE-1__PICKEDSET2","ROCK","",      -1.00734,      -1.62226,      -1.62184,      -1.00776,  -16.1083E-03
F:/Desktop/DeepOnet_Abaqus/StaticElasticJob6.odb,Step-1,Increment      1: Step Time =    1.000,"PLATE-1",           986,             1,       1.03389,       1.50491,            0.,"ASSEMBLY_PLATE-1__PICKEDSET2","ROCK","",      -1.10592,      -2.84830,      -2.83562,      -1.11860,   148.125E-03
F:/Desktop/DeepOnet_Abaqus/StaticElasticJob6.odb,Step-1,Increment      1: Step Time =    1.000,"PLATE-1",           987,             1,       1.10660,       1.49856,            0.,"ASSEMBLY_PLATE-1__PICKEDSET2","ROCK","",      -1.15959,      -2.53122,      -2.50736,      -1.18345,   179.318E-03
F:/Desktop/DeepOnet_Abaqus/StaticElasticJob6.odb,Step-1,Increment      1: Step Time =    1.000,"PLATE-1",           988,             1,   902.703E-03,       1.38120,            0.,"ASSEMBLY_PLATE-1__PICKEDSET2","ROCK","",  -70.8240E-03,      -2.10240,      -1.37565,  -797.575E-03,  -973.798E-03
F:/Desktop/DeepOnet_Abaqus/StaticElasticJob6.odb,Step-1,Increment      1: Step Time =    1.000,"PLATE-1",           989,             1,   732.453E-03,       1.31235,            0.,"ASSEMBLY_PLATE-1__PICKEDSET2","ROCK","",  -436.808E-03,      -1.44540,  -908.626E-03,  -973.587E-03,  -503.251E-03
F:/Desktop/DeepOnet_Abaqus/StaticElasticJob6.odb,Step-1,Increment      1: Step Time =    1.000,"PLATE-1",           990,             1,       1.16191,       1.40036,            0.,"ASSEMBLY_PLATE-1__PICKEDSET2","ROCK","",  -421.838E-03,      -3.09408,      -2.01159,      -1.50433,       1.31183
F:/Desktop/DeepOnet_Abaqus/StaticElasticJob6.odb,Step-1,Increment      1: Step Time =    1.000,"PLATE-1",           991,             1,       1.25394,       1.34781,            0.,"ASSEMBLY_PLATE-1__PICKEDSET2","ROCK","",  -376.399E-03,      -1.94016,      -1.14541,      -1.17115,   781.775E-03
F:/Desktop/DeepOnet_Abaqus/StaticElasticJob6.odb,Step-1,Increment      1: Step Time =    1.000,"PLATE-1",           992,             1,  -223.313E-03,  -145.460E-03,            0.,"ASSEMBLY_PLATE-1__PICKEDSET2","ROCK","",  -445.211E-03,      -2.85902,      -1.26413,      -2.04010,       1.14284
F:/Desktop/DeepOnet_Abaqus/StaticElasticJob6.odb,Step-1,Increment      1: Step Time =    1.000,"PLATE-1",           993,             1,  -249.416E-03,  -44.4222E-03,            0.,"ASSEMBLY_PLATE-1__PICKEDSET2","ROCK","",  -202.252E-03,      -1.39748,  -205.975E-03,      -1.39376,   66.6097E-03
F:/Desktop/DeepOnet_Abaqus/StaticElasticJob6.odb,Step-1,Increment      1: Step Time =    1.000,"PLATE-1",           994,             1,  -244.894E-03,  -20.3755E-03,            0.,"ASSEMBLY_PLATE-1__PICKEDSET2","ROCK","",  -160.217E-03,      -1.32188,  -165.373E-03,      -1.31673,  -77.2189E-03
F:/Desktop/DeepOnet_Abaqus/StaticElasticJob6.odb,Step-1,Increment      1: Step Time =    1.000,"PLATE-1",           995,             1,  -179.304E-03,   117.514E-03,            0.,"ASSEMBLY_PLATE-1__PICKEDSET2","ROCK","",  -89.0101E-03,      -1.92485,  -864.144E-03,      -1.14971,  -906.745E-03
F:/Desktop/DeepOnet_Abaqus/StaticElasticJob6.odb,Step-1,Increment      1: Step Time =    1.000,"PLATE-1",           996,             1,  -166.791E-03,   134.771E-03,            0.,"ASSEMBLY_PLATE-1__PICKEDSET2","ROCK","",  -121.878E-03,      -2.09915,      -1.12472,      -1.09631,  -988.535E-03
F:/Desktop/DeepOnet_Abaqus/StaticElasticJob6.odb,Step-1,Increment      1: Step Time =    1.000,"PLATE-1",           997,             1,  -109.037E-03,   187.622E-03,            0.,"ASSEMBLY_PLATE-1__PICKEDSET2","ROCK","",  -169.241E-03,      -2.90744,      -2.35712,  -719.558E-03,      -1.09728
F:/Desktop/DeepOnet_Abaqus/StaticElasticJob6.odb,Step-1,Increment      1: Step Time =    1.000,"PLATE-1",           998,             1,  -583.211E-03,   332.520E-03,            0.,"ASSEMBLY_PLATE-1__PICKEDSET2","ROCK","",  -969.599E-03,      -1.59517,      -1.56136,      -1.00341,  -141.448E-03
F:/Desktop/DeepOnet_Abaqus/StaticElasticJob6.odb,Step-1,Increment      1: Step Time =    1.000,"PLATE-1",           999,             1,  -782.067E-03,   354.396E-03,            0.,"ASSEMBLY_PLATE-1__PICKEDSET2","ROCK","",      -1.01794,      -1.56622,      -1.55613,      -1.02803,  -73.6908E-03
F:/Desktop/DeepOnet_Abaqus/StaticElasticJob6.odb,Step-1,Increment      1: Step Time =    1.000,"PLATE-1",          1000,             1,  -900.566E-03,   412.963E-03,            0.,"ASSEMBLY_PLATE-1__PICKEDSET2","ROCK","",      -1.01852,      -1.57967,      -1.57515,      -1.02304,  -50.1328E-03
F:/Desktop/DeepOnet_Abaqus/StaticElasticJob6.odb,Step-1,Increment      1: Step Time =    1.000,"PLATE-1",          1001,             1,      -1.03285,   356.607E-03,            0.,"ASSEMBLY_PLATE-1__PICKEDSET2","ROCK","",      -1.03140,      -1.57033,      -1.56853,      -1.03320,  -31.0856E-03
F:/Desktop/DeepOnet_Abaqus/StaticElasticJob6.odb,Step-1,Increment      1: Step Time =    1.000,"PLATE-1",          1002,             1,      -1.30919,   231.437E-03,            0.,"ASSEMBLY_PLATE-1__PICKEDSET2","ROCK","",      -1.03436,      -1.57871,      -1.57869,      -1.03438,  -3.44344E-03
F:/Desktop/DeepOnet_Abaqus/StaticElasticJob6.odb,Step-1,Increment      1: Step Time =    1.000,"PLATE-1",          1003,             1,   206.792E-03,   84.4913E-03,            0.,"ASSEMBLY_PLATE-1__PICKEDSET2","ROCK","",  -152.084E-03,      -1.72683,  -619.083E-03,      -1.25983,   719.246E-03
F:/Desktop/DeepOnet_Abaqus/StaticElasticJob6.odb,Step-1,Increment      1: Step Time =    1.000,"PLATE-1",          1004,             1,       1.55089,  -450.620E-03,            0.,"ASSEMBLY_PLATE-1__PICKEDSET2","ROCK","",      -1.00646,      -1.64452,      -1.64385,      -1.00713,  -20.6774E-03
F:/Desktop/DeepOnet_Abaqus/StaticElasticJob6.odb,Step-1,Increment      1: Step Time =    1.000,"PLATE-1",          1005,             1,       1.55301,  -351.213E-03,            0.,"ASSEMBLY_PLATE-1__PICKEDSET2","ROCK","",      -1.00622,      -1.64335,      -1.64284,      -1.00673,  -18.0405E-03
F:/Desktop/DeepOnet_Abaqus/StaticElasticJob6.odb,Step-1,Increment      1: Step Time =    1.000,"PLATE-1",          1006,             1,       1.45921,  -350.961E-03,            0.,"ASSEMBLY_PLATE-1__PICKEDSET2","ROCK","",      -1.01208,      -1.64035,      -1.63983,      -1.01260,  -18.1077E-03
F:/Desktop/DeepOnet_Abaqus/StaticElasticJob6.odb,Step-1,Increment      1: Step Time =    1.000,"PLATE-1",          1007,             1,       1.17052,  -344.551E-03,            0.,"ASSEMBLY_PLATE-1__PICKEDSET2","ROCK","",      -1.03297,      -1.62447,      -1.62314,      -1.03431,  -28.0625E-03
F:/Desktop/DeepOnet_Abaqus/StaticElasticJob6.odb,Step-1,Increment      1: Step Time =    1.000,"PLATE-1",          1008,             1,       1.01615,  -376.351E-03,            0.,"ASSEMBLY_PLATE-1__PICKEDSET2","ROCK","",      -1.03678,      -1.62147,      -1.61787,      -1.04037,  -45.6902E-03
F:/Desktop/DeepOnet_Abaqus/StaticElasticJob6.odb,Step-1,Increment      1: Step Time =    1.000,"PLATE-1",          1009,             1,   926.908E-03,  -337.990E-03,            0.,"ASSEMBLY_PLATE-1__PICKEDSET2","ROCK","",      -1.04509,      -1.61123,      -1.60566,      -1.05067,  -55.9144E-03
F:/Desktop/DeepOnet_Abaqus/StaticElasticJob6.odb,Step-1,Increment      1: Step Time =    1.000,"PLATE-1",          1010,             1,       1.16773,  -496.651E-03,            0.,"ASSEMBLY_PLATE-1__PICKEDSET2","ROCK","",      -1.02088,      -1.63792,      -1.63594,      -1.02286,  -34.9025E-03
F:/Desktop/DeepOnet_Abaqus/StaticElasticJob6.odb,Step-1,Increment      1: Step Time =    1.000,"PLATE-1",          1011,             1,       1.34210,  -536.488E-03,            0.,"ASSEMBLY_PLATE-1__PICKEDSET2","ROCK","",      -1.01316,      -1.64274,      -1.64162,      -1.01428,  -26.5338E-03
F:/Desktop/DeepOnet_Abaqus/StaticElasticJob6.odb,Step-1,Increment      1: Step Time =    1.000,"PLATE-1",          1012,             1,       1.54912,  -550.438E-03,            0.,"ASSEMBLY_PLATE-1__PICKEDSET2","ROCK","",      -1.00560,      -1.64591,      -1.64513,      -1.00637,  -22.2591E-03
F:/Desktop/DeepOnet_Abaqus/StaticElasticJob6.odb,Step-1,Increment      1: Step Time =    1.000,"PLATE-1",          1013,             1,       1.35635,  -440.251E-03,            0.,"ASSEMBLY_PLATE-1__PICKEDSET2","ROCK","",      -1.01657,      -1.63867,      -1.63780,      -1.01745,  -23.3085E-03
F:/Desktop/DeepOnet_Abaqus/StaticElasticJob6.odb,Step-1,Increment      1: Step Time =    1.000,"PLATE-1",          1014,             1,       1.36408,  -346.733E-03,            0.,"ASSEMBLY_PLATE-1__PICKEDSET2","ROCK","",      -1.01827,      -1.63604,      -1.63546,      -1.01884,  -18.8699E-03
F:/Desktop/DeepOnet_Abaqus/StaticElasticJob6.odb,Step-1,Increment      1: Step Time =    1.000,"PLATE-1",          1015,             1,      -1.47423,   459.437E-03,            0.,"ASSEMBLY_PLATE-1__PICKEDSET2","ROCK","",      -1.02350,      -1.59651,      -1.59635,      -1.02366,  -9.47896E-03
F:/Desktop/DeepOnet_Abaqus/StaticElasticJob6.odb,Step-1,Increment      1: Step Time =    1.000,"PLATE-1",          1016,             1,      -1.47984,       1.33488,            0.,"ASSEMBLY_PLATE-1__PICKEDSET2","ROCK","",      -1.00829,      -1.62151,      -1.62112,      -1.00868,  -15.4056E-03
F:/Desktop/DeepOnet_Abaqus/StaticElasticJob6.odb,Step-1,Increment      1: Step Time =    1.000,"PLATE-1",          1017,             1,      -1.43156,       1.22397,            0.,"ASSEMBLY_PLATE-1__PICKEDSET2","ROCK","",      -1.00865,      -1.61981,      -1.61941,      -1.00904,  -15.4788E-03
F:/Desktop/DeepOnet_Abaqus/StaticElasticJob6.odb,Step-1,Increment      1: Step Time =    1.000,"PLATE-1",          1018,             1,      -1.18927,       1.11036,            0.,"ASSEMBLY_PLATE-1__PICKEDSET2","ROCK","",      -1.00623,      -1.61928,      -1.61882,      -1.00670,  -16.8131E-03
F:/Desktop/DeepOnet_Abaqus/StaticElasticJob6.odb,Step-1,Increment      1: Step Time =    1.000,"PLATE-1",          1019,             1,      -1.15134,   992.451E-03,            0.,"ASSEMBLY_PLATE-1__PICKEDSET2","ROCK","",      -1.00566,      -1.61814,      -1.61759,      -1.00621,  -18.3279E-03
F:/Desktop/DeepOnet_Abaqus/StaticElasticJob6.odb,Step-1,Increment      1: Step Time =    1.000,"PLATE-1",          1020,             1,  -998.575E-03,   923.898E-03,            0.,"ASSEMBLY_PLATE-1__PICKEDSET2","ROCK","",      -1.00158,      -1.62116,      -1.62053,      -1.00221,  -19.7036E-03
F:/Desktop/DeepOnet_Abaqus/StaticElasticJob6.odb,Step-1,Increment      1: Step Time =    1.000,"PLATE-1",          1021,             1,      -1.24075,       1.52921,            0.,"ASSEMBLY_PLATE-1__PICKEDSET2","ROCK","",      -1.00650,      -1.62326,      -1.62279,      -1.00697,  -17.0226E-03
F:/Desktop/DeepOnet_Abaqus/StaticElasticJob6.odb,Step-1,Increment      1: Step Time =    1.000,"PLATE-1",          1022,             1,      -1.20180,       1.40165,            0.,"ASSEMBLY_PLATE-1__PICKEDSET2","ROCK","",      -1.00671,      -1.62159,      -1.62115,      -1.00715,  -16.4165E-03
F:/Desktop/DeepOnet_Abaqus/StaticElasticJob6.odb,Step-1,Increment      1: Step Time =    1.000,"PLATE-1",          1023,             1,  -897.534E-03,       1.36328,            0.,"ASSEMBLY_PLATE-1__PICKEDSET2","ROCK","",      -1.00734,      -1.61852,      -1.61815,      -1.00770,  -14.8662E-03
F:/Desktop/DeepOnet_Abaqus/StaticElasticJob6.odb,Step-1,Increment      1: Step Time =    1.000,"PLATE-1",          1024,             1,  -801.513E-03,       1.29843,            0.,"ASSEMBLY_PLATE-1__PICKEDSET2","ROCK","",      -1.00797,      -1.61719,      -1.61695,      -1.00822,  -12.2129E-03
F:/Desktop/DeepOnet_Abaqus/StaticElasticJob6.odb,Step-1,Increment      1: Step Time =    1.000,"PLATE-1",          1025,             1,  -810.106E-03,       1.37210,            0.,"ASSEMBLY_PLATE-1__PICKEDSET2","ROCK","",      -1.00870,      -1.61695,      -1.61661,      -1.00904,  -14.3843E-03
F:/Desktop/DeepOnet_Abaqus/StaticElasticJob6.odb,Step-1,Increment      1: Step Time =    1.000,"PLATE-1",          1026,             1,  -259.818E-03,       1.30943,            0.,"ASSEMBLY_PLATE-1__PICKEDSET2","ROCK","",      -1.03307,      -1.57806,      -1.57796,      -1.03317,  -7.52730E-03
F:/Desktop/DeepOnet_Abaqus/StaticElasticJob6.odb,Step-1,Increment      1: Step Time =    1.000,"PLATE-1",          1027,             1,  -113.542E-03,       1.35172,            0.,"ASSEMBLY_PLATE-1__PICKEDSET2","ROCK","",      -1.04176,      -1.55292,      -1.55207,      -1.04261,  -20.8618E-03
F:/Desktop/DeepOnet_Abaqus/StaticElasticJob6.odb,Step-1,Increment      1: Step Time =    1.000,"PLATE-1",          1028,             1,   24.4576E-03,       1.39048,            0.,"ASSEMBLY_PLATE-1__PICKEDSET2","ROCK","",      -1.04013,      -1.53120,      -1.52634,      -1.04498,  -48.5732E-03
F:/Desktop/DeepOnet_Abaqus/StaticElasticJob6.odb,Step-1,Increment      1: Step Time =    1.000,"PLATE-1",          1029,             1,   255.826E-03,       1.29126,            0.,"ASSEMBLY_PLATE-1__PICKEDSET2","ROCK","",      -1.08175,      -1.41331,      -1.40671,      -1.08835,  -46.3023E-03
F:/Desktop/DeepOnet_Abaqus/StaticElasticJob6.odb,Step-1,Increment      1: Step Time =    1.000,"PLATE-1",          1030,             1,   216.019E-03,       1.39566,            0.,"ASSEMBLY_PLATE-1__PICKEDSET2","ROCK","",      -1.02999,      -1.49186,      -1.47219,      -1.04966,  -93.2619E-03
F:/Desktop/DeepOnet_Abaqus/StaticElasticJob6.odb,Step-1,Increment      1: Step Time =    1.000,"PLATE-1",          1031,             1,  -4.54546E-03,       1.45632,            0.,"ASSEMBLY_PLATE-1__PICKEDSET2","ROCK","",      -1.02737,      -1.55111,      -1.54547,      -1.03301,  -54.0792E-03
F:/Desktop/DeepOnet_Abaqus/StaticElasticJob6.odb,Step-1,Increment      1: Step Time =    1.000,"PLATE-1",          1032,             1,   368.295E-03,       1.32221,            0.,"ASSEMBLY_PLATE-1__PICKEDSET2","ROCK","",      -1.05018,      -1.38355,      -1.34447,      -1.08925,  -107.235E-03
F:/Desktop/DeepOnet_Abaqus/StaticElasticJob6.odb,Step-1,Increment      1: Step Time =    1.000,"PLATE-1",          1033,             1,   479.434E-03,       1.45339,            0.,"ASSEMBLY_PLATE-1__PICKEDSET2","ROCK","",  -887.002E-03,      -1.55327,      -1.46568,  -974.591E-03,  -225.134E-03
F:/Desktop/DeepOnet_Abaqus/StaticElasticJob6.odb,Step-1,Increment      1: Step Time =    1.000,"PLATE-1",          1034,             1,   789.644E-03,       1.38797,            0.,"ASSEMBLY_PLATE-1__PICKEDSET2","ROCK","",  -307.160E-03,      -1.75581,      -1.35849,  -704.488E-03,  -646.314E-03
F:/Desktop/DeepOnet_Abaqus/StaticElasticJob6.odb,Step-1,Increment      1: Step Time =    1.000,"PLATE-1",          1035,             1,  -840.147E-03,       1.55068,            0.,"ASSEMBLY_PLATE-1__PICKEDSET2","ROCK","",      -1.00846,      -1.61787,      -1.61731,      -1.00902,  -18.4787E-03
F:/Desktop/DeepOnet_Abaqus/StaticElasticJob6.odb,Step-1,Increment      1: Step Time =    1.000,"PLATE-1",          1036,             1,      -1.49660,       1.24274,            0.,"ASSEMBLY_PLATE-1__PICKEDSET2","ROCK","",      -1.00893,      -1.61999,      -1.61962,      -1.00931,  -15.1650E-03
F:/Desktop/DeepOnet_Abaqus/StaticElasticJob6.odb,Step-1,Increment      1: Step Time =    1.000,"PLATE-1",          1037,             1,      -1.22787,       1.27238,            0.,"ASSEMBLY_PLATE-1__PICKEDSET2","ROCK","",      -1.00675,      -1.62053,      -1.62010,      -1.00718,  -16.2565E-03
F:/Desktop/DeepOnet_Abaqus/StaticElasticJob6.odb,Step-1,Increment      1: Step Time =    1.000,"PLATE-1",          1038,             1,  -982.213E-03,       1.34186,            0.,"ASSEMBLY_PLATE-1__PICKEDSET2","ROCK","",      -1.00668,      -1.61999,      -1.61960,      -1.00706,  -15.3658E-03
F:/Desktop/DeepOnet_Abaqus/StaticElasticJob6.odb,Step-1,Increment      1: Step Time =    1.000,"PLATE-1",          1039,             1,  -938.961E-03,       1.25341,            0.,"ASSEMBLY_PLATE-1__PICKEDSET2","ROCK","",      -1.00600,      -1.61978,      -1.61946,      -1.00632,  -14.1068E-03
F:/Desktop/DeepOnet_Abaqus/StaticElasticJob6.odb,Step-1,Increment      1: Step Time =    1.000,"PLATE-1",          1040,             1,  -841.339E-03,       1.11356,            0.,"ASSEMBLY_PLATE-1__PICKEDSET2","ROCK","",      -1.00320,      -1.62231,      -1.62209,      -1.00342,  -11.7237E-03
F:/Desktop/DeepOnet_Abaqus/StaticElasticJob6.odb,Step-1,Increment      1: Step Time =    1.000,"PLATE-1",          1041,             1,  -768.614E-03,       1.17483,            0.,"ASSEMBLY_PLATE-1__PICKEDSET2","ROCK","",      -1.00512,      -1.62080,      -1.62064,      -1.00527,  -9.80905E-03
F:/Desktop/DeepOnet_Abaqus/StaticElasticJob6.odb,Step-1,Increment      1: Step Time =    1.000,"PLATE-1",          1042,             1,  -637.342E-03,       1.32010,            0.,"ASSEMBLY_PLATE-1__PICKEDSET2","ROCK","",      -1.01231,      -1.61146,      -1.61127,      -1.01250,  -10.5395E-03
F:/Desktop/DeepOnet_Abaqus/StaticElasticJob6.odb,Step-1,Increment      1: Step Time =    1.000,"PLATE-1",          1043,             1,  -589.793E-03,       1.25469,            0.,"ASSEMBLY_PLATE-1__PICKEDSET2","ROCK","",      -1.01322,      -1.61125,      -1.61119,      -1.01328,  -6.08991E-03
F:/Desktop/DeepOnet_Abaqus/StaticElasticJob6.odb,Step-1,Increment      1: Step Time =    1.000,"PLATE-1",          1044,             1,  -367.430E-03,       1.13981,            0.,"ASSEMBLY_PLATE-1__PICKEDSET2","ROCK","",      -1.02022,      -1.60657,      -1.60631,      -1.02048,   12.1889E-03
F:/Desktop/DeepOnet_Abaqus/StaticElasticJob6.odb,Step-1,Increment      1: Step Time =    1.000,"PLATE-1",          1045,             1,  -123.642E-03,       1.18861,            0.,"ASSEMBLY_PLATE-1__PICKEDSET2","ROCK","",      -1.04513,      -1.56234,      -1.56192,      -1.04555,   14.7634E-03
F:/Desktop/DeepOnet_Abaqus/StaticElasticJob6.odb,Step-1,Increment      1: Step Time =    1.000,"PLATE-1",          1046,             1,   185.382E-03,       1.16694,            0.,"ASSEMBLY_PLATE-1__PICKEDSET2","ROCK","",      -1.08336,      -1.45509,      -1.45160,      -1.08685,   35.8661E-03
F:/Desktop/DeepOnet_Abaqus/StaticElasticJob6.odb,Step-1,Increment      1: Step Time =    1.000,"PLATE-1",          1047,             1,   392.760E-03,       1.20518,            0.,"ASSEMBLY_PLATE-1__PICKEDSET2","ROCK","",      -1.14514,      -1.25793,      -1.25786,      -1.14521,   2.88877E-03
F:/Desktop/DeepOnet_Abaqus/StaticElasticJob6.odb,Step-1,Increment      1: Step Time =    1.000,"PLATE-1",          1048,             1,   97.6833E-03,       1.17890,            0.,"ASSEMBLY_PLATE-1__PICKEDSET2","ROCK","",      -1.07238,      -1.49052,      -1.48905,      -1.07385,   24.7114E-03
F:/Desktop/DeepOnet_Abaqus/StaticElasticJob6.odb,Step-1,Increment      1: Step Time =    1.000,"PLATE-1",          1049,             1,   240.262E-03,       1.12392,            0.,"ASSEMBLY_PLATE-1__PICKEDSET2","ROCK","",      -1.07697,      -1.45299,      -1.44109,      -1.08886,   65.8130E-03
F:/Desktop/DeepOnet_Abaqus/StaticElasticJob6.odb,Step-1,Increment      1: Step Time =    1.000,"PLATE-1",          1050,             1,   611.612E-03,       1.32870,            0.,"ASSEMBLY_PLATE-1__PICKEDSET2","ROCK","",  -753.182E-03,      -1.41985,      -1.14477,      -1.02825,  -328.201E-03
F:/Desktop/DeepOnet_Abaqus/StaticElasticJob6.odb,Step-1,Increment      1: Step Time =    1.000,"PLATE-1",          1051,             1,      -1.41930,       1.11729,            0.,"ASSEMBLY_PLATE-1__PICKEDSET2","ROCK","",      -1.00918,      -1.61805,      -1.61765,      -1.00959,  -15.7239E-03
F:/Desktop/DeepOnet_Abaqus/StaticElasticJob6.odb,Step-1,Increment      1: Step Time =    1.000,"PLATE-1",          1052,             1,      -1.38602,       1.04252,            0.,"ASSEMBLY_PLATE-1__PICKEDSET2","ROCK","",      -1.00943,      -1.61660,      -1.61617,      -1.00986,  -16.2060E-03
F:/Desktop/DeepOnet_Abaqus/StaticElasticJob6.odb,Step-1,Increment      1: Step Time =    1.000,"PLATE-1",          1053,             1,      -1.42988,   905.518E-03,            0.,"ASSEMBLY_PLATE-1__PICKEDSET2","ROCK","",      -1.01154,      -1.61316,      -1.61273,      -1.01197,  -16.0882E-03
F:/Desktop/DeepOnet_Abaqus/StaticElasticJob6.odb,Step-1,Increment      1: Step Time =    1.000,"PLATE-1",          1054,             1,      -1.34638,   974.591E-03,            0.,"ASSEMBLY_PLATE-1__PICKEDSET2","ROCK","",      -1.00945,      -1.61520,      -1.61472,      -1.00993,  -17.1224E-03
F:/Desktop/DeepOnet_Abaqus/StaticElasticJob6.odb,Step-1,Increment      1: Step Time =    1.000,"PLATE-1",          1055,             1,      -1.27077,   937.507E-03,            0.,"ASSEMBLY_PLATE-1__PICKEDSET2","ROCK","",      -1.00862,      -1.61506,      -1.61451,      -1.00917,  -18.1840E-03
F:/Desktop/DeepOnet_Abaqus/StaticElasticJob6.odb,Step-1,Increment      1: Step Time =    1.000,"PLATE-1",          1056,             1,      -1.23113,       1.02889,            0.,"ASSEMBLY_PLATE-1__PICKEDSET2","ROCK","",      -1.00700,      -1.61777,      -1.61727,      -1.00750,  -17.4625E-03
F:/Desktop/DeepOnet_Abaqus/StaticElasticJob6.odb,Step-1,Increment      1: Step Time =    1.000,"PLATE-1",          1057,             1,      -1.31057,       1.05817,            0.,"ASSEMBLY_PLATE-1__PICKEDSET2","ROCK","",      -1.00804,      -1.61750,      -1.61703,      -1.00851,  -16.8929E-03
F:/Desktop/DeepOnet_Abaqus/StaticElasticJob6.odb,Step-1,Increment      1: Step Time =    1.000,"PLATE-1",          1058,             1,      -1.27301,       1.22385,            0.,"ASSEMBLY_PLATE-1__PICKEDSET2","ROCK","",      -1.00724,      -1.62001,      -1.61958,      -1.00767,  -16.1808E-03
F:/Desktop/DeepOnet_Abaqus/StaticElasticJob6.odb,Step-1,Increment      1: Step Time =    1.000,"PLATE-1",          1059,             1,  -887.709E-03,       1.07015,            0.,"ASSEMBLY_PLATE-1__PICKEDSET2","ROCK","",      -1.00204,      -1.62318,      -1.62287,      -1.00235,  -13.8006E-03
F:/Desktop/DeepOnet_Abaqus/StaticElasticJob6.odb,Step-1,Increment      1: Step Time =    1.000,"PLATE-1",          1060,             1,  -836.958E-03,   955.062E-03,            0.,"ASSEMBLY_PLATE-1__PICKEDSET2","ROCK","",  -997.367E-03,      -1.62741,      -1.62701,  -997.760E-03,  -15.7290E-03
F:/Desktop/DeepOnet_Abaqus/StaticElasticJob6.odb,Step-1,Increment      1: Step Time =    1.000,"PLATE-1",          1061,             1,  -799.186E-03,       1.07116,            0.,"ASSEMBLY_PLATE-1__PICKEDSET2","ROCK","",      -1.00190,      -1.62398,      -1.62378,      -1.00209,  -10.9670E-03
F:/Desktop/DeepOnet_Abaqus/StaticElasticJob6.odb,Step-1,Increment      1: Step Time =    1.000,"PLATE-1",          1062,             1,  -701.028E-03,       1.14773,            0.,"ASSEMBLY_PLATE-1__PICKEDSET2","ROCK","",      -1.00511,      -1.62124,      -1.62116,      -1.00520,  -7.12666E-03
F:/Desktop/DeepOnet_Abaqus/StaticElasticJob6.odb,Step-1,Increment      1: Step Time =    1.000,"PLATE-1",          1063,             1,  -493.998E-03,       1.11463,            0.,"ASSEMBLY_PLATE-1__PICKEDSET2","ROCK","",      -1.01014,      -1.61824,      -1.61819,      -1.01019,   5.26457E-03
F:/Desktop/DeepOnet_Abaqus/StaticElasticJob6.odb,Step-1,Increment      1: Step Time =    1.000,"PLATE-1",          1064,             1,  -411.263E-03,   983.707E-03,            0.,"ASSEMBLY_PLATE-1__PICKEDSET2","ROCK","",      -1.00330,      -1.63500,      -1.63448,      -1.00382,   18.1393E-03
F:/Desktop/DeepOnet_Abaqus/StaticElasticJob6.odb,Step-1,Increment      1: Step Time =    1.000,"PLATE-1",          1065,             1,  -226.046E-03,       1.06882,            0.,"ASSEMBLY_PLATE-1__PICKEDSET2","ROCK","",      -1.02738,      -1.60234,      -1.60072,      -1.02900,   30.4068E-03
F:/Desktop/DeepOnet_Abaqus/StaticElasticJob6.odb,Step-1,Increment      1: Step Time =    1.000,"PLATE-1",          1066,             1,  -109.274E-03,       1.01828,            0.,"ASSEMBLY_PLATE-1__PICKEDSET2","ROCK","",      -1.03167,      -1.59831,      -1.59386,      -1.03612,   50.0118E-03
F:/Desktop/DeepOnet_Abaqus/StaticElasticJob6.odb,Step-1,Increment      1: Step Time =    1.000,"PLATE-1",          1067,             1,   27.0891E-03,       1.09628,            0.,"ASSEMBLY_PLATE-1__PICKEDSET2","ROCK","",      -1.05424,      -1.54218,      -1.53802,      -1.05841,   44.8908E-03
F:/Desktop/DeepOnet_Abaqus/StaticElasticJob6.odb,Step-1,Increment      1: Step Time =    1.000,"PLATE-1",          1068,             1,   192.236E-03,       1.06725,            0.,"ASSEMBLY_PLATE-1__PICKEDSET2","ROCK","",      -1.05246,      -1.51292,      -1.49428,      -1.07109,   90.7378E-03
F:/Desktop/DeepOnet_Abaqus/StaticElasticJob6.odb,Step-1,Increment      1: Step Time =    1.000,"PLATE-1",          1069,             1,   406.110E-03,       1.09482,            0.,"ASSEMBLY_PLATE-1__PICKEDSET2","ROCK","",      -1.04081,      -1.40189,      -1.31161,      -1.13110,   156.359E-03
F:/Desktop/DeepOnet_Abaqus/StaticElasticJob6.odb,Step-1,Increment      1: Step Time =    1.000,"PLATE-1",          1070,             1,   574.474E-03,       1.03168,            0.,"ASSEMBLY_PLATE-1__PICKEDSET2","ROCK","",  -806.071E-03,      -1.61160,      -1.33492,      -1.08275,   382.520E-03
F:/Desktop/DeepOnet_Abaqus/StaticElasticJob6.odb,Step-1,Increment      1: Step Time =    1.000,"PLATE-1",          1071,             1,   578.119E-03,       1.14545,            0.,"ASSEMBLY_PLATE-1__PICKEDSET2","ROCK","",  -883.200E-03,      -1.23510,  -912.759E-03,      -1.20554,   97.6128E-03
F:/Desktop/DeepOnet_Abaqus/StaticElasticJob6.odb,Step-1,Increment      1: Step Time =    1.000,"PLATE-1",          1072,             1,   88.4954E-03,       1.06584,            0.,"ASSEMBLY_PLATE-1__PICKEDSET2","ROCK","",      -1.05060,      -1.54169,      -1.53236,      -1.05994,   67.0546E-03
F:/Desktop/DeepOnet_Abaqus/StaticElasticJob6.odb,Step-1,Increment      1: Step Time =    1.000,"PLATE-1",          1073,             1,   463.089E-03,       1.04553,            0.,"ASSEMBLY_PLATE-1__PICKEDSET2","ROCK","",  -949.558E-03,      -1.50975,      -1.37887,      -1.08044,   237.043E-03
F:/Desktop/DeepOnet_Abaqus/StaticElasticJob6.odb,Step-1,Increment      1: Step Time =    1.000,"PLATE-1",          1074,             1,      -1.56554,       1.24849,            0.,"ASSEMBLY_PLATE-1__PICKEDSET2","ROCK","",      -1.00933,      -1.62034,      -1.61998,      -1.00969,  -14.7341E-03
F:/Desktop/DeepOnet_Abaqus/StaticElasticJob6.odb,Step-1,Increment      1: Step Time =    1.000,"PLATE-1",          1075,             1,      -1.50209,       1.15927,            0.,"ASSEMBLY_PLATE-1__PICKEDSET2","ROCK","",      -1.00953,      -1.61883,      -1.61846,      -1.00991,  -15.0726E-03
F:/Desktop/DeepOnet_Abaqus/StaticElasticJob6.odb,Step-1,Increment      1: Step Time =    1.000,"PLATE-1",          1076,             1,      -1.55422,   961.158E-03,            0.,"ASSEMBLY_PLATE-1__PICKEDSET2","ROCK","",      -1.01193,      -1.61489,      -1.61455,      -1.01227,  -14.3830E-03
F:/Desktop/DeepOnet_Abaqus/StaticElasticJob6.odb,Step-1,Increment      1: Step Time =    1.000,"PLATE-1",          1077,             1,      -1.48927,       1.07919,            0.,"ASSEMBLY_PLATE-1__PICKEDSET2","ROCK","",      -1.01020,      -1.61711,      -1.61673,      -1.01058,  -15.1540E-03
F:/Desktop/DeepOnet_Abaqus/StaticElasticJob6.odb,Step-1,Increment      1: Step Time =    1.000,"PLATE-1",          1078,             1,      -1.18237,   913.310E-03,            0.,"ASSEMBLY_PLATE-1__PICKEDSET2","ROCK","",      -1.00681,      -1.61576,      -1.61513,      -1.00745,  -19.6312E-03
F:/Desktop/DeepOnet_Abaqus/StaticElasticJob6.odb,Step-1,Increment      1: Step Time =    1.000,"PLATE-1",          1079,             1,  -319.117E-03,   924.109E-03,            0.,"ASSEMBLY_PLATE-1__PICKEDSET2","ROCK","",      -1.00142,      -1.64747,      -1.64591,      -1.00299,   31.7833E-03
F:/Desktop/DeepOnet_Abaqus/StaticElasticJob6.odb,Step-1,Increment      1: Step Time =    1.000,"PLATE-1",          1080,             1,  -116.343E-03,   875.305E-03,            0.,"ASSEMBLY_PLATE-1__PICKEDSET2","ROCK","",      -1.00823,      -1.66042,      -1.65402,      -1.01463,   64.3105E-03
F:/Desktop/DeepOnet_Abaqus/StaticElasticJob6.odb,Step-1,Increment      1: Step Time =    1.000,"PLATE-1",          1081,             1,   465.328E-03,   390.612E-03,            0.,"ASSEMBLY_PLATE-1__PICKEDSET2","ROCK","",  -893.467E-03,      -1.81145,      -1.76488,  -940.031E-03,   201.435E-03
F:/Desktop/DeepOnet_Abaqus/StaticElasticJob6.odb,Step-1,Increment      1: Step Time =    1.000,"PLATE-1",          1082,             1,   632.103E-03,   256.393E-03,            0.,"ASSEMBLY_PLATE-1__PICKEDSET2","ROCK","",      -1.04159,      -1.62072,      -1.57773,      -1.08457,   151.811E-03
F:/Desktop/DeepOnet_Abaqus/StaticElasticJob6.odb,Step-1,Increment      1: Step Time =    1.000,"PLATE-1",          1083,             1,   621.460E-03,   384.394E-03,            0.,"ASSEMBLY_PLATE-1__PICKEDSET2","ROCK","",  -995.937E-03,      -1.73199,      -1.70287,      -1.02506,   143.478E-03
F:/Desktop/DeepOnet_Abaqus/StaticElasticJob6.odb,Step-1,Increment      1: Step Time =    1.000,"PLATE-1",          1084,             1,   610.189E-03,   325.780E-03,            0.,"ASSEMBLY_PLATE-1__PICKEDSET2","ROCK","",      -1.00235,      -1.69454,      -1.65513,      -1.04175,   160.386E-03
F:/Desktop/DeepOnet_Abaqus/StaticElasticJob6.odb,Step-1,Increment      1: Step Time =    1.000,"PLATE-1",          1085,             1,   816.802E-03,   298.464E-03,            0.,"ASSEMBLY_PLATE-1__PICKEDSET2","ROCK","",      -1.07490,      -1.65387,      -1.63621,      -1.09256,   99.5626E-03
F:/Desktop/DeepOnet_Abaqus/StaticElasticJob6.odb,Step-1,Increment      1: Step Time =    1.000,"PLATE-1",          1086,             1,   833.983E-03,   216.167E-03,            0.,"ASSEMBLY_PLATE-1__PICKEDSET2","ROCK","",      -1.09050,      -1.61063,      -1.59678,      -1.10435,   83.7417E-03
F:/Desktop/DeepOnet_Abaqus/StaticElasticJob6.odb,Step-1,Increment      1: Step Time =    1.000,"PLATE-1",          1087,             1,  -164.417E-03,   678.538E-03,            0.,"ASSEMBLY_PLATE-1__PICKEDSET2","ROCK","",  -971.422E-03,      -1.75227,      -1.74911,  -974.577E-03,   49.5269E-03
F:/Desktop/DeepOnet_Abaqus/StaticElasticJob6.odb,Step-1,Increment      1: Step Time =    1.000,"PLATE-1",          1088,             1,  -168.826E-03,   769.140E-03,            0.,"ASSEMBLY_PLATE-1__PICKEDSET2","ROCK","",  -987.231E-03,      -1.70567,      -1.70143,  -991.478E-03,   55.0715E-03
F:/Desktop/DeepOnet_Abaqus/StaticElasticJob6.odb,Step-1,Increment      1: Step Time =    1.000,"PLATE-1",          1089,             1,   53.3545E-03,   718.097E-03,            0.,"ASSEMBLY_PLATE-1__PICKEDSET2","ROCK","",  -981.340E-03,      -1.75058,      -1.74038,  -991.544E-03,   88.0079E-03
F:/Desktop/DeepOnet_Abaqus/StaticElasticJob6.odb,Step-1,Increment      1: Step Time =    1.000,"PLATE-1",          1090,             1,  -135.539E-03,   814.379E-03,            0.,"ASSEMBLY_PLATE-1__PICKEDSET2","ROCK","",  -996.242E-03,      -1.68855,      -1.68261,      -1.00219,   63.8834E-03
F:/Desktop/DeepOnet_Abaqus/StaticElasticJob6.odb,Step-1,Increment      1: Step Time =    1.000,"PLATE-1",          1091,             1,  -60.7986E-03,   955.639E-03,            0.,"ASSEMBLY_PLATE-1__PICKEDSET2","ROCK","",      -1.02185,      -1.62571,      -1.61798,      -1.02958,   67.8844E-03
F:/Desktop/DeepOnet_Abaqus/StaticElasticJob6.odb,Step-1,Increment      1: Step Time =    1.000,"PLATE-1",          1092,             1,  -229.293E-03,   986.384E-03,            0.,"ASSEMBLY_PLATE-1__PICKEDSET2","ROCK","",      -1.01735,      -1.62411,      -1.62143,      -1.02003,   40.2152E-03
F:/Desktop/DeepOnet_Abaqus/StaticElasticJob6.odb,Step-1,Increment      1: Step Time =    1.000,"PLATE-1",          1093,             1,   91.6658E-03,   966.524E-03,            0.,"ASSEMBLY_PLATE-1__PICKEDSET2","ROCK","",      -1.02557,      -1.59552,      -1.58086,      -1.04022,   90.2101E-03
F:/Desktop/DeepOnet_Abaqus/StaticElasticJob6.odb,Step-1,Increment      1: Step Time =    1.000,"PLATE-1",          1094,             1,   300.338E-03,   731.821E-03,            0.,"ASSEMBLY_PLATE-1__PICKEDSET2","ROCK","",  -912.416E-03,      -1.78669,      -1.76324,  -935.868E-03,   141.256E-03
F:/Desktop/DeepOnet_Abaqus/StaticElasticJob6.odb,Step-1,Increment      1: Step Time =    1.000,"PLATE-1",          1095,             1,   341.537E-03,   549.176E-03,            0.,"ASSEMBLY_PLATE-1__PICKEDSET2","ROCK","",  -876.364E-03,      -1.88178,      -1.86103,  -897.113E-03,   142.935E-03
F:/Desktop/DeepOnet_Abaqus/StaticElasticJob6.odb,Step-1,Increment      1: Step Time =    1.000,"PLATE-1",          1096,             1,   635.001E-03,   525.205E-03,            0.,"ASSEMBLY_PLATE-1__PICKEDSET2","ROCK","",  -978.970E-03,      -1.82523,      -1.81062,  -993.587E-03,   110.255E-03
F:/Desktop/DeepOnet_Abaqus/StaticElasticJob6.odb,Step-1,Increment      1: Step Time =    1.000,"PLATE-1",          1097,             1,   878.261E-03,   330.531E-03,            0.,"ASSEMBLY_PLATE-1__PICKEDSET2","ROCK","",      -1.07093,      -1.67747,      -1.66147,      -1.08693,   97.2192E-03
F:/Desktop/DeepOnet_Abaqus/StaticElasticJob6.odb,Step-1,Increment      1: Step Time =    1.000,"PLATE-1",          1098,             1,       1.02208,   403.699E-03,            0.,"ASSEMBLY_PLATE-1__PICKEDSET2","ROCK","",      -1.03779,      -1.72854,      -1.71520,      -1.05113,   95.0535E-03
F:/Desktop/DeepOnet_Abaqus/StaticElasticJob6.odb,Step-1,Increment      1: Step Time =    1.000,"PLATE-1",          1099,             1,       1.21447,   326.074E-03,            0.,"ASSEMBLY_PLATE-1__PICKEDSET2","ROCK","",  -994.564E-03,      -1.69985,      -1.69609,  -998.328E-03,   51.3855E-03
F:/Desktop/DeepOnet_Abaqus/StaticElasticJob6.odb,Step-1,Increment      1: Step Time =    1.000,"PLATE-1",          1100,             1,       1.31079,   394.951E-03,            0.,"ASSEMBLY_PLATE-1__PICKEDSET2","ROCK","",  -954.439E-03,      -1.71734,      -1.71665,  -955.123E-03,   22.8418E-03
F:/Desktop/DeepOnet_Abaqus/StaticElasticJob6.odb,Step-1,Increment      1: Step Time =    1.000,"PLATE-1",          1101,             1,       1.39566,   374.104E-03,            0.,"ASSEMBLY_PLATE-1__PICKEDSET2","ROCK","",  -947.245E-03,      -1.70637,      -1.70636,  -947.254E-03,   2.58364E-03
F:/Desktop/DeepOnet_Abaqus/StaticElasticJob6.odb,Step-1,Increment      1: Step Time =    1.000,"PLATE-1",          1102,             1,       1.32754,   480.550E-03,            0.,"ASSEMBLY_PLATE-1__PICKEDSET2","ROCK","",  -918.596E-03,      -1.74996,      -1.74992,  -918.641E-03,   6.10518E-03
F:/Desktop/DeepOnet_Abaqus/StaticElasticJob6.odb,Step-1,Increment      1: Step Time =    1.000,"PLATE-1",          1103,             1,   136.453E-03,   909.127E-03,            0.,"ASSEMBLY_PLATE-1__PICKEDSET2","ROCK","",      -1.00226,      -1.64276,      -1.62216,      -1.02286,   113.012E-03
F:/Desktop/DeepOnet_Abaqus/StaticElasticJob6.odb,Step-1,Increment      1: Step Time =    1.000,"PLATE-1",          1104,             1,   386.701E-03,   819.845E-03,            0.,"ASSEMBLY_PLATE-1__PICKEDSET2","ROCK","",  -910.728E-03,      -1.75211,      -1.71169,  -951.148E-03,   179.930E-03
F:/Desktop/DeepOnet_Abaqus/StaticElasticJob6.odb,Step-1,Increment      1: Step Time =    1.000,"PLATE-1",          1105,             1,   478.933E-03,   668.802E-03,            0.,"ASSEMBLY_PLATE-1__PICKEDSET2","ROCK","",  -883.096E-03,      -1.86546,      -1.83924,  -909.315E-03,   158.332E-03
F:/Desktop/DeepOnet_Abaqus/StaticElasticJob6.odb,Step-1,Increment      1: Step Time =    1.000,"PLATE-1",          1106,             1,   716.182E-03,   605.795E-03,            0.,"ASSEMBLY_PLATE-1__PICKEDSET2","ROCK","",      -1.02710,      -1.87266,      -1.86460,      -1.03516,   82.1605E-03
F:/Desktop/DeepOnet_Abaqus/StaticElasticJob6.odb,Step-1,Increment      1: Step Time =    1.000,"PLATE-1",          1107,             1,   833.507E-03,   570.249E-03,            0.,"ASSEMBLY_PLATE-1__PICKEDSET2","ROCK","",      -1.08115,      -1.83804,      -1.82647,      -1.09272,   92.8725E-03
F:/Desktop/DeepOnet_Abaqus/StaticElasticJob6.odb,Step-1,Increment      1: Step Time =    1.000,"PLATE-1",          1108,             1,   799.967E-03,   500.999E-03,            0.,"ASSEMBLY_PLATE-1__PICKEDSET2","ROCK","",      -1.06247,      -1.78523,      -1.77159,      -1.07612,   98.3645E-03
F:/Desktop/DeepOnet_Abaqus/StaticElasticJob6.odb,Step-1,Increment      1: Step Time =    1.000,"PLATE-1",          1109,             1,   896.277E-03,   542.564E-03,            0.,"ASSEMBLY_PLATE-1__PICKEDSET2","ROCK","",      -1.06873,      -1.80242,      -1.78588,      -1.08527,   108.912E-03
F:/Desktop/DeepOnet_Abaqus/StaticElasticJob6.odb,Step-1,Increment      1: Step Time =    1.000,"PLATE-1",          1110,             1,       1.01245,   498.025E-03,            0.,"ASSEMBLY_PLATE-1__PICKEDSET2","ROCK","",      -1.02881,      -1.79112,      -1.77545,      -1.04449,   108.181E-03
F:/Desktop/DeepOnet_Abaqus/StaticElasticJob6.odb,Step-1,Increment      1: Step Time =    1.000,"PLATE-1",          1111,             1,       1.15194,   468.805E-03,            0.,"ASSEMBLY_PLATE-1__PICKEDSET2","ROCK","",  -973.749E-03,      -1.76901,      -1.76223,  -980.531E-03,   73.1263E-03
F:/Desktop/DeepOnet_Abaqus/StaticElasticJob6.odb,Step-1,Increment      1: Step Time =    1.000,"PLATE-1",          1112,             1,       1.14119,   535.527E-03,            0.,"ASSEMBLY_PLATE-1__PICKEDSET2","ROCK","",  -958.909E-03,      -1.80865,      -1.80113,  -966.433E-03,   79.6029E-03
F:/Desktop/DeepOnet_Abaqus/StaticElasticJob6.odb,Step-1,Increment      1: Step Time =    1.000,"PLATE-1",          1113,             1,       1.19946,   611.135E-03,            0.,"ASSEMBLY_PLATE-1__PICKEDSET2","ROCK","",  -886.866E-03,      -1.84252,      -1.84195,  -887.436E-03,   23.3308E-03
F:/Desktop/DeepOnet_Abaqus/StaticElasticJob6.odb,Step-1,Increment      1: Step Time =    1.000,"PLATE-1",          1114,             1,       1.19794,   681.088E-03,            0.,"ASSEMBLY_PLATE-1__PICKEDSET2","ROCK","",  -833.466E-03,      -1.90184,      -1.90184,  -833.467E-03,   418.610E-06
F:/Desktop/DeepOnet_Abaqus/StaticElasticJob6.odb,Step-1,Increment      1: Step Time =    1.000,"PLATE-1",          1115,             1,   411.899E-03,   992.308E-03,            0.,"ASSEMBLY_PLATE-1__PICKEDSET2","ROCK","",  -966.364E-03,      -1.56031,      -1.46438,      -1.06229,   218.574E-03
F:/Desktop/DeepOnet_Abaqus/StaticElasticJob6.odb,Step-1,Increment      1: Step Time =    1.000,"PLATE-1",          1116,             1,   478.504E-03,   782.258E-03,            0.,"ASSEMBLY_PLATE-1__PICKEDSET2","ROCK","",  -883.128E-03,      -1.82213,      -1.77320,  -932.057E-03,   208.687E-03
F:/Desktop/DeepOnet_Abaqus/StaticElasticJob6.odb,Step-1,Increment      1: Step Time =    1.000,"PLATE-1",          1117,             1,   670.313E-03,   831.126E-03,            0.,"ASSEMBLY_PLATE-1__PICKEDSET2","ROCK","",  -777.238E-03,      -2.07308,      -1.98765,  -862.665E-03,   321.563E-03
F:/Desktop/DeepOnet_Abaqus/StaticElasticJob6.odb,Step-1,Increment      1: Step Time =    1.000,"PLATE-1",          1118,             1,   599.888E-03,   811.048E-03,            0.,"ASSEMBLY_PLATE-1__PICKEDSET2","ROCK","",  -856.874E-03,      -1.91013,      -1.84265,  -924.352E-03,   257.912E-03
F:/Desktop/DeepOnet_Abaqus/StaticElasticJob6.odb,Step-1,Increment      1: Step Time =    1.000,"PLATE-1",          1119,             1,   763.265E-03,   780.246E-03,            0.,"ASSEMBLY_PLATE-1__PICKEDSET2","ROCK","",      -1.02726,      -2.20880,      -2.18884,      -1.04723,   152.278E-03
F:/Desktop/DeepOnet_Abaqus/StaticElasticJob6.odb,Step-1,Increment      1: Step Time =    1.000,"PLATE-1",          1120,             1,   920.216E-03,   659.534E-03,            0.,"ASSEMBLY_PLATE-1__PICKEDSET2","ROCK","",      -1.09652,      -1.90234,      -1.88675,      -1.11212,   111.015E-03
F:/Desktop/DeepOnet_Abaqus/StaticElasticJob6.odb,Step-1,Increment      1: Step Time =    1.000,"PLATE-1",          1121,             1,       1.04760,   664.617E-03,            0.,"ASSEMBLY_PLATE-1__PICKEDSET2","ROCK","",  -944.294E-03,      -1.96184,      -1.95242,  -953.715E-03,   97.4548E-03
F:/Desktop/DeepOnet_Abaqus/StaticElasticJob6.odb,Step-1,Increment      1: Step Time =    1.000,"PLATE-1",          1122,             1,       1.10948,   750.554E-03,            0.,"ASSEMBLY_PLATE-1__PICKEDSET2","ROCK","",  -816.777E-03,      -2.07706,      -2.07428,  -819.552E-03,   59.0794E-03
F:/Desktop/DeepOnet_Abaqus/StaticElasticJob6.odb,Step-1,Increment      1: Step Time =    1.000,"PLATE-1",          1123,             1,       1.09558,   829.898E-03,            0.,"ASSEMBLY_PLATE-1__PICKEDSET2","ROCK","",  -586.114E-03,      -2.31269,      -2.29264,  -606.163E-03,  -184.972E-03
F:/Desktop/DeepOnet_Abaqus/StaticElasticJob6.odb,Step-1,Increment      1: Step Time =    1.000,"PLATE-1",          1124,             1,   491.239E-03,   907.313E-03,            0.,"ASSEMBLY_PLATE-1__PICKEDSET2","ROCK","",  -865.897E-03,      -1.72464,      -1.63045,  -960.084E-03,   268.349E-03
F:/Desktop/DeepOnet_Abaqus/StaticElasticJob6.odb,Step-1,Increment      1: Step Time =    1.000,"PLATE-1",          1125,             1,   647.435E-03,   897.833E-03,            0.,"ASSEMBLY_PLATE-1__PICKEDSET2","ROCK","",  -787.046E-03,      -1.94717,      -1.74658,  -987.630E-03,   438.712E-03
F:/Desktop/DeepOnet_Abaqus/StaticElasticJob6.odb,Step-1,Increment      1: Step Time =    1.000,"PLATE-1",          1126,             1,   723.706E-03,   923.054E-03,            0.,"ASSEMBLY_PLATE-1__PICKEDSET2","ROCK","",  -603.035E-03,      -2.09582,      -1.90534,  -793.517E-03,   498.060E-03
F:/Desktop/DeepOnet_Abaqus/StaticElasticJob6.odb,Step-1,Increment      1: Step Time =    1.000,"PLATE-1",          1127,             1,   747.212E-03,   853.888E-03,            0.,"ASSEMBLY_PLATE-1__PICKEDSET2","ROCK","",  -864.576E-03,      -2.14221,      -2.07141,  -935.377E-03,   292.310E-03
F:/Desktop/DeepOnet_Abaqus/StaticElasticJob6.odb,Step-1,Increment      1: Step Time =    1.000,"PLATE-1",          1128,             1,   925.328E-03,   726.376E-03,            0.,"ASSEMBLY_PLATE-1__PICKEDSET2","ROCK","",      -1.07992,      -2.13257,      -2.10920,      -1.10329,   155.103E-03
F:/Desktop/DeepOnet_Abaqus/StaticElasticJob6.odb,Step-1,Increment      1: Step Time =    1.000,"PLATE-1",          1129,             1,       1.18094,   840.361E-03,            0.,"ASSEMBLY_PLATE-1__PICKEDSET2","ROCK","",  -607.674E-03,      -1.97612,      -1.89396,  -689.832E-03,  -325.083E-03
F:/Desktop/DeepOnet_Abaqus/StaticElasticJob6.odb,Step-1,Increment      1: Step Time =    1.000,"PLATE-1",          1130,             1,  -304.760E-03,   998.721E-03,            0.,"ASSEMBLY_PLATE-1__PICKEDSET2","ROCK","",      -1.01250,      -1.62742,      -1.62603,      -1.01389,   29.1883E-03
F:/Desktop/DeepOnet_Abaqus/StaticElasticJob6.odb,Step-1,Increment      1: Step Time =    1.000,"PLATE-1",          1131,             1,  -593.214E-03,   961.105E-03,            0.,"ASSEMBLY_PLATE-1__PICKEDSET2","ROCK","",  -995.262E-03,      -1.63651,      -1.63651,  -995.264E-03,  -1.08110E-03
F:/Desktop/DeepOnet_Abaqus/StaticElasticJob6.odb,Step-1,Increment      1: Step Time =    1.000,"PLATE-1",          1132,             1,  -655.621E-03,       1.05576,            0.,"ASSEMBLY_PLATE-1__PICKEDSET2","ROCK","",      -1.00135,      -1.62669,      -1.62666,      -1.00138,  -4.44987E-03
F:/Desktop/DeepOnet_Abaqus/StaticElasticJob6.odb,Step-1,Increment      1: Step Time =    1.000,"PLATE-1",          1133,             1,   36.1586E-03,   929.034E-03,            0.,"ASSEMBLY_PLATE-1__PICKEDSET2","ROCK","",      -1.01561,      -1.63281,      -1.62021,      -1.02821,   87.2993E-03
F:/Desktop/DeepOnet_Abaqus/StaticElasticJob6.odb,Step-1,Increment      1: Step Time =    1.000,"PLATE-1",          1134,             1,   249.325E-03,   901.308E-03,            0.,"ASSEMBLY_PLATE-1__PICKEDSET2","ROCK","",  -974.429E-03,      -1.66064,      -1.62384,      -1.01123,   154.594E-03
F:/Desktop/DeepOnet_Abaqus/StaticElasticJob6.odb,Step-1,Increment      1: Step Time =    1.000,"PLATE-1",          1135,             1,   370.649E-03,   931.064E-03,            0.,"ASSEMBLY_PLATE-1__PICKEDSET2","ROCK","",  -937.834E-03,      -1.66080,      -1.59810,      -1.00053,   203.466E-03
F:/Desktop/DeepOnet_Abaqus/StaticElasticJob6.odb,Step-1,Increment      1: Step Time =    1.000,"PLATE-1",          1136,             1,   512.560E-03,   852.024E-03,            0.,"ASSEMBLY_PLATE-1__PICKEDSET2","ROCK","",  -868.941E-03,      -1.80517,      -1.71198,  -962.132E-03,   280.292E-03
F:/Desktop/DeepOnet_Abaqus/StaticElasticJob6.odb,Step-1,Increment      1: Step Time =    1.000,"PLATE-1",          1137,             1,      -1.36083,   746.508E-03,            0.,"ASSEMBLY_PLATE-1__PICKEDSET2","ROCK","",      -1.01379,      -1.60759,      -1.60705,      -1.01433,  -17.8495E-03
F:/Desktop/DeepOnet_Abaqus/StaticElasticJob6.odb,Step-1,Increment      1: Step Time =    1.000,"PLATE-1",          1138,             1,      -1.21648,   621.908E-03,            0.,"ASSEMBLY_PLATE-1__PICKEDSET2","ROCK","",      -1.01515,      -1.60151,      -1.60061,      -1.01605,  -23.0377E-03
F:/Desktop/DeepOnet_Abaqus/StaticElasticJob6.odb,Step-1,Increment      1: Step Time =    1.000,"PLATE-1",          1139,             1,      -1.28452,   768.448E-03,            0.,"ASSEMBLY_PLATE-1__PICKEDSET2","ROCK","",      -1.01228,      -1.60852,      -1.60788,      -1.01292,  -19.4821E-03
F:/Desktop/DeepOnet_Abaqus/StaticElasticJob6.odb,Step-1,Increment      1: Step Time =    1.000,"PLATE-1",          1140,             1,      -1.12346,   814.434E-03,            0.,"ASSEMBLY_PLATE-1__PICKEDSET2","ROCK","",      -1.00617,      -1.61419,      -1.61334,      -1.00702,  -22.7257E-03
F:/Desktop/DeepOnet_Abaqus/StaticElasticJob6.odb,Step-1,Increment      1: Step Time =    1.000,"PLATE-1",          1141,             1,   170.249E-03,   607.822E-03,            0.,"ASSEMBLY_PLATE-1__PICKEDSET2","ROCK","",  -937.602E-03,      -1.83847,      -1.82774,  -948.335E-03,   97.7407E-03
F:/Desktop/DeepOnet_Abaqus/StaticElasticJob6.odb,Step-1,Increment      1: Step Time =    1.000,"PLATE-1",          1142,             1,   546.504E-03,   733.321E-03,            0.,"ASSEMBLY_PLATE-1__PICKEDSET2","ROCK","",  -874.812E-03,      -1.88901,      -1.85480,  -909.023E-03,   183.103E-03
F:/Desktop/DeepOnet_Abaqus/StaticElasticJob6.odb,Step-1,Increment      1: Step Time =    1.000,"PLATE-1",          1143,             1,   982.035E-03,   658.354E-03,            0.,"ASSEMBLY_PLATE-1__PICKEDSET2","ROCK","",      -1.04849,      -1.97817,      -1.95306,      -1.07361,   150.726E-03
F:/Desktop/DeepOnet_Abaqus/StaticElasticJob6.odb,Step-1,Increment      1: Step Time =    1.000,"PLATE-1",          1144,             1,       1.45308,   657.742E-03,            0.,"ASSEMBLY_PLATE-1__PICKEDSET2","ROCK","",  -856.587E-03,      -1.70491,      -1.68534,  -876.158E-03,  -127.355E-03
F:/Desktop/DeepOnet_Abaqus/StaticElasticJob6.odb,Step-1,Increment      1: Step Time =    1.000,"PLATE-1",          1145,             1,      -1.32271,   432.271E-03,            0.,"ASSEMBLY_PLATE-1__PICKEDSET2","ROCK","",      -1.02573,      -1.58966,      -1.58931,      -1.02608,  -14.0594E-03
F:/Desktop/DeepOnet_Abaqus/StaticElasticJob6.odb,Step-1,Increment      1: Step Time =    1.000,"PLATE-1",          1146,             1,      -1.29349,   497.715E-03,            0.,"ASSEMBLY_PLATE-1__PICKEDSET2","ROCK","",      -1.02261,      -1.59281,      -1.59224,      -1.02319,  -18.0346E-03
F:/Desktop/DeepOnet_Abaqus/StaticElasticJob6.odb,Step-1,Increment      1: Step Time =    1.000,"PLATE-1",          1147,             1,      -1.22426,   466.108E-03,            0.,"ASSEMBLY_PLATE-1__PICKEDSET2","ROCK","",      -1.02357,      -1.58942,      -1.58867,      -1.02432,  -20.6042E-03
F:/Desktop/DeepOnet_Abaqus/StaticElasticJob6.odb,Step-1,Increment      1: Step Time =    1.000,"PLATE-1",          1148,             1,      -1.06496,   462.787E-03,            0.,"ASSEMBLY_PLATE-1__PICKEDSET2","ROCK","",      -1.02214,      -1.58437,      -1.58242,      -1.02409,  -33.0791E-03
F:/Desktop/DeepOnet_Abaqus/StaticElasticJob6.odb,Step-1,Increment      1: Step Time =    1.000,"PLATE-1",          1149,             1,  -795.810E-03,   486.870E-03,            0.,"ASSEMBLY_PLATE-1__PICKEDSET2","ROCK","",  -996.495E-03,      -1.60526,      -1.59880,      -1.00296,  -62.3929E-03
F:/Desktop/DeepOnet_Abaqus/StaticElasticJob6.odb,Step-1,Increment      1: Step Time =    1.000,"PLATE-1",          1150,             1,  -672.387E-03,   484.380E-03,            0.,"ASSEMBLY_PLATE-1__PICKEDSET2","ROCK","",  -975.778E-03,      -1.62626,      -1.61624,  -985.801E-03,  -80.1203E-03
F:/Desktop/DeepOnet_Abaqus/StaticElasticJob6.odb,Step-1,Increment      1: Step Time =    1.000,"PLATE-1",          1151,             1,  -649.971E-03,   557.620E-03,            0.,"ASSEMBLY_PLATE-1__PICKEDSET2","ROCK","",  -967.969E-03,      -1.64684,      -1.64090,  -973.914E-03,  -63.2481E-03
F:/Desktop/DeepOnet_Abaqus/StaticElasticJob6.odb,Step-1,Increment      1: Step Time =    1.000,"PLATE-1",          1152,             1,      -1.18864,   526.941E-03,            0.,"ASSEMBLY_PLATE-1__PICKEDSET2","ROCK","",      -1.01990,      -1.59348,      -1.59248,      -1.02090,  -23.8801E-03
F:/Desktop/DeepOnet_Abaqus/StaticElasticJob6.odb,Step-1,Increment      1: Step Time =    1.000,"PLATE-1",          1153,             1,      -1.03327,   517.779E-03,            0.,"ASSEMBLY_PLATE-1__PICKEDSET2","ROCK","",      -1.01429,      -1.59491,      -1.59276,      -1.01644,  -35.2661E-03
F:/Desktop/DeepOnet_Abaqus/StaticElasticJob6.odb,Step-1,Increment      1: Step Time =    1.000,"PLATE-1",          1154,             1,  -997.446E-03,   467.969E-03,            0.,"ASSEMBLY_PLATE-1__PICKEDSET2","ROCK","",      -1.01807,      -1.58704,      -1.58437,      -1.02075,  -38.9234E-03
F:/Desktop/DeepOnet_Abaqus/StaticElasticJob6.odb,Step-1,Increment      1: Step Time =    1.000,"PLATE-1",          1155,             1,  -818.440E-03,   620.501E-03,            0.,"ASSEMBLY_PLATE-1__PICKEDSET2","ROCK","",  -991.640E-03,      -1.62187,      -1.61881,  -994.702E-03,  -43.8200E-03
F:/Desktop/DeepOnet_Abaqus/StaticElasticJob6.odb,Step-1,Increment      1: Step Time =    1.000,"PLATE-1",          1156,             1,  -271.789E-03,   457.795E-03,            0.,"ASSEMBLY_PLATE-1__PICKEDSET2","ROCK","",  -878.181E-03,      -1.84336,      -1.83880,  -882.740E-03,  -66.1795E-03
F:/Desktop/DeepOnet_Abaqus/StaticElasticJob6.odb,Step-1,Increment      1: Step Time =    1.000,"PLATE-1",          1157,             1,   263.582E-03,   447.323E-03,            0.,"ASSEMBLY_PLATE-1__PICKEDSET2","ROCK","",  -849.362E-03,      -1.94120,      -1.91806,  -872.500E-03,   157.253E-03
F:/Desktop/DeepOnet_Abaqus/StaticElasticJob6.odb,Step-1,Increment      1: Step Time =    1.000,"PLATE-1",          1158,             1,   283.192E-03,   567.819E-03,            0.,"ASSEMBLY_PLATE-1__PICKEDSET2","ROCK","",  -890.194E-03,      -1.87179,      -1.85556,  -906.430E-03,   125.194E-03
F:/Desktop/DeepOnet_Abaqus/StaticElasticJob6.odb,Step-1,Increment      1: Step Time =    1.000,"PLATE-1",          1159,             1,   480.464E-03,   532.617E-03,            0.,"ASSEMBLY_PLATE-1__PICKEDSET2","ROCK","",  -896.144E-03,      -1.85841,      -1.83576,  -918.794E-03,   145.885E-03
F:/Desktop/DeepOnet_Abaqus/StaticElasticJob6.odb,Step-1,Increment      1: Step Time =    1.000,"PLATE-1",          1160,             1,   962.236E-03,   526.238E-03,            0.,"ASSEMBLY_PLATE-1__PICKEDSET2","ROCK","",      -1.05068,      -1.80908,      -1.79149,      -1.06826,   114.138E-03
F:/Desktop/DeepOnet_Abaqus/StaticElasticJob6.odb,Step-1,Increment      1: Step Time =    1.000,"PLATE-1",          1161,             1,       1.05423,   591.988E-03,            0.,"ASSEMBLY_PLATE-1__PICKEDSET2","ROCK","",  -991.195E-03,      -1.87072,      -1.85569,      -1.00623,   113.994E-03
F:/Desktop/DeepOnet_Abaqus/StaticElasticJob6.odb,Step-1,Increment      1: Step Time =    1.000,"PLATE-1",          1162,             1,      -1.16935,   339.516E-03,            0.,"ASSEMBLY_PLATE-1__PICKEDSET2","ROCK","",      -1.03292,      -1.57458,      -1.57393,      -1.03357,  -18.8210E-03
F:/Desktop/DeepOnet_Abaqus/StaticElasticJob6.odb,Step-1,Increment      1: Step Time =    1.000,"PLATE-1",          1163,             1,      -1.15887,   224.932E-03,            0.,"ASSEMBLY_PLATE-1__PICKEDSET2","ROCK","",      -1.04103,      -1.56418,      -1.56403,      -1.04118,  -8.85643E-03
F:/Desktop/DeepOnet_Abaqus/StaticElasticJob6.odb,Step-1,Increment      1: Step Time =    1.000,"PLATE-1",          1164,             1,      -1.03420,   219.044E-03,            0.,"ASSEMBLY_PLATE-1__PICKEDSET2","ROCK","",      -1.04712,      -1.54976,      -1.54919,      -1.04770,  -17.0435E-03
F:/Desktop/DeepOnet_Abaqus/StaticElasticJob6.odb,Step-1,Increment      1: Step Time =    1.000,"PLATE-1",          1165,             1,  -887.436E-03,   223.534E-03,            0.,"ASSEMBLY_PLATE-1__PICKEDSET2","ROCK","",      -1.05354,      -1.52867,      -1.52573,      -1.05648,  -37.2521E-03
F:/Desktop/DeepOnet_Abaqus/StaticElasticJob6.odb,Step-1,Increment      1: Step Time =    1.000,"PLATE-1",          1166,             1,  -957.556E-03,   102.835E-03,            0.,"ASSEMBLY_PLATE-1__PICKEDSET2","ROCK","",      -1.06369,      -1.52456,      -1.52455,      -1.06371,  -2.67977E-03
F:/Desktop/DeepOnet_Abaqus/StaticElasticJob6.odb,Step-1,Increment      1: Step Time =    1.000,"PLATE-1",          1167,             1,  -906.222E-03,   42.5235E-03,            0.,"ASSEMBLY_PLATE-1__PICKEDSET2","ROCK","",      -1.07238,      -1.51061,      -1.51026,      -1.07273,   12.3489E-03
F:/Desktop/DeepOnet_Abaqus/StaticElasticJob6.odb,Step-1,Increment      1: Step Time =    1.000,"PLATE-1",          1168,             1,  -965.384E-03,   345.774E-03,            0.,"ASSEMBLY_PLATE-1__PICKEDSET2","ROCK","",      -1.03299,      -1.56288,      -1.55988,      -1.03599,  -39.7612E-03
F:/Desktop/DeepOnet_Abaqus/StaticElasticJob6.odb,Step-1,Increment      1: Step Time =    1.000,"PLATE-1",          1169,             1,  -894.769E-03,   286.265E-03,            0.,"ASSEMBLY_PLATE-1__PICKEDSET2","ROCK","",      -1.04124,      -1.54587,      -1.54176,      -1.04536,  -45.3793E-03
F:/Desktop/DeepOnet_Abaqus/StaticElasticJob6.odb,Step-1,Increment      1: Step Time =    1.000,"PLATE-1",          1170,             1,  -841.499E-03,   58.5829E-03,            0.,"ASSEMBLY_PLATE-1__PICKEDSET2","ROCK","",      -1.08217,      -1.49085,      -1.49083,      -1.08218,   2.47895E-03
F:/Desktop/DeepOnet_Abaqus/StaticElasticJob6.odb,Step-1,Increment      1: Step Time =    1.000,"PLATE-1",          1171,             1,  -649.929E-03,  -53.3957E-03,            0.,"ASSEMBLY_PLATE-1__PICKEDSET2","ROCK","",      -1.11846,      -1.41693,      -1.40199,      -1.13340,   65.0938E-03
F:/Desktop/DeepOnet_Abaqus/StaticElasticJob6.odb,Step-1,Increment      1: Step Time =    1.000,"PLATE-1",          1172,             1,  -437.081E-03,   146.259E-03,            0.,"ASSEMBLY_PLATE-1__PICKEDSET2","ROCK","",  -934.839E-03,      -1.46977,      -1.27443,      -1.13017,  -257.554E-03
F:/Desktop/DeepOnet_Abaqus/StaticElasticJob6.odb,Step-1,Increment      1: Step Time =    1.000,"PLATE-1",          1173,             1,  -738.818E-03,   375.293E-03,            0.,"ASSEMBLY_PLATE-1__PICKEDSET2","ROCK","",      -1.00542,      -1.57942,      -1.56713,      -1.01771,  -83.1007E-03
F:/Desktop/DeepOnet_Abaqus/StaticElasticJob6.odb,Step-1,Increment      1: Step Time =    1.000,"PLATE-1",          1174,             1,  -682.706E-03,   6.46744E-03,            0.,"ASSEMBLY_PLATE-1__PICKEDSET2","ROCK","",      -1.12586,      -1.41008,      -1.40849,      -1.12744,   21.1874E-03
F:/Desktop/DeepOnet_Abaqus/StaticElasticJob6.odb,Step-1,Increment      1: Step Time =    1.000,"PLATE-1",          1175,             1,  -644.158E-03,   433.979E-03,            0.,"ASSEMBLY_PLATE-1__PICKEDSET2","ROCK","",  -972.528E-03,      -1.62154,      -1.60704,  -987.024E-03,  -95.9066E-03
F:/Desktop/DeepOnet_Abaqus/StaticElasticJob6.odb,Step-1,Increment      1: Step Time =    1.000,"PLATE-1",          1176,             1,   134.195E-03,   193.606E-03,            0.,"ASSEMBLY_PLATE-1__PICKEDSET2","ROCK","",  -334.305E-03,      -2.65767,      -2.15356,  -838.414E-03,   957.655E-03
F:/Desktop/DeepOnet_Abaqus/StaticElasticJob6.odb,Step-1,Increment      1: Step Time =    1.000,"PLATE-1",          1177,             1,   969.189E-03,   270.650E-03,            0.,"ASSEMBLY_PLATE-1__PICKEDSET2","ROCK","",      -1.06540,      -1.65630,      -1.64486,      -1.07684,   81.4159E-03
F:/Desktop/DeepOnet_Abaqus/StaticElasticJob6.odb,Step-1,Increment      1: Step Time =    1.000,"PLATE-1",          1178,             1,       1.12623,   258.232E-03,            0.,"ASSEMBLY_PLATE-1__PICKEDSET2","ROCK","",      -1.02903,      -1.67302,      -1.66696,      -1.03509,   62.1893E-03
F:/Desktop/DeepOnet_Abaqus/StaticElasticJob6.odb,Step-1,Increment      1: Step Time =    1.000,"PLATE-1",          1179,             1,       1.22814,   400.900E-03,            0.,"ASSEMBLY_PLATE-1__PICKEDSET2","ROCK","",  -970.148E-03,      -1.72956,      -1.72658,  -973.134E-03,   47.5204E-03
F:/Desktop/DeepOnet_Abaqus/StaticElasticJob6.odb,Step-1,Increment      1: Step Time =    1.000,"PLATE-1",          1180,             1,       1.02964,   453.167E-03,            0.,"ASSEMBLY_PLATE-1__PICKEDSET2","ROCK","",      -1.02212,      -1.76021,      -1.74630,      -1.03603,   100.371E-03
F:/Desktop/DeepOnet_Abaqus/StaticElasticJob6.odb,Step-1,Increment      1: Step Time =    1.000,"PLATE-1",          1181,             1,   939.216E-03,   406.239E-03,            0.,"ASSEMBLY_PLATE-1__PICKEDSET2","ROCK","",      -1.06020,      -1.72901,      -1.71251,      -1.07671,   103.763E-03
F:/Desktop/DeepOnet_Abaqus/StaticElasticJob6.odb,Step-1,Increment      1: Step Time =    1.000,"PLATE-1",          1182,             1,      -1.18464,   164.696E-03,            0.,"ASSEMBLY_PLATE-1__PICKEDSET2","ROCK","",      -1.04239,      -1.56438,      -1.56437,      -1.04239,  -1.31080E-03
F:/Desktop/DeepOnet_Abaqus/StaticElasticJob6.odb,Step-1,Increment      1: Step Time =    1.000,"PLATE-1",          1183,             1,   611.980E-03,   17.3465E-03,            0.,"ASSEMBLY_PLATE-1__PICKEDSET2","ROCK","",      -1.18335,      -1.38843,      -1.38693,      -1.18485,   17.4828E-03
F:/Desktop/DeepOnet_Abaqus/StaticElasticJob6.odb,Step-1,Increment      1: Step Time =    1.000,"PLATE-1",          1184,             1,   932.988E-03,   44.7355E-03,            0.,"ASSEMBLY_PLATE-1__PICKEDSET2","ROCK","",      -1.09740,      -1.57060,      -1.56910,      -1.09890,   26.5872E-03
F:/Desktop/DeepOnet_Abaqus/StaticElasticJob6.odb,Step-1,Increment      1: Step Time =    1.000,"PLATE-1",          1185,             1,   950.542E-03,   120.918E-03,            0.,"ASSEMBLY_PLATE-1__PICKEDSET2","ROCK","",      -1.08650,      -1.59447,      -1.58984,      -1.09113,   48.2991E-03
F:/Desktop/DeepOnet_Abaqus/StaticElasticJob6.odb,Step-1,Increment      1: Step Time =    1.000,"PLATE-1",          1186,             1,   728.764E-03,   122.032E-03,            0.,"ASSEMBLY_PLATE-1__PICKEDSET2","ROCK","",      -1.11828,      -1.52374,      -1.51044,      -1.13158,   72.2105E-03
F:/Desktop/DeepOnet_Abaqus/StaticElasticJob6.odb,Step-1,Increment      1: Step Time =    1.000,"PLATE-1",          1187,             1,       1.15261,   1.55589E-03,            0.,"ASSEMBLY_PLATE-1__PICKEDSET2","ROCK","",      -1.05142,      -1.61609,      -1.61563,      -1.05188,   16.1134E-03
F:/Desktop/DeepOnet_Abaqus/StaticElasticJob6.odb,Step-1,Increment      1: Step Time =    1.000,"PLATE-1",          1188,             1,       1.21649,   131.849E-03,            0.,"ASSEMBLY_PLATE-1__PICKEDSET2","ROCK","",      -1.02852,      -1.64645,      -1.64468,      -1.03029,   33.0276E-03
F:/Desktop/DeepOnet_Abaqus/StaticElasticJob6.odb,Step-1,Increment      1: Step Time =    1.000,"PLATE-1",          1189,             1,       1.37627,   134.829E-03,            0.,"ASSEMBLY_PLATE-1__PICKEDSET2","ROCK","",  -998.106E-03,      -1.66155,      -1.66124,  -998.411E-03,   14.2342E-03
F:/Desktop/DeepOnet_Abaqus/StaticElasticJob6.odb,Step-1,Increment      1: Step Time =    1.000,"PLATE-1",          1190,             1,      -1.41892,  -120.406E-03,            0.,"ASSEMBLY_PLATE-1__PICKEDSET2","ROCK","",      -1.02939,      -1.59162,      -1.59059,      -1.03042,   24.0330E-03
F:/Desktop/DeepOnet_Abaqus/StaticElasticJob6.odb,Step-1,Increment      1: Step Time =    1.000,"PLATE-1",          1191,             1,      -1.30091,  -149.015E-03,            0.,"ASSEMBLY_PLATE-1__PICKEDSET2","ROCK","",      -1.03282,      -1.58507,      -1.58356,      -1.03433,   28.8876E-03
F:/Desktop/DeepOnet_Abaqus/StaticElasticJob6.odb,Step-1,Increment      1: Step Time =    1.000,"PLATE-1",          1192,             1,      -1.14254,  -141.004E-03,            0.,"ASSEMBLY_PLATE-1__PICKEDSET2","ROCK","",      -1.03997,      -1.57130,      -1.56889,      -1.04238,   35.6857E-03
F:/Desktop/DeepOnet_Abaqus/StaticElasticJob6.odb,Step-1,Increment      1: Step Time =    1.000,"PLATE-1",          1193,             1,  -902.996E-03,  -26.0581E-03,            0.,"ASSEMBLY_PLATE-1__PICKEDSET2","ROCK","",      -1.06997,      -1.51653,      -1.51466,      -1.07184,   28.8240E-03
F:/Desktop/DeepOnet_Abaqus/StaticElasticJob6.odb,Step-1,Increment      1: Step Time =    1.000,"PLATE-1",          1194,             1,  -824.741E-03,  -11.5763E-03,            0.,"ASSEMBLY_PLATE-1__PICKEDSET2","ROCK","",      -1.08470,      -1.48790,      -1.48595,      -1.08664,   27.9645E-03
F:/Desktop/DeepOnet_Abaqus/StaticElasticJob6.odb,Step-1,Increment      1: Step Time =    1.000,"PLATE-1",          1195,             1,  -727.598E-03,  -155.409E-03,            0.,"ASSEMBLY_PLATE-1__PICKEDSET2","ROCK","",      -1.06184,      -1.51461,      -1.49306,      -1.08339,   96.4018E-03
F:/Desktop/DeepOnet_Abaqus/StaticElasticJob6.odb,Step-1,Increment      1: Step Time =    1.000,"PLATE-1",          1196,             1,  -725.637E-03,   43.9926E-03,            0.,"ASSEMBLY_PLATE-1__PICKEDSET2","ROCK","",      -1.10906,      -1.43878,      -1.43877,      -1.10906,   1.04058E-03
F:/Desktop/DeepOnet_Abaqus/StaticElasticJob6.odb,Step-1,Increment      1: Step Time =    1.000,"PLATE-1",          1197,             1,  -643.590E-03,   30.0760E-03,            0.,"ASSEMBLY_PLATE-1__PICKEDSET2","ROCK","",      -1.13965,      -1.38173,      -1.38167,      -1.13972,   3.93813E-03
F:/Desktop/DeepOnet_Abaqus/StaticElasticJob6.odb,Step-1,Increment      1: Step Time =    1.000,"PLATE-1",          1198,             1,      -1.00703,   35.8344E-03,            0.,"ASSEMBLY_PLATE-1__PICKEDSET2","ROCK","",      -1.06066,      -1.53315,      -1.53278,      -1.06103,   13.1628E-03
F:/Desktop/DeepOnet_Abaqus/StaticElasticJob6.odb,Step-1,Increment      1: Step Time =    1.000,"PLATE-1",          1199,             1,      -1.24235,  -10.3899E-03,            0.,"ASSEMBLY_PLATE-1__PICKEDSET2","ROCK","",      -1.04002,      -1.57164,      -1.57101,      -1.04065,   18.3416E-03
F:/Desktop/DeepOnet_Abaqus/StaticElasticJob6.odb,Step-1,Increment      1: Step Time =    1.000,"PLATE-1",          1200,             1,      -1.36440,  -371.460E-03,            0.,"ASSEMBLY_PLATE-1__PICKEDSET2","ROCK","",      -1.01962,      -1.60709,      -1.60465,      -1.02206,   37.7487E-03
F:/Desktop/DeepOnet_Abaqus/StaticElasticJob6.odb,Step-1,Increment      1: Step Time =    1.000,"PLATE-1",          1201,             1,      -1.21400,  -510.081E-03,            0.,"ASSEMBLY_PLATE-1__PICKEDSET2","ROCK","",      -1.01077,      -1.62065,      -1.61681,      -1.01461,   48.2508E-03
F:/Desktop/DeepOnet_Abaqus/StaticElasticJob6.odb,Step-1,Increment      1: Step Time =    1.000,"PLATE-1",          1202,             1,      -1.10913,  -645.548E-03,            0.,"ASSEMBLY_PLATE-1__PICKEDSET2","ROCK","",      -1.00053,      -1.63822,      -1.63402,      -1.00474,   51.6063E-03
F:/Desktop/DeepOnet_Abaqus/StaticElasticJob6.odb,Step-1,Increment      1: Step Time =    1.000,"PLATE-1",          1203,             1,  -895.777E-03,  -728.738E-03,            0.,"ASSEMBLY_PLATE-1__PICKEDSET2","ROCK","",  -989.008E-03,      -1.66118,      -1.65655,  -993.633E-03,   55.5609E-03
F:/Desktop/DeepOnet_Abaqus/StaticElasticJob6.odb,Step-1,Increment      1: Step Time =    1.000,"PLATE-1",          1204,             1,  -737.704E-03,  -889.515E-03,            0.,"ASSEMBLY_PLATE-1__PICKEDSET2","ROCK","",  -983.070E-03,      -1.68167,      -1.67910,  -985.649E-03,   42.3650E-03
F:/Desktop/DeepOnet_Abaqus/StaticElasticJob6.odb,Step-1,Increment      1: Step Time =    1.000,"PLATE-1",          1205,             1,  -572.916E-03,      -1.08482,            0.,"ASSEMBLY_PLATE-1__PICKEDSET2","ROCK","",  -986.358E-03,      -1.68698,      -1.68613,  -987.202E-03,   24.3044E-03
F:/Desktop/DeepOnet_Abaqus/StaticElasticJob6.odb,Step-1,Increment      1: Step Time =    1.000,"PLATE-1",          1206,             1,  -408.500E-03,      -1.19341,            0.,"ASSEMBLY_PLATE-1__PICKEDSET2","ROCK","",  -989.586E-03,      -1.68889,      -1.68860,  -989.872E-03,   14.1585E-03
F:/Desktop/DeepOnet_Abaqus/StaticElasticJob6.odb,Step-1,Increment      1: Step Time =    1.000,"PLATE-1",          1207,             1,  -280.690E-03,      -1.35862,            0.,"ASSEMBLY_PLATE-1__PICKEDSET2","ROCK","",  -994.862E-03,      -1.68173,      -1.68167,  -994.923E-03,   6.48548E-03
F:/Desktop/DeepOnet_Abaqus/StaticElasticJob6.odb,Step-1,Increment      1: Step Time =    1.000,"PLATE-1",          1208,             1,  -167.838E-03,      -1.45109,            0.,"ASSEMBLY_PLATE-1__PICKEDSET2","ROCK","",  -997.637E-03,      -1.67785,      -1.67784,  -997.648E-03,   2.61889E-03
F:/Desktop/DeepOnet_Abaqus/StaticElasticJob6.odb,Step-1,Increment      1: Step Time =    1.000,"PLATE-1",          1209,             1,      -1.24476,  -253.129E-03,            0.,"ASSEMBLY_PLATE-1__PICKEDSET2","ROCK","",      -1.02809,      -1.59185,      -1.58897,      -1.03098,   40.2162E-03
F:/Desktop/DeepOnet_Abaqus/StaticElasticJob6.odb,Step-1,Increment      1: Step Time =    1.000,"PLATE-1",          1210,             1,      -1.26642,  -314.934E-03,            0.,"ASSEMBLY_PLATE-1__PICKEDSET2","ROCK","",      -1.02396,      -1.59909,      -1.59606,      -1.02698,   41.5764E-03
F:/Desktop/DeepOnet_Abaqus/StaticElasticJob6.odb,Step-1,Increment      1: Step Time =    1.000,"PLATE-1",          1211,             1,      -1.07789,  -495.036E-03,            0.,"ASSEMBLY_PLATE-1__PICKEDSET2","ROCK","",      -1.00897,      -1.62201,      -1.61649,      -1.01450,   57.9330E-03
F:/Desktop/DeepOnet_Abaqus/StaticElasticJob6.odb,Step-1,Increment      1: Step Time =    1.000,"PLATE-1",          1212,             1,  -915.394E-03,  -660.004E-03,            0.,"ASSEMBLY_PLATE-1__PICKEDSET2","ROCK","",  -992.168E-03,      -1.65311,      -1.64748,  -997.793E-03,   60.7165E-03
F:/Desktop/DeepOnet_Abaqus/StaticElasticJob6.odb,Step-1,Increment      1: Step Time =    1.000,"PLATE-1",          1213,             1,  -489.434E-03,      -1.11240,            0.,"ASSEMBLY_PLATE-1__PICKEDSET2","ROCK","",  -986.770E-03,      -1.69069,      -1.69010,  -987.354E-03,   20.2664E-03
F:/Desktop/DeepOnet_Abaqus/StaticElasticJob6.odb,Step-1,Increment      1: Step Time =    1.000,"PLATE-1",          1214,             1,  -214.416E-03,      -1.24539,            0.,"ASSEMBLY_PLATE-1__PICKEDSET2","ROCK","",  -992.317E-03,      -1.69033,      -1.69027,  -992.378E-03,   6.51982E-03
F:/Desktop/DeepOnet_Abaqus/StaticElasticJob6.odb,Step-1,Increment      1: Step Time =    1.000,"PLATE-1",          1215,             1,      -1.09921,  -287.514E-03,            0.,"ASSEMBLY_PLATE-1__PICKEDSET2","ROCK","",      -1.02804,      -1.58949,      -1.58438,      -1.03315,   53.3254E-03
F:/Desktop/DeepOnet_Abaqus/StaticElasticJob6.odb,Step-1,Increment      1: Step Time =    1.000,"PLATE-1",          1216,             1,      -1.08735,  -382.713E-03,            0.,"ASSEMBLY_PLATE-1__PICKEDSET2","ROCK","",      -1.01913,      -1.60432,      -1.59854,      -1.02492,   57.8897E-03
F:/Desktop/DeepOnet_Abaqus/StaticElasticJob6.odb,Step-1,Increment      1: Step Time =    1.000,"PLATE-1",          1217,             1,  -779.123E-03,  -629.867E-03,            0.,"ASSEMBLY_PLATE-1__PICKEDSET2","ROCK","",  -984.909E-03,      -1.66697,      -1.65928,  -992.593E-03,   71.9834E-03
F:/Desktop/DeepOnet_Abaqus/StaticElasticJob6.odb,Step-1,Increment      1: Step Time =    1.000,"PLATE-1",          1218,             1,  -642.016E-03,  -750.697E-03,            0.,"ASSEMBLY_PLATE-1__PICKEDSET2","ROCK","",  -977.866E-03,      -1.69113,      -1.68629,  -982.704E-03,   58.5410E-03
F:/Desktop/DeepOnet_Abaqus/StaticElasticJob6.odb,Step-1,Increment      1: Step Time =    1.000,"PLATE-1",          1219,             1,  -468.002E-03,  -855.036E-03,            0.,"ASSEMBLY_PLATE-1__PICKEDSET2","ROCK","",  -976.356E-03,      -1.70938,      -1.70716,  -978.573E-03,   40.2484E-03
F:/Desktop/DeepOnet_Abaqus/StaticElasticJob6.odb,Step-1,Increment      1: Step Time =    1.000,"PLATE-1",          1220,             1,      -1.00659,  -237.338E-03,            0.,"ASSEMBLY_PLATE-1__PICKEDSET2","ROCK","",      -1.03547,      -1.57505,      -1.56853,      -1.04198,   58.9391E-03
F:/Desktop/DeepOnet_Abaqus/StaticElasticJob6.odb,Step-1,Increment      1: Step Time =    1.000,"PLATE-1",          1221,             1,  -947.946E-03,  -323.002E-03,            0.,"ASSEMBLY_PLATE-1__PICKEDSET2","ROCK","",      -1.02354,      -1.59301,      -1.58366,      -1.03289,   72.3705E-03
F:/Desktop/DeepOnet_Abaqus/StaticElasticJob6.odb,Step-1,Increment      1: Step Time =    1.000,"PLATE-1",          1222,             1,  -872.732E-03,  -495.957E-03,            0.,"ASSEMBLY_PLATE-1__PICKEDSET2","ROCK","",  -998.701E-03,      -1.63674,      -1.62688,      -1.00856,   78.7135E-03
F:/Desktop/DeepOnet_Abaqus/StaticElasticJob6.odb,Step-1,Increment      1: Step Time =    1.000,"PLATE-1",          1223,             1,  -580.765E-03,  -658.204E-03,            0.,"ASSEMBLY_PLATE-1__PICKEDSET2","ROCK","",  -971.960E-03,      -1.70300,      -1.69550,  -979.460E-03,   73.6655E-03
F:/Desktop/DeepOnet_Abaqus/StaticElasticJob6.odb,Step-1,Increment      1: Step Time =    1.000,"PLATE-1",          1224,             1,  -407.707E-03,  -830.151E-03,            0.,"ASSEMBLY_PLATE-1__PICKEDSET2","ROCK","",  -973.638E-03,      -1.71904,      -1.71660,  -976.076E-03,   42.5533E-03
F:/Desktop/DeepOnet_Abaqus/StaticElasticJob6.odb,Step-1,Increment      1: Step Time =    1.000,"PLATE-1",          1225,             1,  -304.236E-03,  -928.761E-03,            0.,"ASSEMBLY_PLATE-1__PICKEDSET2","ROCK","",  -977.999E-03,      -1.71765,      -1.71684,  -978.810E-03,   24.4749E-03
F:/Desktop/DeepOnet_Abaqus/StaticElasticJob6.odb,Step-1,Increment      1: Step Time =    1.000,"PLATE-1",          1226,             1,  -239.248E-03,      -1.05306,            0.,"ASSEMBLY_PLATE-1__PICKEDSET2","ROCK","",  -984.461E-03,      -1.70690,      -1.70664,  -984.724E-03,   13.7649E-03
F:/Desktop/DeepOnet_Abaqus/StaticElasticJob6.odb,Step-1,Increment      1: Step Time =    1.000,"PLATE-1",          1227,             1,  -722.741E-03,  -218.834E-03,            0.,"ASSEMBLY_PLATE-1__PICKEDSET2","ROCK","",      -1.03877,      -1.55404,      -1.52726,      -1.06556,   114.388E-03
F:/Desktop/DeepOnet_Abaqus/StaticElasticJob6.odb,Step-1,Increment      1: Step Time =    1.000,"PLATE-1",          1228,             1,  -675.855E-03,  -436.033E-03,            0.,"ASSEMBLY_PLATE-1__PICKEDSET2","ROCK","",  -986.019E-03,      -1.65411,      -1.63432,      -1.00581,   113.261E-03
F:/Desktop/DeepOnet_Abaqus/StaticElasticJob6.odb,Step-1,Increment      1: Step Time =    1.000,"PLATE-1",          1229,             1,  -502.235E-03,  -720.763E-03,            0.,"ASSEMBLY_PLATE-1__PICKEDSET2","ROCK","",  -970.722E-03,      -1.71578,      -1.71080,  -975.701E-03,   60.6985E-03
F:/Desktop/DeepOnet_Abaqus/StaticElasticJob6.odb,Step-1,Increment      1: Step Time =    1.000,"PLATE-1",          1230,             1,  -347.802E-03,  -801.713E-03,            0.,"ASSEMBLY_PLATE-1__PICKEDSET2","ROCK","",  -968.694E-03,      -1.73323,      -1.73082,  -971.104E-03,   42.8613E-03
F:/Desktop/DeepOnet_Abaqus/StaticElasticJob6.odb,Step-1,Increment      1: Step Time =    1.000,"PLATE-1",          1231,             1,  -598.251E-03,  -208.438E-03,            0.,"ASSEMBLY_PLATE-1__PICKEDSET2","ROCK","",      -1.02049,      -1.56193,      -1.50420,      -1.07821,   167.100E-03
F:/Desktop/DeepOnet_Abaqus/StaticElasticJob6.odb,Step-1,Increment      1: Step Time =    1.000,"PLATE-1",          1232,             1,  -433.782E-03,  -479.288E-03,            0.,"ASSEMBLY_PLATE-1__PICKEDSET2","ROCK","",  -952.399E-03,      -1.74741,      -1.72485,  -974.964E-03,   132.022E-03
F:/Desktop/DeepOnet_Abaqus/StaticElasticJob6.odb,Step-1,Increment      1: Step Time =    1.000,"PLATE-1",          1233,             1,  -256.403E-03,  -610.553E-03,            0.,"ASSEMBLY_PLATE-1__PICKEDSET2","ROCK","",  -940.276E-03,      -1.79429,      -1.78639,  -948.168E-03,   81.7167E-03
F:/Desktop/DeepOnet_Abaqus/StaticElasticJob6.odb,Step-1,Increment      1: Step Time =    1.000,"PLATE-1",          1234,             1,  -211.414E-03,  -663.177E-03,            0.,"ASSEMBLY_PLATE-1__PICKEDSET2","ROCK","",  -944.342E-03,      -1.78640,      -1.78230,  -948.451E-03,   58.6795E-03
F:/Desktop/DeepOnet_Abaqus/StaticElasticJob6.odb,Step-1,Increment      1: Step Time =    1.000,"PLATE-1",          1235,             1,  -426.164E-03,  -280.852E-03,            0.,"ASSEMBLY_PLATE-1__PICKEDSET2","ROCK","",  -931.917E-03,      -1.72954,      -1.63686,      -1.02459,   255.601E-03
F:/Desktop/DeepOnet_Abaqus/StaticElasticJob6.odb,Step-1,Increment      1: Step Time =    1.000,"PLATE-1",          1236,             1,  -257.849E-03,  -433.401E-03,            0.,"ASSEMBLY_PLATE-1__PICKEDSET2","ROCK","",  -907.102E-03,      -1.87150,      -1.83591,  -942.686E-03,   181.797E-03
F:/Desktop/DeepOnet_Abaqus/StaticElasticJob6.odb,Step-1,Increment      1: Step Time =    1.000,"PLATE-1",          1237,             1,   137.463E-03,  -197.847E-03,            0.,"ASSEMBLY_PLATE-1__PICKEDSET2","ROCK","",  -126.742E-03,      -2.79745,      -2.58164,  -342.558E-03,  -727.877E-03
F:/Desktop/DeepOnet_Abaqus/StaticElasticJob6.odb,Step-1,Increment      1: Step Time =    1.000,"PLATE-1",          1238,             1,   352.257E-03,  -258.840E-03,            0.,"ASSEMBLY_PLATE-1__PICKEDSET2","ROCK","",  -905.275E-03,      -1.81098,      -1.67471,      -1.04154,  -323.800E-03
F:/Desktop/DeepOnet_Abaqus/StaticElasticJob6.odb,Step-1,Increment      1: Step Time =    1.000,"PLATE-1",          1239,             1,   795.137E-03,  -383.058E-03,            0.,"ASSEMBLY_PLATE-1__PICKEDSET2","ROCK","",      -1.03257,      -1.62483,      -1.61306,      -1.04434,  -82.6608E-03
F:/Desktop/DeepOnet_Abaqus/StaticElasticJob6.odb,Step-1,Increment      1: Step Time =    1.000,"PLATE-1",          1240,             1,      -1.45270,  -358.929E-03,            0.,"ASSEMBLY_PLATE-1__PICKEDSET2","ROCK","",      -1.01916,      -1.60854,      -1.60664,      -1.02106,   33.3969E-03
F:/Desktop/DeepOnet_Abaqus/StaticElasticJob6.odb,Step-1,Increment      1: Step Time =    1.000,"PLATE-1",          1241,             1,      -1.37380,  -451.403E-03,            0.,"ASSEMBLY_PLATE-1__PICKEDSET2","ROCK","",      -1.01506,      -1.61455,      -1.61199,      -1.01762,   39.1066E-03
F:/Desktop/DeepOnet_Abaqus/StaticElasticJob6.odb,Step-1,Increment      1: Step Time =    1.000,"PLATE-1",          1242,             1,      -1.20484,  -568.726E-03,            0.,"ASSEMBLY_PLATE-1__PICKEDSET2","ROCK","",      -1.00695,      -1.62701,      -1.62319,      -1.01077,   48.5025E-03
F:/Desktop/DeepOnet_Abaqus/StaticElasticJob6.odb,Step-1,Increment      1: Step Time =    1.000,"PLATE-1",          1243,             1,      -1.02970,  -798.287E-03,            0.,"ASSEMBLY_PLATE-1__PICKEDSET2","ROCK","",  -993.252E-03,      -1.65373,      -1.65049,  -996.494E-03,   46.1574E-03
F:/Desktop/DeepOnet_Abaqus/StaticElasticJob6.odb,Step-1,Increment      1: Step Time =    1.000,"PLATE-1",          1244,             1,  -935.796E-03,  -935.403E-03,            0.,"ASSEMBLY_PLATE-1__PICKEDSET2","ROCK","",  -988.743E-03,      -1.66601,      -1.66379,  -990.960E-03,   38.6893E-03
F:/Desktop/DeepOnet_Abaqus/StaticElasticJob6.odb,Step-1,Increment      1: Step Time =    1.000,"PLATE-1",          1245,             1,  -794.405E-03,      -1.01720,            0.,"ASSEMBLY_PLATE-1__PICKEDSET2","ROCK","",  -987.296E-03,      -1.67460,      -1.67303,  -988.867E-03,   32.8253E-03
F:/Desktop/DeepOnet_Abaqus/StaticElasticJob6.odb,Step-1,Increment      1: Step Time =    1.000,"PLATE-1",          1246,             1,  -649.623E-03,      -1.28151,            0.,"ASSEMBLY_PLATE-1__PICKEDSET2","ROCK","",  -991.629E-03,      -1.67539,      -1.67499,  -992.028E-03,   16.5082E-03
F:/Desktop/DeepOnet_Abaqus/StaticElasticJob6.odb,Step-1,Increment      1: Step Time =    1.000,"PLATE-1",          1247,             1,  -375.913E-03,      -1.36598,            0.,"ASSEMBLY_PLATE-1__PICKEDSET2","ROCK","",  -994.449E-03,      -1.67945,      -1.67934,  -994.554E-03,   8.46854E-03
F:/Desktop/DeepOnet_Abaqus/StaticElasticJob6.odb,Step-1,Increment      1: Step Time =    1.000,"PLATE-1",          1248,             1,      -1.28314,  -381.228E-03,            0.,"ASSEMBLY_PLATE-1__PICKEDSET2","ROCK","",      -1.01926,      -1.60676,      -1.60358,      -1.02243,   43.0819E-03
F:/Desktop/DeepOnet_Abaqus/StaticElasticJob6.odb,Step-1,Increment      1: Step Time =    1.000,"PLATE-1",          1249,             1,  -663.206E-03,  -372.614E-03,            0.,"ASSEMBLY_PLATE-1__PICKEDSET2","ROCK","",  -991.491E-03,      -1.63741,      -1.61045,      -1.01845,   129.176E-03
F:/Desktop/DeepOnet_Abaqus/StaticElasticJob6.odb,Step-1,Increment      1: Step Time =    1.000,"PLATE-1",          1250,             1,  -537.512E-03,  -288.717E-03,            0.,"ASSEMBLY_PLATE-1__PICKEDSET2","ROCK","",  -975.920E-03,      -1.64473,      -1.58428,      -1.03637,   191.762E-03
F:/Desktop/DeepOnet_Abaqus/StaticElasticJob6.odb,Step-1,Increment      1: Step Time =    1.000,"PLATE-1",          1251,             1,   69.9061E-03,  -487.054E-03,            0.,"ASSEMBLY_PLATE-1__PICKEDSET2","ROCK","",  -835.015E-03,      -1.95130,      -1.94772,  -838.594E-03,  -63.1052E-03
F:/Desktop/DeepOnet_Abaqus/StaticElasticJob6.odb,Step-1,Increment      1: Step Time =    1.000,"PLATE-1",          1252,             1,   399.037E-03,  -492.057E-03,            0.,"ASSEMBLY_PLATE-1__PICKEDSET2","ROCK","",  -955.933E-03,      -1.76628,      -1.74554,  -976.674E-03,  -127.975E-03
F:/Desktop/DeepOnet_Abaqus/StaticElasticJob6.odb,Step-1,Increment      1: Step Time =    1.000,"PLATE-1",          1253,             1,   473.199E-03,  -506.350E-03,            0.,"ASSEMBLY_PLATE-1__PICKEDSET2","ROCK","",  -969.648E-03,      -1.73349,      -1.71623,  -986.905E-03,  -113.507E-03
F:/Desktop/DeepOnet_Abaqus/StaticElasticJob6.odb,Step-1,Increment      1: Step Time =    1.000,"PLATE-1",          1254,             1,   572.224E-03,  -566.884E-03,            0.,"ASSEMBLY_PLATE-1__PICKEDSET2","ROCK","",  -983.859E-03,      -1.70588,      -1.69453,  -995.202E-03,  -89.7872E-03
F:/Desktop/DeepOnet_Abaqus/StaticElasticJob6.odb,Step-1,Increment      1: Step Time =    1.000,"PLATE-1",          1255,             1,   647.657E-03,  -531.226E-03,            0.,"ASSEMBLY_PLATE-1__PICKEDSET2","ROCK","",  -993.991E-03,      -1.68513,      -1.67291,      -1.00621,  -91.0758E-03
F:/Desktop/DeepOnet_Abaqus/StaticElasticJob6.odb,Step-1,Increment      1: Step Time =    1.000,"PLATE-1",          1256,             1,   221.603E-03,  -436.454E-03,            0.,"ASSEMBLY_PLATE-1__PICKEDSET2","ROCK","",  -889.701E-03,      -1.90591,      -1.87300,  -922.607E-03,  -179.879E-03
F:/Desktop/DeepOnet_Abaqus/StaticElasticJob6.odb,Step-1,Increment      1: Step Time =    1.000,"PLATE-1",          1257,             1,   856.543E-03,  -462.618E-03,            0.,"ASSEMBLY_PLATE-1__PICKEDSET2","ROCK","",      -1.02320,      -1.63872,      -1.63081,      -1.03111,  -69.3329E-03
F:/Desktop/DeepOnet_Abaqus/StaticElasticJob6.odb,Step-1,Increment      1: Step Time =    1.000,"PLATE-1",          1258,             1,   952.149E-03,  -398.187E-03,            0.,"ASSEMBLY_PLATE-1__PICKEDSET2","ROCK","",      -1.03517,      -1.62463,      -1.61939,      -1.04042,  -55.3626E-03
F:/Desktop/DeepOnet_Abaqus/StaticElasticJob6.odb,Step-1,Increment      1: Step Time =    1.000,"PLATE-1",          1259,             1,      -1.33677,  -703.340E-03,            0.,"ASSEMBLY_PLATE-1__PICKEDSET2","ROCK","",      -1.00370,      -1.63426,      -1.63179,      -1.00617,   39.3526E-03
F:/Desktop/DeepOnet_Abaqus/StaticElasticJob6.odb,Step-1,Increment      1: Step Time =    1.000,"PLATE-1",          1260,             1,  -974.632E-03,  -690.758E-03,            0.,"ASSEMBLY_PLATE-1__PICKEDSET2","ROCK","",  -993.716E-03,      -1.65098,      -1.64619,  -998.499E-03,   55.8618E-03
F:/Desktop/DeepOnet_Abaqus/StaticElasticJob6.odb,Step-1,Increment      1: Step Time =    1.000,"PLATE-1",          1261,             1,  -832.753E-03,  -713.146E-03,            0.,"ASSEMBLY_PLATE-1__PICKEDSET2","ROCK","",  -986.375E-03,      -1.66640,      -1.66122,  -991.549E-03,   59.0897E-03
F:/Desktop/DeepOnet_Abaqus/StaticElasticJob6.odb,Step-1,Increment      1: Step Time =    1.000,"PLATE-1",          1262,             1,  -574.728E-03,  -734.766E-03,            0.,"ASSEMBLY_PLATE-1__PICKEDSET2","ROCK","",  -974.367E-03,      -1.70194,      -1.69698,  -979.320E-03,   59.8245E-03
F:/Desktop/DeepOnet_Abaqus/StaticElasticJob6.odb,Step-1,Increment      1: Step Time =    1.000,"PLATE-1",          1263,             1,  -381.455E-03,  -561.721E-03,            0.,"ASSEMBLY_PLATE-1__PICKEDSET2","ROCK","",  -953.012E-03,      -1.75945,      -1.74679,  -965.669E-03,   100.233E-03
F:/Desktop/DeepOnet_Abaqus/StaticElasticJob6.odb,Step-1,Increment      1: Step Time =    1.000,"PLATE-1",          1264,             1,   19.5333E-03,  -623.280E-03,            0.,"ASSEMBLY_PLATE-1__PICKEDSET2","ROCK","",  -910.521E-03,      -1.84459,      -1.84453,  -910.585E-03,  -7.71247E-03
F:/Desktop/DeepOnet_Abaqus/StaticElasticJob6.odb,Step-1,Increment      1: Step Time =    1.000,"PLATE-1",          1265,             1,   520.769E-03,  -929.562E-03,            0.,"ASSEMBLY_PLATE-1__PICKEDSET2","ROCK","",  -988.083E-03,      -1.70191,      -1.70046,  -989.539E-03,  -32.2077E-03
F:/Desktop/DeepOnet_Abaqus/StaticElasticJob6.odb,Step-1,Increment      1: Step Time =    1.000,"PLATE-1",          1266,             1,   643.348E-03,      -1.00132,            0.,"ASSEMBLY_PLATE-1__PICKEDSET2","ROCK","",  -993.003E-03,      -1.68857,      -1.68738,  -994.197E-03,  -28.7912E-03
F:/Desktop/DeepOnet_Abaqus/StaticElasticJob6.odb,Step-1,Increment      1: Step Time =    1.000,"PLATE-1",          1267,             1,   856.955E-03,      -1.17937,            0.,"ASSEMBLY_PLATE-1__PICKEDSET2","ROCK","",  -998.140E-03,      -1.67241,      -1.67177,  -998.785E-03,  -20.8521E-03
F:/Desktop/DeepOnet_Abaqus/StaticElasticJob6.odb,Step-1,Increment      1: Step Time =    1.000,"PLATE-1",          1268,             1,   991.890E-03,      -1.35717,            0.,"ASSEMBLY_PLATE-1__PICKEDSET2","ROCK","",  -999.739E-03,      -1.66536,      -1.66500,      -1.00010,  -15.5703E-03
F:/Desktop/DeepOnet_Abaqus/StaticElasticJob6.odb,Step-1,Increment      1: Step Time =    1.000,"PLATE-1",          1269,             1,       1.03995,      -1.55024,            0.,"ASSEMBLY_PLATE-1__PICKEDSET2","ROCK","",      -1.00090,      -1.66120,      -1.66098,      -1.00111,  -11.7917E-03
F:/Desktop/DeepOnet_Abaqus/StaticElasticJob6.odb,Step-1,Increment      1: Step Time =    1.000,"PLATE-1",          1270,             1,       1.07988,      -1.34307,            0.,"ASSEMBLY_PLATE-1__PICKEDSET2","ROCK","",  -999.949E-03,      -1.66319,      -1.66279,      -1.00035,  -16.3615E-03
F:/Desktop/DeepOnet_Abaqus/StaticElasticJob6.odb,Step-1,Increment      1: Step Time =    1.000,"PLATE-1",          1271,             1,       1.20790,      -1.41507,            0.,"ASSEMBLY_PLATE-1__PICKEDSET2","ROCK","",      -1.00034,      -1.65962,      -1.65929,      -1.00068,  -14.9549E-03
F:/Desktop/DeepOnet_Abaqus/StaticElasticJob6.odb,Step-1,Increment      1: Step Time =    1.000,"PLATE-1",          1272,             1,   607.664E-03,  -740.539E-03,            0.,"ASSEMBLY_PLATE-1__PICKEDSET2","ROCK","",  -987.478E-03,      -1.69990,      -1.69561,  -991.769E-03,  -55.1192E-03
F:/Desktop/DeepOnet_Abaqus/StaticElasticJob6.odb,Step-1,Increment      1: Step Time =    1.000,"PLATE-1",          1273,             1,   705.206E-03,  -875.533E-03,            0.,"ASSEMBLY_PLATE-1__PICKEDSET2","ROCK","",  -992.926E-03,      -1.68782,      -1.68560,  -995.146E-03,  -39.2157E-03
F:/Desktop/DeepOnet_Abaqus/StaticElasticJob6.odb,Step-1,Increment      1: Step Time =    1.000,"PLATE-1",          1274,             1,   868.754E-03,      -1.06050,            0.,"ASSEMBLY_PLATE-1__PICKEDSET2","ROCK","",  -997.679E-03,      -1.67392,      -1.67291,  -998.690E-03,  -26.1271E-03
F:/Desktop/DeepOnet_Abaqus/StaticElasticJob6.odb,Step-1,Increment      1: Step Time =    1.000,"PLATE-1",          1275,             1,       1.18816,      -1.20454,            0.,"ASSEMBLY_PLATE-1__PICKEDSET2","ROCK","",      -1.00019,      -1.66152,      -1.66094,      -1.00077,  -19.6030E-03
F:/Desktop/DeepOnet_Abaqus/StaticElasticJob6.odb,Step-1,Increment      1: Step Time =    1.000,"PLATE-1",          1276,             1,       1.12419,      -1.23662,            0.,"ASSEMBLY_PLATE-1__PICKEDSET2","ROCK","",  -999.919E-03,      -1.66307,      -1.66253,      -1.00046,  -18.9339E-03
F:/Desktop/DeepOnet_Abaqus/StaticElasticJob6.odb,Step-1,Increment      1: Step Time =    1.000,"PLATE-1",          1277,             1,       1.23089,      -1.27775,            0.,"ASSEMBLY_PLATE-1__PICKEDSET2","ROCK","",      -1.00019,      -1.66042,      -1.65994,      -1.00067,  -17.7600E-03
F:/Desktop/DeepOnet_Abaqus/StaticElasticJob6.odb,Step-1,Increment      1: Step Time =    1.000,"PLATE-1",          1278,             1,       1.16016,      -1.31831,            0.,"ASSEMBLY_PLATE-1__PICKEDSET2","ROCK","",      -1.00005,      -1.66168,      -1.66124,      -1.00049,  -17.0583E-03
F:/Desktop/DeepOnet_Abaqus/StaticElasticJob6.odb,Step-1,Increment      1: Step Time =    1.000,"PLATE-1",          1279,             1,       1.40820,      -1.33080,            0.,"ASSEMBLY_PLATE-1__PICKEDSET2","ROCK","",      -1.00016,      -1.65643,      -1.65600,      -1.00059,  -16.6796E-03
F:/Desktop/DeepOnet_Abaqus/StaticElasticJob6.odb,Step-1,Increment      1: Step Time =    1.000,"PLATE-1",          1280,             1,   673.576E-03,  -781.667E-03,            0.,"ASSEMBLY_PLATE-1__PICKEDSET2","ROCK","",  -991.552E-03,      -1.69142,      -1.68796,  -995.004E-03,  -49.0361E-03
F:/Desktop/DeepOnet_Abaqus/StaticElasticJob6.odb,Step-1,Increment      1: Step Time =    1.000,"PLATE-1",          1281,             1,   825.301E-03,  -817.776E-03,            0.,"ASSEMBLY_PLATE-1__PICKEDSET2","ROCK","",  -997.597E-03,      -1.67671,      -1.67411,      -1.00020,  -41.9871E-03
F:/Desktop/DeepOnet_Abaqus/StaticElasticJob6.odb,Step-1,Increment      1: Step Time =    1.000,"PLATE-1",          1282,             1,       1.20400,      -1.10509,            0.,"ASSEMBLY_PLATE-1__PICKEDSET2","ROCK","",      -1.00075,      -1.66072,      -1.65999,      -1.00148,  -22.0344E-03
F:/Desktop/DeepOnet_Abaqus/StaticElasticJob6.odb,Step-1,Increment      1: Step Time =    1.000,"PLATE-1",          1283,             1,       1.15185,      -1.13811,            0.,"ASSEMBLY_PLATE-1__PICKEDSET2","ROCK","",      -1.00020,      -1.66271,      -1.66201,      -1.00090,  -21.5827E-03
F:/Desktop/DeepOnet_Abaqus/StaticElasticJob6.odb,Step-1,Increment      1: Step Time =    1.000,"PLATE-1",          1284,             1,       1.24946,      -1.15956,            0.,"ASSEMBLY_PLATE-1__PICKEDSET2","ROCK","",      -1.00050,      -1.66007,      -1.65943,      -1.00114,  -20.4860E-03
F:/Desktop/DeepOnet_Abaqus/StaticElasticJob6.odb,Step-1,Increment      1: Step Time =    1.000,"PLATE-1",          1285,             1,       1.29570,      -1.22263,            0.,"ASSEMBLY_PLATE-1__PICKEDSET2","ROCK","",      -1.00035,      -1.65884,      -1.65831,      -1.00089,  -18.7654E-03
F:/Desktop/DeepOnet_Abaqus/StaticElasticJob6.odb,Step-1,Increment      1: Step Time =    1.000,"PLATE-1",          1286,             1,   810.651E-03,  -717.699E-03,            0.,"ASSEMBLY_PLATE-1__PICKEDSET2","ROCK","",  -999.200E-03,      -1.67503,      -1.67110,      -1.00313,  -51.3954E-03
F:/Desktop/DeepOnet_Abaqus/StaticElasticJob6.odb,Step-1,Increment      1: Step Time =    1.000,"PLATE-1",          1287,             1,   917.969E-03,  -988.340E-03,            0.,"ASSEMBLY_PLATE-1__PICKEDSET2","ROCK","",  -998.595E-03,      -1.67150,      -1.67023,  -999.872E-03,  -29.2883E-03
F:/Desktop/DeepOnet_Abaqus/StaticElasticJob6.odb,Step-1,Increment      1: Step Time =    1.000,"PLATE-1",          1288,             1,       1.07679,      -1.05130,            0.,"ASSEMBLY_PLATE-1__PICKEDSET2","ROCK","",      -1.00033,      -1.66461,      -1.66367,      -1.00128,  -24.9940E-03
F:/Desktop/DeepOnet_Abaqus/StaticElasticJob6.odb,Step-1,Increment      1: Step Time =    1.000,"PLATE-1",          1289,             1,       1.10793,  -977.088E-03,            0.,"ASSEMBLY_PLATE-1__PICKEDSET2","ROCK","",      -1.00134,      -1.66298,      -1.66185,      -1.00247,  -27.2848E-03
F:/Desktop/DeepOnet_Abaqus/StaticElasticJob6.odb,Step-1,Increment      1: Step Time =    1.000,"PLATE-1",          1290,             1,   794.672E-03,  -629.786E-03,            0.,"ASSEMBLY_PLATE-1__PICKEDSET2","ROCK","",      -1.00240,      -1.67044,      -1.66462,      -1.00822,  -62.1126E-03
F:/Desktop/DeepOnet_Abaqus/StaticElasticJob6.odb,Step-1,Increment      1: Step Time =    1.000,"PLATE-1",          1291,             1,   869.855E-03,  -758.869E-03,            0.,"ASSEMBLY_PLATE-1__PICKEDSET2","ROCK","",      -1.00081,      -1.67084,      -1.66775,      -1.00390,  -45.3787E-03
F:/Desktop/DeepOnet_Abaqus/StaticElasticJob6.odb,Step-1,Increment      1: Step Time =    1.000,"PLATE-1",          1292,             1,       1.04036,  -769.215E-03,            0.,"ASSEMBLY_PLATE-1__PICKEDSET2","ROCK","",      -1.00537,      -1.66009,      -1.65793,      -1.00753,  -37.6067E-03
F:/Desktop/DeepOnet_Abaqus/StaticElasticJob6.odb,Step-1,Increment      1: Step Time =    1.000,"PLATE-1",          1293,             1,       1.55019,  -650.028E-03,            0.,"ASSEMBLY_PLATE-1__PICKEDSET2","ROCK","",      -1.00503,      -1.64790,      -1.64707,      -1.00585,  -23.0014E-03
F:/Desktop/DeepOnet_Abaqus/StaticElasticJob6.odb,Step-1,Increment      1: Step Time =    1.000,"PLATE-1",          1294,             1,       1.21754,  -768.058E-03,            0.,"ASSEMBLY_PLATE-1__PICKEDSET2","ROCK","",      -1.00668,      -1.65405,      -1.65259,      -1.00814,  -30.7400E-03
F:/Desktop/DeepOnet_Abaqus/StaticElasticJob6.odb,Step-1,Increment      1: Step Time =    1.000,"PLATE-1",          1295,             1,       1.55166,  -749.805E-03,            0.,"ASSEMBLY_PLATE-1__PICKEDSET2","ROCK","",      -1.00382,      -1.64986,      -1.64903,      -1.00464,  -23.1070E-03
F:/Desktop/DeepOnet_Abaqus/StaticElasticJob6.odb,Step-1,Increment      1: Step Time =    1.000,"PLATE-1",          1296,             1,       1.43140,  -939.915E-03,            0.,"ASSEMBLY_PLATE-1__PICKEDSET2","ROCK","",      -1.00224,      -1.65421,      -1.65342,      -1.00304,  -22.8112E-03
F:/Desktop/DeepOnet_Abaqus/StaticElasticJob6.odb,Step-1,Increment      1: Step Time =    1.000,"PLATE-1",          1297,             1,       1.45044,  -652.056E-03,            0.,"ASSEMBLY_PLATE-1__PICKEDSET2","ROCK","",      -1.00705,      -1.64759,      -1.64663,      -1.00801,  -24.7455E-03
F:/Desktop/DeepOnet_Abaqus/StaticElasticJob6.odb,Step-1,Increment      1: Step Time =    1.000,"PLATE-1",          1298,             1,       1.31860,  -731.982E-03,            0.,"ASSEMBLY_PLATE-1__PICKEDSET2","ROCK","",      -1.00748,      -1.65070,      -1.64947,      -1.00871,  -28.0637E-03
F:/Desktop/DeepOnet_Abaqus/StaticElasticJob6.odb,Step-1,Increment      1: Step Time =    1.000,"PLATE-1",          1299,             1,       1.01058,  -667.963E-03,            0.,"ASSEMBLY_PLATE-1__PICKEDSET2","ROCK","",      -1.00968,      -1.65538,      -1.65243,      -1.01263,  -43.5154E-03
F:/Desktop/DeepOnet_Abaqus/StaticElasticJob6.odb,Step-1,Increment      1: Step Time =    1.000,"PLATE-1",          1300,             1,  -375.568E-03,  -487.296E-03,            0.,"ASSEMBLY_PLATE-1__PICKEDSET2","ROCK","",  -944.550E-03,      -1.77643,      -1.75441,  -966.567E-03,   133.533E-03
F:/Desktop/DeepOnet_Abaqus/StaticElasticJob6.odb,Step-1,Increment      1: Step Time =    1.000,"PLATE-1",          1301,             1,  -503.147E-03,  -533.508E-03,            0.,"ASSEMBLY_PLATE-1__PICKEDSET2","ROCK","",  -962.678E-03,      -1.71980,      -1.70415,  -978.329E-03,   107.725E-03
F:/Desktop/DeepOnet_Abaqus/StaticElasticJob6.odb,Step-1,Increment      1: Step Time =    1.000,"PLATE-1",          1302,             1,  -699.404E-03,  -562.520E-03,            0.,"ASSEMBLY_PLATE-1__PICKEDSET2","ROCK","",  -981.148E-03,      -1.67209,      -1.66102,  -992.214E-03,   86.7378E-03
F:/Desktop/DeepOnet_Abaqus/StaticElasticJob6.odb,Step-1,Increment      1: Step Time =    1.000,"PLATE-1",          1303,             1,  -847.382E-03,  -642.525E-03,            0.,"ASSEMBLY_PLATE-1__PICKEDSET2","ROCK","",  -989.113E-03,      -1.65862,      -1.65197,  -995.765E-03,   66.4006E-03
F:/Desktop/DeepOnet_Abaqus/StaticElasticJob6.odb,Step-1,Increment      1: Step Time =    1.000,"PLATE-1",          1304,             1,      -1.03174,  -554.614E-03,            0.,"ASSEMBLY_PLATE-1__PICKEDSET2","ROCK","",      -1.00237,      -1.63327,      -1.62727,      -1.00838,   61.2455E-03
F:/Desktop/DeepOnet_Abaqus/StaticElasticJob6.odb,Step-1,Increment      1: Step Time =    1.000,"PLATE-1",          1305,             1,      -1.08113,  -542.758E-03,            0.,"ASSEMBLY_PLATE-1__PICKEDSET2","ROCK","",      -1.00570,      -1.62760,      -1.62213,      -1.01117,   58.0366E-03
F:/Desktop/DeepOnet_Abaqus/StaticElasticJob6.odb,Step-1,Increment      1: Step Time =    1.000,"PLATE-1",          1306,             1,      -1.37314,  -533.799E-03,            0.,"ASSEMBLY_PLATE-1__PICKEDSET2","ROCK","",      -1.01122,      -1.62124,      -1.61866,      -1.01380,   39.6170E-03
F:/Desktop/DeepOnet_Abaqus/StaticElasticJob6.odb,Step-1,Increment      1: Step Time =    1.000,"PLATE-1",          1307,             1,   239.356E-03,  -663.936E-03,            0.,"ASSEMBLY_PLATE-1__PICKEDSET2","ROCK","",  -950.469E-03,      -1.78291,      -1.77894,  -954.433E-03,  -57.3014E-03
F:/Desktop/DeepOnet_Abaqus/StaticElasticJob6.odb,Step-1,Increment      1: Step Time =    1.000,"PLATE-1",          1308,             1,       1.22257,  -590.841E-03,            0.,"ASSEMBLY_PLATE-1__PICKEDSET2","ROCK","",      -1.01403,      -1.64478,      -1.64312,      -1.01569,  -32.3421E-03
F:/Desktop/DeepOnet_Abaqus/StaticElasticJob6.odb,Step-1,Increment      1: Step Time =    1.000,"PLATE-1",          1309,             1,      -1.25124,  -966.444E-03,            0.,"ASSEMBLY_PLATE-1__PICKEDSET2","ROCK","",  -996.043E-03,      -1.64956,      -1.64785,  -997.753E-03,   33.3876E-03
F:/Desktop/DeepOnet_Abaqus/StaticElasticJob6.odb,Step-1,Increment      1: Step Time =    1.000,"PLATE-1",          1310,             1,      -1.16019,      -1.06023,            0.,"ASSEMBLY_PLATE-1__PICKEDSET2","ROCK","",  -993.805E-03,      -1.65541,      -1.65401,  -995.207E-03,   30.4208E-03
F:/Desktop/DeepOnet_Abaqus/StaticElasticJob6.odb,Step-1,Increment      1: Step Time =    1.000,"PLATE-1",          1311,             1,      -1.04169,      -1.12466,            0.,"ASSEMBLY_PLATE-1__PICKEDSET2","ROCK","",  -992.214E-03,      -1.66123,      -1.66007,  -993.377E-03,   27.8710E-03
F:/Desktop/DeepOnet_Abaqus/StaticElasticJob6.odb,Step-1,Increment      1: Step Time =    1.000,"PLATE-1",          1312,             1,  -928.425E-03,      -1.32334,            0.,"ASSEMBLY_PLATE-1__PICKEDSET2","ROCK","",  -992.896E-03,      -1.66455,      -1.66398,  -993.468E-03,   19.5998E-03
F:/Desktop/DeepOnet_Abaqus/StaticElasticJob6.odb,Step-1,Increment      1: Step Time =    1.000,"PLATE-1",          1313,             1,  -790.581E-03,      -1.41911,            0.,"ASSEMBLY_PLATE-1__PICKEDSET2","ROCK","",  -994.066E-03,      -1.66705,      -1.66673,  -994.385E-03,   14.6552E-03
F:/Desktop/DeepOnet_Abaqus/StaticElasticJob6.odb,Step-1,Increment      1: Step Time =    1.000,"PLATE-1",          1314,             1,      -1.20114,  -811.013E-03,            0.,"ASSEMBLY_PLATE-1__PICKEDSET2","ROCK","",  -997.531E-03,      -1.64552,      -1.64297,      -1.00007,   40.5197E-03
F:/Desktop/DeepOnet_Abaqus/StaticElasticJob6.odb,Step-1,Increment      1: Step Time =    1.000,"PLATE-1",          1315,             1,  -952.618E-03,  -873.453E-03,            0.,"ASSEMBLY_PLATE-1__PICKEDSET2","ROCK","",  -989.826E-03,      -1.66239,      -1.65961,  -992.602E-03,   43.1173E-03
F:/Desktop/DeepOnet_Abaqus/StaticElasticJob6.odb,Step-1,Increment      1: Step Time =    1.000,"PLATE-1",          1316,             1,  -817.865E-03,  -783.588E-03,            0.,"ASSEMBLY_PLATE-1__PICKEDSET2","ROCK","",  -985.303E-03,      -1.67182,      -1.66788,  -989.236E-03,   51.8179E-03
F:/Desktop/DeepOnet_Abaqus/StaticElasticJob6.odb,Step-1,Increment      1: Step Time =    1.000,"PLATE-1",          1317,             1,  -701.282E-03,  -762.208E-03,            0.,"ASSEMBLY_PLATE-1__PICKEDSET2","ROCK","",  -980.625E-03,      -1.68410,      -1.67972,  -985.005E-03,   55.3344E-03
F:/Desktop/DeepOnet_Abaqus/StaticElasticJob6.odb,Step-1,Increment      1: Step Time =    1.000,"PLATE-1",          1318,             1,  -93.6576E-03,  -815.698E-03,            0.,"ASSEMBLY_PLATE-1__PICKEDSET2","ROCK","",  -962.748E-03,      -1.75636,      -1.75610,  -963.014E-03,   14.5412E-03
F:/Desktop/DeepOnet_Abaqus/StaticElasticJob6.odb,Step-1,Increment      1: Step Time =    1.000,"PLATE-1",          1319,             1,   38.6262E-03,  -784.091E-03,            0.,"ASSEMBLY_PLATE-1__PICKEDSET2","ROCK","",  -956.609E-03,      -1.76887,      -1.76882,  -956.656E-03,  -6.22008E-03
F:/Desktop/DeepOnet_Abaqus/StaticElasticJob6.odb,Step-1,Increment      1: Step Time =    1.000,"PLATE-1",          1320,             1,   204.724E-03,  -770.084E-03,            0.,"ASSEMBLY_PLATE-1__PICKEDSET2","ROCK","",  -964.242E-03,      -1.75614,      -1.75481,  -965.571E-03,  -32.4075E-03
F:/Desktop/DeepOnet_Abaqus/StaticElasticJob6.odb,Step-1,Increment      1: Step Time =    1.000,"PLATE-1",          1321,             1,   238.148E-03,  -818.016E-03,            0.,"ASSEMBLY_PLATE-1__PICKEDSET2","ROCK","",  -969.721E-03,      -1.74572,      -1.74460,  -970.842E-03,  -29.4762E-03
F:/Desktop/DeepOnet_Abaqus/StaticElasticJob6.odb,Step-1,Increment      1: Step Time =    1.000,"PLATE-1",          1322,             1,   387.297E-03,  -998.553E-03,            0.,"ASSEMBLY_PLATE-1__PICKEDSET2","ROCK","",  -987.511E-03,      -1.70592,      -1.70522,  -988.205E-03,  -22.3142E-03
F:/Desktop/DeepOnet_Abaqus/StaticElasticJob6.odb,Step-1,Increment      1: Step Time =    1.000,"PLATE-1",          1323,             1,   544.983E-03,      -1.20222,            0.,"ASSEMBLY_PLATE-1__PICKEDSET2","ROCK","",  -995.583E-03,      -1.68414,      -1.68376,  -995.964E-03,  -16.1951E-03
F:/Desktop/DeepOnet_Abaqus/StaticElasticJob6.odb,Step-1,Increment      1: Step Time =    1.000,"PLATE-1",          1324,             1,   648.137E-03,      -1.17074,            0.,"ASSEMBLY_PLATE-1__PICKEDSET2","ROCK","",  -995.832E-03,      -1.68150,      -1.68096,  -996.373E-03,  -19.2499E-03
F:/Desktop/DeepOnet_Abaqus/StaticElasticJob6.odb,Step-1,Increment      1: Step Time =    1.000,"PLATE-1",          1325,             1,   519.427E-03,  -785.834E-03,            0.,"ASSEMBLY_PLATE-1__PICKEDSET2","ROCK","",  -983.217E-03,      -1.71098,      -1.70771,  -986.488E-03,  -48.6858E-03
F:/Desktop/DeepOnet_Abaqus/StaticElasticJob6.odb,Step-1,Increment      1: Step Time =    1.000,"PLATE-1",          1326,             1,   734.638E-03,  -820.175E-03,            0.,"ASSEMBLY_PLATE-1__PICKEDSET2","ROCK","",  -994.287E-03,      -1.68405,      -1.68128,  -997.055E-03,  -43.6076E-03
F:/Desktop/DeepOnet_Abaqus/StaticElasticJob6.odb,Step-1,Increment      1: Step Time =    1.000,"PLATE-1",          1327,             1,       1.22063,  -941.362E-03,            0.,"ASSEMBLY_PLATE-1__PICKEDSET2","ROCK","",      -1.00255,      -1.65878,      -1.65772,      -1.00362,  -26.4059E-03
F:/Desktop/DeepOnet_Abaqus/StaticElasticJob6.odb,Step-1,Increment      1: Step Time =    1.000,"PLATE-1",          1328,             1,       1.36657,  -826.604E-03,            0.,"ASSEMBLY_PLATE-1__PICKEDSET2","ROCK","",      -1.00440,      -1.65303,      -1.65203,      -1.00540,  -25.4753E-03
F:/Desktop/DeepOnet_Abaqus/StaticElasticJob6.odb,Step-1,Increment      1: Step Time =    1.000,"PLATE-1",          1329,             1,      -1.35787,      -1.03737,            0.,"ASSEMBLY_PLATE-1__PICKEDSET2","ROCK","",  -997.239E-03,      -1.64751,      -1.64618,  -998.565E-03,   29.3401E-03
F:/Desktop/DeepOnet_Abaqus/StaticElasticJob6.odb,Step-1,Increment      1: Step Time =    1.000,"PLATE-1",          1330,             1,      -1.26081,      -1.05290,            0.,"ASSEMBLY_PLATE-1__PICKEDSET2","ROCK","",  -995.691E-03,      -1.65138,      -1.65001,  -997.053E-03,   29.8614E-03
F:/Desktop/DeepOnet_Abaqus/StaticElasticJob6.odb,Step-1,Increment      1: Step Time =    1.000,"PLATE-1",          1331,             1,      -1.13838,      -1.14619,            0.,"ASSEMBLY_PLATE-1__PICKEDSET2","ROCK","",  -993.597E-03,      -1.65715,      -1.65602,  -994.720E-03,   27.2748E-03
F:/Desktop/DeepOnet_Abaqus/StaticElasticJob6.odb,Step-1,Increment      1: Step Time =    1.000,"PLATE-1",          1332,             1,      -1.16075,  -977.023E-03,            0.,"ASSEMBLY_PLATE-1__PICKEDSET2","ROCK","",  -994.386E-03,      -1.65355,      -1.65176,  -996.173E-03,   34.2706E-03
F:/Desktop/DeepOnet_Abaqus/StaticElasticJob6.odb,Step-1,Increment      1: Step Time =    1.000,"PLATE-1",          1333,             1,      -1.07737,  -974.403E-03,            0.,"ASSEMBLY_PLATE-1__PICKEDSET2","ROCK","",  -992.500E-03,      -1.65750,      -1.65563,  -994.367E-03,   35.1880E-03
F:/Desktop/DeepOnet_Abaqus/StaticElasticJob6.odb,Step-1,Increment      1: Step Time =    1.000,"PLATE-1",          1334,             1,      -1.01869,  -896.122E-03,            0.,"ASSEMBLY_PLATE-1__PICKEDSET2","ROCK","",  -991.434E-03,      -1.65880,      -1.65631,  -993.917E-03,   40.6283E-03
F:/Desktop/DeepOnet_Abaqus/StaticElasticJob6.odb,Step-1,Increment      1: Step Time =    1.000,"PLATE-1",          1335,             1,  -810.441E-03,  -886.415E-03,            0.,"ASSEMBLY_PLATE-1__PICKEDSET2","ROCK","",  -985.231E-03,      -1.67526,      -1.67261,  -987.877E-03,   42.6504E-03
F:/Desktop/DeepOnet_Abaqus/StaticElasticJob6.odb,Step-1,Increment      1: Step Time =    1.000,"PLATE-1",          1336,             1,  -550.606E-03,  -996.178E-03,            0.,"ASSEMBLY_PLATE-1__PICKEDSET2","ROCK","",  -983.537E-03,      -1.69243,      -1.69121,  -984.757E-03,   29.3898E-03
F:/Desktop/DeepOnet_Abaqus/StaticElasticJob6.odb,Step-1,Increment      1: Step Time =    1.000,"PLATE-1",          1337,             1,  -479.079E-03,      -1.00275,            0.,"ASSEMBLY_PLATE-1__PICKEDSET2","ROCK","",  -983.478E-03,      -1.69694,      -1.69597,  -984.445E-03,   26.2552E-03
F:/Desktop/DeepOnet_Abaqus/StaticElasticJob6.odb,Step-1,Increment      1: Step Time =    1.000,"PLATE-1",          1338,             1,   17.5371E-03,  -989.493E-03,            0.,"ASSEMBLY_PLATE-1__PICKEDSET2","ROCK","",  -981.152E-03,      -1.72177,      -1.72177,  -981.153E-03,  -802.272E-06
F:/Desktop/DeepOnet_Abaqus/StaticElasticJob6.odb,Step-1,Increment      1: Step Time =    1.000,"PLATE-1",          1339,             1,   205.014E-03,  -982.480E-03,            0.,"ASSEMBLY_PLATE-1__PICKEDSET2","ROCK","",  -982.737E-03,      -1.71870,      -1.71843,  -983.011E-03,  -14.1949E-03
F:/Desktop/DeepOnet_Abaqus/StaticElasticJob6.odb,Step-1,Increment      1: Step Time =    1.000,"PLATE-1",          1340,             1,   379.870E-03,      -1.15490,            0.,"ASSEMBLY_PLATE-1__PICKEDSET2","ROCK","",  -992.940E-03,      -1.69347,      -1.69316,  -993.251E-03,  -14.7607E-03
F:/Desktop/DeepOnet_Abaqus/StaticElasticJob6.odb,Step-1,Increment      1: Step Time =    1.000,"PLATE-1",          1341,             1,   532.897E-03,      -1.31828,            0.,"ASSEMBLY_PLATE-1__PICKEDSET2","ROCK","",  -997.617E-03,      -1.67930,      -1.67907,  -997.844E-03,  -12.4488E-03
F:/Desktop/DeepOnet_Abaqus/StaticElasticJob6.odb,Step-1,Increment      1: Step Time =    1.000,"PLATE-1",          1342,             1,   600.917E-03,      -1.33101,            0.,"ASSEMBLY_PLATE-1__PICKEDSET2","ROCK","",  -998.078E-03,      -1.67681,      -1.67657,  -998.316E-03,  -12.7161E-03
F:/Desktop/DeepOnet_Abaqus/StaticElasticJob6.odb,Step-1,Increment      1: Step Time =    1.000,"PLATE-1",          1343,             1,   322.854E-03,  -837.359E-03,            0.,"ASSEMBLY_PLATE-1__PICKEDSET2","ROCK","",  -976.633E-03,      -1.73070,      -1.72912,  -978.212E-03,  -34.4727E-03
F:/Desktop/DeepOnet_Abaqus/StaticElasticJob6.odb,Step-1,Increment      1: Step Time =    1.000,"PLATE-1",          1344,             1,   486.042E-03,  -987.567E-03,            0.,"ASSEMBLY_PLATE-1__PICKEDSET2","ROCK","",  -989.181E-03,      -1.70003,      -1.69906,  -990.157E-03,  -26.3176E-03
F:/Desktop/DeepOnet_Abaqus/StaticElasticJob6.odb,Step-1,Increment      1: Step Time =    1.000,"PLATE-1",          1345,             1,   675.440E-03,  -937.349E-03,            0.,"ASSEMBLY_PLATE-1__PICKEDSET2","ROCK","",  -992.711E-03,      -1.68816,      -1.68649,  -994.378E-03,  -34.0003E-03
F:/Desktop/DeepOnet_Abaqus/StaticElasticJob6.odb,Step-1,Increment      1: Step Time =    1.000,"PLATE-1",          1346,             1,       1.25021,      -1.04858,            0.,"ASSEMBLY_PLATE-1__PICKEDSET2","ROCK","",      -1.00128,      -1.65924,      -1.65844,      -1.00209,  -23.0135E-03
F:/Desktop/DeepOnet_Abaqus/StaticElasticJob6.odb,Step-1,Increment      1: Step Time =    1.000,"PLATE-1",          1347,             1,       1.38024,      -1.02912,            0.,"ASSEMBLY_PLATE-1__PICKEDSET2","ROCK","",      -1.00143,      -1.65618,      -1.65543,      -1.00217,  -22.0367E-03
F:/Desktop/DeepOnet_Abaqus/StaticElasticJob6.odb,Step-1,Increment      1: Step Time =    1.000,"PLATE-1",          1348,             1,      -1.09310,      -1.22956,            0.,"ASSEMBLY_PLATE-1__PICKEDSET2","ROCK","",  -993.408E-03,      -1.65943,      -1.65855,  -994.288E-03,   24.1892E-03
F:/Desktop/DeepOnet_Abaqus/StaticElasticJob6.odb,Step-1,Increment      1: Step Time =    1.000,"PLATE-1",          1349,             1,  -824.729E-03,      -1.31094,            0.,"ASSEMBLY_PLATE-1__PICKEDSET2","ROCK","",  -992.094E-03,      -1.66890,      -1.66837,  -992.618E-03,   18.8353E-03
F:/Desktop/DeepOnet_Abaqus/StaticElasticJob6.odb,Step-1,Increment      1: Step Time =    1.000,"PLATE-1",          1350,             1,  -489.590E-03,      -1.19312,            0.,"ASSEMBLY_PLATE-1__PICKEDSET2","ROCK","",  -989.518E-03,      -1.68534,      -1.68494,  -989.920E-03,   16.7077E-03
F:/Desktop/DeepOnet_Abaqus/StaticElasticJob6.odb,Step-1,Increment      1: Step Time =    1.000,"PLATE-1",          1351,             1,  -144.156E-03,      -1.19960,            0.,"ASSEMBLY_PLATE-1__PICKEDSET2","ROCK","",  -991.120E-03,      -1.69518,      -1.69515,  -991.155E-03,   5.00181E-03
F:/Desktop/DeepOnet_Abaqus/StaticElasticJob6.odb,Step-1,Increment      1: Step Time =    1.000,"PLATE-1",          1352,             1,   36.3836E-03,      -1.19976,            0.,"ASSEMBLY_PLATE-1__PICKEDSET2","ROCK","",  -992.253E-03,      -1.69622,      -1.69622,  -992.256E-03,  -1.47761E-03
F:/Desktop/DeepOnet_Abaqus/StaticElasticJob6.odb,Step-1,Increment      1: Step Time =    1.000,"PLATE-1",          1353,             1,   32.3548E-03,      -1.45583,            0.,"ASSEMBLY_PLATE-1__PICKEDSET2","ROCK","",  -998.737E-03,      -1.67851,      -1.67850,  -998.738E-03,  -888.538E-06
F:/Desktop/DeepOnet_Abaqus/StaticElasticJob6.odb,Step-1,Increment      1: Step Time =    1.000,"PLATE-1",          1354,             1,   243.128E-03,      -1.55291,            0.,"ASSEMBLY_PLATE-1__PICKEDSET2","ROCK","",      -1.00085,      -1.67285,      -1.67283,      -1.00087,  -3.71315E-03
F:/Desktop/DeepOnet_Abaqus/StaticElasticJob6.odb,Step-1,Increment      1: Step Time =    1.000,"PLATE-1",          1355,             1,   299.416E-03,      -1.36648,            0.,"ASSEMBLY_PLATE-1__PICKEDSET2","ROCK","",  -997.693E-03,      -1.68207,      -1.68200,  -997.762E-03,  -6.84736E-03
F:/Desktop/DeepOnet_Abaqus/StaticElasticJob6.odb,Step-1,Increment      1: Step Time =    1.000,"PLATE-1",          1356,             1,   173.367E-03,      -1.19826,            0.,"ASSEMBLY_PLATE-1__PICKEDSET2","ROCK","",  -993.022E-03,      -1.69505,      -1.69499,  -993.080E-03,  -6.34403E-03
F:/Desktop/DeepOnet_Abaqus/StaticElasticJob6.odb,Step-1,Increment      1: Step Time =    1.000,"PLATE-1",          1357,             1,   181.195E-03,      -1.06228,            0.,"ASSEMBLY_PLATE-1__PICKEDSET2","ROCK","",  -987.128E-03,      -1.70949,      -1.70936,  -987.255E-03,  -9.59219E-03
F:/Desktop/DeepOnet_Abaqus/StaticElasticJob6.odb,Step-1,Increment      1: Step Time =    1.000,"PLATE-1",          1358,             1,   333.061E-03,      -1.19329,            0.,"ASSEMBLY_PLATE-1__PICKEDSET2","ROCK","",  -993.637E-03,      -1.69248,      -1.69229,  -993.829E-03,  -11.5754E-03
F:/Desktop/DeepOnet_Abaqus/StaticElasticJob6.odb,Step-1,Increment      1: Step Time =    1.000,"PLATE-1",          1359,             1,   443.782E-03,      -1.30413,            0.,"ASSEMBLY_PLATE-1__PICKEDSET2","ROCK","",  -997.036E-03,      -1.68199,      -1.68182,  -997.208E-03,  -10.8584E-03
F:/Desktop/DeepOnet_Abaqus/StaticElasticJob6.odb,Step-1,Increment      1: Step Time =    1.000,"PLATE-1",          1360,             1,   464.548E-03,      -1.45768,            0.,"ASSEMBLY_PLATE-1__PICKEDSET2","ROCK","",  -999.754E-03,      -1.67443,      -1.67434,  -999.850E-03,  -8.00714E-03
F:/Desktop/DeepOnet_Abaqus/StaticElasticJob6.odb,Step-1,Increment      1: Step Time =    1.000,"PLATE-1",          1361,             1,   481.350E-03,      -1.38471,            0.,"ASSEMBLY_PLATE-1__PICKEDSET2","ROCK","",  -998.691E-03,      -1.67731,      -1.67716,  -998.847E-03,  -10.2774E-03
F:/Desktop/DeepOnet_Abaqus/StaticElasticJob6.odb,Step-1,Increment      1: Step Time =    1.000,"PLATE-1",          1362,             1,   496.034E-03,      -1.25771,            0.,"ASSEMBLY_PLATE-1__PICKEDSET2","ROCK","",  -996.273E-03,      -1.68339,      -1.68314,  -996.532E-03,  -13.3288E-03
F:/Desktop/DeepOnet_Abaqus/StaticElasticJob6.odb,Step-1,Increment      1: Step Time =    1.000,"PLATE-1",          1363,             1,   787.542E-03,      -1.19972,            0.,"ASSEMBLY_PLATE-1__PICKEDSET2","ROCK","",  -997.447E-03,      -1.67503,      -1.67446,  -998.013E-03,  -19.5777E-03
F:/Desktop/DeepOnet_Abaqus/StaticElasticJob6.odb,Step-1,Increment      1: Step Time =    1.000,"PLATE-1",          1364,             1,   764.942E-03,      -1.06981,            0.,"ASSEMBLY_PLATE-1__PICKEDSET2","ROCK","",  -996.213E-03,      -1.67903,      -1.67807,  -997.174E-03,  -25.5911E-03
F:/Desktop/DeepOnet_Abaqus/StaticElasticJob6.odb,Step-1,Increment      1: Step Time =    1.000,"PLATE-1",          1365,             1,   579.257E-03,      -1.13416,            0.,"ASSEMBLY_PLATE-1__PICKEDSET2","ROCK","",  -994.589E-03,      -1.68600,      -1.68542,  -995.169E-03,  -20.0237E-03
F:/Desktop/DeepOnet_Abaqus/StaticElasticJob6.odb,Step-1,Increment      1: Step Time =    1.000,"PLATE-1",          1366,             1,   414.529E-03,      -1.10123,            0.,"ASSEMBLY_PLATE-1__PICKEDSET2","ROCK","",  -991.836E-03,      -1.69554,      -1.69509,  -992.279E-03,  -17.6449E-03
F:/Desktop/DeepOnet_Abaqus/StaticElasticJob6.odb,Step-1,Increment      1: Step Time =    1.000,"PLATE-1",          1367,             1,   38.1734E-03,      -1.05829,            0.,"ASSEMBLY_PLATE-1__PICKEDSET2","ROCK","",  -985.134E-03,      -1.71319,      -1.71318,  -985.139E-03,  -1.93087E-03
F:/Desktop/DeepOnet_Abaqus/StaticElasticJob6.odb,Step-1,Increment      1: Step Time =    1.000,"PLATE-1",          1368,             1,  -97.2477E-03,      -1.13990,            0.,"ASSEMBLY_PLATE-1__PICKEDSET2","ROCK","",  -988.908E-03,      -1.70216,      -1.70213,  -988.931E-03,   4.08583E-03
F:/Desktop/DeepOnet_Abaqus/StaticElasticJob6.odb,Step-1,Increment      1: Step Time =    1.000,"PLATE-1",          1369,             1,  -328.651E-03,      -1.01414,            0.,"ASSEMBLY_PLATE-1__PICKEDSET2","ROCK","",  -982.853E-03,      -1.70643,      -1.70588,  -983.401E-03,   19.9182E-03
F:/Desktop/DeepOnet_Abaqus/StaticElasticJob6.odb,Step-1,Increment      1: Step Time =    1.000,"PLATE-1",          1370,             1,  -422.875E-03,      -1.12060,            0.,"ASSEMBLY_PLATE-1__PICKEDSET2","ROCK","",  -987.321E-03,      -1.69299,      -1.69257,  -987.741E-03,   17.2194E-03
F:/Desktop/DeepOnet_Abaqus/StaticElasticJob6.odb,Step-1,Increment      1: Step Time =    1.000,"PLATE-1",          1371,             1,  -573.530E-03,      -1.18618,            0.,"ASSEMBLY_PLATE-1__PICKEDSET2","ROCK","",  -989.462E-03,      -1.68169,      -1.68118,  -989.969E-03,   18.7231E-03
F:/Desktop/DeepOnet_Abaqus/StaticElasticJob6.odb,Step-1,Increment      1: Step Time =    1.000,"PLATE-1",          1372,             1,      -1.54438,      -1.45190,            0.,"ASSEMBLY_PLATE-1__PICKEDSET2","ROCK","",  -997.597E-03,      -1.64824,      -1.64774,  -998.100E-03,   18.0731E-03
F:/Desktop/DeepOnet_Abaqus/StaticElasticJob6.odb,Step-1,Increment      1: Step Time =    1.000,"PLATE-1",          1373,             1,      -1.31867,      -1.39598,            0.,"ASSEMBLY_PLATE-1__PICKEDSET2","ROCK","",  -996.024E-03,      -1.65286,      -1.65229,  -996.599E-03,   19.4323E-03
F:/Desktop/DeepOnet_Abaqus/StaticElasticJob6.odb,Step-1,Increment      1: Step Time =    1.000,"PLATE-1",          1374,             1,  -459.285E-03,      -1.46018,            0.,"ASSEMBLY_PLATE-1__PICKEDSET2","ROCK","",  -995.885E-03,      -1.67344,      -1.67334,  -995.984E-03,   8.21012E-03
F:/Desktop/DeepOnet_Abaqus/StaticElasticJob6.odb,Step-1,Increment      1: Step Time =    1.000,"PLATE-1",          1375,             1,   25.9709E-03,      -1.36231,            0.,"ASSEMBLY_PLATE-1__PICKEDSET2","ROCK","",  -996.772E-03,      -1.68419,      -1.68419,  -996.773E-03,  -951.378E-06
F:/Desktop/DeepOnet_Abaqus/StaticElasticJob6.odb,Step-1,Increment      1: Step Time =    1.000,"PLATE-1",          1376,             1,   228.544E-03,      -1.45920,            0.,"ASSEMBLY_PLATE-1__PICKEDSET2","ROCK","",  -999.458E-03,      -1.67708,      -1.67705,  -999.486E-03,  -4.38349E-03
F:/Desktop/DeepOnet_Abaqus/StaticElasticJob6.odb,Step-1,Increment      1: Step Time =    1.000,"PLATE-1",          1377,             1,   326.456E-03,      -1.30197,            0.,"ASSEMBLY_PLATE-1__PICKEDSET2","ROCK","",  -996.630E-03,      -1.68467,      -1.68457,  -996.732E-03,  -8.40244E-03
F:/Desktop/DeepOnet_Abaqus/StaticElasticJob6.odb,Step-1,Increment      1: Step Time =    1.000,"PLATE-1",          1378,             1,   321.796E-03,      -1.45282,            0.,"ASSEMBLY_PLATE-1__PICKEDSET2","ROCK","",  -999.569E-03,      -1.67654,      -1.67648,  -999.624E-03,  -6.09948E-03
F:/Desktop/DeepOnet_Abaqus/StaticElasticJob6.odb,Step-1,Increment      1: Step Time =    1.000,"PLATE-1",          1379,             1,   553.775E-03,      -1.55365,            0.,"ASSEMBLY_PLATE-1__PICKEDSET2","ROCK","",      -1.00109,      -1.66922,      -1.66912,      -1.00119,  -8.11214E-03
F:/Desktop/DeepOnet_Abaqus/StaticElasticJob6.odb,Step-1,Increment      1: Step Time =    1.000,"PLATE-1",          1380,             1,   799.946E-03,      -1.37772,            0.,"ASSEMBLY_PLATE-1__PICKEDSET2","ROCK","",  -999.412E-03,      -1.66979,      -1.66950,  -999.702E-03,  -13.9434E-03
F:/Desktop/DeepOnet_Abaqus/StaticElasticJob6.odb,Step-1,Increment      1: Step Time =    1.000,"PLATE-1",          1381,             1,       1.36913,      -1.42026,            0.,"ASSEMBLY_PLATE-1__PICKEDSET2","ROCK","",      -1.00028,      -1.65705,      -1.65672,      -1.00062,  -14.8407E-03
F:/Desktop/DeepOnet_Abaqus/StaticElasticJob6.odb,Step-1,Increment      1: Step Time =    1.000,"PLATE-1",          1382,             1,       1.37965,  -78.0921E-03,            0.,"ASSEMBLY_PLATE-1__PICKEDSET2","ROCK","",      -1.01533,      -1.63978,      -1.63978,      -1.01533,  -1.23347E-03
F:/Desktop/DeepOnet_Abaqus/StaticElasticJob6.odb,Step-1,Increment      1: Step Time =    1.000,"PLATE-1",          1383,             1,       1.20684,  -154.166E-03,            0.,"ASSEMBLY_PLATE-1__PICKEDSET2","ROCK","",      -1.03953,      -1.61997,      -1.61990,      -1.03961,  -6.75962E-03
F:/Desktop/DeepOnet_Abaqus/StaticElasticJob6.odb,Step-1,Increment      1: Step Time =    1.000,"PLATE-1",          1384,             1,       1.12366,  -142.415E-03,            0.,"ASSEMBLY_PLATE-1__PICKEDSET2","ROCK","",      -1.05283,      -1.60813,      -1.60800,      -1.05296,  -8.62919E-03
F:/Desktop/DeepOnet_Abaqus/StaticElasticJob6.odb,Step-1,Increment      1: Step Time =    1.000,"PLATE-1",          1385,             1,   757.402E-03,  -124.607E-03,            0.,"ASSEMBLY_PLATE-1__PICKEDSET2","ROCK","",      -1.10990,      -1.52128,      -1.51398,      -1.11720,  -54.3267E-03
F:/Desktop/DeepOnet_Abaqus/StaticElasticJob6.odb,Step-1,Increment      1: Step Time =    1.000,"PLATE-1",          1386,             1,   601.772E-03,  -79.4525E-03,            0.,"ASSEMBLY_PLATE-1__PICKEDSET2","ROCK","",      -1.14986,      -1.42839,      -1.40401,      -1.17424,  -78.7123E-03
F:/Desktop/DeepOnet_Abaqus/StaticElasticJob6.odb,Step-1,Increment      1: Step Time =    1.000,"PLATE-1",          1387,             1,       1.20290,       1.14954,            0.,"ASSEMBLY_PLATE-1__PICKEDSET2","ROCK","",  -200.226E-03,      -1.01358,  -280.836E-03,  -932.972E-03,  -243.037E-03
F:/Desktop/DeepOnet_Abaqus/StaticElasticJob6.odb,Step-1,Increment      1: Step Time =    1.000,"PLATE-1",          1388,             1,       1.43862,       1.12647,            0.,"ASSEMBLY_PLATE-1__PICKEDSET2","ROCK","",  -974.611E-03,      -1.22973,      -1.02054,      -1.18380,  -98.0238E-03
F:/Desktop/DeepOnet_Abaqus/StaticElasticJob6.odb,Step-1,Increment      1: Step Time =    1.000,"PLATE-1",          1389,             1,      -1.55442,       1.44609,            0.,"ASSEMBLY_PLATE-1__PICKEDSET2","ROCK","",      -1.00797,      -1.62343,      -1.62305,      -1.00835,  -15.3195E-03
F:/Desktop/DeepOnet_Abaqus/StaticElasticJob6.odb,Step-1,Increment      1: Step Time =    1.000,"PLATE-1",          1390,             1,      -1.54191,   861.985E-03,            0.,"ASSEMBLY_PLATE-1__PICKEDSET2","ROCK","",      -1.01359,      -1.61197,      -1.61164,      -1.01393,  -14.1673E-03
F:/Desktop/DeepOnet_Abaqus/StaticElasticJob6.odb,Step-1,Increment      1: Step Time =    1.000,"PLATE-1",          1391,             1,      -1.55367,   552.185E-03,            0.,"ASSEMBLY_PLATE-1__PICKEDSET2","ROCK","",      -1.02038,      -1.60220,      -1.60203,      -1.02055,  -9.94701E-03
F:/Desktop/DeepOnet_Abaqus/StaticElasticJob6.odb,Step-1,Increment      1: Step Time =    1.000,"PLATE-1",          1392,             1,      -1.54728,  -746.552E-03,            0.,"ASSEMBLY_PLATE-1__PICKEDSET2","ROCK","",      -1.00531,      -1.63248,      -1.63086,      -1.00694,   31.8387E-03
F:/Desktop/DeepOnet_Abaqus/StaticElasticJob6.odb,Step-1,Increment      1: Step Time =    1.000,"PLATE-1",          1393,             1,      -1.54772,      -1.14421,            0.,"ASSEMBLY_PLATE-1__PICKEDSET2","ROCK","",  -998.702E-03,      -1.64499,      -1.64404,  -999.656E-03,   24.8087E-03
F:/Desktop/DeepOnet_Abaqus/StaticElasticJob6.odb,Step-1,Increment      1: Step Time =    1.000,"PLATE-1",          1394,             1,      -1.54901,      -1.55114,            0.,"ASSEMBLY_PLATE-1__PICKEDSET2","ROCK","",  -997.700E-03,      -1.64845,      -1.64803,  -998.121E-03,   16.5448E-03
F:/Desktop/DeepOnet_Abaqus/StaticElasticJob6.odb,Step-1,Increment      1: Step Time =    1.000,"PLATE-1",          1395,             1,  -861.155E-03,      -1.54489,            0.,"ASSEMBLY_PLATE-1__PICKEDSET2","ROCK","",  -995.613E-03,      -1.66299,      -1.66276,  -995.845E-03,   12.4499E-03
F:/Desktop/DeepOnet_Abaqus/StaticElasticJob6.odb,Step-1,Increment      1: Step Time =    1.000,"PLATE-1",          1396,             1,   143.458E-03,      -1.55304,            0.,"ASSEMBLY_PLATE-1__PICKEDSET2","ROCK","",      -1.00063,      -1.67342,      -1.67341,      -1.00064,  -2.27292E-03
F:/Desktop/DeepOnet_Abaqus/StaticElasticJob6.odb,Step-1,Increment      1: Step Time =    1.000,"PLATE-1",          1397,             1,   344.852E-03,      -1.54873,            0.,"ASSEMBLY_PLATE-1__PICKEDSET2","ROCK","",      -1.00100,      -1.67191,      -1.67187,      -1.00104,  -5.18192E-03
F:/Desktop/DeepOnet_Abaqus/StaticElasticJob6.odb,Step-1,Increment      1: Step Time =    1.000,"PLATE-1",          1398,             1,   450.077E-03,      -1.54920,            0.,"ASSEMBLY_PLATE-1__PICKEDSET2","ROCK","",      -1.00110,      -1.67072,      -1.67065,      -1.00117,  -6.88528E-03
F:/Desktop/DeepOnet_Abaqus/StaticElasticJob6.odb,Step-1,Increment      1: Step Time =    1.000,"PLATE-1",          1399,             1,   748.625E-03,      -1.56104,            0.,"ASSEMBLY_PLATE-1__PICKEDSET2","ROCK","",      -1.00084,      -1.66671,      -1.66657,      -1.00099,  -9.88645E-03
F:/Desktop/DeepOnet_Abaqus/StaticElasticJob6.odb,Step-1,Increment      1: Step Time =    1.000,"PLATE-1",          1400,             1,       1.13959,      -1.54458,            0.,"ASSEMBLY_PLATE-1__PICKEDSET2","ROCK","",      -1.00073,      -1.65964,      -1.65941,      -1.00097,  -12.4428E-03
F:/Desktop/DeepOnet_Abaqus/StaticElasticJob6.odb,Step-1,Increment      1: Step Time =    1.000,"PLATE-1",          1401,             1,       1.55088,      -1.54965,            0.,"ASSEMBLY_PLATE-1__PICKEDSET2","ROCK","",      -1.00028,      -1.65336,      -1.65309,      -1.00055,  -13.3265E-03
F:/Desktop/DeepOnet_Abaqus/StaticElasticJob6.odb,Step-1,Increment      1: Step Time =    1.000,"PLATE-1",          1402,             1,       1.54874,  -850.011E-03,            0.,"ASSEMBLY_PLATE-1__PICKEDSET2","ROCK","",      -1.00230,      -1.65149,      -1.65071,      -1.00308,  -22.4585E-03
F:/Desktop/DeepOnet_Abaqus/StaticElasticJob6.odb,Step-1,Increment      1: Step Time =    1.000,"PLATE-1",          1403,             1,       1.55166,   751.379E-03,            0.,"ASSEMBLY_PLATE-1__PICKEDSET2","ROCK","",  -890.598E-03,      -1.61267,      -1.57115,  -932.124E-03,  -168.108E-03
F:/Desktop/DeepOnet_Abaqus/StaticElasticJob6.odb,Step-1,Increment      1: Step Time =    1.000,"PLATE-1",          1404,             1,       1.54086,       1.14905,            0.,"ASSEMBLY_PLATE-1__PICKEDSET2","ROCK","",      -1.16286,      -1.17259,      -1.17190,      -1.16355,  -2.49781E-03
F:/Desktop/DeepOnet_Abaqus/StaticElasticJob6.odb,Step-1,Increment      1: Step Time =    1.000,"PLATE-1",          1405,             1,       1.55299,       1.35468,            0.,"ASSEMBLY_PLATE-1__PICKEDSET2","ROCK","",  -952.340E-03,      -1.53517,      -1.39773,      -1.08978,   247.419E-03
F:/Desktop/DeepOnet_Abaqus/StaticElasticJob6.odb,Step-1,Increment      1: Step Time =    1.000,"PLATE-1",          1406,             1,       1.45079,       1.54709,            0.,"ASSEMBLY_PLATE-1__PICKEDSET2","ROCK","",  -873.292E-03,      -1.80707,      -1.74241,  -937.952E-03,   237.060E-03
F:/Desktop/DeepOnet_Abaqus/StaticElasticJob6.odb,Step-1,Increment      1: Step Time =    1.000,"PLATE-1",          1407,             1,       1.24190,       1.55590,            0.,"ASSEMBLY_PLATE-1__PICKEDSET2","ROCK","",  -939.424E-03,      -2.15043,      -2.11581,  -974.038E-03,   201.791E-03
F:/Desktop/DeepOnet_Abaqus/StaticElasticJob6.odb,Step-1,Increment      1: Step Time =    1.000,"PLATE-1",          1408,             1,   953.626E-03,       1.48786,            0.,"ASSEMBLY_PLATE-1__PICKEDSET2","ROCK","",  -686.781E-03,      -2.53431,      -2.51309,  -708.007E-03,  -196.889E-03
F:/Desktop/DeepOnet_Abaqus/StaticElasticJob6.odb,Step-1,Increment      1: Step Time =    1.000,"PLATE-1",          1409,             1,   847.945E-03,       1.54646,            0.,"ASSEMBLY_PLATE-1__PICKEDSET2","ROCK","",  -662.817E-03,      -2.07646,      -2.05071,  -688.564E-03,  -189.036E-03
F:/Desktop/DeepOnet_Abaqus/StaticElasticJob6.odb,Step-1,Increment      1: Step Time =    1.000,"PLATE-1",          1410,             1,   453.221E-03,       1.54678,            0.,"ASSEMBLY_PLATE-1__PICKEDSET2","ROCK","",  -870.044E-03,      -1.62221,      -1.55465,  -937.612E-03,  -215.074E-03
F:/Desktop/DeepOnet_Abaqus/StaticElasticJob6.odb,Step-1,Increment      1: Step Time =    1.000,"PLATE-1",          1411,             1,  -149.002E-03,       1.56476,            0.,"ASSEMBLY_PLATE-1__PICKEDSET2","ROCK","",      -1.01508,      -1.58457,      -1.58064,      -1.01901,  -47.1102E-03
F:/Desktop/DeepOnet_Abaqus/StaticElasticJob6.odb,Step-1,Increment      1: Step Time =    1.000,"PLATE-1",          1412,             1,  -343.459E-03,       1.56017,            0.,"ASSEMBLY_PLATE-1__PICKEDSET2","ROCK","",      -1.01612,      -1.59546,      -1.59364,      -1.01794,  -32.4045E-03
F:/Desktop/DeepOnet_Abaqus/StaticElasticJob6.odb,Step-1,Increment      1: Step Time =    1.000,"PLATE-1",          1413,             1,  -539.737E-03,       1.55434,            0.,"ASSEMBLY_PLATE-1__PICKEDSET2","ROCK","",      -1.01284,      -1.60703,      -1.60608,      -1.01379,  -23.7390E-03
F:/Desktop/DeepOnet_Abaqus/StaticElasticJob6.odb,Step-1,Increment      1: Step Time =    1.000,"PLATE-1",          1414,             1,  -738.905E-03,       1.55016,            0.,"ASSEMBLY_PLATE-1__PICKEDSET2","ROCK","",      -1.00949,      -1.61496,      -1.61433,      -1.01012,  -19.4869E-03
F:/Desktop/DeepOnet_Abaqus/StaticElasticJob6.odb,Step-1,Increment      1: Step Time =    1.000,"PLATE-1",          1415,             1,      -1.13872,       1.53919,            0.,"ASSEMBLY_PLATE-1__PICKEDSET2","ROCK","",      -1.00633,      -1.62262,      -1.62212,      -1.00682,  -17.4974E-03
F:/Desktop/DeepOnet_Abaqus/StaticElasticJob6.odb,Step-1,Increment      1: Step Time =    1.000,"PLATE-1",          1416,             1,      -1.55104,       1.54794,            0.,"ASSEMBLY_PLATE-1__PICKEDSET2","ROCK","",      -1.00734,      -1.62430,      -1.62390,      -1.00774,  -15.7208E-03
F:/Desktop/DeepOnet_Abaqus/StaticElasticJob6.odb,Step-1,Increment      1: Step Time =    1.000,"PLATE-1",          1417,             1,   64.3512E-03,  -207.643E-03,            0.,"ASSEMBLY_PLATE-1__PICKEDSET2","ROCK","",  -69.9931E-03,      -2.68733,      -2.64590,  -111.425E-03,  -326.688E-03
F:/Desktop/DeepOnet_Abaqus/StaticElasticJob6.odb,Step-1,Increment      1: Step Time =    1.000,"PLATE-1",          1418,             1,   36.8325E-03,  -209.278E-03,            0.,"ASSEMBLY_PLATE-1__PICKEDSET2","ROCK","",  -50.4498E-03,      -2.66808,      -2.65318,  -65.3456E-03,  -196.900E-03
F:/Desktop/DeepOnet_Abaqus/StaticElasticJob6.odb,Step-1,Increment      1: Step Time =    1.000,"PLATE-1",          1419,             1,  -80.7395E-03,  -205.429E-03,            0.,"ASSEMBLY_PLATE-1__PICKEDSET2","ROCK","",  -69.2916E-03,      -2.71475,      -2.64513,  -138.910E-03,   423.469E-03
F:/Desktop/DeepOnet_Abaqus/StaticElasticJob6.odb,Step-1,Increment      1: Step Time =    1.000,"PLATE-1",          1420,             1,   78.6377E-03,  -206.872E-03,            0.,"ASSEMBLY_PLATE-1__PICKEDSET2","ROCK","",  -70.3812E-03,      -2.68996,      -2.62669,  -133.652E-03,  -402.171E-03
F:/Desktop/DeepOnet_Abaqus/StaticElasticJob6.odb,Step-1,Increment      1: Step Time =    1.000,"PLATE-1",          1421,             1,  -104.023E-03,  -217.315E-03,            0.,"ASSEMBLY_PLATE-1__PICKEDSET2","ROCK","",  -136.992E-03,      -2.71536,      -2.59512,  -257.227E-03,   543.648E-03
F:/Desktop/DeepOnet_Abaqus/StaticElasticJob6.odb,Step-1,Increment      1: Step Time =    1.000,"PLATE-1",          1422,             1,   93.4576E-03,  -206.360E-03,            0.,"ASSEMBLY_PLATE-1__PICKEDSET2","ROCK","",  -109.202E-03,      -2.70663,      -2.61361,  -202.220E-03,  -482.654E-03
F:/Desktop/DeepOnet_Abaqus/StaticElasticJob6.odb,Step-1,Increment      1: Step Time =    1.000,"PLATE-1",          1423,             1,   108.645E-03,  -205.785E-03,            0.,"ASSEMBLY_PLATE-1__PICKEDSET2","ROCK","",  -102.298E-03,      -2.72939,      -2.59868,  -233.005E-03,  -571.224E-03
F:/Desktop/DeepOnet_Abaqus/StaticElasticJob6.odb,Step-1,Increment      1: Step Time =    1.000,"PLATE-1",          1424,             1,  -94.1293E-03,  -202.021E-03,            0.,"ASSEMBLY_PLATE-1__PICKEDSET2","ROCK","",  -65.4156E-03,      -2.72915,      -2.63374,  -160.831E-03,   495.032E-03
F:/Desktop/DeepOnet_Abaqus/StaticElasticJob6.odb,Step-1,Increment      1: Step Time =    1.000,"PLATE-1",          1425,             1,  -30.6099E-03,   208.891E-03,            0.,"ASSEMBLY_PLATE-1__PICKEDSET2","ROCK","",  -132.341E-03,      -3.74589,      -3.69227,  -185.960E-03,  -436.899E-03
F:/Desktop/DeepOnet_Abaqus/StaticElasticJob6.odb,Step-1,Increment      1: Step Time =    1.000,"PLATE-1",          1426,             1,   123.807E-03,  -204.063E-03,            0.,"ASSEMBLY_PLATE-1__PICKEDSET2","ROCK","",  -119.247E-03,      -2.76167,      -2.59266,  -288.255E-03,  -646.550E-03
F:/Desktop/DeepOnet_Abaqus/StaticElasticJob6.odb,Step-1,Increment      1: Step Time =    1.000,"PLATE-1",          1427,             1,   135.476E-03,  -242.221E-03,            0.,"ASSEMBLY_PLATE-1__PICKEDSET2","ROCK","",  -385.810E-03,      -2.56803,      -2.37517,  -578.667E-03,  -619.405E-03
F:/Desktop/DeepOnet_Abaqus/StaticElasticJob6.odb,Step-1,Increment      1: Step Time =    1.000,"PLATE-1",          1428,             1,  -133.047E-03,  -194.658E-03,            0.,"ASSEMBLY_PLATE-1__PICKEDSET2","ROCK","",  -97.6957E-03,      -2.84739,      -2.63522,  -309.871E-03,   733.758E-03
F:/Desktop/DeepOnet_Abaqus/StaticElasticJob6.odb,Step-1,Increment      1: Step Time =    1.000,"PLATE-1",          1429,             1,  -45.6503E-03,   211.355E-03,            0.,"ASSEMBLY_PLATE-1__PICKEDSET2","ROCK","",  -270.528E-03,      -3.58403,      -3.46545,  -389.107E-03,  -615.509E-03
F:/Desktop/DeepOnet_Abaqus/StaticElasticJob6.odb,Step-1,Increment      1: Step Time =    1.000,"PLATE-1",          1430,             1,   17.2325E-03,   207.730E-03,            0.,"ASSEMBLY_PLATE-1__PICKEDSET2","ROCK","",  -118.305E-03,      -3.94395,      -3.92348,  -138.779E-03,   279.120E-03
F:/Desktop/DeepOnet_Abaqus/StaticElasticJob6.odb,Step-1,Increment      1: Step Time =    1.000,"PLATE-1",          1431,             1,  -61.9463E-03,   208.695E-03,            0.,"ASSEMBLY_PLATE-1__PICKEDSET2","ROCK","",  -340.644E-03,      -3.46055,      -3.25375,  -547.443E-03,  -776.163E-03
F:/Desktop/DeepOnet_Abaqus/StaticElasticJob6.odb,Step-1,Increment      1: Step Time =    1.000,"PLATE-1",          1432,             1,   61.3619E-03,   205.415E-03,            0.,"ASSEMBLY_PLATE-1__PICKEDSET2","ROCK","",  -208.888E-03,      -3.57344,      -3.31854,  -463.789E-03,   890.310E-03
F:/Desktop/DeepOnet_Abaqus/StaticElasticJob6.odb,Step-1,Increment      1: Step Time =    1.000,"PLATE-1",          1433,             1,   46.4596E-03,   208.133E-03,            0.,"ASSEMBLY_PLATE-1__PICKEDSET2","ROCK","",  -248.776E-03,      -3.74344,      -3.60136,  -390.851E-03,   690.159E-03
F:/Desktop/DeepOnet_Abaqus/StaticElasticJob6.odb,Step-1,Increment      1: Step Time =    1.000,"PLATE-1",          1434,             1,  -92.9215E-03,   194.009E-03,            0.,"ASSEMBLY_PLATE-1__PICKEDSET2","ROCK","",  -208.887E-03,      -3.10435,      -2.65467,  -658.564E-03,      -1.04872
F:/Desktop/DeepOnet_Abaqus/StaticElasticJob6.odb,Step-1,Increment      1: Step Time =    1.000,"PLATE-1",          1435,             1,   76.7620E-03,   201.363E-03,            0.,"ASSEMBLY_PLATE-1__PICKEDSET2","ROCK","",  -298.162E-03,      -3.46411,      -3.10526,  -657.010E-03,       1.00365
F:/Desktop/DeepOnet_Abaqus/StaticElasticJob6.odb,Step-1,Increment      1: Step Time =    1.000,"PLATE-1",          1436,             1,   189.292E-03,  -205.440E-03,            0.,"ASSEMBLY_PLATE-1__PICKEDSET2","ROCK","",  -555.018E-03,      -2.91101,      -2.28226,      -1.18377,      -1.04211
F:/Desktop/DeepOnet_Abaqus/StaticElasticJob6.odb,Step-1,Increment      1: Step Time =    1.000,"PLATE-1",          1437,             1,  -7.45108E-03,  -213.870E-03,            0.,"ASSEMBLY_PLATE-1__PICKEDSET2","ROCK","",  -77.1685E-03,      -2.68098,      -2.68042,  -77.7198E-03,   37.8868E-03
F:/Desktop/DeepOnet_Abaqus/StaticElasticJob6.odb,Step-1,Increment      1: Step Time =    1.000,"PLATE-1",          1438,             1,  -23.4487E-03,  -216.292E-03,            0.,"ASSEMBLY_PLATE-1__PICKEDSET2","ROCK","",  -106.080E-03,      -2.68500,      -2.67873,  -112.350E-03,   127.013E-03
F:/Desktop/DeepOnet_Abaqus/StaticElasticJob6.odb,Step-1,Increment      1: Step Time =    1.000,"PLATE-1",          1439,             1,   277.634E-03,  -87.9120E-03,            0.,"ASSEMBLY_PLATE-1__PICKEDSET2","ROCK","",  -339.541E-03,      -1.73338,  -520.192E-03,      -1.55273,  -468.149E-03
F:/Desktop/DeepOnet_Abaqus/StaticElasticJob6.odb,Step-1,Increment      1: Step Time =    1.000,"PLATE-1",          1440,             1,  -241.928E-03,  -86.7709E-03,            0.,"ASSEMBLY_PLATE-1__PICKEDSET2","ROCK","",  -160.527E-03,      -1.65922,  -247.667E-03,      -1.57208,   350.717E-03
F:/Desktop/DeepOnet_Abaqus/StaticElasticJob6.odb,Step-1,Increment      1: Step Time =    1.000,"PLATE-1",          1441,             1,   106.311E-03,   183.340E-03,            0.,"ASSEMBLY_PLATE-1__PICKEDSET2","ROCK","",  -151.287E-03,      -3.14226,      -2.47045,  -823.095E-03,       1.24821
F:/Desktop/DeepOnet_Abaqus/StaticElasticJob6.odb,Step-1,Increment      1: Step Time =    1.000,"PLATE-1",          1442,             1,  -143.142E-03,   168.294E-03,            0.,"ASSEMBLY_PLATE-1__PICKEDSET2","ROCK","",  -260.018E-03,      -2.51765,      -1.80726,  -970.407E-03,      -1.04840
F:/Desktop/DeepOnet_Abaqus/StaticElasticJob6.odb,Step-1,Increment      1: Step Time =    1.000,"PLATE-1",          1443,             1,  -155.038E-03,   151.459E-03,            0.,"ASSEMBLY_PLATE-1__PICKEDSET2","ROCK","",  -160.503E-03,      -2.29581,      -1.42529,      -1.03102,      -1.04930
F:/Desktop/DeepOnet_Abaqus/StaticElasticJob6.odb,Step-1,Increment      1: Step Time =    1.000,"PLATE-1",          1444,             1,  -231.268E-03,  -125.413E-03,            0.,"ASSEMBLY_PLATE-1__PICKEDSET2","ROCK","",  -257.615E-03,      -2.30969,  -648.391E-03,      -1.91891,   805.726E-03
F:/Desktop/DeepOnet_Abaqus/StaticElasticJob6.odb,Step-1,Increment      1: Step Time =    1.000,"PLATE-1",          1445,             1,   237.945E-03,  -101.686E-03,            0.,"ASSEMBLY_PLATE-1__PICKEDSET2","ROCK","",  -166.249E-03,      -1.79122,  -311.323E-03,      -1.64615,  -463.352E-03
F:/Desktop/DeepOnet_Abaqus/StaticElasticJob6.odb,Step-1,Increment      1: Step Time =    1.000,"PLATE-1",          1446,             1,   221.520E-03,   44.2265E-03,            0.,"ASSEMBLY_PLATE-1__PICKEDSET2","ROCK","",  -81.2573E-03,      -1.45862,  -285.011E-03,      -1.25486,   489.005E-03
F:/Desktop/DeepOnet_Abaqus/StaticElasticJob6.odb,Step-1,Increment      1: Step Time =    1.000,"PLATE-1",          1447,             1,  -226.927E-03,   47.2730E-03,            0.,"ASSEMBLY_PLATE-1__PICKEDSET2","ROCK","",  -109.172E-03,      -1.41251,  -304.690E-03,      -1.21699,  -465.402E-03
F:/Desktop/DeepOnet_Abaqus/StaticElasticJob6.odb,Step-1,Increment      1: Step Time =    1.000,"PLATE-1",          1448,             1,   163.057E-03,   139.336E-03,            0.,"ASSEMBLY_PLATE-1__PICKEDSET2","ROCK","",  -64.5263E-03,      -2.28841,      -1.25701,      -1.09593,       1.10902
F:/Desktop/DeepOnet_Abaqus/StaticElasticJob6.odb,Step-1,Increment      1: Step Time =    1.000,"PLATE-1",          1449,             1,   146.968E-03,   149.678E-03,            0.,"ASSEMBLY_PLATE-1__PICKEDSET2","ROCK","",  -57.9279E-03,      -2.48868,      -1.45014,      -1.09647,       1.20244
F:/Desktop/DeepOnet_Abaqus/StaticElasticJob6.odb,Step-1,Increment      1: Step Time =    1.000,"PLATE-1",          1450,             1,   291.386E-03,  -67.0994E-03,            0.,"ASSEMBLY_PLATE-1__PICKEDSET2","ROCK","",  -435.783E-03,      -1.59510,  -522.310E-03,      -1.50858,  -304.672E-03
F:/Desktop/DeepOnet_Abaqus/StaticElasticJob6.odb,Step-1,Increment      1: Step Time =    1.000,"PLATE-1",          1451,             1,   238.054E-03,   6.85196E-03,            0.,"ASSEMBLY_PLATE-1__PICKEDSET2","ROCK","",  -116.732E-03,      -1.31219,  -177.844E-03,      -1.25107,   263.291E-03
F:/Desktop/DeepOnet_Abaqus/StaticElasticJob6.odb,Step-1,Increment      1: Step Time =    1.000,"PLATE-1",          1452,             1,  -239.823E-03,   2.45256E-03,            0.,"ASSEMBLY_PLATE-1__PICKEDSET2","ROCK","",  -165.520E-03,      -1.30524,  -205.220E-03,      -1.26554,  -208.976E-03
F:/Desktop/DeepOnet_Abaqus/StaticElasticJob6.odb,Step-1,Increment      1: Step Time =    1.000,"PLATE-1",          1453,             1,   215.530E-03,   63.9699E-03,            0.,"ASSEMBLY_PLATE-1__PICKEDSET2","ROCK","",  -112.914E-03,      -1.57760,  -418.161E-03,      -1.27235,   594.908E-03
F:/Desktop/DeepOnet_Abaqus/StaticElasticJob6.odb,Step-1,Increment      1: Step Time =    1.000,"PLATE-1",          1454,             1,  -264.114E-03,  -144.645E-03,            0.,"ASSEMBLY_PLATE-1__PICKEDSET2","ROCK","",  -529.453E-03,      -2.21312,      -1.34087,      -1.40170,   841.284E-03
F:/Desktop/DeepOnet_Abaqus/StaticElasticJob6.odb,Step-1,Increment      1: Step Time =    1.000,"PLATE-1",          1455,             1,  -202.595E-03,   82.0494E-03,            0.,"ASSEMBLY_PLATE-1__PICKEDSET2","ROCK","",  -73.0970E-03,      -1.66015,  -506.494E-03,      -1.22676,  -707.102E-03
F:/Desktop/DeepOnet_Abaqus/StaticElasticJob6.odb,Step-1,Increment      1: Step Time =    1.000,"PLATE-1",          1456,             1,  -290.270E-03,  -84.6256E-03,            0.,"ASSEMBLY_PLATE-1__PICKEDSET2","ROCK","",  -453.320E-03,      -1.67872,  -623.289E-03,      -1.50875,   423.544E-03
F:/Desktop/DeepOnet_Abaqus/StaticElasticJob6.odb,Step-1,Increment      1: Step Time =    1.000,"PLATE-1",          1457,             1,  -247.856E-03,  -67.1187E-03,            0.,"ASSEMBLY_PLATE-1__PICKEDSET2","ROCK","",  -183.214E-03,      -1.49940,  -214.115E-03,      -1.46850,   199.290E-03
F:/Desktop/DeepOnet_Abaqus/StaticElasticJob6.odb,Step-1,Increment      1: Step Time =    1.000,"PLATE-1",          1458,             1,   181.641E-03,   126.111E-03,            0.,"ASSEMBLY_PLATE-1__PICKEDSET2","ROCK","",  -133.345E-03,      -2.07712,      -1.06335,      -1.14711,   970.983E-03
F:/Desktop/DeepOnet_Abaqus/StaticElasticJob6.odb,Step-1,Increment      1: Step Time =    1.000,"PLATE-1",          1459,             1,  -256.440E-03,   72.0334E-03,            0.,"ASSEMBLY_PLATE-1__PICKEDSET2","ROCK","",  -306.532E-03,      -1.54736,  -646.823E-03,      -1.20707,  -553.574E-03
F:/Desktop/DeepOnet_Abaqus/StaticElasticJob6.odb,Step-1,Increment      1: Step Time =    1.000,"PLATE-1",          1460,             1,  -217.176E-03,   113.892E-03,            0.,"ASSEMBLY_PLATE-1__PICKEDSET2","ROCK","",  -233.313E-03,      -1.76439,  -894.188E-03,      -1.10352,  -758.352E-03
F:/Desktop/DeepOnet_Abaqus/StaticElasticJob6.odb,Step-1,Increment      1: Step Time =    1.000,"PLATE-1",          1461,             1,   238.207E-03,   101.018E-03,            0.,"ASSEMBLY_PLATE-1__PICKEDSET2","ROCK","",  -305.350E-03,      -1.75124,  -888.659E-03,      -1.16793,   709.330E-03
F:/Desktop/DeepOnet_Abaqus/StaticElasticJob6.odb,Step-1,Increment      1: Step Time =    1.000,"PLATE-1",          1462,             1,   39.5756E-03,   249.114E-03,            0.,"ASSEMBLY_PLATE-1__PICKEDSET2","ROCK","",  -630.490E-03,      -2.94393,      -2.90858,  -665.842E-03,   283.786E-03
F:/Desktop/DeepOnet_Abaqus/StaticElasticJob6.odb,Step-1,Increment      1: Step Time =    1.000,"PLATE-1",          1463,             1,  -2.86974E-03,  -241.490E-03,            0.,"ASSEMBLY_PLATE-1__PICKEDSET2","ROCK","",  -198.404E-03,      -2.58743,      -2.58702,  -198.814E-03,   31.2949E-03
F:/Desktop/DeepOnet_Abaqus/StaticElasticJob6.odb,Step-1,Increment      1: Step Time =    1.000,"PLATE-1",          1464,             1,  -52.6940E-03,  -209.822E-03,            0.,"ASSEMBLY_PLATE-1__PICKEDSET2","ROCK","",  -61.4212E-03,      -2.68457,      -2.65497,  -91.0186E-03,   277.061E-03
F:/Desktop/DeepOnet_Abaqus/StaticElasticJob6.odb,Step-1,Increment      1: Step Time =    1.000,"PLATE-1",          1465,             1,  -118.811E-03,  -195.527E-03,            0.,"ASSEMBLY_PLATE-1__PICKEDSET2","ROCK","",  -64.5699E-03,      -2.78583,      -2.62903,  -221.372E-03,   634.124E-03
F:/Desktop/DeepOnet_Abaqus/StaticElasticJob6.odb,Step-1,Increment      1: Step Time =    1.000,"PLATE-1",          1466,             1,   151.328E-03,  -218.334E-03,            0.,"ASSEMBLY_PLATE-1__PICKEDSET2","ROCK","",  -267.309E-03,      -2.79780,      -2.52639,  -538.719E-03,  -783.031E-03
F:/Desktop/DeepOnet_Abaqus/StaticElasticJob6.odb,Step-1,Increment      1: Step Time =    1.000,"PLATE-1",          1467,             1,   115.819E-03,  -241.426E-03,            0.,"ASSEMBLY_PLATE-1__PICKEDSET2","ROCK","",  -319.179E-03,      -2.56102,      -2.42959,  -450.607E-03,  -526.658E-03
F:/Desktop/DeepOnet_Abaqus/StaticElasticJob6.odb,Step-1,Increment      1: Step Time =    1.000,"PLATE-1",          1468,             1,  -172.832E-03,  -206.362E-03,            0.,"ASSEMBLY_PLATE-1__PICKEDSET2","ROCK","",  -386.368E-03,      -2.91298,      -2.43160,  -867.748E-03,   992.237E-03
F:/Desktop/DeepOnet_Abaqus/StaticElasticJob6.odb,Step-1,Increment      1: Step Time =    1.000,"PLATE-1",          1469,             1,   160.378E-03,  -208.297E-03,            0.,"ASSEMBLY_PLATE-1__PICKEDSET2","ROCK","",  -282.961E-03,      -2.82980,      -2.49716,  -615.599E-03,  -858.212E-03
F:/Desktop/DeepOnet_Abaqus/StaticElasticJob6.odb,Step-1,Increment      1: Step Time =    1.000,"PLATE-1",          1470,             1,   91.8780E-03,   192.340E-03,            0.,"ASSEMBLY_PLATE-1__PICKEDSET2","ROCK","",  -230.940E-03,      -3.30553,      -2.78078,  -755.688E-03,       1.15673
F:/Desktop/DeepOnet_Abaqus/StaticElasticJob6.odb,Step-1,Increment      1: Step Time =    1.000,"PLATE-1",          1471,             1,  -104.050E-03,   221.664E-03,            0.,"ASSEMBLY_PLATE-1__PICKEDSET2","ROCK","",  -421.047E-03,      -2.79843,      -2.57985,  -639.629E-03,  -686.932E-03
F:/Desktop/DeepOnet_Abaqus/StaticElasticJob6.odb,Step-1,Increment      1: Step Time =    1.000,"PLATE-1",          1472,             1,   121.566E-03,   173.396E-03,            0.,"ASSEMBLY_PLATE-1__PICKEDSET2","ROCK","",  -174.079E-03,      -2.94347,      -2.15807,  -959.486E-03,       1.24829
F:/Desktop/DeepOnet_Abaqus/StaticElasticJob6.odb,Step-1,Increment      1: Step Time =    1.000,"PLATE-1",          1473,             1,  -194.271E-03,  -174.067E-03,            0.,"ASSEMBLY_PLATE-1__PICKEDSET2","ROCK","",  -453.089E-03,      -3.59258,      -2.62264,      -1.42302,       1.45063
F:/Desktop/DeepOnet_Abaqus/StaticElasticJob6.odb,Step-1,Increment      1: Step Time =    1.000,"PLATE-1",          1474,             1,   240.646E-03,  -16.5504E-03,            0.,"ASSEMBLY_PLATE-1__PICKEDSET2","ROCK","",  -151.485E-03,      -1.29443,  -166.132E-03,      -1.27978,   128.555E-03
F:/Desktop/DeepOnet_Abaqus/StaticElasticJob6.odb,Step-1,Increment      1: Step Time =    1.000,"PLATE-1",          1475,             1,  -236.998E-03,  -106.012E-03,            0.,"ASSEMBLY_PLATE-1__PICKEDSET2","ROCK","",  -193.921E-03,      -1.91736,  -382.256E-03,      -1.72902,   537.693E-03
F:/Desktop/DeepOnet_Abaqus/StaticElasticJob6.odb,Step-1,Increment      1: Step Time =    1.000,"PLATE-1",          1476,             1,   235.448E-03,  -123.480E-03,            0.,"ASSEMBLY_PLATE-1__PICKEDSET2","ROCK","",  -359.223E-03,      -2.17728,  -724.524E-03,      -1.81198,  -728.486E-03
F:/Desktop/DeepOnet_Abaqus/StaticElasticJob6.odb,Step-1,Increment      1: Step Time =    1.000,"PLATE-1",          1477,             1,  -292.331E-03,  -13.2384E-03,            0.,"ASSEMBLY_PLATE-1__PICKEDSET2","ROCK","",  -438.809E-03,      -1.43783,  -441.603E-03,      -1.43504,  -52.7546E-03
F:/Desktop/DeepOnet_Abaqus/StaticElasticJob6.odb,Step-1,Increment      1: Step Time =    1.000,"PLATE-1",          1478,             1,  -235.847E-03,   26.2720E-03,            0.,"ASSEMBLY_PLATE-1__PICKEDSET2","ROCK","",  -155.957E-03,      -1.34746,  -269.069E-03,      -1.23435,  -349.255E-03
F:/Desktop/DeepOnet_Abaqus/StaticElasticJob6.odb,Step-1,Increment      1: Step Time =    1.000,"PLATE-1",          1479,             1,  -191.624E-03,   99.8877E-03,            0.,"ASSEMBLY_PLATE-1__PICKEDSET2","ROCK","",  -88.7627E-03,      -1.78733,  -672.969E-03,      -1.20313,  -806.857E-03
F:/Desktop/DeepOnet_Abaqus/StaticElasticJob6.odb,Step-1,Increment      1: Step Time =    1.000,"PLATE-1",          1480,             1,   196.818E-03,   106.983E-03,            0.,"ASSEMBLY_PLATE-1__PICKEDSET2","ROCK","",  -182.094E-03,      -1.90904,  -877.171E-03,      -1.21396,   846.892E-03
F:/Desktop/DeepOnet_Abaqus/StaticElasticJob6.odb,Step-1,Increment      1: Step Time =    1.000,"PLATE-1",          1481,             1,   215.228E-03,  -165.458E-03,            0.,"ASSEMBLY_PLATE-1__PICKEDSET2","ROCK","",  -590.543E-03,      -3.09932,      -1.92999,      -1.75987,      -1.25150
F:/Desktop/DeepOnet_Abaqus/StaticElasticJob6.odb,Step-1,Increment      1: Step Time =    1.000,"PLATE-1",          1482,             1,  -210.464E-03,  -162.844E-03,            0.,"ASSEMBLY_PLATE-1__PICKEDSET2","ROCK","",  -498.312E-03,      -3.36105,      -1.99647,      -1.86289,       1.42981
F:/Desktop/DeepOnet_Abaqus/StaticElasticJob6.odb,Step-1,Increment      1: Step Time =    1.000,"PLATE-1",          1483,             1,  -61.9009E-03,  -257.375E-03,            0.,"ASSEMBLY_PLATE-1__PICKEDSET2","ROCK","",  -316.719E-03,      -2.50633,      -2.47368,  -349.367E-03,   265.369E-03
F:/Desktop/DeepOnet_Abaqus/StaticElasticJob6.odb,Step-1,Increment      1: Step Time =    1.000,"PLATE-1",          1484,             1,  -19.2713E-03,  -249.252E-03,            0.,"ASSEMBLY_PLATE-1__PICKEDSET2","ROCK","",  -238.574E-03,      -2.54541,      -2.54197,  -242.012E-03,   88.9825E-03
F:/Desktop/DeepOnet_Abaqus/StaticElasticJob6.odb,Step-1,Increment      1: Step Time =    1.000,"PLATE-1",          1485,             1,   50.4394E-03,  -208.464E-03,            0.,"ASSEMBLY_PLATE-1__PICKEDSET2","ROCK","",  -47.5738E-03,      -2.68032,      -2.65468,  -73.2201E-03,  -258.579E-03
F:/Desktop/DeepOnet_Abaqus/StaticElasticJob6.odb,Step-1,Increment      1: Step Time =    1.000,"PLATE-1",          1486,             1,   55.7916E-03,   229.431E-03,            0.,"ASSEMBLY_PLATE-1__PICKEDSET2","ROCK","",  -520.482E-03,      -3.20502,      -3.11106,  -614.439E-03,   493.360E-03
F:/Desktop/DeepOnet_Abaqus/StaticElasticJob6.odb,Step-1,Increment      1: Step Time =    1.000,"PLATE-1",          1487,             1,  -3.48284E-03,   217.075E-03,            0.,"ASSEMBLY_PLATE-1__PICKEDSET2","ROCK","",  -229.524E-03,      -3.79347,      -3.79339,  -229.608E-03,  -17.2959E-03
F:/Desktop/DeepOnet_Abaqus/StaticElasticJob6.odb,Step-1,Increment      1: Step Time =    1.000,"PLATE-1",          1488,             1,  -68.4796E-03,   279.504E-03,            0.,"ASSEMBLY_PLATE-1__PICKEDSET2","ROCK","",  -741.675E-03,      -2.54452,      -2.52438,  -761.808E-03,  -189.445E-03
F:/Desktop/DeepOnet_Abaqus/StaticElasticJob6.odb,Step-1,Increment      1: Step Time =    1.000,"PLATE-1",          1489,             1,  -77.6307E-03,   200.930E-03,            0.,"ASSEMBLY_PLATE-1__PICKEDSET2","ROCK","",  -233.945E-03,      -3.29735,      -2.96410,  -567.192E-03,  -953.843E-03
F:/Desktop/DeepOnet_Abaqus/StaticElasticJob6.odb,Step-1,Increment      1: Step Time =    1.000,"PLATE-1",          1490,             1,  -127.160E-03,   253.241E-03,            0.,"ASSEMBLY_PLATE-1__PICKEDSET2","ROCK","",  -636.336E-03,      -2.40225,      -2.30950,  -729.089E-03,  -393.943E-03
F:/Desktop/DeepOnet_Abaqus/StaticElasticJob6.odb,Step-1,Increment      1: Step Time =    1.000,"PLATE-1",          1491,             1,   8.94856E-03,  -268.887E-03,            0.,"ASSEMBLY_PLATE-1__PICKEDSET2","ROCK","",  -327.442E-03,      -2.47022,      -2.46969,  -327.980E-03,  -33.9538E-03
F:/Desktop/DeepOnet_Abaqus/StaticElasticJob6.odb,Step-1,Increment      1: Step Time =    1.000,"PLATE-1",          1492,             1,  -190.548E-03,  -203.497E-03,            0.,"ASSEMBLY_PLATE-1__PICKEDSET2","ROCK","",  -597.381E-03,      -2.79567,      -2.20357,      -1.18948,   975.203E-03
F:/Desktop/DeepOnet_Abaqus/StaticElasticJob6.odb,Step-1,Increment      1: Step Time =    1.000,"PLATE-1",          1493,             1,  -146.237E-03,   218.574E-03,            0.,"ASSEMBLY_PLATE-1__PICKEDSET2","ROCK","",  -490.485E-03,      -2.41263,      -2.14967,  -753.450E-03,  -660.536E-03
F:/Desktop/DeepOnet_Abaqus/StaticElasticJob6.odb,Step-1,Increment      1: Step Time =    1.000,"PLATE-1",          1494,             1,   151.173E-03,   317.797E-03,            0.,"ASSEMBLY_PLATE-1__PICKEDSET2","ROCK","",  -770.828E-03,      -2.22552,      -2.18536,  -810.986E-03,   238.340E-03
F:/Desktop/DeepOnet_Abaqus/StaticElasticJob6.odb,Step-1,Increment      1: Step Time =    1.000,"PLATE-1",          1495,             1,   301.540E-03,  -96.6882E-03,            0.,"ASSEMBLY_PLATE-1__PICKEDSET2","ROCK","",  -512.187E-03,      -1.73996,  -794.830E-03,      -1.45731,  -516.850E-03
F:/Desktop/DeepOnet_Abaqus/StaticElasticJob6.odb,Step-1,Increment      1: Step Time =    1.000,"PLATE-1",          1496,             1,   145.226E-03,   207.508E-03,            0.,"ASSEMBLY_PLATE-1__PICKEDSET2","ROCK","",  -421.092E-03,      -2.58551,      -2.24741,  -759.195E-03,   785.801E-03
F:/Desktop/DeepOnet_Abaqus/StaticElasticJob6.odb,Step-1,Increment      1: Step Time =    1.000,"PLATE-1",          1497,             1,  -253.728E-03,  -164.625E-03,            0.,"ASSEMBLY_PLATE-1__PICKEDSET2","ROCK","",  -667.822E-03,      -2.25995,      -1.65956,      -1.26821,   771.639E-03
F:/Desktop/DeepOnet_Abaqus/StaticElasticJob6.odb,Step-1,Increment      1: Step Time =    1.000,"PLATE-1",          1498,             1,  -279.394E-03,  -104.018E-03,            0.,"ASSEMBLY_PLATE-1__PICKEDSET2","ROCK","",  -435.545E-03,      -1.81898,  -747.932E-03,      -1.50659,   578.429E-03
F:/Desktop/DeepOnet_Abaqus/StaticElasticJob6.odb,Step-1,Increment      1: Step Time =    1.000,"PLATE-1",          1499,             1,   300.873E-03,   88.7814E-03,            0.,"ASSEMBLY_PLATE-1__PICKEDSET2","ROCK","",  -532.302E-03,      -1.61983,  -938.465E-03,      -1.21367,   526.068E-03
F:/Desktop/DeepOnet_Abaqus/StaticElasticJob6.odb,Step-1,Increment      1: Step Time =    1.000,"PLATE-1",          1500,             1,   198.013E-03,  -177.642E-03,            0.,"ASSEMBLY_PLATE-1__PICKEDSET2","ROCK","",  -644.450E-03,      -3.30394,      -2.51767,      -1.43072,      -1.21362
F:/Desktop/DeepOnet_Abaqus/StaticElasticJob6.odb,Step-1,Increment      1: Step Time =    1.000,"PLATE-1",          1501,             1,  -232.104E-03,  -189.032E-03,            0.,"ASSEMBLY_PLATE-1__PICKEDSET2","ROCK","",  -862.400E-03,      -2.29283,      -1.85147,      -1.30376,   660.708E-03
F:/Desktop/DeepOnet_Abaqus/StaticElasticJob6.odb,Step-1,Increment      1: Step Time =    1.000,"PLATE-1",          1502,             1,  -133.498E-03,  -216.170E-03,            0.,"ASSEMBLY_PLATE-1__PICKEDSET2","ROCK","",  -238.134E-03,      -2.72956,      -2.51398,  -453.718E-03,   700.455E-03
F:/Desktop/DeepOnet_Abaqus/StaticElasticJob6.odb,Step-1,Increment      1: Step Time =    1.000,"PLATE-1",          1503,             1,   228.078E-03,  -145.323E-03,            0.,"ASSEMBLY_PLATE-1__PICKEDSET2","ROCK","",  -381.842E-03,      -2.63695,      -1.14027,      -1.87852,      -1.06542
F:/Desktop/DeepOnet_Abaqus/StaticElasticJob6.odb,Step-1,Increment      1: Step Time =    1.000,"PLATE-1",          1504,             1,  -226.347E-03,   144.273E-03,            0.,"ASSEMBLY_PLATE-1__PICKEDSET2","ROCK","",  -360.925E-03,      -1.87481,      -1.25405,  -981.686E-03,  -744.591E-03
F:/Desktop/DeepOnet_Abaqus/StaticElasticJob6.odb,Step-1,Increment      1: Step Time =    1.000,"PLATE-1",          1505,             1,  -69.0724E-03,  -245.826E-03,            0.,"ASSEMBLY_PLATE-1__PICKEDSET2","ROCK","",  -259.512E-03,      -2.56451,      -2.52210,  -301.925E-03,   309.778E-03
F:/Desktop/DeepOnet_Abaqus/StaticElasticJob6.odb,Step-1,Increment      1: Step Time =    1.000,"PLATE-1",          1506,             1,   96.6901E-03,  -234.920E-03,            0.,"ASSEMBLY_PLATE-1__PICKEDSET2","ROCK","",  -244.476E-03,      -2.58614,      -2.49907,  -331.540E-03,  -443.053E-03
F:/Desktop/DeepOnet_Abaqus/StaticElasticJob6.odb,Step-1,Increment      1: Step Time =    1.000,"PLATE-1",          1507,             1,   135.381E-03,  -299.803E-03,            0.,"ASSEMBLY_PLATE-1__PICKEDSET2","ROCK","",  -608.544E-03,      -2.26651,      -2.16503,  -710.030E-03,  -397.443E-03
F:/Desktop/DeepOnet_Abaqus/StaticElasticJob6.odb,Step-1,Increment      1: Step Time =    1.000,"PLATE-1",          1508,             1,  -72.0442E-03,   241.289E-03,            0.,"ASSEMBLY_PLATE-1__PICKEDSET2","ROCK","",  -570.084E-03,      -2.85160,      -2.78628,  -635.400E-03,  -380.464E-03
F:/Desktop/DeepOnet_Abaqus/StaticElasticJob6.odb,Step-1,Increment      1: Step Time =    1.000,"PLATE-1",          1509,             1,  -126.365E-03,   343.561E-03,            0.,"ASSEMBLY_PLATE-1__PICKEDSET2","ROCK","",  -821.787E-03,      -2.14596,      -2.13747,  -830.281E-03,  -105.713E-03
F:/Desktop/DeepOnet_Abaqus/StaticElasticJob6.odb,Step-1,Increment      1: Step Time =    1.000,"PLATE-1",          1510,             1,  -215.213E-03,   206.984E-03,            0.,"ASSEMBLY_PLATE-1__PICKEDSET2","ROCK","",  -521.124E-03,      -2.04485,      -1.75187,  -814.110E-03,  -600.493E-03
F:/Desktop/DeepOnet_Abaqus/StaticElasticJob6.odb,Step-1,Increment      1: Step Time =    1.000,"PLATE-1",          1511,             1,   177.154E-03,   167.040E-03,            0.,"ASSEMBLY_PLATE-1__PICKEDSET2","ROCK","",  -274.699E-03,      -2.30216,      -1.65088,  -925.979E-03,   946.720E-03
F:/Desktop/DeepOnet_Abaqus/StaticElasticJob6.odb,Step-1,Increment      1: Step Time =    1.000,"PLATE-1",          1512,             1,  -186.180E-03,   169.119E-03,            0.,"ASSEMBLY_PLATE-1__PICKEDSET2","ROCK","",  -320.852E-03,      -2.17766,      -1.60379,  -894.721E-03,  -858.043E-03
F:/Desktop/DeepOnet_Abaqus/StaticElasticJob6.odb,Step-1,Increment      1: Step Time =    1.000,"PLATE-1",          1513,             1,   183.134E-03,   263.507E-03,            0.,"ASSEMBLY_PLATE-1__PICKEDSET2","ROCK","",  -648.506E-03,      -2.21175,      -2.08240,  -777.855E-03,   430.664E-03
F:/Desktop/DeepOnet_Abaqus/StaticElasticJob6.odb,Step-1,Increment      1: Step Time =    1.000,"PLATE-1",          1514,             1,  -225.926E-03,   168.241E-03,            0.,"ASSEMBLY_PLATE-1__PICKEDSET2","ROCK","",  -439.261E-03,      -1.91261,      -1.44828,  -903.584E-03,  -684.480E-03
F:/Desktop/DeepOnet_Abaqus/StaticElasticJob6.odb,Step-1,Increment      1: Step Time =    1.000,"PLATE-1",          1515,             1,  -301.624E-03,   203.415E-03,            0.,"ASSEMBLY_PLATE-1__PICKEDSET2","ROCK","",  -654.299E-03,      -1.77950,      -1.50417,  -929.638E-03,  -483.737E-03
F:/Desktop/DeepOnet_Abaqus/StaticElasticJob6.odb,Step-1,Increment      1: Step Time =    1.000,"PLATE-1",          1516,             1,   234.099E-03,   160.830E-03,            0.,"ASSEMBLY_PLATE-1__PICKEDSET2","ROCK","",  -431.282E-03,      -1.96751,      -1.42450,  -974.298E-03,   734.392E-03
F:/Desktop/DeepOnet_Abaqus/StaticElasticJob6.odb,Step-1,Increment      1: Step Time =    1.000,"PLATE-1",          1517,             1,   75.3272E-03,  -286.353E-03,            0.,"ASSEMBLY_PLATE-1__PICKEDSET2","ROCK","",  -451.818E-03,      -2.38416,      -2.34088,  -495.098E-03,  -285.935E-03
F:/Desktop/DeepOnet_Abaqus/StaticElasticJob6.odb,Step-1,Increment      1: Step Time =    1.000,"PLATE-1",          1518,             1,  -184.719E-03,  -244.142E-03,            0.,"ASSEMBLY_PLATE-1__PICKEDSET2","ROCK","",  -695.245E-03,      -2.38417,      -2.08256,  -996.861E-03,   646.866E-03
F:/Desktop/DeepOnet_Abaqus/StaticElasticJob6.odb,Step-1,Increment      1: Step Time =    1.000,"PLATE-1",          1519,             1,  -102.123E-03,  -234.870E-03,            0.,"ASSEMBLY_PLATE-1__PICKEDSET2","ROCK","",  -251.263E-03,      -2.61113,      -2.50589,  -356.504E-03,   487.112E-03
F:/Desktop/DeepOnet_Abaqus/StaticElasticJob6.odb,Step-1,Increment      1: Step Time =    1.000,"PLATE-1",          1520,             1,   324.076E-03,  -186.491E-03,            0.,"ASSEMBLY_PLATE-1__PICKEDSET2","ROCK","",  -817.765E-03,      -1.85589,      -1.53866,      -1.13500,  -478.216E-03
F:/Desktop/DeepOnet_Abaqus/StaticElasticJob6.odb,Step-1,Increment      1: Step Time =    1.000,"PLATE-1",          1521,             1,  -265.702E-03,  -200.085E-03,            0.,"ASSEMBLY_PLATE-1__PICKEDSET2","ROCK","",  -806.443E-03,      -2.12584,      -1.79110,      -1.14118,   574.111E-03
F:/Desktop/DeepOnet_Abaqus/StaticElasticJob6.odb,Step-1,Increment      1: Step Time =    1.000,"PLATE-1",          1522,             1,   9.60850E-03,   254.529E-03,            0.,"ASSEMBLY_PLATE-1__PICKEDSET2","ROCK","",  -657.863E-03,      -2.94523,      -2.94208,  -661.012E-03,   84.8104E-03
F:/Desktop/DeepOnet_Abaqus/StaticElasticJob6.odb,Step-1,Increment      1: Step Time =    1.000,"PLATE-1",          1523,             1,   278.653E-03,   18.9475E-03,            0.,"ASSEMBLY_PLATE-1__PICKEDSET2","ROCK","",  -353.538E-03,      -1.46199,  -437.928E-03,      -1.37760,   293.974E-03
F:/Desktop/DeepOnet_Abaqus/StaticElasticJob6.odb,Step-1,Increment      1: Step Time =    1.000,"PLATE-1",          1524,             1,   350.099E-03,  -82.0489E-03,            0.,"ASSEMBLY_PLATE-1__PICKEDSET2","ROCK","",  -772.610E-03,      -1.55423,  -948.100E-03,      -1.37874,  -326.143E-03
F:/Desktop/DeepOnet_Abaqus/StaticElasticJob6.odb,Step-1,Increment      1: Step Time =    1.000,"PLATE-1",          1525,             1,  -316.202E-03,  -69.1610E-03,            0.,"ASSEMBLY_PLATE-1__PICKEDSET2","ROCK","",  -586.302E-03,      -1.56831,  -696.887E-03,      -1.45772,   310.428E-03
F:/Desktop/DeepOnet_Abaqus/StaticElasticJob6.odb,Step-1,Increment      1: Step Time =    1.000,"PLATE-1",          1526,             1,  -279.475E-03,   36.3103E-03,            0.,"ASSEMBLY_PLATE-1__PICKEDSET2","ROCK","",  -377.188E-03,      -1.45306,  -506.163E-03,      -1.32409,  -349.466E-03
F:/Desktop/DeepOnet_Abaqus/StaticElasticJob6.odb,Step-1,Increment      1: Step Time =    1.000,"PLATE-1",          1527,             1,   238.066E-03,   238.561E-03,            0.,"ASSEMBLY_PLATE-1__PICKEDSET2","ROCK","",  -609.301E-03,      -2.06622,      -1.85093,  -824.589E-03,   517.018E-03
F:/Desktop/DeepOnet_Abaqus/StaticElasticJob6.odb,Step-1,Increment      1: Step Time =    1.000,"PLATE-1",          1528,             1,  -36.7870E-03,   293.634E-03,            0.,"ASSEMBLY_PLATE-1__PICKEDSET2","ROCK","",  -799.239E-03,      -2.52367,      -2.52174,  -801.169E-03,  -57.6593E-03
F:/Desktop/DeepOnet_Abaqus/StaticElasticJob6.odb,Step-1,Increment      1: Step Time =    1.000,"PLATE-1",          1529,             1,   1.88319E-03,   278.740E-03,            0.,"ASSEMBLY_PLATE-1__PICKEDSET2","ROCK","",  -761.118E-03,      -2.68438,      -2.68335,  -762.139E-03,   44.3165E-03
F:/Desktop/DeepOnet_Abaqus/StaticElasticJob6.odb,Step-1,Increment      1: Step Time =    1.000,"PLATE-1",          1530,             1,  -190.419E-03,  -269.173E-03,            0.,"ASSEMBLY_PLATE-1__PICKEDSET2","ROCK","",  -744.955E-03,      -2.24491,      -2.02662,  -963.246E-03,   528.937E-03
F:/Desktop/DeepOnet_Abaqus/StaticElasticJob6.odb,Step-1,Increment      1: Step Time =    1.000,"PLATE-1",          1531,             1,  -128.006E-03,  -281.269E-03,            0.,"ASSEMBLY_PLATE-1__PICKEDSET2","ROCK","",  -528.197E-03,      -2.37437,      -2.25440,  -648.167E-03,   455.073E-03
F:/Desktop/DeepOnet_Abaqus/StaticElasticJob6.odb,Step-1,Increment      1: Step Time =    1.000,"PLATE-1",          1532,             1,  -326.195E-03,   3.17983E-03,            0.,"ASSEMBLY_PLATE-1__PICKEDSET2","ROCK","",  -648.465E-03,      -1.42023,  -655.492E-03,      -1.41320,  -73.3061E-03
F:/Desktop/DeepOnet_Abaqus/StaticElasticJob6.odb,Step-1,Increment      1: Step Time =    1.000,"PLATE-1",          1533,             1,   304.191E-03,  -7.40775E-03,            0.,"ASSEMBLY_PLATE-1__PICKEDSET2","ROCK","",  -514.346E-03,      -1.47642,  -520.641E-03,      -1.47012,   77.5675E-03
F:/Desktop/DeepOnet_Abaqus/StaticElasticJob6.odb,Step-1,Increment      1: Step Time =    1.000,"PLATE-1",          1534,             1,   331.710E-03,   55.7506E-03,            0.,"ASSEMBLY_PLATE-1__PICKEDSET2","ROCK","",  -697.989E-03,      -1.48200,  -871.980E-03,      -1.30801,   325.789E-03
F:/Desktop/DeepOnet_Abaqus/StaticElasticJob6.odb,Step-1,Increment      1: Step Time =    1.000,"PLATE-1",          1535,             1,  -399.653E-03,  -38.5113E-03,            0.,"ASSEMBLY_PLATE-1__PICKEDSET2","ROCK","",  -963.131E-03,      -1.35936,  -999.674E-03,      -1.32282,   114.648E-03
F:/Desktop/DeepOnet_Abaqus/StaticElasticJob6.odb,Step-1,Increment      1: Step Time =    1.000,"PLATE-1",          1536,             1,  -96.1524E-03,  -297.104E-03,            0.,"ASSEMBLY_PLATE-1__PICKEDSET2","ROCK","",  -520.444E-03,      -2.34244,      -2.27724,  -585.645E-03,   338.446E-03
F:/Desktop/DeepOnet_Abaqus/StaticElasticJob6.odb,Step-1,Increment      1: Step Time =    1.000,"PLATE-1",          1537,             1,   89.1996E-03,  -339.316E-03,            0.,"ASSEMBLY_PLATE-1__PICKEDSET2","ROCK","",  -619.499E-03,      -2.21254,      -2.18184,  -650.203E-03,  -219.018E-03
F:/Desktop/DeepOnet_Abaqus/StaticElasticJob6.odb,Step-1,Increment      1: Step Time =    1.000,"PLATE-1",          1538,             1,   50.8445E-03,  -230.401E-03,            0.,"ASSEMBLY_PLATE-1__PICKEDSET2","ROCK","",  -163.903E-03,      -2.61097,      -2.58695,  -187.924E-03,  -241.252E-03
F:/Desktop/DeepOnet_Abaqus/StaticElasticJob6.odb,Step-1,Increment      1: Step Time =    1.000,"PLATE-1",          1539,             1,  -159.199E-03,   301.860E-03,            0.,"ASSEMBLY_PLATE-1__PICKEDSET2","ROCK","",  -736.694E-03,      -2.15822,      -2.11838,  -776.536E-03,  -234.626E-03
F:/Desktop/DeepOnet_Abaqus/StaticElasticJob6.odb,Step-1,Increment      1: Step Time =    1.000,"PLATE-1",          1540,             1,  -392.223E-03,   94.7274E-03,            0.,"ASSEMBLY_PLATE-1__PICKEDSET2","ROCK","",  -887.817E-03,      -1.42419,      -1.10556,      -1.20644,  -263.398E-03
F:/Desktop/DeepOnet_Abaqus/StaticElasticJob6.odb,Step-1,Increment      1: Step Time =    1.000,"PLATE-1",          1541,             1,  -354.538E-03,   109.917E-03,            0.,"ASSEMBLY_PLATE-1__PICKEDSET2","ROCK","",  -744.689E-03,      -1.51281,      -1.08292,      -1.17458,  -381.315E-03
F:/Desktop/DeepOnet_Abaqus/StaticElasticJob6.odb,Step-1,Increment      1: Step Time =    1.000,"PLATE-1",          1542,             1,   306.006E-03,   275.872E-03,            0.,"ASSEMBLY_PLATE-1__PICKEDSET2","ROCK","",  -730.377E-03,      -1.92326,      -1.78265,  -870.987E-03,   384.655E-03
F:/Desktop/DeepOnet_Abaqus/StaticElasticJob6.odb,Step-1,Increment      1: Step Time =    1.000,"PLATE-1",          1543,             1,  -247.725E-03,   178.328E-03,            0.,"ASSEMBLY_PLATE-1__PICKEDSET2","ROCK","",  -480.093E-03,      -1.87831,      -1.44412,  -914.283E-03,  -646.971E-03
F:/Desktop/DeepOnet_Abaqus/StaticElasticJob6.odb,Step-1,Increment      1: Step Time =    1.000,"PLATE-1",          1544,             1,   318.026E-03,  -83.8541E-03,            0.,"ASSEMBLY_PLATE-1__PICKEDSET2","ROCK","",  -621.139E-03,      -1.63724,  -805.743E-03,      -1.45264,  -391.789E-03
F:/Desktop/DeepOnet_Abaqus/StaticElasticJob6.odb,Step-1,Increment      1: Step Time =    1.000,"PLATE-1",          1545,             1,   274.567E-03,   291.584E-03,            0.,"ASSEMBLY_PLATE-1__PICKEDSET2","ROCK","",  -714.693E-03,      -2.00122,      -1.88651,  -829.406E-03,   366.637E-03
F:/Desktop/DeepOnet_Abaqus/StaticElasticJob6.odb,Step-1,Increment      1: Step Time =    1.000,"PLATE-1",          1546,             1,   400.196E-03,   71.2504E-03,            0.,"ASSEMBLY_PLATE-1__PICKEDSET2","ROCK","",  -918.558E-03,      -1.43378,      -1.08986,      -1.26248,   242.723E-03
F:/Desktop/DeepOnet_Abaqus/StaticElasticJob6.odb,Step-1,Increment      1: Step Time =    1.000,"PLATE-1",          1547,             1,  -356.978E-03,  -13.2556E-03,            0.,"ASSEMBLY_PLATE-1__PICKEDSET2","ROCK","",  -780.433E-03,      -1.39627,  -781.263E-03,      -1.39544,   22.5939E-03
F:/Desktop/DeepOnet_Abaqus/StaticElasticJob6.odb,Step-1,Increment      1: Step Time =    1.000,"PLATE-1",          1548,             1,  -10.0042E-03,  -372.339E-03,            0.,"ASSEMBLY_PLATE-1__PICKEDSET2","ROCK","",  -643.141E-03,      -2.17321,      -2.17264,  -643.716E-03,   29.6525E-03
F:/Desktop/DeepOnet_Abaqus/StaticElasticJob6.odb,Step-1,Increment      1: Step Time =    1.000,"PLATE-1",          1549,             1,  -93.5750E-03,  -373.707E-03,            0.,"ASSEMBLY_PLATE-1__PICKEDSET2","ROCK","",  -701.119E-03,      -2.12680,      -2.10167,  -726.247E-03,   187.600E-03
F:/Desktop/DeepOnet_Abaqus/StaticElasticJob6.odb,Step-1,Increment      1: Step Time =    1.000,"PLATE-1",          1550,             1,  -59.3929E-03,   403.564E-03,            0.,"ASSEMBLY_PLATE-1__PICKEDSET2","ROCK","",  -918.971E-03,      -2.05812,      -2.05787,  -919.214E-03,   16.6105E-03
F:/Desktop/DeepOnet_Abaqus/StaticElasticJob6.odb,Step-1,Increment      1: Step Time =    1.000,"PLATE-1",          1551,             1,   74.7721E-03,   358.378E-03,            0.,"ASSEMBLY_PLATE-1__PICKEDSET2","ROCK","",  -884.759E-03,      -2.19524,      -2.18651,  -893.490E-03,   106.613E-03
F:/Desktop/DeepOnet_Abaqus/StaticElasticJob6.odb,Step-1,Increment      1: Step Time =    1.000,"PLATE-1",          1552,             1,  -431.220E-03,  -176.400E-03,            0.,"ASSEMBLY_PLATE-1__PICKEDSET2","ROCK","",  -930.505E-03,      -1.63131,      -1.44010,      -1.12172,   312.157E-03
F:/Desktop/DeepOnet_Abaqus/StaticElasticJob6.odb,Step-1,Increment      1: Step Time =    1.000,"PLATE-1",          1553,             1,   318.938E-03,  -157.151E-03,            0.,"ASSEMBLY_PLATE-1__PICKEDSET2","ROCK","",  -744.450E-03,      -1.83803,      -1.37794,      -1.20454,  -539.874E-03
F:/Desktop/DeepOnet_Abaqus/StaticElasticJob6.odb,Step-1,Increment      1: Step Time =    1.000,"PLATE-1",          1554,             1,   372.556E-03,  -28.5114E-03,            0.,"ASSEMBLY_PLATE-1__PICKEDSET2","ROCK","",  -867.470E-03,      -1.40214,  -874.464E-03,      -1.39514,  -60.7500E-03
F:/Desktop/DeepOnet_Abaqus/StaticElasticJob6.odb,Step-1,Increment      1: Step Time =    1.000,"PLATE-1",          1555,             1,  -404.419E-03,   52.5460E-03,            0.,"ASSEMBLY_PLATE-1__PICKEDSET2","ROCK","",  -956.289E-03,      -1.34568,      -1.03236,      -1.26960,  -154.386E-03
F:/Desktop/DeepOnet_Abaqus/StaticElasticJob6.odb,Step-1,Increment      1: Step Time =    1.000,"PLATE-1",          1556,             1,  -294.749E-03,   139.527E-03,            0.,"ASSEMBLY_PLATE-1__PICKEDSET2","ROCK","",  -576.510E-03,      -1.68073,      -1.19690,      -1.06034,  -547.871E-03
F:/Desktop/DeepOnet_Abaqus/StaticElasticJob6.odb,Step-1,Increment      1: Step Time =    1.000,"PLATE-1",          1557,             1,   335.320E-03,   137.501E-03,            0.,"ASSEMBLY_PLATE-1__PICKEDSET2","ROCK","",  -699.207E-03,      -1.67081,      -1.26534,      -1.10467,   479.112E-03
F:/Desktop/DeepOnet_Abaqus/StaticElasticJob6.odb,Step-1,Increment      1: Step Time =    1.000,"PLATE-1",          1558,             1,   438.247E-03,  -60.9752E-03,            0.,"ASSEMBLY_PLATE-1__PICKEDSET2","ROCK","",      -1.06691,      -1.37449,      -1.15376,      -1.28763,  -138.458E-03
F:/Desktop/DeepOnet_Abaqus/StaticElasticJob6.odb,Step-1,Increment      1: Step Time =    1.000,"PLATE-1",          1559,             1,  -306.620E-03,  -139.696E-03,            0.,"ASSEMBLY_PLATE-1__PICKEDSET2","ROCK","",  -677.517E-03,      -1.87075,      -1.27705,      -1.27122,   596.608E-03
F:/Desktop/DeepOnet_Abaqus/StaticElasticJob6.odb,Step-1,Increment      1: Step Time =    1.000,"PLATE-1",          1560,             1,   33.8366E-03,  -374.541E-03,            0.,"ASSEMBLY_PLATE-1__PICKEDSET2","ROCK","",  -666.719E-03,      -2.14902,      -2.14608,  -669.659E-03,  -65.9462E-03
F:/Desktop/DeepOnet_Abaqus/StaticElasticJob6.odb,Step-1,Increment      1: Step Time =    1.000,"PLATE-1",          1561,             1,   115.852E-03,  -318.088E-03,            0.,"ASSEMBLY_PLATE-1__PICKEDSET2","ROCK","",  -605.180E-03,      -2.24711,      -2.18979,  -662.504E-03,  -301.389E-03
F:/Desktop/DeepOnet_Abaqus/StaticElasticJob6.odb,Step-1,Increment      1: Step Time =    1.000,"PLATE-1",          1562,             1,   275.246E-03,  -287.310E-03,            0.,"ASSEMBLY_PLATE-1__PICKEDSET2","ROCK","",  -901.727E-03,      -1.93593,      -1.81160,      -1.02606,  -336.339E-03
F:/Desktop/DeepOnet_Abaqus/StaticElasticJob6.odb,Step-1,Increment      1: Step Time =    1.000,"PLATE-1",          1563,             1,  -39.2619E-03,   361.657E-03,            0.,"ASSEMBLY_PLATE-1__PICKEDSET2","ROCK","",  -897.128E-03,      -2.19717,      -2.19706,  -897.231E-03,   11.5611E-03
F:/Desktop/DeepOnet_Abaqus/StaticElasticJob6.odb,Step-1,Increment      1: Step Time =    1.000,"PLATE-1",          1564,             1,  -380.124E-03,  -79.1278E-03,            0.,"ASSEMBLY_PLATE-1__PICKEDSET2","ROCK","",  -864.658E-03,      -1.47774,      -1.01171,      -1.33069,   261.787E-03
F:/Desktop/DeepOnet_Abaqus/StaticElasticJob6.odb,Step-1,Increment      1: Step Time =    1.000,"PLATE-1",          1565,             1,  -188.762E-03,   375.137E-03,            0.,"ASSEMBLY_PLATE-1__PICKEDSET2","ROCK","",  -830.339E-03,      -1.99150,      -1.98188,  -839.954E-03,  -105.225E-03
F:/Desktop/DeepOnet_Abaqus/StaticElasticJob6.odb,Step-1,Increment      1: Step Time =    1.000,"PLATE-1",          1566,             1,  -467.235E-03,  -155.607E-03,            0.,"ASSEMBLY_PLATE-1__PICKEDSET2","ROCK","",  -976.800E-03,      -1.55843,      -1.38893,      -1.14631,   264.307E-03
F:/Desktop/DeepOnet_Abaqus/StaticElasticJob6.odb,Step-1,Increment      1: Step Time =    1.000,"PLATE-1",          1567,             1,  -296.561E-03,  -267.306E-03,            0.,"ASSEMBLY_PLATE-1__PICKEDSET2","ROCK","",  -890.954E-03,      -1.92372,      -1.77685,      -1.03782,   360.709E-03
F:/Desktop/DeepOnet_Abaqus/StaticElasticJob6.odb,Step-1,Increment      1: Step Time =    1.000,"PLATE-1",          1568,             1,  -264.955E-03,   261.631E-03,            0.,"ASSEMBLY_PLATE-1__PICKEDSET2","ROCK","",  -681.560E-03,      -1.91752,      -1.77697,  -822.107E-03,  -392.375E-03
F:/Desktop/DeepOnet_Abaqus/StaticElasticJob6.odb,Step-1,Increment      1: Step Time =    1.000,"PLATE-1",          1569,             1,   242.221E-03,   302.851E-03,            0.,"ASSEMBLY_PLATE-1__PICKEDSET2","ROCK","",  -719.529E-03,      -2.05691,      -1.96646,  -809.978E-03,   335.833E-03
F:/Desktop/DeepOnet_Abaqus/StaticElasticJob6.odb,Step-1,Increment      1: Step Time =    1.000,"PLATE-1",          1570,             1,   440.013E-03,   71.3953E-03,            0.,"ASSEMBLY_PLATE-1__PICKEDSET2","ROCK","",      -1.01050,      -1.40664,      -1.16878,      -1.24836,   194.031E-03
F:/Desktop/DeepOnet_Abaqus/StaticElasticJob6.odb,Step-1,Increment      1: Step Time =    1.000,"PLATE-1",          1571,             1,   439.780E-03,   196.688E-03,            0.,"ASSEMBLY_PLATE-1__PICKEDSET2","ROCK","",  -908.222E-03,      -1.63061,      -1.46228,      -1.07655,   305.394E-03
F:/Desktop/DeepOnet_Abaqus/StaticElasticJob6.odb,Step-1,Increment      1: Step Time =    1.000,"PLATE-1",          1572,             1,   341.519E-03,   254.230E-03,            0.,"ASSEMBLY_PLATE-1__PICKEDSET2","ROCK","",  -758.393E-03,      -1.84999,      -1.69106,  -917.319E-03,   385.000E-03
F:/Desktop/DeepOnet_Abaqus/StaticElasticJob6.odb,Step-1,Increment      1: Step Time =    1.000,"PLATE-1",          1573,             1,  -332.099E-03,  -262.149E-03,            0.,"ASSEMBLY_PLATE-1__PICKEDSET2","ROCK","",  -895.784E-03,      -1.84337,      -1.69883,      -1.04033,   340.697E-03
F:/Desktop/DeepOnet_Abaqus/StaticElasticJob6.odb,Step-1,Increment      1: Step Time =    1.000,"PLATE-1",          1574,             1,  -293.817E-03,  -304.553E-03,            0.,"ASSEMBLY_PLATE-1__PICKEDSET2","ROCK","",  -910.468E-03,      -1.89117,      -1.78757,      -1.01407,   301.439E-03
F:/Desktop/DeepOnet_Abaqus/StaticElasticJob6.odb,Step-1,Increment      1: Step Time =    1.000,"PLATE-1",          1575,             1,  -46.4784E-03,  -440.030E-03,            0.,"ASSEMBLY_PLATE-1__PICKEDSET2","ROCK","",  -775.922E-03,      -2.02423,      -2.02062,  -779.533E-03,   67.0440E-03
F:/Desktop/DeepOnet_Abaqus/StaticElasticJob6.odb,Step-1,Increment      1: Step Time =    1.000,"PLATE-1",          1576,             1,   166.859E-03,  -369.323E-03,            0.,"ASSEMBLY_PLATE-1__PICKEDSET2","ROCK","",  -789.111E-03,      -2.05128,      -1.99665,  -843.736E-03,  -256.829E-03
F:/Desktop/DeepOnet_Abaqus/StaticElasticJob6.odb,Step-1,Increment      1: Step Time =    1.000,"PLATE-1",          1577,             1,   437.132E-03,  -190.117E-03,            0.,"ASSEMBLY_PLATE-1__PICKEDSET2","ROCK","",  -961.183E-03,      -1.63482,      -1.47392,      -1.12209,  -287.231E-03
F:/Desktop/DeepOnet_Abaqus/StaticElasticJob6.odb,Step-1,Increment      1: Step Time =    1.000,"PLATE-1",          1578,             1,  -220.559E-03,  -336.237E-03,            0.,"ASSEMBLY_PLATE-1__PICKEDSET2","ROCK","",  -858.530E-03,      -1.99039,      -1.89368,  -955.242E-03,   316.404E-03
F:/Desktop/DeepOnet_Abaqus/StaticElasticJob6.odb,Step-1,Increment      1: Step Time =    1.000,"PLATE-1",          1579,             1,  -293.709E-03,   294.392E-03,            0.,"ASSEMBLY_PLATE-1__PICKEDSET2","ROCK","",  -745.133E-03,      -1.85713,      -1.75908,  -843.180E-03,  -315.301E-03
F:/Desktop/DeepOnet_Abaqus/StaticElasticJob6.odb,Step-1,Increment      1: Step Time =    1.000,"PLATE-1",          1580,             1,   361.760E-03,  -202.719E-03,            0.,"ASSEMBLY_PLATE-1__PICKEDSET2","ROCK","",  -878.159E-03,      -1.75728,      -1.53711,      -1.09833,  -380.897E-03
F:/Desktop/DeepOnet_Abaqus/StaticElasticJob6.odb,Step-1,Increment      1: Step Time =    1.000,"PLATE-1",          1581,             1,  -253.280E-03,  -233.580E-03,            0.,"ASSEMBLY_PLATE-1__PICKEDSET2","ROCK","",  -864.669E-03,      -2.08533,      -1.84144,      -1.10856,   488.083E-03
F:/Desktop/DeepOnet_Abaqus/StaticElasticJob6.odb,Step-1,Increment      1: Step Time =    1.000,"PLATE-1",          1582,             1,  -425.732E-03,  -108.356E-03,            0.,"ASSEMBLY_PLATE-1__PICKEDSET2","ROCK","",  -955.563E-03,      -1.50130,      -1.23151,      -1.22536,   272.851E-03
F:/Desktop/DeepOnet_Abaqus/StaticElasticJob6.odb,Step-1,Increment      1: Step Time =    1.000,"PLATE-1",          1583,             1,  -166.901E-03,   460.300E-03,            0.,"ASSEMBLY_PLATE-1__PICKEDSET2","ROCK","",  -897.826E-03,      -1.91301,      -1.91281,  -898.020E-03,  -14.0132E-03
F:/Desktop/DeepOnet_Abaqus/StaticElasticJob6.odb,Step-1,Increment      1: Step Time =    1.000,"PLATE-1",          1584,             1,   368.723E-03,   218.564E-03,            0.,"ASSEMBLY_PLATE-1__PICKEDSET2","ROCK","",  -787.735E-03,      -1.75696,      -1.55382,  -990.873E-03,   394.489E-03
F:/Desktop/DeepOnet_Abaqus/StaticElasticJob6.odb,Step-1,Increment      1: Step Time =    1.000,"PLATE-1",          1585,             1,  -261.203E-03,   295.361E-03,            0.,"ASSEMBLY_PLATE-1__PICKEDSET2","ROCK","",  -720.989E-03,      -1.93557,      -1.84690,  -809.657E-03,  -315.962E-03
F:/Desktop/DeepOnet_Abaqus/StaticElasticJob6.odb,Step-1,Increment      1: Step Time =    1.000,"PLATE-1",          1586,             1,  -354.172E-03,  -302.386E-03,            0.,"ASSEMBLY_PLATE-1__PICKEDSET2","ROCK","",  -919.479E-03,      -1.81014,      -1.71981,      -1.00981,   268.871E-03
F:/Desktop/DeepOnet_Abaqus/StaticElasticJob6.odb,Step-1,Increment      1: Step Time =    1.000,"PLATE-1",          1587,             1,   453.535E-03,  -101.621E-03,            0.,"ASSEMBLY_PLATE-1__PICKEDSET2","ROCK","",      -1.04966,      -1.44600,      -1.25832,      -1.23735,  -197.892E-03
F:/Desktop/DeepOnet_Abaqus/StaticElasticJob6.odb,Step-1,Increment      1: Step Time =    1.000,"PLATE-1",          1588,             1,   288.555E-03,   335.751E-03,            0.,"ASSEMBLY_PLATE-1__PICKEDSET2","ROCK","",  -773.071E-03,      -1.96887,      -1.89983,  -842.108E-03,   278.905E-03
F:/Desktop/DeepOnet_Abaqus/StaticElasticJob6.odb,Step-1,Increment      1: Step Time =    1.000,"PLATE-1",          1589,             1,  -471.924E-03,  -17.1296E-03,            0.,"ASSEMBLY_PLATE-1__PICKEDSET2","ROCK","",      -1.13356,      -1.27709,      -1.16000,      -1.25065,   55.6402E-03
F:/Desktop/DeepOnet_Abaqus/StaticElasticJob6.odb,Step-1,Increment      1: Step Time =    1.000,"PLATE-1",          1590,             1,  -190.413E-03,  -392.443E-03,            0.,"ASSEMBLY_PLATE-1__PICKEDSET2","ROCK","",  -845.318E-03,      -1.97225,      -1.92321,  -894.357E-03,   229.911E-03
F:/Desktop/DeepOnet_Abaqus/StaticElasticJob6.odb,Step-1,Increment      1: Step Time =    1.000,"PLATE-1",          1591,             1,   96.3136E-03,  -453.790E-03,            0.,"ASSEMBLY_PLATE-1__PICKEDSET2","ROCK","",  -817.428E-03,      -1.97760,      -1.96857,  -826.458E-03,  -101.956E-03
F:/Desktop/DeepOnet_Abaqus/StaticElasticJob6.odb,Step-1,Increment      1: Step Time =    1.000,"PLATE-1",          1592,             1,   51.8923E-03,  -403.122E-03,            0.,"ASSEMBLY_PLATE-1__PICKEDSET2","ROCK","",  -719.076E-03,      -2.09112,      -2.08639,  -723.810E-03,  -80.4488E-03
F:/Desktop/DeepOnet_Abaqus/StaticElasticJob6.odb,Step-1,Increment      1: Step Time =    1.000,"PLATE-1",          1593,             1,  -38.3479E-03,   468.874E-03,            0.,"ASSEMBLY_PLATE-1__PICKEDSET2","ROCK","",  -951.210E-03,      -1.95527,      -1.95298,  -953.498E-03,   47.8804E-03
F:/Desktop/DeepOnet_Abaqus/StaticElasticJob6.odb,Step-1,Increment      1: Step Time =    1.000,"PLATE-1",          1594,             1,   29.9060E-03,   412.606E-03,            0.,"ASSEMBLY_PLATE-1__PICKEDSET2","ROCK","",  -933.299E-03,      -2.06862,      -2.06525,  -936.665E-03,   61.7294E-03
F:/Desktop/DeepOnet_Abaqus/StaticElasticJob6.odb,Step-1,Increment      1: Step Time =    1.000,"PLATE-1",          1595,             1,  -104.485E-03,   438.292E-03,            0.,"ASSEMBLY_PLATE-1__PICKEDSET2","ROCK","",  -916.341E-03,      -1.98191,      -1.98175,  -916.504E-03,   13.1902E-03
F:/Desktop/DeepOnet_Abaqus/StaticElasticJob6.odb,Step-1,Increment      1: Step Time =    1.000,"PLATE-1",          1596,             1,   33.2150E-03,   356.525E-03,            0.,"ASSEMBLY_PLATE-1__PICKEDSET2","ROCK","",  -901.224E-03,      -2.21874,      -2.21286,  -907.106E-03,   87.8309E-03
F:/Desktop/DeepOnet_Abaqus/StaticElasticJob6.odb,Step-1,Increment      1: Step Time =    1.000,"PLATE-1",          1597,             1,  -428.065E-03,   254.086E-03,            0.,"ASSEMBLY_PLATE-1__PICKEDSET2","ROCK","",  -876.802E-03,      -1.63565,      -1.52731,  -985.141E-03,  -265.471E-03
F:/Desktop/DeepOnet_Abaqus/StaticElasticJob6.odb,Step-1,Increment      1: Step Time =    1.000,"PLATE-1",          1598,             1,   537.433E-03,  -55.2714E-03,            0.,"ASSEMBLY_PLATE-1__PICKEDSET2","ROCK","",      -1.17452,      -1.35763,      -1.31680,      -1.21535,  -76.2228E-03
F:/Desktop/DeepOnet_Abaqus/StaticElasticJob6.odb,Step-1,Increment      1: Step Time =    1.000,"PLATE-1",          1599,             1,  -475.919E-03,   28.7527E-03,            0.,"ASSEMBLY_PLATE-1__PICKEDSET2","ROCK","",      -1.13719,      -1.25969,      -1.16036,      -1.23652,  -47.9688E-03
F:/Desktop/DeepOnet_Abaqus/StaticElasticJob6.odb,Step-1,Increment      1: Step Time =    1.000,"PLATE-1",          1600,             1,  -331.456E-03,   236.735E-03,            0.,"ASSEMBLY_PLATE-1__PICKEDSET2","ROCK","",  -742.361E-03,      -1.74843,      -1.57015,  -920.646E-03,  -384.164E-03
F:/Desktop/DeepOnet_Abaqus/StaticElasticJob6.odb,Step-1,Increment      1: Step Time =    1.000,"PLATE-1",          1601,             1,  -242.422E-03,   373.761E-03,            0.,"ASSEMBLY_PLATE-1__PICKEDSET2","ROCK","",  -815.337E-03,      -1.92898,      -1.91005,  -834.268E-03,  -143.957E-03
F:/Desktop/DeepOnet_Abaqus/StaticElasticJob6.odb,Step-1,Increment      1: Step Time =    1.000,"PLATE-1",          1602,             1,   407.905E-03,   307.817E-03,            0.,"ASSEMBLY_PLATE-1__PICKEDSET2","ROCK","",  -843.261E-03,      -1.80761,      -1.71342,  -937.450E-03,   286.285E-03
F:/Desktop/DeepOnet_Abaqus/StaticElasticJob6.odb,Step-1,Increment      1: Step Time =    1.000,"PLATE-1",          1603,             1,   499.588E-03,  -152.750E-03,            0.,"ASSEMBLY_PLATE-1__PICKEDSET2","ROCK","",      -1.04021,      -1.52722,      -1.40701,      -1.16042,  -209.981E-03
F:/Desktop/DeepOnet_Abaqus/StaticElasticJob6.odb,Step-1,Increment      1: Step Time =    1.000,"PLATE-1",          1604,             1,  -559.188E-03,   164.071E-03,            0.,"ASSEMBLY_PLATE-1__PICKEDSET2","ROCK","",      -1.04626,      -1.45078,      -1.39382,      -1.10322,  -140.696E-03
F:/Desktop/DeepOnet_Abaqus/StaticElasticJob6.odb,Step-1,Increment      1: Step Time =    1.000,"PLATE-1",          1605,             1,   419.012E-03,   248.896E-03,            0.,"ASSEMBLY_PLATE-1__PICKEDSET2","ROCK","",  -858.685E-03,      -1.72719,      -1.58902,  -996.848E-03,   317.657E-03
F:/Desktop/DeepOnet_Abaqus/StaticElasticJob6.odb,Step-1,Increment      1: Step Time =    1.000,"PLATE-1",          1606,             1,   213.594E-03,   317.134E-03,            0.,"ASSEMBLY_PLATE-1__PICKEDSET2","ROCK","",  -736.162E-03,      -2.10717,      -2.04301,  -800.319E-03,   289.559E-03
F:/Desktop/DeepOnet_Abaqus/StaticElasticJob6.odb,Step-1,Increment      1: Step Time =    1.000,"PLATE-1",          1607,             1,   253.492E-03,   346.034E-03,            0.,"ASSEMBLY_PLATE-1__PICKEDSET2","ROCK","",  -776.132E-03,      -2.00643,      -1.95076,  -831.803E-03,   255.719E-03
F:/Desktop/DeepOnet_Abaqus/StaticElasticJob6.odb,Step-1,Increment      1: Step Time =    1.000,"PLATE-1",          1608,             1,   384.082E-03,   349.074E-03,            0.,"ASSEMBLY_PLATE-1__PICKEDSET2","ROCK","",  -840.476E-03,      -1.85145,      -1.78611,  -905.812E-03,   248.564E-03
F:/Desktop/DeepOnet_Abaqus/StaticElasticJob6.odb,Step-1,Increment      1: Step Time =    1.000,"PLATE-1",          1609,             1,   76.7798E-03,  -398.986E-03,            0.,"ASSEMBLY_PLATE-1__PICKEDSET2","ROCK","",  -725.605E-03,      -2.08684,      -2.07608,  -736.367E-03,  -120.556E-03
F:/Desktop/DeepOnet_Abaqus/StaticElasticJob6.odb,Step-1,Increment      1: Step Time =    1.000,"PLATE-1",          1610,             1,   12.5107E-03,  -347.176E-03,            0.,"ASSEMBLY_PLATE-1__PICKEDSET2","ROCK","",  -582.998E-03,      -2.23468,      -2.23419,  -583.492E-03,  -28.5499E-03
F:/Desktop/DeepOnet_Abaqus/StaticElasticJob6.odb,Step-1,Increment      1: Step Time =    1.000,"PLATE-1",          1611,             1,   225.325E-03,  -396.185E-03,            0.,"ASSEMBLY_PLATE-1__PICKEDSET2","ROCK","",  -877.656E-03,      -1.92331,      -1.87563,  -925.335E-03,  -218.133E-03
F:/Desktop/DeepOnet_Abaqus/StaticElasticJob6.odb,Step-1,Increment      1: Step Time =    1.000,"PLATE-1",          1612,             1,  -243.031E-03,  -307.895E-03,            0.,"ASSEMBLY_PLATE-1__PICKEDSET2","ROCK","",  -875.621E-03,      -1.99316,      -1.86440,      -1.00438,   356.816E-03
F:/Desktop/DeepOnet_Abaqus/StaticElasticJob6.odb,Step-1,Increment      1: Step Time =    1.000,"PLATE-1",          1613,             1,  -206.709E-03,  -441.542E-03,            0.,"ASSEMBLY_PLATE-1__PICKEDSET2","ROCK","",  -881.620E-03,      -1.90815,      -1.87730,  -912.477E-03,   175.279E-03
F:/Desktop/DeepOnet_Abaqus/StaticElasticJob6.odb,Step-1,Increment      1: Step Time =    1.000,"PLATE-1",          1614,             1,  -72.3347E-03,   445.830E-03,            0.,"ASSEMBLY_PLATE-1__PICKEDSET2","ROCK","",  -931.690E-03,      -1.97826,      -1.97741,  -932.544E-03,   29.8696E-03
F:/Desktop/DeepOnet_Abaqus/StaticElasticJob6.odb,Step-1,Increment      1: Step Time =    1.000,"PLATE-1",          1615,             1,   110.769E-03,   386.266E-03,            0.,"ASSEMBLY_PLATE-1__PICKEDSET2","ROCK","",  -883.826E-03,      -2.09509,      -2.08444,  -894.480E-03,   113.095E-03
F:/Desktop/DeepOnet_Abaqus/StaticElasticJob6.odb,Step-1,Increment      1: Step Time =    1.000,"PLATE-1",          1616,             1,   157.019E-03,   354.947E-03,            0.,"ASSEMBLY_PLATE-1__PICKEDSET2","ROCK","",  -814.885E-03,      -2.12503,      -2.09920,  -840.716E-03,   182.139E-03
F:/Desktop/DeepOnet_Abaqus/StaticElasticJob6.odb,Step-1,Increment      1: Step Time =    1.000,"PLATE-1",          1617,             1,  -351.271E-03,   272.534E-03,            0.,"ASSEMBLY_PLATE-1__PICKEDSET2","ROCK","",  -791.682E-03,      -1.75039,      -1.63247,  -909.607E-03,  -314.881E-03
F:/Desktop/DeepOnet_Abaqus/StaticElasticJob6.odb,Step-1,Increment      1: Step Time =    1.000,"PLATE-1",          1618,             1,  -377.559E-03,  -217.129E-03,            0.,"ASSEMBLY_PLATE-1__PICKEDSET2","ROCK","",  -889.936E-03,      -1.74845,      -1.56929,      -1.06909,   348.872E-03
F:/Desktop/DeepOnet_Abaqus/StaticElasticJob6.odb,Step-1,Increment      1: Step Time =    1.000,"PLATE-1",          1619,             1,   256.951E-03,   392.115E-03,            0.,"ASSEMBLY_PLATE-1__PICKEDSET2","ROCK","",  -815.128E-03,      -1.98046,      -1.94633,  -849.260E-03,   196.494E-03
F:/Desktop/DeepOnet_Abaqus/StaticElasticJob6.odb,Step-1,Increment      1: Step Time =    1.000,"PLATE-1",          1620,             1,  -279.551E-03,   412.889E-03,            0.,"ASSEMBLY_PLATE-1__PICKEDSET2","ROCK","",  -850.415E-03,      -1.85840,      -1.84575,  -863.063E-03,  -112.202E-03
F:/Desktop/DeepOnet_Abaqus/StaticElasticJob6.odb,Step-1,Increment      1: Step Time =    1.000,"PLATE-1",          1621,             1,  -478.589E-03,  -110.585E-03,            0.,"ASSEMBLY_PLATE-1__PICKEDSET2","ROCK","",      -1.02833,      -1.46128,      -1.30072,      -1.18889,   209.128E-03
F:/Desktop/DeepOnet_Abaqus/StaticElasticJob6.odb,Step-1,Increment      1: Step Time =    1.000,"PLATE-1",          1622,             1,   484.873E-03,   226.185E-03,            0.,"ASSEMBLY_PLATE-1__PICKEDSET2","ROCK","",  -951.597E-03,      -1.63851,      -1.53234,      -1.05777,   248.307E-03
F:/Desktop/DeepOnet_Abaqus/StaticElasticJob6.odb,Step-1,Increment      1: Step Time =    1.000,"PLATE-1",          1623,             1,  -535.459E-03,   82.6996E-03,            0.,"ASSEMBLY_PLATE-1__PICKEDSET2","ROCK","",      -1.11714,      -1.33767,      -1.28364,      -1.17118,  -94.8499E-03
F:/Desktop/DeepOnet_Abaqus/StaticElasticJob6.odb,Step-1,Increment      1: Step Time =    1.000,"PLATE-1",          1624,             1,  -534.238E-03,  -62.0326E-03,            0.,"ASSEMBLY_PLATE-1__PICKEDSET2","ROCK","",      -1.12212,      -1.36244,      -1.29516,      -1.18940,   107.900E-03
F:/Desktop/DeepOnet_Abaqus/StaticElasticJob6.odb,Step-1,Increment      1: Step Time =    1.000,"PLATE-1",          1625,             1,   449.019E-03,  -145.910E-03,            0.,"ASSEMBLY_PLATE-1__PICKEDSET2","ROCK","",  -994.493E-03,      -1.55178,      -1.36360,      -1.18267,  -263.551E-03
F:/Desktop/DeepOnet_Abaqus/StaticElasticJob6.odb,Step-1,Increment      1: Step Time =    1.000,"PLATE-1",          1626,             1,   484.938E-03,  -35.6483E-03,            0.,"ASSEMBLY_PLATE-1__PICKEDSET2","ROCK","",      -1.17463,      -1.30496,      -1.21944,      -1.26015,  -61.9066E-03
F:/Desktop/DeepOnet_Abaqus/StaticElasticJob6.odb,Step-1,Increment      1: Step Time =    1.000,"PLATE-1",          1627,             1,   505.383E-03,   62.7717E-03,            0.,"ASSEMBLY_PLATE-1__PICKEDSET2","ROCK","",      -1.12693,      -1.37048,      -1.27423,      -1.22318,   119.067E-03
F:/Desktop/DeepOnet_Abaqus/StaticElasticJob6.odb,Step-1,Increment      1: Step Time =    1.000,"PLATE-1",          1628,             1,   299.614E-03,   382.073E-03,            0.,"ASSEMBLY_PLATE-1__PICKEDSET2","ROCK","",  -813.352E-03,      -1.94173,      -1.89738,  -857.704E-03,   219.269E-03
F:/Desktop/DeepOnet_Abaqus/StaticElasticJob6.odb,Step-1,Increment      1: Step Time =    1.000,"PLATE-1",          1629,             1,   364.324E-03,   302.306E-03,            0.,"ASSEMBLY_PLATE-1__PICKEDSET2","ROCK","",  -801.059E-03,      -1.85077,      -1.74427,  -907.561E-03,   316.944E-03
F:/Desktop/DeepOnet_Abaqus/StaticElasticJob6.odb,Step-1,Increment      1: Step Time =    1.000,"PLATE-1",          1630,             1,   467.501E-03,   270.614E-03,            0.,"ASSEMBLY_PLATE-1__PICKEDSET2","ROCK","",  -916.552E-03,      -1.70862,      -1.61358,      -1.01159,   257.383E-03
F:/Desktop/DeepOnet_Abaqus/StaticElasticJob6.odb,Step-1,Increment      1: Step Time =    1.000,"PLATE-1",          1631,             1,   203.542E-03,  -325.871E-03,            0.,"ASSEMBLY_PLATE-1__PICKEDSET2","ROCK","",  -814.950E-03,      -2.04369,      -1.94155,  -917.094E-03,  -339.228E-03
F:/Desktop/DeepOnet_Abaqus/StaticElasticJob6.odb,Step-1,Increment      1: Step Time =    1.000,"PLATE-1",          1632,             1,  -274.221E-03,  -329.603E-03,            0.,"ASSEMBLY_PLATE-1__PICKEDSET2","ROCK","",  -900.552E-03,      -1.91605,      -1.82662,  -989.988E-03,   287.791E-03
F:/Desktop/DeepOnet_Abaqus/StaticElasticJob6.odb,Step-1,Increment      1: Step Time =    1.000,"PLATE-1",          1633,             1,  -80.6187E-03,  -442.599E-03,            0.,"ASSEMBLY_PLATE-1__PICKEDSET2","ROCK","",  -792.944E-03,      -2.00849,      -1.99963,  -801.803E-03,   103.393E-03
F:/Desktop/DeepOnet_Abaqus/StaticElasticJob6.odb,Step-1,Increment      1: Step Time =    1.000,"PLATE-1",          1634,             1,   92.0794E-03,   425.980E-03,            0.,"ASSEMBLY_PLATE-1__PICKEDSET2","ROCK","",  -917.481E-03,      -2.03103,      -2.02448,  -924.034E-03,   85.1687E-03
F:/Desktop/DeepOnet_Abaqus/StaticElasticJob6.odb,Step-1,Increment      1: Step Time =    1.000,"PLATE-1",          1635,             1,  -326.853E-03,  -334.148E-03,            0.,"ASSEMBLY_PLATE-1__PICKEDSET2","ROCK","",  -920.677E-03,      -1.84051,      -1.76820,  -992.994E-03,   247.568E-03
F:/Desktop/DeepOnet_Abaqus/StaticElasticJob6.odb,Step-1,Increment      1: Step Time =    1.000,"PLATE-1",          1636,             1,  -148.774E-03,  -371.818E-03,            0.,"ASSEMBLY_PLATE-1__PICKEDSET2","ROCK","",  -771.099E-03,      -2.06482,      -2.01371,  -822.217E-03,   252.030E-03
F:/Desktop/DeepOnet_Abaqus/StaticElasticJob6.odb,Step-1,Increment      1: Step Time =    1.000,"PLATE-1",          1637,             1,   541.387E-03,   190.551E-03,            0.,"ASSEMBLY_PLATE-1__PICKEDSET2","ROCK","",      -1.01829,      -1.56888,      -1.48057,      -1.10660,   202.045E-03
F:/Desktop/DeepOnet_Abaqus/StaticElasticJob6.odb,Step-1,Increment      1: Step Time =    1.000,"PLATE-1",          1638,             1,  -246.710E-03,   406.384E-03,            0.,"ASSEMBLY_PLATE-1__PICKEDSET2","ROCK","",  -846.913E-03,      -1.89139,      -1.88099,  -857.313E-03,  -103.703E-03
F:/Desktop/DeepOnet_Abaqus/StaticElasticJob6.odb,Step-1,Increment      1: Step Time =    1.000,"PLATE-1",          1639,             1,  -351.244E-03,   362.931E-03,            0.,"ASSEMBLY_PLATE-1__PICKEDSET2","ROCK","",  -835.710E-03,      -1.78934,      -1.74720,  -877.846E-03,  -195.976E-03
F:/Desktop/DeepOnet_Abaqus/StaticElasticJob6.odb,Step-1,Increment      1: Step Time =    1.000,"PLATE-1",          1640,             1,  -508.575E-03,   181.245E-03,            0.,"ASSEMBLY_PLATE-1__PICKEDSET2","ROCK","",  -995.822E-03,      -1.48350,      -1.38775,      -1.09157,  -193.720E-03
F:/Desktop/DeepOnet_Abaqus/StaticElasticJob6.odb,Step-1,Increment      1: Step Time =    1.000,"PLATE-1",          1641,             1,   338.672E-03,  -333.948E-03,            0.,"ASSEMBLY_PLATE-1__PICKEDSET2","ROCK","",  -928.289E-03,      -1.82473,      -1.75166,      -1.00136,  -245.279E-03
F:/Desktop/DeepOnet_Abaqus/StaticElasticJob6.odb,Step-1,Increment      1: Step Time =    1.000,"PLATE-1",          1642,             1,  -505.454E-03,  -182.007E-03,            0.,"ASSEMBLY_PLATE-1__PICKEDSET2","ROCK","",  -996.767E-03,      -1.55972,      -1.44580,      -1.11069,   226.172E-03
F:/Desktop/DeepOnet_Abaqus/StaticElasticJob6.odb,Step-1,Increment      1: Step Time =    1.000,"PLATE-1",          1643,             1,   431.722E-03,  -235.947E-03,            0.,"ASSEMBLY_PLATE-1__PICKEDSET2","ROCK","",  -947.410E-03,      -1.69361,      -1.56346,      -1.07756,  -283.156E-03
F:/Desktop/DeepOnet_Abaqus/StaticElasticJob6.odb,Step-1,Increment      1: Step Time =    1.000,"PLATE-1",          1644,             1,   547.114E-03,  -164.832E-03,            0.,"ASSEMBLY_PLATE-1__PICKEDSET2","ROCK","",      -1.06363,      -1.52420,      -1.44636,      -1.14147,  -172.604E-03
F:/Desktop/DeepOnet_Abaqus/StaticElasticJob6.odb,Step-1,Increment      1: Step Time =    1.000,"PLATE-1",          1645,             1,  -361.502E-03,   413.154E-03,            0.,"ASSEMBLY_PLATE-1__PICKEDSET2","ROCK","",  -864.604E-03,      -1.78202,      -1.75954,  -887.088E-03,  -141.850E-03
F:/Desktop/DeepOnet_Abaqus/StaticElasticJob6.odb,Step-1,Increment      1: Step Time =    1.000,"PLATE-1",          1646,             1,  -335.437E-03,   321.555E-03,            0.,"ASSEMBLY_PLATE-1__PICKEDSET2","ROCK","",  -801.785E-03,      -1.79888,      -1.72719,  -873.471E-03,  -257.564E-03
F:/Desktop/DeepOnet_Abaqus/StaticElasticJob6.odb,Step-1,Increment      1: Step Time =    1.000,"PLATE-1",          1647,             1,   118.635E-03,   458.074E-03,            0.,"ASSEMBLY_PLATE-1__PICKEDSET2","ROCK","",  -915.376E-03,      -1.98731,      -1.98003,  -922.654E-03,   88.0293E-03
F:/Desktop/DeepOnet_Abaqus/StaticElasticJob6.odb,Step-1,Increment      1: Step Time =    1.000,"PLATE-1",          1648,             1,   548.286E-03,  -5.24448E-03,            0.,"ASSEMBLY_PLATE-1__PICKEDSET2","ROCK","",      -1.21775,      -1.31584,      -1.31573,      -1.21785,  -3.25652E-03
F:/Desktop/DeepOnet_Abaqus/StaticElasticJob6.odb,Step-1,Increment      1: Step Time =    1.000,"PLATE-1",          1649,             1,   354.447E-03,   414.522E-03,            0.,"ASSEMBLY_PLATE-1__PICKEDSET2","ROCK","",  -840.524E-03,      -1.89493,      -1.85470,  -880.753E-03,   201.989E-03
F:/Desktop/DeepOnet_Abaqus/StaticElasticJob6.odb,Step-1,Increment      1: Step Time =    1.000,"PLATE-1",          1650,             1,  -429.793E-03,   107.438E-03,            0.,"ASSEMBLY_PLATE-1__PICKEDSET2","ROCK","",  -946.723E-03,      -1.41714,      -1.17988,      -1.18398,  -235.197E-03
F:/Desktop/DeepOnet_Abaqus/StaticElasticJob6.odb,Step-1,Increment      1: Step Time =    1.000,"PLATE-1",          1651,             1,  -596.425E-03,   82.8429E-03,            0.,"ASSEMBLY_PLATE-1__PICKEDSET2","ROCK","",      -1.13200,      -1.36824,      -1.35496,      -1.14529,  -54.4296E-03
F:/Desktop/DeepOnet_Abaqus/StaticElasticJob6.odb,Step-1,Increment      1: Step Time =    1.000,"PLATE-1",          1652,             1,   458.252E-03,   326.349E-03,            0.,"ASSEMBLY_PLATE-1__PICKEDSET2","ROCK","",  -888.006E-03,      -1.77377,      -1.70035,  -961.424E-03,   244.216E-03
F:/Desktop/DeepOnet_Abaqus/StaticElasticJob6.odb,Step-1,Increment      1: Step Time =    1.000,"PLATE-1",          1653,             1,   11.6357E-03,  -395.826E-03,            0.,"ASSEMBLY_PLATE-1__PICKEDSET2","ROCK","",  -698.471E-03,      -2.11148,      -2.11129,  -698.654E-03,  -16.1077E-03
F:/Desktop/DeepOnet_Abaqus/StaticElasticJob6.odb,Step-1,Increment      1: Step Time =    1.000,"PLATE-1",          1654,             1,   154.598E-03,   400.971E-03,            0.,"ASSEMBLY_PLATE-1__PICKEDSET2","ROCK","",  -865.161E-03,      -2.04031,      -2.02518,  -880.289E-03,   132.473E-03
F:/Desktop/DeepOnet_Abaqus/StaticElasticJob6.odb,Step-1,Increment      1: Step Time =    1.000,"PLATE-1",          1655,             1,  -236.688E-03,   440.665E-03,            0.,"ASSEMBLY_PLATE-1__PICKEDSET2","ROCK","",  -866.900E-03,      -1.88408,      -1.87988,  -871.099E-03,  -65.2195E-03
F:/Desktop/DeepOnet_Abaqus/StaticElasticJob6.odb,Step-1,Increment      1: Step Time =    1.000,"PLATE-1",          1656,             1,  -247.843E-03,  -338.643E-03,            0.,"ASSEMBLY_PLATE-1__PICKEDSET2","ROCK","",  -886.097E-03,      -1.94859,      -1.85798,  -976.699E-03,   296.742E-03
F:/Desktop/DeepOnet_Abaqus/StaticElasticJob6.odb,Step-1,Increment      1: Step Time =    1.000,"PLATE-1",          1657,             1,   569.366E-03,  -123.990E-03,            0.,"ASSEMBLY_PLATE-1__PICKEDSET2","ROCK","",      -1.10924,      -1.46702,      -1.41290,      -1.16336,  -128.192E-03
F:/Desktop/DeepOnet_Abaqus/StaticElasticJob6.odb,Step-1,Increment      1: Step Time =    1.000,"PLATE-1",          1658,             1,   513.325E-03,  -105.019E-03,            0.,"ASSEMBLY_PLATE-1__PICKEDSET2","ROCK","",      -1.10061,      -1.43958,      -1.33918,      -1.20100,  -154.763E-03
F:/Desktop/DeepOnet_Abaqus/StaticElasticJob6.odb,Step-1,Increment      1: Step Time =    1.000,"PLATE-1",          1659,             1,   91.7963E-03,   480.135E-03,            0.,"ASSEMBLY_PLATE-1__PICKEDSET2","ROCK","",  -933.933E-03,      -1.96123,      -1.95475,  -940.415E-03,   81.3452E-03
F:/Desktop/DeepOnet_Abaqus/StaticElasticJob6.odb,Step-1,Increment      1: Step Time =    1.000,"PLATE-1",          1660,             1,   481.162E-03,  -244.616E-03,            0.,"ASSEMBLY_PLATE-1__PICKEDSET2","ROCK","",  -982.119E-03,      -1.65132,      -1.55979,      -1.07365,  -229.942E-03
F:/Desktop/DeepOnet_Abaqus/StaticElasticJob6.odb,Step-1,Increment      1: Step Time =    1.000,"PLATE-1",          1661,             1,  -478.326E-03,   246.136E-03,            0.,"ASSEMBLY_PLATE-1__PICKEDSET2","ROCK","",  -925.514E-03,      -1.58694,      -1.49502,      -1.01744,  -228.807E-03
F:/Desktop/DeepOnet_Abaqus/StaticElasticJob6.odb,Step-1,Increment      1: Step Time =    1.000,"PLATE-1",          1662,             1,   529.112E-03,  -250.321E-03,            0.,"ASSEMBLY_PLATE-1__PICKEDSET2","ROCK","",      -1.00902,      -1.62172,      -1.55360,      -1.07714,  -192.604E-03
F:/Desktop/DeepOnet_Abaqus/StaticElasticJob6.odb,Step-1,Increment      1: Step Time =    1.000,"PLATE-1",          1663,             1,  -482.043E-03,  -286.163E-03,            0.,"ASSEMBLY_PLATE-1__PICKEDSET2","ROCK","",  -955.363E-03,      -1.68008,      -1.60525,      -1.03019,   220.522E-03
F:/Desktop/DeepOnet_Abaqus/StaticElasticJob6.odb,Step-1,Increment      1: Step Time =    1.000,"PLATE-1",          1664,             1,  -531.256E-03,   34.4504E-03,            0.,"ASSEMBLY_PLATE-1__PICKEDSET2","ROCK","",      -1.18753,      -1.26626,      -1.25598,      -1.19781,  -26.5316E-03
F:/Desktop/DeepOnet_Abaqus/StaticElasticJob6.odb,Step-1,Increment      1: Step Time =    1.000,"PLATE-1",          1665,             1,   510.380E-03,   281.925E-03,            0.,"ASSEMBLY_PLATE-1__PICKEDSET2","ROCK","",  -950.370E-03,      -1.69046,      -1.61622,      -1.02461,   222.332E-03
F:/Desktop/DeepOnet_Abaqus/StaticElasticJob6.odb,Step-1,Increment      1: Step Time =    1.000,"PLATE-1",          1666,             1,   556.456E-03,   333.001E-03,            0.,"ASSEMBLY_PLATE-1__PICKEDSET2","ROCK","",  -972.159E-03,      -1.71302,      -1.66573,      -1.01945,   181.103E-03
F:/Desktop/DeepOnet_Abaqus/StaticElasticJob6.odb,Step-1,Increment      1: Step Time =    1.000,"PLATE-1",          1667,             1,   590.543E-03,   238.465E-03,            0.,"ASSEMBLY_PLATE-1__PICKEDSET2","ROCK","",      -1.02283,      -1.61458,      -1.55546,      -1.08195,   177.454E-03
F:/Desktop/DeepOnet_Abaqus/StaticElasticJob6.odb,Step-1,Increment      1: Step Time =    1.000,"PLATE-1",          1668,             1,   260.856E-03,  -395.434E-03,            0.,"ASSEMBLY_PLATE-1__PICKEDSET2","ROCK","",  -904.023E-03,      -1.89379,      -1.84436,  -953.448E-03,  -215.584E-03
F:/Desktop/DeepOnet_Abaqus/StaticElasticJob6.odb,Step-1,Increment      1: Step Time =    1.000,"PLATE-1",          1669,             1,  -60.7687E-03,   513.823E-03,            0.,"ASSEMBLY_PLATE-1__PICKEDSET2","ROCK","",  -955.697E-03,      -1.89514,      -1.89252,  -958.314E-03,   49.5143E-03
F:/Desktop/DeepOnet_Abaqus/StaticElasticJob6.odb,Step-1,Increment      1: Step Time =    1.000,"PLATE-1",          1670,             1,   48.6728E-03,  -450.380E-03,            0.,"ASSEMBLY_PLATE-1__PICKEDSET2","ROCK","",  -786.685E-03,      -2.01260,      -2.00949,  -789.796E-03,  -61.6706E-03
F:/Desktop/DeepOnet_Abaqus/StaticElasticJob6.odb,Step-1,Increment      1: Step Time =    1.000,"PLATE-1",          1671,             1,   459.791E-03,  -378.510E-03,            0.,"ASSEMBLY_PLATE-1__PICKEDSET2","ROCK","",  -963.889E-03,      -1.72995,      -1.68774,      -1.00609,  -174.786E-03
F:/Desktop/DeepOnet_Abaqus/StaticElasticJob6.odb,Step-1,Increment      1: Step Time =    1.000,"PLATE-1",          1672,             1,   539.754E-03,  -296.532E-03,            0.,"ASSEMBLY_PLATE-1__PICKEDSET2","ROCK","",  -999.314E-03,      -1.65020,      -1.59605,      -1.05346,  -179.755E-03
F:/Desktop/DeepOnet_Abaqus/StaticElasticJob6.odb,Step-1,Increment      1: Step Time =    1.000,"PLATE-1",          1673,             1,  -127.273E-03,   490.236E-03,            0.,"ASSEMBLY_PLATE-1__PICKEDSET2","ROCK","",  -931.140E-03,      -1.90690,      -1.90609,  -931.947E-03,   28.0599E-03
F:/Desktop/DeepOnet_Abaqus/StaticElasticJob6.odb,Step-1,Increment      1: Step Time =    1.000,"PLATE-1",          1674,             1,  -138.022E-03,   530.450E-03,            0.,"ASSEMBLY_PLATE-1__PICKEDSET2","ROCK","",  -942.027E-03,      -1.85699,      -1.85583,  -943.192E-03,   32.6351E-03
F:/Desktop/DeepOnet_Abaqus/StaticElasticJob6.odb,Step-1,Increment      1: Step Time =    1.000,"PLATE-1",          1675,             1,   613.377E-03,   145.072E-03,            0.,"ASSEMBLY_PLATE-1__PICKEDSET2","ROCK","",      -1.09845,      -1.50502,      -1.46084,      -1.14264,   126.539E-03
F:/Desktop/DeepOnet_Abaqus/StaticElasticJob6.odb,Step-1,Increment      1: Step Time =    1.000,"PLATE-1",          1676,             1,  -296.297E-03,  -367.635E-03,            0.,"ASSEMBLY_PLATE-1__PICKEDSET2","ROCK","",  -915.768E-03,      -1.86380,      -1.80453,  -975.044E-03,   229.527E-03
F:/Desktop/DeepOnet_Abaqus/StaticElasticJob6.odb,Step-1,Increment      1: Step Time =    1.000,"PLATE-1",          1677,             1,  -276.408E-03,   371.578E-03,            0.,"ASSEMBLY_PLATE-1__PICKEDSET2","ROCK","",  -811.945E-03,      -1.88507,      -1.85738,  -839.631E-03,  -170.131E-03
F:/Desktop/DeepOnet_Abaqus/StaticElasticJob6.odb,Step-1,Increment      1: Step Time =    1.000,"PLATE-1",          1678,             1,  -481.822E-03,  -345.342E-03,            0.,"ASSEMBLY_PLATE-1__PICKEDSET2","ROCK","",  -953.688E-03,      -1.70589,      -1.65395,      -1.00564,   190.727E-03
F:/Desktop/DeepOnet_Abaqus/StaticElasticJob6.odb,Step-1,Increment      1: Step Time =    1.000,"PLATE-1",          1679,             1,   477.682E-03,   460.918E-03,            0.,"ASSEMBLY_PLATE-1__PICKEDSET2","ROCK","",  -897.438E-03,      -1.84222,      -1.81265,  -927.005E-03,   164.499E-03
F:/Desktop/DeepOnet_Abaqus/StaticElasticJob6.odb,Step-1,Increment      1: Step Time =    1.000,"PLATE-1",          1680,             1,  -537.310E-03,  -111.176E-03,            0.,"ASSEMBLY_PLATE-1__PICKEDSET2","ROCK","",      -1.06866,      -1.44336,      -1.35175,      -1.16027,   161.041E-03
F:/Desktop/DeepOnet_Abaqus/StaticElasticJob6.odb,Step-1,Increment      1: Step Time =    1.000,"PLATE-1",          1681,             1,  -416.461E-03,   366.658E-03,            0.,"ASSEMBLY_PLATE-1__PICKEDSET2","ROCK","",  -877.385E-03,      -1.72243,      -1.68187,  -917.948E-03,  -180.644E-03
F:/Desktop/DeepOnet_Abaqus/StaticElasticJob6.odb,Step-1,Increment      1: Step Time =    1.000,"PLATE-1",          1682,             1,   596.048E-03,   193.426E-03,            0.,"ASSEMBLY_PLATE-1__PICKEDSET2","ROCK","",      -1.05547,      -1.56148,      -1.50399,      -1.11296,   160.584E-03
F:/Desktop/DeepOnet_Abaqus/StaticElasticJob6.odb,Step-1,Increment      1: Step Time =    1.000,"PLATE-1",          1683,             1,   20.8526E-03,   519.163E-03,            0.,"ASSEMBLY_PLATE-1__PICKEDSET2","ROCK","",  -963.688E-03,      -1.89932,      -1.89505,  -967.950E-03,   63.0103E-03
F:/Desktop/DeepOnet_Abaqus/StaticElasticJob6.odb,Step-1,Increment      1: Step Time =    1.000,"PLATE-1",          1684,             1,   341.443E-03,   367.004E-03,            0.,"ASSEMBLY_PLATE-1__PICKEDSET2","ROCK","",  -820.264E-03,      -1.90007,      -1.84521,  -875.125E-03,   237.127E-03
F:/Desktop/DeepOnet_Abaqus/StaticElasticJob6.odb,Step-1,Increment      1: Step Time =    1.000,"PLATE-1",          1685,             1,  -609.051E-03,   257.349E-03,            0.,"ASSEMBLY_PLATE-1__PICKEDSET2","ROCK","",      -1.00955,      -1.53300,      -1.49606,      -1.04649,  -134.051E-03
F:/Desktop/DeepOnet_Abaqus/StaticElasticJob6.odb,Step-1,Increment      1: Step Time =    1.000,"PLATE-1",          1686,             1,  -542.326E-03,   125.967E-03,            0.,"ASSEMBLY_PLATE-1__PICKEDSET2","ROCK","",      -1.07391,      -1.39911,      -1.33398,      -1.13904,  -130.150E-03
F:/Desktop/DeepOnet_Abaqus/StaticElasticJob6.odb,Step-1,Increment      1: Step Time =    1.000,"PLATE-1",          1687,             1,   407.800E-03,   470.054E-03,            0.,"ASSEMBLY_PLATE-1__PICKEDSET2","ROCK","",  -871.698E-03,      -1.86960,      -1.84043,  -900.876E-03,   168.123E-03
F:/Desktop/DeepOnet_Abaqus/StaticElasticJob6.odb,Step-1,Increment      1: Step Time =    1.000,"PLATE-1",          1688,             1,   404.782E-03,   403.098E-03,            0.,"ASSEMBLY_PLATE-1__PICKEDSET2","ROCK","",  -857.152E-03,      -1.86126,      -1.81641,  -902.009E-03,   207.435E-03
F:/Desktop/DeepOnet_Abaqus/StaticElasticJob6.odb,Step-1,Increment      1: Step Time =    1.000,"PLATE-1",          1689,             1,   651.319E-03,  -33.5364E-03,            0.,"ASSEMBLY_PLATE-1__PICKEDSET2","ROCK","",      -1.16485,      -1.42831,      -1.42478,      -1.16839,  -30.3004E-03
F:/Desktop/DeepOnet_Abaqus/StaticElasticJob6.odb,Step-1,Increment      1: Step Time =    1.000,"PLATE-1",          1690,             1,  -590.345E-03,   34.6491E-03,            0.,"ASSEMBLY_PLATE-1__PICKEDSET2","ROCK","",      -1.15783,      -1.33783,      -1.33690,      -1.15876,  -12.9250E-03
F:/Desktop/DeepOnet_Abaqus/StaticElasticJob6.odb,Step-1,Increment      1: Step Time =    1.000,"PLATE-1",          1691,             1,  -548.389E-03,  -198.823E-03,            0.,"ASSEMBLY_PLATE-1__PICKEDSET2","ROCK","",      -1.00685,      -1.56979,      -1.49034,      -1.08630,   195.991E-03
F:/Desktop/DeepOnet_Abaqus/StaticElasticJob6.odb,Step-1,Increment      1: Step Time =    1.000,"PLATE-1",          1692,             1,   302.806E-03,  -395.474E-03,            0.,"ASSEMBLY_PLATE-1__PICKEDSET2","ROCK","",  -923.608E-03,      -1.84363,      -1.79872,  -968.519E-03,  -198.247E-03
F:/Desktop/DeepOnet_Abaqus/StaticElasticJob6.odb,Step-1,Increment      1: Step Time =    1.000,"PLATE-1",          1693,             1,   260.746E-03,  -442.514E-03,            0.,"ASSEMBLY_PLATE-1__PICKEDSET2","ROCK","",  -913.514E-03,      -1.85743,      -1.82744,  -943.502E-03,  -165.550E-03
F:/Desktop/DeepOnet_Abaqus/StaticElasticJob6.odb,Step-1,Increment      1: Step Time =    1.000,"PLATE-1",          1694,             1,  -19.7673E-03,  -445.064E-03,            0.,"ASSEMBLY_PLATE-1__PICKEDSET2","ROCK","",  -775.902E-03,      -2.02256,      -2.02189,  -776.574E-03,   28.9359E-03
F:/Desktop/DeepOnet_Abaqus/StaticElasticJob6.odb,Step-1,Increment      1: Step Time =    1.000,"PLATE-1",          1695,             1,  -14.8266E-03,   554.938E-03,            0.,"ASSEMBLY_PLATE-1__PICKEDSET2","ROCK","",  -965.768E-03,      -1.86083,      -1.85633,  -970.265E-03,   63.2813E-03
F:/Desktop/DeepOnet_Abaqus/StaticElasticJob6.odb,Step-1,Increment      1: Step Time =    1.000,"PLATE-1",          1696,             1,  -485.791E-03,   391.852E-03,            0.,"ASSEMBLY_PLATE-1__PICKEDSET2","ROCK","",  -918.372E-03,      -1.67556,      -1.64562,  -948.321E-03,  -147.581E-03
F:/Desktop/DeepOnet_Abaqus/StaticElasticJob6.odb,Step-1,Increment      1: Step Time =    1.000,"PLATE-1",          1697,             1,  -592.856E-03,  -283.175E-03,            0.,"ASSEMBLY_PLATE-1__PICKEDSET2","ROCK","",  -995.576E-03,      -1.61238,      -1.56376,      -1.04419,   166.199E-03
F:/Desktop/DeepOnet_Abaqus/StaticElasticJob6.odb,Step-1,Increment      1: Step Time =    1.000,"PLATE-1",          1698,             1,   442.627E-03,  -326.341E-03,            0.,"ASSEMBLY_PLATE-1__PICKEDSET2","ROCK","",  -957.428E-03,      -1.73184,      -1.67043,      -1.01883,  -209.243E-03
F:/Desktop/DeepOnet_Abaqus/StaticElasticJob6.odb,Step-1,Increment      1: Step Time =    1.000,"PLATE-1",          1699,             1,   632.988E-03,  -254.793E-03,            0.,"ASSEMBLY_PLATE-1__PICKEDSET2","ROCK","",      -1.04522,      -1.58941,      -1.55329,      -1.08134,  -135.470E-03
F:/Desktop/DeepOnet_Abaqus/StaticElasticJob6.odb,Step-1,Increment      1: Step Time =    1.000,"PLATE-1",          1700,             1,   533.531E-03,  -206.695E-03,            0.,"ASSEMBLY_PLATE-1__PICKEDSET2","ROCK","",      -1.02864,      -1.57807,      -1.49678,      -1.10994,  -195.086E-03
F:/Desktop/DeepOnet_Abaqus/StaticElasticJob6.odb,Step-1,Increment      1: Step Time =    1.000,"PLATE-1",          1701,             1,   74.2371E-03,   505.322E-03,            0.,"ASSEMBLY_PLATE-1__PICKEDSET2","ROCK","",  -949.886E-03,      -1.92040,      -1.91498,  -955.302E-03,   72.3009E-03
F:/Desktop/DeepOnet_Abaqus/StaticElasticJob6.odb,Step-1,Increment      1: Step Time =    1.000,"PLATE-1",          1702,             1,  -369.551E-03,  -349.601E-03,            0.,"ASSEMBLY_PLATE-1__PICKEDSET2","ROCK","",  -928.329E-03,      -1.79796,      -1.73687,  -989.423E-03,   222.255E-03
F:/Desktop/DeepOnet_Abaqus/StaticElasticJob6.odb,Step-1,Increment      1: Step Time =    1.000,"PLATE-1",          1703,             1,  -214.339E-03,   540.467E-03,            0.,"ASSEMBLY_PLATE-1__PICKEDSET2","ROCK","",  -924.856E-03,      -1.82491,      -1.82488,  -924.885E-03,   5.11179E-03
F:/Desktop/DeepOnet_Abaqus/StaticElasticJob6.odb,Step-1,Increment      1: Step Time =    1.000,"PLATE-1",          1704,             1,   14.1952E-03,  -439.129E-03,            0.,"ASSEMBLY_PLATE-1__PICKEDSET2","ROCK","",  -767.610E-03,      -2.03242,      -2.03203,  -767.995E-03,  -22.0855E-03
F:/Desktop/DeepOnet_Abaqus/StaticElasticJob6.odb,Step-1,Increment      1: Step Time =    1.000,"PLATE-1",          1705,             1,   87.5991E-03,  -536.614E-03,            0.,"ASSEMBLY_PLATE-1__PICKEDSET2","ROCK","",  -876.621E-03,      -1.89690,      -1.89375,  -879.766E-03,  -56.5643E-03
F:/Desktop/DeepOnet_Abaqus/StaticElasticJob6.odb,Step-1,Increment      1: Step Time =    1.000,"PLATE-1",          1706,             1,   218.097E-03,  -536.572E-03,            0.,"ASSEMBLY_PLATE-1__PICKEDSET2","ROCK","",  -917.534E-03,      -1.84358,      -1.83159,  -929.529E-03,  -104.713E-03
F:/Desktop/DeepOnet_Abaqus/StaticElasticJob6.odb,Step-1,Increment      1: Step Time =    1.000,"PLATE-1",          1707,             1,   133.229E-03,  -472.575E-03,            0.,"ASSEMBLY_PLATE-1__PICKEDSET2","ROCK","",  -849.573E-03,      -1.94062,      -1.92804,  -862.155E-03,  -116.489E-03
F:/Desktop/DeepOnet_Abaqus/StaticElasticJob6.odb,Step-1,Increment      1: Step Time =    1.000,"PLATE-1",          1708,             1,   205.809E-03,   455.847E-03,            0.,"ASSEMBLY_PLATE-1__PICKEDSET2","ROCK","",  -872.582E-03,      -1.95749,      -1.94253,  -887.545E-03,   126.528E-03
F:/Desktop/DeepOnet_Abaqus/StaticElasticJob6.odb,Step-1,Increment      1: Step Time =    1.000,"PLATE-1",          1709,             1,  -384.865E-03,   530.684E-03,            0.,"ASSEMBLY_PLATE-1__PICKEDSET2","ROCK","",  -914.357E-03,      -1.75215,      -1.74839,  -918.119E-03,  -56.0124E-03
F:/Desktop/DeepOnet_Abaqus/StaticElasticJob6.odb,Step-1,Increment      1: Step Time =    1.000,"PLATE-1",          1710,             1,  -95.0843E-03,   555.866E-03,            0.,"ASSEMBLY_PLATE-1__PICKEDSET2","ROCK","",  -956.350E-03,      -1.84483,      -1.84218,  -958.999E-03,   48.4376E-03
F:/Desktop/DeepOnet_Abaqus/StaticElasticJob6.odb,Step-1,Increment      1: Step Time =    1.000,"PLATE-1",          1711,             1,   507.828E-03,   331.646E-03,            0.,"ASSEMBLY_PLATE-1__PICKEDSET2","ROCK","",  -938.404E-03,      -1.74421,      -1.69061,  -992.005E-03,   200.797E-03
F:/Desktop/DeepOnet_Abaqus/StaticElasticJob6.odb,Step-1,Increment      1: Step Time =    1.000,"PLATE-1",          1712,             1,   552.227E-03,   283.568E-03,            0.,"ASSEMBLY_PLATE-1__PICKEDSET2","ROCK","",  -985.659E-03,      -1.67783,      -1.62237,      -1.04112,   187.924E-03
F:/Desktop/DeepOnet_Abaqus/StaticElasticJob6.odb,Step-1,Increment      1: Step Time =    1.000,"PLATE-1",          1713,             1,   673.711E-03,   53.9290E-03,            0.,"ASSEMBLY_PLATE-1__PICKEDSET2","ROCK","",      -1.14928,      -1.46577,      -1.46067,      -1.15438,   39.8443E-03
F:/Desktop/DeepOnet_Abaqus/StaticElasticJob6.odb,Step-1,Increment      1: Step Time =    1.000,"PLATE-1",          1714,             1,   273.878E-03,   508.462E-03,            0.,"ASSEMBLY_PLATE-1__PICKEDSET2","ROCK","",  -874.996E-03,      -1.90285,      -1.88482,  -893.024E-03,   134.925E-03
F:/Desktop/DeepOnet_Abaqus/StaticElasticJob6.odb,Step-1,Increment      1: Step Time =    1.000,"PLATE-1",          1715,             1,  -555.339E-03,   280.788E-03,            0.,"ASSEMBLY_PLATE-1__PICKEDSET2","ROCK","",  -972.164E-03,      -1.57022,      -1.52018,      -1.02221,  -165.607E-03
F:/Desktop/DeepOnet_Abaqus/StaticElasticJob6.odb,Step-1,Increment      1: Step Time =    1.000,"PLATE-1",          1716,             1,  -601.811E-03,  -156.561E-03,            0.,"ASSEMBLY_PLATE-1__PICKEDSET2","ROCK","",      -1.05480,      -1.49934,      -1.44321,      -1.11093,   147.652E-03
F:/Desktop/DeepOnet_Abaqus/StaticElasticJob6.odb,Step-1,Increment      1: Step Time =    1.000,"PLATE-1",          1717,             1,  -657.396E-03,  -217.581E-03,            0.,"ASSEMBLY_PLATE-1__PICKEDSET2","ROCK","",      -1.03152,      -1.55445,      -1.51610,      -1.06987,   136.317E-03
F:/Desktop/DeepOnet_Abaqus/StaticElasticJob6.odb,Step-1,Increment      1: Step Time =    1.000,"PLATE-1",          1718,             1,  -661.788E-03,   76.5279E-03,            0.,"ASSEMBLY_PLATE-1__PICKEDSET2","ROCK","",      -1.12027,      -1.40504,      -1.40129,      -1.12402,  -32.4447E-03
F:/Desktop/DeepOnet_Abaqus/StaticElasticJob6.odb,Step-1,Increment      1: Step Time =    1.000,"PLATE-1",          1719,             1,   644.061E-03,   100.222E-03,            0.,"ASSEMBLY_PLATE-1__PICKEDSET2","ROCK","",      -1.13496,      -1.46831,      -1.44827,      -1.15501,   79.2462E-03
F:/Desktop/DeepOnet_Abaqus/StaticElasticJob6.odb,Step-1,Increment      1: Step Time =    1.000,"PLATE-1",          1720,             1,  -251.328E-03,   580.380E-03,            0.,"ASSEMBLY_PLATE-1__PICKEDSET2","ROCK","",  -934.148E-03,      -1.78705,      -1.78694,  -934.257E-03,   9.62994E-03
F:/Desktop/DeepOnet_Abaqus/StaticElasticJob6.odb,Step-1,Increment      1: Step Time =    1.000,"PLATE-1",          1721,             1,   132.312E-03,  -531.480E-03,            0.,"ASSEMBLY_PLATE-1__PICKEDSET2","ROCK","",  -886.159E-03,      -1.88506,      -1.87852,  -892.697E-03,  -80.5523E-03
F:/Desktop/DeepOnet_Abaqus/StaticElasticJob6.odb,Step-1,Increment      1: Step Time =    1.000,"PLATE-1",          1722,             1,  -437.728E-06,  -457.606E-03,            0.,"ASSEMBLY_PLATE-1__PICKEDSET2","ROCK","",  -787.276E-03,      -2.00786,      -2.00786,  -787.280E-03,   2.19401E-03
F:/Desktop/DeepOnet_Abaqus/StaticElasticJob6.odb,Step-1,Increment      1: Step Time =    1.000,"PLATE-1",          1723,             1,  -369.708E-03,  -415.993E-03,            0.,"ASSEMBLY_PLATE-1__PICKEDSET2","ROCK","",  -939.565E-03,      -1.78483,      -1.74761,  -976.790E-03,   173.434E-03
F:/Desktop/DeepOnet_Abaqus/StaticElasticJob6.odb,Step-1,Increment      1: Step Time =    1.000,"PLATE-1",          1724,             1,  -409.167E-03,   409.852E-03,            0.,"ASSEMBLY_PLATE-1__PICKEDSET2","ROCK","",  -884.391E-03,      -1.73928,      -1.71400,  -909.670E-03,  -144.816E-03
F:/Desktop/DeepOnet_Abaqus/StaticElasticJob6.odb,Step-1,Increment      1: Step Time =    1.000,"PLATE-1",          1725,             1,  -413.094E-03,   456.834E-03,            0.,"ASSEMBLY_PLATE-1__PICKEDSET2","ROCK","",  -898.971E-03,      -1.74158,      -1.72799,  -912.564E-03,  -106.154E-03
F:/Desktop/DeepOnet_Abaqus/StaticElasticJob6.odb,Step-1,Increment      1: Step Time =    1.000,"PLATE-1",          1726,             1,   614.078E-03,  -153.661E-03,            0.,"ASSEMBLY_PLATE-1__PICKEDSET2","ROCK","",      -1.09486,      -1.50881,      -1.46991,      -1.13376,  -120.796E-03
F:/Desktop/DeepOnet_Abaqus/StaticElasticJob6.odb,Step-1,Increment      1: Step Time =    1.000,"PLATE-1",          1727,             1,   138.692E-03,  -588.917E-03,            0.,"ASSEMBLY_PLATE-1__PICKEDSET2","ROCK","",  -914.754E-03,      -1.84124,      -1.83792,  -918.078E-03,  -55.3877E-03
F:/Desktop/DeepOnet_Abaqus/StaticElasticJob6.odb,Step-1,Increment      1: Step Time =    1.000,"PLATE-1",          1728,             1,  -591.795E-03,   130.653E-03,            0.,"ASSEMBLY_PLATE-1__PICKEDSET2","ROCK","",      -1.08946,      -1.41121,      -1.37787,      -1.12279,  -98.0500E-03
F:/Desktop/DeepOnet_Abaqus/StaticElasticJob6.odb,Step-1,Increment      1: Step Time =    1.000,"PLATE-1",          1729,             1,  -161.226E-03,  -449.023E-03,            0.,"ASSEMBLY_PLATE-1__PICKEDSET2","ROCK","",  -851.245E-03,      -1.94497,      -1.92188,  -874.334E-03,   157.226E-03
F:/Desktop/DeepOnet_Abaqus/StaticElasticJob6.odb,Step-1,Increment      1: Step Time =    1.000,"PLATE-1",          1730,             1,  -60.1880E-03,  -541.591E-03,            0.,"ASSEMBLY_PLATE-1__PICKEDSET2","ROCK","",  -874.994E-03,      -1.89648,      -1.89452,  -876.952E-03,   44.6790E-03
F:/Desktop/DeepOnet_Abaqus/StaticElasticJob6.odb,Step-1,Increment      1: Step Time =    1.000,"PLATE-1",          1731,             1,  -585.137E-03,   207.382E-03,            0.,"ASSEMBLY_PLATE-1__PICKEDSET2","ROCK","",      -1.02787,      -1.49156,      -1.44308,      -1.07636,  -141.882E-03
F:/Desktop/DeepOnet_Abaqus/StaticElasticJob6.odb,Step-1,Increment      1: Step Time =    1.000,"PLATE-1",          1732,             1,   212.588E-03,   521.183E-03,            0.,"ASSEMBLY_PLATE-1__PICKEDSET2","ROCK","",  -897.519E-03,      -1.90312,      -1.89038,  -910.256E-03,   112.455E-03
F:/Desktop/DeepOnet_Abaqus/StaticElasticJob6.odb,Step-1,Increment      1: Step Time =    1.000,"PLATE-1",          1733,             1,   104.353E-03,   508.356E-03,            0.,"ASSEMBLY_PLATE-1__PICKEDSET2","ROCK","",  -938.048E-03,      -1.91404,      -1.90727,  -944.815E-03,   80.9833E-03
F:/Desktop/DeepOnet_Abaqus/StaticElasticJob6.odb,Step-1,Increment      1: Step Time =    1.000,"PLATE-1",          1734,             1,   407.767E-03,   538.123E-03,            0.,"ASSEMBLY_PLATE-1__PICKEDSET2","ROCK","",  -876.203E-03,      -1.87306,      -1.84973,  -899.529E-03,   150.694E-03
F:/Desktop/DeepOnet_Abaqus/StaticElasticJob6.odb,Step-1,Increment      1: Step Time =    1.000,"PLATE-1",          1735,             1,   554.219E-03,   388.937E-03,            0.,"ASSEMBLY_PLATE-1__PICKEDSET2","ROCK","",  -953.025E-03,      -1.76407,      -1.72685,  -990.242E-03,   169.705E-03
F:/Desktop/DeepOnet_Abaqus/StaticElasticJob6.odb,Step-1,Increment      1: Step Time =    1.000,"PLATE-1",          1736,             1,   665.345E-03,   302.975E-03,            0.,"ASSEMBLY_PLATE-1__PICKEDSET2","ROCK","",      -1.03860,      -1.65609,      -1.62435,      -1.07033,   136.337E-03
F:/Desktop/DeepOnet_Abaqus/StaticElasticJob6.odb,Step-1,Increment      1: Step Time =    1.000,"PLATE-1",          1737,             1,   722.757E-03,   273.056E-03,            0.,"ASSEMBLY_PLATE-1__PICKEDSET2","ROCK","",      -1.06577,      -1.63103,      -1.60552,      -1.09128,   117.352E-03
F:/Desktop/DeepOnet_Abaqus/StaticElasticJob6.odb,Step-1,Increment      1: Step Time =    1.000,"PLATE-1",          1738,             1,   589.260E-03,  -281.070E-03,            0.,"ASSEMBLY_PLATE-1__PICKEDSET2","ROCK","",      -1.02260,      -1.61702,      -1.57306,      -1.06655,  -155.544E-03
F:/Desktop/DeepOnet_Abaqus/StaticElasticJob6.odb,Step-1,Increment      1: Step Time =    1.000,"PLATE-1",          1739,             1,  -640.236E-03,  -9.84060E-03,            0.,"ASSEMBLY_PLATE-1__PICKEDSET2","ROCK","",      -1.13785,      -1.38499,      -1.38021,      -1.14262,   34.0220E-03
F:/Desktop/DeepOnet_Abaqus/StaticElasticJob6.odb,Step-1,Increment      1: Step Time =    1.000,"PLATE-1",          1740,             1,  -592.773E-03,  -59.2620E-03,            0.,"ASSEMBLY_PLATE-1__PICKEDSET2","ROCK","",      -1.12406,      -1.38997,      -1.35770,      -1.15633,   86.8264E-03
F:/Desktop/DeepOnet_Abaqus/StaticElasticJob6.odb,Step-1,Increment      1: Step Time =    1.000,"PLATE-1",          1741,             1,  -545.424E-03,  -400.311E-03,            0.,"ASSEMBLY_PLATE-1__PICKEDSET2","ROCK","",  -966.598E-03,      -1.68831,      -1.65602,  -998.883E-03,   149.192E-03
F:/Desktop/DeepOnet_Abaqus/StaticElasticJob6.odb,Step-1,Increment      1: Step Time =    1.000,"PLATE-1",          1742,             1,   779.833E-03,   242.725E-03,            0.,"ASSEMBLY_PLATE-1__PICKEDSET2","ROCK","",      -1.08206,      -1.61516,      -1.59708,      -1.10014,   96.4997E-03
F:/Desktop/DeepOnet_Abaqus/StaticElasticJob6.odb,Step-1,Increment      1: Step Time =    1.000,"PLATE-1",          1743,             1,       1.14403,       1.45878,            0.,"ASSEMBLY_PLATE-1__PICKEDSET2","ROCK","",  -838.162E-03,      -3.20712,      -3.00061,      -1.04467,   668.257E-03
F:/Desktop/DeepOnet_Abaqus/StaticElasticJob6.odb,Step-1,Increment      1: Step Time =    1.000,"PLATE-1",          1744,             1,       1.07357,       1.44571,            0.,"ASSEMBLY_PLATE-1__PICKEDSET2","ROCK","",  -738.492E-03,      -4.20415,      -4.11505,  -827.589E-03,   548.490E-03
F:/Desktop/DeepOnet_Abaqus/StaticElasticJob6.odb,Step-1,Increment      1: Step Time =    1.000,"PLATE-1",          1745,             1,       1.25516,   939.254E-03,            0.,"ASSEMBLY_PLATE-1__PICKEDSET2","ROCK","",  -527.919E-03,      -1.70965,      -1.45143,  -786.140E-03,  -488.333E-03
F:/Desktop/DeepOnet_Abaqus/StaticElasticJob6.odb,Step-1,Increment      1: Step Time =    1.000,"PLATE-1",          1746,             1,  -210.534E-03,  -498.938E-03,            0.,"ASSEMBLY_PLATE-1__PICKEDSET2","ROCK","",  -904.491E-03,      -1.86410,      -1.84674,  -921.851E-03,   127.897E-03
F:/Desktop/DeepOnet_Abaqus/StaticElasticJob6.odb,Step-1,Increment      1: Step Time =    1.000,"PLATE-1",          1747,             1,  -478.947E-03,   471.818E-03,            0.,"ASSEMBLY_PLATE-1__PICKEDSET2","ROCK","",  -922.246E-03,      -1.69827,      -1.68391,  -936.601E-03,  -104.566E-03
F:/Desktop/DeepOnet_Abaqus/StaticElasticJob6.odb,Step-1,Increment      1: Step Time =    1.000,"PLATE-1",          1748,             1,  -123.799E-03,   602.031E-03,            0.,"ASSEMBLY_PLATE-1__PICKEDSET2","ROCK","",  -962.368E-03,      -1.80026,      -1.79733,  -965.295E-03,   49.4407E-03
F:/Desktop/DeepOnet_Abaqus/StaticElasticJob6.odb,Step-1,Increment      1: Step Time =    1.000,"PLATE-1",          1749,             1,   43.7789E-03,  -549.093E-03,            0.,"ASSEMBLY_PLATE-1__PICKEDSET2","ROCK","",  -875.002E-03,      -1.89558,      -1.89507,  -875.519E-03,  -22.9668E-03
F:/Desktop/DeepOnet_Abaqus/StaticElasticJob6.odb,Step-1,Increment      1: Step Time =    1.000,"PLATE-1",          1750,             1,   295.785E-03,  -498.309E-03,            0.,"ASSEMBLY_PLATE-1__PICKEDSET2","ROCK","",  -936.331E-03,      -1.81204,      -1.79283,  -955.544E-03,  -128.280E-03
F:/Desktop/DeepOnet_Abaqus/StaticElasticJob6.odb,Step-1,Increment      1: Step Time =    1.000,"PLATE-1",          1751,             1,  -449.394E-03,   430.206E-03,            0.,"ASSEMBLY_PLATE-1__PICKEDSET2","ROCK","",  -903.007E-03,      -1.71113,      -1.68893,  -925.207E-03,  -132.088E-03
F:/Desktop/DeepOnet_Abaqus/StaticElasticJob6.odb,Step-1,Increment      1: Step Time =    1.000,"PLATE-1",          1752,             1,  -705.834E-03,  -38.3995E-03,            0.,"ASSEMBLY_PLATE-1__PICKEDSET2","ROCK","",      -1.10934,      -1.43870,      -1.43297,      -1.11508,   43.0863E-03
F:/Desktop/DeepOnet_Abaqus/StaticElasticJob6.odb,Step-1,Increment      1: Step Time =    1.000,"PLATE-1",          1753,             1,  -76.3782E-03,  -490.303E-03,            0.,"ASSEMBLY_PLATE-1__PICKEDSET2","ROCK","",  -842.016E-03,      -1.94228,      -1.93730,  -846.990E-03,   73.8073E-03
F:/Desktop/DeepOnet_Abaqus/StaticElasticJob6.odb,Step-1,Increment      1: Step Time =    1.000,"PLATE-1",          1754,             1,  -532.499E-03,   358.861E-03,            0.,"ASSEMBLY_PLATE-1__PICKEDSET2","ROCK","",  -939.088E-03,      -1.63638,      -1.60089,  -974.582E-03,  -153.263E-03
F:/Desktop/DeepOnet_Abaqus/StaticElasticJob6.odb,Step-1,Increment      1: Step Time =    1.000,"PLATE-1",          1755,             1,   62.3625E-03,   540.875E-03,            0.,"ASSEMBLY_PLATE-1__PICKEDSET2","ROCK","",  -960.163E-03,      -1.87928,      -1.87412,  -965.322E-03,   68.6713E-03
F:/Desktop/DeepOnet_Abaqus/StaticElasticJob6.odb,Step-1,Increment      1: Step Time =    1.000,"PLATE-1",          1756,             1,  -662.882E-03,   233.590E-03,            0.,"ASSEMBLY_PLATE-1__PICKEDSET2","ROCK","",      -1.03656,      -1.51154,      -1.48651,      -1.06159,  -106.116E-03
F:/Desktop/DeepOnet_Abaqus/StaticElasticJob6.odb,Step-1,Increment      1: Step Time =    1.000,"PLATE-1",          1757,             1,   656.024E-03,  -121.965E-03,            0.,"ASSEMBLY_PLATE-1__PICKEDSET2","ROCK","",      -1.11770,      -1.49059,      -1.47007,      -1.13822,  -85.0250E-03
F:/Desktop/DeepOnet_Abaqus/StaticElasticJob6.odb,Step-1,Increment      1: Step Time =    1.000,"PLATE-1",          1758,             1,   603.788E-03,  -227.151E-03,            0.,"ASSEMBLY_PLATE-1__PICKEDSET2","ROCK","",      -1.05085,      -1.57340,      -1.53054,      -1.09371,  -143.400E-03
F:/Desktop/DeepOnet_Abaqus/StaticElasticJob6.odb,Step-1,Increment      1: Step Time =    1.000,"PLATE-1",          1759,             1,   406.945E-03,  -394.164E-03,            0.,"ASSEMBLY_PLATE-1__PICKEDSET2","ROCK","",  -951.177E-03,      -1.76820,      -1.72787,  -991.512E-03,  -176.996E-03
F:/Desktop/DeepOnet_Abaqus/StaticElasticJob6.odb,Step-1,Increment      1: Step Time =    1.000,"PLATE-1",          1760,             1,   436.315E-03,  -455.139E-03,            0.,"ASSEMBLY_PLATE-1__PICKEDSET2","ROCK","",  -960.881E-03,      -1.75228,      -1.72657,  -986.589E-03,  -140.301E-03
F:/Desktop/DeepOnet_Abaqus/StaticElasticJob6.odb,Step-1,Increment      1: Step Time =    1.000,"PLATE-1",          1761,             1,   534.176E-03,  -409.724E-03,            0.,"ASSEMBLY_PLATE-1__PICKEDSET2","ROCK","",  -981.344E-03,      -1.69951,      -1.66973,      -1.01113,  -143.186E-03
F:/Desktop/DeepOnet_Abaqus/StaticElasticJob6.odb,Step-1,Increment      1: Step Time =    1.000,"PLATE-1",          1762,             1,  -653.080E-03,  -283.112E-03,            0.,"ASSEMBLY_PLATE-1__PICKEDSET2","ROCK","",      -1.00860,      -1.60056,      -1.56443,      -1.04473,   141.710E-03
F:/Desktop/DeepOnet_Abaqus/StaticElasticJob6.odb,Step-1,Increment      1: Step Time =    1.000,"PLATE-1",          1763,             1,   552.331E-03,   455.504E-03,            0.,"ASSEMBLY_PLATE-1__PICKEDSET2","ROCK","",  -939.595E-03,      -1.80623,      -1.77988,  -965.951E-03,   148.816E-03
F:/Desktop/DeepOnet_Abaqus/StaticElasticJob6.odb,Step-1,Increment      1: Step Time =    1.000,"PLATE-1",          1764,             1,   758.403E-03,   340.793E-03,            0.,"ASSEMBLY_PLATE-1__PICKEDSET2","ROCK","",      -1.05758,      -1.67902,      -1.65858,      -1.07802,   110.849E-03
F:/Desktop/DeepOnet_Abaqus/StaticElasticJob6.odb,Step-1,Increment      1: Step Time =    1.000,"PLATE-1",          1765,             1,   697.968E-03,   209.976E-03,            0.,"ASSEMBLY_PLATE-1__PICKEDSET2","ROCK","",      -1.08140,      -1.58149,      -1.55532,      -1.10756,   111.355E-03
F:/Desktop/DeepOnet_Abaqus/StaticElasticJob6.odb,Step-1,Increment      1: Step Time =    1.000,"PLATE-1",          1766,             1,   812.504E-03,   8.42371E-03,            0.,"ASSEMBLY_PLATE-1__PICKEDSET2","ROCK","",      -1.12158,      -1.52525,      -1.52489,      -1.12193,   11.9576E-03
F:/Desktop/DeepOnet_Abaqus/StaticElasticJob6.odb,Step-1,Increment      1: Step Time =    1.000,"PLATE-1",          1767,             1,   104.749E-03,   549.560E-03,            0.,"ASSEMBLY_PLATE-1__PICKEDSET2","ROCK","",  -947.703E-03,      -1.87524,      -1.86820,  -954.735E-03,   80.4539E-03
F:/Desktop/DeepOnet_Abaqus/StaticElasticJob6.odb,Step-1,Increment      1: Step Time =    1.000,"PLATE-1",          1768,             1,  -658.649E-03,  -102.976E-03,            0.,"ASSEMBLY_PLATE-1__PICKEDSET2","ROCK","",      -1.09020,      -1.45848,      -1.43188,      -1.11679,   95.3203E-03
F:/Desktop/DeepOnet_Abaqus/StaticElasticJob6.odb,Step-1,Increment      1: Step Time =    1.000,"PLATE-1",          1769,             1,  -520.919E-03,   440.790E-03,            0.,"ASSEMBLY_PLATE-1__PICKEDSET2","ROCK","",  -934.388E-03,      -1.66983,      -1.65121,  -953.008E-03,  -115.530E-03
F:/Desktop/DeepOnet_Abaqus/StaticElasticJob6.odb,Step-1,Increment      1: Step Time =    1.000,"PLATE-1",          1770,             1,  -565.474E-03,   411.158E-03,            0.,"ASSEMBLY_PLATE-1__PICKEDSET2","ROCK","",  -950.313E-03,      -1.64191,      -1.62073,  -971.494E-03,  -119.167E-03
F:/Desktop/DeepOnet_Abaqus/StaticElasticJob6.odb,Step-1,Increment      1: Step Time =    1.000,"PLATE-1",          1771,             1,  -335.798E-03,   571.450E-03,            0.,"ASSEMBLY_PLATE-1__PICKEDSET2","ROCK","",  -924.667E-03,      -1.76013,      -1.75944,  -925.356E-03,  -23.9930E-03
F:/Desktop/DeepOnet_Abaqus/StaticElasticJob6.odb,Step-1,Increment      1: Step Time =    1.000,"PLATE-1",          1772,             1,  -462.293E-03,   545.023E-03,            0.,"ASSEMBLY_PLATE-1__PICKEDSET2","ROCK","",  -927.746E-03,      -1.71531,      -1.70999,  -933.062E-03,  -64.4861E-03
F:/Desktop/DeepOnet_Abaqus/StaticElasticJob6.odb,Step-1,Increment      1: Step Time =    1.000,"PLATE-1",          1773,             1,   256.127E-03,  -489.254E-03,            0.,"ASSEMBLY_PLATE-1__PICKEDSET2","ROCK","",  -921.731E-03,      -1.84362,      -1.82304,  -942.316E-03,  -136.212E-03
F:/Desktop/DeepOnet_Abaqus/StaticElasticJob6.odb,Step-1,Increment      1: Step Time =    1.000,"PLATE-1",          1774,             1,   183.456E-03,  -591.758E-03,            0.,"ASSEMBLY_PLATE-1__PICKEDSET2","ROCK","",  -925.264E-03,      -1.82604,      -1.82061,  -930.696E-03,  -69.7428E-03
F:/Desktop/DeepOnet_Abaqus/StaticElasticJob6.odb,Step-1,Increment      1: Step Time =    1.000,"PLATE-1",          1775,             1,  -105.536E-03,  -556.907E-03,            0.,"ASSEMBLY_PLATE-1__PICKEDSET2","ROCK","",  -892.985E-03,      -1.87182,      -1.86772,  -897.082E-03,   63.1883E-03
F:/Desktop/DeepOnet_Abaqus/StaticElasticJob6.odb,Step-1,Increment      1: Step Time =    1.000,"PLATE-1",          1776,             1,   176.955E-03,  -534.903E-03,            0.,"ASSEMBLY_PLATE-1__PICKEDSET2","ROCK","",  -904.123E-03,      -1.86121,      -1.85164,  -913.695E-03,  -95.2356E-03
F:/Desktop/DeepOnet_Abaqus/StaticElasticJob6.odb,Step-1,Increment      1: Step Time =    1.000,"PLATE-1",          1777,             1,  -493.546E-03,  -470.297E-03,            0.,"ASSEMBLY_PLATE-1__PICKEDSET2","ROCK","",  -959.146E-03,      -1.72153,      -1.69862,  -982.051E-03,   130.145E-03
F:/Desktop/DeepOnet_Abaqus/StaticElasticJob6.odb,Step-1,Increment      1: Step Time =    1.000,"PLATE-1",          1778,             1,  -427.694E-03,  -412.225E-03,            0.,"ASSEMBLY_PLATE-1__PICKEDSET2","ROCK","",  -946.891E-03,      -1.75143,      -1.71581,  -982.514E-03,   165.503E-03
F:/Desktop/DeepOnet_Abaqus/StaticElasticJob6.odb,Step-1,Increment      1: Step Time =    1.000,"PLATE-1",          1779,             1,   110.355E-03,   641.318E-03,            0.,"ASSEMBLY_PLATE-1__PICKEDSET2","ROCK","",  -956.967E-03,      -1.80935,      -1.79957,  -966.741E-03,   90.7503E-03
F:/Desktop/DeepOnet_Abaqus/StaticElasticJob6.odb,Step-1,Increment      1: Step Time =    1.000,"PLATE-1",          1780,             1,   562.081E-03,  -343.172E-03,            0.,"ASSEMBLY_PLATE-1__PICKEDSET2","ROCK","",  -995.677E-03,      -1.66573,      -1.62689,      -1.03451,  -156.571E-03
F:/Desktop/DeepOnet_Abaqus/StaticElasticJob6.odb,Step-1,Increment      1: Step Time =    1.000,"PLATE-1",          1781,             1,  -319.111E-03,  -492.579E-03,            0.,"ASSEMBLY_PLATE-1__PICKEDSET2","ROCK","",  -937.183E-03,      -1.79996,      -1.77873,  -958.415E-03,   133.671E-03
F:/Desktop/DeepOnet_Abaqus/StaticElasticJob6.odb,Step-1,Increment      1: Step Time =    1.000,"PLATE-1",          1782,             1,   278.311E-03,   652.436E-03,            0.,"ASSEMBLY_PLATE-1__PICKEDSET2","ROCK","",  -907.717E-03,      -1.81790,      -1.79984,  -925.776E-03,   126.931E-03
F:/Desktop/DeepOnet_Abaqus/StaticElasticJob6.odb,Step-1,Increment      1: Step Time =    1.000,"PLATE-1",          1783,             1,  -762.018E-03,  -11.4820E-03,            0.,"ASSEMBLY_PLATE-1__PICKEDSET2","ROCK","",      -1.09983,      -1.46056,      -1.45829,      -1.10210,   28.5521E-03
F:/Desktop/DeepOnet_Abaqus/StaticElasticJob6.odb,Step-1,Increment      1: Step Time =    1.000,"PLATE-1",          1784,             1,  -723.465E-03,  -94.2476E-03,            0.,"ASSEMBLY_PLATE-1__PICKEDSET2","ROCK","",      -1.08582,      -1.47930,      -1.46527,      -1.09985,   72.9702E-03
F:/Desktop/DeepOnet_Abaqus/StaticElasticJob6.odb,Step-1,Increment      1: Step Time =    1.000,"PLATE-1",          1785,             1,  -673.558E-03,   125.856E-03,            0.,"ASSEMBLY_PLATE-1__PICKEDSET2","ROCK","",      -1.09417,      -1.43954,      -1.42879,      -1.10492,  -59.9726E-03
F:/Desktop/DeepOnet_Abaqus/StaticElasticJob6.odb,Step-1,Increment      1: Step Time =    1.000,"PLATE-1",          1786,             1,  -87.7945E-03,   692.524E-03,            0.,"ASSEMBLY_PLATE-1__PICKEDSET2","ROCK","",  -981.043E-03,      -1.75086,      -1.74563,  -986.274E-03,   63.2466E-03
F:/Desktop/DeepOnet_Abaqus/StaticElasticJob6.odb,Step-1,Increment      1: Step Time =    1.000,"PLATE-1",          1787,             1,  -161.194E-03,  -501.223E-03,            0.,"ASSEMBLY_PLATE-1__PICKEDSET2","ROCK","",  -882.891E-03,      -1.89325,      -1.87990,  -896.239E-03,   115.359E-03
F:/Desktop/DeepOnet_Abaqus/StaticElasticJob6.odb,Step-1,Increment      1: Step Time =    1.000,"PLATE-1",          1788,             1,   352.883E-03,  -398.967E-03,            0.,"ASSEMBLY_PLATE-1__PICKEDSET2","ROCK","",  -939.363E-03,      -1.80487,      -1.76407,  -980.167E-03,  -183.443E-03
F:/Desktop/DeepOnet_Abaqus/StaticElasticJob6.odb,Step-1,Increment      1: Step Time =    1.000,"PLATE-1",          1789,             1,   855.676E-03,   66.4274E-03,            0.,"ASSEMBLY_PLATE-1__PICKEDSET2","ROCK","",      -1.10965,      -1.55214,      -1.54936,      -1.11243,   34.9624E-03
F:/Desktop/DeepOnet_Abaqus/StaticElasticJob6.odb,Step-1,Increment      1: Step Time =    1.000,"PLATE-1",          1790,             1,   789.502E-03,   99.2832E-03,            0.,"ASSEMBLY_PLATE-1__PICKEDSET2","ROCK","",      -1.11843,      -1.53967,      -1.53336,      -1.12474,   51.1465E-03
F:/Desktop/DeepOnet_Abaqus/StaticElasticJob6.odb,Step-1,Increment      1: Step Time =    1.000,"PLATE-1",          1791,             1,  -56.1385E-03,   661.615E-03,            0.,"ASSEMBLY_PLATE-1__PICKEDSET2","ROCK","",  -978.873E-03,      -1.77533,      -1.76948,  -984.728E-03,   68.0394E-03
F:/Desktop/DeepOnet_Abaqus/StaticElasticJob6.odb,Step-1,Increment      1: Step Time =    1.000,"PLATE-1",          1792,             1,  -169.636E-03,   576.995E-03,            0.,"ASSEMBLY_PLATE-1__PICKEDSET2","ROCK","",  -947.961E-03,      -1.81277,      -1.81126,  -949.475E-03,   36.1508E-03
F:/Desktop/DeepOnet_Abaqus/StaticElasticJob6.odb,Step-1,Increment      1: Step Time =    1.000,"PLATE-1",          1793,             1,  -635.157E-03,   306.704E-03,            0.,"ASSEMBLY_PLATE-1__PICKEDSET2","ROCK","",  -997.807E-03,      -1.56369,      -1.53530,      -1.02620,  -123.537E-03
F:/Desktop/DeepOnet_Abaqus/StaticElasticJob6.odb,Step-1,Increment      1: Step Time =    1.000,"PLATE-1",          1794,             1,  -638.685E-03,   186.415E-03,            0.,"ASSEMBLY_PLATE-1__PICKEDSET2","ROCK","",      -1.06304,      -1.46656,      -1.44091,      -1.08870,  -98.4574E-03
F:/Desktop/DeepOnet_Abaqus/StaticElasticJob6.odb,Step-1,Increment      1: Step Time =    1.000,"PLATE-1",          1795,             1,   664.557E-03,  -415.746E-03,            0.,"ASSEMBLY_PLATE-1__PICKEDSET2","ROCK","",      -1.00847,      -1.65679,      -1.63704,      -1.02823,  -111.432E-03
F:/Desktop/DeepOnet_Abaqus/StaticElasticJob6.odb,Step-1,Increment      1: Step Time =    1.000,"PLATE-1",          1796,             1,   374.603E-03,  -535.744E-03,            0.,"ASSEMBLY_PLATE-1__PICKEDSET2","ROCK","",  -954.314E-03,      -1.77396,      -1.75844,  -969.833E-03,  -111.710E-03
F:/Desktop/DeepOnet_Abaqus/StaticElasticJob6.odb,Step-1,Increment      1: Step Time =    1.000,"PLATE-1",          1797,             1,   558.952E-03,  -456.518E-03,            0.,"ASSEMBLY_PLATE-1__PICKEDSET2","ROCK","",  -984.003E-03,      -1.69928,      -1.67763,      -1.00565,  -122.529E-03
F:/Desktop/DeepOnet_Abaqus/StaticElasticJob6.odb,Step-1,Increment      1: Step Time =    1.000,"PLATE-1",          1798,             1,   24.9013E-03,   605.915E-03,            0.,"ASSEMBLY_PLATE-1__PICKEDSET2","ROCK","",  -969.674E-03,      -1.82316,      -1.81602,  -976.819E-03,   77.7651E-03
F:/Desktop/DeepOnet_Abaqus/StaticElasticJob6.odb,Step-1,Increment      1: Step Time =    1.000,"PLATE-1",          1799,             1,  -375.056E-03,   621.406E-03,            0.,"ASSEMBLY_PLATE-1__PICKEDSET2","ROCK","",  -941.731E-03,      -1.72892,      -1.72863,  -942.018E-03,  -15.0309E-03
F:/Desktop/DeepOnet_Abaqus/StaticElasticJob6.odb,Step-1,Increment      1: Step Time =    1.000,"PLATE-1",          1800,             1,  -746.426E-03,   252.749E-03,            0.,"ASSEMBLY_PLATE-1__PICKEDSET2","ROCK","",      -1.04423,      -1.52238,      -1.51062,      -1.05599,  -74.0516E-03
F:/Desktop/DeepOnet_Abaqus/StaticElasticJob6.odb,Step-1,Increment      1: Step Time =    1.000,"PLATE-1",          1801,             1,  -551.277E-03,   490.170E-03,            0.,"ASSEMBLY_PLATE-1__PICKEDSET2","ROCK","",  -946.472E-03,      -1.66619,      -1.65482,  -957.844E-03,  -89.7516E-03
F:/Desktop/DeepOnet_Abaqus/StaticElasticJob6.odb,Step-1,Increment      1: Step Time =    1.000,"PLATE-1",          1802,             1,  -661.740E-03,  -157.361E-03,            0.,"ASSEMBLY_PLATE-1__PICKEDSET2","ROCK","",      -1.06220,      -1.50510,      -1.47003,      -1.09727,   119.581E-03
F:/Desktop/DeepOnet_Abaqus/StaticElasticJob6.odb,Step-1,Increment      1: Step Time =    1.000,"PLATE-1",          1803,             1,  -613.541E-03,   383.498E-03,            0.,"ASSEMBLY_PLATE-1__PICKEDSET2","ROCK","",  -969.984E-03,      -1.61186,      -1.58924,  -992.607E-03,  -118.362E-03
F:/Desktop/DeepOnet_Abaqus/StaticElasticJob6.odb,Step-1,Increment      1: Step Time =    1.000,"PLATE-1",          1804,             1,  -208.997E-03,  -556.409E-03,            0.,"ASSEMBLY_PLATE-1__PICKEDSET2","ROCK","",  -920.344E-03,      -1.83243,      -1.82237,  -930.409E-03,   95.2870E-03
F:/Desktop/DeepOnet_Abaqus/StaticElasticJob6.odb,Step-1,Increment      1: Step Time =    1.000,"PLATE-1",          1805,             1,   555.782E-03,   528.408E-03,            0.,"ASSEMBLY_PLATE-1__PICKEDSET2","ROCK","",  -926.852E-03,      -1.85070,      -1.83134,  -946.219E-03,   132.352E-03
F:/Desktop/DeepOnet_Abaqus/StaticElasticJob6.odb,Step-1,Increment      1: Step Time =    1.000,"PLATE-1",          1806,             1,   629.387E-03,   451.608E-03,            0.,"ASSEMBLY_PLATE-1__PICKEDSET2","ROCK","",  -990.354E-03,      -1.77949,      -1.75834,      -1.01150,   127.439E-03
F:/Desktop/DeepOnet_Abaqus/StaticElasticJob6.odb,Step-1,Increment      1: Step Time =    1.000,"PLATE-1",          1807,             1,  -121.978E-03,   649.664E-03,            0.,"ASSEMBLY_PLATE-1__PICKEDSET2","ROCK","",  -971.286E-03,      -1.77139,      -1.76746,  -975.223E-03,   55.9920E-03
F:/Desktop/DeepOnet_Abaqus/StaticElasticJob6.odb,Step-1,Increment      1: Step Time =    1.000,"PLATE-1",          1808,             1,  -722.849E-03,   138.056E-03,            0.,"ASSEMBLY_PLATE-1__PICKEDSET2","ROCK","",      -1.08870,      -1.45592,      -1.44919,      -1.09543,  -49.2510E-03
F:/Desktop/DeepOnet_Abaqus/StaticElasticJob6.odb,Step-1,Increment      1: Step Time =    1.000,"PLATE-1",          1809,             1,   709.570E-03,  -168.571E-03,            0.,"ASSEMBLY_PLATE-1__PICKEDSET2","ROCK","",      -1.09347,      -1.53410,      -1.51693,      -1.11064,  -85.2669E-03
F:/Desktop/DeepOnet_Abaqus/StaticElasticJob6.odb,Step-1,Increment      1: Step Time =    1.000,"PLATE-1",          1810,             1,   624.672E-03,  -192.039E-03,            0.,"ASSEMBLY_PLATE-1__PICKEDSET2","ROCK","",      -1.07605,      -1.54094,      -1.50422,      -1.11277,  -125.400E-03
F:/Desktop/DeepOnet_Abaqus/StaticElasticJob6.odb,Step-1,Increment      1: Step Time =    1.000,"PLATE-1",          1811,             1,   345.250E-03,   608.677E-03,            0.,"ASSEMBLY_PLATE-1__PICKEDSET2","ROCK","",  -885.539E-03,      -1.85609,      -1.83634,  -905.293E-03,   137.048E-03
F:/Desktop/DeepOnet_Abaqus/StaticElasticJob6.odb,Step-1,Increment      1: Step Time =    1.000,"PLATE-1",          1812,             1,   700.466E-03,  -340.345E-03,            0.,"ASSEMBLY_PLATE-1__PICKEDSET2","ROCK","",      -1.03046,      -1.62303,      -1.60220,      -1.05129,  -109.120E-03
F:/Desktop/DeepOnet_Abaqus/StaticElasticJob6.odb,Step-1,Increment      1: Step Time =    1.000,"PLATE-1",          1813,             1,  -688.760E-03,   280.737E-03,            0.,"ASSEMBLY_PLATE-1__PICKEDSET2","ROCK","",      -1.02371,      -1.53720,      -1.51680,      -1.04412,  -100.309E-03
F:/Desktop/DeepOnet_Abaqus/StaticElasticJob6.odb,Step-1,Increment      1: Step Time =    1.000,"PLATE-1",          1814,             1,   865.143E-03,  -218.964E-03,            0.,"ASSEMBLY_PLATE-1__PICKEDSET2","ROCK","",      -1.07090,      -1.57918,      -1.57351,      -1.07656,  -53.3573E-03
F:/Desktop/DeepOnet_Abaqus/StaticElasticJob6.odb,Step-1,Increment      1: Step Time =    1.000,"PLATE-1",          1815,             1,   761.924E-03,  -214.240E-03,            0.,"ASSEMBLY_PLATE-1__PICKEDSET2","ROCK","",      -1.07439,      -1.56631,      -1.55322,      -1.08748,  -79.1680E-03
F:/Desktop/DeepOnet_Abaqus/StaticElasticJob6.odb,Step-1,Increment      1: Step Time =    1.000,"PLATE-1",          1816,             1,   813.204E-03,   157.650E-03,            0.,"ASSEMBLY_PLATE-1__PICKEDSET2","ROCK","",      -1.10326,      -1.57139,      -1.56122,      -1.11343,   68.2708E-03
F:/Desktop/DeepOnet_Abaqus/StaticElasticJob6.odb,Step-1,Increment      1: Step Time =    1.000,"PLATE-1",          1817,             1,   703.669E-03,  -79.2570E-03,            0.,"ASSEMBLY_PLATE-1__PICKEDSET2","ROCK","",      -1.13217,      -1.48372,      -1.47643,      -1.13946,  -50.1034E-03
F:/Desktop/DeepOnet_Abaqus/StaticElasticJob6.odb,Step-1,Increment      1: Step Time =    1.000,"PLATE-1",          1818,             1,   225.718E-03,   582.358E-03,            0.,"ASSEMBLY_PLATE-1__PICKEDSET2","ROCK","",  -911.644E-03,      -1.86207,      -1.84869,  -925.022E-03,   111.965E-03
F:/Desktop/DeepOnet_Abaqus/StaticElasticJob6.odb,Step-1,Increment      1: Step Time =    1.000,"PLATE-1",          1819,             1,   75.5143E-03,   583.612E-03,            0.,"ASSEMBLY_PLATE-1__PICKEDSET2","ROCK","",  -959.714E-03,      -1.84978,      -1.84288,  -966.614E-03,   78.0655E-03
F:/Desktop/DeepOnet_Abaqus/StaticElasticJob6.odb,Step-1,Increment      1: Step Time =    1.000,"PLATE-1",          1820,             1,  -157.102E-03,  -558.296E-03,            0.,"ASSEMBLY_PLATE-1__PICKEDSET2","ROCK","",  -906.353E-03,      -1.85392,      -1.84676,  -913.508E-03,   82.0303E-03
F:/Desktop/DeepOnet_Abaqus/StaticElasticJob6.odb,Step-1,Increment      1: Step Time =    1.000,"PLATE-1",          1821,             1,  -442.967E-03,  -545.849E-03,            0.,"ASSEMBLY_PLATE-1__PICKEDSET2","ROCK","",  -957.826E-03,      -1.73992,      -1.72547,  -972.274E-03,   105.315E-03
F:/Desktop/DeepOnet_Abaqus/StaticElasticJob6.odb,Step-1,Increment      1: Step Time =    1.000,"PLATE-1",          1822,             1,   511.052E-03,  -361.383E-03,            0.,"ASSEMBLY_PLATE-1__PICKEDSET2","ROCK","",  -979.946E-03,      -1.69543,      -1.65425,      -1.02112,  -166.635E-03
F:/Desktop/DeepOnet_Abaqus/StaticElasticJob6.odb,Step-1,Increment      1: Step Time =    1.000,"PLATE-1",          1823,             1,  -773.970E-03,   98.2371E-03,            0.,"ASSEMBLY_PLATE-1__PICKEDSET2","ROCK","",      -1.09069,      -1.46968,      -1.46888,      -1.09149,  -17.3569E-03
F:/Desktop/DeepOnet_Abaqus/StaticElasticJob6.odb,Step-1,Increment      1: Step Time =    1.000,"PLATE-1",          1824,             1,  -790.111E-03,  -68.8633E-03,            0.,"ASSEMBLY_PLATE-1__PICKEDSET2","ROCK","",      -1.08226,      -1.49048,      -1.48349,      -1.08925,   52.9402E-03
F:/Desktop/DeepOnet_Abaqus/StaticElasticJob6.odb,Step-1,Increment      1: Step Time =    1.000,"PLATE-1",          1825,             1,   627.083E-03,   674.835E-03,            0.,"ASSEMBLY_PLATE-1__PICKEDSET2","ROCK","",  -911.817E-03,      -1.92864,      -1.91235,  -928.107E-03,   127.663E-03
F:/Desktop/DeepOnet_Abaqus/StaticElasticJob6.odb,Step-1,Increment      1: Step Time =    1.000,"PLATE-1",          1826,             1,   480.606E-03,   602.030E-03,            0.,"ASSEMBLY_PLATE-1__PICKEDSET2","ROCK","",  -886.888E-03,      -1.87464,      -1.85187,  -909.652E-03,   148.210E-03
F:/Desktop/DeepOnet_Abaqus/StaticElasticJob6.odb,Step-1,Increment      1: Step Time =    1.000,"PLATE-1",          1827,             1,  -17.5997E-03,   634.599E-03,            0.,"ASSEMBLY_PLATE-1__PICKEDSET2","ROCK","",  -975.669E-03,      -1.79550,      -1.78897,  -982.203E-03,   72.8982E-03
F:/Desktop/DeepOnet_Abaqus/StaticElasticJob6.odb,Step-1,Increment      1: Step Time =    1.000,"PLATE-1",          1828,             1,  -23.4962E-03,  -586.605E-03,            0.,"ASSEMBLY_PLATE-1__PICKEDSET2","ROCK","",  -896.988E-03,      -1.86350,      -1.86326,  -897.227E-03,   15.2000E-03
F:/Desktop/DeepOnet_Abaqus/StaticElasticJob6.odb,Step-1,Increment      1: Step Time =    1.000,"PLATE-1",          1829,             1,   542.250E-03,  -524.502E-03,            0.,"ASSEMBLY_PLATE-1__PICKEDSET2","ROCK","",  -980.102E-03,      -1.71129,      -1.69655,  -994.843E-03,  -102.767E-03
F:/Desktop/DeepOnet_Abaqus/StaticElasticJob6.odb,Step-1,Increment      1: Step Time =    1.000,"PLATE-1",          1830,             1,   438.022E-03,  -538.823E-03,            0.,"ASSEMBLY_PLATE-1__PICKEDSET2","ROCK","",  -966.858E-03,      -1.74400,      -1.72942,  -981.439E-03,  -105.449E-03
F:/Desktop/DeepOnet_Abaqus/StaticElasticJob6.odb,Step-1,Increment      1: Step Time =    1.000,"PLATE-1",          1831,             1,   49.3707E-03,   659.296E-03,            0.,"ASSEMBLY_PLATE-1__PICKEDSET2","ROCK","",  -973.959E-03,      -1.78419,      -1.77545,  -982.699E-03,   83.6953E-03
F:/Desktop/DeepOnet_Abaqus/StaticElasticJob6.odb,Step-1,Increment      1: Step Time =    1.000,"PLATE-1",          1832,             1,   268.235E-03,  -579.499E-03,            0.,"ASSEMBLY_PLATE-1__PICKEDSET2","ROCK","",  -940.195E-03,      -1.80267,      -1.79343,  -949.429E-03,  -88.7622E-03
F:/Desktop/DeepOnet_Abaqus/StaticElasticJob6.odb,Step-1,Increment      1: Step Time =    1.000,"PLATE-1",          1833,             1,  -320.331E-03,  -564.218E-03,            0.,"ASSEMBLY_PLATE-1__PICKEDSET2","ROCK","",  -944.861E-03,      -1.78243,      -1.77052,  -956.775E-03,   99.1809E-03
F:/Desktop/DeepOnet_Abaqus/StaticElasticJob6.odb,Step-1,Increment      1: Step Time =    1.000,"PLATE-1",          1834,             1,  -247.180E-03,   667.978E-03,            0.,"ASSEMBLY_PLATE-1__PICKEDSET2","ROCK","",  -959.608E-03,      -1.74327,      -1.74220,  -960.681E-03,   28.9816E-03
F:/Desktop/DeepOnet_Abaqus/StaticElasticJob6.odb,Step-1,Increment      1: Step Time =    1.000,"PLATE-1",          1835,             1,  -328.920E-03,   665.760E-03,            0.,"ASSEMBLY_PLATE-1__PICKEDSET2","ROCK","",  -952.012E-03,      -1.72819,      -1.72810,  -952.099E-03,   8.24525E-03
F:/Desktop/DeepOnet_Abaqus/StaticElasticJob6.odb,Step-1,Increment      1: Step Time =    1.000,"PLATE-1",          1836,             1,  -45.4538E-03,   703.648E-03,            0.,"ASSEMBLY_PLATE-1__PICKEDSET2","ROCK","",  -985.902E-03,      -1.74587,      -1.73958,  -992.189E-03,   68.8376E-03
F:/Desktop/DeepOnet_Abaqus/StaticElasticJob6.odb,Step-1,Increment      1: Step Time =    1.000,"PLATE-1",          1837,             1,   335.719E-03,  -513.470E-03,            0.,"ASSEMBLY_PLATE-1__PICKEDSET2","ROCK","",  -947.658E-03,      -1.78966,      -1.77253,  -964.783E-03,  -118.853E-03
F:/Desktop/DeepOnet_Abaqus/StaticElasticJob6.odb,Step-1,Increment      1: Step Time =    1.000,"PLATE-1",          1838,             1,   58.4835E-03,  -643.050E-03,            0.,"ASSEMBLY_PLATE-1__PICKEDSET2","ROCK","",  -923.113E-03,      -1.82609,      -1.82566,  -923.535E-03,  -19.5229E-03
F:/Desktop/DeepOnet_Abaqus/StaticElasticJob6.odb,Step-1,Increment      1: Step Time =    1.000,"PLATE-1",          1839,             1,   586.033E-03,  -389.356E-03,            0.,"ASSEMBLY_PLATE-1__PICKEDSET2","ROCK","",  -996.149E-03,      -1.67251,      -1.64378,      -1.02488,  -136.401E-03
F:/Desktop/DeepOnet_Abaqus/StaticElasticJob6.odb,Step-1,Increment      1: Step Time =    1.000,"PLATE-1",          1840,             1,   665.723E-03,  -293.607E-03,            0.,"ASSEMBLY_PLATE-1__PICKEDSET2","ROCK","",      -1.03870,      -1.60502,      -1.57729,      -1.06644,  -122.225E-03
F:/Desktop/DeepOnet_Abaqus/StaticElasticJob6.odb,Step-1,Increment      1: Step Time =    1.000,"PLATE-1",          1841,             1,   218.192E-03,   641.549E-03,            0.,"ASSEMBLY_PLATE-1__PICKEDSET2","ROCK","",  -930.858E-03,      -1.82416,      -1.81066,  -944.353E-03,   108.961E-03
F:/Desktop/DeepOnet_Abaqus/StaticElasticJob6.odb,Step-1,Increment      1: Step Time =    1.000,"PLATE-1",          1842,             1,   126.770E-03,   720.836E-03,            0.,"ASSEMBLY_PLATE-1__PICKEDSET2","ROCK","",  -964.918E-03,      -1.76107,      -1.74761,  -978.380E-03,   102.651E-03
F:/Desktop/DeepOnet_Abaqus/StaticElasticJob6.odb,Step-1,Increment      1: Step Time =    1.000,"PLATE-1",          1843,             1,  -663.176E-03,   356.212E-03,            0.,"ASSEMBLY_PLATE-1__PICKEDSET2","ROCK","",  -992.396E-03,      -1.58333,      -1.56306,      -1.01267,  -107.560E-03
F:/Desktop/DeepOnet_Abaqus/StaticElasticJob6.odb,Step-1,Increment      1: Step Time =    1.000,"PLATE-1",          1844,             1,  -604.569E-03,  -390.410E-03,            0.,"ASSEMBLY_PLATE-1__PICKEDSET2","ROCK","",  -978.092E-03,      -1.66317,      -1.63370,      -1.00757,   139.010E-03
F:/Desktop/DeepOnet_Abaqus/StaticElasticJob6.odb,Step-1,Increment      1: Step Time =    1.000,"PLATE-1",          1845,             1,   894.054E-03,   201.956E-03,            0.,"ASSEMBLY_PLATE-1__PICKEDSET2","ROCK","",      -1.08607,      -1.61152,      -1.60152,      -1.09607,   71.8051E-03
F:/Desktop/DeepOnet_Abaqus/StaticElasticJob6.odb,Step-1,Increment      1: Step Time =    1.000,"PLATE-1",          1846,             1,   409.244E-03,   606.222E-03,            0.,"ASSEMBLY_PLATE-1__PICKEDSET2","ROCK","",  -885.288E-03,      -1.86275,      -1.84063,  -907.412E-03,   145.382E-03
F:/Desktop/DeepOnet_Abaqus/StaticElasticJob6.odb,Step-1,Increment      1: Step Time =    1.000,"PLATE-1",          1847,             1,  -154.660E-03,  -619.407E-03,            0.,"ASSEMBLY_PLATE-1__PICKEDSET2","ROCK","",  -926.594E-03,      -1.81920,      -1.81532,  -930.469E-03,   58.6786E-03
F:/Desktop/DeepOnet_Abaqus/StaticElasticJob6.odb,Step-1,Increment      1: Step Time =    1.000,"PLATE-1",          1848,             1,  -120.159E-03,  -714.529E-03,            0.,"ASSEMBLY_PLATE-1__PICKEDSET2","ROCK","",  -946.607E-03,      -1.78534,      -1.78437,  -947.579E-03,   28.5311E-03
F:/Desktop/DeepOnet_Abaqus/StaticElasticJob6.odb,Step-1,Increment      1: Step Time =    1.000,"PLATE-1",          1849,             1,   755.900E-03,  -35.9095E-03,            0.,"ASSEMBLY_PLATE-1__PICKEDSET2","ROCK","",      -1.13457,      -1.49254,      -1.49166,      -1.13545,  -17.7434E-03
F:/Desktop/DeepOnet_Abaqus/StaticElasticJob6.odb,Step-1,Increment      1: Step Time =    1.000,"PLATE-1",          1850,             1,   878.804E-03,   135.653E-03,            0.,"ASSEMBLY_PLATE-1__PICKEDSET2","ROCK","",      -1.09847,      -1.58302,      -1.57639,      -1.10511,   56.3228E-03
F:/Desktop/DeepOnet_Abaqus/StaticElasticJob6.odb,Step-1,Increment      1: Step Time =    1.000,"PLATE-1",          1851,             1,   718.367E-03,   520.256E-03,            0.,"ASSEMBLY_PLATE-1__PICKEDSET2","ROCK","",      -1.03284,      -1.80688,      -1.79364,      -1.04608,   100.381E-03
F:/Desktop/DeepOnet_Abaqus/StaticElasticJob6.odb,Step-1,Increment      1: Step Time =    1.000,"PLATE-1",          1852,             1,   864.670E-03,   403.345E-03,            0.,"ASSEMBLY_PLATE-1__PICKEDSET2","ROCK","",      -1.06676,      -1.71501,      -1.69879,      -1.08298,   101.242E-03
F:/Desktop/DeepOnet_Abaqus/StaticElasticJob6.odb,Step-1,Increment      1: Step Time =    1.000,"PLATE-1",          1853,             1,   784.175E-03,   417.182E-03,            0.,"ASSEMBLY_PLATE-1__PICKEDSET2","ROCK","",      -1.05791,      -1.72661,      -1.70909,      -1.07543,   106.804E-03
F:/Desktop/DeepOnet_Abaqus/StaticElasticJob6.odb,Step-1,Increment      1: Step Time =    1.000,"PLATE-1",          1854,             1,   403.981E-03,   675.625E-03,            0.,"ASSEMBLY_PLATE-1__PICKEDSET2","ROCK","",  -882.460E-03,      -1.84913,      -1.82171,  -909.879E-03,   160.477E-03
F:/Desktop/DeepOnet_Abaqus/StaticElasticJob6.odb,Step-1,Increment      1: Step Time =    1.000,"PLATE-1",          1855,             1,   506.447E-03,  -551.112E-03,            0.,"ASSEMBLY_PLATE-1__PICKEDSET2","ROCK","",  -975.957E-03,      -1.72260,      -1.70937,  -989.189E-03,  -98.5115E-03
F:/Desktop/DeepOnet_Abaqus/StaticElasticJob6.odb,Step-1,Increment      1: Step Time =    1.000,"PLATE-1",          1856,             1,   101.171E-03,  -643.203E-03,            0.,"ASSEMBLY_PLATE-1__PICKEDSET2","ROCK","",  -927.366E-03,      -1.81992,      -1.81884,  -928.441E-03,  -30.9496E-03
F:/Desktop/DeepOnet_Abaqus/StaticElasticJob6.odb,Step-1,Increment      1: Step Time =    1.000,"PLATE-1",          1857,             1,  -400.719E-03,  -633.020E-03,            0.,"ASSEMBLY_PLATE-1__PICKEDSET2","ROCK","",  -959.218E-03,      -1.74625,      -1.73819,  -967.280E-03,   79.2498E-03
F:/Desktop/DeepOnet_Abaqus/StaticElasticJob6.odb,Step-1,Increment      1: Step Time =    1.000,"PLATE-1",          1858,             1,   582.992E-03,  -501.537E-03,            0.,"ASSEMBLY_PLATE-1__PICKEDSET2","ROCK","",  -986.485E-03,      -1.69784,      -1.68197,      -1.00235,  -105.047E-03
F:/Desktop/DeepOnet_Abaqus/StaticElasticJob6.odb,Step-1,Increment      1: Step Time =    1.000,"PLATE-1",          1859,             1,   609.341E-03,  -435.836E-03,            0.,"ASSEMBLY_PLATE-1__PICKEDSET2","ROCK","",  -995.346E-03,      -1.67814,      -1.65683,      -1.01666,  -118.748E-03
F:/Desktop/DeepOnet_Abaqus/StaticElasticJob6.odb,Step-1,Increment      1: Step Time =    1.000,"PLATE-1",          1860,             1,  -418.280E-03,   578.663E-03,            0.,"ASSEMBLY_PLATE-1__PICKEDSET2","ROCK","",  -932.177E-03,      -1.72358,      -1.72146,  -934.297E-03,  -40.9113E-03
F:/Desktop/DeepOnet_Abaqus/StaticElasticJob6.odb,Step-1,Increment      1: Step Time =    1.000,"PLATE-1",          1861,             1,  -100.968E-03,  -619.764E-03,            0.,"ASSEMBLY_PLATE-1__PICKEDSET2","ROCK","",  -917.953E-03,      -1.83282,      -1.83097,  -919.800E-03,   41.0564E-03
F:/Desktop/DeepOnet_Abaqus/StaticElasticJob6.odb,Step-1,Increment      1: Step Time =    1.000,"PLATE-1",          1862,             1,  -1.51573E-03,  -675.384E-03,            0.,"ASSEMBLY_PLATE-1__PICKEDSET2","ROCK","",  -930.731E-03,      -1.81251,      -1.81250,  -930.741E-03,   2.93887E-03
F:/Desktop/DeepOnet_Abaqus/StaticElasticJob6.odb,Step-1,Increment      1: Step Time =    1.000,"PLATE-1",          1863,             1,  -206.070E-03,   626.567E-03,            0.,"ASSEMBLY_PLATE-1__PICKEDSET2","ROCK","",  -955.123E-03,      -1.77183,      -1.77042,  -956.526E-03,   33.8146E-03
F:/Desktop/DeepOnet_Abaqus/StaticElasticJob6.odb,Step-1,Increment      1: Step Time =    1.000,"PLATE-1",          1864,             1,  -700.128E-03,   535.260E-03,            0.,"ASSEMBLY_PLATE-1__PICKEDSET2","ROCK","",  -977.481E-03,      -1.63080,      -1.62408,  -984.196E-03,  -65.8927E-03
F:/Desktop/DeepOnet_Abaqus/StaticElasticJob6.odb,Step-1,Increment      1: Step Time =    1.000,"PLATE-1",          1865,             1,   804.765E-03,  -261.125E-03,            0.,"ASSEMBLY_PLATE-1__PICKEDSET2","ROCK","",      -1.06360,      -1.58427,      -1.57303,      -1.07484,  -75.6534E-03
F:/Desktop/DeepOnet_Abaqus/StaticElasticJob6.odb,Step-1,Increment      1: Step Time =    1.000,"PLATE-1",          1866,             1,   754.438E-03,  -302.927E-03,            0.,"ASSEMBLY_PLATE-1__PICKEDSET2","ROCK","",      -1.04723,      -1.60202,      -1.58649,      -1.06276,  -91.5289E-03
F:/Desktop/DeepOnet_Abaqus/StaticElasticJob6.odb,Step-1,Increment      1: Step Time =    1.000,"PLATE-1",          1867,             1,   801.541E-03,  -80.1693E-03,            0.,"ASSEMBLY_PLATE-1__PICKEDSET2","ROCK","",      -1.11627,      -1.52167,      -1.51949,      -1.11845,  -29.6450E-03
F:/Desktop/DeepOnet_Abaqus/StaticElasticJob6.odb,Step-1,Increment      1: Step Time =    1.000,"PLATE-1",          1868,             1,  -79.4216E-03,   784.952E-03,            0.,"ASSEMBLY_PLATE-1__PICKEDSET2","ROCK","",  -995.271E-03,      -1.70221,      -1.69528,      -1.00220,   69.6277E-03
F:/Desktop/DeepOnet_Abaqus/StaticElasticJob6.odb,Step-1,Increment      1: Step Time =    1.000,"PLATE-1",          1869,             1,  -573.393E-03,  -588.183E-03,            0.,"ASSEMBLY_PLATE-1__PICKEDSET2","ROCK","",  -969.898E-03,      -1.70241,      -1.69117,  -981.139E-03,   90.0468E-03
F:/Desktop/DeepOnet_Abaqus/StaticElasticJob6.odb,Step-1,Increment      1: Step Time =    1.000,"PLATE-1",          1870,             1,  -563.666E-03,  -523.288E-03,            0.,"ASSEMBLY_PLATE-1__PICKEDSET2","ROCK","",  -968.343E-03,      -1.70111,      -1.68510,  -984.351E-03,   107.118E-03
F:/Desktop/DeepOnet_Abaqus/StaticElasticJob6.odb,Step-1,Increment      1: Step Time =    1.000,"PLATE-1",          1871,             1,   816.367E-03,  -168.257E-03,            0.,"ASSEMBLY_PLATE-1__PICKEDSET2","ROCK","",      -1.08929,      -1.55415,      -1.54792,      -1.09552,  -53.4389E-03
F:/Desktop/DeepOnet_Abaqus/StaticElasticJob6.odb,Step-1,Increment      1: Step Time =    1.000,"PLATE-1",          1872,             1,  -728.547E-03,  -356.200E-03,            0.,"ASSEMBLY_PLATE-1__PICKEDSET2","ROCK","",      -1.00410,      -1.61771,      -1.59550,      -1.02632,   114.610E-03
F:/Desktop/DeepOnet_Abaqus/StaticElasticJob6.odb,Step-1,Increment      1: Step Time =    1.000,"PLATE-1",          1873,             1,  -716.514E-03,   205.760E-03,            0.,"ASSEMBLY_PLATE-1__PICKEDSET2","ROCK","",      -1.06234,      -1.48955,      -1.47665,      -1.07524,  -73.0948E-03
F:/Desktop/DeepOnet_Abaqus/StaticElasticJob6.odb,Step-1,Increment      1: Step Time =    1.000,"PLATE-1",          1874,             1,  -595.821E-03,   461.091E-03,            0.,"ASSEMBLY_PLATE-1__PICKEDSET2","ROCK","",  -957.701E-03,      -1.64347,      -1.62913,  -972.042E-03,  -98.1275E-03
F:/Desktop/DeepOnet_Abaqus/StaticElasticJob6.odb,Step-1,Increment      1: Step Time =    1.000,"PLATE-1",          1875,             1,   335.298E-03,   671.158E-03,            0.,"ASSEMBLY_PLATE-1__PICKEDSET2","ROCK","",  -905.677E-03,      -1.82759,      -1.80268,  -930.586E-03,   149.477E-03
F:/Desktop/DeepOnet_Abaqus/StaticElasticJob6.odb,Step-1,Increment      1: Step Time =    1.000,"PLATE-1",          1876,             1,   52.8226E-03,  -597.146E-03,            0.,"ASSEMBLY_PLATE-1__PICKEDSET2","ROCK","",  -902.213E-03,      -1.85776,      -1.85720,  -902.765E-03,  -22.9532E-03
F:/Desktop/DeepOnet_Abaqus/StaticElasticJob6.odb,Step-1,Increment      1: Step Time =    1.000,"PLATE-1",          1877,             1,  -531.636E-03,   620.253E-03,            0.,"ASSEMBLY_PLATE-1__PICKEDSET2","ROCK","",  -954.581E-03,      -1.68120,      -1.67889,  -956.892E-03,  -40.9163E-03
F:/Desktop/DeepOnet_Abaqus/StaticElasticJob6.odb,Step-1,Increment      1: Step Time =    1.000,"PLATE-1",          1878,             1,   689.001E-03,   367.495E-03,            0.,"ASSEMBLY_PLATE-1__PICKEDSET2","ROCK","",      -1.03249,      -1.70734,      -1.68261,      -1.05722,   126.797E-03
F:/Desktop/DeepOnet_Abaqus/StaticElasticJob6.odb,Step-1,Increment      1: Step Time =    1.000,"PLATE-1",          1879,             1,   555.984E-03,   599.789E-03,            0.,"ASSEMBLY_PLATE-1__PICKEDSET2","ROCK","",  -910.208E-03,      -1.87528,      -1.85685,  -928.635E-03,   132.073E-03
F:/Desktop/DeepOnet_Abaqus/StaticElasticJob6.odb,Step-1,Increment      1: Step Time =    1.000,"PLATE-1",          1880,             1,   552.675E-03,   668.671E-03,            0.,"ASSEMBLY_PLATE-1__PICKEDSET2","ROCK","",  -888.820E-03,      -1.90345,      -1.87793,  -914.343E-03,   158.886E-03
F:/Desktop/DeepOnet_Abaqus/StaticElasticJob6.odb,Step-1,Increment      1: Step Time =    1.000,"PLATE-1",          1881,             1,   726.816E-03,  -394.891E-03,            0.,"ASSEMBLY_PLATE-1__PICKEDSET2","ROCK","",      -1.02200,      -1.63836,      -1.62211,      -1.03825,  -98.7281E-03
F:/Desktop/DeepOnet_Abaqus/StaticElasticJob6.odb,Step-1,Increment      1: Step Time =    1.000,"PLATE-1",          1882,             1,  -209.287E-03,   721.963E-03,            0.,"ASSEMBLY_PLATE-1__PICKEDSET2","ROCK","",  -974.618E-03,      -1.72583,      -1.72305,  -977.394E-03,   45.5856E-03
F:/Desktop/DeepOnet_Abaqus/StaticElasticJob6.odb,Step-1,Increment      1: Step Time =    1.000,"PLATE-1",          1883,             1,   363.810E-03,  -581.635E-03,            0.,"ASSEMBLY_PLATE-1__PICKEDSET2","ROCK","",  -958.054E-03,      -1.76695,      -1.75656,  -968.445E-03,  -91.0891E-03
F:/Desktop/DeepOnet_Abaqus/StaticElasticJob6.odb,Step-1,Increment      1: Step Time =    1.000,"PLATE-1",          1884,             1,  -596.790E-03,  -336.608E-03,            0.,"ASSEMBLY_PLATE-1__PICKEDSET2","ROCK","",  -986.007E-03,      -1.64185,      -1.60462,      -1.02323,   151.753E-03
F:/Desktop/DeepOnet_Abaqus/StaticElasticJob6.odb,Step-1,Increment      1: Step Time =    1.000,"PLATE-1",          1885,             1,  -302.053E-03,  -626.972E-03,            0.,"ASSEMBLY_PLATE-1__PICKEDSET2","ROCK","",  -949.622E-03,      -1.77442,      -1.76703,  -957.015E-03,   77.7363E-03
F:/Desktop/DeepOnet_Abaqus/StaticElasticJob6.odb,Step-1,Increment      1: Step Time =    1.000,"PLATE-1",          1886,             1,  -204.701E-03,  -713.811E-03,            0.,"ASSEMBLY_PLATE-1__PICKEDSET2","ROCK","",  -953.776E-03,      -1.76986,      -1.76782,  -955.817E-03,   40.7541E-03
F:/Desktop/DeepOnet_Abaqus/StaticElasticJob6.odb,Step-1,Increment      1: Step Time =    1.000,"PLATE-1",          1887,             1,   302.846E-03,  -665.759E-03,            0.,"ASSEMBLY_PLATE-1__PICKEDSET2","ROCK","",  -958.714E-03,      -1.76623,      -1.76118,  -963.770E-03,  -63.6967E-03
F:/Desktop/DeepOnet_Abaqus/StaticElasticJob6.odb,Step-1,Increment      1: Step Time =    1.000,"PLATE-1",          1888,             1,   184.683E-03,  -647.517E-03,            0.,"ASSEMBLY_PLATE-1__PICKEDSET2","ROCK","",  -939.843E-03,      -1.80004,      -1.79709,  -942.793E-03,  -50.2861E-03
F:/Desktop/DeepOnet_Abaqus/StaticElasticJob6.odb,Step-1,Increment      1: Step Time =    1.000,"PLATE-1",          1889,             1,  -354.622E-03,   720.427E-03,            0.,"ASSEMBLY_PLATE-1__PICKEDSET2","ROCK","",  -964.409E-03,      -1.70415,      -1.70393,  -964.624E-03,   12.6234E-03
F:/Desktop/DeepOnet_Abaqus/StaticElasticJob6.odb,Step-1,Increment      1: Step Time =    1.000,"PLATE-1",          1890,             1,   898.297E-03,  -278.009E-03,            0.,"ASSEMBLY_PLATE-1__PICKEDSET2","ROCK","",      -1.05614,      -1.59835,      -1.59216,      -1.06234,  -57.6179E-03
F:/Desktop/DeepOnet_Abaqus/StaticElasticJob6.odb,Step-1,Increment      1: Step Time =    1.000,"PLATE-1",          1891,             1,  -81.3378E-03,  -673.559E-03,            0.,"ASSEMBLY_PLATE-1__PICKEDSET2","ROCK","",  -934.042E-03,      -1.80708,      -1.80625,  -934.872E-03,   26.9162E-03
F:/Desktop/DeepOnet_Abaqus/StaticElasticJob6.odb,Step-1,Increment      1: Step Time =    1.000,"PLATE-1",          1892,             1,   683.112E-03,  -466.643E-03,            0.,"ASSEMBLY_PLATE-1__PICKEDSET2","ROCK","",      -1.00503,      -1.66530,      -1.65044,      -1.01988,  -97.9170E-03
F:/Desktop/DeepOnet_Abaqus/StaticElasticJob6.odb,Step-1,Increment      1: Step Time =    1.000,"PLATE-1",          1893,             1,   740.490E-03,  -452.495E-03,            0.,"ASSEMBLY_PLATE-1__PICKEDSET2","ROCK","",      -1.01416,      -1.65091,      -1.63805,      -1.02702,  -89.5732E-03
F:/Desktop/DeepOnet_Abaqus/StaticElasticJob6.odb,Step-1,Increment      1: Step Time =    1.000,"PLATE-1",          1894,             1,  -403.610E-03,   706.181E-03,            0.,"ASSEMBLY_PLATE-1__PICKEDSET2","ROCK","",  -959.701E-03,      -1.70125,      -1.70125,  -959.701E-03,   167.513E-06
F:/Desktop/DeepOnet_Abaqus/StaticElasticJob6.odb,Step-1,Increment      1: Step Time =    1.000,"PLATE-1",          1895,             1,  -513.457E-03,  -595.466E-03,            0.,"ASSEMBLY_PLATE-1__PICKEDSET2","ROCK","",  -966.061E-03,      -1.71726,      -1.70635,  -976.970E-03,   89.8623E-03
F:/Desktop/DeepOnet_Abaqus/StaticElasticJob6.odb,Step-1,Increment      1: Step Time =    1.000,"PLATE-1",          1896,             1,  -694.878E-03,   406.301E-03,            0.,"ASSEMBLY_PLATE-1__PICKEDSET2","ROCK","",  -990.053E-03,      -1.59814,      -1.58399,      -1.00420,  -91.6598E-03
F:/Desktop/DeepOnet_Abaqus/StaticElasticJob6.odb,Step-1,Increment      1: Step Time =    1.000,"PLATE-1",          1897,             1,  -340.743E-03,  -679.267E-03,            0.,"ASSEMBLY_PLATE-1__PICKEDSET2","ROCK","",  -958.656E-03,      -1.75255,      -1.74717,  -964.039E-03,   65.1495E-03
F:/Desktop/DeepOnet_Abaqus/StaticElasticJob6.odb,Step-1,Increment      1: Step Time =    1.000,"PLATE-1",          1898,             1,  -34.2581E-03,  -718.270E-03,            0.,"ASSEMBLY_PLATE-1__PICKEDSET2","ROCK","",  -943.550E-03,      -1.79185,      -1.79172,  -943.681E-03,   10.5713E-03
F:/Desktop/DeepOnet_Abaqus/StaticElasticJob6.odb,Step-1,Increment      1: Step Time =    1.000,"PLATE-1",          1899,             1,  -685.235E-03,  -499.564E-03,            0.,"ASSEMBLY_PLATE-1__PICKEDSET2","ROCK","",  -981.553E-03,      -1.66681,      -1.65146,  -996.902E-03,   101.401E-03
F:/Desktop/DeepOnet_Abaqus/StaticElasticJob6.odb,Step-1,Increment      1: Step Time =    1.000,"PLATE-1",          1900,             1,  -738.813E-03,  -424.688E-03,            0.,"ASSEMBLY_PLATE-1__PICKEDSET2","ROCK","",  -994.467E-03,      -1.63859,      -1.62108,      -1.01198,   104.771E-03
F:/Desktop/DeepOnet_Abaqus/StaticElasticJob6.odb,Step-1,Increment      1: Step Time =    1.000,"PLATE-1",          1901,             1,   347.748E-03,   777.474E-03,            0.,"ASSEMBLY_PLATE-1__PICKEDSET2","ROCK","",  -913.710E-03,      -1.78563,      -1.74857,  -950.772E-03,   175.901E-03
F:/Desktop/DeepOnet_Abaqus/StaticElasticJob6.odb,Step-1,Increment      1: Step Time =    1.000,"PLATE-1",          1902,             1,   240.525E-03,   783.006E-03,            0.,"ASSEMBLY_PLATE-1__PICKEDSET2","ROCK","",  -951.597E-03,      -1.74223,      -1.71618,  -977.645E-03,   141.122E-03
F:/Desktop/DeepOnet_Abaqus/StaticElasticJob6.odb,Step-1,Increment      1: Step Time =    1.000,"PLATE-1",          1903,             1,   410.299E-03,   739.923E-03,            0.,"ASSEMBLY_PLATE-1__PICKEDSET2","ROCK","",  -893.517E-03,      -1.81079,      -1.77815,  -926.148E-03,   169.902E-03
F:/Desktop/DeepOnet_Abaqus/StaticElasticJob6.odb,Step-1,Increment      1: Step Time =    1.000,"PLATE-1",          1904,             1,   436.000E-03,  -620.408E-03,            0.,"ASSEMBLY_PLATE-1__PICKEDSET2","ROCK","",  -969.863E-03,      -1.74032,      -1.73163,  -978.553E-03,  -81.3597E-03
F:/Desktop/DeepOnet_Abaqus/StaticElasticJob6.odb,Step-1,Increment      1: Step Time =    1.000,"PLATE-1",          1905,             1,   403.647E-03,  -574.231E-03,            0.,"ASSEMBLY_PLATE-1__PICKEDSET2","ROCK","",  -962.824E-03,      -1.75440,      -1.74299,  -974.233E-03,  -94.3464E-03
F:/Desktop/DeepOnet_Abaqus/StaticElasticJob6.odb,Step-1,Increment      1: Step Time =    1.000,"PLATE-1",          1906,             1,   937.876E-03,  -124.884E-03,            0.,"ASSEMBLY_PLATE-1__PICKEDSET2","ROCK","",      -1.08259,      -1.57139,      -1.57017,      -1.08382,  -24.3942E-03
F:/Desktop/DeepOnet_Abaqus/StaticElasticJob6.odb,Step-1,Increment      1: Step Time =    1.000,"PLATE-1",          1907,             1,  -457.328E-03,  -607.340E-03,            0.,"ASSEMBLY_PLATE-1__PICKEDSET2","ROCK","",  -962.533E-03,      -1.73083,      -1.72084,  -972.520E-03,   87.0280E-03
F:/Desktop/DeepOnet_Abaqus/StaticElasticJob6.odb,Step-1,Increment      1: Step Time =    1.000,"PLATE-1",          1908,             1,  -875.361E-03,  -340.009E-03,            0.,"ASSEMBLY_PLATE-1__PICKEDSET2","ROCK","",      -1.01888,      -1.59912,      -1.58670,      -1.03129,   83.9654E-03
F:/Desktop/DeepOnet_Abaqus/StaticElasticJob6.odb,Step-1,Increment      1: Step Time =    1.000,"PLATE-1",          1909,             1,  -621.214E-03,   511.262E-03,            0.,"ASSEMBLY_PLATE-1__PICKEDSET2","ROCK","",  -961.579E-03,      -1.64801,      -1.63894,  -970.653E-03,  -78.3990E-03
F:/Desktop/DeepOnet_Abaqus/StaticElasticJob6.odb,Step-1,Increment      1: Step Time =    1.000,"PLATE-1",          1910,             1,   109.795E-03,   801.902E-03,            0.,"ASSEMBLY_PLATE-1__PICKEDSET2","ROCK","",  -983.433E-03,      -1.70753,      -1.69074,      -1.00022,   108.967E-03
F:/Desktop/DeepOnet_Abaqus/StaticElasticJob6.odb,Step-1,Increment      1: Step Time =    1.000,"PLATE-1",          1911,             1,   32.7860E-03,   780.701E-03,            0.,"ASSEMBLY_PLATE-1__PICKEDSET2","ROCK","",  -989.612E-03,      -1.71382,      -1.70334,      -1.00009,   86.4688E-03
F:/Desktop/DeepOnet_Abaqus/StaticElasticJob6.odb,Step-1,Increment      1: Step Time =    1.000,"PLATE-1",          1912,             1,  -813.676E-03,   231.262E-03,            0.,"ASSEMBLY_PLATE-1__PICKEDSET2","ROCK","",      -1.05268,      -1.52153,      -1.51547,      -1.05875,  -52.9679E-03
F:/Desktop/DeepOnet_Abaqus/StaticElasticJob6.odb,Step-1,Increment      1: Step Time =    1.000,"PLATE-1",          1913,             1,  -713.186E-03,   329.140E-03,            0.,"ASSEMBLY_PLATE-1__PICKEDSET2","ROCK","",      -1.01219,      -1.56247,      -1.54619,      -1.02847,  -93.2447E-03
F:/Desktop/DeepOnet_Abaqus/StaticElasticJob6.odb,Step-1,Increment      1: Step Time =    1.000,"PLATE-1",          1914,             1,   856.561E-03,  -111.680E-03,            0.,"ASSEMBLY_PLATE-1__PICKEDSET2","ROCK","",      -1.09794,      -1.54947,      -1.54736,      -1.10005,  -30.8521E-03
F:/Desktop/DeepOnet_Abaqus/StaticElasticJob6.odb,Step-1,Increment      1: Step Time =    1.000,"PLATE-1",          1915,             1,   604.173E-03,  -543.817E-03,            0.,"ASSEMBLY_PLATE-1__PICKEDSET2","ROCK","",  -988.665E-03,      -1.69499,      -1.68253,      -1.00112,  -92.9655E-03
F:/Desktop/DeepOnet_Abaqus/StaticElasticJob6.odb,Step-1,Increment      1: Step Time =    1.000,"PLATE-1",          1916,             1,   510.599E-03,  -620.968E-03,            0.,"ASSEMBLY_PLATE-1__PICKEDSET2","ROCK","",  -977.326E-03,      -1.72206,      -1.71362,  -985.768E-03,  -78.8397E-03
F:/Desktop/DeepOnet_Abaqus/StaticElasticJob6.odb,Step-1,Increment      1: Step Time =    1.000,"PLATE-1",          1917,             1,  -516.692E-03,  -656.332E-03,            0.,"ASSEMBLY_PLATE-1__PICKEDSET2","ROCK","",  -967.661E-03,      -1.71653,      -1.70892,  -975.267E-03,   75.0862E-03
F:/Desktop/DeepOnet_Abaqus/StaticElasticJob6.odb,Step-1,Increment      1: Step Time =    1.000,"PLATE-1",          1918,             1,   874.359E-03,   477.517E-03,            0.,"ASSEMBLY_PLATE-1__PICKEDSET2","ROCK","",      -1.06873,      -1.76846,      -1.75189,      -1.08530,   106.397E-03
F:/Desktop/DeepOnet_Abaqus/StaticElasticJob6.odb,Step-1,Increment      1: Step Time =    1.000,"PLATE-1",          1919,             1,  -259.321E-03,  -657.915E-03,            0.,"ASSEMBLY_PLATE-1__PICKEDSET2","ROCK","",  -948.595E-03,      -1.77727,      -1.77222,  -953.652E-03,   64.5334E-03
F:/Desktop/DeepOnet_Abaqus/StaticElasticJob6.odb,Step-1,Increment      1: Step Time =    1.000,"PLATE-1",          1920,             1,  -566.641E-03,   662.387E-03,            0.,"ASSEMBLY_PLATE-1__PICKEDSET2","ROCK","",  -962.133E-03,      -1.67031,      -1.66862,  -963.823E-03,  -34.5622E-03
F:/Desktop/DeepOnet_Abaqus/StaticElasticJob6.odb,Step-1,Increment      1: Step Time =    1.000,"PLATE-1",          1921,             1,   800.380E-03,  -446.628E-03,            0.,"ASSEMBLY_PLATE-1__PICKEDSET2","ROCK","",      -1.02042,      -1.64386,      -1.63370,      -1.03059,  -78.9562E-03
F:/Desktop/DeepOnet_Abaqus/StaticElasticJob6.odb,Step-1,Increment      1: Step Time =    1.000,"PLATE-1",          1922,             1,  -190.215E-03,   822.944E-03,            0.,"ASSEMBLY_PLATE-1__PICKEDSET2","ROCK","",  -994.763E-03,      -1.68287,      -1.67864,  -998.994E-03,   53.7917E-03
F:/Desktop/DeepOnet_Abaqus/StaticElasticJob6.odb,Step-1,Increment      1: Step Time =    1.000,"PLATE-1",          1923,             1,  -305.384E-03,   747.456E-03,            0.,"ASSEMBLY_PLATE-1__PICKEDSET2","ROCK","",  -972.000E-03,      -1.70282,      -1.70173,  -973.087E-03,   28.1651E-03
F:/Desktop/DeepOnet_Abaqus/StaticElasticJob6.odb,Step-1,Increment      1: Step Time =    1.000,"PLATE-1",          1924,             1,  -825.061E-03,   451.276E-03,            0.,"ASSEMBLY_PLATE-1__PICKEDSET2","ROCK","",      -1.00653,      -1.59150,      -1.58508,      -1.01295,  -60.9310E-03
F:/Desktop/DeepOnet_Abaqus/StaticElasticJob6.odb,Step-1,Increment      1: Step Time =    1.000,"PLATE-1",          1925,             1,  -826.430E-03,  -129.030E-03,            0.,"ASSEMBLY_PLATE-1__PICKEDSET2","ROCK","",      -1.06420,      -1.52129,      -1.51125,      -1.07424,   67.0137E-03
F:/Desktop/DeepOnet_Abaqus/StaticElasticJob6.odb,Step-1,Increment      1: Step Time =    1.000,"PLATE-1",          1926,             1,  -793.146E-03,  -278.962E-03,            0.,"ASSEMBLY_PLATE-1__PICKEDSET2","ROCK","",      -1.02670,      -1.58126,      -1.56332,      -1.04464,   98.1231E-03
F:/Desktop/DeepOnet_Abaqus/StaticElasticJob6.odb,Step-1,Increment      1: Step Time =    1.000,"PLATE-1",          1927,             1,  -722.135E-03,  -286.169E-03,            0.,"ASSEMBLY_PLATE-1__PICKEDSET2","ROCK","",      -1.01870,      -1.58745,      -1.56211,      -1.04404,   117.341E-03
F:/Desktop/DeepOnet_Abaqus/StaticElasticJob6.odb,Step-1,Increment      1: Step Time =    1.000,"PLATE-1",          1928,             1,  -743.878E-03,  -490.483E-03,            0.,"ASSEMBLY_PLATE-1__PICKEDSET2","ROCK","",  -988.850E-03,      -1.65335,      -1.63980,      -1.00241,   93.9451E-03
F:/Desktop/DeepOnet_Abaqus/StaticElasticJob6.odb,Step-1,Increment      1: Step Time =    1.000,"PLATE-1",          1929,             1,  -624.536E-03,  -512.183E-03,            0.,"ASSEMBLY_PLATE-1__PICKEDSET2","ROCK","",  -975.109E-03,      -1.68239,      -1.66665,  -990.851E-03,   104.338E-03
F:/Desktop/DeepOnet_Abaqus/StaticElasticJob6.odb,Step-1,Increment      1: Step Time =    1.000,"PLATE-1",          1930,             1,   484.222E-03,  -659.918E-03,            0.,"ASSEMBLY_PLATE-1__PICKEDSET2","ROCK","",  -975.233E-03,      -1.72688,      -1.72001,  -982.102E-03,  -71.5248E-03
F:/Desktop/DeepOnet_Abaqus/StaticElasticJob6.odb,Step-1,Increment      1: Step Time =    1.000,"PLATE-1",          1931,             1,  -26.9040E-03,   748.997E-03,            0.,"ASSEMBLY_PLATE-1__PICKEDSET2","ROCK","",  -991.272E-03,      -1.72484,      -1.71617,  -999.940E-03,   79.2669E-03
F:/Desktop/DeepOnet_Abaqus/StaticElasticJob6.odb,Step-1,Increment      1: Step Time =    1.000,"PLATE-1",          1932,             1,   658.672E-03,  -581.341E-03,            0.,"ASSEMBLY_PLATE-1__PICKEDSET2","ROCK","",  -993.462E-03,      -1.68680,      -1.67769,      -1.00257,  -78.9598E-03
F:/Desktop/DeepOnet_Abaqus/StaticElasticJob6.odb,Step-1,Increment      1: Step Time =    1.000,"PLATE-1",          1933,             1,   610.952E-03,  -586.159E-03,            0.,"ASSEMBLY_PLATE-1__PICKEDSET2","ROCK","",  -987.074E-03,      -1.69891,      -1.68929,  -996.693E-03,  -82.1900E-03
F:/Desktop/DeepOnet_Abaqus/StaticElasticJob6.odb,Step-1,Increment      1: Step Time =    1.000,"PLATE-1",          1934,             1,  -69.3783E-03,  -757.203E-03,            0.,"ASSEMBLY_PLATE-1__PICKEDSET2","ROCK","",  -952.588E-03,      -1.77489,      -1.77458,  -952.894E-03,   15.8664E-03
F:/Desktop/DeepOnet_Abaqus/StaticElasticJob6.odb,Step-1,Increment      1: Step Time =    1.000,"PLATE-1",          1935,             1,   963.615E-03,  -242.012E-03,            0.,"ASSEMBLY_PLATE-1__PICKEDSET2","ROCK","",      -1.06097,      -1.59338,      -1.59013,      -1.06422,  -41.4429E-03
F:/Desktop/DeepOnet_Abaqus/StaticElasticJob6.odb,Step-1,Increment      1: Step Time =    1.000,"PLATE-1",          1936,             1,   957.395E-03,   342.640E-03,            0.,"ASSEMBLY_PLATE-1__PICKEDSET2","ROCK","",      -1.05933,      -1.69142,      -1.67770,      -1.07304,   92.0959E-03
F:/Desktop/DeepOnet_Abaqus/StaticElasticJob6.odb,Step-1,Increment      1: Step Time =    1.000,"PLATE-1",          1937,             1,  -270.363E-03,  -717.235E-03,            0.,"ASSEMBLY_PLATE-1__PICKEDSET2","ROCK","",  -957.780E-03,      -1.75944,      -1.75636,  -960.860E-03,   49.5965E-03
F:/Desktop/DeepOnet_Abaqus/StaticElasticJob6.odb,Step-1,Increment      1: Step Time =    1.000,"PLATE-1",          1938,             1,   399.234E-03,  -670.771E-03,            0.,"ASSEMBLY_PLATE-1__PICKEDSET2","ROCK","",  -969.202E-03,      -1.74368,      -1.73761,  -975.270E-03,  -68.2868E-03
F:/Desktop/DeepOnet_Abaqus/StaticElasticJob6.odb,Step-1,Increment      1: Step Time =    1.000,"PLATE-1",          1939,             1,  -672.108E-03,   604.472E-03,            0.,"ASSEMBLY_PLATE-1__PICKEDSET2","ROCK","",  -974.252E-03,      -1.64321,      -1.63935,  -978.110E-03,  -50.6552E-03
F:/Desktop/DeepOnet_Abaqus/StaticElasticJob6.odb,Step-1,Increment      1: Step Time =    1.000,"PLATE-1",          1940,             1,  -618.531E-03,   596.755E-03,            0.,"ASSEMBLY_PLATE-1__PICKEDSET2","ROCK","",  -965.302E-03,      -1.65605,      -1.65188,  -969.480E-03,  -53.5572E-03
F:/Desktop/DeepOnet_Abaqus/StaticElasticJob6.odb,Step-1,Increment      1: Step Time =    1.000,"PLATE-1",          1941,             1,   180.268E-03,  -728.935E-03,            0.,"ASSEMBLY_PLATE-1__PICKEDSET2","ROCK","",  -955.690E-03,      -1.77286,      -1.77121,  -957.345E-03,  -36.7291E-03
F:/Desktop/DeepOnet_Abaqus/StaticElasticJob6.odb,Step-1,Increment      1: Step Time =    1.000,"PLATE-1",          1942,             1,   280.440E-03,  -774.696E-03,            0.,"ASSEMBLY_PLATE-1__PICKEDSET2","ROCK","",  -967.769E-03,      -1.74916,      -1.74711,  -969.825E-03,  -40.0278E-03
F:/Desktop/DeepOnet_Abaqus/StaticElasticJob6.odb,Step-1,Increment      1: Step Time =    1.000,"PLATE-1",          1943,             1,   348.618E-03,  -634.550E-03,            0.,"ASSEMBLY_PLATE-1__PICKEDSET2","ROCK","",  -961.515E-03,      -1.76028,      -1.75341,  -968.386E-03,  -73.7642E-03
F:/Desktop/DeepOnet_Abaqus/StaticElasticJob6.odb,Step-1,Increment      1: Step Time =    1.000,"PLATE-1",          1944,             1,   52.6796E-03,  -697.418E-03,            0.,"ASSEMBLY_PLATE-1__PICKEDSET2","ROCK","",  -939.441E-03,      -1.79885,      -1.79866,  -939.630E-03,  -12.7198E-03
F:/Desktop/DeepOnet_Abaqus/StaticElasticJob6.odb,Step-1,Increment      1: Step Time =    1.000,"PLATE-1",          1945,             1,  -834.515E-03,   527.397E-03,            0.,"ASSEMBLY_PLATE-1__PICKEDSET2","ROCK","",  -998.009E-03,      -1.60829,      -1.60363,      -1.00267,  -53.1326E-03
F:/Desktop/DeepOnet_Abaqus/StaticElasticJob6.odb,Step-1,Increment      1: Step Time =    1.000,"PLATE-1",          1946,             1,  -750.143E-03,   512.110E-03,            0.,"ASSEMBLY_PLATE-1__PICKEDSET2","ROCK","",  -987.902E-03,      -1.61713,      -1.61057,  -994.458E-03,  -63.8913E-03
F:/Desktop/DeepOnet_Abaqus/StaticElasticJob6.odb,Step-1,Increment      1: Step Time =    1.000,"PLATE-1",          1947,             1,   74.0512E-03,   870.307E-03,            0.,"ASSEMBLY_PLATE-1__PICKEDSET2","ROCK","",      -1.00117,      -1.66009,      -1.64585,      -1.01541,   95.7902E-03
F:/Desktop/DeepOnet_Abaqus/StaticElasticJob6.odb,Step-1,Increment      1: Step Time =    1.000,"PLATE-1",          1948,             1,   9.46918E-03,   842.700E-03,            0.,"ASSEMBLY_PLATE-1__PICKEDSET2","ROCK","",      -1.00196,      -1.67896,      -1.66698,      -1.01394,   89.2372E-03
F:/Desktop/DeepOnet_Abaqus/StaticElasticJob6.odb,Step-1,Increment      1: Step Time =    1.000,"PLATE-1",          1949,             1,  -526.189E-03,   701.063E-03,            0.,"ASSEMBLY_PLATE-1__PICKEDSET2","ROCK","",  -964.428E-03,      -1.67513,      -1.67446,  -965.102E-03,  -21.8753E-03
F:/Desktop/DeepOnet_Abaqus/StaticElasticJob6.odb,Step-1,Increment      1: Step Time =    1.000,"PLATE-1",          1950,             1,  -489.037E-03,   745.002E-03,            0.,"ASSEMBLY_PLATE-1__PICKEDSET2","ROCK","",  -968.322E-03,      -1.67615,      -1.67603,  -968.441E-03,  -9.15215E-03
F:/Desktop/DeepOnet_Abaqus/StaticElasticJob6.odb,Step-1,Increment      1: Step Time =    1.000,"PLATE-1",          1951,             1,   708.972E-03,  -571.957E-03,            0.,"ASSEMBLY_PLATE-1__PICKEDSET2","ROCK","",  -998.597E-03,      -1.67755,      -1.66864,      -1.00751,  -77.2627E-03
F:/Desktop/DeepOnet_Abaqus/StaticElasticJob6.odb,Step-1,Increment      1: Step Time =    1.000,"PLATE-1",          1952,             1,   698.159E-03,  -518.896E-03,            0.,"ASSEMBLY_PLATE-1__PICKEDSET2","ROCK","",      -1.00100,      -1.67252,      -1.66123,      -1.01230,  -86.3451E-03
F:/Desktop/DeepOnet_Abaqus/StaticElasticJob6.odb,Step-1,Increment      1: Step Time =    1.000,"PLATE-1",          1953,             1,   32.9451E-03,  -841.254E-03,            0.,"ASSEMBLY_PLATE-1__PICKEDSET2","ROCK","",  -966.415E-03,      -1.75139,      -1.75138,  -966.421E-03,  -2.17420E-03
F:/Desktop/DeepOnet_Abaqus/StaticElasticJob6.odb,Step-1,Increment      1: Step Time =    1.000,"PLATE-1",          1954,             1,  -122.799E-03,   730.646E-03,            0.,"ASSEMBLY_PLATE-1__PICKEDSET2","ROCK","",  -983.955E-03,      -1.73138,      -1.72613,  -989.205E-03,   62.4185E-03
F:/Desktop/DeepOnet_Abaqus/StaticElasticJob6.odb,Step-1,Increment      1: Step Time =    1.000,"PLATE-1",          1955,             1,  -899.433E-03,   348.444E-03,            0.,"ASSEMBLY_PLATE-1__PICKEDSET2","ROCK","",      -1.02966,      -1.56288,      -1.55835,      -1.03418,  -48.9045E-03
F:/Desktop/DeepOnet_Abaqus/StaticElasticJob6.odb,Step-1,Increment      1: Step Time =    1.000,"PLATE-1",          1956,             1,  -828.580E-03,   292.309E-03,            0.,"ASSEMBLY_PLATE-1__PICKEDSET2","ROCK","",      -1.03735,      -1.54412,      -1.53721,      -1.04425,  -58.7551E-03
F:/Desktop/DeepOnet_Abaqus/StaticElasticJob6.odb,Step-1,Increment      1: Step Time =    1.000,"PLATE-1",          1957,             1,  -441.659E-03,  -688.980E-03,            0.,"ASSEMBLY_PLATE-1__PICKEDSET2","ROCK","",  -965.718E-03,      -1.72880,      -1.72300,  -971.519E-03,   66.2800E-03
F:/Desktop/DeepOnet_Abaqus/StaticElasticJob6.odb,Step-1,Increment      1: Step Time =    1.000,"PLATE-1",          1958,             1,  -389.423E-03,  -741.007E-03,            0.,"ASSEMBLY_PLATE-1__PICKEDSET2","ROCK","",  -967.352E-03,      -1.73252,      -1.72869,  -971.179E-03,   53.9829E-03
F:/Desktop/DeepOnet_Abaqus/StaticElasticJob6.odb,Step-1,Increment      1: Step Time =    1.000,"PLATE-1",          1959,             1,  -635.182E-03,  -577.262E-03,            0.,"ASSEMBLY_PLATE-1__PICKEDSET2","ROCK","",  -974.727E-03,      -1.68853,      -1.67728,  -985.969E-03,   88.8732E-03
F:/Desktop/DeepOnet_Abaqus/StaticElasticJob6.odb,Step-1,Increment      1: Step Time =    1.000,"PLATE-1",          1960,             1,  -933.425E-03,  -252.052E-03,            0.,"ASSEMBLY_PLATE-1__PICKEDSET2","ROCK","",      -1.03473,      -1.57473,      -1.56556,      -1.04389,   69.7479E-03
F:/Desktop/DeepOnet_Abaqus/StaticElasticJob6.odb,Step-1,Increment      1: Step Time =    1.000,"PLATE-1",          1961,             1,  -862.874E-03,  -267.131E-03,            0.,"ASSEMBLY_PLATE-1__PICKEDSET2","ROCK","",      -1.03223,      -1.57471,      -1.56180,      -1.04514,   82.6660E-03
F:/Desktop/DeepOnet_Abaqus/StaticElasticJob6.odb,Step-1,Increment      1: Step Time =    1.000,"PLATE-1",          1962,             1,  -836.428E-03,   403.124E-03,            0.,"ASSEMBLY_PLATE-1__PICKEDSET2","ROCK","",      -1.01333,      -1.58100,      -1.57430,      -1.02003,  -61.3036E-03
F:/Desktop/DeepOnet_Abaqus/StaticElasticJob6.odb,Step-1,Increment      1: Step Time =    1.000,"PLATE-1",          1963,             1,  -805.160E-03,  -490.288E-03,            0.,"ASSEMBLY_PLATE-1__PICKEDSET2","ROCK","",  -994.903E-03,      -1.64199,      -1.63012,      -1.00677,   86.8342E-03
F:/Desktop/DeepOnet_Abaqus/StaticElasticJob6.odb,Step-1,Increment      1: Step Time =    1.000,"PLATE-1",          1964,             1,  -800.956E-03,  -348.089E-03,            0.,"ASSEMBLY_PLATE-1__PICKEDSET2","ROCK","",      -1.01339,      -1.60420,      -1.58746,      -1.03014,   98.0499E-03
F:/Desktop/DeepOnet_Abaqus/StaticElasticJob6.odb,Step-1,Increment      1: Step Time =    1.000,"PLATE-1",          1965,             1,   837.343E-03,  -310.530E-03,            0.,"ASSEMBLY_PLATE-1__PICKEDSET2","ROCK","",      -1.04955,      -1.60344,      -1.59380,      -1.05919,  -72.4053E-03
F:/Desktop/DeepOnet_Abaqus/StaticElasticJob6.odb,Step-1,Increment      1: Step Time =    1.000,"PLATE-1",          1966,             1,  -15.9451E-03,  -772.468E-03,            0.,"ASSEMBLY_PLATE-1__PICKEDSET2","ROCK","",  -953.508E-03,      -1.77476,      -1.77474,  -953.525E-03,   3.69600E-03
F:/Desktop/DeepOnet_Abaqus/StaticElasticJob6.odb,Step-1,Increment      1: Step Time =    1.000,"PLATE-1",          1967,             1,  -196.367E-03,  -820.598E-03,            0.,"ASSEMBLY_PLATE-1__PICKEDSET2","ROCK","",  -965.498E-03,      -1.74807,      -1.74707,  -966.492E-03,   27.8700E-03
F:/Desktop/DeepOnet_Abaqus/StaticElasticJob6.odb,Step-1,Increment      1: Step Time =    1.000,"PLATE-1",          1968,             1,  -615.336E-03,   651.197E-03,            0.,"ASSEMBLY_PLATE-1__PICKEDSET2","ROCK","",  -965.617E-03,      -1.66107,      -1.65864,  -968.040E-03,  -40.9771E-03
F:/Desktop/DeepOnet_Abaqus/StaticElasticJob6.odb,Step-1,Increment      1: Step Time =    1.000,"PLATE-1",          1969,             1,  -679.277E-03,   664.252E-03,            0.,"ASSEMBLY_PLATE-1__PICKEDSET2","ROCK","",  -976.312E-03,      -1.64557,      -1.64316,  -978.718E-03,  -40.0516E-03
F:/Desktop/DeepOnet_Abaqus/StaticElasticJob6.odb,Step-1,Increment      1: Step Time =    1.000,"PLATE-1",          1970,             1,  -254.035E-03,   822.607E-03,            0.,"ASSEMBLY_PLATE-1__PICKEDSET2","ROCK","",  -989.804E-03,      -1.68007,      -1.67761,  -992.267E-03,   41.1596E-03
F:/Desktop/DeepOnet_Abaqus/StaticElasticJob6.odb,Step-1,Increment      1: Step Time =    1.000,"PLATE-1",          1971,             1,  -418.489E-03,   750.870E-03,            0.,"ASSEMBLY_PLATE-1__PICKEDSET2","ROCK","",  -969.992E-03,      -1.68533,      -1.68528,  -970.045E-03,   6.15478E-03
F:/Desktop/DeepOnet_Abaqus/StaticElasticJob6.odb,Step-1,Increment      1: Step Time =    1.000,"PLATE-1",          1972,             1,  -319.485E-03,   809.851E-03,            0.,"ASSEMBLY_PLATE-1__PICKEDSET2","ROCK","",  -983.323E-03,      -1.68057,      -1.67943,  -984.471E-03,   28.2675E-03
F:/Desktop/DeepOnet_Abaqus/StaticElasticJob6.odb,Step-1,Increment      1: Step Time =    1.000,"PLATE-1",          1973,             1,  -257.103E-03,   752.024E-03,            0.,"ASSEMBLY_PLATE-1__PICKEDSET2","ROCK","",  -976.595E-03,      -1.70789,      -1.70581,  -978.668E-03,   38.8840E-03
F:/Desktop/DeepOnet_Abaqus/StaticElasticJob6.odb,Step-1,Increment      1: Step Time =    1.000,"PLATE-1",          1974,             1,   838.748E-03,  -518.132E-03,            0.,"ASSEMBLY_PLATE-1__PICKEDSET2","ROCK","",      -1.01462,      -1.65227,      -1.64465,      -1.02225,  -69.3153E-03
F:/Desktop/DeepOnet_Abaqus/StaticElasticJob6.odb,Step-1,Increment      1: Step Time =    1.000,"PLATE-1",          1975,             1,  -128.702E-03,  -873.502E-03,            0.,"ASSEMBLY_PLATE-1__PICKEDSET2","ROCK","",  -970.222E-03,      -1.74076,      -1.74048,  -970.505E-03,   14.7619E-03
F:/Desktop/DeepOnet_Abaqus/StaticElasticJob6.odb,Step-1,Increment      1: Step Time =    1.000,"PLATE-1",          1976,             1,  -881.109E-03,   157.427E-03,            0.,"ASSEMBLY_PLATE-1__PICKEDSET2","ROCK","",      -1.06542,      -1.51402,      -1.51280,      -1.06664,  -23.3154E-03
F:/Desktop/DeepOnet_Abaqus/StaticElasticJob6.odb,Step-1,Increment      1: Step Time =    1.000,"PLATE-1",          1977,             1,   416.519E-03,   858.751E-03,            0.,"ASSEMBLY_PLATE-1__PICKEDSET2","ROCK","",  -891.576E-03,      -1.75171,      -1.68338,  -959.913E-03,   232.614E-03
F:/Desktop/DeepOnet_Abaqus/StaticElasticJob6.odb,Step-1,Increment      1: Step Time =    1.000,"PLATE-1",          1978,             1,  -621.684E-03,   781.630E-03,            0.,"ASSEMBLY_PLATE-1__PICKEDSET2","ROCK","",  -979.793E-03,      -1.65154,      -1.65110,  -980.233E-03,  -17.1975E-03
F:/Desktop/DeepOnet_Abaqus/StaticElasticJob6.odb,Step-1,Increment      1: Step Time =    1.000,"PLATE-1",          1979,             1,       1.03323,  -133.151E-03,            0.,"ASSEMBLY_PLATE-1__PICKEDSET2","ROCK","",      -1.06818,      -1.59081,      -1.59047,      -1.06852,  -13.3824E-03
F:/Desktop/DeepOnet_Abaqus/StaticElasticJob6.odb,Step-1,Increment      1: Step Time =    1.000,"PLATE-1",          1980,             1,  -646.148E-03,  -646.412E-03,            0.,"ASSEMBLY_PLATE-1__PICKEDSET2","ROCK","",  -975.910E-03,      -1.68969,      -1.68182,  -983.774E-03,   74.5095E-03
F:/Desktop/DeepOnet_Abaqus/StaticElasticJob6.odb,Step-1,Increment      1: Step Time =    1.000,"PLATE-1",          1981,             1,  -878.993E-03,  -417.543E-03,            0.,"ASSEMBLY_PLATE-1__PICKEDSET2","ROCK","",      -1.00855,      -1.61729,      -1.60588,      -1.01995,   82.5469E-03
F:/Desktop/DeepOnet_Abaqus/StaticElasticJob6.odb,Step-1,Increment      1: Step Time =    1.000,"PLATE-1",          1982,             1,   892.041E-03,  -422.140E-03,            0.,"ASSEMBLY_PLATE-1__PICKEDSET2","ROCK","",      -1.03126,      -1.62857,      -1.62169,      -1.03814,  -63.7505E-03
F:/Desktop/DeepOnet_Abaqus/StaticElasticJob6.odb,Step-1,Increment      1: Step Time =    1.000,"PLATE-1",          1983,             1,  -891.353E-03,   97.2055E-03,            0.,"ASSEMBLY_PLATE-1__PICKEDSET2","ROCK","",      -1.07384,      -1.50417,      -1.50398,      -1.07403,  -9.01482E-03
F:/Desktop/DeepOnet_Abaqus/StaticElasticJob6.odb,Step-1,Increment      1: Step Time =    1.000,"PLATE-1",          1984,             1,   231.325E-03,  -729.602E-03,            0.,"ASSEMBLY_PLATE-1__PICKEDSET2","ROCK","",  -959.461E-03,      -1.76526,      -1.76316,  -961.568E-03,  -41.1486E-03
F:/Desktop/DeepOnet_Abaqus/StaticElasticJob6.odb,Step-1,Increment      1: Step Time =    1.000,"PLATE-1",          1985,             1,   121.425E-03,  -806.479E-03,            0.,"ASSEMBLY_PLATE-1__PICKEDSET2","ROCK","",  -964.354E-03,      -1.75598,      -1.75561,  -964.724E-03,  -17.1218E-03
F:/Desktop/DeepOnet_Abaqus/StaticElasticJob6.odb,Step-1,Increment      1: Step Time =    1.000,"PLATE-1",          1986,             1,      -1.02446,  -370.538E-03,            0.,"ASSEMBLY_PLATE-1__PICKEDSET2","ROCK","",      -1.01873,      -1.60336,      -1.59600,      -1.02610,   65.2073E-03
F:/Desktop/DeepOnet_Abaqus/StaticElasticJob6.odb,Step-1,Increment      1: Step Time =    1.000,"PLATE-1",          1987,             1,  -949.734E-03,  -425.409E-03,            0.,"ASSEMBLY_PLATE-1__PICKEDSET2","ROCK","",      -1.01138,      -1.61489,      -1.60605,      -1.02022,   72.4844E-03
F:/Desktop/DeepOnet_Abaqus/StaticElasticJob6.odb,Step-1,Increment      1: Step Time =    1.000,"PLATE-1",          1988,             1,  -207.170E-03,  -611.969E-03,            0.,"ASSEMBLY_PLATE-1__PICKEDSET2","ROCK","",  -933.905E-03,      -1.80667,      -1.80046,  -940.114E-03,   73.3526E-03
F:/Desktop/DeepOnet_Abaqus/StaticElasticJob6.odb,Step-1,Increment      1: Step Time =    1.000,"PLATE-1",          1989,             1,       1.04040,  -217.966E-03,            0.,"ASSEMBLY_PLATE-1__PICKEDSET2","ROCK","",      -1.05850,      -1.59922,      -1.59788,      -1.05984,  -26.8866E-03
F:/Desktop/DeepOnet_Abaqus/StaticElasticJob6.odb,Step-1,Increment      1: Step Time =    1.000,"PLATE-1",          1990,             1,  -53.6916E-03,   848.775E-03,            0.,"ASSEMBLY_PLATE-1__PICKEDSET2","ROCK","",      -1.00319,      -1.67591,      -1.66685,      -1.01226,   77.5657E-03
F:/Desktop/DeepOnet_Abaqus/StaticElasticJob6.odb,Step-1,Increment      1: Step Time =    1.000,"PLATE-1",          1991,             1,  -249.198E-03,   904.755E-03,            0.,"ASSEMBLY_PLATE-1__PICKEDSET2","ROCK","",      -1.00322,      -1.65328,      -1.65049,      -1.00601,   42.5105E-03
F:/Desktop/DeepOnet_Abaqus/StaticElasticJob6.odb,Step-1,Increment      1: Step Time =    1.000,"PLATE-1",          1992,             1,   330.260E-03,  -734.230E-03,            0.,"ASSEMBLY_PLATE-1__PICKEDSET2","ROCK","",  -968.322E-03,      -1.74761,      -1.74436,  -971.578E-03,  -50.2714E-03
F:/Desktop/DeepOnet_Abaqus/StaticElasticJob6.odb,Step-1,Increment      1: Step Time =    1.000,"PLATE-1",          1993,             1,  -750.122E-03,   654.769E-03,            0.,"ASSEMBLY_PLATE-1__PICKEDSET2","ROCK","",  -983.542E-03,      -1.63446,      -1.63189,  -986.116E-03,  -40.8500E-03
F:/Desktop/DeepOnet_Abaqus/StaticElasticJob6.odb,Step-1,Increment      1: Step Time =    1.000,"PLATE-1",          1994,             1,  -273.566E-03,  -791.012E-03,            0.,"ASSEMBLY_PLATE-1__PICKEDSET2","ROCK","",  -965.705E-03,      -1.74369,      -1.74178,  -967.620E-03,   38.5575E-03
F:/Desktop/DeepOnet_Abaqus/StaticElasticJob6.odb,Step-1,Increment      1: Step Time =    1.000,"PLATE-1",          1995,             1,  -407.444E-03,   830.632E-03,            0.,"ASSEMBLY_PLATE-1__PICKEDSET2","ROCK","",  -983.077E-03,      -1.66832,      -1.66795,  -983.443E-03,   15.8442E-03
F:/Desktop/DeepOnet_Abaqus/StaticElasticJob6.odb,Step-1,Increment      1: Step Time =    1.000,"PLATE-1",          1996,             1,  -533.517E-03,   867.124E-03,            0.,"ASSEMBLY_PLATE-1__PICKEDSET2","ROCK","",  -986.465E-03,      -1.65086,      -1.65086,  -986.465E-03,   572.851E-06
F:/Desktop/DeepOnet_Abaqus/StaticElasticJob6.odb,Step-1,Increment      1: Step Time =    1.000,"PLATE-1",          1997,             1,  -767.444E-03,   306.297E-03,            0.,"ASSEMBLY_PLATE-1__PICKEDSET2","ROCK","",      -1.02867,      -1.54828,      -1.53740,      -1.03954,  -74.3729E-03
F:/Desktop/DeepOnet_Abaqus/StaticElasticJob6.odb,Step-1,Increment      1: Step Time =    1.000,"PLATE-1",          1998,             1,   612.694E-03,  -639.637E-03,            0.,"ASSEMBLY_PLATE-1__PICKEDSET2","ROCK","",  -987.588E-03,      -1.69918,      -1.69193,  -994.834E-03,  -71.4420E-03
F:/Desktop/DeepOnet_Abaqus/StaticElasticJob6.odb,Step-1,Increment      1: Step Time =    1.000,"PLATE-1",          1999,             1,  -25.6312E-03,  -840.474E-03,            0.,"ASSEMBLY_PLATE-1__PICKEDSET2","ROCK","",  -966.298E-03,      -1.75076,      -1.75074,  -966.317E-03,   3.86687E-03
F:/Desktop/DeepOnet_Abaqus/StaticElasticJob6.odb,Step-1,Increment      1: Step Time =    1.000,"PLATE-1",          2000,             1,  -710.961E-03,  -629.770E-03,            0.,"ASSEMBLY_PLATE-1__PICKEDSET2","ROCK","",  -980.659E-03,      -1.67661,      -1.66836,  -988.912E-03,   75.3381E-03
F:/Desktop/DeepOnet_Abaqus/StaticElasticJob6.odb,Step-1,Increment      1: Step Time =    1.000,"PLATE-1",          2001,             1,  -961.424E-03,   221.768E-03,            0.,"ASSEMBLY_PLATE-1__PICKEDSET2","ROCK","",      -1.05066,      -1.54015,      -1.53890,      -1.05192,  -24.7431E-03
F:/Desktop/DeepOnet_Abaqus/StaticElasticJob6.odb,Step-1,Increment      1: Step Time =    1.000,"PLATE-1",          2002,             1,   366.811E-03,  -795.395E-03,            0.,"ASSEMBLY_PLATE-1__PICKEDSET2","ROCK","",  -975.091E-03,      -1.73212,      -1.72985,  -977.366E-03,  -41.4399E-03
F:/Desktop/DeepOnet_Abaqus/StaticElasticJob6.odb,Step-1,Increment      1: Step Time =    1.000,"PLATE-1",          2003,             1,  -272.480E-03,  -855.955E-03,            0.,"ASSEMBLY_PLATE-1__PICKEDSET2","ROCK","",  -971.933E-03,      -1.73119,      -1.73007,  -973.052E-03,   29.1343E-03
F:/Desktop/DeepOnet_Abaqus/StaticElasticJob6.odb,Step-1,Increment      1: Step Time =    1.000,"PLATE-1",          2004,             1,  -662.796E-03,   727.806E-03,            0.,"ASSEMBLY_PLATE-1__PICKEDSET2","ROCK","",  -977.319E-03,      -1.64941,      -1.64822,  -978.508E-03,  -28.2434E-03
F:/Desktop/DeepOnet_Abaqus/StaticElasticJob6.odb,Step-1,Increment      1: Step Time =    1.000,"PLATE-1",          2005,             1,  -532.840E-03,   784.433E-03,            0.,"ASSEMBLY_PLATE-1__PICKEDSET2","ROCK","",  -975.923E-03,      -1.66296,      -1.66286,  -976.027E-03,  -8.46217E-03
F:/Desktop/DeepOnet_Abaqus/StaticElasticJob6.odb,Step-1,Increment      1: Step Time =    1.000,"PLATE-1",          2006,             1,  -368.289E-03,       1.02371,            0.,"ASSEMBLY_PLATE-1__PICKEDSET2","ROCK","",      -1.00993,      -1.62650,      -1.62581,      -1.01063,   20.7557E-03
F:/Desktop/DeepOnet_Abaqus/StaticElasticJob6.odb,Step-1,Increment      1: Step Time =    1.000,"PLATE-1",          2007,             1,  -709.992E-03,  -696.643E-03,            0.,"ASSEMBLY_PLATE-1__PICKEDSET2","ROCK","",  -979.455E-03,      -1.68245,      -1.67641,  -985.497E-03,   64.8909E-03
F:/Desktop/DeepOnet_Abaqus/StaticElasticJob6.odb,Step-1,Increment      1: Step Time =    1.000,"PLATE-1",          2008,             1,   473.910E-03,  -766.821E-03,            0.,"ASSEMBLY_PLATE-1__PICKEDSET2","ROCK","",  -978.996E-03,      -1.72193,      -1.71842,  -982.513E-03,  -50.9979E-03
F:/Desktop/DeepOnet_Abaqus/StaticElasticJob6.odb,Step-1,Increment      1: Step Time =    1.000,"PLATE-1",          2009,             1,   103.023E-03,  -884.850E-03,            0.,"ASSEMBLY_PLATE-1__PICKEDSET2","ROCK","",  -972.532E-03,      -1.73999,      -1.73987,  -972.653E-03,  -9.64238E-03
F:/Desktop/DeepOnet_Abaqus/StaticElasticJob6.odb,Step-1,Increment      1: Step Time =    1.000,"PLATE-1",          2010,             1,   77.1814E-03,  -826.659E-03,            0.,"ASSEMBLY_PLATE-1__PICKEDSET2","ROCK","",  -964.899E-03,      -1.75511,      -1.75493,  -965.076E-03,  -11.8438E-03
F:/Desktop/DeepOnet_Abaqus/StaticElasticJob6.odb,Step-1,Increment      1: Step Time =    1.000,"PLATE-1",          2011,             1,   754.799E-03,  -676.200E-03,            0.,"ASSEMBLY_PLATE-1__PICKEDSET2","ROCK","",  -997.296E-03,      -1.67955,      -1.67436,      -1.00249,  -59.2875E-03
F:/Desktop/DeepOnet_Abaqus/StaticElasticJob6.odb,Step-1,Increment      1: Step Time =    1.000,"PLATE-1",          2012,             1,  -965.936E-03,   284.387E-03,            0.,"ASSEMBLY_PLATE-1__PICKEDSET2","ROCK","",      -1.04065,      -1.55257,      -1.55021,      -1.04301,  -34.6570E-03
F:/Desktop/DeepOnet_Abaqus/StaticElasticJob6.odb,Step-1,Increment      1: Step Time =    1.000,"PLATE-1",          2013,             1,  -837.169E-03,   349.474E-03,            0.,"ASSEMBLY_PLATE-1__PICKEDSET2","ROCK","",      -1.02454,      -1.56373,      -1.55671,      -1.03156,  -61.1306E-03
F:/Desktop/DeepOnet_Abaqus/StaticElasticJob6.odb,Step-1,Increment      1: Step Time =    1.000,"PLATE-1",          2014,             1,  -958.095E-03,   160.525E-03,            0.,"ASSEMBLY_PLATE-1__PICKEDSET2","ROCK","",      -1.05830,      -1.53032,      -1.52985,      -1.05876,  -14.7853E-03
F:/Desktop/DeepOnet_Abaqus/StaticElasticJob6.odb,Step-1,Increment      1: Step Time =    1.000,"PLATE-1",          2015,             1,  -770.485E-03,  -701.366E-03,            0.,"ASSEMBLY_PLATE-1__PICKEDSET2","ROCK","",  -983.169E-03,      -1.67387,      -1.66822,  -988.824E-03,   62.2390E-03
F:/Desktop/DeepOnet_Abaqus/StaticElasticJob6.odb,Step-1,Increment      1: Step Time =    1.000,"PLATE-1",          2016,             1,  -849.443E-03,  -197.501E-03,            0.,"ASSEMBLY_PLATE-1__PICKEDSET2","ROCK","",      -1.04609,      -1.55287,      -1.54124,      -1.05772,   75.8751E-03
F:/Desktop/DeepOnet_Abaqus/StaticElasticJob6.odb,Step-1,Increment      1: Step Time =    1.000,"PLATE-1",          2017,             1,  -905.063E-03,  -105.083E-03,            0.,"ASSEMBLY_PLATE-1__PICKEDSET2","ROCK","",      -1.06256,      -1.52821,      -1.52291,      -1.06786,   49.3786E-03
F:/Desktop/DeepOnet_Abaqus/StaticElasticJob6.odb,Step-1,Increment      1: Step Time =    1.000,"PLATE-1",          2018,             1,   146.976E-03,  -862.923E-03,            0.,"ASSEMBLY_PLATE-1__PICKEDSET2","ROCK","",  -971.893E-03,      -1.74149,      -1.74111,  -972.274E-03,  -17.1245E-03
F:/Desktop/DeepOnet_Abaqus/StaticElasticJob6.odb,Step-1,Increment      1: Step Time =    1.000,"PLATE-1",          2019,             1,   84.2781E-03,  -974.825E-03,            0.,"ASSEMBLY_PLATE-1__PICKEDSET2","ROCK","",  -980.177E-03,      -1.72447,      -1.72443,  -980.224E-03,  -5.89536E-03
F:/Desktop/DeepOnet_Abaqus/StaticElasticJob6.odb,Step-1,Increment      1: Step Time =    1.000,"PLATE-1",          2020,             1,  -577.415E-03,   826.320E-03,            0.,"ASSEMBLY_PLATE-1__PICKEDSET2","ROCK","",  -981.505E-03,      -1.65331,      -1.65320,  -981.611E-03,  -8.43892E-03
F:/Desktop/DeepOnet_Abaqus/StaticElasticJob6.odb,Step-1,Increment      1: Step Time =    1.000,"PLATE-1",          2021,             1,  -620.381E-03,   875.030E-03,            0.,"ASSEMBLY_PLATE-1__PICKEDSET2","ROCK","",  -987.862E-03,      -1.64406,      -1.64398,  -987.949E-03,  -7.55555E-03
F:/Desktop/DeepOnet_Abaqus/StaticElasticJob6.odb,Step-1,Increment      1: Step Time =    1.000,"PLATE-1",          2022,             1,  -792.932E-03,  -559.057E-03,            0.,"ASSEMBLY_PLATE-1__PICKEDSET2","ROCK","",  -988.277E-03,      -1.65720,      -1.64736,  -998.112E-03,   80.5145E-03
F:/Desktop/DeepOnet_Abaqus/StaticElasticJob6.odb,Step-1,Increment      1: Step Time =    1.000,"PLATE-1",          2023,             1,  -862.326E-03,  -570.807E-03,            0.,"ASSEMBLY_PLATE-1__PICKEDSET2","ROCK","",  -992.747E-03,      -1.64941,      -1.64117,      -1.00098,   73.0647E-03
F:/Desktop/DeepOnet_Abaqus/StaticElasticJob6.odb,Step-1,Increment      1: Step Time =    1.000,"PLATE-1",          2024,             1,   273.555E-03,  -883.998E-03,            0.,"ASSEMBLY_PLATE-1__PICKEDSET2","ROCK","",  -977.539E-03,      -1.72934,      -1.72847,  -978.416E-03,  -25.6548E-03
F:/Desktop/DeepOnet_Abaqus/StaticElasticJob6.odb,Step-1,Increment      1: Step Time =    1.000,"PLATE-1",          2025,             1,   408.082E-03,  -758.791E-03,            0.,"ASSEMBLY_PLATE-1__PICKEDSET2","ROCK","",  -974.953E-03,      -1.73267,      -1.72932,  -978.310E-03,  -50.3250E-03
F:/Desktop/DeepOnet_Abaqus/StaticElasticJob6.odb,Step-1,Increment      1: Step Time =    1.000,"PLATE-1",          2026,             1,   110.294E-03,  -750.382E-03,            0.,"ASSEMBLY_PLATE-1__PICKEDSET2","ROCK","",  -953.295E-03,      -1.77529,      -1.77485,  -953.734E-03,  -19.0061E-03
F:/Desktop/DeepOnet_Abaqus/StaticElasticJob6.odb,Step-1,Increment      1: Step Time =    1.000,"PLATE-1",          2027,             1,  -974.613E-03,   406.373E-03,            0.,"ASSEMBLY_PLATE-1__PICKEDSET2","ROCK","",      -1.02331,      -1.57795,      -1.57496,      -1.02630,  -40.5963E-03
F:/Desktop/DeepOnet_Abaqus/StaticElasticJob6.odb,Step-1,Increment      1: Step Time =    1.000,"PLATE-1",          2028,             1,   666.631E-03,  -635.901E-03,            0.,"ASSEMBLY_PLATE-1__PICKEDSET2","ROCK","",  -993.217E-03,      -1.68762,      -1.68065,      -1.00019,  -69.2365E-03
F:/Desktop/DeepOnet_Abaqus/StaticElasticJob6.odb,Step-1,Increment      1: Step Time =    1.000,"PLATE-1",          2029,             1,   140.323E-03,  -943.133E-03,            0.,"ASSEMBLY_PLATE-1__PICKEDSET2","ROCK","",  -978.521E-03,      -1.72828,      -1.72810,  -978.700E-03,  -11.5756E-03
F:/Desktop/DeepOnet_Abaqus/StaticElasticJob6.odb,Step-1,Increment      1: Step Time =    1.000,"PLATE-1",          2030,             1,  -76.5782E-03,  -939.662E-03,            0.,"ASSEMBLY_PLATE-1__PICKEDSET2","ROCK","",  -976.327E-03,      -1.73020,      -1.73013,  -976.406E-03,   7.67712E-03
F:/Desktop/DeepOnet_Abaqus/StaticElasticJob6.odb,Step-1,Increment      1: Step Time =    1.000,"PLATE-1",          2031,             1,  -174.109E-03,  -920.207E-03,            0.,"ASSEMBLY_PLATE-1__PICKEDSET2","ROCK","",  -975.762E-03,      -1.72845,      -1.72806,  -976.158E-03,   17.2495E-03
F:/Desktop/DeepOnet_Abaqus/StaticElasticJob6.odb,Step-1,Increment      1: Step Time =    1.000,"PLATE-1",          2032,             1,   848.745E-03,  -662.037E-03,            0.,"ASSEMBLY_PLATE-1__PICKEDSET2","ROCK","",      -1.00356,      -1.66749,      -1.66287,      -1.00819,  -55.2103E-03
F:/Desktop/DeepOnet_Abaqus/StaticElasticJob6.odb,Step-1,Increment      1: Step Time =    1.000,"PLATE-1",          2033,             1,   323.697E-03,  -948.070E-03,            0.,"ASSEMBLY_PLATE-1__PICKEDSET2","ROCK","",  -983.376E-03,      -1.71641,      -1.71568,  -984.108E-03,  -23.1457E-03
F:/Desktop/DeepOnet_Abaqus/StaticElasticJob6.odb,Step-1,Increment      1: Step Time =    1.000,"PLATE-1",          2034,             1,   710.356E-03,  -726.062E-03,            0.,"ASSEMBLY_PLATE-1__PICKEDSET2","ROCK","",  -993.561E-03,      -1.68624,      -1.68190,  -997.900E-03,  -54.6500E-03
F:/Desktop/DeepOnet_Abaqus/StaticElasticJob6.odb,Step-1,Increment      1: Step Time =    1.000,"PLATE-1",          2035,             1,   770.109E-03,  -769.778E-03,            0.,"ASSEMBLY_PLATE-1__PICKEDSET2","ROCK","",  -996.468E-03,      -1.68041,      -1.67698,  -999.896E-03,  -48.3030E-03
F:/Desktop/DeepOnet_Abaqus/StaticElasticJob6.odb,Step-1,Increment      1: Step Time =    1.000,"PLATE-1",          2036,             1,   214.234E-03,  -908.623E-03,            0.,"ASSEMBLY_PLATE-1__PICKEDSET2","ROCK","",  -977.559E-03,      -1.73021,      -1.72969,  -978.075E-03,  -19.6952E-03
F:/Desktop/DeepOnet_Abaqus/StaticElasticJob6.odb,Step-1,Increment      1: Step Time =    1.000,"PLATE-1",          2037,             1,   818.527E-03,  -575.229E-03,            0.,"ASSEMBLY_PLATE-1__PICKEDSET2","ROCK","",      -1.00797,      -1.66128,      -1.65467,      -1.01459,  -65.4147E-03
F:/Desktop/DeepOnet_Abaqus/StaticElasticJob6.odb,Step-1,Increment      1: Step Time =    1.000,"PLATE-1",          2038,             1,   105.918E-03,      -1.12951,            0.,"ASSEMBLY_PLATE-1__PICKEDSET2","ROCK","",  -989.793E-03,      -1.70297,      -1.70294,  -989.827E-03,  -4.93232E-03
F:/Desktop/DeepOnet_Abaqus/StaticElasticJob6.odb,Step-1,Increment      1: Step Time =    1.000,"PLATE-1",          2039,             1,   42.7324E-03,      -1.12770,            0.,"ASSEMBLY_PLATE-1__PICKEDSET2","ROCK","",  -989.116E-03,      -1.70402,      -1.70401,  -989.124E-03,  -2.33683E-03
F:/Desktop/DeepOnet_Abaqus/StaticElasticJob6.odb,Step-1,Increment      1: Step Time =    1.000,"PLATE-1",          2040,             1,   426.302E-03,  -943.522E-03,            0.,"ASSEMBLY_PLATE-1__PICKEDSET2","ROCK","",  -985.999E-03,      -1.70875,      -1.70766,  -987.086E-03,  -28.0128E-03
F:/Desktop/DeepOnet_Abaqus/StaticElasticJob6.odb,Step-1,Increment      1: Step Time =    1.000,"PLATE-1",          2041,             1,   411.447E-03,  -846.936E-03,            0.,"ASSEMBLY_PLATE-1__PICKEDSET2","ROCK","",  -981.034E-03,      -1.71991,      -1.71796,  -982.988E-03,  -37.9444E-03
F:/Desktop/DeepOnet_Abaqus/StaticElasticJob6.odb,Step-1,Increment      1: Step Time =    1.000,"PLATE-1",          2042,             1,   192.169E-03,  -844.916E-03,            0.,"ASSEMBLY_PLATE-1__PICKEDSET2","ROCK","",  -971.210E-03,      -1.74261,      -1.74194,  -971.886E-03,  -22.8205E-03
F:/Desktop/DeepOnet_Abaqus/StaticElasticJob6.odb,Step-1,Increment      1: Step Time =    1.000,"PLATE-1",          2043,             1,   463.629E-03,  -890.985E-03,            0.,"ASSEMBLY_PLATE-1__PICKEDSET2","ROCK","",  -984.710E-03,      -1.70995,      -1.70834,  -986.320E-03,  -34.1292E-03
F:/Desktop/DeepOnet_Abaqus/StaticElasticJob6.odb,Step-1,Increment      1: Step Time =    1.000,"PLATE-1",          2044,             1,   541.575E-03,  -698.708E-03,            0.,"ASSEMBLY_PLATE-1__PICKEDSET2","ROCK","",  -983.234E-03,      -1.71061,      -1.70511,  -988.731E-03,  -62.9965E-03
F:/Desktop/DeepOnet_Abaqus/StaticElasticJob6.odb,Step-1,Increment      1: Step Time =    1.000,"PLATE-1",          2045,             1,  -17.0873E-03,      -1.06710,            0.,"ASSEMBLY_PLATE-1__PICKEDSET2","ROCK","",  -985.559E-03,      -1.71146,      -1.71146,  -985.561E-03,   1.03582E-03
F:/Desktop/DeepOnet_Abaqus/StaticElasticJob6.odb,Step-1,Increment      1: Step Time =    1.000,"PLATE-1",          2046,             1,   496.334E-03,  -839.423E-03,            0.,"ASSEMBLY_PLATE-1__PICKEDSET2","ROCK","",  -984.356E-03,      -1.71052,      -1.70813,  -986.740E-03,  -41.5367E-03
F:/Desktop/DeepOnet_Abaqus/StaticElasticJob6.odb,Step-1,Increment      1: Step Time =    1.000,"PLATE-1",          2047,             1,   642.309E-03,  -840.374E-03,            0.,"ASSEMBLY_PLATE-1__PICKEDSET2","ROCK","",  -990.333E-03,      -1.69364,      -1.69103,  -992.937E-03,  -42.7153E-03
F:/Desktop/DeepOnet_Abaqus/StaticElasticJob6.odb,Step-1,Increment      1: Step Time =    1.000,"PLATE-1",          2048,             1,   578.030E-03,  -805.356E-03,            0.,"ASSEMBLY_PLATE-1__PICKEDSET2","ROCK","",  -986.591E-03,      -1.70333,      -1.70022,  -989.698E-03,  -47.0912E-03
F:/Desktop/DeepOnet_Abaqus/StaticElasticJob6.odb,Step-1,Increment      1: Step Time =    1.000,"PLATE-1",          2049,             1,   504.663E-03,  -737.121E-03,            0.,"ASSEMBLY_PLATE-1__PICKEDSET2","ROCK","",  -981.276E-03,      -1.71507,      -1.71061,  -985.740E-03,  -57.0539E-03
F:/Desktop/DeepOnet_Abaqus/StaticElasticJob6.odb,Step-1,Increment      1: Step Time =    1.000,"PLATE-1",          2050,             1,   552.287E-03,  -869.934E-03,            0.,"ASSEMBLY_PLATE-1__PICKEDSET2","ROCK","",  -987.200E-03,      -1.70229,      -1.70024,  -989.253E-03,  -38.2643E-03
F:/Desktop/DeepOnet_Abaqus/StaticElasticJob6.odb,Step-1,Increment      1: Step Time =    1.000,"PLATE-1",          2051,             1,   581.126E-03,  -966.014E-03,            0.,"ASSEMBLY_PLATE-1__PICKEDSET2","ROCK","",  -990.736E-03,      -1.69440,      -1.69310,  -992.040E-03,  -30.2573E-03
F:/Desktop/DeepOnet_Abaqus/StaticElasticJob6.odb,Step-1,Increment      1: Step Time =    1.000,"PLATE-1",          2052,             1,   446.960E-03,  -804.610E-03,            0.,"ASSEMBLY_PLATE-1__PICKEDSET2","ROCK","",  -979.935E-03,      -1.71996,      -1.71734,  -982.562E-03,  -44.0092E-03
F:/Desktop/DeepOnet_Abaqus/StaticElasticJob6.odb,Step-1,Increment      1: Step Time =    1.000,"PLATE-1",          2053,             1,      -1.14615,   281.092E-03,            0.,"ASSEMBLY_PLATE-1__PICKEDSET2","ROCK","",      -1.03763,      -1.56753,      -1.56707,      -1.03809,  -15.6060E-03
F:/Desktop/DeepOnet_Abaqus/StaticElasticJob6.odb,Step-1,Increment      1: Step Time =    1.000,"PLATE-1",          2054,             1,  -993.441E-03,  -168.908E-03,            0.,"ASSEMBLY_PLATE-1__PICKEDSET2","ROCK","",      -1.04638,      -1.55755,      -1.55216,      -1.05177,   52.2037E-03
F:/Desktop/DeepOnet_Abaqus/StaticElasticJob6.odb,Step-1,Increment      1: Step Time =    1.000,"PLATE-1",          2055,             1,  -41.9707E-03,      -1.00875,            0.,"ASSEMBLY_PLATE-1__PICKEDSET2","ROCK","",  -981.782E-03,      -1.71921,      -1.71920,  -981.793E-03,   2.80700E-03
F:/Desktop/DeepOnet_Abaqus/StaticElasticJob6.odb,Step-1,Increment      1: Step Time =    1.000,"PLATE-1",          2056,             1,   691.442E-03,   993.737E-03,            0.,"ASSEMBLY_PLATE-1__PICKEDSET2","ROCK","",  -547.566E-03,      -1.99184,      -1.44890,      -1.09051,   699.551E-03
F:/Desktop/DeepOnet_Abaqus/StaticElasticJob6.odb,Step-1,Increment      1: Step Time =    1.000,"PLATE-1",          2057,             1,  -806.224E-03,  -419.087E-03,            0.,"ASSEMBLY_PLATE-1__PICKEDSET2","ROCK","",      -1.00217,      -1.62673,      -1.61221,      -1.01668,   94.1009E-03
F:/Desktop/DeepOnet_Abaqus/StaticElasticJob6.odb,Step-1,Increment      1: Step Time =    1.000,"PLATE-1",          2058,             1,   282.604E-03,      -1.01626,            0.,"ASSEMBLY_PLATE-1__PICKEDSET2","ROCK","",  -986.116E-03,      -1.71090,      -1.71050,  -986.516E-03,  -17.0308E-03
F:/Desktop/DeepOnet_Abaqus/StaticElasticJob6.odb,Step-1,Increment      1: Step Time =    1.000,"PLATE-1",          2059,             1,  -14.7440E-03,      -1.12078,            0.,"ASSEMBLY_PLATE-1__PICKEDSET2","ROCK","",  -988.406E-03,      -1.70497,      -1.70497,  -988.407E-03,   459.408E-06
F:/Desktop/DeepOnet_Abaqus/StaticElasticJob6.odb,Step-1,Increment      1: Step Time =    1.000,"PLATE-1",          2060,             1,   844.088E-03,   797.418E-03,            0.,"ASSEMBLY_PLATE-1__PICKEDSET2","ROCK","",      -1.13117,      -2.31395,      -2.31063,      -1.13449,   62.5273E-03
F:/Desktop/DeepOnet_Abaqus/StaticElasticJob6.odb,Step-1,Increment      1: Step Time =    1.000,"PLATE-1",          2061,             1,  -723.824E-03,   890.665E-03,            0.,"ASSEMBLY_PLATE-1__PICKEDSET2","ROCK","",  -991.568E-03,      -1.63524,      -1.63492,  -991.897E-03,  -14.5312E-03
F:/Desktop/DeepOnet_Abaqus/StaticElasticJob6.odb,Step-1,Increment      1: Step Time =    1.000,"PLATE-1",          2062,             1,   944.476E-03,  -633.879E-03,            0.,"ASSEMBLY_PLATE-1__PICKEDSET2","ROCK","",      -1.00968,      -1.65680,      -1.65290,      -1.01357,  -50.0500E-03
F:/Desktop/DeepOnet_Abaqus/StaticElasticJob6.odb,Step-1,Increment      1: Step Time =    1.000,"PLATE-1",          2063,             1,   880.147E-03,  -602.495E-03,            0.,"ASSEMBLY_PLATE-1__PICKEDSET2","ROCK","",      -1.00968,      -1.65834,      -1.65327,      -1.01475,  -57.1340E-03
F:/Desktop/DeepOnet_Abaqus/StaticElasticJob6.odb,Step-1,Increment      1: Step Time =    1.000,"PLATE-1",          2064,             1,  -221.102E-03,  -873.512E-03,            0.,"ASSEMBLY_PLATE-1__PICKEDSET2","ROCK","",  -972.684E-03,      -1.73248,      -1.73172,  -973.447E-03,   24.0649E-03
F:/Desktop/DeepOnet_Abaqus/StaticElasticJob6.odb,Step-1,Increment      1: Step Time =    1.000,"PLATE-1",          2065,             1,  -131.821E-03,  -979.096E-03,            0.,"ASSEMBLY_PLATE-1__PICKEDSET2","ROCK","",  -979.605E-03,      -1.72132,      -1.72116,  -979.764E-03,   10.8515E-03
F:/Desktop/DeepOnet_Abaqus/StaticElasticJob6.odb,Step-1,Increment      1: Step Time =    1.000,"PLATE-1",          2066,             1,  -383.514E-03,  -890.122E-03,            0.,"ASSEMBLY_PLATE-1__PICKEDSET2","ROCK","",  -976.251E-03,      -1.71639,      -1.71492,  -977.722E-03,   32.9577E-03
F:/Desktop/DeepOnet_Abaqus/StaticElasticJob6.odb,Step-1,Increment      1: Step Time =    1.000,"PLATE-1",          2067,             1,  -327.558E-03,  -867.928E-03,            0.,"ASSEMBLY_PLATE-1__PICKEDSET2","ROCK","",  -973.841E-03,      -1.72513,      -1.72379,  -975.179E-03,   31.6864E-03
F:/Desktop/DeepOnet_Abaqus/StaticElasticJob6.odb,Step-1,Increment      1: Step Time =    1.000,"PLATE-1",          2068,             1,       1.16522,   924.228E-03,            0.,"ASSEMBLY_PLATE-1__PICKEDSET2","ROCK","",  -433.434E-03,      -1.82432,      -1.61869,  -639.067E-03,  -493.687E-03
F:/Desktop/DeepOnet_Abaqus/StaticElasticJob6.odb,Step-1,Increment      1: Step Time =    1.000,"PLATE-1",          2069,             1,       1.26921,   848.676E-03,            0.,"ASSEMBLY_PLATE-1__PICKEDSET2","ROCK","",  -642.518E-03,      -1.78578,      -1.68252,  -745.776E-03,  -327.701E-03
F:/Desktop/DeepOnet_Abaqus/StaticElasticJob6.odb,Step-1,Increment      1: Step Time =    1.000,"PLATE-1",          2070,             1,   914.368E-03,  -477.327E-03,            0.,"ASSEMBLY_PLATE-1__PICKEDSET2","ROCK","",      -1.02354,      -1.63960,      -1.63386,      -1.02928,  -59.2073E-03
F:/Desktop/DeepOnet_Abaqus/StaticElasticJob6.odb,Step-1,Increment      1: Step Time =    1.000,"PLATE-1",          2071,             1,   975.516E-03,  -460.110E-03,            0.,"ASSEMBLY_PLATE-1__PICKEDSET2","ROCK","",      -1.02627,      -1.63460,      -1.63000,      -1.03087,  -52.7476E-03
F:/Desktop/DeepOnet_Abaqus/StaticElasticJob6.odb,Step-1,Increment      1: Step Time =    1.000,"PLATE-1",          2072,             1,  -879.795E-03,   476.031E-03,            0.,"ASSEMBLY_PLATE-1__PICKEDSET2","ROCK","",      -1.00858,      -1.59352,      -1.58884,      -1.01325,  -52.0724E-03
F:/Desktop/DeepOnet_Abaqus/StaticElasticJob6.odb,Step-1,Increment      1: Step Time =    1.000,"PLATE-1",          2073,             1,   739.846E-03,  -971.210E-03,            0.,"ASSEMBLY_PLATE-1__PICKEDSET2","ROCK","",  -994.931E-03,      -1.68268,      -1.68123,  -996.375E-03,  -31.4818E-03
F:/Desktop/DeepOnet_Abaqus/StaticElasticJob6.odb,Step-1,Increment      1: Step Time =    1.000,"PLATE-1",          2074,             1,   932.809E-03,  -799.919E-03,            0.,"ASSEMBLY_PLATE-1__PICKEDSET2","ROCK","",      -1.00183,      -1.66762,      -1.66518,      -1.00427,  -40.2183E-03
F:/Desktop/DeepOnet_Abaqus/StaticElasticJob6.odb,Step-1,Increment      1: Step Time =    1.000,"PLATE-1",          2075,             1,       1.13517,  -70.6072E-03,            0.,"ASSEMBLY_PLATE-1__PICKEDSET2","ROCK","",      -1.05386,      -1.60963,      -1.60962,      -1.05387,   2.29818E-03
F:/Desktop/DeepOnet_Abaqus/StaticElasticJob6.odb,Step-1,Increment      1: Step Time =    1.000,"PLATE-1",          2076,             1,       1.06572,  -292.494E-03,            0.,"ASSEMBLY_PLATE-1__PICKEDSET2","ROCK","",      -1.04466,      -1.61255,      -1.61042,      -1.04679,  -34.6681E-03
F:/Desktop/DeepOnet_Abaqus/StaticElasticJob6.odb,Step-1,Increment      1: Step Time =    1.000,"PLATE-1",          2077,             1,   948.008E-03,       1.56038,            0.,"ASSEMBLY_PLATE-1__PICKEDSET2","ROCK","",  -874.538E-03,      -2.32317,      -2.32234,  -875.368E-03,   34.6621E-03
F:/Desktop/DeepOnet_Abaqus/StaticElasticJob6.odb,Step-1,Increment      1: Step Time =    1.000,"PLATE-1",          2078,             1,   975.565E-03,       1.42870,            0.,"ASSEMBLY_PLATE-1__PICKEDSET2","ROCK","",  -458.586E-03,      -3.21715,      -2.95874,  -717.001E-03,  -803.790E-03
F:/Desktop/DeepOnet_Abaqus/StaticElasticJob6.odb,Step-1,Increment      1: Step Time =    1.000,"PLATE-1",          2079,             1,  -558.259E-03,  -812.920E-03,            0.,"ASSEMBLY_PLATE-1__PICKEDSET2","ROCK","",  -977.204E-03,      -1.70104,      -1.69790,  -980.345E-03,   47.5834E-03
F:/Desktop/DeepOnet_Abaqus/StaticElasticJob6.odb,Step-1,Increment      1: Step Time =    1.000,"PLATE-1",          2080,             1,       1.36964,       1.20003,            0.,"ASSEMBLY_PLATE-1__PICKEDSET2","ROCK","",  -799.152E-03,      -1.24671,  -808.677E-03,      -1.23718,   64.5956E-03
F:/Desktop/DeepOnet_Abaqus/StaticElasticJob6.odb,Step-1,Increment      1: Step Time =    1.000,"PLATE-1",          2081,             1,       1.29890,       1.11726,            0.,"ASSEMBLY_PLATE-1__PICKEDSET2","ROCK","",  -521.320E-03,      -1.29668,  -640.807E-03,      -1.17719,  -279.943E-03
F:/Desktop/DeepOnet_Abaqus/StaticElasticJob6.odb,Step-1,Increment      1: Step Time =    1.000,"PLATE-1",          2082,             1,   682.770E-03,       1.25018,            0.,"ASSEMBLY_PLATE-1__PICKEDSET2","ROCK","",  -538.098E-03,      -1.33523,  -727.100E-03,      -1.14623,  -339.026E-03
F:/Desktop/DeepOnet_Abaqus/StaticElasticJob6.odb,Step-1,Increment      1: Step Time =    1.000,"PLATE-1",          2083,             1,       1.09911,  -424.343E-03,            0.,"ASSEMBLY_PLATE-1__PICKEDSET2","ROCK","",      -1.02959,      -1.62899,      -1.62655,      -1.03203,  -38.1459E-03
F:/Desktop/DeepOnet_Abaqus/StaticElasticJob6.odb,Step-1,Increment      1: Step Time =    1.000,"PLATE-1",          2084,             1,   993.335E-03,  -312.264E-03,            0.,"ASSEMBLY_PLATE-1__PICKEDSET2","ROCK","",      -1.04672,      -1.61121,      -1.60777,      -1.05016,  -43.9511E-03
F:/Desktop/DeepOnet_Abaqus/StaticElasticJob6.odb,Step-1,Increment      1: Step Time =    1.000,"PLATE-1",          2085,             1,   705.964E-03,   439.226E-03,            0.,"ASSEMBLY_PLATE-1__PICKEDSET2","ROCK","",      -1.02889,      -1.74907,      -1.73099,      -1.04697,   112.657E-03
F:/Desktop/DeepOnet_Abaqus/StaticElasticJob6.odb,Step-1,Increment      1: Step Time =    1.000,"PLATE-1",          2086,             1,   534.950E-03,   794.148E-03,            0.,"ASSEMBLY_PLATE-1__PICKEDSET2","ROCK","",  -840.919E-03,      -1.88198,      -1.82449,  -898.414E-03,   237.803E-03
F:/Desktop/DeepOnet_Abaqus/StaticElasticJob6.odb,Step-1,Increment      1: Step Time =    1.000,"PLATE-1",          2087,             1,      -1.10017,   393.209E-03,            0.,"ASSEMBLY_PLATE-1__PICKEDSET2","ROCK","",      -1.02883,      -1.57710,      -1.57581,      -1.03013,  -26.6389E-03
F:/Desktop/DeepOnet_Abaqus/StaticElasticJob6.odb,Step-1,Increment      1: Step Time =    1.000,"PLATE-1",          2088,             1,  -157.527E-03,   961.239E-03,            0.,"ASSEMBLY_PLATE-1__PICKEDSET2","ROCK","",      -1.01833,      -1.63033,      -1.62581,      -1.02285,   52.3866E-03
F:/Desktop/DeepOnet_Abaqus/StaticElasticJob6.odb,Step-1,Increment      1: Step Time =    1.000,"PLATE-1",          2089,             1,   255.681E-03,      -1.09753,            0.,"ASSEMBLY_PLATE-1__PICKEDSET2","ROCK","",  -989.641E-03,      -1.70277,      -1.70257,  -989.841E-03,  -11.9312E-03
F:/Desktop/DeepOnet_Abaqus/StaticElasticJob6.odb,Step-1,Increment      1: Step Time =    1.000,"PLATE-1",          2090,             1,  -883.536E-03,  -798.921E-03,            0.,"ASSEMBLY_PLATE-1__PICKEDSET2","ROCK","",  -987.623E-03,      -1.66609,      -1.66246,  -991.253E-03,   49.4904E-03
F:/Desktop/DeepOnet_Abaqus/StaticElasticJob6.odb,Step-1,Increment      1: Step Time =    1.000,"PLATE-1",          2091,             1,  -759.162E-03,  -767.964E-03,            0.,"ASSEMBLY_PLATE-1__PICKEDSET2","ROCK","",  -982.523E-03,      -1.67752,      -1.67323,  -986.810E-03,   54.4187E-03
F:/Desktop/DeepOnet_Abaqus/StaticElasticJob6.odb,Step-1,Increment      1: Step Time =    1.000,"PLATE-1",          2092,             1,       1.02552,   110.516E-03,            0.,"ASSEMBLY_PLATE-1__PICKEDSET2","ROCK","",      -1.07276,      -1.60939,      -1.60615,      -1.07599,   41.5382E-03
F:/Desktop/DeepOnet_Abaqus/StaticElasticJob6.odb,Step-1,Increment      1: Step Time =    1.000,"PLATE-1",          2093,             1,   772.005E-03,  -904.342E-03,            0.,"ASSEMBLY_PLATE-1__PICKEDSET2","ROCK","",  -995.363E-03,      -1.68107,      -1.67913,  -997.303E-03,  -36.4194E-03
F:/Desktop/DeepOnet_Abaqus/StaticElasticJob6.odb,Step-1,Increment      1: Step Time =    1.000,"PLATE-1",          2094,             1,   844.527E-03,  -939.770E-03,            0.,"ASSEMBLY_PLATE-1__PICKEDSET2","ROCK","",  -997.325E-03,      -1.67611,      -1.67448,  -998.953E-03,  -33.2005E-03
F:/Desktop/DeepOnet_Abaqus/StaticElasticJob6.odb,Step-1,Increment      1: Step Time =    1.000,"PLATE-1",          2095,             1,   183.085E-03,   842.666E-03,            0.,"ASSEMBLY_PLATE-1__PICKEDSET2","ROCK","",  -974.805E-03,      -1.68614,      -1.66482,  -996.130E-03,   121.303E-03
F:/Desktop/DeepOnet_Abaqus/StaticElasticJob6.odb,Step-1,Increment      1: Step Time =    1.000,"PLATE-1",          2096,             1,  -933.937E-03,   518.632E-03,            0.,"ASSEMBLY_PLATE-1__PICKEDSET2","ROCK","",      -1.00936,      -1.59701,      -1.59369,      -1.01268,  -44.0304E-03
F:/Desktop/DeepOnet_Abaqus/StaticElasticJob6.odb,Step-1,Increment      1: Step Time =    1.000,"PLATE-1",          2097,             1,   634.322E-03,   600.852E-03,            0.,"ASSEMBLY_PLATE-1__PICKEDSET2","ROCK","",  -956.661E-03,      -1.88568,      -1.87303,  -969.309E-03,   107.660E-03
F:/Desktop/DeepOnet_Abaqus/StaticElasticJob6.odb,Step-1,Increment      1: Step Time =    1.000,"PLATE-1",          2098,             1,   792.543E-03,   628.000E-03,            0.,"ASSEMBLY_PLATE-1__PICKEDSET2","ROCK","",      -1.07678,      -1.88865,      -1.87660,      -1.08882,   98.1701E-03
F:/Desktop/DeepOnet_Abaqus/StaticElasticJob6.odb,Step-1,Increment      1: Step Time =    1.000,"PLATE-1",          2099,             1,  -353.639E-03,   868.857E-03,            0.,"ASSEMBLY_PLATE-1__PICKEDSET2","ROCK","",  -990.742E-03,      -1.66274,      -1.66163,  -991.859E-03,   27.3735E-03
F:/Desktop/DeepOnet_Abaqus/StaticElasticJob6.odb,Step-1,Increment      1: Step Time =    1.000,"PLATE-1",          2100,             1,       1.23538,       1.40902,            0.,"ASSEMBLY_PLATE-1__PICKEDSET2","ROCK","",  -546.608E-03,      -2.19999,      -1.84602,  -900.581E-03,   678.200E-03
F:/Desktop/DeepOnet_Abaqus/StaticElasticJob6.odb,Step-1,Increment      1: Step Time =    1.000,"PLATE-1",          2101,             1,   460.080E-03,   826.338E-03,            0.,"ASSEMBLY_PLATE-1__PICKEDSET2","ROCK","",  -879.785E-03,      -1.77422,      -1.71970,  -934.300E-03,   213.982E-03
F:/Desktop/DeepOnet_Abaqus/StaticElasticJob6.odb,Step-1,Increment      1: Step Time =    1.000,"PLATE-1",          2102,             1,   479.011E-03,   729.624E-03,            0.,"ASSEMBLY_PLATE-1__PICKEDSET2","ROCK","",  -868.706E-03,      -1.86664,      -1.82807,  -907.278E-03,   192.366E-03
F:/Desktop/DeepOnet_Abaqus/StaticElasticJob6.odb,Step-1,Increment      1: Step Time =    1.000,"PLATE-1",          2103,             1,      -1.44680,  -943.252E-03,            0.,"ASSEMBLY_PLATE-1__PICKEDSET2","ROCK","",  -999.606E-03,      -1.64253,      -1.64107,      -1.00107,   30.6494E-03
F:/Desktop/DeepOnet_Abaqus/StaticElasticJob6.odb,Step-1,Increment      1: Step Time =    1.000,"PLATE-1",          2104,             1,      -1.43801,  -736.114E-03,            0.,"ASSEMBLY_PLATE-1__PICKEDSET2","ROCK","",      -1.00399,      -1.63398,      -1.63199,      -1.00598,   35.3811E-03
F:/Desktop/DeepOnet_Abaqus/StaticElasticJob6.odb,Step-1,Increment      1: Step Time =    1.000,"PLATE-1",          2105,             1,   670.390E-03,      -1.46700,            0.,"ASSEMBLY_PLATE-1__PICKEDSET2","ROCK","",      -1.00002,      -1.67032,      -1.67015,      -1.00019,  -10.7049E-03
F:/Desktop/DeepOnet_Abaqus/StaticElasticJob6.odb,Step-1,Increment      1: Step Time =    1.000,"PLATE-1",          2106,             1,   563.551E-03,      -1.46050,            0.,"ASSEMBLY_PLATE-1__PICKEDSET2","ROCK","",  -999.907E-03,      -1.67235,      -1.67222,      -1.00004,  -9.60946E-03
F:/Desktop/DeepOnet_Abaqus/StaticElasticJob6.odb,Step-1,Increment      1: Step Time =    1.000,"PLATE-1",          2107,             1,       1.45271,  -843.226E-03,            0.,"ASSEMBLY_PLATE-1__PICKEDSET2","ROCK","",      -1.00344,      -1.65226,      -1.65138,      -1.00432,  -23.8462E-03
F:/Desktop/DeepOnet_Abaqus/StaticElasticJob6.odb,Step-1,Increment      1: Step Time =    1.000,"PLATE-1",          2108,             1,       1.44378,   559.297E-03,            0.,"ASSEMBLY_PLATE-1__PICKEDSET2","ROCK","",  -892.051E-03,      -1.71778,      -1.71243,  -897.401E-03,  -66.2537E-03
F:/Desktop/DeepOnet_Abaqus/StaticElasticJob6.odb,Step-1,Increment      1: Step Time =    1.000,"PLATE-1",          2109,             1,  -717.812E-03,       1.45128,            0.,"ASSEMBLY_PLATE-1__PICKEDSET2","ROCK","",      -1.01097,      -1.61357,      -1.61314,      -1.01140,  -16.0397E-03
F:/Desktop/DeepOnet_Abaqus/StaticElasticJob6.odb,Step-1,Increment      1: Step Time =    1.000,"PLATE-1",          2110,             1,      -1.46509,   994.515E-03,            0.,"ASSEMBLY_PLATE-1__PICKEDSET2","ROCK","",      -1.01082,      -1.61559,      -1.61520,      -1.01121,  -15.3106E-03
F:/Desktop/DeepOnet_Abaqus/StaticElasticJob6.odb,Step-1,Increment      1: Step Time =    1.000,"PLATE-1",          2111,             1,      -1.45924,   552.958E-03,            0.,"ASSEMBLY_PLATE-1__PICKEDSET2","ROCK","",      -1.02054,      -1.60003,      -1.59975,      -1.02082,  -12.8340E-03
F:/Desktop/DeepOnet_Abaqus/StaticElasticJob6.odb,Step-1,Increment      1: Step Time =    1.000,"PLATE-1",          2112,             1,      -1.43160,  -267.097E-03,            0.,"ASSEMBLY_PLATE-1__PICKEDSET2","ROCK","",      -1.02390,      -1.60072,      -1.59906,      -1.02556,   30.8810E-03
F:/Desktop/DeepOnet_Abaqus/StaticElasticJob6.odb,Step-1,Increment      1: Step Time =    1.000,"PLATE-1",          2113,             1,  -552.325E-03,      -1.45772,            0.,"ASSEMBLY_PLATE-1__PICKEDSET2","ROCK","",  -995.386E-03,      -1.67150,      -1.67136,  -995.530E-03,   9.87318E-03
F:/Desktop/DeepOnet_Abaqus/StaticElasticJob6.odb,Step-1,Increment      1: Step Time =    1.000,"PLATE-1",          2114,             1,   920.467E-03,      -1.46145,            0.,"ASSEMBLY_PLATE-1__PICKEDSET2","ROCK","",      -1.00019,      -1.66523,      -1.66498,      -1.00044,  -12.8488E-03
F:/Desktop/DeepOnet_Abaqus/StaticElasticJob6.odb,Step-1,Increment      1: Step Time =    1.000,"PLATE-1",          2115,             1,       1.44495,  -550.478E-03,            0.,"ASSEMBLY_PLATE-1__PICKEDSET2","ROCK","",      -1.00952,      -1.64469,      -1.64379,      -1.01042,  -23.8163E-03
F:/Desktop/DeepOnet_Abaqus/StaticElasticJob6.odb,Step-1,Increment      1: Step Time =    1.000,"PLATE-1",          2116,             1,       1.46677,  -160.730E-03,            0.,"ASSEMBLY_PLATE-1__PICKEDSET2","ROCK","",      -1.00969,      -1.64163,      -1.64149,      -1.00984,  -9.57306E-03
F:/Desktop/DeepOnet_Abaqus/StaticElasticJob6.odb,Step-1,Increment      1: Step Time =    1.000,"PLATE-1",          2117,             1,       1.45116,   949.462E-03,            0.,"ASSEMBLY_PLATE-1__PICKEDSET2","ROCK","",  -885.540E-03,      -1.45677,      -1.32333,      -1.01898,  -241.702E-03
F:/Desktop/DeepOnet_Abaqus/StaticElasticJob6.odb,Step-1,Increment      1: Step Time =    1.000,"PLATE-1",          2118,             1,   643.900E-03,       1.46146,            0.,"ASSEMBLY_PLATE-1__PICKEDSET2","ROCK","",  -701.144E-03,      -1.69249,      -1.56090,  -832.731E-03,  -336.353E-03
F:/Desktop/DeepOnet_Abaqus/StaticElasticJob6.odb,Step-1,Increment      1: Step Time =    1.000,"PLATE-1",          2119,             1,  -326.148E-03,       1.47859,            0.,"ASSEMBLY_PLATE-1__PICKEDSET2","ROCK","",      -1.02225,      -1.58966,      -1.58846,      -1.02345,  -26.0832E-03
F:/Desktop/DeepOnet_Abaqus/StaticElasticJob6.odb,Step-1,Increment      1: Step Time =    1.000,"PLATE-1",          2120,             1,  -920.242E-03,       1.45239,            0.,"ASSEMBLY_PLATE-1__PICKEDSET2","ROCK","",      -1.00761,      -1.61919,      -1.61874,      -1.00806,  -16.5322E-03
F:/Desktop/DeepOnet_Abaqus/StaticElasticJob6.odb,Step-1,Increment      1: Step Time =    1.000,"PLATE-1",          2121,             1,  -61.0282E-03,       1.49292,            0.,"ASSEMBLY_PLATE-1__PICKEDSET2","ROCK","",      -1.02398,      -1.56338,      -1.55823,      -1.02914,  -52.4751E-03
F:/Desktop/DeepOnet_Abaqus/StaticElasticJob6.odb,Step-1,Increment      1: Step Time =    1.000,"PLATE-1",          2122,             1,      -1.42846,  -30.8358E-03,            0.,"ASSEMBLY_PLATE-1__PICKEDSET2","ROCK","",      -1.03116,      -1.58838,      -1.58780,      -1.03174,   17.9785E-03
F:/Desktop/DeepOnet_Abaqus/StaticElasticJob6.odb,Step-1,Increment      1: Step Time =    1.000,"PLATE-1",          2123,             1,   131.913E-03,      -1.45911,            0.,"ASSEMBLY_PLATE-1__PICKEDSET2","ROCK","",  -999.184E-03,      -1.67821,      -1.67819,  -999.196E-03,  -2.87918E-03
F:/Desktop/DeepOnet_Abaqus/StaticElasticJob6.odb,Step-1,Increment      1: Step Time =    1.000,"PLATE-1",          2124,             1,  -215.997E-03,       1.41035,            0.,"ASSEMBLY_PLATE-1__PICKEDSET2","ROCK","",      -1.03138,      -1.57278,      -1.57168,      -1.03248,  -24.4059E-03
F:/Desktop/DeepOnet_Abaqus/StaticElasticJob6.odb,Step-1,Increment      1: Step Time =    1.000,"PLATE-1",          2125,             1,  -68.3283E-03,      -1.45143,            0.,"ASSEMBLY_PLATE-1__PICKEDSET2","ROCK","",  -998.190E-03,      -1.67849,      -1.67849,  -998.192E-03,   1.06600E-03
F:/Desktop/DeepOnet_Abaqus/StaticElasticJob6.odb,Step-1,Increment      1: Step Time =    1.000,"PLATE-1",          2126,             1,       1.45935,   30.3098E-03,            0.,"ASSEMBLY_PLATE-1__PICKEDSET2","ROCK","",  -999.582E-03,      -1.65179,      -1.65179,  -999.582E-03,   77.7493E-06
F:/Desktop/DeepOnet_Abaqus/StaticElasticJob6.odb,Step-1,Increment      1: Step Time =    1.000,"PLATE-1",          2127,             1,       1.46634,  -65.9468E-03,            0.,"ASSEMBLY_PLATE-1__PICKEDSET2","ROCK","",      -1.00576,      -1.64480,      -1.64476,      -1.00580,  -5.25068E-03
F:/Desktop/DeepOnet_Abaqus/StaticElasticJob6.odb,Step-1,Increment      1: Step Time =    1.000,"PLATE-1",          2128,             1,   238.173E-03,       1.47350,            0.,"ASSEMBLY_PLATE-1__PICKEDSET2","ROCK","",  -995.580E-03,      -1.53052,      -1.50364,      -1.02246,  -116.853E-03
F:/Desktop/DeepOnet_Abaqus/StaticElasticJob6.odb,Step-1,Increment      1: Step Time =    1.000,"PLATE-1",          2129,             1,   150.165E-03,       1.56121,            0.,"ASSEMBLY_PLATE-1__PICKEDSET2","ROCK","",  -991.167E-03,      -1.57047,      -1.55290,      -1.00874,  -99.3547E-03
F:/Desktop/DeepOnet_Abaqus/StaticElasticJob6.odb,Step-1,Increment      1: Step Time =    1.000,"PLATE-1",          2130,             1,   84.4716E-03,       1.41461,            0.,"ASSEMBLY_PLATE-1__PICKEDSET2","ROCK","",      -1.03633,      -1.52458,      -1.51692,      -1.04400,  -60.6944E-03
F:/Desktop/DeepOnet_Abaqus/StaticElasticJob6.odb,Step-1,Increment      1: Step Time =    1.000,"PLATE-1",          2131,             1,       1.45591,   221.842E-03,            0.,"ASSEMBLY_PLATE-1__PICKEDSET2","ROCK","",  -975.869E-03,      -1.67263,      -1.67263,  -975.871E-03,   1.16145E-03
F:/Desktop/DeepOnet_Abaqus/StaticElasticJob6.odb,Step-1,Increment      1: Step Time =    1.000,"PLATE-1",          2132,             1,       1.55070,   241.106E-03,            0.,"ASSEMBLY_PLATE-1__PICKEDSET2","ROCK","",  -966.236E-03,      -1.67067,      -1.67035,  -966.551E-03,  -14.9051E-03
F:/Desktop/DeepOnet_Abaqus/StaticElasticJob6.odb,Step-1,Increment      1: Step Time =    1.000,"PLATE-1",          2133,             1,      -1.39565,   323.297E-03,            0.,"ASSEMBLY_PLATE-1__PICKEDSET2","ROCK","",      -1.02948,      -1.58692,      -1.58685,      -1.02954,  -6.01268E-03
F:/Desktop/DeepOnet_Abaqus/StaticElasticJob6.odb,Step-1,Increment      1: Step Time =    1.000,"PLATE-1",          2134,             1,      -1.47864,   371.877E-03,            0.,"ASSEMBLY_PLATE-1__PICKEDSET2","ROCK","",      -1.02601,      -1.59343,      -1.59336,      -1.02608,  -6.26091E-03
F:/Desktop/DeepOnet_Abaqus/StaticElasticJob6.odb,Step-1,Increment      1: Step Time =    1.000,"PLATE-1",          2135,             1,       1.46384,  -255.434E-03,            0.,"ASSEMBLY_PLATE-1__PICKEDSET2","ROCK","",      -1.01135,      -1.64002,      -1.63971,      -1.01166,  -13.9875E-03
F:/Desktop/DeepOnet_Abaqus/StaticElasticJob6.odb,Step-1,Increment      1: Step Time =    1.000,"PLATE-1",          2136,             1,   330.666E-03,       1.44875,            0.,"ASSEMBLY_PLATE-1__PICKEDSET2","ROCK","",  -970.969E-03,      -1.52291,      -1.47617,      -1.01771,  -153.670E-03
F:/Desktop/DeepOnet_Abaqus/StaticElasticJob6.odb,Step-1,Increment      1: Step Time =    1.000,"PLATE-1",          2137,             1,      -1.43618,   210.809E-03,            0.,"ASSEMBLY_PLATE-1__PICKEDSET2","ROCK","",      -1.03109,      -1.58652,      -1.58651,      -1.03110,   1.88183E-03
F:/Desktop/DeepOnet_Abaqus/StaticElasticJob6.odb,Step-1,Increment      1: Step Time =    1.000,"PLATE-1",          2138,             1,       1.24232,      -1.53426,            0.,"ASSEMBLY_PLATE-1__PICKEDSET2","ROCK","",      -1.00061,      -1.65808,      -1.65783,      -1.00087,  -12.8505E-03
F:/Desktop/DeepOnet_Abaqus/StaticElasticJob6.odb,Step-1,Increment      1: Step Time =    1.000,"PLATE-1",          2139,             1,       1.28768,      -1.36044,            0.,"ASSEMBLY_PLATE-1__PICKEDSET2","ROCK","",      -1.00022,      -1.65860,      -1.65821,      -1.00061,  -16.0324E-03
F:/Desktop/DeepOnet_Abaqus/StaticElasticJob6.odb,Step-1,Increment      1: Step Time =    1.000,"PLATE-1",          2140,             1,       1.48065,      -1.34886,            0.,"ASSEMBLY_PLATE-1__PICKEDSET2","ROCK","",      -1.00015,      -1.65554,      -1.65515,      -1.00055,  -16.0115E-03
F:/Desktop/DeepOnet_Abaqus/StaticElasticJob6.odb,Step-1,Increment      1: Step Time =    1.000,"PLATE-1",          2141,             1,  -889.731E-03,      -1.43473,            0.,"ASSEMBLY_PLATE-1__PICKEDSET2","ROCK","",  -994.247E-03,      -1.66415,      -1.66380,  -994.598E-03,   15.3240E-03
F:/Desktop/DeepOnet_Abaqus/StaticElasticJob6.odb,Step-1,Increment      1: Step Time =    1.000,"PLATE-1",          2142,             1,      -1.42621,      -1.21329,            0.,"ASSEMBLY_PLATE-1__PICKEDSET2","ROCK","",  -997.068E-03,      -1.64905,      -1.64819,  -997.928E-03,   23.6599E-03
F:/Desktop/DeepOnet_Abaqus/StaticElasticJob6.odb,Step-1,Increment      1: Step Time =    1.000,"PLATE-1",          2143,             1,      -1.53630,      -1.24483,            0.,"ASSEMBLY_PLATE-1__PICKEDSET2","ROCK","",  -997.943E-03,      -1.64659,      -1.64581,  -998.719E-03,   22.4209E-03
F:/Desktop/DeepOnet_Abaqus/StaticElasticJob6.odb,Step-1,Increment      1: Step Time =    1.000,"PLATE-1",          2144,             1,      -1.34039,      -1.47687,            0.,"ASSEMBLY_PLATE-1__PICKEDSET2","ROCK","",  -996.489E-03,      -1.65232,      -1.65184,  -996.961E-03,   17.5931E-03
F:/Desktop/DeepOnet_Abaqus/StaticElasticJob6.odb,Step-1,Increment      1: Step Time =    1.000,"PLATE-1",          2145,             1,       1.54115,       1.25339,            0.,"ASSEMBLY_PLATE-1__PICKEDSET2","ROCK","",      -1.04032,      -1.32419,      -1.21487,      -1.14965,   138.134E-03
F:/Desktop/DeepOnet_Abaqus/StaticElasticJob6.odb,Step-1,Increment      1: Step Time =    1.000,"PLATE-1",          2146,             1,       1.32893,       1.45919,            0.,"ASSEMBLY_PLATE-1__PICKEDSET2","ROCK","",  -744.478E-03,      -1.93638,      -1.74851,  -932.348E-03,   434.313E-03
F:/Desktop/DeepOnet_Abaqus/StaticElasticJob6.odb,Step-1,Increment      1: Step Time =    1.000,"PLATE-1",          2147,             1,      -1.28069,       1.34982,            0.,"ASSEMBLY_PLATE-1__PICKEDSET2","ROCK","",      -1.00696,      -1.62141,      -1.62098,      -1.00739,  -16.2346E-03
F:/Desktop/DeepOnet_Abaqus/StaticElasticJob6.odb,Step-1,Increment      1: Step Time =    1.000,"PLATE-1",          2148,             1,      -1.56018,       1.34644,            0.,"ASSEMBLY_PLATE-1__PICKEDSET2","ROCK","",      -1.00864,      -1.62170,      -1.62133,      -1.00901,  -14.9582E-03
F:/Desktop/DeepOnet_Abaqus/StaticElasticJob6.odb,Step-1,Increment      1: Step Time =    1.000,"PLATE-1",          2149,             1,      -1.56726,       1.15257,            0.,"ASSEMBLY_PLATE-1__PICKEDSET2","ROCK","",      -1.01013,      -1.61862,      -1.61827,      -1.01048,  -14.5577E-03
F:/Desktop/DeepOnet_Abaqus/StaticElasticJob6.odb,Step-1,Increment      1: Step Time =    1.000,"PLATE-1",          2150,             1,      -1.41486,      -1.36436,            0.,"ASSEMBLY_PLATE-1__PICKEDSET2","ROCK","",  -996.673E-03,      -1.65051,      -1.64989,  -997.293E-03,   20.1290E-03
F:/Desktop/DeepOnet_Abaqus/StaticElasticJob6.odb,Step-1,Increment      1: Step Time =    1.000,"PLATE-1",          2151,             1,      -1.16115,      -1.48803,            0.,"ASSEMBLY_PLATE-1__PICKEDSET2","ROCK","",  -995.591E-03,      -1.65674,      -1.65632,  -996.005E-03,   16.5347E-03
F:/Desktop/DeepOnet_Abaqus/StaticElasticJob6.odb,Step-1,Increment      1: Step Time =    1.000,"PLATE-1",          2152,             1,       1.45223,      -1.54584,            0.,"ASSEMBLY_PLATE-1__PICKEDSET2","ROCK","",      -1.00041,      -1.65483,      -1.65456,      -1.00068,  -13.2086E-03
F:/Desktop/DeepOnet_Abaqus/StaticElasticJob6.odb,Step-1,Increment      1: Step Time =    1.000,"PLATE-1",          2153,             1,       1.47340,      -1.18345,            0.,"ASSEMBLY_PLATE-1__PICKEDSET2","ROCK","",      -1.00046,      -1.65547,      -1.65493,      -1.00100,  -18.7615E-03
F:/Desktop/DeepOnet_Abaqus/StaticElasticJob6.odb,Step-1,Increment      1: Step Time =    1.000,"PLATE-1",          2154,             1,       1.46781,       1.37005,            0.,"ASSEMBLY_PLATE-1__PICKEDSET2","ROCK","",  -885.640E-03,      -1.58221,      -1.41158,      -1.05627,   299.568E-03
F:/Desktop/DeepOnet_Abaqus/StaticElasticJob6.odb,Step-1,Increment      1: Step Time =    1.000,"PLATE-1",          2155,             1,  -484.761E-03,  -789.699E-03,            0.,"ASSEMBLY_PLATE-1__PICKEDSET2","ROCK","",  -973.367E-03,      -1.71318,      -1.70987,  -976.677E-03,   49.3747E-03
F:/Desktop/DeepOnet_Abaqus/StaticElasticJob6.odb,Step-1,Increment      1: Step Time =    1.000,"PLATE-1",          2156,             1,   927.580E-03,   805.377E-03,            0.,"ASSEMBLY_PLATE-1__PICKEDSET2","ROCK","",      -1.20114,      -2.17220,      -2.15588,      -1.21745,   124.803E-03
F:/Desktop/DeepOnet_Abaqus/StaticElasticJob6.odb,Step-1,Increment      1: Step Time =    1.000,"PLATE-1",          2157,             1,  -572.101E-03,   908.625E-03,            0.,"ASSEMBLY_PLATE-1__PICKEDSET2","ROCK","",  -990.089E-03,      -1.64377,      -1.64377,  -990.093E-03,  -1.77188E-03
F:/Desktop/DeepOnet_Abaqus/StaticElasticJob6.odb,Step-1,Increment      1: Step Time =    1.000,"PLATE-1",          2158,             1,   612.681E-03,  -902.975E-03,            0.,"ASSEMBLY_PLATE-1__PICKEDSET2","ROCK","",  -990.034E-03,      -1.69559,      -1.69370,  -991.923E-03,  -36.4650E-03
F:/Desktop/DeepOnet_Abaqus/StaticElasticJob6.odb,Step-1,Increment      1: Step Time =    1.000,"PLATE-1",          2159,             1,   450.134E-03,      -1.04484,            0.,"ASSEMBLY_PLATE-1__PICKEDSET2","ROCK","",  -990.471E-03,      -1.69827,      -1.69761,  -991.135E-03,  -21.6691E-03
F:/Desktop/DeepOnet_Abaqus/StaticElasticJob6.odb,Step-1,Increment      1: Step Time =    1.000,"PLATE-1",          2160,             1,   513.422E-03,      -1.09038,            0.,"ASSEMBLY_PLATE-1__PICKEDSET2","ROCK","",  -992.791E-03,      -1.69141,      -1.69079,  -993.404E-03,  -20.6771E-03
F:/Desktop/DeepOnet_Abaqus/StaticElasticJob6.odb,Step-1,Increment      1: Step Time =    1.000,"PLATE-1",          2161,             1,   168.575E-03,      -1.13505,            0.,"ASSEMBLY_PLATE-1__PICKEDSET2","ROCK","",  -990.334E-03,      -1.70156,      -1.70149,  -990.407E-03,  -7.17573E-03
F:/Desktop/DeepOnet_Abaqus/StaticElasticJob6.odb,Step-1,Increment      1: Step Time =    1.000,"PLATE-1",          2162,             1,      -1.12602,  -343.576E-03,            0.,"ASSEMBLY_PLATE-1__PICKEDSET2","ROCK","",      -1.02244,      -1.59949,      -1.59448,      -1.02744,   53.5107E-03
F:/Desktop/DeepOnet_Abaqus/StaticElasticJob6.odb,Step-1,Increment      1: Step Time =    1.000,"PLATE-1",          2163,             1,      -1.01274,  -501.355E-03,            0.,"ASSEMBLY_PLATE-1__PICKEDSET2","ROCK","",      -1.00611,      -1.62597,      -1.61925,      -1.01283,   64.1913E-03
F:/Desktop/DeepOnet_Abaqus/StaticElasticJob6.odb,Step-1,Increment      1: Step Time =    1.000,"PLATE-1",          2164,             1,   359.444E-03,   867.976E-03,            0.,"ASSEMBLY_PLATE-1__PICKEDSET2","ROCK","",  -939.590E-03,      -1.69931,      -1.64325,  -995.656E-03,   198.623E-03
F:/Desktop/DeepOnet_Abaqus/StaticElasticJob6.odb,Step-1,Increment      1: Step Time =    1.000,"PLATE-1",          2165,             1,   433.733E-03,   907.816E-03,            0.,"ASSEMBLY_PLATE-1__PICKEDSET2","ROCK","",  -919.648E-03,      -1.68481,      -1.60255,      -1.00191,   237.016E-03
F:/Desktop/DeepOnet_Abaqus/StaticElasticJob6.odb,Step-1,Increment      1: Step Time =    1.000,"PLATE-1",          2166,             1,   939.688E-03,   466.264E-03,            0.,"ASSEMBLY_PLATE-1__PICKEDSET2","ROCK","",      -1.05651,      -1.75163,      -1.73572,      -1.07242,   103.966E-03
F:/Desktop/DeepOnet_Abaqus/StaticElasticJob6.odb,Step-1,Increment      1: Step Time =    1.000,"PLATE-1",          2167,             1,   988.388E-03,   455.829E-03,            0.,"ASSEMBLY_PLATE-1__PICKEDSET2","ROCK","",      -1.05170,      -1.75755,      -1.74114,      -1.06811,   106.375E-03
F:/Desktop/DeepOnet_Abaqus/StaticElasticJob6.odb,Step-1,Increment      1: Step Time =    1.000,"PLATE-1",          2168,             1,  -94.8928E-03,      -1.04012,            0.,"ASSEMBLY_PLATE-1__PICKEDSET2","ROCK","",  -983.770E-03,      -1.71390,      -1.71385,  -983.821E-03,   6.07935E-03
F:/Desktop/DeepOnet_Abaqus/StaticElasticJob6.odb,Step-1,Increment      1: Step Time =    1.000,"PLATE-1",          2169,             1,   28.1685E-03,      -1.27673,            0.,"ASSEMBLY_PLATE-1__PICKEDSET2","ROCK","",  -994.765E-03,      -1.68954,      -1.68954,  -994.767E-03,  -1.13813E-03
F:/Desktop/DeepOnet_Abaqus/StaticElasticJob6.odb,Step-1,Increment      1: Step Time =    1.000,"PLATE-1",          2170,             1,   114.893E-03,      -1.28224,            0.,"ASSEMBLY_PLATE-1__PICKEDSET2","ROCK","",  -995.299E-03,      -1.68890,      -1.68888,  -995.317E-03,  -3.45956E-03
F:/Desktop/DeepOnet_Abaqus/StaticElasticJob6.odb,Step-1,Increment      1: Step Time =    1.000,"PLATE-1",          2171,             1,   973.341E-03,  -733.567E-03,            0.,"ASSEMBLY_PLATE-1__PICKEDSET2","ROCK","",      -1.00522,      -1.66202,      -1.65927,      -1.00797,  -42.3910E-03
F:/Desktop/DeepOnet_Abaqus/StaticElasticJob6.odb,Step-1,Increment      1: Step Time =    1.000,"PLATE-1",          2172,             1,  -243.508E-03,       1.14651,            0.,"ASSEMBLY_PLATE-1__PICKEDSET2","ROCK","",      -1.03215,      -1.58820,      -1.58767,      -1.03268,   17.1563E-03
F:/Desktop/DeepOnet_Abaqus/StaticElasticJob6.odb,Step-1,Increment      1: Step Time =    1.000,"PLATE-1",          2173,             1,  -357.107E-03,       1.07754,            0.,"ASSEMBLY_PLATE-1__PICKEDSET2","ROCK","",      -1.01700,      -1.61496,      -1.61436,      -1.01761,   19.0736E-03
F:/Desktop/DeepOnet_Abaqus/StaticElasticJob6.odb,Step-1,Increment      1: Step Time =    1.000,"PLATE-1",          2174,             1,      -1.14406,  -392.617E-03,            0.,"ASSEMBLY_PLATE-1__PICKEDSET2","ROCK","",      -1.01769,      -1.60774,      -1.60296,      -1.02247,   52.8850E-03
F:/Desktop/DeepOnet_Abaqus/StaticElasticJob6.odb,Step-1,Increment      1: Step Time =    1.000,"PLATE-1",          2175,             1,      -1.00199,  -601.025E-03,            0.,"ASSEMBLY_PLATE-1__PICKEDSET2","ROCK","",  -998.840E-03,      -1.63987,      -1.63413,      -1.00458,   60.3727E-03
F:/Desktop/DeepOnet_Abaqus/StaticElasticJob6.odb,Step-1,Increment      1: Step Time =    1.000,"PLATE-1",          2176,             1,  -943.714E-03,  -503.947E-03,            0.,"ASSEMBLY_PLATE-1__PICKEDSET2","ROCK","",      -1.00240,      -1.63105,      -1.62292,      -1.01054,   71.0484E-03
F:/Desktop/DeepOnet_Abaqus/StaticElasticJob6.odb,Step-1,Increment      1: Step Time =    1.000,"PLATE-1",          2177,             1,  -880.340E-03,  -867.983E-03,            0.,"ASSEMBLY_PLATE-1__PICKEDSET2","ROCK","",  -987.498E-03,      -1.66785,      -1.66498,  -990.360E-03,   44.0351E-03
F:/Desktop/DeepOnet_Abaqus/StaticElasticJob6.odb,Step-1,Increment      1: Step Time =    1.000,"PLATE-1",          2178,             1,  -751.962E-03,  -828.930E-03,            0.,"ASSEMBLY_PLATE-1__PICKEDSET2","ROCK","",  -984.222E-03,      -1.67689,      -1.67349,  -987.618E-03,   48.3831E-03
F:/Desktop/DeepOnet_Abaqus/StaticElasticJob6.odb,Step-1,Increment      1: Step Time =    1.000,"PLATE-1",          2179,             1,      -1.01998,  -658.740E-03,            0.,"ASSEMBLY_PLATE-1__PICKEDSET2","ROCK","",  -996.676E-03,      -1.64457,      -1.63967,      -1.00158,   56.1504E-03
F:/Desktop/DeepOnet_Abaqus/StaticElasticJob6.odb,Step-1,Increment      1: Step Time =    1.000,"PLATE-1",          2180,             1,   734.507E-03,      -1.12791,            0.,"ASSEMBLY_PLATE-1__PICKEDSET2","ROCK","",  -996.158E-03,      -1.67903,      -1.67831,  -996.886E-03,  -22.2762E-03
F:/Desktop/DeepOnet_Abaqus/StaticElasticJob6.odb,Step-1,Increment      1: Step Time =    1.000,"PLATE-1",          2181,             1,   705.470E-03,      -1.03517,            0.,"ASSEMBLY_PLATE-1__PICKEDSET2","ROCK","",  -994.656E-03,      -1.68321,      -1.68214,  -995.728E-03,  -27.1464E-03
F:/Desktop/DeepOnet_Abaqus/StaticElasticJob6.odb,Step-1,Increment      1: Step Time =    1.000,"PLATE-1",          2182,             1,  -697.737E-03,  -836.053E-03,            0.,"ASSEMBLY_PLATE-1__PICKEDSET2","ROCK","",  -981.833E-03,      -1.68396,      -1.68081,  -984.987E-03,   46.9494E-03
F:/Desktop/DeepOnet_Abaqus/StaticElasticJob6.odb,Step-1,Increment      1: Step Time =    1.000,"PLATE-1",          2183,             1,  -535.752E-03,  -885.617E-03,            0.,"ASSEMBLY_PLATE-1__PICKEDSET2","ROCK","",  -978.558E-03,      -1.70175,      -1.69965,  -980.661E-03,   38.9477E-03
F:/Desktop/DeepOnet_Abaqus/StaticElasticJob6.odb,Step-1,Increment      1: Step Time =    1.000,"PLATE-1",          2184,             1,   617.028E-03,   964.322E-03,            0.,"ASSEMBLY_PLATE-1__PICKEDSET2","ROCK","",  -780.942E-03,      -1.70894,      -1.49733,  -992.547E-03,   389.347E-03
F:/Desktop/DeepOnet_Abaqus/StaticElasticJob6.odb,Step-1,Increment      1: Step Time =    1.000,"PLATE-1",          2185,             1,       1.03414,  -435.049E-03,            0.,"ASSEMBLY_PLATE-1__PICKEDSET2","ROCK","",      -1.02962,      -1.63081,      -1.62741,      -1.03302,  -45.0715E-03
F:/Desktop/DeepOnet_Abaqus/StaticElasticJob6.odb,Step-1,Increment      1: Step Time =    1.000,"PLATE-1",          2186,             1,       1.14336,  -274.481E-03,            0.,"ASSEMBLY_PLATE-1__PICKEDSET2","ROCK","",      -1.04141,      -1.61672,      -1.61573,      -1.04240,  -23.9132E-03
F:/Desktop/DeepOnet_Abaqus/StaticElasticJob6.odb,Step-1,Increment      1: Step Time =    1.000,"PLATE-1",          2187,             1,  -929.863E-03,   632.421E-03,            0.,"ASSEMBLY_PLATE-1__PICKEDSET2","ROCK","",      -1.00102,      -1.61226,      -1.60996,      -1.00332,  -37.4242E-03
F:/Desktop/DeepOnet_Abaqus/StaticElasticJob6.odb,Step-1,Increment      1: Step Time =    1.000,"PLATE-1",          2188,             1,  -20.3051E-03,   897.755E-03,            0.,"ASSEMBLY_PLATE-1__PICKEDSET2","ROCK","",      -1.01326,      -1.64404,      -1.63415,      -1.02314,   78.3344E-03
F:/Desktop/DeepOnet_Abaqus/StaticElasticJob6.odb,Step-1,Increment      1: Step Time =    1.000,"PLATE-1",          2189,             1,   578.273E-03,   873.894E-03,            0.,"ASSEMBLY_PLATE-1__PICKEDSET2","ROCK","",  -798.048E-03,      -1.85605,      -1.75298,  -901.110E-03,   313.716E-03
F:/Desktop/DeepOnet_Abaqus/StaticElasticJob6.odb,Step-1,Increment      1: Step Time =    1.000,"PLATE-1",          2190,             1,   963.731E-03,   195.233E-03,            0.,"ASSEMBLY_PLATE-1__PICKEDSET2","ROCK","",      -1.07684,      -1.62199,      -1.61421,      -1.08461,   64.6403E-03
F:/Desktop/DeepOnet_Abaqus/StaticElasticJob6.odb,Step-1,Increment      1: Step Time =    1.000,"PLATE-1",          2191,             1,      -1.10411,   84.0497E-03,            0.,"ASSEMBLY_PLATE-1__PICKEDSET2","ROCK","",      -1.05042,      -1.55130,      -1.55122,      -1.05050,   6.29056E-03
F:/Desktop/DeepOnet_Abaqus/StaticElasticJob6.odb,Step-1,Increment      1: Step Time =    1.000,"PLATE-1",          2192,             1,      -1.08638,   16.9337E-03,            0.,"ASSEMBLY_PLATE-1__PICKEDSET2","ROCK","",      -1.05199,      -1.54967,      -1.54898,      -1.05267,   18.4560E-03
F:/Desktop/DeepOnet_Abaqus/StaticElasticJob6.odb,Step-1,Increment      1: Step Time =    1.000,"PLATE-1",          2193,             1,   476.937E-03,      -1.14920,            0.,"ASSEMBLY_PLATE-1__PICKEDSET2","ROCK","",  -993.770E-03,      -1.69006,      -1.68963,  -994.199E-03,  -17.2754E-03
F:/Desktop/DeepOnet_Abaqus/StaticElasticJob6.odb,Step-1,Increment      1: Step Time =    1.000,"PLATE-1",          2194,             1,  -748.251E-03,       1.04081,            0.,"ASSEMBLY_PLATE-1__PICKEDSET2","ROCK","",      -1.00039,      -1.62589,      -1.62573,      -1.00054,  -9.85851E-03
F:/Desktop/DeepOnet_Abaqus/StaticElasticJob6.odb,Step-1,Increment      1: Step Time =    1.000,"PLATE-1",          2195,             1,  -698.527E-03,   997.002E-03,            0.,"ASSEMBLY_PLATE-1__PICKEDSET2","ROCK","",  -997.564E-03,      -1.63031,      -1.63022,  -997.652E-03,  -7.45206E-03
F:/Desktop/DeepOnet_Abaqus/StaticElasticJob6.odb,Step-1,Increment      1: Step Time =    1.000,"PLATE-1",          2196,             1,   615.886E-03,   744.874E-03,            0.,"ASSEMBLY_PLATE-1__PICKEDSET2","ROCK","",  -867.359E-03,      -1.96863,      -1.92985,  -906.133E-03,   202.969E-03
F:/Desktop/DeepOnet_Abaqus/StaticElasticJob6.odb,Step-1,Increment      1: Step Time =    1.000,"PLATE-1",          2197,             1,  -538.754E-03,   946.235E-03,            0.,"ASSEMBLY_PLATE-1__PICKEDSET2","ROCK","",  -994.785E-03,      -1.63991,      -1.63988,  -994.806E-03,   3.72776E-03
F:/Desktop/DeepOnet_Abaqus/StaticElasticJob6.odb,Step-1,Increment      1: Step Time =    1.000,"PLATE-1",          2198,             1,  -494.706E-03,   909.075E-03,            0.,"ASSEMBLY_PLATE-1__PICKEDSET2","ROCK","",  -991.858E-03,      -1.64615,      -1.64608,  -991.928E-03,   6.75137E-03
F:/Desktop/DeepOnet_Abaqus/StaticElasticJob6.odb,Step-1,Increment      1: Step Time =    1.000,"PLATE-1",          2199,             1,       1.03900,   188.011E-03,            0.,"ASSEMBLY_PLATE-1__PICKEDSET2","ROCK","",      -1.06211,      -1.63328,      -1.62722,      -1.06816,   58.4952E-03
F:/Desktop/DeepOnet_Abaqus/StaticElasticJob6.odb,Step-1,Increment      1: Step Time =    1.000,"PLATE-1",          2200,             1,   996.268E-03,      -1.02452,            0.,"ASSEMBLY_PLATE-1__PICKEDSET2","ROCK","",  -999.632E-03,      -1.66795,      -1.66686,      -1.00072,  -26.9026E-03
F:/Desktop/DeepOnet_Abaqus/StaticElasticJob6.odb,Step-1,Increment      1: Step Time =    1.000,"PLATE-1",          2201,             1,   322.702E-03,      -1.12554,            0.,"ASSEMBLY_PLATE-1__PICKEDSET2","ROCK","",  -991.469E-03,      -1.69804,      -1.69778,  -991.731E-03,  -13.6003E-03
F:/Desktop/DeepOnet_Abaqus/StaticElasticJob6.odb,Step-1,Increment      1: Step Time =    1.000,"PLATE-1",          2202,             1,  -828.497E-03,   779.381E-03,            0.,"ASSEMBLY_PLATE-1__PICKEDSET2","ROCK","",  -991.753E-03,      -1.62933,      -1.62815,  -992.927E-03,  -27.3293E-03
F:/Desktop/DeepOnet_Abaqus/StaticElasticJob6.odb,Step-1,Increment      1: Step Time =    1.000,"PLATE-1",          2203,             1,       1.17683,   74.1558E-03,            0.,"ASSEMBLY_PLATE-1__PICKEDSET2","ROCK","",      -1.04101,      -1.63252,      -1.63125,      -1.04228,   27.3263E-03
F:/Desktop/DeepOnet_Abaqus/StaticElasticJob6.odb,Step-1,Increment      1: Step Time =    1.000,"PLATE-1",          2204,             1,  -36.1479E-03,       1.14907,            0.,"ASSEMBLY_PLATE-1__PICKEDSET2","ROCK","",      -1.05223,      -1.54795,      -1.54645,      -1.05373,   27.2049E-03
F:/Desktop/DeepOnet_Abaqus/StaticElasticJob6.odb,Step-1,Increment      1: Step Time =    1.000,"PLATE-1",          2205,             1,       1.01115,   815.840E-03,            0.,"ASSEMBLY_PLATE-1__PICKEDSET2","ROCK","",  -869.291E-03,      -2.44943,      -2.42482,  -893.902E-03,   195.657E-03
F:/Desktop/DeepOnet_Abaqus/StaticElasticJob6.odb,Step-1,Increment      1: Step Time =    1.000,"PLATE-1",          2206,             1,       1.00932,   35.5648E-03,            0.,"ASSEMBLY_PLATE-1__PICKEDSET2","ROCK","",      -1.07807,      -1.59143,      -1.59046,      -1.07903,   22.2246E-03
F:/Desktop/DeepOnet_Abaqus/StaticElasticJob6.odb,Step-1,Increment      1: Step Time =    1.000,"PLATE-1",          2207,             1,      -1.12585,   493.759E-03,            0.,"ASSEMBLY_PLATE-1__PICKEDSET2","ROCK","",      -1.02114,      -1.58915,      -1.58780,      -1.02249,  -27.6474E-03
F:/Desktop/DeepOnet_Abaqus/StaticElasticJob6.odb,Step-1,Increment      1: Step Time =    1.000,"PLATE-1",          2208,             1,  -632.485E-03,  -836.425E-03,            0.,"ASSEMBLY_PLATE-1__PICKEDSET2","ROCK","",  -979.645E-03,      -1.69195,      -1.68895,  -982.648E-03,   46.1530E-03
F:/Desktop/DeepOnet_Abaqus/StaticElasticJob6.odb,Step-1,Increment      1: Step Time =    1.000,"PLATE-1",          2209,             1,  -128.114E-06,   984.282E-03,            0.,"ASSEMBLY_PLATE-1__PICKEDSET2","ROCK","",      -1.03039,      -1.59748,      -1.58889,      -1.03897,   69.2361E-03
F:/Desktop/DeepOnet_Abaqus/StaticElasticJob6.odb,Step-1,Increment      1: Step Time =    1.000,"PLATE-1",          2210,             1,      -1.10872,   152.166E-03,            0.,"ASSEMBLY_PLATE-1__PICKEDSET2","ROCK","",      -1.04740,      -1.55442,      -1.55441,      -1.04742,  -2.65035E-03
F:/Desktop/DeepOnet_Abaqus/StaticElasticJob6.odb,Step-1,Increment      1: Step Time =    1.000,"PLATE-1",          2211,             1,   804.920E-03,      -1.00969,            0.,"ASSEMBLY_PLATE-1__PICKEDSET2","ROCK","",  -996.298E-03,      -1.67806,      -1.67682,  -997.533E-03,  -28.9883E-03
F:/Desktop/DeepOnet_Abaqus/StaticElasticJob6.odb,Step-1,Increment      1: Step Time =    1.000,"PLATE-1",          2212,             1,  -64.2166E-03,      -1.25500,            0.,"ASSEMBLY_PLATE-1__PICKEDSET2","ROCK","",  -993.514E-03,      -1.69142,      -1.69142,  -993.519E-03,   1.89508E-03
F:/Desktop/DeepOnet_Abaqus/StaticElasticJob6.odb,Step-1,Increment      1: Step Time =    1.000,"PLATE-1",          2213,             1,   775.736E-03,   704.531E-03,            0.,"ASSEMBLY_PLATE-1__PICKEDSET2","ROCK","",      -1.07805,      -1.99009,      -1.98617,      -1.08197,   59.6975E-03
F:/Desktop/DeepOnet_Abaqus/StaticElasticJob6.odb,Step-1,Increment      1: Step Time =    1.000,"PLATE-1",          2214,             1,  -987.762E-03,  -29.4625E-03,            0.,"ASSEMBLY_PLATE-1__PICKEDSET2","ROCK","",      -1.05959,      -1.53539,      -1.53376,      -1.06123,   27.8191E-03
F:/Desktop/DeepOnet_Abaqus/StaticElasticJob6.odb,Step-1,Increment      1: Step Time =    1.000,"PLATE-1",          2215,             1,  -407.811E-03,       1.06939,            0.,"ASSEMBLY_PLATE-1__PICKEDSET2","ROCK","",      -1.01168,      -1.61988,      -1.61958,      -1.01199,   13.5577E-03
F:/Desktop/DeepOnet_Abaqus/StaticElasticJob6.odb,Step-1,Increment      1: Step Time =    1.000,"PLATE-1",          2216,             1,   976.150E-03,  -568.780E-03,            0.,"ASSEMBLY_PLATE-1__PICKEDSET2","ROCK","",      -1.01616,      -1.64792,      -1.64393,      -1.02015,  -50.0767E-03
F:/Desktop/DeepOnet_Abaqus/StaticElasticJob6.odb,Step-1,Increment      1: Step Time =    1.000,"PLATE-1",          2217,             1,       1.07557,  -543.272E-03,            0.,"ASSEMBLY_PLATE-1__PICKEDSET2","ROCK","",      -1.01837,      -1.64290,      -1.64007,      -1.02120,  -41.9694E-03
F:/Desktop/DeepOnet_Abaqus/StaticElasticJob6.odb,Step-1,Increment      1: Step Time =    1.000,"PLATE-1",          2218,             1,   857.892E-03,   653.803E-03,            0.,"ASSEMBLY_PLATE-1__PICKEDSET2","ROCK","",      -1.09987,      -1.94339,      -1.93440,      -1.10886,   86.5901E-03
F:/Desktop/DeepOnet_Abaqus/StaticElasticJob6.odb,Step-1,Increment      1: Step Time =    1.000,"PLATE-1",          2219,             1,   194.773E-03,   959.315E-03,            0.,"ASSEMBLY_PLATE-1__PICKEDSET2","ROCK","",      -1.01176,      -1.59404,      -1.56789,      -1.03792,   120.604E-03
F:/Desktop/DeepOnet_Abaqus/StaticElasticJob6.odb,Step-1,Increment      1: Step Time =    1.000,"PLATE-1",          2220,             1,   560.285E-03,       1.26774,            0.,"ASSEMBLY_PLATE-1__PICKEDSET2","ROCK","",  -876.073E-03,      -1.31331,      -1.05470,      -1.13468,  -214.929E-03
F:/Desktop/DeepOnet_Abaqus/StaticElasticJob6.odb,Step-1,Increment      1: Step Time =    1.000,"PLATE-1",          2221,             1,   306.233E-03,   966.355E-03,            0.,"ASSEMBLY_PLATE-1__PICKEDSET2","ROCK","",  -990.245E-03,      -1.58784,      -1.53935,      -1.03873,   163.166E-03
F:/Desktop/DeepOnet_Abaqus/StaticElasticJob6.odb,Step-1,Increment      1: Step Time =    1.000,"PLATE-1",          2222,             1,   539.555E-03,       1.39000,            0.,"ASSEMBLY_PLATE-1__PICKEDSET2","ROCK","",  -816.376E-03,      -1.49968,      -1.30832,      -1.00773,  -306.814E-03
F:/Desktop/DeepOnet_Abaqus/StaticElasticJob6.odb,Step-1,Increment      1: Step Time =    1.000,"PLATE-1",          2223,             1,  -984.667E-03,  -99.5492E-03,            0.,"ASSEMBLY_PLATE-1__PICKEDSET2","ROCK","",      -1.05420,      -1.54484,      -1.54149,      -1.05755,   40.4037E-03
F:/Desktop/DeepOnet_Abaqus/StaticElasticJob6.odb,Step-1,Increment      1: Step Time =    1.000,"PLATE-1",          2224,             1,      -1.54651,  -846.617E-03,            0.,"ASSEMBLY_PLATE-1__PICKEDSET2","ROCK","",      -1.00276,      -1.63669,      -1.63521,      -1.00424,   30.6063E-03
F:/Desktop/DeepOnet_Abaqus/StaticElasticJob6.odb,Step-1,Increment      1: Step Time =    1.000,"PLATE-1",          2225,             1,      -1.56311,       1.05739,            0.,"ASSEMBLY_PLATE-1__PICKEDSET2","ROCK","",      -1.01100,      -1.61689,      -1.61654,      -1.01134,  -14.4032E-03
F:/Desktop/DeepOnet_Abaqus/StaticElasticJob6.odb,Step-1,Increment      1: Step Time =    1.000,"PLATE-1",          2226,             1,      -1.05607,      -1.55815,            0.,"ASSEMBLY_PLATE-1__PICKEDSET2","ROCK","",  -995.681E-03,      -1.65876,      -1.65846,  -995.984E-03,   14.1672E-03
F:/Desktop/DeepOnet_Abaqus/StaticElasticJob6.odb,Step-1,Increment      1: Step Time =    1.000,"PLATE-1",          2227,             1,       1.54272,      -1.05904,            0.,"ASSEMBLY_PLATE-1__PICKEDSET2","ROCK","",      -1.00079,      -1.65391,      -1.65328,      -1.00143,  -20.3361E-03
F:/Desktop/DeepOnet_Abaqus/StaticElasticJob6.odb,Step-1,Increment      1: Step Time =    1.000,"PLATE-1",          2228,             1,      -1.46163,       1.43425,            0.,"ASSEMBLY_PLATE-1__PICKEDSET2","ROCK","",      -1.00754,      -1.62272,      -1.62231,      -1.00795,  -15.8793E-03
F:/Desktop/DeepOnet_Abaqus/StaticElasticJob6.odb,Step-1,Increment      1: Step Time =    1.000,"PLATE-1",          2229,             1,       1.42920,   459.456E-03,            0.,"ASSEMBLY_PLATE-1__PICKEDSET2","ROCK","",  -918.456E-03,      -1.71288,      -1.71189,  -919.453E-03,  -28.1202E-03
F:/Desktop/DeepOnet_Abaqus/StaticElasticJob6.odb,Step-1,Increment      1: Step Time =    1.000,"PLATE-1",          2230,             1,  -357.699E-03,  -951.543E-03,            0.,"ASSEMBLY_PLATE-1__PICKEDSET2","ROCK","",  -979.898E-03,      -1.71113,      -1.71022,  -980.803E-03,   25.7071E-03
F:/Desktop/DeepOnet_Abaqus/StaticElasticJob6.odb,Step-1,Increment      1: Step Time =    1.000,"PLATE-1",          2231,             1,   865.126E-03,       1.45176,            0.,"ASSEMBLY_PLATE-1__PICKEDSET2","ROCK","",  -451.127E-03,      -2.22677,      -2.07140,  -606.493E-03,  -501.731E-03
F:/Desktop/DeepOnet_Abaqus/StaticElasticJob6.odb,Step-1,Increment      1: Step Time =    1.000,"PLATE-1",          2232,             1,  -185.146E-03,      -1.01822,            0.,"ASSEMBLY_PLATE-1__PICKEDSET2","ROCK","",  -982.561E-03,      -1.71339,      -1.71317,  -982.780E-03,   12.6387E-03
F:/Desktop/DeepOnet_Abaqus/StaticElasticJob6.odb,Step-1,Increment      1: Step Time =    1.000,"PLATE-1",          2233,             1,  -198.541E-03,      -1.12322,            0.,"ASSEMBLY_PLATE-1__PICKEDSET2","ROCK","",  -987.752E-03,      -1.70128,      -1.70116,  -987.876E-03,   9.41981E-03
F:/Desktop/DeepOnet_Abaqus/StaticElasticJob6.odb,Step-1,Increment      1: Step Time =    1.000,"PLATE-1",          2234,             1,      -1.15600,  -205.961E-03,            0.,"ASSEMBLY_PLATE-1__PICKEDSET2","ROCK","",      -1.03408,      -1.58088,      -1.57766,      -1.03730,   41.8481E-03
F:/Desktop/DeepOnet_Abaqus/StaticElasticJob6.odb,Step-1,Increment      1: Step Time =    1.000,"PLATE-1",          2235,             1,  -636.170E-03,      -1.36771,            0.,"ASSEMBLY_PLATE-1__PICKEDSET2","ROCK","",  -993.120E-03,      -1.67330,      -1.67303,  -993.393E-03,   13.6280E-03
F:/Desktop/DeepOnet_Abaqus/StaticElasticJob6.odb,Step-1,Increment      1: Step Time =    1.000,"PLATE-1",          2236,             1,      -1.17390,      -1.42038,            0.,"ASSEMBLY_PLATE-1__PICKEDSET2","ROCK","",  -995.063E-03,      -1.65679,      -1.65629,  -995.566E-03,   18.2390E-03
F:/Desktop/DeepOnet_Abaqus/StaticElasticJob6.odb,Step-1,Increment      1: Step Time =    1.000,"PLATE-1",          2237,             1,      -1.19182,      -1.26105,            0.,"ASSEMBLY_PLATE-1__PICKEDSET2","ROCK","",  -994.506E-03,      -1.65588,      -1.65507,  -995.315E-03,   23.1229E-03
F:/Desktop/DeepOnet_Abaqus/StaticElasticJob6.odb,Step-1,Increment      1: Step Time =    1.000,"PLATE-1",          2238,             1,      -1.36875,       1.18355,            0.,"ASSEMBLY_PLATE-1__PICKEDSET2","ROCK","",      -1.00813,      -1.61910,      -1.61868,      -1.00856,  -16.1188E-03
F:/Desktop/DeepOnet_Abaqus/StaticElasticJob6.odb,Step-1,Increment      1: Step Time =    1.000,"PLATE-1",          2239,             1,      -1.45379,  -637.097E-03,            0.,"ASSEMBLY_PLATE-1__PICKEDSET2","ROCK","",      -1.00780,      -1.62764,      -1.62553,      -1.00991,   36.1005E-03
F:/Desktop/DeepOnet_Abaqus/StaticElasticJob6.odb,Step-1,Increment      1: Step Time =    1.000,"PLATE-1",          2240,             1,      -1.34703,  -950.527E-03,            0.,"ASSEMBLY_PLATE-1__PICKEDSET2","ROCK","",  -998.198E-03,      -1.64550,      -1.64390,  -999.795E-03,   32.1111E-03
F:/Desktop/DeepOnet_Abaqus/StaticElasticJob6.odb,Step-1,Increment      1: Step Time =    1.000,"PLATE-1",          2241,             1,      -1.34689,      -1.17287,            0.,"ASSEMBLY_PLATE-1__PICKEDSET2","ROCK","",  -995.996E-03,      -1.65115,      -1.65018,  -996.967E-03,   25.1956E-03
F:/Desktop/DeepOnet_Abaqus/StaticElasticJob6.odb,Step-1,Increment      1: Step Time =    1.000,"PLATE-1",          2242,             1,      -1.01503,       1.44033,            0.,"ASSEMBLY_PLATE-1__PICKEDSET2","ROCK","",      -1.00685,      -1.62026,      -1.61982,      -1.00730,  -16.5708E-03
F:/Desktop/DeepOnet_Abaqus/StaticElasticJob6.odb,Step-1,Increment      1: Step Time =    1.000,"PLATE-1",          2243,             1,       1.01741,      -1.45218,            0.,"ASSEMBLY_PLATE-1__PICKEDSET2","ROCK","",      -1.00031,      -1.66311,      -1.66283,      -1.00058,  -13.5451E-03
F:/Desktop/DeepOnet_Abaqus/StaticElasticJob6.odb,Step-1,Increment      1: Step Time =    1.000,"PLATE-1",          2244,             1,       1.45313,  -448.701E-03,            0.,"ASSEMBLY_PLATE-1__PICKEDSET2","ROCK","",      -1.01099,      -1.64185,      -1.64112,      -1.01172,  -21.3994E-03
F:/Desktop/DeepOnet_Abaqus/StaticElasticJob6.odb,Step-1,Increment      1: Step Time =    1.000,"PLATE-1",          2245,             1,      -1.45278,      -1.03804,            0.,"ASSEMBLY_PLATE-1__PICKEDSET2","ROCK","",  -998.682E-03,      -1.64485,      -1.64361,  -999.921E-03,   28.2725E-03
F:/Desktop/DeepOnet_Abaqus/StaticElasticJob6.odb,Step-1,Increment      1: Step Time =    1.000,"PLATE-1",          2246,             1,  -879.124E-03,   575.688E-03,            0.,"ASSEMBLY_PLATE-1__PICKEDSET2","ROCK","",  -999.096E-03,      -1.61058,      -1.60717,      -1.00251,  -45.5529E-03
F:/Desktop/DeepOnet_Abaqus/StaticElasticJob6.odb,Step-1,Increment      1: Step Time =    1.000,"PLATE-1",          2247,             1,  -782.344E-03,   564.192E-03,            0.,"ASSEMBLY_PLATE-1__PICKEDSET2","ROCK","",  -988.621E-03,      -1.62124,      -1.61667,  -993.183E-03,  -53.5271E-03
F:/Desktop/DeepOnet_Abaqus/StaticElasticJob6.odb,Step-1,Increment      1: Step Time =    1.000,"PLATE-1",          2248,             1,      -1.06473,  -42.4830E-03,            0.,"ASSEMBLY_PLATE-1__PICKEDSET2","ROCK","",      -1.05164,      -1.55038,      -1.54904,      -1.05298,   25.7849E-03
F:/Desktop/DeepOnet_Abaqus/StaticElasticJob6.odb,Step-1,Increment      1: Step Time =    1.000,"PLATE-1",          2249,             1,       1.27563,  -249.576E-03,            0.,"ASSEMBLY_PLATE-1__PICKEDSET2","ROCK","",      -1.02906,      -1.62751,      -1.62715,      -1.02942,  -14.6930E-03
F:/Desktop/DeepOnet_Abaqus/StaticElasticJob6.odb,Step-1,Increment      1: Step Time =    1.000,"PLATE-1",          2250,             1,       1.27730,   677.594E-03,            0.,"ASSEMBLY_PLATE-1__PICKEDSET2","ROCK","",  -804.387E-03,      -1.83174,      -1.82510,  -811.026E-03,  -82.3174E-03
F:/Desktop/DeepOnet_Abaqus/StaticElasticJob6.odb,Step-1,Increment      1: Step Time =    1.000,"PLATE-1",          2251,             1,  -222.166E-03,  -958.858E-03,            0.,"ASSEMBLY_PLATE-1__PICKEDSET2","ROCK","",  -979.161E-03,      -1.71882,      -1.71839,  -979.595E-03,   17.9080E-03
F:/Desktop/DeepOnet_Abaqus/StaticElasticJob6.odb,Step-1,Increment      1: Step Time =    1.000,"PLATE-1",          2252,             1,       1.04458,  -604.010E-03,            0.,"ASSEMBLY_PLATE-1__PICKEDSET2","ROCK","",      -1.01409,      -1.64900,      -1.64607,      -1.01701,  -42.9802E-03
F:/Desktop/DeepOnet_Abaqus/StaticElasticJob6.odb,Step-1,Increment      1: Step Time =    1.000,"PLATE-1",          2253,             1,       1.09640,  -484.887E-03,            0.,"ASSEMBLY_PLATE-1__PICKEDSET2","ROCK","",      -1.02376,      -1.63662,      -1.63393,      -1.02645,  -40.4661E-03
F:/Desktop/DeepOnet_Abaqus/StaticElasticJob6.odb,Step-1,Increment      1: Step Time =    1.000,"PLATE-1",          2254,             1,   674.278E-03,      -1.10050,            0.,"ASSEMBLY_PLATE-1__PICKEDSET2","ROCK","",  -995.235E-03,      -1.68279,      -1.68201,  -996.014E-03,  -23.1338E-03
F:/Desktop/DeepOnet_Abaqus/StaticElasticJob6.odb,Step-1,Increment      1: Step Time =    1.000,"PLATE-1",          2255,             1,   551.109E-03,   934.476E-03,            0.,"ASSEMBLY_PLATE-1__PICKEDSET2","ROCK","",  -827.310E-03,      -1.77381,      -1.59503,      -1.00608,   370.471E-03
F:/Desktop/DeepOnet_Abaqus/StaticElasticJob6.odb,Step-1,Increment      1: Step Time =    1.000,"PLATE-1",          2256,             1,   351.256E-03,      -1.05866,            0.,"ASSEMBLY_PLATE-1__PICKEDSET2","ROCK","",  -989.213E-03,      -1.70275,      -1.70231,  -989.652E-03,  -17.6998E-03
F:/Desktop/DeepOnet_Abaqus/StaticElasticJob6.odb,Step-1,Increment      1: Step Time =    1.000,"PLATE-1",          2257,             1,  -502.303E-03,  -945.127E-03,            0.,"ASSEMBLY_PLATE-1__PICKEDSET2","ROCK","",  -980.778E-03,      -1.69965,      -1.69810,  -982.330E-03,   33.3699E-03
F:/Desktop/DeepOnet_Abaqus/StaticElasticJob6.odb,Step-1,Increment      1: Step Time =    1.000,"PLATE-1",          2258,             1,  -155.302E-03,       1.08715,            0.,"ASSEMBLY_PLATE-1__PICKEDSET2","ROCK","",      -1.03527,      -1.58840,      -1.58645,      -1.03721,   32.7232E-03
F:/Desktop/DeepOnet_Abaqus/StaticElasticJob6.odb,Step-1,Increment      1: Step Time =    1.000,"PLATE-1",          2259,             1,  -259.438E-03,      -1.15773,            0.,"ASSEMBLY_PLATE-1__PICKEDSET2","ROCK","",  -988.813E-03,      -1.69665,      -1.69650,  -988.968E-03,   10.4803E-03
F:/Desktop/DeepOnet_Abaqus/StaticElasticJob6.odb,Step-1,Increment      1: Step Time =    1.000,"PLATE-1",          2260,             1,       1.10275,   98.1926E-03,            0.,"ASSEMBLY_PLATE-1__PICKEDSET2","ROCK","",      -1.05516,      -1.62274,      -1.62052,      -1.05738,   35.4280E-03
F:/Desktop/DeepOnet_Abaqus/StaticElasticJob6.odb,Step-1,Increment      1: Step Time =    1.000,"PLATE-1",          2261,             1,   816.327E-03,      -1.11382,            0.,"ASSEMBLY_PLATE-1__PICKEDSET2","ROCK","",  -996.995E-03,      -1.67581,      -1.67500,  -997.802E-03,  -23.3883E-03
F:/Desktop/DeepOnet_Abaqus/StaticElasticJob6.odb,Step-1,Increment      1: Step Time =    1.000,"PLATE-1",          2262,             1,   519.619E-03,       1.09564,            0.,"ASSEMBLY_PLATE-1__PICKEDSET2","ROCK","",  -929.814E-03,      -1.39875,      -1.14253,      -1.18603,   233.456E-03
F:/Desktop/DeepOnet_Abaqus/StaticElasticJob6.odb,Step-1,Increment      1: Step Time =    1.000,"PLATE-1",          2263,             1,   216.810E-03,      -1.36416,            0.,"ASSEMBLY_PLATE-1__PICKEDSET2","ROCK","",  -997.569E-03,      -1.68287,      -1.68282,  -997.611E-03,  -5.35418E-03
F:/Desktop/DeepOnet_Abaqus/StaticElasticJob6.odb,Step-1,Increment      1: Step Time =    1.000,"PLATE-1",          2264,             1,   224.306E-03,      -1.16595,            0.,"ASSEMBLY_PLATE-1__PICKEDSET2","ROCK","",  -992.009E-03,      -1.69755,      -1.69744,  -992.117E-03,  -8.72534E-03
F:/Desktop/DeepOnet_Abaqus/StaticElasticJob6.odb,Step-1,Increment      1: Step Time =    1.000,"PLATE-1",          2265,             1,      -1.13879,  -551.599E-03,            0.,"ASSEMBLY_PLATE-1__PICKEDSET2","ROCK","",      -1.00651,      -1.62724,      -1.62271,      -1.01105,   52.8711E-03
F:/Desktop/DeepOnet_Abaqus/StaticElasticJob6.odb,Step-1,Increment      1: Step Time =    1.000,"PLATE-1",          2266,             1,      -1.07366,  -582.601E-03,            0.,"ASSEMBLY_PLATE-1__PICKEDSET2","ROCK","",      -1.00206,      -1.63463,      -1.62969,      -1.00700,   55.6879E-03
F:/Desktop/DeepOnet_Abaqus/StaticElasticJob6.odb,Step-1,Increment      1: Step Time =    1.000,"PLATE-1",          2267,             1,      -1.14370,  -500.011E-03,            0.,"ASSEMBLY_PLATE-1__PICKEDSET2","ROCK","",      -1.01002,      -1.62075,      -1.61599,      -1.01478,   53.6918E-03
F:/Desktop/DeepOnet_Abaqus/StaticElasticJob6.odb,Step-1,Increment      1: Step Time =    1.000,"PLATE-1",          2268,             1,  -957.459E-03,  -806.558E-03,            0.,"ASSEMBLY_PLATE-1__PICKEDSET2","ROCK","",  -990.529E-03,      -1.65941,      -1.65607,  -993.876E-03,   47.2003E-03
F:/Desktop/DeepOnet_Abaqus/StaticElasticJob6.odb,Step-1,Increment      1: Step Time =    1.000,"PLATE-1",          2269,             1,   849.929E-03,   721.209E-03,            0.,"ASSEMBLY_PLATE-1__PICKEDSET2","ROCK","",      -1.14413,      -2.00299,      -1.98445,      -1.16266,   124.801E-03
F:/Desktop/DeepOnet_Abaqus/StaticElasticJob6.odb,Step-1,Increment      1: Step Time =    1.000,"PLATE-1",          2270,             1,   49.3738E-03,       1.01399,            0.,"ASSEMBLY_PLATE-1__PICKEDSET2","ROCK","",      -1.03540,      -1.58370,      -1.57314,      -1.04595,   75.3511E-03
F:/Desktop/DeepOnet_Abaqus/StaticElasticJob6.odb,Step-1,Increment      1: Step Time =    1.000,"PLATE-1",          2271,             1,  -826.976E-03,       1.02404,            0.,"ASSEMBLY_PLATE-1__PICKEDSET2","ROCK","",      -1.00001,      -1.62553,      -1.62528,      -1.00026,  -12.4142E-03
F:/Desktop/DeepOnet_Abaqus/StaticElasticJob6.odb,Step-1,Increment      1: Step Time =    1.000,"PLATE-1",          2272,             1,      -1.05554,  -625.398E-03,            0.,"ASSEMBLY_PLATE-1__PICKEDSET2","ROCK","",      -1.00043,      -1.63809,      -1.63338,      -1.00514,   54.5766E-03
F:/Desktop/DeepOnet_Abaqus/StaticElasticJob6.odb,Step-1,Increment      1: Step Time =    1.000,"PLATE-1",          2273,             1,  -935.621E-03,  -585.028E-03,            0.,"ASSEMBLY_PLATE-1__PICKEDSET2","ROCK","",  -996.527E-03,      -1.64335,      -1.63655,      -1.00333,   65.9796E-03
F:/Desktop/DeepOnet_Abaqus/StaticElasticJob6.odb,Step-1,Increment      1: Step Time =    1.000,"PLATE-1",          2274,             1,       1.06586,   338.075E-03,            0.,"ASSEMBLY_PLATE-1__PICKEDSET2","ROCK","",      -1.03318,      -1.70057,      -1.69000,      -1.04375,   83.3273E-03
F:/Desktop/DeepOnet_Abaqus/StaticElasticJob6.odb,Step-1,Increment      1: Step Time =    1.000,"PLATE-1",          2275,             1,  -442.134E-03,  -915.555E-03,            0.,"ASSEMBLY_PLATE-1__PICKEDSET2","ROCK","",  -978.677E-03,      -1.70739,      -1.70586,  -980.211E-03,   33.4085E-03
F:/Desktop/DeepOnet_Abaqus/StaticElasticJob6.odb,Step-1,Increment      1: Step Time =    1.000,"PLATE-1",          2276,             1,  -273.944E-03,  -988.990E-03,            0.,"ASSEMBLY_PLATE-1__PICKEDSET2","ROCK","",  -981.396E-03,      -1.71213,      -1.71163,  -981.888E-03,   18.9464E-03
F:/Desktop/DeepOnet_Abaqus/StaticElasticJob6.odb,Step-1,Increment      1: Step Time =    1.000,"PLATE-1",          2277,             1,  -580.548E-03,       1.03024,            0.,"ASSEMBLY_PLATE-1__PICKEDSET2","ROCK","",      -1.00127,      -1.62896,      -1.62896,      -1.00128,   1.22560E-03
F:/Desktop/DeepOnet_Abaqus/StaticElasticJob6.odb,Step-1,Increment      1: Step Time =    1.000,"PLATE-1",          2278,             1,      -1.19368,  -327.357E-03,            0.,"ASSEMBLY_PLATE-1__PICKEDSET2","ROCK","",      -1.02373,      -1.59821,      -1.59423,      -1.02772,   47.6571E-03
F:/Desktop/DeepOnet_Abaqus/StaticElasticJob6.odb,Step-1,Increment      1: Step Time =    1.000,"PLATE-1",          2279,             1,       1.31134,      -1.10062,            0.,"ASSEMBLY_PLATE-1__PICKEDSET2","ROCK","",      -1.00096,      -1.65811,      -1.65743,      -1.00165,  -21.2084E-03
F:/Desktop/DeepOnet_Abaqus/StaticElasticJob6.odb,Step-1,Increment      1: Step Time =    1.000,"PLATE-1",          2280,             1,  -955.975E-03,  -743.258E-03,            0.,"ASSEMBLY_PLATE-1__PICKEDSET2","ROCK","",  -991.301E-03,      -1.65654,      -1.65234,  -995.499E-03,   52.6739E-03
F:/Desktop/DeepOnet_Abaqus/StaticElasticJob6.odb,Step-1,Increment      1: Step Time =    1.000,"PLATE-1",          2281,             1,       1.29824,       1.38948,            0.,"ASSEMBLY_PLATE-1__PICKEDSET2","ROCK","",  -697.181E-03,      -1.77271,      -1.42320,      -1.04669,   503.736E-03
F:/Desktop/DeepOnet_Abaqus/StaticElasticJob6.odb,Step-1,Increment      1: Step Time =    1.000,"PLATE-1",          2282,             1,   723.356E-03,       1.44797,            0.,"ASSEMBLY_PLATE-1__PICKEDSET2","ROCK","",  -537.770E-03,      -1.83825,      -1.62887,  -747.156E-03,  -477.975E-03
F:/Desktop/DeepOnet_Abaqus/StaticElasticJob6.odb,Step-1,Increment      1: Step Time =    1.000,"PLATE-1",          2283,             1,      -1.03179,   156.531E-03,            0.,"ASSEMBLY_PLATE-1__PICKEDSET2","ROCK","",      -1.05267,      -1.54336,      -1.54324,      -1.05279,  -7.74105E-03
F:/Desktop/DeepOnet_Abaqus/StaticElasticJob6.odb,Step-1,Increment      1: Step Time =    1.000,"PLATE-1",          2284,             1,  -761.442E-03,   958.129E-03,            0.,"ASSEMBLY_PLATE-1__PICKEDSET2","ROCK","",  -995.740E-03,      -1.63056,      -1.63031,  -995.994E-03,  -12.6804E-03
F:/Desktop/DeepOnet_Abaqus/StaticElasticJob6.odb,Step-1,Increment      1: Step Time =    1.000,"PLATE-1",          2285,             1,   980.882E-03,   590.383E-03,            0.,"ASSEMBLY_PLATE-1__PICKEDSET2","ROCK","",      -1.03923,      -1.85181,      -1.83550,      -1.05553,   113.942E-03
F:/Desktop/DeepOnet_Abaqus/StaticElasticJob6.odb,Step-1,Increment      1: Step Time =    1.000,"PLATE-1",          2286,             1,       1.17597,  -422.790E-03,            0.,"ASSEMBLY_PLATE-1__PICKEDSET2","ROCK","",      -1.02642,      -1.63200,      -1.63031,      -1.02811,  -31.9242E-03
F:/Desktop/DeepOnet_Abaqus/StaticElasticJob6.odb,Step-1,Increment      1: Step Time =    1.000,"PLATE-1",          2287,             1,   355.389E-03,       1.03369,            0.,"ASSEMBLY_PLATE-1__PICKEDSET2","ROCK","",      -1.00099,      -1.52405,      -1.46004,      -1.06500,   171.417E-03
F:/Desktop/DeepOnet_Abaqus/StaticElasticJob6.odb,Step-1,Increment      1: Step Time =    1.000,"PLATE-1",          2288,             1,   701.755E-03,   686.705E-03,            0.,"ASSEMBLY_PLATE-1__PICKEDSET2","ROCK","",  -988.916E-03,      -1.98140,      -1.97177,  -998.547E-03,   97.2895E-03
F:/Desktop/DeepOnet_Abaqus/StaticElasticJob6.odb,Step-1,Increment      1: Step Time =    1.000,"PLATE-1",          2289,             1,       1.07119,  -873.230E-03,            0.,"ASSEMBLY_PLATE-1__PICKEDSET2","ROCK","",      -1.00277,      -1.66245,      -1.66088,      -1.00434,  -32.1220E-03
F:/Desktop/DeepOnet_Abaqus/StaticElasticJob6.odb,Step-1,Increment      1: Step Time =    1.000,"PLATE-1",          2290,             1,   687.812E-03,   761.130E-03,            0.,"ASSEMBLY_PLATE-1__PICKEDSET2","ROCK","",  -885.719E-03,      -2.02348,      -2.00135,  -907.850E-03,   157.131E-03
F:/Desktop/DeepOnet_Abaqus/StaticElasticJob6.odb,Step-1,Increment      1: Step Time =    1.000,"PLATE-1",          2291,             1,  -183.889E-03,       1.16407,            0.,"ASSEMBLY_PLATE-1__PICKEDSET2","ROCK","",      -1.03831,      -1.57704,      -1.57650,      -1.03884,   16.9415E-03
F:/Desktop/DeepOnet_Abaqus/StaticElasticJob6.odb,Step-1,Increment      1: Step Time =    1.000,"PLATE-1",          2292,             1,  -305.200E-03,       1.14061,            0.,"ASSEMBLY_PLATE-1__PICKEDSET2","ROCK","",      -1.02627,      -1.59874,      -1.59829,      -1.02673,   16.0713E-03
F:/Desktop/DeepOnet_Abaqus/StaticElasticJob6.odb,Step-1,Increment      1: Step Time =    1.000,"PLATE-1",          2293,             1,  -379.307E-03,       1.21050,            0.,"ASSEMBLY_PLATE-1__PICKEDSET2","ROCK","",      -1.02358,      -1.59913,      -1.59908,      -1.02363,   5.45378E-03
F:/Desktop/DeepOnet_Abaqus/StaticElasticJob6.odb,Step-1,Increment      1: Step Time =    1.000,"PLATE-1",          2294,             1,  -461.346E-03,       1.04223,            0.,"ASSEMBLY_PLATE-1__PICKEDSET2","ROCK","",      -1.00714,      -1.62544,      -1.62526,      -1.00732,   10.5583E-03
F:/Desktop/DeepOnet_Abaqus/StaticElasticJob6.odb,Step-1,Increment      1: Step Time =    1.000,"PLATE-1",          2295,             1,   887.445E-03,  -867.459E-03,            0.,"ASSEMBLY_PLATE-1__PICKEDSET2","ROCK","",  -999.043E-03,      -1.67254,      -1.67051,      -1.00107,  -36.9154E-03
F:/Desktop/DeepOnet_Abaqus/StaticElasticJob6.odb,Step-1,Increment      1: Step Time =    1.000,"PLATE-1",          2296,             1,   959.597E-03,  -910.080E-03,            0.,"ASSEMBLY_PLATE-1__PICKEDSET2","ROCK","",      -1.00021,      -1.66867,      -1.66705,      -1.00184,  -32.9551E-03
F:/Desktop/DeepOnet_Abaqus/StaticElasticJob6.odb,Step-1,Increment      1: Step Time =    1.000,"PLATE-1",          2297,             1,      -1.16239,   433.551E-03,            0.,"ASSEMBLY_PLATE-1__PICKEDSET2","ROCK","",      -1.02571,      -1.58451,      -1.58358,      -1.02664,  -22.7361E-03
F:/Desktop/DeepOnet_Abaqus/StaticElasticJob6.odb,Step-1,Increment      1: Step Time =    1.000,"PLATE-1",          2298,             1,      -1.24457,   294.162E-03,            0.,"ASSEMBLY_PLATE-1__PICKEDSET2","ROCK","",      -1.03388,      -1.57686,      -1.57668,      -1.03407,  -9.95749E-03
F:/Desktop/DeepOnet_Abaqus/StaticElasticJob6.odb,Step-1,Increment      1: Step Time =    1.000,"PLATE-1",          2299,             1,      -1.28911,      -1.12767,            0.,"ASSEMBLY_PLATE-1__PICKEDSET2","ROCK","",  -995.453E-03,      -1.65190,      -1.65075,  -996.606E-03,   27.4825E-03
F:/Desktop/DeepOnet_Abaqus/StaticElasticJob6.odb,Step-1,Increment      1: Step Time =    1.000,"PLATE-1",          2300,             1,      -1.32746,  -855.620E-03,            0.,"ASSEMBLY_PLATE-1__PICKEDSET2","ROCK","",  -999.383E-03,      -1.64243,      -1.64044,      -1.00137,   35.7194E-03
F:/Desktop/DeepOnet_Abaqus/StaticElasticJob6.odb,Step-1,Increment      1: Step Time =    1.000,"PLATE-1",          2301,             1,       1.36474,   759.584E-03,            0.,"ASSEMBLY_PLATE-1__PICKEDSET2","ROCK","",  -774.784E-03,      -1.73625,      -1.68925,  -821.793E-03,  -207.335E-03
F:/Desktop/DeepOnet_Abaqus/StaticElasticJob6.odb,Step-1,Increment      1: Step Time =    1.000,"PLATE-1",          2302,             1,       1.36113,   852.020E-03,            0.,"ASSEMBLY_PLATE-1__PICKEDSET2","ROCK","",  -738.419E-03,      -1.67771,      -1.56725,  -848.886E-03,  -302.586E-03
F:/Desktop/DeepOnet_Abaqus/StaticElasticJob6.odb,Step-1,Increment      1: Step Time =    1.000,"PLATE-1",          2303,             1,  -707.544E-03,      -1.38923,            0.,"ASSEMBLY_PLATE-1__PICKEDSET2","ROCK","",  -993.530E-03,      -1.67026,      -1.66996,  -993.828E-03,   14.1956E-03
F:/Desktop/DeepOnet_Abaqus/StaticElasticJob6.odb,Step-1,Increment      1: Step Time =    1.000,"PLATE-1",          2304,             1,   142.787E-03,       1.01441,            0.,"ASSEMBLY_PLATE-1__PICKEDSET2","ROCK","",      -1.03478,      -1.56637,      -1.54912,      -1.05203,   94.1889E-03
F:/Desktop/DeepOnet_Abaqus/StaticElasticJob6.odb,Step-1,Increment      1: Step Time =    1.000,"PLATE-1",          2305,             1,   297.773E-03,       1.07853,            0.,"ASSEMBLY_PLATE-1__PICKEDSET2","ROCK","",      -1.05377,      -1.46577,      -1.42829,      -1.09126,   118.478E-03
F:/Desktop/DeepOnet_Abaqus/StaticElasticJob6.odb,Step-1,Increment      1: Step Time =    1.000,"PLATE-1",          2306,             1,  -635.759E-03,       1.12385,            0.,"ASSEMBLY_PLATE-1__PICKEDSET2","ROCK","",      -1.00545,      -1.62174,      -1.62172,      -1.00547,  -3.31370E-03
F:/Desktop/DeepOnet_Abaqus/StaticElasticJob6.odb,Step-1,Increment      1: Step Time =    1.000,"PLATE-1",          2307,             1,  -719.835E-03,       1.09097,            0.,"ASSEMBLY_PLATE-1__PICKEDSET2","ROCK","",      -1.00258,      -1.62397,      -1.62387,      -1.00268,  -7.82415E-03
F:/Desktop/DeepOnet_Abaqus/StaticElasticJob6.odb,Step-1,Increment      1: Step Time =    1.000,"PLATE-1",          2308,             1,      -1.20533,   250.529E-03,            0.,"ASSEMBLY_PLATE-1__PICKEDSET2","ROCK","",      -1.03726,      -1.57112,      -1.57096,      -1.03742,  -9.44906E-03
F:/Desktop/DeepOnet_Abaqus/StaticElasticJob6.odb,Step-1,Increment      1: Step Time =    1.000,"PLATE-1",          2309,             1,      -1.22123,   105.273E-03,            0.,"ASSEMBLY_PLATE-1__PICKEDSET2","ROCK","",      -1.04240,      -1.56611,      -1.56604,      -1.04248,   6.24383E-03
F:/Desktop/DeepOnet_Abaqus/StaticElasticJob6.odb,Step-1,Increment      1: Step Time =    1.000,"PLATE-1",          2310,             1,       1.26577,  -339.747E-03,            0.,"ASSEMBLY_PLATE-1__PICKEDSET2","ROCK","",      -1.02687,      -1.62992,      -1.62913,      -1.02766,  -21.8895E-03
F:/Desktop/DeepOnet_Abaqus/StaticElasticJob6.odb,Step-1,Increment      1: Step Time =    1.000,"PLATE-1",          2311,             1,  -446.145E-03,       1.20627,            0.,"ASSEMBLY_PLATE-1__PICKEDSET2","ROCK","",      -1.01841,      -1.60531,      -1.60530,      -1.01842,   2.21756E-03
F:/Desktop/DeepOnet_Abaqus/StaticElasticJob6.odb,Step-1,Increment      1: Step Time =    1.000,"PLATE-1",          2312,             1,  -309.087E-03,       1.26661,            0.,"ASSEMBLY_PLATE-1__PICKEDSET2","ROCK","",      -1.02999,      -1.58548,      -1.58547,      -1.03000,  -1.81906E-03
F:/Desktop/DeepOnet_Abaqus/StaticElasticJob6.odb,Step-1,Increment      1: Step Time =    1.000,"PLATE-1",          2313,             1,      -1.09593,  -775.226E-03,            0.,"ASSEMBLY_PLATE-1__PICKEDSET2","ROCK","",  -995.858E-03,      -1.64826,      -1.64513,  -998.989E-03,   45.0852E-03
F:/Desktop/DeepOnet_Abaqus/StaticElasticJob6.odb,Step-1,Increment      1: Step Time =    1.000,"PLATE-1",          2314,             1,   462.130E-03,   953.594E-03,            0.,"ASSEMBLY_PLATE-1__PICKEDSET2","ROCK","",  -893.602E-03,      -1.67331,      -1.55752,      -1.00939,   277.266E-03
F:/Desktop/DeepOnet_Abaqus/StaticElasticJob6.odb,Step-1,Increment      1: Step Time =    1.000,"PLATE-1",          2315,             1,      -1.29515,   336.693E-03,            0.,"ASSEMBLY_PLATE-1__PICKEDSET2","ROCK","",      -1.03095,      -1.58188,      -1.58165,      -1.03117,  -11.1013E-03
F:/Desktop/DeepOnet_Abaqus/StaticElasticJob6.odb,Step-1,Increment      1: Step Time =    1.000,"PLATE-1",          2316,             1,       1.06847,   523.780E-03,            0.,"ASSEMBLY_PLATE-1__PICKEDSET2","ROCK","",  -995.923E-03,      -1.80239,      -1.79064,      -1.00767,   96.6206E-03
F:/Desktop/DeepOnet_Abaqus/StaticElasticJob6.odb,Step-1,Increment      1: Step Time =    1.000,"PLATE-1",          2317,             1,       1.29695,       1.27416,            0.,"ASSEMBLY_PLATE-1__PICKEDSET2","ROCK","",  -516.296E-03,      -1.44882,  -675.917E-03,      -1.28920,   351.242E-03
F:/Desktop/DeepOnet_Abaqus/StaticElasticJob6.odb,Step-1,Increment      1: Step Time =    1.000,"PLATE-1",          2318,             1,       1.10963,  -803.678E-03,            0.,"ASSEMBLY_PLATE-1__PICKEDSET2","ROCK","",      -1.00500,      -1.65874,      -1.65702,      -1.00673,  -33.5091E-03
F:/Desktop/DeepOnet_Abaqus/StaticElasticJob6.odb,Step-1,Increment      1: Step Time =    1.000,"PLATE-1",          2319,             1,       1.14799,  -734.666E-03,            0.,"ASSEMBLY_PLATE-1__PICKEDSET2","ROCK","",      -1.00768,      -1.65445,      -1.65264,      -1.00949,  -34.1643E-03
F:/Desktop/DeepOnet_Abaqus/StaticElasticJob6.odb,Step-1,Increment      1: Step Time =    1.000,"PLATE-1",          2320,             1,      -1.17750,   62.8792E-03,            0.,"ASSEMBLY_PLATE-1__PICKEDSET2","ROCK","",      -1.04528,      -1.56141,      -1.56118,      -1.04550,   10.7527E-03
F:/Desktop/DeepOnet_Abaqus/StaticElasticJob6.odb,Step-1,Increment      1: Step Time =    1.000,"PLATE-1",          2321,             1,   457.766E-03,       1.15313,            0.,"ASSEMBLY_PLATE-1__PICKEDSET2","ROCK","",      -1.09537,      -1.24699,      -1.18408,      -1.15828,   74.7040E-03
F:/Desktop/DeepOnet_Abaqus/StaticElasticJob6.odb,Step-1,Increment      1: Step Time =    1.000,"PLATE-1",          2322,             1,       1.08201,   399.773E-03,            0.,"ASSEMBLY_PLATE-1__PICKEDSET2","ROCK","",      -1.01481,      -1.73277,      -1.72267,      -1.02491,   84.5643E-03
F:/Desktop/DeepOnet_Abaqus/StaticElasticJob6.odb,Step-1,Increment      1: Step Time =    1.000,"PLATE-1",          2323,             1,       1.08327,   460.949E-03,            0.,"ASSEMBLY_PLATE-1__PICKEDSET2","ROCK","",      -1.00502,      -1.76251,      -1.75161,      -1.01592,   90.2038E-03
F:/Desktop/DeepOnet_Abaqus/StaticElasticJob6.odb,Step-1,Increment      1: Step Time =    1.000,"PLATE-1",          2324,             1,  -911.461E-03,   966.534E-03,            0.,"ASSEMBLY_PLATE-1__PICKEDSET2","ROCK","",  -999.789E-03,      -1.62418,      -1.62370,      -1.00026,  -17.1970E-03
F:/Desktop/DeepOnet_Abaqus/StaticElasticJob6.odb,Step-1,Increment      1: Step Time =    1.000,"PLATE-1",          2325,             1,       1.29641,  -85.7231E-03,            0.,"ASSEMBLY_PLATE-1__PICKEDSET2","ROCK","",      -1.02691,      -1.63200,      -1.63200,      -1.02691,   1.59047E-03
F:/Desktop/DeepOnet_Abaqus/StaticElasticJob6.odb,Step-1,Increment      1: Step Time =    1.000,"PLATE-1",          2326,             1,       1.27578,   100.730E-03,            0.,"ASSEMBLY_PLATE-1__PICKEDSET2","ROCK","",      -1.01930,      -1.64905,      -1.64816,      -1.02019,   23.6363E-03
F:/Desktop/DeepOnet_Abaqus/StaticElasticJob6.odb,Step-1,Increment      1: Step Time =    1.000,"PLATE-1",          2327,             1,       1.22493,  -14.2629E-03,            0.,"ASSEMBLY_PLATE-1__PICKEDSET2","ROCK","",      -1.03712,      -1.62770,      -1.62747,      -1.03734,   11.5035E-03
F:/Desktop/DeepOnet_Abaqus/StaticElasticJob6.odb,Step-1,Increment      1: Step Time =    1.000,"PLATE-1",          2328,             1,      -1.22185,  -133.566E-03,            0.,"ASSEMBLY_PLATE-1__PICKEDSET2","ROCK","",      -1.03677,      -1.57728,      -1.57544,      -1.03862,   31.5224E-03
F:/Desktop/DeepOnet_Abaqus/StaticElasticJob6.odb,Step-1,Increment      1: Step Time =    1.000,"PLATE-1",          2329,             1,  -609.812E-03,  -928.936E-03,            0.,"ASSEMBLY_PLATE-1__PICKEDSET2","ROCK","",  -981.968E-03,      -1.69116,      -1.68927,  -983.855E-03,   36.5253E-03
F:/Desktop/DeepOnet_Abaqus/StaticElasticJob6.odb,Step-1,Increment      1: Step Time =    1.000,"PLATE-1",          2330,             1,  -451.795E-03,      -1.06137,            0.,"ASSEMBLY_PLATE-1__PICKEDSET2","ROCK","",  -985.089E-03,      -1.69559,      -1.69492,  -985.755E-03,   21.7401E-03
F:/Desktop/DeepOnet_Abaqus/StaticElasticJob6.odb,Step-1,Increment      1: Step Time =    1.000,"PLATE-1",          2331,             1,       1.03036,   736.197E-03,            0.,"ASSEMBLY_PLATE-1__PICKEDSET2","ROCK","",  -991.246E-03,      -2.02567,      -2.01617,      -1.00075,   98.6979E-03
F:/Desktop/DeepOnet_Abaqus/StaticElasticJob6.odb,Step-1,Increment      1: Step Time =    1.000,"PLATE-1",          2332,             1,  -509.585E-03,   998.426E-03,            0.,"ASSEMBLY_PLATE-1__PICKEDSET2","ROCK","",      -1.00061,      -1.63305,      -1.63296,      -1.00069,   7.51445E-03
F:/Desktop/DeepOnet_Abaqus/StaticElasticJob6.odb,Step-1,Increment      1: Step Time =    1.000,"PLATE-1",          2333,             1,  -997.573E-03,   681.682E-03,            0.,"ASSEMBLY_PLATE-1__PICKEDSET2","ROCK","",      -1.00360,      -1.61217,      -1.61055,      -1.00522,  -31.3306E-03
F:/Desktop/DeepOnet_Abaqus/StaticElasticJob6.odb,Step-1,Increment      1: Step Time =    1.000,"PLATE-1",          2334,             1,      -1.18690,  -621.957E-03,            0.,"ASSEMBLY_PLATE-1__PICKEDSET2","ROCK","",      -1.00381,      -1.63277,      -1.62907,      -1.00751,   48.1060E-03
F:/Desktop/DeepOnet_Abaqus/StaticElasticJob6.odb,Step-1,Increment      1: Step Time =    1.000,"PLATE-1",          2335,             1,       1.14593,  -566.503E-03,            0.,"ASSEMBLY_PLATE-1__PICKEDSET2","ROCK","",      -1.01652,      -1.64393,      -1.64177,      -1.01868,  -36.7514E-03
F:/Desktop/DeepOnet_Abaqus/StaticElasticJob6.odb,Step-1,Increment      1: Step Time =    1.000,"PLATE-1",          2336,             1,       1.07869,  -701.566E-03,            0.,"ASSEMBLY_PLATE-1__PICKEDSET2","ROCK","",      -1.00870,      -1.65490,      -1.65264,      -1.01095,  -38.1355E-03
F:/Desktop/DeepOnet_Abaqus/StaticElasticJob6.odb,Step-1,Increment      1: Step Time =    1.000,"PLATE-1",          2337,             1,      -1.21547,  -449.170E-03,            0.,"ASSEMBLY_PLATE-1__PICKEDSET2","ROCK","",      -1.01442,      -1.61416,      -1.61024,      -1.01834,   48.3213E-03
F:/Desktop/DeepOnet_Abaqus/StaticElasticJob6.odb,Step-1,Increment      1: Step Time =    1.000,"PLATE-1",          2338,             1,   918.304E-03,      -1.13017,            0.,"ASSEMBLY_PLATE-1__PICKEDSET2","ROCK","",  -998.527E-03,      -1.67057,      -1.66980,  -999.303E-03,  -22.8202E-03
F:/Desktop/DeepOnet_Abaqus/StaticElasticJob6.odb,Step-1,Increment      1: Step Time =    1.000,"PLATE-1",          2339,             1,   136.598E-03,       1.11842,            0.,"ASSEMBLY_PLATE-1__PICKEDSET2","ROCK","",      -1.06662,      -1.50398,      -1.49751,      -1.07309,   52.7933E-03
F:/Desktop/DeepOnet_Abaqus/StaticElasticJob6.odb,Step-1,Increment      1: Step Time =    1.000,"PLATE-1",          2340,             1,   29.2481E-03,       1.16171,            0.,"ASSEMBLY_PLATE-1__PICKEDSET2","ROCK","",      -1.06189,      -1.52392,      -1.52218,      -1.06363,   28.3037E-03
F:/Desktop/DeepOnet_Abaqus/StaticElasticJob6.odb,Step-1,Increment      1: Step Time =    1.000,"PLATE-1",          2341,             1,       1.29060,  -164.048E-03,            0.,"ASSEMBLY_PLATE-1__PICKEDSET2","ROCK","",      -1.02894,      -1.62867,      -1.62861,      -1.02900,  -6.17428E-03
F:/Desktop/DeepOnet_Abaqus/StaticElasticJob6.odb,Step-1,Increment      1: Step Time =    1.000,"PLATE-1",          2342,             1,       1.11728,   179.757E-03,            0.,"ASSEMBLY_PLATE-1__PICKEDSET2","ROCK","",      -1.04410,      -1.64625,      -1.64209,      -1.04826,   49.8408E-03
F:/Desktop/DeepOnet_Abaqus/StaticElasticJob6.odb,Step-1,Increment      1: Step Time =    1.000,"PLATE-1",          2343,             1,   271.887E-03,      -1.23487,            0.,"ASSEMBLY_PLATE-1__PICKEDSET2","ROCK","",  -994.641E-03,      -1.69061,      -1.69050,  -994.751E-03,  -8.73077E-03
F:/Desktop/DeepOnet_Abaqus/StaticElasticJob6.odb,Step-1,Increment      1: Step Time =    1.000,"PLATE-1",          2344,             1,   384.269E-03,      -1.25440,            0.,"ASSEMBLY_PLATE-1__PICKEDSET2","ROCK","",  -995.672E-03,      -1.68658,      -1.68641,  -995.843E-03,  -10.8552E-03
F:/Desktop/DeepOnet_Abaqus/StaticElasticJob6.odb,Step-1,Increment      1: Step Time =    1.000,"PLATE-1",          2345,             1,   434.432E-03,      -1.20339,            0.,"ASSEMBLY_PLATE-1__PICKEDSET2","ROCK","",  -994.558E-03,      -1.68855,      -1.68826,  -994.850E-03,  -14.2292E-03
F:/Desktop/DeepOnet_Abaqus/StaticElasticJob6.odb,Step-1,Increment      1: Step Time =    1.000,"PLATE-1",          2346,             1,      -1.00303,  -958.410E-03,            0.,"ASSEMBLY_PLATE-1__PICKEDSET2","ROCK","",  -990.577E-03,      -1.66209,      -1.66006,  -992.614E-03,   36.9226E-03
F:/Desktop/DeepOnet_Abaqus/StaticElasticJob6.odb,Step-1,Increment      1: Step Time =    1.000,"PLATE-1",          2347,             1,  -948.120E-03,   831.125E-03,            0.,"ASSEMBLY_PLATE-1__PICKEDSET2","ROCK","",  -998.625E-03,      -1.62267,      -1.62179,  -999.501E-03,  -23.3609E-03
F:/Desktop/DeepOnet_Abaqus/StaticElasticJob6.odb,Step-1,Increment      1: Step Time =    1.000,"PLATE-1",          2348,             1,  -889.321E-03,   748.897E-03,            0.,"ASSEMBLY_PLATE-1__PICKEDSET2","ROCK","",  -995.431E-03,      -1.62350,      -1.62208,  -996.855E-03,  -29.8743E-03
F:/Desktop/DeepOnet_Abaqus/StaticElasticJob6.odb,Step-1,Increment      1: Step Time =    1.000,"PLATE-1",          2349,             1,       1.27676,   761.619E-03,            0.,"ASSEMBLY_PLATE-1__PICKEDSET2","ROCK","",  -739.176E-03,      -1.84248,      -1.80886,  -772.791E-03,  -189.624E-03
F:/Desktop/DeepOnet_Abaqus/StaticElasticJob6.odb,Step-1,Increment      1: Step Time =    1.000,"PLATE-1",          2350,             1,  -861.178E-03,   682.474E-03,            0.,"ASSEMBLY_PLATE-1__PICKEDSET2","ROCK","",  -994.159E-03,      -1.62202,      -1.61992,  -996.260E-03,  -36.2607E-03
F:/Desktop/DeepOnet_Abaqus/StaticElasticJob6.odb,Step-1,Increment      1: Step Time =    1.000,"PLATE-1",          2351,             1,  -700.456E-03,  -973.835E-03,            0.,"ASSEMBLY_PLATE-1__PICKEDSET2","ROCK","",  -984.683E-03,      -1.68235,      -1.68063,  -986.405E-03,   34.6240E-03
F:/Desktop/DeepOnet_Abaqus/StaticElasticJob6.odb,Step-1,Increment      1: Step Time =    1.000,"PLATE-1",          2352,             1,  -843.509E-03,  -951.342E-03,            0.,"ASSEMBLY_PLATE-1__PICKEDSET2","ROCK","",  -986.983E-03,      -1.67204,      -1.67001,  -989.014E-03,   37.2442E-03
F:/Desktop/DeepOnet_Abaqus/StaticElasticJob6.odb,Step-1,Increment      1: Step Time =    1.000,"PLATE-1",          2353,             1,       1.03281,  -945.701E-03,            0.,"ASSEMBLY_PLATE-1__PICKEDSET2","ROCK","",      -1.00084,      -1.66570,      -1.66435,      -1.00218,  -29.9011E-03
F:/Desktop/DeepOnet_Abaqus/StaticElasticJob6.odb,Step-1,Increment      1: Step Time =    1.000,"PLATE-1",          2354,             1,      -1.28324,   657.503E-03,            0.,"ASSEMBLY_PLATE-1__PICKEDSET2","ROCK","",      -1.01496,      -1.60368,      -1.60297,      -1.01567,  -20.4726E-03
F:/Desktop/DeepOnet_Abaqus/StaticElasticJob6.odb,Step-1,Increment      1: Step Time =    1.000,"PLATE-1",          2355,             1,   513.261E-03,   992.329E-03,            0.,"ASSEMBLY_PLATE-1__PICKEDSET2","ROCK","",  -898.939E-03,      -1.58180,      -1.42126,      -1.05948,   289.575E-03
F:/Desktop/DeepOnet_Abaqus/StaticElasticJob6.odb,Step-1,Increment      1: Step Time =    1.000,"PLATE-1",          2356,             1,       1.18953,   184.212E-03,            0.,"ASSEMBLY_PLATE-1__PICKEDSET2","ROCK","",      -1.02635,      -1.65605,      -1.65320,      -1.02920,   42.2552E-03
F:/Desktop/DeepOnet_Abaqus/StaticElasticJob6.odb,Step-1,Increment      1: Step Time =    1.000,"PLATE-1",          2357,             1,  -59.5175E-03,       1.21236,            0.,"ASSEMBLY_PLATE-1__PICKEDSET2","ROCK","",      -1.05311,      -1.54335,      -1.54309,      -1.05337,   11.3741E-03
F:/Desktop/DeepOnet_Abaqus/StaticElasticJob6.odb,Step-1,Increment      1: Step Time =    1.000,"PLATE-1",          2358,             1,  -415.651E-03,  -975.991E-03,            0.,"ASSEMBLY_PLATE-1__PICKEDSET2","ROCK","",  -981.590E-03,      -1.70434,      -1.70339,  -982.542E-03,   26.2194E-03
F:/Desktop/DeepOnet_Abaqus/StaticElasticJob6.odb,Step-1,Increment      1: Step Time =    1.000,"PLATE-1",          2359,             1,  -387.681E-03,      -1.03733,            0.,"ASSEMBLY_PLATE-1__PICKEDSET2","ROCK","",  -984.103E-03,      -1.70101,      -1.70039,  -984.722E-03,   21.0603E-03
F:/Desktop/DeepOnet_Abaqus/StaticElasticJob6.odb,Step-1,Increment      1: Step Time =    1.000,"PLATE-1",          2360,             1,  -358.272E-03,      -1.10438,            0.,"ASSEMBLY_PLATE-1__PICKEDSET2","ROCK","",  -986.742E-03,      -1.69692,      -1.69655,  -987.110E-03,   16.1747E-03
F:/Desktop/DeepOnet_Abaqus/StaticElasticJob6.odb,Step-1,Increment      1: Step Time =    1.000,"PLATE-1",          2361,             1,   622.714E-03,      -1.24797,            0.,"ASSEMBLY_PLATE-1__PICKEDSET2","ROCK","",  -996.923E-03,      -1.67926,      -1.67889,  -997.292E-03,  -15.8789E-03
F:/Desktop/DeepOnet_Abaqus/StaticElasticJob6.odb,Step-1,Increment      1: Step Time =    1.000,"PLATE-1",          2362,             1,      -1.11087,   651.303E-03,            0.,"ASSEMBLY_PLATE-1__PICKEDSET2","ROCK","",      -1.01032,      -1.60537,      -1.60409,      -1.01160,  -27.6084E-03
F:/Desktop/DeepOnet_Abaqus/StaticElasticJob6.odb,Step-1,Increment      1: Step Time =    1.000,"PLATE-1",          2363,             1,       1.24951,  -512.832E-03,            0.,"ASSEMBLY_PLATE-1__PICKEDSET2","ROCK","",      -1.01769,      -1.64024,      -1.63877,      -1.01917,  -30.2582E-03
F:/Desktop/DeepOnet_Abaqus/StaticElasticJob6.odb,Step-1,Increment      1: Step Time =    1.000,"PLATE-1",          2364,             1,      -1.31284,  -232.037E-03,            0.,"ASSEMBLY_PLATE-1__PICKEDSET2","ROCK","",      -1.02806,      -1.59298,      -1.59084,      -1.03020,   34.6790E-03
F:/Desktop/DeepOnet_Abaqus/StaticElasticJob6.odb,Step-1,Increment      1: Step Time =    1.000,"PLATE-1",          2365,             1,      -1.37763,  -191.113E-03,            0.,"ASSEMBLY_PLATE-1__PICKEDSET2","ROCK","",      -1.02795,      -1.59364,      -1.59212,      -1.02946,   29.2419E-03
F:/Desktop/DeepOnet_Abaqus/StaticElasticJob6.odb,Step-1,Increment      1: Step Time =    1.000,"PLATE-1",          2366,             1,      -1.12651,  -599.313E-03,            0.,"ASSEMBLY_PLATE-1__PICKEDSET2","ROCK","",      -1.00342,      -1.63270,      -1.62828,      -1.00783,   52.5384E-03
F:/Desktop/DeepOnet_Abaqus/StaticElasticJob6.odb,Step-1,Increment      1: Step Time =    1.000,"PLATE-1",          2367,             1,      -1.06244,  -714.968E-03,            0.,"ASSEMBLY_PLATE-1__PICKEDSET2","ROCK","",  -996.325E-03,      -1.64675,      -1.64293,      -1.00015,   49.7175E-03
F:/Desktop/DeepOnet_Abaqus/StaticElasticJob6.odb,Step-1,Increment      1: Step Time =    1.000,"PLATE-1",          2368,             1,       1.05007,      -1.11912,            0.,"ASSEMBLY_PLATE-1__PICKEDSET2","ROCK","",  -999.637E-03,      -1.66602,      -1.66522,      -1.00043,  -23.0206E-03
F:/Desktop/DeepOnet_Abaqus/StaticElasticJob6.odb,Step-1,Increment      1: Step Time =    1.000,"PLATE-1",          2369,             1,       1.29550,  -16.3645E-03,            0.,"ASSEMBLY_PLATE-1__PICKEDSET2","ROCK","",      -1.02539,      -1.63583,      -1.63570,      -1.02552,   8.87174E-03
F:/Desktop/DeepOnet_Abaqus/StaticElasticJob6.odb,Step-1,Increment      1: Step Time =    1.000,"PLATE-1",          2370,             1,  -154.178E-03,       1.25987,            0.,"ASSEMBLY_PLATE-1__PICKEDSET2","ROCK","",      -1.04297,      -1.56164,      -1.56164,      -1.04297,   251.305E-06
F:/Desktop/DeepOnet_Abaqus/StaticElasticJob6.odb,Step-1,Increment      1: Step Time =    1.000,"PLATE-1",          2371,             1,  -86.4490E-03,       1.28100,            0.,"ASSEMBLY_PLATE-1__PICKEDSET2","ROCK","",      -1.04909,      -1.54425,      -1.54413,      -1.04920,  -7.58469E-03
F:/Desktop/DeepOnet_Abaqus/StaticElasticJob6.odb,Step-1,Increment      1: Step Time =    1.000,"PLATE-1",          2372,             1,   707.328E-03,      -1.27502,            0.,"ASSEMBLY_PLATE-1__PICKEDSET2","ROCK","",  -997.760E-03,      -1.67567,      -1.67529,  -998.143E-03,  -16.1029E-03
F:/Desktop/DeepOnet_Abaqus/StaticElasticJob6.odb,Step-1,Increment      1: Step Time =    1.000,"PLATE-1",          2373,             1,   795.076E-03,      -1.28209,            0.,"ASSEMBLY_PLATE-1__PICKEDSET2","ROCK","",  -998.389E-03,      -1.67261,      -1.67219,  -998.803E-03,  -16.7055E-03
F:/Desktop/DeepOnet_Abaqus/StaticElasticJob6.odb,Step-1,Increment      1: Step Time =    1.000,"PLATE-1",          2374,             1,      -1.17961,   683.253E-03,            0.,"ASSEMBLY_PLATE-1__PICKEDSET2","ROCK","",      -1.01171,      -1.60590,      -1.60493,      -1.01268,  -23.9937E-03
F:/Desktop/DeepOnet_Abaqus/StaticElasticJob6.odb,Step-1,Increment      1: Step Time =    1.000,"PLATE-1",          2375,             1,   345.835E-03,       1.14170,            0.,"ASSEMBLY_PLATE-1__PICKEDSET2","ROCK","",      -1.09543,      -1.36526,      -1.34402,      -1.11667,   72.6618E-03
F:/Desktop/DeepOnet_Abaqus/StaticElasticJob6.odb,Step-1,Increment      1: Step Time =    1.000,"PLATE-1",          2376,             1,  -983.829E-03,      -1.02421,            0.,"ASSEMBLY_PLATE-1__PICKEDSET2","ROCK","",  -990.595E-03,      -1.66350,      -1.66189,  -992.207E-03,   32.8916E-03
F:/Desktop/DeepOnet_Abaqus/StaticElasticJob6.odb,Step-1,Increment      1: Step Time =    1.000,"PLATE-1",          2377,             1,       1.25076,   182.938E-03,            0.,"ASSEMBLY_PLATE-1__PICKEDSET2","ROCK","",      -1.01181,      -1.66446,      -1.66269,      -1.01358,   33.9304E-03
F:/Desktop/DeepOnet_Abaqus/StaticElasticJob6.odb,Step-1,Increment      1: Step Time =    1.000,"PLATE-1",          2378,             1,      -1.29049,  -522.249E-03,            0.,"ASSEMBLY_PLATE-1__PICKEDSET2","ROCK","",      -1.01085,      -1.62100,      -1.61784,      -1.01401,   43.8290E-03
F:/Desktop/DeepOnet_Abaqus/StaticElasticJob6.odb,Step-1,Increment      1: Step Time =    1.000,"PLATE-1",          2379,             1,       1.25634,  -696.689E-03,            0.,"ASSEMBLY_PLATE-1__PICKEDSET2","ROCK","",      -1.00873,      -1.65051,      -1.64905,      -1.01018,  -30.5343E-03
F:/Desktop/DeepOnet_Abaqus/StaticElasticJob6.odb,Step-1,Increment      1: Step Time =    1.000,"PLATE-1",          2380,             1,      -1.11824,  -694.581E-03,            0.,"ASSEMBLY_PLATE-1__PICKEDSET2","ROCK","",  -998.864E-03,      -1.64167,      -1.63792,      -1.00261,   48.9503E-03
F:/Desktop/DeepOnet_Abaqus/StaticElasticJob6.odb,Step-1,Increment      1: Step Time =    1.000,"PLATE-1",          2381,             1,       1.26292,  -428.594E-03,            0.,"ASSEMBLY_PLATE-1__PICKEDSET2","ROCK","",      -1.02148,      -1.63515,      -1.63394,      -1.02269,  -27.1901E-03
F:/Desktop/DeepOnet_Abaqus/StaticElasticJob6.odb,Step-1,Increment      1: Step Time =    1.000,"PLATE-1",          2382,             1,      -1.24466,   49.3657E-03,            0.,"ASSEMBLY_PLATE-1__PICKEDSET2","ROCK","",      -1.04058,      -1.57062,      -1.57028,      -1.04092,   13.4497E-03
F:/Desktop/DeepOnet_Abaqus/StaticElasticJob6.odb,Step-1,Increment      1: Step Time =    1.000,"PLATE-1",          2383,             1,  -850.103E-03,   877.655E-03,            0.,"ASSEMBLY_PLATE-1__PICKEDSET2","ROCK","",  -995.539E-03,      -1.62783,      -1.62720,  -996.164E-03,  -19.8737E-03
F:/Desktop/DeepOnet_Abaqus/StaticElasticJob6.odb,Step-1,Increment      1: Step Time =    1.000,"PLATE-1",          2384,             1,      -1.04626,   785.788E-03,            0.,"ASSEMBLY_PLATE-1__PICKEDSET2","ROCK","",      -1.00388,      -1.61544,      -1.61442,      -1.00491,  -25.0749E-03
F:/Desktop/DeepOnet_Abaqus/StaticElasticJob6.odb,Step-1,Increment      1: Step Time =    1.000,"PLATE-1",          2385,             1,  -966.884E-03,   756.555E-03,            0.,"ASSEMBLY_PLATE-1__PICKEDSET2","ROCK","",  -999.793E-03,      -1.61860,      -1.61728,      -1.00112,  -28.5753E-03
F:/Desktop/DeepOnet_Abaqus/StaticElasticJob6.odb,Step-1,Increment      1: Step Time =    1.000,"PLATE-1",          2386,             1,       1.12891,   603.024E-03,            0.,"ASSEMBLY_PLATE-1__PICKEDSET2","ROCK","",  -917.805E-03,      -1.86887,      -1.86438,  -922.293E-03,   65.1783E-03
F:/Desktop/DeepOnet_Abaqus/StaticElasticJob6.odb,Step-1,Increment      1: Step Time =    1.000,"PLATE-1",          2387,             1,      -1.20929,  -387.599E-03,            0.,"ASSEMBLY_PLATE-1__PICKEDSET2","ROCK","",      -1.01874,      -1.60689,      -1.60295,      -1.02268,   47.9757E-03
F:/Desktop/DeepOnet_Abaqus/StaticElasticJob6.odb,Step-1,Increment      1: Step Time =    1.000,"PLATE-1",          2388,             1,      -1.14481,  -445.797E-03,            0.,"ASSEMBLY_PLATE-1__PICKEDSET2","ROCK","",      -1.01430,      -1.61366,      -1.60895,      -1.01901,   52.9165E-03
F:/Desktop/DeepOnet_Abaqus/StaticElasticJob6.odb,Step-1,Increment      1: Step Time =    1.000,"PLATE-1",          2389,             1,   198.808E-03,      -1.27267,            0.,"ASSEMBLY_PLATE-1__PICKEDSET2","ROCK","",  -995.341E-03,      -1.68887,      -1.68882,  -995.389E-03,  -5.79326E-03
F:/Desktop/DeepOnet_Abaqus/StaticElasticJob6.odb,Step-1,Increment      1: Step Time =    1.000,"PLATE-1",          2390,             1,  -671.101E-03,      -1.08170,            0.,"ASSEMBLY_PLATE-1__PICKEDSET2","ROCK","",  -986.804E-03,      -1.68174,      -1.68072,  -987.828E-03,   26.6512E-03
F:/Desktop/DeepOnet_Abaqus/StaticElasticJob6.odb,Step-1,Increment      1: Step Time =    1.000,"PLATE-1",          2391,             1,       1.12055,   675.180E-03,            0.,"ASSEMBLY_PLATE-1__PICKEDSET2","ROCK","",  -898.234E-03,      -1.92232,      -1.91990,  -900.656E-03,   49.7469E-03
F:/Desktop/DeepOnet_Abaqus/StaticElasticJob6.odb,Step-1,Increment      1: Step Time =    1.000,"PLATE-1",          2392,             1,      -1.12764,  -835.869E-03,            0.,"ASSEMBLY_PLATE-1__PICKEDSET2","ROCK","",  -995.234E-03,      -1.65019,      -1.64752,  -997.905E-03,   41.7349E-03
F:/Desktop/DeepOnet_Abaqus/StaticElasticJob6.odb,Step-1,Increment      1: Step Time =    1.000,"PLATE-1",          2393,             1,  -510.232E-03,       1.19523,            0.,"ASSEMBLY_PLATE-1__PICKEDSET2","ROCK","",      -1.01460,      -1.61074,      -1.61074,      -1.01460,  -79.5008E-06
F:/Desktop/DeepOnet_Abaqus/StaticElasticJob6.odb,Step-1,Increment      1: Step Time =    1.000,"PLATE-1",          2394,             1,   915.304E-03,   600.118E-03,            0.,"ASSEMBLY_PLATE-1__PICKEDSET2","ROCK","",      -1.07881,      -1.88976,      -1.87369,      -1.09488,   113.005E-03
F:/Desktop/DeepOnet_Abaqus/StaticElasticJob6.odb,Step-1,Increment      1: Step Time =    1.000,"PLATE-1",          2395,             1,      -1.25399,   402.564E-03,            0.,"ASSEMBLY_PLATE-1__PICKEDSET2","ROCK","",      -1.02783,      -1.58438,      -1.58385,      -1.02835,  -17.1423E-03
F:/Desktop/DeepOnet_Abaqus/StaticElasticJob6.odb,Step-1,Increment      1: Step Time =    1.000,"PLATE-1",          2396,             1,  -214.985E-03,       1.23675,            0.,"ASSEMBLY_PLATE-1__PICKEDSET2","ROCK","",      -1.03775,      -1.57320,      -1.57316,      -1.03778,   4.32094E-03
F:/Desktop/DeepOnet_Abaqus/StaticElasticJob6.odb,Step-1,Increment      1: Step Time =    1.000,"PLATE-1",          2397,             1,   981.194E-03,      -1.10325,            0.,"ASSEMBLY_PLATE-1__PICKEDSET2","ROCK","",  -999.073E-03,      -1.66854,      -1.66767,  -999.943E-03,  -24.1180E-03
F:/Desktop/DeepOnet_Abaqus/StaticElasticJob6.odb,Step-1,Increment      1: Step Time =    1.000,"PLATE-1",          2398,             1,       1.33444,   66.4893E-03,            0.,"ASSEMBLY_PLATE-1__PICKEDSET2","ROCK","",      -1.01207,      -1.64818,      -1.64792,      -1.01233,   12.9159E-03
F:/Desktop/DeepOnet_Abaqus/StaticElasticJob6.odb,Step-1,Increment      1: Step Time =    1.000,"PLATE-1",          2399,             1,   248.049E-03,       1.01671,            0.,"ASSEMBLY_PLATE-1__PICKEDSET2","ROCK","",      -1.02276,      -1.55272,      -1.52050,      -1.05498,   126.642E-03
F:/Desktop/DeepOnet_Abaqus/StaticElasticJob6.odb,Step-1,Increment      1: Step Time =    1.000,"PLATE-1",          2400,             1,       1.13996,   330.079E-03,            0.,"ASSEMBLY_PLATE-1__PICKEDSET2","ROCK","",      -1.01253,      -1.70055,      -1.69408,      -1.01900,   66.4362E-03
F:/Desktop/DeepOnet_Abaqus/StaticElasticJob6.odb,Step-1,Increment      1: Step Time =    1.000,"PLATE-1",          2401,             1,   439.879E-03,       1.26894,            0.,"ASSEMBLY_PLATE-1__PICKEDSET2","ROCK","",      -1.05075,      -1.30301,      -1.23525,      -1.11851,  -111.811E-03
F:/Desktop/DeepOnet_Abaqus/StaticElasticJob6.odb,Step-1,Increment      1: Step Time =    1.000,"PLATE-1",          2402,             1,  -783.181E-03,       1.11937,            0.,"ASSEMBLY_PLATE-1__PICKEDSET2","ROCK","",      -1.00354,      -1.62237,      -1.62220,      -1.00371,  -10.2460E-03
F:/Desktop/DeepOnet_Abaqus/StaticElasticJob6.odb,Step-1,Increment      1: Step Time =    1.000,"PLATE-1",          2403,             1,      -1.11885,  -78.9753E-03,            0.,"ASSEMBLY_PLATE-1__PICKEDSET2","ROCK","",      -1.04508,      -1.56259,      -1.56091,      -1.04676,   29.3851E-03
F:/Desktop/DeepOnet_Abaqus/StaticElasticJob6.odb,Step-1,Increment      1: Step Time =    1.000,"PLATE-1",          2404,             1,      -1.07465,   716.815E-03,            0.,"ASSEMBLY_PLATE-1__PICKEDSET2","ROCK","",      -1.00642,      -1.61115,      -1.60995,      -1.00761,  -26.8196E-03
F:/Desktop/DeepOnet_Abaqus/StaticElasticJob6.odb,Step-1,Increment      1: Step Time =    1.000,"PLATE-1",          2405,             1,      -1.04397,   615.067E-03,            0.,"ASSEMBLY_PLATE-1__PICKEDSET2","ROCK","",      -1.00896,      -1.60446,      -1.60272,      -1.01070,  -32.1091E-03
F:/Desktop/DeepOnet_Abaqus/StaticElasticJob6.odb,Step-1,Increment      1: Step Time =    1.000,"PLATE-1",          2406,             1,      -1.14793,   746.746E-03,            0.,"ASSEMBLY_PLATE-1__PICKEDSET2","ROCK","",      -1.00862,      -1.61032,      -1.60939,      -1.00955,  -23.6881E-03
F:/Desktop/DeepOnet_Abaqus/StaticElasticJob6.odb,Step-1,Increment      1: Step Time =    1.000,"PLATE-1",          2407,             1,       1.19905,   254.521E-03,            0.,"ASSEMBLY_PLATE-1__PICKEDSET2","ROCK","",      -1.01331,      -1.67709,      -1.67351,      -1.01690,   48.6311E-03
F:/Desktop/DeepOnet_Abaqus/StaticElasticJob6.odb,Step-1,Increment      1: Step Time =    1.000,"PLATE-1",          2408,             1,       1.30479,  -622.824E-03,            0.,"ASSEMBLY_PLATE-1__PICKEDSET2","ROCK","",      -1.01097,      -1.64646,      -1.64517,      -1.01226,  -28.6139E-03
F:/Desktop/DeepOnet_Abaqus/StaticElasticJob6.odb,Step-1,Increment      1: Step Time =    1.000,"PLATE-1",          2409,             1,   882.850E-03,      -1.26958,            0.,"ASSEMBLY_PLATE-1__PICKEDSET2","ROCK","",  -998.778E-03,      -1.66991,      -1.66944,  -999.246E-03,  -17.7120E-03
F:/Desktop/DeepOnet_Abaqus/StaticElasticJob6.odb,Step-1,Increment      1: Step Time =    1.000,"PLATE-1",          2410,             1,   221.566E-03,       1.22451,            0.,"ASSEMBLY_PLATE-1__PICKEDSET2","ROCK","",      -1.09265,      -1.41927,      -1.41916,      -1.09277,  -6.21582E-03
F:/Desktop/DeepOnet_Abaqus/StaticElasticJob6.odb,Step-1,Increment      1: Step Time =    1.000,"PLATE-1",          2411,             1,   154.518E-03,       1.25213,            0.,"ASSEMBLY_PLATE-1__PICKEDSET2","ROCK","",      -1.07813,      -1.46147,      -1.46117,      -1.07843,  -10.8014E-03
F:/Desktop/DeepOnet_Abaqus/StaticElasticJob6.odb,Step-1,Increment      1: Step Time =    1.000,"PLATE-1",          2412,             1,   8.95610E-03,       1.23208,            0.,"ASSEMBLY_PLATE-1__PICKEDSET2","ROCK","",      -1.06138,      -1.51771,      -1.51771,      -1.06139,   1.69861E-03
F:/Desktop/DeepOnet_Abaqus/StaticElasticJob6.odb,Step-1,Increment      1: Step Time =    1.000,"PLATE-1",          2413,             1,      -1.37058,   532.555E-03,            0.,"ASSEMBLY_PLATE-1__PICKEDSET2","ROCK","",      -1.02115,      -1.59714,      -1.59674,      -1.02155,  -15.2330E-03
F:/Desktop/DeepOnet_Abaqus/StaticElasticJob6.odb,Step-1,Increment      1: Step Time =    1.000,"PLATE-1",          2414,             1,  -686.144E-03,       1.20659,            0.,"ASSEMBLY_PLATE-1__PICKEDSET2","ROCK","",      -1.00749,      -1.61836,      -1.61827,      -1.00758,  -7.42696E-03
F:/Desktop/DeepOnet_Abaqus/StaticElasticJob6.odb,Step-1,Increment      1: Step Time =    1.000,"PLATE-1",          2415,             1,   284.147E-03,       1.18567,            0.,"ASSEMBLY_PLATE-1__PICKEDSET2","ROCK","",      -1.10830,      -1.37937,      -1.37632,      -1.11135,   28.5820E-03
F:/Desktop/DeepOnet_Abaqus/StaticElasticJob6.odb,Step-1,Increment      1: Step Time =    1.000,"PLATE-1",          2416,             1,   970.609E-03,      -1.26104,            0.,"ASSEMBLY_PLATE-1__PICKEDSET2","ROCK","",  -999.265E-03,      -1.66718,      -1.66668,  -999.771E-03,  -18.3636E-03
F:/Desktop/DeepOnet_Abaqus/StaticElasticJob6.odb,Step-1,Increment      1: Step Time =    1.000,"PLATE-1",          2417,             1,       1.21650,   550.028E-03,            0.,"ASSEMBLY_PLATE-1__PICKEDSET2","ROCK","",  -910.558E-03,      -1.80222,      -1.80117,  -911.601E-03,   30.4657E-03
F:/Desktop/DeepOnet_Abaqus/StaticElasticJob6.odb,Step-1,Increment      1: Step Time =    1.000,"PLATE-1",          2418,             1,       1.14460,  -906.796E-03,            0.,"ASSEMBLY_PLATE-1__PICKEDSET2","ROCK","",      -1.00277,      -1.66048,      -1.65919,      -1.00405,  -29.0345E-03
F:/Desktop/DeepOnet_Abaqus/StaticElasticJob6.odb,Step-1,Increment      1: Step Time =    1.000,"PLATE-1",          2419,             1,      -1.24697,   715.012E-03,            0.,"ASSEMBLY_PLATE-1__PICKEDSET2","ROCK","",      -1.01275,      -1.60643,      -1.60567,      -1.01351,  -21.2364E-03
F:/Desktop/DeepOnet_Abaqus/StaticElasticJob6.odb,Step-1,Increment      1: Step Time =    1.000,"PLATE-1",          2420,             1,      -1.35851,   662.703E-03,            0.,"ASSEMBLY_PLATE-1__PICKEDSET2","ROCK","",      -1.01628,      -1.60379,      -1.60326,      -1.01681,  -17.5961E-03
F:/Desktop/DeepOnet_Abaqus/StaticElasticJob6.odb,Step-1,Increment      1: Step Time =    1.000,"PLATE-1",          2421,             1,       1.09566,      -1.16410,            0.,"ASSEMBLY_PLATE-1__PICKEDSET2","ROCK","",  -999.884E-03,      -1.66417,      -1.66349,      -1.00056,  -21.1765E-03
F:/Desktop/DeepOnet_Abaqus/StaticElasticJob6.odb,Step-1,Increment      1: Step Time =    1.000,"PLATE-1",          2422,             1,   57.3405E-03,       1.32339,            0.,"ASSEMBLY_PLATE-1__PICKEDSET2","ROCK","",      -1.05691,      -1.50565,      -1.50339,      -1.05918,  -31.8333E-03
F:/Desktop/DeepOnet_Abaqus/StaticElasticJob6.odb,Step-1,Increment      1: Step Time =    1.000,"PLATE-1",          2423,             1,  -15.5331E-03,       1.30102,            0.,"ASSEMBLY_PLATE-1__PICKEDSET2","ROCK","",      -1.05366,      -1.52751,      -1.52693,      -1.05424,  -16.5574E-03
F:/Desktop/DeepOnet_Abaqus/StaticElasticJob6.odb,Step-1,Increment      1: Step Time =    1.000,"PLATE-1",          2424,             1,  -945.865E-03,       1.13701,            0.,"ASSEMBLY_PLATE-1__PICKEDSET2","ROCK","",      -1.00391,      -1.62131,      -1.62098,      -1.00424,  -14.3400E-03
F:/Desktop/DeepOnet_Abaqus/StaticElasticJob6.odb,Step-1,Increment      1: Step Time =    1.000,"PLATE-1",          2425,             1,  -660.727E-03,      -1.18671,            0.,"ASSEMBLY_PLATE-1__PICKEDSET2","ROCK","",  -989.499E-03,      -1.67842,      -1.67781,  -990.106E-03,   20.4393E-03
F:/Desktop/DeepOnet_Abaqus/StaticElasticJob6.odb,Step-1,Increment      1: Step Time =    1.000,"PLATE-1",          2426,             1,      -1.07978,  -910.538E-03,            0.,"ASSEMBLY_PLATE-1__PICKEDSET2","ROCK","",  -993.054E-03,      -1.65575,      -1.65351,  -995.293E-03,   38.4591E-03
F:/Desktop/DeepOnet_Abaqus/StaticElasticJob6.odb,Step-1,Increment      1: Step Time =    1.000,"PLATE-1",          2427,             1,      -1.25537,  -656.912E-03,            0.,"ASSEMBLY_PLATE-1__PICKEDSET2","ROCK","",      -1.00385,      -1.63325,      -1.63018,      -1.00692,   43.8463E-03
F:/Desktop/DeepOnet_Abaqus/StaticElasticJob6.odb,Step-1,Increment      1: Step Time =    1.000,"PLATE-1",          2428,             1,      -1.16096,  -666.862E-03,            0.,"ASSEMBLY_PLATE-1__PICKEDSET2","ROCK","",      -1.00142,      -1.63717,      -1.63356,      -1.00502,   47.7061E-03
F:/Desktop/DeepOnet_Abaqus/StaticElasticJob6.odb,Step-1,Increment      1: Step Time =    1.000,"PLATE-1",          2429,             1,       1.45790,   128.009E-03,            0.,"ASSEMBLY_PLATE-1__PICKEDSET2","ROCK","",  -988.632E-03,      -1.66071,      -1.66071,  -988.634E-03,   1.06944E-03
F:/Desktop/DeepOnet_Abaqus/StaticElasticJob6.odb,Step-1,Increment      1: Step Time =    1.000,"PLATE-1",          2430,             1,  -479.236E-03,      -1.27938,            0.,"ASSEMBLY_PLATE-1__PICKEDSET2","ROCK","",  -991.809E-03,      -1.68120,      -1.68095,  -992.059E-03,   13.1289E-03
F:/Desktop/DeepOnet_Abaqus/StaticElasticJob6.odb,Step-1,Increment      1: Step Time =    1.000,"PLATE-1",          2431,             1,  -765.009E-03,      -1.10533,            0.,"ASSEMBLY_PLATE-1__PICKEDSET2","ROCK","",  -988.209E-03,      -1.67537,      -1.67429,  -989.291E-03,   27.2385E-03
F:/Desktop/DeepOnet_Abaqus/StaticElasticJob6.odb,Step-1,Increment      1: Step Time =    1.000,"PLATE-1",          2432,             1,   361.904E-03,      -1.35880,            0.,"ASSEMBLY_PLATE-1__PICKEDSET2","ROCK","",  -997.976E-03,      -1.68065,      -1.68054,  -998.078E-03,  -8.34498E-03
F:/Desktop/DeepOnet_Abaqus/StaticElasticJob6.odb,Step-1,Increment      1: Step Time =    1.000,"PLATE-1",          2433,             1,  -828.829E-03,       1.21732,            0.,"ASSEMBLY_PLATE-1__PICKEDSET2","ROCK","",      -1.00590,      -1.61957,      -1.61935,      -1.00612,  -11.5819E-03
F:/Desktop/DeepOnet_Abaqus/StaticElasticJob6.odb,Step-1,Increment      1: Step Time =    1.000,"PLATE-1",          2434,             1,  -885.539E-03,       1.17759,            0.,"ASSEMBLY_PLATE-1__PICKEDSET2","ROCK","",      -1.00466,      -1.62102,      -1.62075,      -1.00493,  -12.9350E-03
F:/Desktop/DeepOnet_Abaqus/StaticElasticJob6.odb,Step-1,Increment      1: Step Time =    1.000,"PLATE-1",          2435,             1,  -925.915E-03,   899.152E-03,            0.,"ASSEMBLY_PLATE-1__PICKEDSET2","ROCK","",  -999.020E-03,      -1.62377,      -1.62313,  -999.656E-03,  -19.9245E-03
F:/Desktop/DeepOnet_Abaqus/StaticElasticJob6.odb,Step-1,Increment      1: Step Time =    1.000,"PLATE-1",          2436,             1,      -1.02252,   856.110E-03,            0.,"ASSEMBLY_PLATE-1__PICKEDSET2","ROCK","",      -1.00192,      -1.61919,      -1.61835,      -1.00276,  -22.7222E-03
F:/Desktop/DeepOnet_Abaqus/StaticElasticJob6.odb,Step-1,Increment      1: Step Time =    1.000,"PLATE-1",          2437,             1,  -957.126E-03,      -1.09539,            0.,"ASSEMBLY_PLATE-1__PICKEDSET2","ROCK","",  -990.571E-03,      -1.66562,      -1.66437,  -991.822E-03,   29.0293E-03
F:/Desktop/DeepOnet_Abaqus/StaticElasticJob6.odb,Step-1,Increment      1: Step Time =    1.000,"PLATE-1",          2438,             1,  -62.8134E-03,       1.43257,            0.,"ASSEMBLY_PLATE-1__PICKEDSET2","ROCK","",      -1.03386,      -1.55334,      -1.55001,      -1.03719,  -41.4306E-03
F:/Desktop/DeepOnet_Abaqus/StaticElasticJob6.odb,Step-1,Increment      1: Step Time =    1.000,"PLATE-1",          2439,             1,      -1.20358,   837.551E-03,            0.,"ASSEMBLY_PLATE-1__PICKEDSET2","ROCK","",      -1.00837,      -1.61296,      -1.61225,      -1.00908,  -20.6986E-03
F:/Desktop/DeepOnet_Abaqus/StaticElasticJob6.odb,Step-1,Increment      1: Step Time =    1.000,"PLATE-1",          2440,             1,   553.419E-03,      -1.38205,            0.,"ASSEMBLY_PLATE-1__PICKEDSET2","ROCK","",  -998.804E-03,      -1.67554,      -1.67535,  -998.987E-03,  -11.1146E-03
F:/Desktop/DeepOnet_Abaqus/StaticElasticJob6.odb,Step-1,Increment      1: Step Time =    1.000,"PLATE-1",          2441,             1,  -302.732E-03,      -1.26620,            0.,"ASSEMBLY_PLATE-1__PICKEDSET2","ROCK","",  -992.375E-03,      -1.68685,      -1.68674,  -992.488E-03,   8.85383E-03
F:/Desktop/DeepOnet_Abaqus/StaticElasticJob6.odb,Step-1,Increment      1: Step Time =    1.000,"PLATE-1",          2442,             1,  -935.738E-03,       1.02931,            0.,"ASSEMBLY_PLATE-1__PICKEDSET2","ROCK","",      -1.00141,      -1.62307,      -1.62267,      -1.00181,  -15.7033E-03
F:/Desktop/DeepOnet_Abaqus/StaticElasticJob6.odb,Step-1,Increment      1: Step Time =    1.000,"PLATE-1",          2443,             1,      -1.39530,   453.131E-03,            0.,"ASSEMBLY_PLATE-1__PICKEDSET2","ROCK","",      -1.02434,      -1.59358,      -1.59334,      -1.02459,  -11.8101E-03
F:/Desktop/DeepOnet_Abaqus/StaticElasticJob6.odb,Step-1,Increment      1: Step Time =    1.000,"PLATE-1",          2444,             1,       1.29026,   317.625E-03,            0.,"ASSEMBLY_PLATE-1__PICKEDSET2","ROCK","",  -980.192E-03,      -1.69804,      -1.69648,  -981.749E-03,   33.3918E-03
F:/Desktop/DeepOnet_Abaqus/StaticElasticJob6.odb,Step-1,Increment      1: Step Time =    1.000,"PLATE-1",          2445,             1,       1.03966,      -1.18188,            0.,"ASSEMBLY_PLATE-1__PICKEDSET2","ROCK","",  -999.334E-03,      -1.66628,      -1.66565,  -999.970E-03,  -20.5723E-03
F:/Desktop/DeepOnet_Abaqus/StaticElasticJob6.odb,Step-1,Increment      1: Step Time =    1.000,"PLATE-1",          2446,             1,  -853.447E-03,      -1.13062,            0.,"ASSEMBLY_PLATE-1__PICKEDSET2","ROCK","",  -989.871E-03,      -1.66978,      -1.66870,  -990.942E-03,   26.9692E-03
F:/Desktop/DeepOnet_Abaqus/StaticElasticJob6.odb,Step-1,Increment      1: Step Time =    1.000,"PLATE-1",          2447,             1,  -877.427E-03,      -1.05829,            0.,"ASSEMBLY_PLATE-1__PICKEDSET2","ROCK","",  -989.000E-03,      -1.66936,      -1.66795,  -990.411E-03,   30.9455E-03
F:/Desktop/DeepOnet_Abaqus/StaticElasticJob6.odb,Step-1,Increment      1: Step Time =    1.000,"PLATE-1",          2448,             1,       1.28890,  -800.624E-03,            0.,"ASSEMBLY_PLATE-1__PICKEDSET2","ROCK","",      -1.00560,      -1.65358,      -1.65237,      -1.00680,  -27.9399E-03
F:/Desktop/DeepOnet_Abaqus/StaticElasticJob6.odb,Step-1,Increment      1: Step Time =    1.000,"PLATE-1",          2449,             1,       1.25717,  -871.551E-03,            0.,"ASSEMBLY_PLATE-1__PICKEDSET2","ROCK","",      -1.00395,      -1.65629,      -1.65514,      -1.00509,  -27.3093E-03
F:/Desktop/DeepOnet_Abaqus/StaticElasticJob6.odb,Step-1,Increment      1: Step Time =    1.000,"PLATE-1",          2450,             1,  -391.602E-03,      -1.27668,            0.,"ASSEMBLY_PLATE-1__PICKEDSET2","ROCK","",  -992.242E-03,      -1.68391,      -1.68373,  -992.419E-03,   11.0647E-03
F:/Desktop/DeepOnet_Abaqus/StaticElasticJob6.odb,Step-1,Increment      1: Step Time =    1.000,"PLATE-1",          2451,             1,       1.15095,   399.719E-03,            0.,"ASSEMBLY_PLATE-1__PICKEDSET2","ROCK","",  -993.712E-03,      -1.73182,      -1.72499,      -1.00054,   70.6763E-03
F:/Desktop/DeepOnet_Abaqus/StaticElasticJob6.odb,Step-1,Increment      1: Step Time =    1.000,"PLATE-1",          2452,             1,       1.23382,   480.259E-03,            0.,"ASSEMBLY_PLATE-1__PICKEDSET2","ROCK","",  -941.522E-03,      -1.76290,      -1.76083,  -943.594E-03,   41.2025E-03
F:/Desktop/DeepOnet_Abaqus/StaticElasticJob6.odb,Step-1,Increment      1: Step Time =    1.000,"PLATE-1",          2453,             1,  -869.500E-03,       1.28352,            0.,"ASSEMBLY_PLATE-1__PICKEDSET2","ROCK","",      -1.00675,      -1.61919,      -1.61889,      -1.00705,  -13.5209E-03
F:/Desktop/DeepOnet_Abaqus/StaticElasticJob6.odb,Step-1,Increment      1: Step Time =    1.000,"PLATE-1",          2454,             1,      -1.40800,   382.085E-03,            0.,"ASSEMBLY_PLATE-1__PICKEDSET2","ROCK","",      -1.02672,      -1.59090,      -1.59077,      -1.02685,  -8.45122E-03
F:/Desktop/DeepOnet_Abaqus/StaticElasticJob6.odb,Step-1,Increment      1: Step Time =    1.000,"PLATE-1",          2455,             1,  -463.780E-03,       1.28784,            0.,"ASSEMBLY_PLATE-1__PICKEDSET2","ROCK","",      -1.01973,      -1.60172,      -1.60167,      -1.01979,  -5.49615E-03
F:/Desktop/DeepOnet_Abaqus/StaticElasticJob6.odb,Step-1,Increment      1: Step Time =    1.000,"PLATE-1",          2456,             1,      -1.15843,  -748.690E-03,            0.,"ASSEMBLY_PLATE-1__PICKEDSET2","ROCK","",  -998.264E-03,      -1.64366,      -1.64058,      -1.00134,   44.4616E-03
F:/Desktop/DeepOnet_Abaqus/StaticElasticJob6.odb,Step-1,Increment      1: Step Time =    1.000,"PLATE-1",          2457,             1,      -1.25605,   560.667E-03,            0.,"ASSEMBLY_PLATE-1__PICKEDSET2","ROCK","",      -1.01901,      -1.59701,      -1.59627,      -1.01975,  -20.5739E-03
F:/Desktop/DeepOnet_Abaqus/StaticElasticJob6.odb,Step-1,Increment      1: Step Time =    1.000,"PLATE-1",          2458,             1,      -1.29101,   848.358E-03,            0.,"ASSEMBLY_PLATE-1__PICKEDSET2","ROCK","",      -1.01031,      -1.61223,      -1.61166,      -1.01089,  -18.5493E-03
F:/Desktop/DeepOnet_Abaqus/StaticElasticJob6.odb,Step-1,Increment      1: Step Time =    1.000,"PLATE-1",          2459,             1,      -1.38623,   824.301E-03,            0.,"ASSEMBLY_PLATE-1__PICKEDSET2","ROCK","",      -1.01235,      -1.61087,      -1.61039,      -1.01283,  -16.9670E-03
F:/Desktop/DeepOnet_Abaqus/StaticElasticJob6.odb,Step-1,Increment      1: Step Time =    1.000,"PLATE-1",          2460,             1,  -841.029E-03,      -1.21405,            0.,"ASSEMBLY_PLATE-1__PICKEDSET2","ROCK","",  -990.736E-03,      -1.66984,      -1.66909,  -991.482E-03,   22.5047E-03
F:/Desktop/DeepOnet_Abaqus/StaticElasticJob6.odb,Step-1,Increment      1: Step Time =    1.000,"PLATE-1",          2461,             1,  -487.995E-03,       1.37386,            0.,"ASSEMBLY_PLATE-1__PICKEDSET2","ROCK","",      -1.01837,      -1.60120,      -1.60093,      -1.01864,  -12.6189E-03
F:/Desktop/DeepOnet_Abaqus/StaticElasticJob6.odb,Step-1,Increment      1: Step Time =    1.000,"PLATE-1",          2462,             1,  -575.055E-03,       1.35888,            0.,"ASSEMBLY_PLATE-1__PICKEDSET2","ROCK","",      -1.01508,      -1.60760,      -1.60737,      -1.01530,  -11.6033E-03
F:/Desktop/DeepOnet_Abaqus/StaticElasticJob6.odb,Step-1,Increment      1: Step Time =    1.000,"PLATE-1",          2463,             1,   117.811E-03,       1.36033,            0.,"ASSEMBLY_PLATE-1__PICKEDSET2","ROCK","",      -1.05137,      -1.49711,      -1.49068,      -1.05779,  -53.1254E-03
F:/Desktop/DeepOnet_Abaqus/StaticElasticJob6.odb,Step-1,Increment      1: Step Time =    1.000,"PLATE-1",          2464,             1,      -1.07333,   957.008E-03,            0.,"ASSEMBLY_PLATE-1__PICKEDSET2","ROCK","",      -1.00379,      -1.61919,      -1.61858,      -1.00440,  -19.3194E-03
F:/Desktop/DeepOnet_Abaqus/StaticElasticJob6.odb,Step-1,Increment      1: Step Time =    1.000,"PLATE-1",          2465,             1,       1.26527,   598.017E-03,            0.,"ASSEMBLY_PLATE-1__PICKEDSET2","ROCK","",  -877.581E-03,      -1.81045,      -1.81045,  -877.588E-03,  -2.53547E-03
F:/Desktop/DeepOnet_Abaqus/StaticElasticJob6.odb,Step-1,Increment      1: Step Time =    1.000,"PLATE-1",          2466,             1,  -564.834E-03,      -1.27874,            0.,"ASSEMBLY_PLATE-1__PICKEDSET2","ROCK","",  -991.496E-03,      -1.67859,      -1.67827,  -991.824E-03,   15.0127E-03
F:/Desktop/DeepOnet_Abaqus/StaticElasticJob6.odb,Step-1,Increment      1: Step Time =    1.000,"PLATE-1",          2467,             1,       1.05332,      -1.25655,            0.,"ASSEMBLY_PLATE-1__PICKEDSET2","ROCK","",  -999.682E-03,      -1.66485,      -1.66434,      -1.00020,  -18.5232E-03
F:/Desktop/DeepOnet_Abaqus/StaticElasticJob6.odb,Step-1,Increment      1: Step Time =    1.000,"PLATE-1",          2468,             1,      -1.21709,   770.419E-03,            0.,"ASSEMBLY_PLATE-1__PICKEDSET2","ROCK","",      -1.00999,      -1.61024,      -1.60947,      -1.01075,  -21.4102E-03
F:/Desktop/DeepOnet_Abaqus/StaticElasticJob6.odb,Step-1,Increment      1: Step Time =    1.000,"PLATE-1",          2469,             1,      -1.35025,   370.045E-03,            0.,"ASSEMBLY_PLATE-1__PICKEDSET2","ROCK","",      -1.02819,      -1.58720,      -1.58701,      -1.02838,  -10.4223E-03
F:/Desktop/DeepOnet_Abaqus/StaticElasticJob6.odb,Step-1,Increment      1: Step Time =    1.000,"PLATE-1",          2470,             1,      -1.46669,   288.664E-03,            0.,"ASSEMBLY_PLATE-1__PICKEDSET2","ROCK","",      -1.02851,      -1.59032,      -1.59032,      -1.02852,  -1.96013E-03
F:/Desktop/DeepOnet_Abaqus/StaticElasticJob6.odb,Step-1,Increment      1: Step Time =    1.000,"PLATE-1",          2471,             1,  -746.428E-03,       1.22990,            0.,"ASSEMBLY_PLATE-1__PICKEDSET2","ROCK","",      -1.00728,      -1.61821,      -1.61806,      -1.00744,  -9.71600E-03
F:/Desktop/DeepOnet_Abaqus/StaticElasticJob6.odb,Step-1,Increment      1: Step Time =    1.000,"PLATE-1",          2472,             1,      -1.04006,       1.02617,            0.,"ASSEMBLY_PLATE-1__PICKEDSET2","ROCK","",      -1.00345,      -1.62071,      -1.62022,      -1.00394,  -17.3814E-03
F:/Desktop/DeepOnet_Abaqus/StaticElasticJob6.odb,Step-1,Increment      1: Step Time =    1.000,"PLATE-1",          2473,             1,       1.37135,  -255.153E-03,            0.,"ASSEMBLY_PLATE-1__PICKEDSET2","ROCK","",      -1.01937,      -1.63512,      -1.63481,      -1.01968,  -13.8311E-03
F:/Desktop/DeepOnet_Abaqus/StaticElasticJob6.odb,Step-1,Increment      1: Step Time =    1.000,"PLATE-1",          2474,             1,   81.6713E-03,       1.25144,            0.,"ASSEMBLY_PLATE-1__PICKEDSET2","ROCK","",      -1.06789,      -1.49359,      -1.49334,      -1.06815,  -10.3851E-03
F:/Desktop/DeepOnet_Abaqus/StaticElasticJob6.odb,Step-1,Increment      1: Step Time =    1.000,"PLATE-1",          2475,             1,  -135.190E-03,       1.42341,            0.,"ASSEMBLY_PLATE-1__PICKEDSET2","ROCK","",      -1.03360,      -1.56089,      -1.55878,      -1.03571,  -33.2941E-03
F:/Desktop/DeepOnet_Abaqus/StaticElasticJob6.odb,Step-1,Increment      1: Step Time =    1.000,"PLATE-1",          2476,             1,      -1.11320,       1.07020,            0.,"ASSEMBLY_PLATE-1__PICKEDSET2","ROCK","",      -1.00501,      -1.61969,      -1.61921,      -1.00549,  -17.1390E-03
F:/Desktop/DeepOnet_Abaqus/StaticElasticJob6.odb,Step-1,Increment      1: Step Time =    1.000,"PLATE-1",          2477,             1,       1.36679,  -676.673E-03,            0.,"ASSEMBLY_PLATE-1__PICKEDSET2","ROCK","",      -1.00823,      -1.64836,      -1.64724,      -1.00934,  -26.7078E-03
F:/Desktop/DeepOnet_Abaqus/StaticElasticJob6.odb,Step-1,Increment      1: Step Time =    1.000,"PLATE-1",          2478,             1,   181.428E-03,       1.32296,            0.,"ASSEMBLY_PLATE-1__PICKEDSET2","ROCK","",      -1.06427,      -1.46178,      -1.45468,      -1.07137,  -52.6318E-03
F:/Desktop/DeepOnet_Abaqus/StaticElasticJob6.odb,Step-1,Increment      1: Step Time =    1.000,"PLATE-1",          2479,             1,   292.966E-03,       1.36515,            0.,"ASSEMBLY_PLATE-1__PICKEDSET2","ROCK","",      -1.03313,      -1.44526,      -1.41303,      -1.06535,  -110.646E-03
F:/Desktop/DeepOnet_Abaqus/StaticElasticJob6.odb,Step-1,Increment      1: Step Time =    1.000,"PLATE-1",          2480,             1,  -301.369E-03,       1.39133,            0.,"ASSEMBLY_PLATE-1__PICKEDSET2","ROCK","",      -1.02780,      -1.58247,      -1.58190,      -1.02837,  -17.7230E-03
F:/Desktop/DeepOnet_Abaqus/StaticElasticJob6.odb,Step-1,Increment      1: Step Time =    1.000,"PLATE-1",          2481,             1,       1.33941,  -905.454E-03,            0.,"ASSEMBLY_PLATE-1__PICKEDSET2","ROCK","",      -1.00314,      -1.65532,      -1.65437,      -1.00409,  -24.9396E-03
F:/Desktop/DeepOnet_Abaqus/StaticElasticJob6.odb,Step-1,Increment      1: Step Time =    1.000,"PLATE-1",          2482,             1,       1.46023,  -748.991E-03,            0.,"ASSEMBLY_PLATE-1__PICKEDSET2","ROCK","",      -1.00465,      -1.65052,      -1.64959,      -1.00558,  -24.4998E-03
F:/Desktop/DeepOnet_Abaqus/StaticElasticJob6.odb,Step-1,Increment      1: Step Time =    1.000,"PLATE-1",          2483,             1,  -717.658E-03,       1.36300,            0.,"ASSEMBLY_PLATE-1__PICKEDSET2","ROCK","",      -1.01060,      -1.61363,      -1.61336,      -1.01088,  -12.9216E-03
F:/Desktop/DeepOnet_Abaqus/StaticElasticJob6.odb,Step-1,Increment      1: Step Time =    1.000,"PLATE-1",          2484,             1,      -1.44260,   749.927E-03,            0.,"ASSEMBLY_PLATE-1__PICKEDSET2","ROCK","",      -1.01479,      -1.60824,      -1.60783,      -1.01520,  -15.5455E-03
F:/Desktop/DeepOnet_Abaqus/StaticElasticJob6.odb,Step-1,Increment      1: Step Time =    1.000,"PLATE-1",          2485,             1,   391.029E-03,      -1.42086,            0.,"ASSEMBLY_PLATE-1__PICKEDSET2","ROCK","",  -999.096E-03,      -1.67705,      -1.67696,  -999.184E-03,  -7.73433E-03
F:/Desktop/DeepOnet_Abaqus/StaticElasticJob6.odb,Step-1,Increment      1: Step Time =    1.000,"PLATE-1",          2486,             1,  -668.611E-03,       1.26415,            0.,"ASSEMBLY_PLATE-1__PICKEDSET2","ROCK","",      -1.01009,      -1.61497,      -1.61485,      -1.01021,  -8.36259E-03
F:/Desktop/DeepOnet_Abaqus/StaticElasticJob6.odb,Step-1,Increment      1: Step Time =    1.000,"PLATE-1",          2487,             1,       1.44394,   312.962E-03,            0.,"ASSEMBLY_PLATE-1__PICKEDSET2","ROCK","",  -954.910E-03,      -1.69066,      -1.69065,  -954.923E-03,  -3.07076E-03
F:/Desktop/DeepOnet_Abaqus/StaticElasticJob6.odb,Step-1,Increment      1: Step Time =    1.000,"PLATE-1",          2488,             1,   145.848E-03,       1.41714,            0.,"ASSEMBLY_PLATE-1__PICKEDSET2","ROCK","",      -1.03242,      -1.51054,      -1.49794,      -1.04502,  -76.5901E-03
F:/Desktop/DeepOnet_Abaqus/StaticElasticJob6.odb,Step-1,Increment      1: Step Time =    1.000,"PLATE-1",          2489,             1,       1.34534,   573.687E-03,            0.,"ASSEMBLY_PLATE-1__PICKEDSET2","ROCK","",  -875.703E-03,      -1.76192,      -1.76009,  -877.529E-03,  -40.1947E-03
F:/Desktop/DeepOnet_Abaqus/StaticElasticJob6.odb,Step-1,Increment      1: Step Time =    1.000,"PLATE-1",          2490,             1,   415.501E-03,       1.39731,            0.,"ASSEMBLY_PLATE-1__PICKEDSET2","ROCK","",  -946.533E-03,      -1.47824,      -1.39359,      -1.03118,  -194.529E-03
F:/Desktop/DeepOnet_Abaqus/StaticElasticJob6.odb,Step-1,Increment      1: Step Time =    1.000,"PLATE-1",          2491,             1,   11.3600E-03,  -233.802E-03,            0.,"ASSEMBLY_PLATE-1__PICKEDSET2","ROCK","",  -178.735E-03,      -2.59438,      -2.59359,  -179.525E-03,  -43.6900E-03
F:/Desktop/DeepOnet_Abaqus/StaticElasticJob6.odb,Step-1,Increment      1: Step Time =    1.000,"PLATE-1",          2492,             1,   37.1808E-03,  -230.918E-03,            0.,"ASSEMBLY_PLATE-1__PICKEDSET2","ROCK","",  -144.702E-03,      -2.62704,      -2.61526,  -156.482E-03,  -170.596E-03
F:/Desktop/DeepOnet_Abaqus/StaticElasticJob6.odb,Step-1,Increment      1: Step Time =    1.000,"PLATE-1",          2493,             1,   8.51561E-03,  -211.580E-03,            0.,"ASSEMBLY_PLATE-1__PICKEDSET2","ROCK","",  -53.7266E-03,      -2.68348,      -2.68260,  -54.6103E-03,  -48.1964E-03
F:/Desktop/DeepOnet_Abaqus/StaticElasticJob6.odb,Step-1,Increment      1: Step Time =    1.000,"PLATE-1",          2494,             1,   23.2423E-03,  -210.132E-03,            0.,"ASSEMBLY_PLATE-1__PICKEDSET2","ROCK","",  -61.3418E-03,      -2.68760,      -2.68143,  -67.5106E-03,  -127.133E-03
F:/Desktop/DeepOnet_Abaqus/StaticElasticJob6.odb,Step-1,Increment      1: Step Time =    1.000,"PLATE-1",          2495,             1,  -66.3799E-03,  -206.923E-03,            0.,"ASSEMBLY_PLATE-1__PICKEDSET2","ROCK","",  -59.7391E-03,      -2.70256,      -2.65576,  -106.532E-03,   348.533E-03
F:/Desktop/DeepOnet_Abaqus/StaticElasticJob6.odb,Step-1,Increment      1: Step Time =    1.000,"PLATE-1",          2496,             1,   65.1674E-03,  -230.451E-03,            0.,"ASSEMBLY_PLATE-1__PICKEDSET2","ROCK","",  -169.831E-03,      -2.60931,      -2.56977,  -209.373E-03,  -308.056E-03
F:/Desktop/DeepOnet_Abaqus/StaticElasticJob6.odb,Step-1,Increment      1: Step Time =    1.000,"PLATE-1",          2497,             1,   80.2013E-03,  -231.507E-03,            0.,"ASSEMBLY_PLATE-1__PICKEDSET2","ROCK","",  -202.412E-03,      -2.61197,      -2.55136,  -263.024E-03,  -377.323E-03
F:/Desktop/DeepOnet_Abaqus/StaticElasticJob6.odb,Step-1,Increment      1: Step Time =    1.000,"PLATE-1",          2498,             1,  -59.7064E-03,  -231.205E-03,            0.,"ASSEMBLY_PLATE-1__PICKEDSET2","ROCK","",  -169.340E-03,      -2.62942,      -2.59395,  -204.810E-03,   293.259E-03
F:/Desktop/DeepOnet_Abaqus/StaticElasticJob6.odb,Step-1,Increment      1: Step Time =    1.000,"PLATE-1",          2499,             1,  -71.7759E-03,  -226.383E-03,            0.,"ASSEMBLY_PLATE-1__PICKEDSET2","ROCK","",  -148.977E-03,      -2.64822,      -2.59586,  -201.338E-03,   357.938E-03
F:/Desktop/DeepOnet_Abaqus/StaticElasticJob6.odb,Step-1,Increment      1: Step Time =    1.000,"PLATE-1",          2500,             1,   215.037E-03,  -238.689E-03,            0.,"ASSEMBLY_PLATE-1__PICKEDSET2","ROCK","",  -816.877E-03,      -2.19609,      -1.92444,      -1.08852,  -548.513E-03
F:/Desktop/DeepOnet_Abaqus/StaticElasticJob6.odb,Step-1,Increment      1: Step Time =    1.000,"PLATE-1",          2501,             1,   149.948E-03,  -190.001E-03,            0.,"ASSEMBLY_PLATE-1__PICKEDSET2","ROCK","",  -29.0927E-03,      -2.87279,      -2.58637,  -315.510E-03,  -855.833E-03
F:/Desktop/DeepOnet_Abaqus/StaticElasticJob6.odb,Step-1,Increment      1: Step Time =    1.000,"PLATE-1",          2502,             1,   163.455E-03,  -185.145E-03,            0.,"ASSEMBLY_PLATE-1__PICKEDSET2","ROCK","",  -172.487E-03,      -2.99847,      -2.64709,  -523.869E-03,  -932.487E-03
F:/Desktop/DeepOnet_Abaqus/StaticElasticJob6.odb,Step-1,Increment      1: Step Time =    1.000,"PLATE-1",          2503,             1,   214.400E-03,  -208.686E-03,            0.,"ASSEMBLY_PLATE-1__PICKEDSET2","ROCK","",  -837.379E-03,      -2.42721,      -1.91730,      -1.34730,  -742.070E-03
F:/Desktop/DeepOnet_Abaqus/StaticElasticJob6.odb,Step-1,Increment      1: Step Time =    1.000,"PLATE-1",          2504,             1,   251.508E-03,  -187.656E-03,            0.,"ASSEMBLY_PLATE-1__PICKEDSET2","ROCK","",  -817.731E-03,      -2.18779,      -1.81320,      -1.19233,  -610.654E-03
F:/Desktop/DeepOnet_Abaqus/StaticElasticJob6.odb,Step-1,Increment      1: Step Time =    1.000,"PLATE-1",          2505,             1,  -106.168E-03,  -197.228E-03,            0.,"ASSEMBLY_PLATE-1__PICKEDSET2","ROCK","",  -17.4349E-03,      -2.74943,      -2.62367,  -143.190E-03,   572.492E-03
F:/Desktop/DeepOnet_Abaqus/StaticElasticJob6.odb,Step-1,Increment      1: Step Time =    1.000,"PLATE-1",          2506,             1,  -111.323E-03,  -210.165E-03,            0.,"ASSEMBLY_PLATE-1__PICKEDSET2","ROCK","",  -98.4218E-03,      -2.77353,      -2.63699,  -234.953E-03,   588.723E-03
F:/Desktop/DeepOnet_Abaqus/StaticElasticJob6.odb,Step-1,Increment      1: Step Time =    1.000,"PLATE-1",          2507,             1,  -148.293E-03,  -190.810E-03,            0.,"ASSEMBLY_PLATE-1__PICKEDSET2","ROCK","",  -123.975E-03,      -2.93672,      -2.65155,  -409.144E-03,   848.992E-03
F:/Desktop/DeepOnet_Abaqus/StaticElasticJob6.odb,Step-1,Increment      1: Step Time =    1.000,"PLATE-1",          2508,             1,  -144.068E-03,  -239.100E-03,            0.,"ASSEMBLY_PLATE-1__PICKEDSET2","ROCK","",  -390.430E-03,      -2.60770,      -2.36794,  -630.197E-03,   688.579E-03
F:/Desktop/DeepOnet_Abaqus/StaticElasticJob6.odb,Step-1,Increment      1: Step Time =    1.000,"PLATE-1",          2509,             1,  -148.356E-03,  -221.918E-03,            0.,"ASSEMBLY_PLATE-1__PICKEDSET2","ROCK","",  -318.211E-03,      -2.72327,      -2.44314,  -598.345E-03,   771.534E-03
F:/Desktop/DeepOnet_Abaqus/StaticElasticJob6.odb,Step-1,Increment      1: Step Time =    1.000,"PLATE-1",          2510,             1,  -178.444E-03,  -180.719E-03,            0.,"ASSEMBLY_PLATE-1__PICKEDSET2","ROCK","",  -307.297E-03,      -3.39015,      -2.78439,  -913.062E-03,       1.22496
F:/Desktop/DeepOnet_Abaqus/StaticElasticJob6.odb,Step-1,Increment      1: Step Time =    1.000,"PLATE-1",          2511,             1,  -211.784E-03,  -199.553E-03,            0.,"ASSEMBLY_PLATE-1__PICKEDSET2","ROCK","",  -817.012E-03,      -2.50887,      -1.95889,      -1.36699,   792.468E-03
F:/Desktop/DeepOnet_Abaqus/StaticElasticJob6.odb,Step-1,Increment      1: Step Time =    1.000,"PLATE-1",          2512,             1,   289.313E-03,  -181.760E-03,            0.,"ASSEMBLY_PLATE-1__PICKEDSET2","ROCK","",  -799.200E-03,      -1.98045,      -1.64832,      -1.13133,  -531.053E-03
F:/Desktop/DeepOnet_Abaqus/StaticElasticJob6.odb,Step-1,Increment      1: Step Time =    1.000,"PLATE-1",          2513,             1,   261.175E-03,  -166.454E-03,            0.,"ASSEMBLY_PLATE-1__PICKEDSET2","ROCK","",  -671.466E-03,      -2.23986,      -1.65992,      -1.25141,  -757.130E-03
F:/Desktop/DeepOnet_Abaqus/StaticElasticJob6.odb,Step-1,Increment      1: Step Time =    1.000,"PLATE-1",          2514,             1,   273.166E-03,  -132.001E-03,            0.,"ASSEMBLY_PLATE-1__PICKEDSET2","ROCK","",  -489.138E-03,      -2.03000,      -1.09842,      -1.42071,  -753.388E-03
F:/Desktop/DeepOnet_Abaqus/StaticElasticJob6.odb,Step-1,Increment      1: Step Time =    1.000,"PLATE-1",          2515,             1,   272.189E-03,  -108.857E-03,            0.,"ASSEMBLY_PLATE-1__PICKEDSET2","ROCK","",  -394.972E-03,      -1.92972,  -749.919E-03,      -1.57477,  -647.122E-03
F:/Desktop/DeepOnet_Abaqus/StaticElasticJob6.odb,Step-1,Increment      1: Step Time =    1.000,"PLATE-1",          2516,             1,   241.493E-03,  -81.2193E-03,            0.,"ASSEMBLY_PLATE-1__PICKEDSET2","ROCK","",  -169.792E-03,      -1.56005,  -223.885E-03,      -1.50595,  -268.846E-03
F:/Desktop/DeepOnet_Abaqus/StaticElasticJob6.odb,Step-1,Increment      1: Step Time =    1.000,"PLATE-1",          2517,             1,   284.408E-03,  -27.2294E-03,            0.,"ASSEMBLY_PLATE-1__PICKEDSET2","ROCK","",  -384.158E-03,      -1.46641,  -384.356E-03,      -1.46622,  -14.6277E-03
F:/Desktop/DeepOnet_Abaqus/StaticElasticJob6.odb,Step-1,Increment      1: Step Time =    1.000,"PLATE-1",          2518,             1,   245.698E-03,  -39.1426E-03,            0.,"ASSEMBLY_PLATE-1__PICKEDSET2","ROCK","",  -146.339E-03,      -1.34938,  -146.480E-03,      -1.34924,  -13.0134E-03
F:/Desktop/DeepOnet_Abaqus/StaticElasticJob6.odb,Step-1,Increment      1: Step Time =    1.000,"PLATE-1",          2519,             1,   276.702E-03,  -6.91543E-03,            0.,"ASSEMBLY_PLATE-1__PICKEDSET2","ROCK","",  -311.096E-03,      -1.42329,  -329.508E-03,      -1.40487,   141.912E-03
F:/Desktop/DeepOnet_Abaqus/StaticElasticJob6.odb,Step-1,Increment      1: Step Time =    1.000,"PLATE-1",          2520,             1,   251.151E-03,   51.2531E-03,            0.,"ASSEMBLY_PLATE-1__PICKEDSET2","ROCK","",  -246.184E-03,      -1.53067,  -519.932E-03,      -1.25693,   526.013E-03
F:/Desktop/DeepOnet_Abaqus/StaticElasticJob6.odb,Step-1,Increment      1: Step Time =    1.000,"PLATE-1",          2521,             1,  -303.180E-03,  -41.0860E-03,            0.,"ASSEMBLY_PLATE-1__PICKEDSET2","ROCK","",  -498.815E-03,      -1.49807,  -518.892E-03,      -1.47800,   140.212E-03
F:/Desktop/DeepOnet_Abaqus/StaticElasticJob6.odb,Step-1,Increment      1: Step Time =    1.000,"PLATE-1",          2522,             1,  -272.006E-03,  -124.084E-03,            0.,"ASSEMBLY_PLATE-1__PICKEDSET2","ROCK","",  -454.930E-03,      -2.01376,  -992.236E-03,      -1.47645,   740.858E-03
F:/Desktop/DeepOnet_Abaqus/StaticElasticJob6.odb,Step-1,Increment      1: Step Time =    1.000,"PLATE-1",          2523,             1,  -23.0602E-03,   230.174E-03,            0.,"ASSEMBLY_PLATE-1__PICKEDSET2","ROCK","",  -421.031E-03,      -3.38472,      -3.36781,  -437.935E-03,  -223.190E-03
F:/Desktop/DeepOnet_Abaqus/StaticElasticJob6.odb,Step-1,Increment      1: Step Time =    1.000,"PLATE-1",          2524,             1,  -1.65752E-03,   228.470E-03,            0.,"ASSEMBLY_PLATE-1__PICKEDSET2","ROCK","",  -406.829E-03,      -3.46003,      -3.45904,  -407.814E-03,   54.8212E-03
F:/Desktop/DeepOnet_Abaqus/StaticElasticJob6.odb,Step-1,Increment      1: Step Time =    1.000,"PLATE-1",          2525,             1,   10.6650E-03,   223.066E-03,            0.,"ASSEMBLY_PLATE-1__PICKEDSET2","ROCK","",  -330.329E-03,      -3.61998,      -3.61293,  -337.377E-03,   152.107E-03
F:/Desktop/DeepOnet_Abaqus/StaticElasticJob6.odb,Step-1,Increment      1: Step Time =    1.000,"PLATE-1",          2526,             1,   23.4869E-03,   233.828E-03,            0.,"ASSEMBLY_PLATE-1__PICKEDSET2","ROCK","",  -505.975E-03,      -3.28994,      -3.26356,  -532.354E-03,   269.708E-03
F:/Desktop/DeepOnet_Abaqus/StaticElasticJob6.odb,Step-1,Increment      1: Step Time =    1.000,"PLATE-1",          2527,             1,  -19.8206E-03,   267.996E-03,            0.,"ASSEMBLY_PLATE-1__PICKEDSET2","ROCK","",  -731.239E-03,      -2.71958,      -2.71900,  -731.823E-03,  -34.0830E-03
F:/Desktop/DeepOnet_Abaqus/StaticElasticJob6.odb,Step-1,Increment      1: Step Time =    1.000,"PLATE-1",          2528,             1,   89.7631E-03,   230.342E-03,            0.,"ASSEMBLY_PLATE-1__PICKEDSET2","ROCK","",  -532.809E-03,      -2.88284,      -2.73178,  -683.865E-03,   576.340E-03
F:/Desktop/DeepOnet_Abaqus/StaticElasticJob6.odb,Step-1,Increment      1: Step Time =    1.000,"PLATE-1",          2529,             1,   133.871E-03,   244.387E-03,            0.,"ASSEMBLY_PLATE-1__PICKEDSET2","ROCK","",  -598.816E-03,      -2.48992,      -2.33819,  -750.547E-03,   513.728E-03
F:/Desktop/DeepOnet_Abaqus/StaticElasticJob6.odb,Step-1,Increment      1: Step Time =    1.000,"PLATE-1",          2530,             1,   110.325E-03,   242.595E-03,            0.,"ASSEMBLY_PLATE-1__PICKEDSET2","ROCK","",  -609.272E-03,      -2.63536,      -2.50511,  -739.528E-03,   496.933E-03
F:/Desktop/DeepOnet_Abaqus/StaticElasticJob6.odb,Step-1,Increment      1: Step Time =    1.000,"PLATE-1",          2531,             1,  -88.6432E-03,   229.177E-03,            0.,"ASSEMBLY_PLATE-1__PICKEDSET2","ROCK","",  -502.578E-03,      -2.88141,      -2.74337,  -640.611E-03,  -556.150E-03
F:/Desktop/DeepOnet_Abaqus/StaticElasticJob6.odb,Step-1,Increment      1: Step Time =    1.000,"PLATE-1",          2532,             1,  -123.152E-03,   220.079E-03,            0.,"ASSEMBLY_PLATE-1__PICKEDSET2","ROCK","",  -455.351E-03,      -2.63792,      -2.38224,  -711.031E-03,  -701.901E-03
F:/Desktop/DeepOnet_Abaqus/StaticElasticJob6.odb,Step-1,Increment      1: Step Time =    1.000,"PLATE-1",          2533,             1,  -179.639E-03,   192.138E-03,            0.,"ASSEMBLY_PLATE-1__PICKEDSET2","ROCK","",  -400.343E-03,      -2.23163,      -1.83956,  -792.418E-03,  -751.186E-03
F:/Desktop/DeepOnet_Abaqus/StaticElasticJob6.odb,Step-1,Increment      1: Step Time =    1.000,"PLATE-1",          2534,             1,  -192.810E-03,   148.519E-03,            0.,"ASSEMBLY_PLATE-1__PICKEDSET2","ROCK","",  -251.283E-03,      -2.04203,      -1.30154,  -991.776E-03,  -881.878E-03
F:/Desktop/DeepOnet_Abaqus/StaticElasticJob6.odb,Step-1,Increment      1: Step Time =    1.000,"PLATE-1",          2535,             1,  -204.144E-03,   130.701E-03,            0.,"ASSEMBLY_PLATE-1__PICKEDSET2","ROCK","",  -248.511E-03,      -1.90293,      -1.08897,      -1.06247,  -827.105E-03
F:/Desktop/DeepOnet_Abaqus/StaticElasticJob6.odb,Step-1,Increment      1: Step Time =    1.000,"PLATE-1",          2536,             1,  -213.572E-03,   64.4468E-03,            0.,"ASSEMBLY_PLATE-1__PICKEDSET2","ROCK","",  -79.9943E-03,      -1.51827,  -382.206E-03,      -1.21606,  -585.945E-03
F:/Desktop/DeepOnet_Abaqus/StaticElasticJob6.odb,Step-1,Increment      1: Step Time =    1.000,"PLATE-1",          2537,             1,  -236.371E-03,   81.8764E-03,            0.,"ASSEMBLY_PLATE-1__PICKEDSET2","ROCK","",  -202.100E-03,      -1.58435,  -625.616E-03,      -1.16083,  -637.212E-03
F:/Desktop/DeepOnet_Abaqus/StaticElasticJob6.odb,Step-1,Increment      1: Step Time =    1.000,"PLATE-1",          2538,             1,  -336.005E-03,   70.6251E-03,            0.,"ASSEMBLY_PLATE-1__PICKEDSET2","ROCK","",  -667.842E-03,      -1.46219,  -851.739E-03,      -1.27830,  -335.053E-03
F:/Desktop/DeepOnet_Abaqus/StaticElasticJob6.odb,Step-1,Increment      1: Step Time =    1.000,"PLATE-1",          2539,             1,  -292.109E-03,   69.0408E-03,            0.,"ASSEMBLY_PLATE-1__PICKEDSET2","ROCK","",  -485.555E-03,      -1.50595,  -735.620E-03,      -1.25588,  -438.899E-03
F:/Desktop/DeepOnet_Abaqus/StaticElasticJob6.odb,Step-1,Increment      1: Step Time =    1.000,"PLATE-1",          2540,             1,  -279.964E-03,   11.2614E-03,            0.,"ASSEMBLY_PLATE-1__PICKEDSET2","ROCK","",  -346.216E-03,      -1.41801,  -392.687E-03,      -1.37154,  -218.286E-03
F:/Desktop/DeepOnet_Abaqus/StaticElasticJob6.odb,Step-1,Increment      1: Step Time =    1.000,"PLATE-1",          2541,             1,   154.168E-03,   170.365E-03,            0.,"ASSEMBLY_PLATE-1__PICKEDSET2","ROCK","",  -232.281E-03,      -2.50443,      -1.83425,  -902.468E-03,       1.03615
F:/Desktop/DeepOnet_Abaqus/StaticElasticJob6.odb,Step-1,Increment      1: Step Time =    1.000,"PLATE-1",          2542,             1,   120.153E-03,   206.332E-03,            0.,"ASSEMBLY_PLATE-1__PICKEDSET2","ROCK","",  -411.864E-03,      -2.79979,      -2.43533,  -776.322E-03,   858.761E-03
F:/Desktop/DeepOnet_Abaqus/StaticElasticJob6.odb,Step-1,Increment      1: Step Time =    1.000,"PLATE-1",          2543,             1,   202.166E-03,   160.102E-03,            0.,"ASSEMBLY_PLATE-1__PICKEDSET2","ROCK","",  -336.216E-03,      -2.10935,      -1.48032,  -965.246E-03,   848.337E-03
F:/Desktop/DeepOnet_Abaqus/StaticElasticJob6.odb,Step-1,Increment      1: Step Time =    1.000,"PLATE-1",          2544,             1,   231.498E-03,   126.943E-03,            0.,"ASSEMBLY_PLATE-1__PICKEDSET2","ROCK","",  -342.634E-03,      -1.87003,      -1.13412,      -1.07855,   763.194E-03
F:/Desktop/DeepOnet_Abaqus/StaticElasticJob6.odb,Step-1,Increment      1: Step Time =    1.000,"PLATE-1",          2545,             1,   230.248E-03,   26.7295E-03,            0.,"ASSEMBLY_PLATE-1__PICKEDSET2","ROCK","",  -89.9486E-03,      -1.35308,  -203.746E-03,      -1.23929,   361.650E-03
F:/Desktop/DeepOnet_Abaqus/StaticElasticJob6.odb,Step-1,Increment      1: Step Time =    1.000,"PLATE-1",          2546,             1,   248.619E-03,   77.9707E-03,            0.,"ASSEMBLY_PLATE-1__PICKEDSET2","ROCK","",  -302.620E-03,      -1.63187,  -715.608E-03,      -1.21888,   615.146E-03
F:/Desktop/DeepOnet_Abaqus/StaticElasticJob6.odb,Step-1,Increment      1: Step Time =    1.000,"PLATE-1",          2547,             1,   819.201E-03,      -1.47232,            0.,"ASSEMBLY_PLATE-1__PICKEDSET2","ROCK","",      -1.00023,      -1.66701,      -1.66680,      -1.00044,  -11.8484E-03
F:/Desktop/DeepOnet_Abaqus/StaticElasticJob6.odb,Step-1,Increment      1: Step Time =    1.000,"PLATE-1",          2548,             1,  -419.671E-03,       1.47038,            0.,"ASSEMBLY_PLATE-1__PICKEDSET2","ROCK","",      -1.01919,      -1.59617,      -1.59533,      -1.02003,  -21.9646E-03
F:/Desktop/DeepOnet_Abaqus/StaticElasticJob6.odb,Step-1,Increment      1: Step Time =    1.000,"PLATE-1",          2549,             1,  -299.594E-03,  -165.616E-03,            0.,"ASSEMBLY_PLATE-1__PICKEDSET2","ROCK","",  -744.254E-03,      -1.91817,      -1.48662,      -1.17580,   566.011E-03
F:/Desktop/DeepOnet_Abaqus/StaticElasticJob6.odb,Step-1,Increment      1: Step Time =    1.000,"PLATE-1",          2550,             1,  -283.833E-03,  -185.859E-03,            0.,"ASSEMBLY_PLATE-1__PICKEDSET2","ROCK","",  -785.798E-03,      -2.01038,      -1.62026,      -1.17592,   570.560E-03
F:/Desktop/DeepOnet_Abaqus/StaticElasticJob6.odb,Step-1,Increment      1: Step Time =    1.000,"PLATE-1",          2551,             1,  -338.927E-03,  -144.089E-03,            0.,"ASSEMBLY_PLATE-1__PICKEDSET2","ROCK","",  -777.966E-03,      -1.73383,      -1.29614,      -1.21566,   476.236E-03
F:/Desktop/DeepOnet_Abaqus/StaticElasticJob6.odb,Step-1,Increment      1: Step Time =    1.000,"PLATE-1",          2552,             1,  -334.534E-03,  -93.2558E-03,            0.,"ASSEMBLY_PLATE-1__PICKEDSET2","ROCK","",  -679.942E-03,      -1.65529,  -944.561E-03,      -1.39067,   433.673E-03
F:/Desktop/DeepOnet_Abaqus/StaticElasticJob6.odb,Step-1,Increment      1: Step Time =    1.000,"PLATE-1",          2553,             1,   21.6090E-03,  -251.223E-03,            0.,"ASSEMBLY_PLATE-1__PICKEDSET2","ROCK","",  -253.949E-03,      -2.53944,      -2.53612,  -257.268E-03,  -87.0260E-03
F:/Desktop/DeepOnet_Abaqus/StaticElasticJob6.odb,Step-1,Increment      1: Step Time =    1.000,"PLATE-1",          2554,             1,  -36.2358E-03,  -260.865E-03,            0.,"ASSEMBLY_PLATE-1__PICKEDSET2","ROCK","",  -298.605E-03,      -2.50738,      -2.49632,  -309.668E-03,   155.923E-03
F:/Desktop/DeepOnet_Abaqus/StaticElasticJob6.odb,Step-1,Increment      1: Step Time =    1.000,"PLATE-1",          2555,             1,   24.1701E-03,  -230.765E-03,            0.,"ASSEMBLY_PLATE-1__PICKEDSET2","ROCK","",  -146.709E-03,      -2.60888,      -2.60227,  -153.313E-03,  -127.343E-03
F:/Desktop/DeepOnet_Abaqus/StaticElasticJob6.odb,Step-1,Increment      1: Step Time =    1.000,"PLATE-1",          2556,             1,   36.5830E-03,  -254.402E-03,            0.,"ASSEMBLY_PLATE-1__PICKEDSET2","ROCK","",  -276.521E-03,      -2.51435,      -2.50450,  -286.370E-03,  -148.135E-03
F:/Desktop/DeepOnet_Abaqus/StaticElasticJob6.odb,Step-1,Increment      1: Step Time =    1.000,"PLATE-1",          2557,             1,   113.044E-03,  -272.754E-03,            0.,"ASSEMBLY_PLATE-1__PICKEDSET2","ROCK","",  -457.400E-03,      -2.44203,      -2.33321,  -566.224E-03,  -451.811E-03
F:/Desktop/DeepOnet_Abaqus/StaticElasticJob6.odb,Step-1,Increment      1: Step Time =    1.000,"PLATE-1",          2558,             1,   45.1848E-03,  -270.014E-03,            0.,"ASSEMBLY_PLATE-1__PICKEDSET2","ROCK","",  -340.030E-03,      -2.47088,      -2.45566,  -355.248E-03,  -179.433E-03
F:/Desktop/DeepOnet_Abaqus/StaticElasticJob6.odb,Step-1,Increment      1: Step Time =    1.000,"PLATE-1",          2559,             1,   50.7287E-03,  -251.705E-03,            0.,"ASSEMBLY_PLATE-1__PICKEDSET2","ROCK","",  -257.192E-03,      -2.54040,      -2.51754,  -280.053E-03,  -227.320E-03
F:/Desktop/DeepOnet_Abaqus/StaticElasticJob6.odb,Step-1,Increment      1: Step Time =    1.000,"PLATE-1",          2560,             1,   43.1693E-03,  -293.700E-03,            0.,"ASSEMBLY_PLATE-1__PICKEDSET2","ROCK","",  -431.423E-03,      -2.38741,      -2.37571,  -443.116E-03,  -150.778E-03
F:/Desktop/DeepOnet_Abaqus/StaticElasticJob6.odb,Step-1,Increment      1: Step Time =    1.000,"PLATE-1",          2561,             1,   101.204E-03,  -292.785E-03,            0.,"ASSEMBLY_PLATE-1__PICKEDSET2","ROCK","",  -519.650E-03,      -2.33192,      -2.26012,  -591.457E-03,  -353.522E-03
F:/Desktop/DeepOnet_Abaqus/StaticElasticJob6.odb,Step-1,Increment      1: Step Time =    1.000,"PLATE-1",          2562,             1,   94.0441E-03,  -259.199E-03,            0.,"ASSEMBLY_PLATE-1__PICKEDSET2","ROCK","",  -337.462E-03,      -2.50611,      -2.43080,  -412.771E-03,  -397.047E-03
F:/Desktop/DeepOnet_Abaqus/StaticElasticJob6.odb,Step-1,Increment      1: Step Time =    1.000,"PLATE-1",          2563,             1,  -9.61229E-03,  -281.364E-03,            0.,"ASSEMBLY_PLATE-1__PICKEDSET2","ROCK","",  -383.128E-03,      -2.42972,      -2.42873,  -384.112E-03,   44.8424E-03
F:/Desktop/DeepOnet_Abaqus/StaticElasticJob6.odb,Step-1,Increment      1: Step Time =    1.000,"PLATE-1",          2564,             1,   165.180E-03,  -231.532E-03,            0.,"ASSEMBLY_PLATE-1__PICKEDSET2","ROCK","",  -511.286E-03,      -2.59046,      -2.21606,  -885.686E-03,  -798.918E-03
F:/Desktop/DeepOnet_Abaqus/StaticElasticJob6.odb,Step-1,Increment      1: Step Time =    1.000,"PLATE-1",          2565,             1,   170.138E-03,  -263.549E-03,            0.,"ASSEMBLY_PLATE-1__PICKEDSET2","ROCK","",  -633.705E-03,      -2.35115,      -2.12221,  -862.639E-03,  -583.754E-03
F:/Desktop/DeepOnet_Abaqus/StaticElasticJob6.odb,Step-1,Increment      1: Step Time =    1.000,"PLATE-1",          2566,             1,   152.752E-03,  -238.032E-03,            0.,"ASSEMBLY_PLATE-1__PICKEDSET2","ROCK","",  -417.644E-03,      -2.55097,      -2.28654,  -682.070E-03,  -702.983E-03
F:/Desktop/DeepOnet_Abaqus/StaticElasticJob6.odb,Step-1,Increment      1: Step Time =    1.000,"PLATE-1",          2567,             1,   189.912E-03,  -228.116E-03,            0.,"ASSEMBLY_PLATE-1__PICKEDSET2","ROCK","",  -697.070E-03,      -2.45645,      -2.01683,      -1.13669,  -761.705E-03
F:/Desktop/DeepOnet_Abaqus/StaticElasticJob6.odb,Step-1,Increment      1: Step Time =    1.000,"PLATE-1",          2568,             1,   171.991E-03,  -204.292E-03,            0.,"ASSEMBLY_PLATE-1__PICKEDSET2","ROCK","",  -266.541E-03,      -2.90402,      -2.45096,  -719.608E-03,  -994.830E-03
F:/Desktop/DeepOnet_Abaqus/StaticElasticJob6.odb,Step-1,Increment      1: Step Time =    1.000,"PLATE-1",          2569,             1,   172.238E-03,  -219.386E-03,            0.,"ASSEMBLY_PLATE-1__PICKEDSET2","ROCK","",  -420.051E-03,      -2.79867,      -2.35753,  -861.190E-03,  -924.498E-03
F:/Desktop/DeepOnet_Abaqus/StaticElasticJob6.odb,Step-1,Increment      1: Step Time =    1.000,"PLATE-1",          2570,             1,   179.308E-03,  -331.150E-03,            0.,"ASSEMBLY_PLATE-1__PICKEDSET2","ROCK","",  -774.355E-03,      -2.10062,      -2.00826,  -866.723E-03,  -337.599E-03
F:/Desktop/DeepOnet_Abaqus/StaticElasticJob6.odb,Step-1,Increment      1: Step Time =    1.000,"PLATE-1",          2571,             1,  -47.4932E-03,  -240.498E-03,            0.,"ASSEMBLY_PLATE-1__PICKEDSET2","ROCK","",  -213.948E-03,      -2.58916,      -2.57070,  -232.408E-03,   208.579E-03
F:/Desktop/DeepOnet_Abaqus/StaticElasticJob6.odb,Step-1,Increment      1: Step Time =    1.000,"PLATE-1",          2572,             1,  -53.6585E-03,  -275.403E-03,            0.,"ASSEMBLY_PLATE-1__PICKEDSET2","ROCK","",  -372.121E-03,      -2.45090,      -2.42828,  -394.740E-03,   215.663E-03
F:/Desktop/DeepOnet_Abaqus/StaticElasticJob6.odb,Step-1,Increment      1: Step Time =    1.000,"PLATE-1",          2573,             1,  -769.911E-06,  -315.065E-03,            0.,"ASSEMBLY_PLATE-1__PICKEDSET2","ROCK","",  -500.448E-03,      -2.31431,      -2.31418,  -500.580E-03,   15.4969E-03
F:/Desktop/DeepOnet_Abaqus/StaticElasticJob6.odb,Step-1,Increment      1: Step Time =    1.000,"PLATE-1",          2574,             1,  -353.311E-03,  -39.7158E-03,            0.,"ASSEMBLY_PLATE-1__PICKEDSET2","ROCK","",  -784.605E-03,      -1.42978,  -816.208E-03,      -1.39818,   139.251E-03
F:/Desktop/DeepOnet_Abaqus/StaticElasticJob6.odb,Step-1,Increment      1: Step Time =    1.000,"PLATE-1",          2575,             1,  -333.152E-03,   41.5433E-03,            0.,"ASSEMBLY_PLATE-1__PICKEDSET2","ROCK","",  -682.889E-03,      -1.42383,  -774.287E-03,      -1.33243,  -243.652E-03
F:/Desktop/DeepOnet_Abaqus/StaticElasticJob6.odb,Step-1,Increment      1: Step Time =    1.000,"PLATE-1",          2576,             1,  -317.130E-03,  -108.142E-03,            0.,"ASSEMBLY_PLATE-1__PICKEDSET2","ROCK","",  -629.975E-03,      -1.74290,  -990.664E-03,      -1.38221,   520.887E-03
F:/Desktop/DeepOnet_Abaqus/StaticElasticJob6.odb,Step-1,Increment      1: Step Time =    1.000,"PLATE-1",          2577,             1,  -304.683E-03,   107.672E-03,            0.,"ASSEMBLY_PLATE-1__PICKEDSET2","ROCK","",  -583.724E-03,      -1.58422,      -1.02220,      -1.14575,  -496.419E-03
F:/Desktop/DeepOnet_Abaqus/StaticElasticJob6.odb,Step-1,Increment      1: Step Time =    1.000,"PLATE-1",          2578,             1,  -226.222E-03,   96.4930E-03,            0.,"ASSEMBLY_PLATE-1__PICKEDSET2","ROCK","",  -225.160E-03,      -1.65941,  -750.884E-03,      -1.13368,  -691.110E-03
F:/Desktop/DeepOnet_Abaqus/StaticElasticJob6.odb,Step-1,Increment      1: Step Time =    1.000,"PLATE-1",          2579,             1,  -246.477E-03,   99.9782E-03,            0.,"ASSEMBLY_PLATE-1__PICKEDSET2","ROCK","",  -303.156E-03,      -1.66822,  -842.526E-03,      -1.12885,  -667.347E-03
F:/Desktop/DeepOnet_Abaqus/StaticElasticJob6.odb,Step-1,Increment      1: Step Time =    1.000,"PLATE-1",          2580,             1,  -267.934E-03,   98.7092E-03,            0.,"ASSEMBLY_PLATE-1__PICKEDSET2","ROCK","",  -415.437E-03,      -1.62927,  -896.222E-03,      -1.14848,  -593.665E-03
F:/Desktop/DeepOnet_Abaqus/StaticElasticJob6.odb,Step-1,Increment      1: Step Time =    1.000,"PLATE-1",          2581,             1,  -261.032E-03,   117.229E-03,            0.,"ASSEMBLY_PLATE-1__PICKEDSET2","ROCK","",  -399.513E-03,      -1.68727,  -990.111E-03,      -1.09668,  -641.672E-03
F:/Desktop/DeepOnet_Abaqus/StaticElasticJob6.odb,Step-1,Increment      1: Step Time =    1.000,"PLATE-1",          2582,             1,  -224.323E-03,   189.019E-03,            0.,"ASSEMBLY_PLATE-1__PICKEDSET2","ROCK","",  -477.618E-03,      -1.98139,      -1.61209,  -846.918E-03,  -647.270E-03
F:/Desktop/DeepOnet_Abaqus/StaticElasticJob6.odb,Step-1,Increment      1: Step Time =    1.000,"PLATE-1",          2583,             1,  -177.043E-03,   222.790E-03,            0.,"ASSEMBLY_PLATE-1__PICKEDSET2","ROCK","",  -510.402E-03,      -2.22898,      -1.98745,  -751.929E-03,  -597.283E-03
F:/Desktop/DeepOnet_Abaqus/StaticElasticJob6.odb,Step-1,Increment      1: Step Time =    1.000,"PLATE-1",          2584,             1,  -214.714E-03,   260.485E-03,            0.,"ASSEMBLY_PLATE-1__PICKEDSET2","ROCK","",  -638.280E-03,      -2.05474,      -1.92098,  -772.036E-03,  -414.209E-03
F:/Desktop/DeepOnet_Abaqus/StaticElasticJob6.odb,Step-1,Increment      1: Step Time =    1.000,"PLATE-1",          2585,             1,  -182.927E-03,   260.540E-03,            0.,"ASSEMBLY_PLATE-1__PICKEDSET2","ROCK","",  -643.560E-03,      -2.16565,      -2.05654,  -752.668E-03,  -392.643E-03
F:/Desktop/DeepOnet_Abaqus/StaticElasticJob6.odb,Step-1,Increment      1: Step Time =    1.000,"PLATE-1",          2586,             1,  -100.477E-03,   265.120E-03,            0.,"ASSEMBLY_PLATE-1__PICKEDSET2","ROCK","",  -677.029E-03,      -2.48449,      -2.42782,  -733.703E-03,  -314.999E-03
F:/Desktop/DeepOnet_Abaqus/StaticElasticJob6.odb,Step-1,Increment      1: Step Time =    1.000,"PLATE-1",          2587,             1,  -152.914E-03,   259.092E-03,            0.,"ASSEMBLY_PLATE-1__PICKEDSET2","ROCK","",  -631.867E-03,      -2.28430,      -2.19071,  -725.451E-03,  -381.947E-03
F:/Desktop/DeepOnet_Abaqus/StaticElasticJob6.odb,Step-1,Increment      1: Step Time =    1.000,"PLATE-1",          2588,             1,  -101.901E-03,   285.203E-03,            0.,"ASSEMBLY_PLATE-1__PICKEDSET2","ROCK","",  -757.434E-03,      -2.35574,      -2.33348,  -779.698E-03,  -187.321E-03
F:/Desktop/DeepOnet_Abaqus/StaticElasticJob6.odb,Step-1,Increment      1: Step Time =    1.000,"PLATE-1",          2589,             1,  -104.870E-03,   244.669E-03,            0.,"ASSEMBLY_PLATE-1__PICKEDSET2","ROCK","",  -586.178E-03,      -2.63551,      -2.54014,  -681.545E-03,  -431.676E-03
F:/Desktop/DeepOnet_Abaqus/StaticElasticJob6.odb,Step-1,Increment      1: Step Time =    1.000,"PLATE-1",          2590,             1,  -53.8974E-03,   261.556E-03,            0.,"ASSEMBLY_PLATE-1__PICKEDSET2","ROCK","",  -674.138E-03,      -2.73578,      -2.71197,  -697.954E-03,  -220.301E-03
F:/Desktop/DeepOnet_Abaqus/StaticElasticJob6.odb,Step-1,Increment      1: Step Time =    1.000,"PLATE-1",          2591,             1,  -37.8035E-03,   242.723E-03,            0.,"ASSEMBLY_PLATE-1__PICKEDSET2","ROCK","",  -580.102E-03,      -3.04029,      -3.01036,  -610.032E-03,  -269.702E-03
F:/Desktop/DeepOnet_Abaqus/StaticElasticJob6.odb,Step-1,Increment      1: Step Time =    1.000,"PLATE-1",          2592,             1,  -12.4962E-03,   221.085E-03,            0.,"ASSEMBLY_PLATE-1__PICKEDSET2","ROCK","",  -304.296E-03,      -3.56296,      -3.55951,  -307.741E-03,  -105.895E-03
F:/Desktop/DeepOnet_Abaqus/StaticElasticJob6.odb,Step-1,Increment      1: Step Time =    1.000,"PLATE-1",          2593,             1,  -7.61186E-03,   244.867E-03,            0.,"ASSEMBLY_PLATE-1__PICKEDSET2","ROCK","",  -575.431E-03,      -3.11962,      -3.11917,  -575.881E-03,  -33.8227E-03
F:/Desktop/DeepOnet_Abaqus/StaticElasticJob6.odb,Step-1,Increment      1: Step Time =    1.000,"PLATE-1",          2594,             1,   4.85478E-03,   305.227E-03,            0.,"ASSEMBLY_PLATE-1__PICKEDSET2","ROCK","",  -835.014E-03,      -2.47929,      -2.47833,  -835.976E-03,   39.7727E-03
F:/Desktop/DeepOnet_Abaqus/StaticElasticJob6.odb,Step-1,Increment      1: Step Time =    1.000,"PLATE-1",          2595,             1,  -82.1560E-03,   265.403E-03,            0.,"ASSEMBLY_PLATE-1__PICKEDSET2","ROCK","",  -698.329E-03,      -2.57172,      -2.52670,  -743.356E-03,  -286.922E-03
F:/Desktop/DeepOnet_Abaqus/StaticElasticJob6.odb,Step-1,Increment      1: Step Time =    1.000,"PLATE-1",          2596,             1,   304.686E-03,  -131.398E-03,            0.,"ASSEMBLY_PLATE-1__PICKEDSET2","ROCK","",  -651.312E-03,      -1.83232,      -1.16505,      -1.31859,  -585.493E-03
F:/Desktop/DeepOnet_Abaqus/StaticElasticJob6.odb,Step-1,Increment      1: Step Time =    1.000,"PLATE-1",          2597,             1,   283.167E-03,  -157.279E-03,            0.,"ASSEMBLY_PLATE-1__PICKEDSET2","ROCK","",  -627.827E-03,      -2.07859,      -1.45337,      -1.25305,  -718.432E-03
F:/Desktop/DeepOnet_Abaqus/StaticElasticJob6.odb,Step-1,Increment      1: Step Time =    1.000,"PLATE-1",          2598,             1,   313.210E-03,  -43.9180E-03,            0.,"ASSEMBLY_PLATE-1__PICKEDSET2","ROCK","",  -558.346E-03,      -1.50202,  -578.021E-03,      -1.48234,  -134.830E-03
F:/Desktop/DeepOnet_Abaqus/StaticElasticJob6.odb,Step-1,Increment      1: Step Time =    1.000,"PLATE-1",          2599,             1,   333.328E-03,  -17.8239E-03,            0.,"ASSEMBLY_PLATE-1__PICKEDSET2","ROCK","",  -688.481E-03,      -1.43327,  -688.579E-03,      -1.43317,   8.56203E-03
F:/Desktop/DeepOnet_Abaqus/StaticElasticJob6.odb,Step-1,Increment      1: Step Time =    1.000,"PLATE-1",          2600,             1,   358.062E-03,  -56.7896E-03,            0.,"ASSEMBLY_PLATE-1__PICKEDSET2","ROCK","",  -813.193E-03,      -1.47477,  -885.038E-03,      -1.40292,  -205.837E-03
F:/Desktop/DeepOnet_Abaqus/StaticElasticJob6.odb,Step-1,Increment      1: Step Time =    1.000,"PLATE-1",          2601,             1,   315.568E-03,   19.5292E-03,            0.,"ASSEMBLY_PLATE-1__PICKEDSET2","ROCK","",  -598.611E-03,      -1.46396,  -658.460E-03,      -1.40411,   219.564E-03
F:/Desktop/DeepOnet_Abaqus/StaticElasticJob6.odb,Step-1,Increment      1: Step Time =    1.000,"PLATE-1",          2602,             1,   287.922E-03,   53.4730E-03,            0.,"ASSEMBLY_PLATE-1__PICKEDSET2","ROCK","",  -453.910E-03,      -1.53415,  -684.610E-03,      -1.30345,   442.707E-03
F:/Desktop/DeepOnet_Abaqus/StaticElasticJob6.odb,Step-1,Increment      1: Step Time =    1.000,"PLATE-1",          2603,             1,   293.233E-03,  -226.666E-03,            0.,"ASSEMBLY_PLATE-1__PICKEDSET2","ROCK","",  -862.405E-03,      -1.95025,      -1.72934,      -1.08331,  -437.617E-03
F:/Desktop/DeepOnet_Abaqus/StaticElasticJob6.odb,Step-1,Increment      1: Step Time =    1.000,"PLATE-1",          2604,             1,   330.065E-03,  -219.389E-03,            0.,"ASSEMBLY_PLATE-1__PICKEDSET2","ROCK","",  -868.008E-03,      -1.86330,      -1.66257,      -1.06874,  -399.365E-03
F:/Desktop/DeepOnet_Abaqus/StaticElasticJob6.odb,Step-1,Increment      1: Step Time =    1.000,"PLATE-1",          2605,             1,   251.762E-03,  -220.214E-03,            0.,"ASSEMBLY_PLATE-1__PICKEDSET2","ROCK","",  -868.017E-03,      -2.07754,      -1.80996,      -1.13559,  -502.037E-03
F:/Desktop/DeepOnet_Abaqus/StaticElasticJob6.odb,Step-1,Increment      1: Step Time =    1.000,"PLATE-1",          2606,             1,   315.462E-03,  -275.976E-03,            0.,"ASSEMBLY_PLATE-1__PICKEDSET2","ROCK","",  -903.206E-03,      -1.87970,      -1.75697,      -1.02594,  -323.702E-03
F:/Desktop/DeepOnet_Abaqus/StaticElasticJob6.odb,Step-1,Increment      1: Step Time =    1.000,"PLATE-1",          2607,             1,   248.785E-03,  -253.915E-03,            0.,"ASSEMBLY_PLATE-1__PICKEDSET2","ROCK","",  -873.199E-03,      -2.06798,      -1.86240,      -1.07878,  -450.957E-03
F:/Desktop/DeepOnet_Abaqus/StaticElasticJob6.odb,Step-1,Increment      1: Step Time =    1.000,"PLATE-1",          2608,             1,      -1.46132,  -450.204E-03,            0.,"ASSEMBLY_PLATE-1__PICKEDSET2","ROCK","",      -1.01525,      -1.61510,      -1.61305,      -1.01730,   35.0319E-03
F:/Desktop/DeepOnet_Abaqus/StaticElasticJob6.odb,Step-1,Increment      1: Step Time =    1.000,"PLATE-1",          2609,             1,   64.7826E-03,  -251.946E-03,            0.,"ASSEMBLY_PLATE-1__PICKEDSET2","ROCK","",  -267.858E-03,      -2.54184,      -2.50696,  -302.745E-03,  -279.493E-03
F:/Desktop/DeepOnet_Abaqus/StaticElasticJob6.odb,Step-1,Increment      1: Step Time =    1.000,"PLATE-1",          2610,             1,   78.8333E-03,  -252.742E-03,            0.,"ASSEMBLY_PLATE-1__PICKEDSET2","ROCK","",  -301.674E-03,      -2.52001,      -2.46621,  -355.479E-03,  -341.269E-03
F:/Desktop/DeepOnet_Abaqus/StaticElasticJob6.odb,Step-1,Increment      1: Step Time =    1.000,"PLATE-1",          2611,             1,   67.4495E-03,  -269.889E-03,            0.,"ASSEMBLY_PLATE-1__PICKEDSET2","ROCK","",  -365.452E-03,      -2.46316,      -2.42944,  -399.167E-03,  -263.793E-03
F:/Desktop/DeepOnet_Abaqus/StaticElasticJob6.odb,Step-1,Increment      1: Step Time =    1.000,"PLATE-1",          2612,             1,   86.4224E-03,  -275.963E-03,            0.,"ASSEMBLY_PLATE-1__PICKEDSET2","ROCK","",  -414.593E-03,      -2.44562,      -2.38440,  -475.810E-03,  -347.255E-03
F:/Desktop/DeepOnet_Abaqus/StaticElasticJob6.odb,Step-1,Increment      1: Step Time =    1.000,"PLATE-1",          2613,             1,  -354.325E-03,  -64.7510E-03,            0.,"ASSEMBLY_PLATE-1__PICKEDSET2","ROCK","",  -765.555E-03,      -1.48318,  -862.920E-03,      -1.38582,   245.748E-03
F:/Desktop/DeepOnet_Abaqus/StaticElasticJob6.odb,Step-1,Increment      1: Step Time =    1.000,"PLATE-1",          2614,             1,   182.629E-03,  -247.615E-03,            0.,"ASSEMBLY_PLATE-1__PICKEDSET2","ROCK","",  -657.700E-03,      -2.36365,      -2.07840,  -942.943E-03,  -636.589E-03
F:/Desktop/DeepOnet_Abaqus/StaticElasticJob6.odb,Step-1,Increment      1: Step Time =    1.000,"PLATE-1",          2615,             1,  -85.2041E-03,  -226.131E-03,            0.,"ASSEMBLY_PLATE-1__PICKEDSET2","ROCK","",  -167.305E-03,      -2.65370,      -2.58102,  -239.982E-03,   418.833E-03
F:/Desktop/DeepOnet_Abaqus/StaticElasticJob6.odb,Step-1,Increment      1: Step Time =    1.000,"PLATE-1",          2616,             1,   207.711E-03,  -264.128E-03,            0.,"ASSEMBLY_PLATE-1__PICKEDSET2","ROCK","",  -791.403E-03,      -2.18464,      -1.96626,      -1.00978,  -506.516E-03
F:/Desktop/DeepOnet_Abaqus/StaticElasticJob6.odb,Step-1,Increment      1: Step Time =    1.000,"PLATE-1",          2617,             1,   239.859E-03,  -283.448E-03,            0.,"ASSEMBLY_PLATE-1__PICKEDSET2","ROCK","",  -860.730E-03,      -2.03065,      -1.88619,      -1.00518,  -384.880E-03
F:/Desktop/DeepOnet_Abaqus/StaticElasticJob6.odb,Step-1,Increment      1: Step Time =    1.000,"PLATE-1",          2618,             1,   35.3998E-03,   288.787E-03,            0.,"ASSEMBLY_PLATE-1__PICKEDSET2","ROCK","",  -779.742E-03,      -2.59044,      -2.57733,  -792.861E-03,   153.565E-03
F:/Desktop/DeepOnet_Abaqus/StaticElasticJob6.odb,Step-1,Increment      1: Step Time =    1.000,"PLATE-1",          2619,             1,   32.9042E-03,  -330.721E-03,            0.,"ASSEMBLY_PLATE-1__PICKEDSET2","ROCK","",  -556.204E-03,      -2.26268,      -2.25878,  -560.100E-03,  -81.4429E-03
F:/Desktop/DeepOnet_Abaqus/StaticElasticJob6.odb,Step-1,Increment      1: Step Time =    1.000,"PLATE-1",          2620,             1,   367.178E-03,   44.9889E-03,            0.,"ASSEMBLY_PLATE-1__PICKEDSET2","ROCK","",  -844.949E-03,      -1.42540,  -955.394E-03,      -1.31495,   227.836E-03
F:/Desktop/DeepOnet_Abaqus/StaticElasticJob6.odb,Step-1,Increment      1: Step Time =    1.000,"PLATE-1",          2621,             1,   342.672E-03,   97.6577E-03,            0.,"ASSEMBLY_PLATE-1__PICKEDSET2","ROCK","",  -718.832E-03,      -1.56314,      -1.07107,      -1.21090,   416.324E-03
F:/Desktop/DeepOnet_Abaqus/StaticElasticJob6.odb,Step-1,Increment      1: Step Time =    1.000,"PLATE-1",          2622,             1,   73.7915E-03,   250.792E-03,            0.,"ASSEMBLY_PLATE-1__PICKEDSET2","ROCK","",  -650.139E-03,      -2.79707,      -2.72261,  -724.596E-03,   392.822E-03
F:/Desktop/DeepOnet_Abaqus/StaticElasticJob6.odb,Step-1,Increment      1: Step Time =    1.000,"PLATE-1",          2623,             1,   55.0967E-03,   271.311E-03,            0.,"ASSEMBLY_PLATE-1__PICKEDSET2","ROCK","",  -737.240E-03,      -2.68530,      -2.65630,  -766.237E-03,   235.895E-03
F:/Desktop/DeepOnet_Abaqus/StaticElasticJob6.odb,Step-1,Increment      1: Step Time =    1.000,"PLATE-1",          2624,             1,      -1.33152,       1.26792,            0.,"ASSEMBLY_PLATE-1__PICKEDSET2","ROCK","",      -1.00757,      -1.62051,      -1.62009,      -1.00799,  -15.9972E-03
F:/Desktop/DeepOnet_Abaqus/StaticElasticJob6.odb,Step-1,Increment      1: Step Time =    1.000,"PLATE-1",          2625,             1,      -1.29648,       1.14688,            0.,"ASSEMBLY_PLATE-1__PICKEDSET2","ROCK","",      -1.00761,      -1.61900,      -1.61855,      -1.00805,  -16.4133E-03
F:/Desktop/DeepOnet_Abaqus/StaticElasticJob6.odb,Step-1,Increment      1: Step Time =    1.000,"PLATE-1",          2626,             1,       1.34710,      -1.28590,            0.,"ASSEMBLY_PLATE-1__PICKEDSET2","ROCK","",      -1.00037,      -1.65779,      -1.65733,      -1.00083,  -17.3596E-03
F:/Desktop/DeepOnet_Abaqus/StaticElasticJob6.odb,Step-1,Increment      1: Step Time =    1.000,"PLATE-1",          2627,             1,   265.415E-03,   113.840E-03,            0.,"ASSEMBLY_PLATE-1__PICKEDSET2","ROCK","",  -416.003E-03,      -1.74367,      -1.02865,      -1.13102,   661.857E-03
F:/Desktop/DeepOnet_Abaqus/StaticElasticJob6.odb,Step-1,Increment      1: Step Time =    1.000,"PLATE-1",          2628,             1,   271.027E-03,   166.350E-03,            0.,"ASSEMBLY_PLATE-1__PICKEDSET2","ROCK","",  -543.611E-03,      -1.85905,      -1.41880,  -983.858E-03,   620.724E-03
F:/Desktop/DeepOnet_Abaqus/StaticElasticJob6.odb,Step-1,Increment      1: Step Time =    1.000,"PLATE-1",          2629,             1,       1.45672,   755.465E-03,            0.,"ASSEMBLY_PLATE-1__PICKEDSET2","ROCK","",  -842.189E-03,      -1.66541,      -1.61918,  -888.420E-03,  -189.529E-03
F:/Desktop/DeepOnet_Abaqus/StaticElasticJob6.odb,Step-1,Increment      1: Step Time =    1.000,"PLATE-1",          2630,             1,  -135.661E-03,  -256.850E-03,            0.,"ASSEMBLY_PLATE-1__PICKEDSET2","ROCK","",  -460.449E-03,      -2.48010,      -2.30986,  -630.694E-03,   561.119E-03
F:/Desktop/DeepOnet_Abaqus/StaticElasticJob6.odb,Step-1,Increment      1: Step Time =    1.000,"PLATE-1",          2631,             1,  -101.024E-03,  -272.117E-03,            0.,"ASSEMBLY_PLATE-1__PICKEDSET2","ROCK","",  -422.074E-03,      -2.45233,      -2.36707,  -507.330E-03,   407.214E-03
F:/Desktop/DeepOnet_Abaqus/StaticElasticJob6.odb,Step-1,Increment      1: Step Time =    1.000,"PLATE-1",          2632,             1,  -115.758E-03,  -220.548E-03,            0.,"ASSEMBLY_PLATE-1__PICKEDSET2","ROCK","",  -178.289E-03,      -2.69778,      -2.55467,  -321.400E-03,   583.169E-03
F:/Desktop/DeepOnet_Abaqus/StaticElasticJob6.odb,Step-1,Increment      1: Step Time =    1.000,"PLATE-1",          2633,             1,  -120.061E-03,  -237.763E-03,            0.,"ASSEMBLY_PLATE-1__PICKEDSET2","ROCK","",  -315.200E-03,      -2.60582,      -2.45207,  -468.955E-03,   573.197E-03
F:/Desktop/DeepOnet_Abaqus/StaticElasticJob6.odb,Step-1,Increment      1: Step Time =    1.000,"PLATE-1",          2634,             1,  -162.860E-03,  -226.921E-03,            0.,"ASSEMBLY_PLATE-1__PICKEDSET2","ROCK","",  -446.589E-03,      -2.69088,      -2.32272,  -814.748E-03,   831.092E-03
F:/Desktop/DeepOnet_Abaqus/StaticElasticJob6.odb,Step-1,Increment      1: Step Time =    1.000,"PLATE-1",          2635,             1,  -157.378E-03,  -210.631E-03,            0.,"ASSEMBLY_PLATE-1__PICKEDSET2","ROCK","",  -290.375E-03,      -2.83079,      -2.48242,  -638.746E-03,   873.869E-03
F:/Desktop/DeepOnet_Abaqus/StaticElasticJob6.odb,Step-1,Increment      1: Step Time =    1.000,"PLATE-1",          2636,             1,  -195.508E-03,  -228.429E-03,            0.,"ASSEMBLY_PLATE-1__PICKEDSET2","ROCK","",  -721.479E-03,      -2.42783,      -2.05042,      -1.09889,   708.210E-03
F:/Desktop/DeepOnet_Abaqus/StaticElasticJob6.odb,Step-1,Increment      1: Step Time =    1.000,"PLATE-1",          2637,             1,  -221.085E-03,  -233.286E-03,            0.,"ASSEMBLY_PLATE-1__PICKEDSET2","ROCK","",  -846.992E-03,      -2.23198,      -1.94435,      -1.13461,   561.805E-03
F:/Desktop/DeepOnet_Abaqus/StaticElasticJob6.odb,Step-1,Increment      1: Step Time =    1.000,"PLATE-1",          2638,             1,  -264.332E-03,  -266.477E-03,            0.,"ASSEMBLY_PLATE-1__PICKEDSET2","ROCK","",  -889.907E-03,      -2.00785,      -1.84665,      -1.05112,   392.727E-03
F:/Desktop/DeepOnet_Abaqus/StaticElasticJob6.odb,Step-1,Increment      1: Step Time =    1.000,"PLATE-1",          2639,             1,   180.875E-03,  -304.572E-03,            0.,"ASSEMBLY_PLATE-1__PICKEDSET2","ROCK","",  -749.330E-03,      -2.13842,      -2.01024,  -877.504E-03,  -402.016E-03
F:/Desktop/DeepOnet_Abaqus/StaticElasticJob6.odb,Step-1,Increment      1: Step Time =    1.000,"PLATE-1",          2640,             1,   153.917E-03,  -279.819E-03,            0.,"ASSEMBLY_PLATE-1__PICKEDSET2","ROCK","",  -615.585E-03,      -2.30275,      -2.15107,  -767.259E-03,  -482.591E-03
F:/Desktop/DeepOnet_Abaqus/StaticElasticJob6.odb,Step-1,Increment      1: Step Time =    1.000,"PLATE-1",          2641,             1,   276.525E-03,   95.2444E-03,            0.,"ASSEMBLY_PLATE-1__PICKEDSET2","ROCK","",  -433.671E-03,      -1.66780,  -915.012E-03,      -1.18646,   601.952E-03
F:/Desktop/DeepOnet_Abaqus/StaticElasticJob6.odb,Step-1,Increment      1: Step Time =    1.000,"PLATE-1",          2642,             1,   300.935E-03,   114.439E-03,            0.,"ASSEMBLY_PLATE-1__PICKEDSET2","ROCK","",  -571.085E-03,      -1.68336,      -1.11269,      -1.14176,   555.948E-03
F:/Desktop/DeepOnet_Abaqus/StaticElasticJob6.odb,Step-1,Increment      1: Step Time =    1.000,"PLATE-1",          2643,             1,   395.916E-03,   112.860E-03,            0.,"ASSEMBLY_PLATE-1__PICKEDSET2","ROCK","",  -872.565E-03,      -1.52060,      -1.20060,      -1.19256,   323.991E-03
F:/Desktop/DeepOnet_Abaqus/StaticElasticJob6.odb,Step-1,Increment      1: Step Time =    1.000,"PLATE-1",          2644,             1,   386.013E-03,   165.370E-03,            0.,"ASSEMBLY_PLATE-1__PICKEDSET2","ROCK","",  -825.016E-03,      -1.64039,      -1.37886,      -1.08655,   380.588E-03
F:/Desktop/DeepOnet_Abaqus/StaticElasticJob6.odb,Step-1,Increment      1: Step Time =    1.000,"PLATE-1",          2645,             1,   209.885E-03,   194.722E-03,            0.,"ASSEMBLY_PLATE-1__PICKEDSET2","ROCK","",  -468.161E-03,      -2.14296,      -1.76222,  -848.905E-03,   701.929E-03
F:/Desktop/DeepOnet_Abaqus/StaticElasticJob6.odb,Step-1,Increment      1: Step Time =    1.000,"PLATE-1",          2646,             1,   297.674E-03,  -112.044E-03,            0.,"ASSEMBLY_PLATE-1__PICKEDSET2","ROCK","",  -543.997E-03,      -1.77912,  -946.397E-03,      -1.37672,  -578.869E-03
F:/Desktop/DeepOnet_Abaqus/StaticElasticJob6.odb,Step-1,Increment      1: Step Time =    1.000,"PLATE-1",          2647,             1,   314.867E-03,  -107.379E-03,            0.,"ASSEMBLY_PLATE-1__PICKEDSET2","ROCK","",  -665.692E-03,      -1.70299,  -969.557E-03,      -1.39912,  -472.084E-03
F:/Desktop/DeepOnet_Abaqus/StaticElasticJob6.odb,Step-1,Increment      1: Step Time =    1.000,"PLATE-1",          2648,             1,   389.698E-03,  -77.5624E-03,            0.,"ASSEMBLY_PLATE-1__PICKEDSET2","ROCK","",  -929.695E-03,      -1.46003,      -1.06396,      -1.32577,  -230.602E-03
F:/Desktop/DeepOnet_Abaqus/StaticElasticJob6.odb,Step-1,Increment      1: Step Time =    1.000,"PLATE-1",          2649,             1,   418.137E-03,  -25.9315E-03,            0.,"ASSEMBLY_PLATE-1__PICKEDSET2","ROCK","",      -1.02886,      -1.34867,      -1.04046,      -1.33706,  -59.7957E-03
F:/Desktop/DeepOnet_Abaqus/StaticElasticJob6.odb,Step-1,Increment      1: Step Time =    1.000,"PLATE-1",          2650,             1,   105.023E-03,   217.415E-03,            0.,"ASSEMBLY_PLATE-1__PICKEDSET2","ROCK","",  -445.453E-03,      -2.89581,      -2.63169,  -709.579E-03,   759.895E-03
F:/Desktop/DeepOnet_Abaqus/StaticElasticJob6.odb,Step-1,Increment      1: Step Time =    1.000,"PLATE-1",          2651,             1,   111.940E-03,   270.865E-03,            0.,"ASSEMBLY_PLATE-1__PICKEDSET2","ROCK","",  -706.380E-03,      -2.47343,      -2.40161,  -778.205E-03,   348.939E-03
F:/Desktop/DeepOnet_Abaqus/StaticElasticJob6.odb,Step-1,Increment      1: Step Time =    1.000,"PLATE-1",          2652,             1,   121.865E-03,   308.842E-03,            0.,"ASSEMBLY_PLATE-1__PICKEDSET2","ROCK","",  -786.444E-03,      -2.27697,      -2.24337,  -820.046E-03,   221.262E-03
F:/Desktop/DeepOnet_Abaqus/StaticElasticJob6.odb,Step-1,Increment      1: Step Time =    1.000,"PLATE-1",          2653,             1,   152.881E-03,   192.277E-03,            0.,"ASSEMBLY_PLATE-1__PICKEDSET2","ROCK","",  -353.824E-03,      -2.51080,      -2.03724,  -827.381E-03,   892.858E-03
F:/Desktop/DeepOnet_Abaqus/StaticElasticJob6.odb,Step-1,Increment      1: Step Time =    1.000,"PLATE-1",          2654,             1,   135.883E-03,   221.223E-03,            0.,"ASSEMBLY_PLATE-1__PICKEDSET2","ROCK","",  -490.340E-03,      -2.59672,      -2.35616,  -730.908E-03,   669.967E-03
F:/Desktop/DeepOnet_Abaqus/StaticElasticJob6.odb,Step-1,Increment      1: Step Time =    1.000,"PLATE-1",          2655,             1,   152.846E-03,   222.496E-03,            0.,"ASSEMBLY_PLATE-1__PICKEDSET2","ROCK","",  -504.239E-03,      -2.47621,      -2.22740,  -753.053E-03,   654.787E-03
F:/Desktop/DeepOnet_Abaqus/StaticElasticJob6.odb,Step-1,Increment      1: Step Time =    1.000,"PLATE-1",          2656,             1,  -17.2549E-03,   325.584E-03,            0.,"ASSEMBLY_PLATE-1__PICKEDSET2","ROCK","",  -864.152E-03,      -2.35397,      -2.35380,  -864.322E-03,   15.9318E-03
F:/Desktop/DeepOnet_Abaqus/StaticElasticJob6.odb,Step-1,Increment      1: Step Time =    1.000,"PLATE-1",          2657,             1,  -81.8746E-03,   308.452E-03,            0.,"ASSEMBLY_PLATE-1__PICKEDSET2","ROCK","",  -807.162E-03,      -2.32005,      -2.31120,  -816.016E-03,  -115.396E-03
F:/Desktop/DeepOnet_Abaqus/StaticElasticJob6.odb,Step-1,Increment      1: Step Time =    1.000,"PLATE-1",          2658,             1,  -190.626E-03,   299.056E-03,            0.,"ASSEMBLY_PLATE-1__PICKEDSET2","ROCK","",  -713.795E-03,      -2.09502,      -2.03623,  -772.583E-03,  -278.825E-03
F:/Desktop/DeepOnet_Abaqus/StaticElasticJob6.odb,Step-1,Increment      1: Step Time =    1.000,"PLATE-1",          2659,             1,  -236.565E-03,   245.659E-03,            0.,"ASSEMBLY_PLATE-1__PICKEDSET2","ROCK","",  -637.274E-03,      -1.97848,      -1.81107,  -804.684E-03,  -443.289E-03
F:/Desktop/DeepOnet_Abaqus/StaticElasticJob6.odb,Step-1,Increment      1: Step Time =    1.000,"PLATE-1",          2660,             1,  -391.447E-03,  -16.4749E-03,            0.,"ASSEMBLY_PLATE-1__PICKEDSET2","ROCK","",  -903.633E-03,      -1.36454,  -908.321E-03,      -1.35985,   46.2484E-03
F:/Desktop/DeepOnet_Abaqus/StaticElasticJob6.odb,Step-1,Increment      1: Step Time =    1.000,"PLATE-1",          2661,             1,  -307.469E-03,   26.2162E-03,            0.,"ASSEMBLY_PLATE-1__PICKEDSET2","ROCK","",  -530.673E-03,      -1.44794,  -608.258E-03,      -1.37036,  -255.238E-03
F:/Desktop/DeepOnet_Abaqus/StaticElasticJob6.odb,Step-1,Increment      1: Step Time =    1.000,"PLATE-1",          2662,             1,  -361.350E-03,   41.2315E-03,            0.,"ASSEMBLY_PLATE-1__PICKEDSET2","ROCK","",  -800.790E-03,      -1.38904,  -878.145E-03,      -1.31168,  -198.795E-03
F:/Desktop/DeepOnet_Abaqus/StaticElasticJob6.odb,Step-1,Increment      1: Step Time =    1.000,"PLATE-1",          2663,             1,  -371.357E-03,   8.93479E-03,            0.,"ASSEMBLY_PLATE-1__PICKEDSET2","ROCK","",  -839.398E-03,      -1.36296,  -847.302E-03,      -1.35506,  -63.8437E-03
F:/Desktop/DeepOnet_Abaqus/StaticElasticJob6.odb,Step-1,Increment      1: Step Time =    1.000,"PLATE-1",          2664,             1,  -79.5228E-03,  -268.011E-03,            0.,"ASSEMBLY_PLATE-1__PICKEDSET2","ROCK","",  -373.052E-03,      -2.46971,      -2.41882,  -423.937E-03,   322.645E-03
F:/Desktop/DeepOnet_Abaqus/StaticElasticJob6.odb,Step-1,Increment      1: Step Time =    1.000,"PLATE-1",          2665,             1,  -73.5766E-03,  -288.459E-03,            0.,"ASSEMBLY_PLATE-1__PICKEDSET2","ROCK","",  -448.060E-03,      -2.39625,      -2.35555,  -488.755E-03,   278.613E-03
F:/Desktop/DeepOnet_Abaqus/StaticElasticJob6.odb,Step-1,Increment      1: Step Time =    1.000,"PLATE-1",          2666,             1,  -74.4766E-03,  -325.383E-03,            0.,"ASSEMBLY_PLATE-1__PICKEDSET2","ROCK","",  -569.648E-03,      -2.26868,      -2.23825,  -600.073E-03,   225.315E-03
F:/Desktop/DeepOnet_Abaqus/StaticElasticJob6.odb,Step-1,Increment      1: Step Time =    1.000,"PLATE-1",          2667,             1,  -357.221E-03,  -85.5815E-03,            0.,"ASSEMBLY_PLATE-1__PICKEDSET2","ROCK","",  -742.689E-03,      -1.56823,  -952.297E-03,      -1.35862,   359.310E-03
F:/Desktop/DeepOnet_Abaqus/StaticElasticJob6.odb,Step-1,Increment      1: Step Time =    1.000,"PLATE-1",          2668,             1,  -362.547E-03,  -175.966E-03,            0.,"ASSEMBLY_PLATE-1__PICKEDSET2","ROCK","",  -847.185E-03,      -1.73846,      -1.43947,      -1.14618,   420.817E-03
F:/Desktop/DeepOnet_Abaqus/StaticElasticJob6.odb,Step-1,Increment      1: Step Time =    1.000,"PLATE-1",          2669,             1,  -336.193E-03,  -196.119E-03,            0.,"ASSEMBLY_PLATE-1__PICKEDSET2","ROCK","",  -834.552E-03,      -1.83784,      -1.56274,      -1.10965,   447.577E-03
F:/Desktop/DeepOnet_Abaqus/StaticElasticJob6.odb,Step-1,Increment      1: Step Time =    1.000,"PLATE-1",          2670,             1,  -283.908E-03,  -229.374E-03,            0.,"ASSEMBLY_PLATE-1__PICKEDSET2","ROCK","",  -876.360E-03,      -1.96808,      -1.74980,      -1.09465,   436.645E-03
F:/Desktop/DeepOnet_Abaqus/StaticElasticJob6.odb,Step-1,Increment      1: Step Time =    1.000,"PLATE-1",          2671,             1,  -209.677E-03,   231.648E-03,            0.,"ASSEMBLY_PLATE-1__PICKEDSET2","ROCK","",  -568.835E-03,      -2.07023,      -1.85628,  -782.785E-03,  -524.834E-03
F:/Desktop/DeepOnet_Abaqus/StaticElasticJob6.odb,Step-1,Increment      1: Step Time =    1.000,"PLATE-1",          2672,             1,   21.6716E-03,  -299.995E-03,            0.,"ASSEMBLY_PLATE-1__PICKEDSET2","ROCK","",  -449.085E-03,      -2.36591,      -2.36303,  -451.958E-03,  -74.1529E-03
F:/Desktop/DeepOnet_Abaqus/StaticElasticJob6.odb,Step-1,Increment      1: Step Time =    1.000,"PLATE-1",          2673,             1,  -24.7406E-03,  -322.023E-03,            0.,"ASSEMBLY_PLATE-1__PICKEDSET2","ROCK","",  -526.441E-03,      -2.29577,      -2.29177,  -530.448E-03,   84.0994E-03
F:/Desktop/DeepOnet_Abaqus/StaticElasticJob6.odb,Step-1,Increment      1: Step Time =    1.000,"PLATE-1",          2674,             1,   71.2934E-03,  -317.638E-03,            0.,"ASSEMBLY_PLATE-1__PICKEDSET2","ROCK","",  -539.658E-03,      -2.29265,      -2.26703,  -565.278E-03,  -210.370E-03
F:/Desktop/DeepOnet_Abaqus/StaticElasticJob6.odb,Step-1,Increment      1: Step Time =    1.000,"PLATE-1",          2675,             1,   61.4691E-03,  -292.638E-03,            0.,"ASSEMBLY_PLATE-1__PICKEDSET2","ROCK","",  -447.351E-03,      -2.38005,      -2.35331,  -474.088E-03,  -225.743E-03
F:/Desktop/DeepOnet_Abaqus/StaticElasticJob6.odb,Step-1,Increment      1: Step Time =    1.000,"PLATE-1",          2676,             1,  -380.209E-03,   156.275E-03,            0.,"ASSEMBLY_PLATE-1__PICKEDSET2","ROCK","",  -808.764E-03,      -1.55563,      -1.27222,      -1.09217,  -362.419E-03
F:/Desktop/DeepOnet_Abaqus/StaticElasticJob6.odb,Step-1,Increment      1: Step Time =    1.000,"PLATE-1",          2677,             1,   351.617E-03,  -146.202E-03,            0.,"ASSEMBLY_PLATE-1__PICKEDSET2","ROCK","",  -813.207E-03,      -1.71523,      -1.30672,      -1.22172,  -449.005E-03
F:/Desktop/DeepOnet_Abaqus/StaticElasticJob6.odb,Step-1,Increment      1: Step Time =    1.000,"PLATE-1",          2678,             1,  -363.743E-03,      -1.45886,            0.,"ASSEMBLY_PLATE-1__PICKEDSET2","ROCK","",  -996.478E-03,      -1.67514,      -1.67508,  -996.540E-03,   6.48337E-03
F:/Desktop/DeepOnet_Abaqus/StaticElasticJob6.odb,Step-1,Increment      1: Step Time =    1.000,"PLATE-1",          2679,             1,  -467.682E-03,      -1.36867,            0.,"ASSEMBLY_PLATE-1__PICKEDSET2","ROCK","",  -994.003E-03,      -1.67719,      -1.67703,  -994.162E-03,   10.4199E-03
F:/Desktop/DeepOnet_Abaqus/StaticElasticJob6.odb,Step-1,Increment      1: Step Time =    1.000,"PLATE-1",          2680,             1,      -1.23356,  -884.442E-03,            0.,"ASSEMBLY_PLATE-1__PICKEDSET2","ROCK","",  -996.906E-03,      -1.64747,      -1.64535,  -999.025E-03,   37.0701E-03
F:/Desktop/DeepOnet_Abaqus/StaticElasticJob6.odb,Step-1,Increment      1: Step Time =    1.000,"PLATE-1",          2681,             1,      -1.27954,  -771.155E-03,            0.,"ASSEMBLY_PLATE-1__PICKEDSET2","ROCK","",      -1.00058,      -1.63990,      -1.63746,      -1.00303,   39.4809E-03
F:/Desktop/DeepOnet_Abaqus/StaticElasticJob6.odb,Step-1,Increment      1: Step Time =    1.000,"PLATE-1",          2682,             1,      -1.32431,   54.7157E-03,            0.,"ASSEMBLY_PLATE-1__PICKEDSET2","ROCK","",      -1.03696,      -1.57717,      -1.57689,      -1.03723,   12.2430E-03
F:/Desktop/DeepOnet_Abaqus/StaticElasticJob6.odb,Step-1,Increment      1: Step Time =    1.000,"PLATE-1",          2683,             1,      -1.41986,   64.8274E-03,            0.,"ASSEMBLY_PLATE-1__PICKEDSET2","ROCK","",      -1.03296,      -1.58493,      -1.58471,      -1.03319,   11.1983E-03
F:/Desktop/DeepOnet_Abaqus/StaticElasticJob6.odb,Step-1,Increment      1: Step Time =    1.000,"PLATE-1",          2684,             1,      -1.35764,   274.411E-03,            0.,"ASSEMBLY_PLATE-1__PICKEDSET2","ROCK","",      -1.03196,      -1.58292,      -1.58289,      -1.03199,  -4.07411E-03
F:/Desktop/DeepOnet_Abaqus/StaticElasticJob6.odb,Step-1,Increment      1: Step Time =    1.000,"PLATE-1",          2685,             1,   418.270E-03,      -1.36184,            0.,"ASSEMBLY_PLATE-1__PICKEDSET2","ROCK","",  -998.143E-03,      -1.67936,      -1.67923,  -998.270E-03,  -9.30426E-03
F:/Desktop/DeepOnet_Abaqus/StaticElasticJob6.odb,Step-1,Increment      1: Step Time =    1.000,"PLATE-1",          2686,             1,      -1.15036,       1.19204,            0.,"ASSEMBLY_PLATE-1__PICKEDSET2","ROCK","",      -1.00602,      -1.61997,      -1.61954,      -1.00644,  -16.1470E-03
F:/Desktop/DeepOnet_Abaqus/StaticElasticJob6.odb,Step-1,Increment      1: Step Time =    1.000,"PLATE-1",          2687,             1,   291.050E-03,  -339.362E-03,            0.,"ASSEMBLY_PLATE-1__PICKEDSET2","ROCK","",  -912.362E-03,      -1.88979,      -1.81231,  -989.842E-03,  -264.060E-03
F:/Desktop/DeepOnet_Abaqus/StaticElasticJob6.odb,Step-1,Increment      1: Step Time =    1.000,"PLATE-1",          2688,             1,   388.206E-03,  -280.863E-03,            0.,"ASSEMBLY_PLATE-1__PICKEDSET2","ROCK","",  -929.318E-03,      -1.77703,      -1.67591,      -1.03044,  -274.761E-03
F:/Desktop/DeepOnet_Abaqus/StaticElasticJob6.odb,Step-1,Increment      1: Step Time =    1.000,"PLATE-1",          2689,             1,   390.594E-03,  -330.882E-03,            0.,"ASSEMBLY_PLATE-1__PICKEDSET2","ROCK","",  -939.121E-03,      -1.77819,      -1.71100,      -1.00631,  -227.736E-03
F:/Desktop/DeepOnet_Abaqus/StaticElasticJob6.odb,Step-1,Increment      1: Step Time =    1.000,"PLATE-1",          2690,             1,   153.798E-03,  -337.287E-03,            0.,"ASSEMBLY_PLATE-1__PICKEDSET2","ROCK","",  -731.346E-03,      -2.12356,      -2.04465,  -810.264E-03,  -321.938E-03
F:/Desktop/DeepOnet_Abaqus/StaticElasticJob6.odb,Step-1,Increment      1: Step Time =    1.000,"PLATE-1",          2691,             1,  -417.107E-03,  -69.4466E-03,            0.,"ASSEMBLY_PLATE-1__PICKEDSET2","ROCK","",  -971.033E-03,      -1.41248,      -1.09545,      -1.28806,   198.608E-03
F:/Desktop/DeepOnet_Abaqus/StaticElasticJob6.odb,Step-1,Increment      1: Step Time =    1.000,"PLATE-1",          2692,             1,  -385.611E-03,  -106.006E-03,            0.,"ASSEMBLY_PLATE-1__PICKEDSET2","ROCK","",  -862.540E-03,      -1.54948,      -1.14497,      -1.26705,   338.003E-03
F:/Desktop/DeepOnet_Abaqus/StaticElasticJob6.odb,Step-1,Increment      1: Step Time =    1.000,"PLATE-1",          2693,             1,   161.575E-03,   272.866E-03,            0.,"ASSEMBLY_PLATE-1__PICKEDSET2","ROCK","",  -673.594E-03,      -2.30059,      -2.20338,  -770.808E-03,   385.637E-03
F:/Desktop/DeepOnet_Abaqus/StaticElasticJob6.odb,Step-1,Increment      1: Step Time =    1.000,"PLATE-1",          2694,             1,   155.348E-03,   245.339E-03,            0.,"ASSEMBLY_PLATE-1__PICKEDSET2","ROCK","",  -598.226E-03,      -2.35430,      -2.18609,  -766.435E-03,   516.809E-03
F:/Desktop/DeepOnet_Abaqus/StaticElasticJob6.odb,Step-1,Increment      1: Step Time =    1.000,"PLATE-1",          2695,             1,   262.988E-03,   135.302E-03,            0.,"ASSEMBLY_PLATE-1__PICKEDSET2","ROCK","",  -481.449E-03,      -1.80193,      -1.22219,      -1.06119,   655.312E-03
F:/Desktop/DeepOnet_Abaqus/StaticElasticJob6.odb,Step-1,Increment      1: Step Time =    1.000,"PLATE-1",          2696,             1,   308.271E-03,   162.104E-03,            0.,"ASSEMBLY_PLATE-1__PICKEDSET2","ROCK","",  -640.090E-03,      -1.76628,      -1.37227,      -1.03410,   537.108E-03
F:/Desktop/DeepOnet_Abaqus/StaticElasticJob6.odb,Step-1,Increment      1: Step Time =    1.000,"PLATE-1",          2697,             1,  -81.0104E-03,  -252.237E-03,            0.,"ASSEMBLY_PLATE-1__PICKEDSET2","ROCK","",  -326.826E-03,      -2.51745,      -2.45835,  -385.930E-03,   354.938E-03
F:/Desktop/DeepOnet_Abaqus/StaticElasticJob6.odb,Step-1,Increment      1: Step Time =    1.000,"PLATE-1",          2698,             1,  -77.3103E-03,  -240.223E-03,            0.,"ASSEMBLY_PLATE-1__PICKEDSET2","ROCK","",  -232.792E-03,      -2.60289,      -2.53969,  -295.991E-03,   381.830E-03
F:/Desktop/DeepOnet_Abaqus/StaticElasticJob6.odb,Step-1,Increment      1: Step Time =    1.000,"PLATE-1",          2699,             1,  -27.8092E-03,  -290.405E-03,            0.,"ASSEMBLY_PLATE-1__PICKEDSET2","ROCK","",  -413.146E-03,      -2.40064,      -2.39556,  -418.229E-03,   100.381E-03
F:/Desktop/DeepOnet_Abaqus/StaticElasticJob6.odb,Step-1,Increment      1: Step Time =    1.000,"PLATE-1",          2700,             1,  -45.6652E-03,  -298.292E-03,            0.,"ASSEMBLY_PLATE-1__PICKEDSET2","ROCK","",  -455.873E-03,      -2.37097,      -2.35559,  -471.257E-03,   170.954E-03
F:/Desktop/DeepOnet_Abaqus/StaticElasticJob6.odb,Step-1,Increment      1: Step Time =    1.000,"PLATE-1",          2701,             1,   347.823E-03,   11.2841E-03,            0.,"ASSEMBLY_PLATE-1__PICKEDSET2","ROCK","",  -768.793E-03,      -1.41569,  -795.358E-03,      -1.38912,   128.373E-03
F:/Desktop/DeepOnet_Abaqus/StaticElasticJob6.odb,Step-1,Increment      1: Step Time =    1.000,"PLATE-1",          2702,             1,  -247.938E-03,   218.376E-03,            0.,"ASSEMBLY_PLATE-1__PICKEDSET2","ROCK","",  -597.205E-03,      -1.92363,      -1.68335,  -837.479E-03,  -510.856E-03
F:/Desktop/DeepOnet_Abaqus/StaticElasticJob6.odb,Step-1,Increment      1: Step Time =    1.000,"PLATE-1",          2703,             1,  -210.912E-03,   173.882E-03,            0.,"ASSEMBLY_PLATE-1__PICKEDSET2","ROCK","",  -402.832E-03,      -2.04375,      -1.57691,  -869.665E-03,  -740.339E-03
F:/Desktop/DeepOnet_Abaqus/StaticElasticJob6.odb,Step-1,Increment      1: Step Time =    1.000,"PLATE-1",          2704,             1,   89.9064E-03,   279.669E-03,            0.,"ASSEMBLY_PLATE-1__PICKEDSET2","ROCK","",  -738.073E-03,      -2.49577,      -2.44607,  -787.768E-03,   291.339E-03
F:/Desktop/DeepOnet_Abaqus/StaticElasticJob6.odb,Step-1,Increment      1: Step Time =    1.000,"PLATE-1",          2705,             1,   29.5502E-03,   316.840E-03,            0.,"ASSEMBLY_PLATE-1__PICKEDSET2","ROCK","",  -850.177E-03,      -2.41947,      -2.41656,  -853.082E-03,   67.4555E-03
F:/Desktop/DeepOnet_Abaqus/StaticElasticJob6.odb,Step-1,Increment      1: Step Time =    1.000,"PLATE-1",          2706,             1,   377.986E-03,   1.06804E-03,            0.,"ASSEMBLY_PLATE-1__PICKEDSET2","ROCK","",  -903.412E-03,      -1.37427,  -913.110E-03,      -1.36457,   66.8740E-03
F:/Desktop/DeepOnet_Abaqus/StaticElasticJob6.odb,Step-1,Increment      1: Step Time =    1.000,"PLATE-1",          2707,             1,   195.613E-03,  -285.403E-03,            0.,"ASSEMBLY_PLATE-1__PICKEDSET2","ROCK","",  -757.793E-03,      -2.16291,      -2.00353,  -917.169E-03,  -445.580E-03
F:/Desktop/DeepOnet_Abaqus/StaticElasticJob6.odb,Step-1,Increment      1: Step Time =    1.000,"PLATE-1",          2708,             1,   329.465E-03,  -123.109E-03,            0.,"ASSEMBLY_PLATE-1__PICKEDSET2","ROCK","",  -720.876E-03,      -1.72916,      -1.15286,      -1.29718,  -498.953E-03
F:/Desktop/DeepOnet_Abaqus/StaticElasticJob6.odb,Step-1,Increment      1: Step Time =    1.000,"PLATE-1",          2709,             1,   346.987E-03,  -105.644E-03,            0.,"ASSEMBLY_PLATE-1__PICKEDSET2","ROCK","",  -772.886E-03,      -1.63566,      -1.07080,      -1.33774,  -410.220E-03
F:/Desktop/DeepOnet_Abaqus/StaticElasticJob6.odb,Step-1,Increment      1: Step Time =    1.000,"PLATE-1",          2710,             1,   403.811E-03,  -108.426E-03,            0.,"ASSEMBLY_PLATE-1__PICKEDSET2","ROCK","",  -948.116E-03,      -1.50891,      -1.18868,      -1.26834,  -277.555E-03
F:/Desktop/DeepOnet_Abaqus/StaticElasticJob6.odb,Step-1,Increment      1: Step Time =    1.000,"PLATE-1",          2711,             1,   417.895E-03,   45.7569E-03,            0.,"ASSEMBLY_PLATE-1__PICKEDSET2","ROCK","",  -987.729E-03,      -1.36995,      -1.05865,      -1.29903,   148.590E-03
F:/Desktop/DeepOnet_Abaqus/StaticElasticJob6.odb,Step-1,Increment      1: Step Time =    1.000,"PLATE-1",          2712,             1,   392.285E-03,   25.4893E-03,            0.,"ASSEMBLY_PLATE-1__PICKEDSET2","ROCK","",  -949.594E-03,      -1.36676,  -987.479E-03,      -1.32887,   119.870E-03
F:/Desktop/DeepOnet_Abaqus/StaticElasticJob6.odb,Step-1,Increment      1: Step Time =    1.000,"PLATE-1",          2713,             1,      -1.21931,       1.20340,            0.,"ASSEMBLY_PLATE-1__PICKEDSET2","ROCK","",      -1.00684,      -1.61986,      -1.61942,      -1.00728,  -16.4117E-03
F:/Desktop/DeepOnet_Abaqus/StaticElasticJob6.odb,Step-1,Increment      1: Step Time =    1.000,"PLATE-1",          2714,             1,   322.449E-03,   206.966E-03,            0.,"ASSEMBLY_PLATE-1__PICKEDSET2","ROCK","",  -700.722E-03,      -1.81844,      -1.55869,  -960.474E-03,   472.079E-03
F:/Desktop/DeepOnet_Abaqus/StaticElasticJob6.odb,Step-1,Increment      1: Step Time =    1.000,"PLATE-1",          2715,             1,   279.235E-03,   208.171E-03,            0.,"ASSEMBLY_PLATE-1__PICKEDSET2","ROCK","",  -607.987E-03,      -1.92636,      -1.62522,  -909.125E-03,   553.470E-03
F:/Desktop/DeepOnet_Abaqus/StaticElasticJob6.odb,Step-1,Increment      1: Step Time =    1.000,"PLATE-1",          2716,             1,   226.175E-03,  -310.015E-03,            0.,"ASSEMBLY_PLATE-1__PICKEDSET2","ROCK","",  -855.120E-03,      -2.02937,      -1.90721,  -977.282E-03,  -358.504E-03
F:/Desktop/DeepOnet_Abaqus/StaticElasticJob6.odb,Step-1,Increment      1: Step Time =    1.000,"PLATE-1",          2717,             1,  -178.117E-03,  -225.603E-03,            0.,"ASSEMBLY_PLATE-1__PICKEDSET2","ROCK","",  -563.910E-03,      -2.61842,      -2.19857,  -983.761E-03,   828.440E-03
F:/Desktop/DeepOnet_Abaqus/StaticElasticJob6.odb,Step-1,Increment      1: Step Time =    1.000,"PLATE-1",          2718,             1,  -163.391E-03,  -245.309E-03,            0.,"ASSEMBLY_PLATE-1__PICKEDSET2","ROCK","",  -545.656E-03,      -2.48922,      -2.21279,  -822.085E-03,   678.855E-03
F:/Desktop/DeepOnet_Abaqus/StaticElasticJob6.odb,Step-1,Increment      1: Step Time =    1.000,"PLATE-1",          2719,             1,   218.312E-03,  -358.038E-03,            0.,"ASSEMBLY_PLATE-1__PICKEDSET2","ROCK","",  -854.601E-03,      -1.99168,      -1.91718,  -929.101E-03,  -281.357E-03
F:/Desktop/DeepOnet_Abaqus/StaticElasticJob6.odb,Step-1,Increment      1: Step Time =    1.000,"PLATE-1",          2720,             1,       1.40442,      -1.22540,            0.,"ASSEMBLY_PLATE-1__PICKEDSET2","ROCK","",      -1.00038,      -1.65651,      -1.65599,      -1.00089,  -18.4351E-03
F:/Desktop/DeepOnet_Abaqus/StaticElasticJob6.odb,Step-1,Increment      1: Step Time =    1.000,"PLATE-1",          2721,             1,      -1.20797,      -1.36747,            0.,"ASSEMBLY_PLATE-1__PICKEDSET2","ROCK","",  -994.946E-03,      -1.65600,      -1.65540,  -995.549E-03,   19.9441E-03
F:/Desktop/DeepOnet_Abaqus/StaticElasticJob6.odb,Step-1,Increment      1: Step Time =    1.000,"PLATE-1",          2722,             1,      -1.14171,      -1.32590,            0.,"ASSEMBLY_PLATE-1__PICKEDSET2","ROCK","",  -994.147E-03,      -1.65814,      -1.65749,  -994.804E-03,   20.8708E-03
F:/Desktop/DeepOnet_Abaqus/StaticElasticJob6.odb,Step-1,Increment      1: Step Time =    1.000,"PLATE-1",          2723,             1,      -1.10133,      -1.39410,            0.,"ASSEMBLY_PLATE-1__PICKEDSET2","ROCK","",  -994.689E-03,      -1.65882,      -1.65831,  -995.197E-03,   18.3768E-03
F:/Desktop/DeepOnet_Abaqus/StaticElasticJob6.odb,Step-1,Increment      1: Step Time =    1.000,"PLATE-1",          2724,             1,   373.992E-03,  -123.730E-03,            0.,"ASSEMBLY_PLATE-1__PICKEDSET2","ROCK","",  -870.257E-03,      -1.59058,      -1.20257,      -1.25827,  -359.086E-03
F:/Desktop/DeepOnet_Abaqus/StaticElasticJob6.odb,Step-1,Increment      1: Step Time =    1.000,"PLATE-1",          2725,             1,  -280.110E-03,   232.760E-03,            0.,"ASSEMBLY_PLATE-1__PICKEDSET2","ROCK","",  -651.454E-03,      -1.87052,      -1.66138,  -860.594E-03,  -459.582E-03
F:/Desktop/DeepOnet_Abaqus/StaticElasticJob6.odb,Step-1,Increment      1: Step Time =    1.000,"PLATE-1",          2726,             1,  -351.740E-03,  -111.138E-03,            0.,"ASSEMBLY_PLATE-1__PICKEDSET2","ROCK","",  -753.260E-03,      -1.63534,      -1.08149,      -1.30711,   426.367E-03
F:/Desktop/DeepOnet_Abaqus/StaticElasticJob6.odb,Step-1,Increment      1: Step Time =    1.000,"PLATE-1",          2727,             1,  -431.262E-03,  -221.247E-03,            0.,"ASSEMBLY_PLATE-1__PICKEDSET2","ROCK","",  -930.495E-03,      -1.68149,      -1.53693,      -1.07506,   296.088E-03
F:/Desktop/DeepOnet_Abaqus/StaticElasticJob6.odb,Step-1,Increment      1: Step Time =    1.000,"PLATE-1",          2728,             1,  -373.843E-03,  -266.613E-03,            0.,"ASSEMBLY_PLATE-1__PICKEDSET2","ROCK","",  -911.588E-03,      -1.77988,      -1.65855,      -1.03293,   301.056E-03
F:/Desktop/DeepOnet_Abaqus/StaticElasticJob6.odb,Step-1,Increment      1: Step Time =    1.000,"PLATE-1",          2729,             1,   87.2869E-03,  -305.928E-03,            0.,"ASSEMBLY_PLATE-1__PICKEDSET2","ROCK","",  -536.880E-03,      -2.30508,      -2.26203,  -579.933E-03,  -272.528E-03
F:/Desktop/DeepOnet_Abaqus/StaticElasticJob6.odb,Step-1,Increment      1: Step Time =    1.000,"PLATE-1",          2730,             1,  -242.174E-03,   160.875E-03,            0.,"ASSEMBLY_PLATE-1__PICKEDSET2","ROCK","",  -438.327E-03,      -1.88435,      -1.39135,  -931.324E-03,  -685.447E-03
F:/Desktop/DeepOnet_Abaqus/StaticElasticJob6.odb,Step-1,Increment      1: Step Time =    1.000,"PLATE-1",          2731,             1,  -213.795E-03,   157.778E-03,            0.,"ASSEMBLY_PLATE-1__PICKEDSET2","ROCK","",  -346.612E-03,      -2.01726,      -1.42863,  -935.241E-03,  -798.065E-03
F:/Desktop/DeepOnet_Abaqus/StaticElasticJob6.odb,Step-1,Increment      1: Step Time =    1.000,"PLATE-1",          2732,             1,  -250.199E-03,   195.585E-03,            0.,"ASSEMBLY_PLATE-1__PICKEDSET2","ROCK","",  -563.889E-03,      -1.89712,      -1.58025,  -880.754E-03,  -567.494E-03
F:/Desktop/DeepOnet_Abaqus/StaticElasticJob6.odb,Step-1,Increment      1: Step Time =    1.000,"PLATE-1",          2733,             1,  -266.495E-03,   154.547E-03,            0.,"ASSEMBLY_PLATE-1__PICKEDSET2","ROCK","",  -520.610E-03,      -1.77736,      -1.31519,  -982.771E-03,  -605.992E-03
F:/Desktop/DeepOnet_Abaqus/StaticElasticJob6.odb,Step-1,Increment      1: Step Time =    1.000,"PLATE-1",          2734,             1,  -243.158E-03,   130.698E-03,            0.,"ASSEMBLY_PLATE-1__PICKEDSET2","ROCK","",  -387.893E-03,      -1.76315,      -1.10550,      -1.04554,  -686.973E-03
F:/Desktop/DeepOnet_Abaqus/StaticElasticJob6.odb,Step-1,Increment      1: Step Time =    1.000,"PLATE-1",          2735,             1,   104.895E-03,   303.487E-03,            0.,"ASSEMBLY_PLATE-1__PICKEDSET2","ROCK","",  -789.705E-03,      -2.33222,      -2.29789,  -824.041E-03,   227.566E-03
F:/Desktop/DeepOnet_Abaqus/StaticElasticJob6.odb,Step-1,Increment      1: Step Time =    1.000,"PLATE-1",          2736,             1,   91.9588E-03,   326.594E-03,            0.,"ASSEMBLY_PLATE-1__PICKEDSET2","ROCK","",  -834.811E-03,      -2.27639,      -2.25885,  -852.347E-03,   158.024E-03
F:/Desktop/DeepOnet_Abaqus/StaticElasticJob6.odb,Step-1,Increment      1: Step Time =    1.000,"PLATE-1",          2737,             1,   70.5662E-03,   298.940E-03,            0.,"ASSEMBLY_PLATE-1__PICKEDSET2","ROCK","",  -807.542E-03,      -2.44667,      -2.42404,  -830.177E-03,   191.281E-03
F:/Desktop/DeepOnet_Abaqus/StaticElasticJob6.odb,Step-1,Increment      1: Step Time =    1.000,"PLATE-1",          2738,             1,   130.128E-03,  -354.116E-03,            0.,"ASSEMBLY_PLATE-1__PICKEDSET2","ROCK","",  -713.174E-03,      -2.12590,      -2.07634,  -762.729E-03,  -259.908E-03
F:/Desktop/DeepOnet_Abaqus/StaticElasticJob6.odb,Step-1,Increment      1: Step Time =    1.000,"PLATE-1",          2739,             1,   190.232E-03,  -363.653E-03,            0.,"ASSEMBLY_PLATE-1__PICKEDSET2","ROCK","",  -810.105E-03,      -2.01857,      -1.95465,  -874.022E-03,  -270.474E-03
F:/Desktop/DeepOnet_Abaqus/StaticElasticJob6.odb,Step-1,Increment      1: Step Time =    1.000,"PLATE-1",          2740,             1,   149.169E-03,  -385.487E-03,            0.,"ASSEMBLY_PLATE-1__PICKEDSET2","ROCK","",  -785.595E-03,      -2.04235,      -2.00103,  -826.912E-03,  -224.093E-03
F:/Desktop/DeepOnet_Abaqus/StaticElasticJob6.odb,Step-1,Increment      1: Step Time =    1.000,"PLATE-1",          2741,             1,  -372.377E-03,   65.4224E-03,            0.,"ASSEMBLY_PLATE-1__PICKEDSET2","ROCK","",  -839.695E-03,      -1.40770,  -987.259E-03,      -1.26013,  -249.081E-03
F:/Desktop/DeepOnet_Abaqus/StaticElasticJob6.odb,Step-1,Increment      1: Step Time =    1.000,"PLATE-1",          2742,             1,  -347.574E-03,   22.5131E-03,            0.,"ASSEMBLY_PLATE-1__PICKEDSET2","ROCK","",  -745.200E-03,      -1.39556,  -779.671E-03,      -1.36109,  -145.707E-03
F:/Desktop/DeepOnet_Abaqus/StaticElasticJob6.odb,Step-1,Increment      1: Step Time =    1.000,"PLATE-1",          2743,             1,  -387.814E-03,   29.4454E-03,            0.,"ASSEMBLY_PLATE-1__PICKEDSET2","ROCK","",  -901.220E-03,      -1.35182,  -940.580E-03,      -1.31246,  -127.226E-03
F:/Desktop/DeepOnet_Abaqus/StaticElasticJob6.odb,Step-1,Increment      1: Step Time =    1.000,"PLATE-1",          2744,             1,   286.199E-03,   131.239E-03,            0.,"ASSEMBLY_PLATE-1__PICKEDSET2","ROCK","",  -545.565E-03,      -1.73131,      -1.18298,      -1.09389,   591.197E-03
F:/Desktop/DeepOnet_Abaqus/StaticElasticJob6.odb,Step-1,Increment      1: Step Time =    1.000,"PLATE-1",          2745,             1,  -124.028E-03,  -333.493E-03,            0.,"ASSEMBLY_PLATE-1__PICKEDSET2","ROCK","",  -661.964E-03,      -2.19711,      -2.13155,  -727.520E-03,   310.386E-03
F:/Desktop/DeepOnet_Abaqus/StaticElasticJob6.odb,Step-1,Increment      1: Step Time =    1.000,"PLATE-1",          2746,             1,  -84.3280E-03,  -400.771E-03,            0.,"ASSEMBLY_PLATE-1__PICKEDSET2","ROCK","",  -741.842E-03,      -2.07166,      -2.05681,  -756.691E-03,   139.733E-03
F:/Desktop/DeepOnet_Abaqus/StaticElasticJob6.odb,Step-1,Increment      1: Step Time =    1.000,"PLATE-1",          2747,             1,  -95.4187E-03,  -250.021E-03,            0.,"ASSEMBLY_PLATE-1__PICKEDSET2","ROCK","",  -321.012E-03,      -2.54289,      -2.45609,  -407.815E-03,   430.501E-03
F:/Desktop/DeepOnet_Abaqus/StaticElasticJob6.odb,Step-1,Increment      1: Step Time =    1.000,"PLATE-1",          2748,             1,   52.0468E-03,  -323.676E-03,            0.,"ASSEMBLY_PLATE-1__PICKEDSET2","ROCK","",  -550.972E-03,      -2.27299,      -2.25978,  -564.177E-03,  -150.217E-03
F:/Desktop/DeepOnet_Abaqus/StaticElasticJob6.odb,Step-1,Increment      1: Step Time =    1.000,"PLATE-1",          2749,             1,   51.4971E-03,  -351.341E-03,            0.,"ASSEMBLY_PLATE-1__PICKEDSET2","ROCK","",  -621.804E-03,      -2.19911,      -2.19005,  -630.858E-03,  -119.159E-03
F:/Desktop/DeepOnet_Abaqus/StaticElasticJob6.odb,Step-1,Increment      1: Step Time =    1.000,"PLATE-1",          2750,             1,  -63.0085E-03,   340.341E-03,            0.,"ASSEMBLY_PLATE-1__PICKEDSET2","ROCK","",  -863.029E-03,      -2.24392,      -2.24278,  -864.169E-03,  -39.6637E-03
F:/Desktop/DeepOnet_Abaqus/StaticElasticJob6.odb,Step-1,Increment      1: Step Time =    1.000,"PLATE-1",          2751,             1,  -83.9573E-03,   285.614E-03,            0.,"ASSEMBLY_PLATE-1__PICKEDSET2","ROCK","",  -763.104E-03,      -2.40170,      -2.38571,  -779.091E-03,  -161.062E-03
F:/Desktop/DeepOnet_Abaqus/StaticElasticJob6.odb,Step-1,Increment      1: Step Time =    1.000,"PLATE-1",          2752,             1,  -58.9686E-03,   307.259E-03,            0.,"ASSEMBLY_PLATE-1__PICKEDSET2","ROCK","",  -814.414E-03,      -2.38624,      -2.38325,  -817.405E-03,  -68.5080E-03
F:/Desktop/DeepOnet_Abaqus/StaticElasticJob6.odb,Step-1,Increment      1: Step Time =    1.000,"PLATE-1",          2753,             1,   209.538E-03,   225.068E-03,            0.,"ASSEMBLY_PLATE-1__PICKEDSET2","ROCK","",  -545.954E-03,      -2.16989,      -1.91592,  -799.920E-03,   589.851E-03
F:/Desktop/DeepOnet_Abaqus/StaticElasticJob6.odb,Step-1,Increment      1: Step Time =    1.000,"PLATE-1",          2754,             1,   184.937E-03,   194.878E-03,            0.,"ASSEMBLY_PLATE-1__PICKEDSET2","ROCK","",  -418.810E-03,      -2.28292,      -1.87530,  -826.437E-03,   770.522E-03
F:/Desktop/DeepOnet_Abaqus/StaticElasticJob6.odb,Step-1,Increment      1: Step Time =    1.000,"PLATE-1",          2755,             1,   187.945E-03,   219.450E-03,            0.,"ASSEMBLY_PLATE-1__PICKEDSET2","ROCK","",  -523.685E-03,      -2.24955,      -1.98276,  -790.472E-03,   623.908E-03
F:/Desktop/DeepOnet_Abaqus/StaticElasticJob6.odb,Step-1,Increment      1: Step Time =    1.000,"PLATE-1",          2756,             1,  -231.948E-03,   337.132E-03,            0.,"ASSEMBLY_PLATE-1__PICKEDSET2","ROCK","",  -775.471E-03,      -1.96841,      -1.93268,  -811.199E-03,  -203.334E-03
F:/Desktop/DeepOnet_Abaqus/StaticElasticJob6.odb,Step-1,Increment      1: Step Time =    1.000,"PLATE-1",          2757,             1,  -225.286E-03,   296.335E-03,            0.,"ASSEMBLY_PLATE-1__PICKEDSET2","ROCK","",  -710.896E-03,      -2.01561,      -1.94161,  -784.900E-03,  -301.790E-03
F:/Desktop/DeepOnet_Abaqus/StaticElasticJob6.odb,Step-1,Increment      1: Step Time =    1.000,"PLATE-1",          2758,             1,  -382.524E-03,       1.29028,            0.,"ASSEMBLY_PLATE-1__PICKEDSET2","ROCK","",      -1.02493,      -1.59292,      -1.59287,      -1.02498,  -5.01868E-03
F:/Desktop/DeepOnet_Abaqus/StaticElasticJob6.odb,Step-1,Increment      1: Step Time =    1.000,"PLATE-1",          2759,             1,  -317.283E-03,       1.20615,            0.,"ASSEMBLY_PLATE-1__PICKEDSET2","ROCK","",      -1.02737,      -1.59284,      -1.59277,      -1.02744,   6.33784E-03
F:/Desktop/DeepOnet_Abaqus/StaticElasticJob6.odb,Step-1,Increment      1: Step Time =    1.000,"PLATE-1",          2760,             1,   972.830E-03,      -1.17624,            0.,"ASSEMBLY_PLATE-1__PICKEDSET2","ROCK","",  -998.953E-03,      -1.66833,      -1.66769,  -999.588E-03,  -20.6179E-03
F:/Desktop/DeepOnet_Abaqus/StaticElasticJob6.odb,Step-1,Increment      1: Step Time =    1.000,"PLATE-1",          2761,             1,  -423.773E-03,  -16.6110E-03,            0.,"ASSEMBLY_PLATE-1__PICKEDSET2","ROCK","",      -1.03073,      -1.31300,      -1.04289,      -1.30084,   57.3034E-03
F:/Desktop/DeepOnet_Abaqus/StaticElasticJob6.odb,Step-1,Increment      1: Step Time =    1.000,"PLATE-1",          2762,             1,   14.3093E-03,   324.318E-03,            0.,"ASSEMBLY_PLATE-1__PICKEDSET2","ROCK","",  -871.005E-03,      -2.35769,      -2.35689,  -871.807E-03,   34.5323E-03
F:/Desktop/DeepOnet_Abaqus/StaticElasticJob6.odb,Step-1,Increment      1: Step Time =    1.000,"PLATE-1",          2763,             1,   22.4762E-03,   269.213E-03,            0.,"ASSEMBLY_PLATE-1__PICKEDSET2","ROCK","",  -735.371E-03,      -2.75577,      -2.74760,  -743.538E-03,   128.198E-03
F:/Desktop/DeepOnet_Abaqus/StaticElasticJob6.odb,Step-1,Increment      1: Step Time =    1.000,"PLATE-1",          2764,             1,   48.8268E-03,   311.898E-03,            0.,"ASSEMBLY_PLATE-1__PICKEDSET2","ROCK","",  -837.938E-03,      -2.40853,      -2.39814,  -848.334E-03,   127.360E-03
F:/Desktop/DeepOnet_Abaqus/StaticElasticJob6.odb,Step-1,Increment      1: Step Time =    1.000,"PLATE-1",          2765,             1,      -1.29587,   128.499E-03,            0.,"ASSEMBLY_PLATE-1__PICKEDSET2","ROCK","",      -1.03779,      -1.57472,      -1.57467,      -1.03784,   5.21224E-03
F:/Desktop/DeepOnet_Abaqus/StaticElasticJob6.odb,Step-1,Increment      1: Step Time =    1.000,"PLATE-1",          2766,             1,      -1.25193,   194.854E-03,            0.,"ASSEMBLY_PLATE-1__PICKEDSET2","ROCK","",      -1.03751,      -1.57310,      -1.57309,      -1.03752,  -1.79059E-03
F:/Desktop/DeepOnet_Abaqus/StaticElasticJob6.odb,Step-1,Increment      1: Step Time =    1.000,"PLATE-1",          2767,             1,      -1.27916,  -592.328E-03,            0.,"ASSEMBLY_PLATE-1__PICKEDSET2","ROCK","",      -1.00721,      -1.62754,      -1.62443,      -1.01032,   43.7885E-03
F:/Desktop/DeepOnet_Abaqus/StaticElasticJob6.odb,Step-1,Increment      1: Step Time =    1.000,"PLATE-1",          2768,             1,      -1.29166,  -451.181E-03,            0.,"ASSEMBLY_PLATE-1__PICKEDSET2","ROCK","",      -1.01503,      -1.61406,      -1.61090,      -1.01819,   43.3941E-03
F:/Desktop/DeepOnet_Abaqus/StaticElasticJob6.odb,Step-1,Increment      1: Step Time =    1.000,"PLATE-1",          2769,             1,  -41.5779E-03,       1.36870,            0.,"ASSEMBLY_PLATE-1__PICKEDSET2","ROCK","",      -1.04378,      -1.53878,      -1.53666,      -1.04589,  -32.2877E-03
F:/Desktop/DeepOnet_Abaqus/StaticElasticJob6.odb,Step-1,Increment      1: Step Time =    1.000,"PLATE-1",          2770,             1,  -473.757E-03,  -64.0331E-03,            0.,"ASSEMBLY_PLATE-1__PICKEDSET2","ROCK","",      -1.07703,      -1.36249,      -1.20577,      -1.23375,   142.044E-03
F:/Desktop/DeepOnet_Abaqus/StaticElasticJob6.odb,Step-1,Increment      1: Step Time =    1.000,"PLATE-1",          2771,             1,   404.372E-03,  -139.717E-03,            0.,"ASSEMBLY_PLATE-1__PICKEDSET2","ROCK","",  -939.821E-03,      -1.57527,      -1.30687,      -1.20822,  -313.872E-03
F:/Desktop/DeepOnet_Abaqus/StaticElasticJob6.odb,Step-1,Increment      1: Step Time =    1.000,"PLATE-1",          2772,             1,   387.113E-03,  -173.047E-03,            0.,"ASSEMBLY_PLATE-1__PICKEDSET2","ROCK","",  -903.470E-03,      -1.67562,      -1.42997,      -1.14912,  -359.632E-03
F:/Desktop/DeepOnet_Abaqus/StaticElasticJob6.odb,Step-1,Increment      1: Step Time =    1.000,"PLATE-1",          2773,             1,  -218.250E-03,  -304.316E-03,            0.,"ASSEMBLY_PLATE-1__PICKEDSET2","ROCK","",  -839.809E-03,      -2.05291,      -1.92134,  -971.385E-03,   377.230E-03
F:/Desktop/DeepOnet_Abaqus/StaticElasticJob6.odb,Step-1,Increment      1: Step Time =    1.000,"PLATE-1",          2774,             1,  -270.980E-03,   182.479E-03,            0.,"ASSEMBLY_PLATE-1__PICKEDSET2","ROCK","",  -562.702E-03,      -1.82875,      -1.46779,  -923.666E-03,  -571.579E-03
F:/Desktop/DeepOnet_Abaqus/StaticElasticJob6.odb,Step-1,Increment      1: Step Time =    1.000,"PLATE-1",          2775,             1,  -406.860E-03,   204.648E-03,            0.,"ASSEMBLY_PLATE-1__PICKEDSET2","ROCK","",  -851.313E-03,      -1.60598,      -1.43329,      -1.02401,  -317.023E-03
F:/Desktop/DeepOnet_Abaqus/StaticElasticJob6.odb,Step-1,Increment      1: Step Time =    1.000,"PLATE-1",          2776,             1,  -333.308E-03,   175.624E-03,            0.,"ASSEMBLY_PLATE-1__PICKEDSET2","ROCK","",  -699.751E-03,      -1.66594,      -1.34880,      -1.01689,  -453.693E-03
F:/Desktop/DeepOnet_Abaqus/StaticElasticJob6.odb,Step-1,Increment      1: Step Time =    1.000,"PLATE-1",          2777,             1,  -364.420E-03,   218.676E-03,            0.,"ASSEMBLY_PLATE-1__PICKEDSET2","ROCK","",  -792.179E-03,      -1.67715,      -1.49511,  -974.217E-03,  -357.716E-03
F:/Desktop/DeepOnet_Abaqus/StaticElasticJob6.odb,Step-1,Increment      1: Step Time =    1.000,"PLATE-1",          2778,             1,   439.218E-03,   21.5935E-03,            0.,"ASSEMBLY_PLATE-1__PICKEDSET2","ROCK","",      -1.07374,      -1.32028,      -1.09224,      -1.30179,   64.9439E-03
F:/Desktop/DeepOnet_Abaqus/StaticElasticJob6.odb,Step-1,Increment      1: Step Time =    1.000,"PLATE-1",          2779,             1,  -12.8620E-03,   387.482E-03,            0.,"ASSEMBLY_PLATE-1__PICKEDSET2","ROCK","",  -925.171E-03,      -2.12219,      -2.12071,  -926.656E-03,   42.1315E-03
F:/Desktop/DeepOnet_Abaqus/StaticElasticJob6.odb,Step-1,Increment      1: Step Time =    1.000,"PLATE-1",          2780,             1,  -28.4930E-03,   423.721E-03,            0.,"ASSEMBLY_PLATE-1__PICKEDSET2","ROCK","",  -940.190E-03,      -2.04047,      -2.03887,  -941.787E-03,   41.8807E-03
F:/Desktop/DeepOnet_Abaqus/StaticElasticJob6.odb,Step-1,Increment      1: Step Time =    1.000,"PLATE-1",          2781,             1,   458.257E-03,  -6.96654E-03,            0.,"ASSEMBLY_PLATE-1__PICKEDSET2","ROCK","",      -1.14576,      -1.28889,      -1.14708,      -1.28757,  -13.6787E-03
F:/Desktop/DeepOnet_Abaqus/StaticElasticJob6.odb,Step-1,Increment      1: Step Time =    1.000,"PLATE-1",          2782,             1,  -162.397E-03,  -267.531E-03,            0.,"ASSEMBLY_PLATE-1__PICKEDSET2","ROCK","",  -618.466E-03,      -2.35245,      -2.15112,  -819.798E-03,   555.492E-03
F:/Desktop/DeepOnet_Abaqus/StaticElasticJob6.odb,Step-1,Increment      1: Step Time =    1.000,"PLATE-1",          2783,             1,  -160.155E-03,  -295.773E-03,            0.,"ASSEMBLY_PLATE-1__PICKEDSET2","ROCK","",  -683.269E-03,      -2.23818,      -2.09379,  -827.667E-03,   451.305E-03
F:/Desktop/DeepOnet_Abaqus/StaticElasticJob6.odb,Step-1,Increment      1: Step Time =    1.000,"PLATE-1",          2784,             1,      -1.22751,  -194.424E-03,            0.,"ASSEMBLY_PLATE-1__PICKEDSET2","ROCK","",      -1.03265,      -1.58457,      -1.58221,      -1.03501,   36.0159E-03
F:/Desktop/DeepOnet_Abaqus/StaticElasticJob6.odb,Step-1,Increment      1: Step Time =    1.000,"PLATE-1",          2785,             1,   250.716E-03,  -348.008E-03,            0.,"ASSEMBLY_PLATE-1__PICKEDSET2","ROCK","",  -885.821E-03,      -1.93248,      -1.85558,  -962.720E-03,  -273.082E-03
F:/Desktop/DeepOnet_Abaqus/StaticElasticJob6.odb,Step-1,Increment      1: Step Time =    1.000,"PLATE-1",          2786,             1,   434.536E-03,  -280.437E-03,            0.,"ASSEMBLY_PLATE-1__PICKEDSET2","ROCK","",  -950.780E-03,      -1.72163,      -1.63626,      -1.03615,  -241.913E-03
F:/Desktop/DeepOnet_Abaqus/StaticElasticJob6.odb,Step-1,Increment      1: Step Time =    1.000,"PLATE-1",          2787,             1,  -120.241E-03,  -305.873E-03,            0.,"ASSEMBLY_PLATE-1__PICKEDSET2","ROCK","",  -601.030E-03,      -2.27765,      -2.19287,  -685.807E-03,   367.360E-03
F:/Desktop/DeepOnet_Abaqus/StaticElasticJob6.odb,Step-1,Increment      1: Step Time =    1.000,"PLATE-1",          2788,             1,  -158.053E-03,  -322.359E-03,            0.,"ASSEMBLY_PLATE-1__PICKEDSET2","ROCK","",  -721.851E-03,      -2.15470,      -2.05534,  -821.219E-03,   364.013E-03
F:/Desktop/DeepOnet_Abaqus/StaticElasticJob6.odb,Step-1,Increment      1: Step Time =    1.000,"PLATE-1",          2789,             1,   51.2846E-03,   380.966E-03,            0.,"ASSEMBLY_PLATE-1__PICKEDSET2","ROCK","",  -913.501E-03,      -2.13715,      -2.13259,  -918.064E-03,   74.5806E-03
F:/Desktop/DeepOnet_Abaqus/StaticElasticJob6.odb,Step-1,Increment      1: Step Time =    1.000,"PLATE-1",          2790,             1,  -84.4322E-03,   352.044E-03,            0.,"ASSEMBLY_PLATE-1__PICKEDSET2","ROCK","",  -861.400E-03,      -2.18869,      -2.18763,  -862.465E-03,  -37.5813E-03
F:/Desktop/DeepOnet_Abaqus/StaticElasticJob6.odb,Step-1,Increment      1: Step Time =    1.000,"PLATE-1",          2791,             1,  -155.880E-03,   359.006E-03,            0.,"ASSEMBLY_PLATE-1__PICKEDSET2","ROCK","",  -819.264E-03,      -2.05799,      -2.04870,  -828.560E-03,  -106.907E-03
F:/Desktop/DeepOnet_Abaqus/StaticElasticJob6.odb,Step-1,Increment      1: Step Time =    1.000,"PLATE-1",          2792,             1,  -82.1301E-03,   331.364E-03,            0.,"ASSEMBLY_PLATE-1__PICKEDSET2","ROCK","",  -828.367E-03,      -2.28544,      -2.28113,  -832.681E-03,  -79.1677E-03
F:/Desktop/DeepOnet_Abaqus/StaticElasticJob6.odb,Step-1,Increment      1: Step Time =    1.000,"PLATE-1",          2793,             1,   137.384E-03,   273.596E-03,            0.,"ASSEMBLY_PLATE-1__PICKEDSET2","ROCK","",  -688.302E-03,      -2.36616,      -2.28203,  -772.428E-03,   366.162E-03
F:/Desktop/DeepOnet_Abaqus/StaticElasticJob6.odb,Step-1,Increment      1: Step Time =    1.000,"PLATE-1",          2794,             1,   117.577E-03,   293.255E-03,            0.,"ASSEMBLY_PLATE-1__PICKEDSET2","ROCK","",  -752.007E-03,      -2.35978,      -2.31117,  -800.616E-03,   275.298E-03
F:/Desktop/DeepOnet_Abaqus/StaticElasticJob6.odb,Step-1,Increment      1: Step Time =    1.000,"PLATE-1",          2795,             1,  -118.933E-03,   277.446E-03,            0.,"ASSEMBLY_PLATE-1__PICKEDSET2","ROCK","",  -700.802E-03,      -2.33276,      -2.28559,  -747.965E-03,  -273.393E-03
F:/Desktop/DeepOnet_Abaqus/StaticElasticJob6.odb,Step-1,Increment      1: Step Time =    1.000,"PLATE-1",          2796,             1,  -63.7891E-03,  -307.946E-03,            0.,"ASSEMBLY_PLATE-1__PICKEDSET2","ROCK","",  -505.469E-03,      -2.33070,      -2.30128,  -534.885E-03,   229.838E-03
F:/Desktop/DeepOnet_Abaqus/StaticElasticJob6.odb,Step-1,Increment      1: Step Time =    1.000,"PLATE-1",          2797,             1,  -104.911E-03,   308.831E-03,            0.,"ASSEMBLY_PLATE-1__PICKEDSET2","ROCK","",  -782.524E-03,      -2.28891,      -2.27558,  -795.859E-03,  -141.105E-03
F:/Desktop/DeepOnet_Abaqus/StaticElasticJob6.odb,Step-1,Increment      1: Step Time =    1.000,"PLATE-1",          2798,             1,   4.05892E-03,   341.601E-03,            0.,"ASSEMBLY_PLATE-1__PICKEDSET2","ROCK","",  -887.134E-03,      -2.27722,      -2.27510,  -889.257E-03,   54.2811E-03
F:/Desktop/DeepOnet_Abaqus/StaticElasticJob6.odb,Step-1,Increment      1: Step Time =    1.000,"PLATE-1",          2799,             1,   48.9271E-03,   337.837E-03,            0.,"ASSEMBLY_PLATE-1__PICKEDSET2","ROCK","",  -881.393E-03,      -2.28947,      -2.28250,  -888.363E-03,   98.8194E-03
F:/Desktop/DeepOnet_Abaqus/StaticElasticJob6.odb,Step-1,Increment      1: Step Time =    1.000,"PLATE-1",          2800,             1,   408.492E-03,   3.73827E-03,            0.,"ASSEMBLY_PLATE-1__PICKEDSET2","ROCK","",  -989.708E-03,      -1.34741,  -994.939E-03,      -1.34218,   42.9419E-03
F:/Desktop/DeepOnet_Abaqus/StaticElasticJob6.odb,Step-1,Increment      1: Step Time =    1.000,"PLATE-1",          2801,             1,   105.243E-03,  -366.836E-03,            0.,"ASSEMBLY_PLATE-1__PICKEDSET2","ROCK","",  -704.522E-03,      -2.12319,      -2.09249,  -735.223E-03,  -206.424E-03
F:/Desktop/DeepOnet_Abaqus/StaticElasticJob6.odb,Step-1,Increment      1: Step Time =    1.000,"PLATE-1",          2802,             1,  -190.916E-03,  -301.865E-03,            0.,"ASSEMBLY_PLATE-1__PICKEDSET2","ROCK","",  -781.921E-03,      -2.12236,      -1.98418,  -920.098E-03,   407.584E-03
F:/Desktop/DeepOnet_Abaqus/StaticElasticJob6.odb,Step-1,Increment      1: Step Time =    1.000,"PLATE-1",          2803,             1,  -32.6154E-03,  -403.952E-03,            0.,"ASSEMBLY_PLATE-1__PICKEDSET2","ROCK","",  -722.253E-03,      -2.08718,      -2.08377,  -725.666E-03,   68.1700E-03
F:/Desktop/DeepOnet_Abaqus/StaticElasticJob6.odb,Step-1,Increment      1: Step Time =    1.000,"PLATE-1",          2804,             1,  -55.5783E-03,  -326.865E-03,            0.,"ASSEMBLY_PLATE-1__PICKEDSET2","ROCK","",  -550.471E-03,      -2.28012,      -2.26310,  -567.492E-03,   170.738E-03
F:/Desktop/DeepOnet_Abaqus/StaticElasticJob6.odb,Step-1,Increment      1: Step Time =    1.000,"PLATE-1",          2805,             1,  -195.659E-03,   337.612E-03,            0.,"ASSEMBLY_PLATE-1__PICKEDSET2","ROCK","",  -776.017E-03,      -2.03744,      -2.01262,  -800.834E-03,  -175.181E-03
F:/Desktop/DeepOnet_Abaqus/StaticElasticJob6.odb,Step-1,Increment      1: Step Time =    1.000,"PLATE-1",          2806,             1,  -130.409E-03,   306.710E-03,            0.,"ASSEMBLY_PLATE-1__PICKEDSET2","ROCK","",  -760.957E-03,      -2.23580,      -2.21240,  -784.360E-03,  -184.302E-03
F:/Desktop/DeepOnet_Abaqus/StaticElasticJob6.odb,Step-1,Increment      1: Step Time =    1.000,"PLATE-1",          2807,             1,  -246.134E-03,  -280.882E-03,            0.,"ASSEMBLY_PLATE-1__PICKEDSET2","ROCK","",  -884.038E-03,      -2.02740,      -1.86544,      -1.04600,   398.681E-03
F:/Desktop/DeepOnet_Abaqus/StaticElasticJob6.odb,Step-1,Increment      1: Step Time =    1.000,"PLATE-1",          2808,             1,  -159.979E-03,  -343.741E-03,            0.,"ASSEMBLY_PLATE-1__PICKEDSET2","ROCK","",  -736.151E-03,      -2.11963,      -2.05096,  -804.824E-03,   300.485E-03
F:/Desktop/DeepOnet_Abaqus/StaticElasticJob6.odb,Step-1,Increment      1: Step Time =    1.000,"PLATE-1",          2809,             1,   107.268E-03,  -408.383E-03,            0.,"ASSEMBLY_PLATE-1__PICKEDSET2","ROCK","",  -767.379E-03,      -2.04768,      -2.02645,  -788.605E-03,  -163.479E-03
F:/Desktop/DeepOnet_Abaqus/StaticElasticJob6.odb,Step-1,Increment      1: Step Time =    1.000,"PLATE-1",          2810,             1,  -370.795E-03,  -128.751E-03,            0.,"ASSEMBLY_PLATE-1__PICKEDSET2","ROCK","",  -841.173E-03,      -1.63940,      -1.24518,      -1.23539,   399.081E-03
F:/Desktop/DeepOnet_Abaqus/StaticElasticJob6.odb,Step-1,Increment      1: Step Time =    1.000,"PLATE-1",          2811,             1,   77.8650E-03,  -364.211E-03,            0.,"ASSEMBLY_PLATE-1__PICKEDSET2","ROCK","",  -672.094E-03,      -2.14954,      -2.13330,  -688.337E-03,  -154.064E-03
F:/Desktop/DeepOnet_Abaqus/StaticElasticJob6.odb,Step-1,Increment      1: Step Time =    1.000,"PLATE-1",          2812,             1,  -338.091E-03,  -124.527E-03,            0.,"ASSEMBLY_PLATE-1__PICKEDSET2","ROCK","",  -738.708E-03,      -1.74707,      -1.20565,      -1.28013,   502.805E-03
F:/Desktop/DeepOnet_Abaqus/StaticElasticJob6.odb,Step-1,Increment      1: Step Time =    1.000,"PLATE-1",          2813,             1,  -413.790E-03,   11.4636E-03,            0.,"ASSEMBLY_PLATE-1__PICKEDSET2","ROCK","",      -1.00037,      -1.31276,      -1.00361,      -1.30952,  -31.6270E-03
F:/Desktop/DeepOnet_Abaqus/StaticElasticJob6.odb,Step-1,Increment      1: Step Time =    1.000,"PLATE-1",          2814,             1,   325.634E-03,   320.597E-03,            0.,"ASSEMBLY_PLATE-1__PICKEDSET2","ROCK","",  -780.408E-03,      -1.90929,      -1.81873,  -870.970E-03,   306.647E-03
F:/Desktop/DeepOnet_Abaqus/StaticElasticJob6.odb,Step-1,Increment      1: Step Time =    1.000,"PLATE-1",          2815,             1,  -101.503E-03,   334.888E-03,            0.,"ASSEMBLY_PLATE-1__PICKEDSET2","ROCK","",  -816.006E-03,      -2.21701,      -2.21077,  -822.242E-03,  -93.2615E-03
F:/Desktop/DeepOnet_Abaqus/StaticElasticJob6.odb,Step-1,Increment      1: Step Time =    1.000,"PLATE-1",          2816,             1,  -137.206E-03,  -324.029E-03,            0.,"ASSEMBLY_PLATE-1__PICKEDSET2","ROCK","",  -674.698E-03,      -2.20058,      -2.11173,  -763.547E-03,   357.321E-03
F:/Desktop/DeepOnet_Abaqus/StaticElasticJob6.odb,Step-1,Increment      1: Step Time =    1.000,"PLATE-1",          2817,             1,  -111.986E-03,  -339.128E-03,            0.,"ASSEMBLY_PLATE-1__PICKEDSET2","ROCK","",  -654.114E-03,      -2.19531,      -2.14381,  -705.609E-03,   276.969E-03
F:/Desktop/DeepOnet_Abaqus/StaticElasticJob6.odb,Step-1,Increment      1: Step Time =    1.000,"PLATE-1",          2818,             1,  -144.699E-03,  -347.148E-03,            0.,"ASSEMBLY_PLATE-1__PICKEDSET2","ROCK","",  -737.210E-03,      -2.11833,      -2.04959,  -805.945E-03,   300.345E-03
F:/Desktop/DeepOnet_Abaqus/StaticElasticJob6.odb,Step-1,Increment      1: Step Time =    1.000,"PLATE-1",          2819,             1,  -130.494E-03,  -349.879E-03,            0.,"ASSEMBLY_PLATE-1__PICKEDSET2","ROCK","",  -710.731E-03,      -2.14061,      -2.07934,  -771.999E-03,   289.574E-03
F:/Desktop/DeepOnet_Abaqus/StaticElasticJob6.odb,Step-1,Increment      1: Step Time =    1.000,"PLATE-1",          2820,             1,   386.132E-03,  -239.905E-03,            0.,"ASSEMBLY_PLATE-1__PICKEDSET2","ROCK","",  -918.746E-03,      -1.74155,      -1.59170,      -1.06860,  -317.562E-03
F:/Desktop/DeepOnet_Abaqus/StaticElasticJob6.odb,Step-1,Increment      1: Step Time =    1.000,"PLATE-1",          2821,             1,   488.012E-03,  -198.548E-03,            0.,"ASSEMBLY_PLATE-1__PICKEDSET2","ROCK","",      -1.00479,      -1.59788,      -1.48595,      -1.11671,  -232.065E-03
F:/Desktop/DeepOnet_Abaqus/StaticElasticJob6.odb,Step-1,Increment      1: Step Time =    1.000,"PLATE-1",          2822,             1,  -421.718E-03,   78.1895E-03,            0.,"ASSEMBLY_PLATE-1__PICKEDSET2","ROCK","",  -980.397E-03,      -1.36113,      -1.11485,      -1.22668,  -181.969E-03
F:/Desktop/DeepOnet_Abaqus/StaticElasticJob6.odb,Step-1,Increment      1: Step Time =    1.000,"PLATE-1",          2823,             1,  -32.3723E-03,  -355.336E-03,            0.,"ASSEMBLY_PLATE-1__PICKEDSET2","ROCK","",  -615.019E-03,      -2.20313,      -2.19951,  -618.637E-03,   75.7170E-03
F:/Desktop/DeepOnet_Abaqus/StaticElasticJob6.odb,Step-1,Increment      1: Step Time =    1.000,"PLATE-1",          2824,             1,  -53.4152E-03,  -383.071E-03,            0.,"ASSEMBLY_PLATE-1__PICKEDSET2","ROCK","",  -696.422E-03,      -2.12139,      -2.11299,  -704.825E-03,   109.103E-03
F:/Desktop/DeepOnet_Abaqus/StaticElasticJob6.odb,Step-1,Increment      1: Step Time =    1.000,"PLATE-1",          2825,             1,  -7.36792E-03,  -419.713E-03,            0.,"ASSEMBLY_PLATE-1__PICKEDSET2","ROCK","",  -737.447E-03,      -2.06704,      -2.06685,  -737.634E-03,   15.7810E-03
F:/Desktop/DeepOnet_Abaqus/StaticElasticJob6.odb,Step-1,Increment      1: Step Time =    1.000,"PLATE-1",          2826,             1,   196.167E-03,  -396.654E-03,            0.,"ASSEMBLY_PLATE-1__PICKEDSET2","ROCK","",  -850.713E-03,      -1.97423,      -1.92881,  -896.131E-03,  -221.281E-03
F:/Desktop/DeepOnet_Abaqus/StaticElasticJob6.odb,Step-1,Increment      1: Step Time =    1.000,"PLATE-1",          2827,             1,   172.874E-03,  -430.797E-03,            0.,"ASSEMBLY_PLATE-1__PICKEDSET2","ROCK","",  -851.604E-03,      -1.95453,      -1.92490,  -881.239E-03,  -178.344E-03
F:/Desktop/DeepOnet_Abaqus/StaticElasticJob6.odb,Step-1,Increment      1: Step Time =    1.000,"PLATE-1",          2828,             1,   274.253E-03,   250.877E-03,            0.,"ASSEMBLY_PLATE-1__PICKEDSET2","ROCK","",  -678.199E-03,      -1.96805,      -1.79147,  -854.779E-03,   443.374E-03
F:/Desktop/DeepOnet_Abaqus/StaticElasticJob6.odb,Step-1,Increment      1: Step Time =    1.000,"PLATE-1",          2829,             1,   222.411E-03,   269.403E-03,            0.,"ASSEMBLY_PLATE-1__PICKEDSET2","ROCK","",  -666.448E-03,      -2.09755,      -1.96318,  -800.819E-03,   417.424E-03
F:/Desktop/DeepOnet_Abaqus/StaticElasticJob6.odb,Step-1,Increment      1: Step Time =    1.000,"PLATE-1",          2830,             1,   200.146E-03,   248.553E-03,            0.,"ASSEMBLY_PLATE-1__PICKEDSET2","ROCK","",  -606.456E-03,      -2.18902,      -2.00908,  -786.402E-03,   502.390E-03
F:/Desktop/DeepOnet_Abaqus/StaticElasticJob6.odb,Step-1,Increment      1: Step Time =    1.000,"PLATE-1",          2831,             1,   135.082E-03,   296.997E-03,            0.,"ASSEMBLY_PLATE-1__PICKEDSET2","ROCK","",  -743.698E-03,      -2.29798,      -2.24756,  -794.125E-03,   275.380E-03
F:/Desktop/DeepOnet_Abaqus/StaticElasticJob6.odb,Step-1,Increment      1: Step Time =    1.000,"PLATE-1",          2832,             1,   122.767E-03,   346.755E-03,            0.,"ASSEMBLY_PLATE-1__PICKEDSET2","ROCK","",  -833.420E-03,      -2.18590,      -2.16565,  -853.667E-03,   164.237E-03
F:/Desktop/DeepOnet_Abaqus/StaticElasticJob6.odb,Step-1,Increment      1: Step Time =    1.000,"PLATE-1",          2833,             1,  -456.638E-03,   193.571E-03,            0.,"ASSEMBLY_PLATE-1__PICKEDSET2","ROCK","",  -922.559E-03,      -1.53673,      -1.39346,      -1.06582,  -259.736E-03
F:/Desktop/DeepOnet_Abaqus/StaticElasticJob6.odb,Step-1,Increment      1: Step Time =    1.000,"PLATE-1",          2834,             1,  -384.977E-03,   260.111E-03,            0.,"ASSEMBLY_PLATE-1__PICKEDSET2","ROCK","",  -824.744E-03,      -1.69426,      -1.57128,  -947.720E-03,  -302.995E-03
F:/Desktop/DeepOnet_Abaqus/StaticElasticJob6.odb,Step-1,Increment      1: Step Time =    1.000,"PLATE-1",          2835,             1,      -1.08201,  -222.148E-03,            0.,"ASSEMBLY_PLATE-1__PICKEDSET2","ROCK","",      -1.03597,      -1.57659,      -1.57211,      -1.04045,   49.0112E-03
F:/Desktop/DeepOnet_Abaqus/StaticElasticJob6.odb,Step-1,Increment      1: Step Time =    1.000,"PLATE-1",          2836,             1,      -1.00955,  -738.741E-03,            0.,"ASSEMBLY_PLATE-1__PICKEDSET2","ROCK","",  -993.831E-03,      -1.65142,      -1.64753,  -997.720E-03,   50.4210E-03
F:/Desktop/DeepOnet_Abaqus/StaticElasticJob6.odb,Step-1,Increment      1: Step Time =    1.000,"PLATE-1",          2837,             1,       1.14820,      -1.07371,            0.,"ASSEMBLY_PLATE-1__PICKEDSET2","ROCK","",      -1.00063,      -1.66252,      -1.66168,      -1.00147,  -23.5457E-03
F:/Desktop/DeepOnet_Abaqus/StaticElasticJob6.odb,Step-1,Increment      1: Step Time =    1.000,"PLATE-1",          2838,             1,  -305.517E-03,   255.901E-03,            0.,"ASSEMBLY_PLATE-1__PICKEDSET2","ROCK","",  -717.854E-03,      -1.82166,      -1.66867,  -870.844E-03,  -381.398E-03
F:/Desktop/DeepOnet_Abaqus/StaticElasticJob6.odb,Step-1,Increment      1: Step Time =    1.000,"PLATE-1",          2839,             1,   25.2813E-03,   390.383E-03,            0.,"ASSEMBLY_PLATE-1__PICKEDSET2","ROCK","",  -930.124E-03,      -2.10170,      -2.09878,  -933.045E-03,   58.4165E-03
F:/Desktop/DeepOnet_Abaqus/StaticElasticJob6.odb,Step-1,Increment      1: Step Time =    1.000,"PLATE-1",          2840,             1,  -424.008E-03,  -345.438E-03,            0.,"ASSEMBLY_PLATE-1__PICKEDSET2","ROCK","",  -939.701E-03,      -1.74919,      -1.69155,  -997.343E-03,   208.179E-03
F:/Desktop/DeepOnet_Abaqus/StaticElasticJob6.odb,Step-1,Increment      1: Step Time =    1.000,"PLATE-1",          2841,             1,   169.780E-03,   219.286E-03,            0.,"ASSEMBLY_PLATE-1__PICKEDSET2","ROCK","",  -485.542E-03,      -2.36141,      -2.07625,  -770.699E-03,   673.500E-03
F:/Desktop/DeepOnet_Abaqus/StaticElasticJob6.odb,Step-1,Increment      1: Step Time =    1.000,"PLATE-1",          2842,             1,  -153.429E-03,   416.791E-03,            0.,"ASSEMBLY_PLATE-1__PICKEDSET2","ROCK","",  -875.382E-03,      -1.97764,      -1.97648,  -876.543E-03,  -35.7596E-03
F:/Desktop/DeepOnet_Abaqus/StaticElasticJob6.odb,Step-1,Increment      1: Step Time =    1.000,"PLATE-1",          2843,             1,  -268.155E-03,   333.239E-03,            0.,"ASSEMBLY_PLATE-1__PICKEDSET2","ROCK","",  -774.679E-03,      -1.90942,      -1.86083,  -823.273E-03,  -229.741E-03
F:/Desktop/DeepOnet_Abaqus/StaticElasticJob6.odb,Step-1,Increment      1: Step Time =    1.000,"PLATE-1",          2844,             1,  -219.867E-03,   391.418E-03,            0.,"ASSEMBLY_PLATE-1__PICKEDSET2","ROCK","",  -832.314E-03,      -1.94069,      -1.93005,  -842.953E-03,  -108.065E-03
F:/Desktop/DeepOnet_Abaqus/StaticElasticJob6.odb,Step-1,Increment      1: Step Time =    1.000,"PLATE-1",          2845,             1,   490.918E-03,   13.7064E-03,            0.,"ASSEMBLY_PLATE-1__PICKEDSET2","ROCK","",      -1.22140,      -1.26180,      -1.23218,      -1.25101,   17.8711E-03
F:/Desktop/DeepOnet_Abaqus/StaticElasticJob6.odb,Step-1,Increment      1: Step Time =    1.000,"PLATE-1",          2846,             1,   469.977E-03,   45.7755E-03,            0.,"ASSEMBLY_PLATE-1__PICKEDSET2","ROCK","",      -1.11181,      -1.34199,      -1.20290,      -1.25090,   112.560E-03
F:/Desktop/DeepOnet_Abaqus/StaticElasticJob6.odb,Step-1,Increment      1: Step Time =    1.000,"PLATE-1",          2847,             1,   524.742E-03,   143.219E-03,            0.,"ASSEMBLY_PLATE-1__PICKEDSET2","ROCK","",      -1.05377,      -1.49876,      -1.39903,      -1.15349,   185.561E-03
F:/Desktop/DeepOnet_Abaqus/StaticElasticJob6.odb,Step-1,Increment      1: Step Time =    1.000,"PLATE-1",          2848,             1,   475.263E-03,   161.783E-03,            0.,"ASSEMBLY_PLATE-1__PICKEDSET2","ROCK","",  -976.018E-03,      -1.55210,      -1.40514,      -1.12298,   251.123E-03
F:/Desktop/DeepOnet_Abaqus/StaticElasticJob6.odb,Step-1,Increment      1: Step Time =    1.000,"PLATE-1",          2849,             1,   504.158E-03,   101.087E-03,            0.,"ASSEMBLY_PLATE-1__PICKEDSET2","ROCK","",      -1.08702,      -1.42593,      -1.32389,      -1.18906,   155.471E-03
F:/Desktop/DeepOnet_Abaqus/StaticElasticJob6.odb,Step-1,Increment      1: Step Time =    1.000,"PLATE-1",          2850,             1,  -530.682E-03,   229.454E-03,            0.,"ASSEMBLY_PLATE-1__PICKEDSET2","ROCK","",  -978.274E-03,      -1.53455,      -1.46237,      -1.05045,  -186.926E-03
F:/Desktop/DeepOnet_Abaqus/StaticElasticJob6.odb,Step-1,Increment      1: Step Time =    1.000,"PLATE-1",          2851,             1,  -491.917E-03,   136.787E-03,            0.,"ASSEMBLY_PLATE-1__PICKEDSET2","ROCK","",      -1.02539,      -1.42122,      -1.31033,      -1.13628,  -177.757E-03
F:/Desktop/DeepOnet_Abaqus/StaticElasticJob6.odb,Step-1,Increment      1: Step Time =    1.000,"PLATE-1",          2852,             1,  -479.950E-03,   94.5166E-03,            0.,"ASSEMBLY_PLATE-1__PICKEDSET2","ROCK","",      -1.05689,      -1.36034,      -1.23335,      -1.18387,  -149.694E-03
F:/Desktop/DeepOnet_Abaqus/StaticElasticJob6.odb,Step-1,Increment      1: Step Time =    1.000,"PLATE-1",          2853,             1,   47.3142E-03,   443.303E-03,            0.,"ASSEMBLY_PLATE-1__PICKEDSET2","ROCK","",  -941.633E-03,      -1.99777,      -1.99290,  -946.507E-03,   71.5767E-03
F:/Desktop/DeepOnet_Abaqus/StaticElasticJob6.odb,Step-1,Increment      1: Step Time =    1.000,"PLATE-1",          2854,             1,   303.032E-03,  -448.980E-03,            0.,"ASSEMBLY_PLATE-1__PICKEDSET2","ROCK","",  -930.315E-03,      -1.82932,      -1.79982,  -959.816E-03,  -160.160E-03
F:/Desktop/DeepOnet_Abaqus/StaticElasticJob6.odb,Step-1,Increment      1: Step Time =    1.000,"PLATE-1",          2855,             1,   350.892E-03,  -460.730E-03,            0.,"ASSEMBLY_PLATE-1__PICKEDSET2","ROCK","",  -945.333E-03,      -1.79332,      -1.76681,  -971.838E-03,  -147.556E-03
F:/Desktop/DeepOnet_Abaqus/StaticElasticJob6.odb,Step-1,Increment      1: Step Time =    1.000,"PLATE-1",          2856,             1,   484.328E-03,  -430.986E-03,            0.,"ASSEMBLY_PLATE-1__PICKEDSET2","ROCK","",  -969.533E-03,      -1.72653,      -1.69764,  -998.417E-03,  -145.020E-03
F:/Desktop/DeepOnet_Abaqus/StaticElasticJob6.odb,Step-1,Increment      1: Step Time =    1.000,"PLATE-1",          2857,             1,  -113.501E-03,   373.737E-03,            0.,"ASSEMBLY_PLATE-1__PICKEDSET2","ROCK","",  -866.155E-03,      -2.09624,      -2.09495,  -867.444E-03,  -39.7919E-03
F:/Desktop/DeepOnet_Abaqus/StaticElasticJob6.odb,Step-1,Increment      1: Step Time =    1.000,"PLATE-1",          2858,             1,  -135.688E-03,   391.400E-03,            0.,"ASSEMBLY_PLATE-1__PICKEDSET2","ROCK","",  -870.159E-03,      -2.03474,      -2.03356,  -871.335E-03,  -36.9783E-03
F:/Desktop/DeepOnet_Abaqus/StaticElasticJob6.odb,Step-1,Increment      1: Step Time =    1.000,"PLATE-1",          2859,             1,  -487.574E-03,  -230.747E-03,            0.,"ASSEMBLY_PLATE-1__PICKEDSET2","ROCK","",  -966.062E-03,      -1.62978,      -1.52545,      -1.07039,   241.581E-03
F:/Desktop/DeepOnet_Abaqus/StaticElasticJob6.odb,Step-1,Increment      1: Step Time =    1.000,"PLATE-1",          2860,             1,  -532.065E-03,  -14.5014E-03,            0.,"ASSEMBLY_PLATE-1__PICKEDSET2","ROCK","",      -1.17551,      -1.28965,      -1.26525,      -1.19991,   46.7938E-03
F:/Desktop/DeepOnet_Abaqus/StaticElasticJob6.odb,Step-1,Increment      1: Step Time =    1.000,"PLATE-1",          2861,             1,  -302.838E-03,   329.524E-03,            0.,"ASSEMBLY_PLATE-1__PICKEDSET2","ROCK","",  -783.072E-03,      -1.85193,      -1.79058,  -844.423E-03,  -248.620E-03
F:/Desktop/DeepOnet_Abaqus/StaticElasticJob6.odb,Step-1,Increment      1: Step Time =    1.000,"PLATE-1",          2862,             1,  -93.2663E-03,  -320.879E-03,            0.,"ASSEMBLY_PLATE-1__PICKEDSET2","ROCK","",  -590.472E-03,      -2.26067,      -2.21321,  -637.929E-03,   277.506E-03
F:/Desktop/DeepOnet_Abaqus/StaticElasticJob6.odb,Step-1,Increment      1: Step Time =    1.000,"PLATE-1",          2863,             1,  -111.738E-03,  -323.284E-03,            0.,"ASSEMBLY_PLATE-1__PICKEDSET2","ROCK","",  -625.511E-03,      -2.23105,      -2.16964,  -686.925E-03,   307.949E-03
F:/Desktop/DeepOnet_Abaqus/StaticElasticJob6.odb,Step-1,Increment      1: Step Time =    1.000,"PLATE-1",          2864,             1,  -322.217E-03,   285.773E-03,            0.,"ASSEMBLY_PLATE-1__PICKEDSET2","ROCK","",  -767.739E-03,      -1.80067,      -1.69404,  -874.369E-03,  -314.279E-03
F:/Desktop/DeepOnet_Abaqus/StaticElasticJob6.odb,Step-1,Increment      1: Step Time =    1.000,"PLATE-1",          2865,             1,  -458.641E-03,   61.4040E-03,            0.,"ASSEMBLY_PLATE-1__PICKEDSET2","ROCK","",      -1.06887,      -1.31381,      -1.15786,      -1.22483,  -117.804E-03
F:/Desktop/DeepOnet_Abaqus/StaticElasticJob6.odb,Step-1,Increment      1: Step Time =    1.000,"PLATE-1",          2866,             1,  -436.024E-03,   34.1689E-03,            0.,"ASSEMBLY_PLATE-1__PICKEDSET2","ROCK","",      -1.05150,      -1.29522,      -1.07455,      -1.27218,  -71.3125E-03
F:/Desktop/DeepOnet_Abaqus/StaticElasticJob6.odb,Step-1,Increment      1: Step Time =    1.000,"PLATE-1",          2867,             1,   22.2778E-03,   338.828E-03,            0.,"ASSEMBLY_PLATE-1__PICKEDSET2","ROCK","",  -886.732E-03,      -2.29767,      -2.29359,  -890.813E-03,   75.7708E-03
F:/Desktop/DeepOnet_Abaqus/StaticElasticJob6.odb,Step-1,Increment      1: Step Time =    1.000,"PLATE-1",          2868,             1,  -220.094E-03,  -270.425E-03,            0.,"ASSEMBLY_PLATE-1__PICKEDSET2","ROCK","",  -829.176E-03,      -2.12238,      -1.92508,      -1.02648,   464.998E-03
F:/Desktop/DeepOnet_Abaqus/StaticElasticJob6.odb,Step-1,Increment      1: Step Time =    1.000,"PLATE-1",          2869,             1,  -195.439E-03,  -336.302E-03,            0.,"ASSEMBLY_PLATE-1__PICKEDSET2","ROCK","",  -811.778E-03,      -2.05253,      -1.95927,  -905.040E-03,   327.135E-03
F:/Desktop/DeepOnet_Abaqus/StaticElasticJob6.odb,Step-1,Increment      1: Step Time =    1.000,"PLATE-1",          2870,             1,  -97.1239E-03,  -343.446E-03,            0.,"ASSEMBLY_PLATE-1__PICKEDSET2","ROCK","",  -653.311E-03,      -2.18665,      -2.14793,  -692.026E-03,   240.548E-03
F:/Desktop/DeepOnet_Abaqus/StaticElasticJob6.odb,Step-1,Increment      1: Step Time =    1.000,"PLATE-1",          2871,             1,  -215.207E-03,  -367.343E-03,            0.,"ASSEMBLY_PLATE-1__PICKEDSET2","ROCK","",  -859.375E-03,      -1.96725,      -1.90257,  -924.048E-03,   259.743E-03
F:/Desktop/DeepOnet_Abaqus/StaticElasticJob6.odb,Step-1,Increment      1: Step Time =    1.000,"PLATE-1",          2872,             1,  -175.523E-03,  -340.934E-03,            0.,"ASSEMBLY_PLATE-1__PICKEDSET2","ROCK","",  -773.784E-03,      -2.09017,      -2.00356,  -860.392E-03,   326.357E-03
F:/Desktop/DeepOnet_Abaqus/StaticElasticJob6.odb,Step-1,Increment      1: Step Time =    1.000,"PLATE-1",          2873,             1,  -170.396E-03,  -363.084E-03,            0.,"ASSEMBLY_PLATE-1__PICKEDSET2","ROCK","",  -797.659E-03,      -2.05048,      -1.98062,  -867.521E-03,   287.479E-03
F:/Desktop/DeepOnet_Abaqus/StaticElasticJob6.odb,Step-1,Increment      1: Step Time =    1.000,"PLATE-1",          2874,             1,   31.6510E-03,  -421.106E-03,            0.,"ASSEMBLY_PLATE-1__PICKEDSET2","ROCK","",  -740.049E-03,      -2.06574,      -2.06399,  -741.799E-03,  -48.1337E-03
F:/Desktop/DeepOnet_Abaqus/StaticElasticJob6.odb,Step-1,Increment      1: Step Time =    1.000,"PLATE-1",          2875,             1,   139.723E-03,  -421.112E-03,            0.,"ASSEMBLY_PLATE-1__PICKEDSET2","ROCK","",  -807.810E-03,      -1.99988,      -1.97408,  -833.611E-03,  -173.465E-03
F:/Desktop/DeepOnet_Abaqus/StaticElasticJob6.odb,Step-1,Increment      1: Step Time =    1.000,"PLATE-1",          2876,             1,  -154.817E-03,  -404.768E-03,            0.,"ASSEMBLY_PLATE-1__PICKEDSET2","ROCK","",  -817.478E-03,      -1.99611,      -1.96110,  -852.488E-03,   200.096E-03
F:/Desktop/DeepOnet_Abaqus/StaticElasticJob6.odb,Step-1,Increment      1: Step Time =    1.000,"PLATE-1",          2877,             1,  -119.066E-03,  -407.316E-03,            0.,"ASSEMBLY_PLATE-1__PICKEDSET2","ROCK","",  -783.862E-03,      -2.03143,      -2.00588,  -809.411E-03,   176.694E-03
F:/Desktop/DeepOnet_Abaqus/StaticElasticJob6.odb,Step-1,Increment      1: Step Time =    1.000,"PLATE-1",          2878,             1,  -57.0582E-03,  -353.539E-03,            0.,"ASSEMBLY_PLATE-1__PICKEDSET2","ROCK","",  -624.740E-03,      -2.19941,      -2.18544,  -638.712E-03,   147.666E-03
F:/Desktop/DeepOnet_Abaqus/StaticElasticJob6.odb,Step-1,Increment      1: Step Time =    1.000,"PLATE-1",          2879,             1,   527.048E-03,   32.0514E-03,            0.,"ASSEMBLY_PLATE-1__PICKEDSET2","ROCK","",      -1.18800,      -1.32783,      -1.29618,      -1.21965,   58.5083E-03
F:/Desktop/DeepOnet_Abaqus/StaticElasticJob6.odb,Step-1,Increment      1: Step Time =    1.000,"PLATE-1",          2880,             1,  -106.611E-03,   402.062E-03,            0.,"ASSEMBLY_PLATE-1__PICKEDSET2","ROCK","",  -892.352E-03,      -2.02760,      -2.02744,  -892.511E-03,  -13.4476E-03
F:/Desktop/DeepOnet_Abaqus/StaticElasticJob6.odb,Step-1,Increment      1: Step Time =    1.000,"PLATE-1",          2881,             1,  -180.443E-03,   408.525E-03,            0.,"ASSEMBLY_PLATE-1__PICKEDSET2","ROCK","",  -860.774E-03,      -1.97181,      -1.96909,  -863.499E-03,  -54.9469E-03
F:/Desktop/DeepOnet_Abaqus/StaticElasticJob6.odb,Step-1,Increment      1: Step Time =    1.000,"PLATE-1",          2882,             1,  -208.073E-03,   422.495E-03,            0.,"ASSEMBLY_PLATE-1__PICKEDSET2","ROCK","",  -862.118E-03,      -1.92681,      -1.92310,  -865.835E-03,  -62.8002E-03
F:/Desktop/DeepOnet_Abaqus/StaticElasticJob6.odb,Step-1,Increment      1: Step Time =    1.000,"PLATE-1",          2883,             1,   173.663E-03,   241.367E-03,            0.,"ASSEMBLY_PLATE-1__PICKEDSET2","ROCK","",  -586.777E-03,      -2.30619,      -2.12524,  -767.725E-03,   527.620E-03
F:/Desktop/DeepOnet_Abaqus/StaticElasticJob6.odb,Step-1,Increment      1: Step Time =    1.000,"PLATE-1",          2884,             1,   221.987E-03,   353.079E-03,            0.,"ASSEMBLY_PLATE-1__PICKEDSET2","ROCK","",  -789.109E-03,      -2.03704,      -1.99359,  -832.564E-03,   228.782E-03
F:/Desktop/DeepOnet_Abaqus/StaticElasticJob6.odb,Step-1,Increment      1: Step Time =    1.000,"PLATE-1",          2885,             1,  -394.160E-03,  -157.589E-03,            0.,"ASSEMBLY_PLATE-1__PICKEDSET2","ROCK","",  -897.210E-03,      -1.63029,      -1.36428,      -1.16322,   352.483E-03
F:/Desktop/DeepOnet_Abaqus/StaticElasticJob6.odb,Step-1,Increment      1: Step Time =    1.000,"PLATE-1",          2886,             1,  -427.740E-03,  -143.889E-03,            0.,"ASSEMBLY_PLATE-1__PICKEDSET2","ROCK","",  -939.240E-03,      -1.55235,      -1.30423,      -1.18736,   300.934E-03
F:/Desktop/DeepOnet_Abaqus/StaticElasticJob6.odb,Step-1,Increment      1: Step Time =    1.000,"PLATE-1",          2887,             1,  -79.5547E-03,  -351.730E-03,            0.,"ASSEMBLY_PLATE-1__PICKEDSET2","ROCK","",  -648.098E-03,      -2.18513,      -2.15799,  -675.235E-03,   202.418E-03
F:/Desktop/DeepOnet_Abaqus/StaticElasticJob6.odb,Step-1,Increment      1: Step Time =    1.000,"PLATE-1",          2888,             1,  -105.908E-03,  -361.808E-03,            0.,"ASSEMBLY_PLATE-1__PICKEDSET2","ROCK","",  -684.462E-03,      -2.15423,      -2.11468,  -724.010E-03,   237.826E-03
F:/Desktop/DeepOnet_Abaqus/StaticElasticJob6.odb,Step-1,Increment      1: Step Time =    1.000,"PLATE-1",          2889,             1,  -118.500E-03,  -354.600E-03,            0.,"ASSEMBLY_PLATE-1__PICKEDSET2","ROCK","",  -691.380E-03,      -2.15005,      -2.10589,  -735.535E-03,   249.913E-03
F:/Desktop/DeepOnet_Abaqus/StaticElasticJob6.odb,Step-1,Increment      1: Step Time =    1.000,"PLATE-1",          2890,             1,  -93.8010E-03,       1.12199,            0.,"ASSEMBLY_PLATE-1__PICKEDSET2","ROCK","",      -1.04430,      -1.56818,      -1.56633,      -1.04615,   31.0792E-03
F:/Desktop/DeepOnet_Abaqus/StaticElasticJob6.odb,Step-1,Increment      1: Step Time =    1.000,"PLATE-1",          2891,             1,  -173.018E-03,   433.554E-03,            0.,"ASSEMBLY_PLATE-1__PICKEDSET2","ROCK","",  -884.294E-03,      -1.93913,      -1.93823,  -885.194E-03,  -30.7969E-03
F:/Desktop/DeepOnet_Abaqus/StaticElasticJob6.odb,Step-1,Increment      1: Step Time =    1.000,"PLATE-1",          2892,             1,  -192.304E-03,   451.055E-03,            0.,"ASSEMBLY_PLATE-1__PICKEDSET2","ROCK","",  -888.472E-03,      -1.90844,      -1.90779,  -889.127E-03,  -25.8513E-03
F:/Desktop/DeepOnet_Abaqus/StaticElasticJob6.odb,Step-1,Increment      1: Step Time =    1.000,"PLATE-1",          2893,             1,   9.90673E-03,   367.122E-03,            0.,"ASSEMBLY_PLATE-1__PICKEDSET2","ROCK","",  -914.504E-03,      -2.18806,      -2.18569,  -916.881E-03,   54.9721E-03
F:/Desktop/DeepOnet_Abaqus/StaticElasticJob6.odb,Step-1,Increment      1: Step Time =    1.000,"PLATE-1",          2894,             1,   8.53194E-03,   406.416E-03,            0.,"ASSEMBLY_PLATE-1__PICKEDSET2","ROCK","",  -936.119E-03,      -2.07692,      -2.07410,  -938.938E-03,   56.6473E-03
F:/Desktop/DeepOnet_Abaqus/StaticElasticJob6.odb,Step-1,Increment      1: Step Time =    1.000,"PLATE-1",          2895,             1,  -244.174E-06,   435.533E-03,            0.,"ASSEMBLY_PLATE-1__PICKEDSET2","ROCK","",  -944.537E-03,      -2.02575,      -2.02318,  -947.102E-03,   52.6044E-03
F:/Desktop/DeepOnet_Abaqus/StaticElasticJob6.odb,Step-1,Increment      1: Step Time =    1.000,"PLATE-1",          2896,             1,      -1.10010,   217.897E-03,            0.,"ASSEMBLY_PLATE-1__PICKEDSET2","ROCK","",      -1.04335,      -1.55892,      -1.55864,      -1.04363,  -12.0270E-03
F:/Desktop/DeepOnet_Abaqus/StaticElasticJob6.odb,Step-1,Increment      1: Step Time =    1.000,"PLATE-1",          2897,             1,   69.0988E-03,  -429.238E-03,            0.,"ASSEMBLY_PLATE-1__PICKEDSET2","ROCK","",  -773.840E-03,      -2.03076,      -2.02383,  -780.774E-03,  -93.1012E-03
F:/Desktop/DeepOnet_Abaqus/StaticElasticJob6.odb,Step-1,Increment      1: Step Time =    1.000,"PLATE-1",          2898,             1,   175.148E-03,   304.117E-03,            0.,"ASSEMBLY_PLATE-1__PICKEDSET2","ROCK","",  -733.368E-03,      -2.18393,      -2.12284,  -794.460E-03,   291.353E-03
F:/Desktop/DeepOnet_Abaqus/StaticElasticJob6.odb,Step-1,Increment      1: Step Time =    1.000,"PLATE-1",          2899,             1,   190.733E-03,   355.577E-03,            0.,"ASSEMBLY_PLATE-1__PICKEDSET2","ROCK","",  -799.073E-03,      -2.08710,      -2.05441,  -831.756E-03,   202.554E-03
F:/Desktop/DeepOnet_Abaqus/StaticElasticJob6.odb,Step-1,Increment      1: Step Time =    1.000,"PLATE-1",          2900,             1,  -312.767E-03,   369.667E-03,            0.,"ASSEMBLY_PLATE-1__PICKEDSET2","ROCK","",  -822.725E-03,      -1.83782,      -1.80410,  -856.439E-03,  -181.898E-03
F:/Desktop/DeepOnet_Abaqus/StaticElasticJob6.odb,Step-1,Increment      1: Step Time =    1.000,"PLATE-1",          2901,             1,   171.870E-03,  -396.631E-03,            0.,"ASSEMBLY_PLATE-1__PICKEDSET2","ROCK","",  -819.378E-03,      -1.99272,      -1.95327,  -858.829E-03,  -211.502E-03
F:/Desktop/DeepOnet_Abaqus/StaticElasticJob6.odb,Step-1,Increment      1: Step Time =    1.000,"PLATE-1",          2902,             1,  -365.784E-03,   308.922E-03,            0.,"ASSEMBLY_PLATE-1__PICKEDSET2","ROCK","",  -822.770E-03,      -1.75083,      -1.67166,  -901.944E-03,  -259.248E-03
F:/Desktop/DeepOnet_Abaqus/StaticElasticJob6.odb,Step-1,Increment      1: Step Time =    1.000,"PLATE-1",          2903,             1,   566.267E-03,   115.563E-03,            0.,"ASSEMBLY_PLATE-1__PICKEDSET2","ROCK","",      -1.10373,      -1.46381,      -1.40623,      -1.16131,   131.981E-03
F:/Desktop/DeepOnet_Abaqus/StaticElasticJob6.odb,Step-1,Increment      1: Step Time =    1.000,"PLATE-1",          2904,             1,   490.550E-03,  -312.114E-03,            0.,"ASSEMBLY_PLATE-1__PICKEDSET2","ROCK","",  -974.599E-03,      -1.68907,      -1.62914,      -1.03453,  -198.065E-03
F:/Desktop/DeepOnet_Abaqus/StaticElasticJob6.odb,Step-1,Increment      1: Step Time =    1.000,"PLATE-1",          2905,             1,      -1.06793,  -157.736E-03,            0.,"ASSEMBLY_PLATE-1__PICKEDSET2","ROCK","",      -1.04291,      -1.56487,      -1.56129,      -1.04648,   43.0334E-03
F:/Desktop/DeepOnet_Abaqus/StaticElasticJob6.odb,Step-1,Increment      1: Step Time =    1.000,"PLATE-1",          2906,             1,      -1.04365,   285.266E-03,            0.,"ASSEMBLY_PLATE-1__PICKEDSET2","ROCK","",      -1.03936,      -1.56068,      -1.55959,      -1.04045,  -23.8060E-03
F:/Desktop/DeepOnet_Abaqus/StaticElasticJob6.odb,Step-1,Increment      1: Step Time =    1.000,"PLATE-1",          2907,             1,   611.145E-03,      -1.06697,            0.,"ASSEMBLY_PLATE-1__PICKEDSET2","ROCK","",  -993.628E-03,      -1.68743,      -1.68660,  -994.457E-03,  -23.9671E-03
F:/Desktop/DeepOnet_Abaqus/StaticElasticJob6.odb,Step-1,Increment      1: Step Time =    1.000,"PLATE-1",          2908,             1,      -1.08796,   553.936E-03,            0.,"ASSEMBLY_PLATE-1__PICKEDSET2","ROCK","",      -1.01489,      -1.59661,      -1.59496,      -1.01655,  -30.9846E-03
F:/Desktop/DeepOnet_Abaqus/StaticElasticJob6.odb,Step-1,Increment      1: Step Time =    1.000,"PLATE-1",          2909,             1,   57.4189E-03,   412.889E-03,            0.,"ASSEMBLY_PLATE-1__PICKEDSET2","ROCK","",  -928.376E-03,      -2.05993,      -2.05472,  -933.582E-03,   76.5748E-03
F:/Desktop/DeepOnet_Abaqus/StaticElasticJob6.odb,Step-1,Increment      1: Step Time =    1.000,"PLATE-1",          2910,             1,   69.8408E-03,   458.812E-03,            0.,"ASSEMBLY_PLATE-1__PICKEDSET2","ROCK","",  -938.052E-03,      -1.97993,      -1.97468,  -943.298E-03,   73.7470E-03
F:/Desktop/DeepOnet_Abaqus/StaticElasticJob6.odb,Step-1,Increment      1: Step Time =    1.000,"PLATE-1",          2911,             1,   155.449E-03,   453.340E-03,            0.,"ASSEMBLY_PLATE-1__PICKEDSET2","ROCK","",  -895.499E-03,      -1.97851,      -1.96853,  -905.483E-03,   103.507E-03
F:/Desktop/DeepOnet_Abaqus/StaticElasticJob6.odb,Step-1,Increment      1: Step Time =    1.000,"PLATE-1",          2912,             1,   546.457E-03,   238.157E-03,            0.,"ASSEMBLY_PLATE-1__PICKEDSET2","ROCK","",  -994.395E-03,      -1.63366,      -1.56180,      -1.06625,   201.922E-03
F:/Desktop/DeepOnet_Abaqus/StaticElasticJob6.odb,Step-1,Increment      1: Step Time =    1.000,"PLATE-1",          2913,             1,  -431.782E-03,   295.561E-03,            0.,"ASSEMBLY_PLATE-1__PICKEDSET2","ROCK","",  -882.163E-03,      -1.66476,      -1.58850,  -958.429E-03,  -232.097E-03
F:/Desktop/DeepOnet_Abaqus/StaticElasticJob6.odb,Step-1,Increment      1: Step Time =    1.000,"PLATE-1",          2914,             1,  -502.195E-03,   303.052E-03,            0.,"ASSEMBLY_PLATE-1__PICKEDSET2","ROCK","",  -930.792E-03,      -1.61858,      -1.56088,  -988.500E-03,  -190.686E-03
F:/Desktop/DeepOnet_Abaqus/StaticElasticJob6.odb,Step-1,Increment      1: Step Time =    1.000,"PLATE-1",          2915,             1,  -119.459E-03,  -448.859E-03,            0.,"ASSEMBLY_PLATE-1__PICKEDSET2","ROCK","",  -824.174E-03,      -1.97324,      -1.95720,  -840.216E-03,   134.818E-03
F:/Desktop/DeepOnet_Abaqus/StaticElasticJob6.odb,Step-1,Increment      1: Step Time =    1.000,"PLATE-1",          2916,             1,  -43.6448E-03,  -479.760E-03,            0.,"ASSEMBLY_PLATE-1__PICKEDSET2","ROCK","",  -825.018E-03,      -1.96366,      -1.96152,  -827.160E-03,   49.3376E-03
F:/Desktop/DeepOnet_Abaqus/StaticElasticJob6.odb,Step-1,Increment      1: Step Time =    1.000,"PLATE-1",          2917,             1,  -115.925E-03,  -498.767E-03,            0.,"ASSEMBLY_PLATE-1__PICKEDSET2","ROCK","",  -858.993E-03,      -1.92355,      -1.91486,  -867.686E-03,   95.8071E-03
F:/Desktop/DeepOnet_Abaqus/StaticElasticJob6.odb,Step-1,Increment      1: Step Time =    1.000,"PLATE-1",          2918,             1,  -18.1295E-03,  -471.006E-03,            0.,"ASSEMBLY_PLATE-1__PICKEDSET2","ROCK","",  -804.904E-03,      -1.98610,      -1.98563,  -805.369E-03,   23.4481E-03
F:/Desktop/DeepOnet_Abaqus/StaticElasticJob6.odb,Step-1,Increment      1: Step Time =    1.000,"PLATE-1",          2919,             1,   544.485E-03,   61.9664E-03,            0.,"ASSEMBLY_PLATE-1__PICKEDSET2","ROCK","",      -1.15053,      -1.38443,      -1.33902,      -1.19594,   92.5126E-03
F:/Desktop/DeepOnet_Abaqus/StaticElasticJob6.odb,Step-1,Increment      1: Step Time =    1.000,"PLATE-1",          2920,             1,  -93.3757E-03,   478.363E-03,            0.,"ASSEMBLY_PLATE-1__PICKEDSET2","ROCK","",  -937.063E-03,      -1.92276,      -1.92180,  -938.028E-03,   30.8315E-03
F:/Desktop/DeepOnet_Abaqus/StaticElasticJob6.odb,Step-1,Increment      1: Step Time =    1.000,"PLATE-1",          2921,             1,  -136.927E-03,   449.210E-03,            0.,"ASSEMBLY_PLATE-1__PICKEDSET2","ROCK","",  -906.090E-03,      -1.95032,      -1.95032,  -906.090E-03,  -847.735E-06
F:/Desktop/DeepOnet_Abaqus/StaticElasticJob6.odb,Step-1,Increment      1: Step Time =    1.000,"PLATE-1",          2922,             1,   513.308E-03,  -479.653E-03,            0.,"ASSEMBLY_PLATE-1__PICKEDSET2","ROCK","",  -974.978E-03,      -1.71996,      -1.69993,  -995.005E-03,  -120.493E-03
F:/Desktop/DeepOnet_Abaqus/StaticElasticJob6.odb,Step-1,Increment      1: Step Time =    1.000,"PLATE-1",          2923,             1,  -129.509E-03,  -367.792E-03,            0.,"ASSEMBLY_PLATE-1__PICKEDSET2","ROCK","",  -746.948E-03,      -2.08758,      -2.04247,  -792.063E-03,   241.760E-03
F:/Desktop/DeepOnet_Abaqus/StaticElasticJob6.odb,Step-1,Increment      1: Step Time =    1.000,"PLATE-1",          2924,             1,  -114.996E-03,  -379.157E-03,            0.,"ASSEMBLY_PLATE-1__PICKEDSET2","ROCK","",  -742.977E-03,      -2.08366,      -2.05228,  -774.362E-03,   202.711E-03
F:/Desktop/DeepOnet_Abaqus/StaticElasticJob6.odb,Step-1,Increment      1: Step Time =    1.000,"PLATE-1",          2925,             1,   24.9962E-03,   437.886E-03,            0.,"ASSEMBLY_PLATE-1__PICKEDSET2","ROCK","",  -944.333E-03,      -2.01213,      -2.00830,  -948.165E-03,   63.8537E-03
F:/Desktop/DeepOnet_Abaqus/StaticElasticJob6.odb,Step-1,Increment      1: Step Time =    1.000,"PLATE-1",          2926,             1,  -539.698E-03,  -342.744E-03,            0.,"ASSEMBLY_PLATE-1__PICKEDSET2","ROCK","",  -969.856E-03,      -1.66988,      -1.62494,      -1.01480,   171.581E-03
F:/Desktop/DeepOnet_Abaqus/StaticElasticJob6.odb,Step-1,Increment      1: Step Time =    1.000,"PLATE-1",          2927,             1,  -486.157E-03,  -407.150E-03,            0.,"ASSEMBLY_PLATE-1__PICKEDSET2","ROCK","",  -955.744E-03,      -1.71853,      -1.68416,  -990.110E-03,   158.218E-03
F:/Desktop/DeepOnet_Abaqus/StaticElasticJob6.odb,Step-1,Increment      1: Step Time =    1.000,"PLATE-1",          2928,             1,  -27.4376E-03,  -516.400E-03,            0.,"ASSEMBLY_PLATE-1__PICKEDSET2","ROCK","",  -853.383E-03,      -1.92366,      -1.92298,  -854.060E-03,   26.9001E-03
F:/Desktop/DeepOnet_Abaqus/StaticElasticJob6.odb,Step-1,Increment      1: Step Time =    1.000,"PLATE-1",          2929,             1,   2.79979E-03,  -544.030E-03,            0.,"ASSEMBLY_PLATE-1__PICKEDSET2","ROCK","",  -868.682E-03,      -1.90479,      -1.90479,  -868.686E-03,   1.95554E-03
F:/Desktop/DeepOnet_Abaqus/StaticElasticJob6.odb,Step-1,Increment      1: Step Time =    1.000,"PLATE-1",          2930,             1,   18.3859E-03,  -476.904E-03,            0.,"ASSEMBLY_PLATE-1__PICKEDSET2","ROCK","",  -807.614E-03,      -1.98366,      -1.98324,  -808.031E-03,  -22.1356E-03
F:/Desktop/DeepOnet_Abaqus/StaticElasticJob6.odb,Step-1,Increment      1: Step Time =    1.000,"PLATE-1",          2931,             1,  -546.305E-03,  -157.705E-03,            0.,"ASSEMBLY_PLATE-1__PICKEDSET2","ROCK","",      -1.03080,      -1.51498,      -1.42132,      -1.12445,   191.246E-03
F:/Desktop/DeepOnet_Abaqus/StaticElasticJob6.odb,Step-1,Increment      1: Step Time =    1.000,"PLATE-1",          2932,             1,   430.364E-03,   789.701E-03,            0.,"ASSEMBLY_PLATE-1__PICKEDSET2","ROCK","",  -884.591E-03,      -1.80822,      -1.75918,  -933.627E-03,   207.091E-03
F:/Desktop/DeepOnet_Abaqus/StaticElasticJob6.odb,Step-1,Increment      1: Step Time =    1.000,"PLATE-1",          2933,             1,  -267.324E-03,  -291.778E-03,            0.,"ASSEMBLY_PLATE-1__PICKEDSET2","ROCK","",  -889.583E-03,      -1.95811,      -1.82673,      -1.02096,   350.887E-03
F:/Desktop/DeepOnet_Abaqus/StaticElasticJob6.odb,Step-1,Increment      1: Step Time =    1.000,"PLATE-1",          2934,             1,   174.665E-03,  -478.422E-03,            0.,"ASSEMBLY_PLATE-1__PICKEDSET2","ROCK","",  -879.730E-03,      -1.90344,      -1.88588,  -897.294E-03,  -132.936E-03
F:/Desktop/DeepOnet_Abaqus/StaticElasticJob6.odb,Step-1,Increment      1: Step Time =    1.000,"PLATE-1",          2935,             1,   198.222E-03,   400.197E-03,            0.,"ASSEMBLY_PLATE-1__PICKEDSET2","ROCK","",  -836.671E-03,      -2.01864,      -1.99593,  -859.383E-03,   162.263E-03
F:/Desktop/DeepOnet_Abaqus/StaticElasticJob6.odb,Step-1,Increment      1: Step Time =    1.000,"PLATE-1",          2936,             1,   198.847E-03,   288.376E-03,            0.,"ASSEMBLY_PLATE-1__PICKEDSET2","ROCK","",  -694.722E-03,      -2.16396,      -2.07133,  -787.358E-03,   357.103E-03
F:/Desktop/DeepOnet_Abaqus/StaticElasticJob6.odb,Step-1,Increment      1: Step Time =    1.000,"PLATE-1",          2937,             1,  -59.1930E-03,      -1.09244,            0.,"ASSEMBLY_PLATE-1__PICKEDSET2","ROCK","",  -986.731E-03,      -1.70780,      -1.70779,  -986.743E-03,   3.01864E-03
F:/Desktop/DeepOnet_Abaqus/StaticElasticJob6.odb,Step-1,Increment      1: Step Time =    1.000,"PLATE-1",          2938,             1,   299.017E-03,   838.580E-03,            0.,"ASSEMBLY_PLATE-1__PICKEDSET2","ROCK","",  -942.417E-03,      -1.70257,      -1.66859,  -976.397E-03,   157.084E-03
F:/Desktop/DeepOnet_Abaqus/StaticElasticJob6.odb,Step-1,Increment      1: Step Time =    1.000,"PLATE-1",          2939,             1,  -406.859E-03,   325.410E-03,            0.,"ASSEMBLY_PLATE-1__PICKEDSET2","ROCK","",  -863.799E-03,      -1.70831,      -1.64485,  -927.262E-03,  -222.637E-03
F:/Desktop/DeepOnet_Abaqus/StaticElasticJob6.odb,Step-1,Increment      1: Step Time =    1.000,"PLATE-1",          2940,             1,  -396.322E-03,   297.041E-03,            0.,"ASSEMBLY_PLATE-1__PICKEDSET2","ROCK","",  -849.706E-03,      -1.70298,      -1.61902,  -933.658E-03,  -254.139E-03
F:/Desktop/DeepOnet_Abaqus/StaticElasticJob6.odb,Step-1,Increment      1: Step Time =    1.000,"PLATE-1",          2941,             1,   312.628E-03,   430.302E-03,            0.,"ASSEMBLY_PLATE-1__PICKEDSET2","ROCK","",  -839.063E-03,      -1.92024,      -1.88875,  -870.557E-03,   181.820E-03
F:/Desktop/DeepOnet_Abaqus/StaticElasticJob6.odb,Step-1,Increment      1: Step Time =    1.000,"PLATE-1",          2942,             1,   138.993E-03,   493.250E-03,            0.,"ASSEMBLY_PLATE-1__PICKEDSET2","ROCK","",  -917.428E-03,      -1.93059,      -1.92183,  -926.185E-03,   93.7841E-03
F:/Desktop/DeepOnet_Abaqus/StaticElasticJob6.odb,Step-1,Increment      1: Step Time =    1.000,"PLATE-1",          2943,             1,   347.316E-03,   464.413E-03,            0.,"ASSEMBLY_PLATE-1__PICKEDSET2","ROCK","",  -855.531E-03,      -1.89570,      -1.86788,  -883.353E-03,   167.826E-03
F:/Desktop/DeepOnet_Abaqus/StaticElasticJob6.odb,Step-1,Increment      1: Step Time =    1.000,"PLATE-1",          2944,             1,  -3.25196E-03,  -495.757E-03,            0.,"ASSEMBLY_PLATE-1__PICKEDSET2","ROCK","",  -834.234E-03,      -1.95089,      -1.95087,  -834.251E-03,   4.43647E-03
F:/Desktop/DeepOnet_Abaqus/StaticElasticJob6.odb,Step-1,Increment      1: Step Time =    1.000,"PLATE-1",          2945,             1,   47.5016E-03,   487.713E-03,            0.,"ASSEMBLY_PLATE-1__PICKEDSET2","ROCK","",  -952.549E-03,      -1.94251,      -1.93752,  -957.545E-03,   70.1461E-03
F:/Desktop/DeepOnet_Abaqus/StaticElasticJob6.odb,Step-1,Increment      1: Step Time =    1.000,"PLATE-1",          2946,             1,  -315.468E-03,   473.538E-03,            0.,"ASSEMBLY_PLATE-1__PICKEDSET2","ROCK","",  -887.919E-03,      -1.80243,      -1.79682,  -893.524E-03,  -71.3708E-03
F:/Desktop/DeepOnet_Abaqus/StaticElasticJob6.odb,Step-1,Increment      1: Step Time =    1.000,"PLATE-1",          2947,             1,  -318.213E-03,   416.716E-03,            0.,"ASSEMBLY_PLATE-1__PICKEDSET2","ROCK","",  -854.074E-03,      -1.82112,      -1.80369,  -871.510E-03,  -128.673E-03
F:/Desktop/DeepOnet_Abaqus/StaticElasticJob6.odb,Step-1,Increment      1: Step Time =    1.000,"PLATE-1",          2948,             1,   28.5982E-03,   463.733E-03,            0.,"ASSEMBLY_PLATE-1__PICKEDSET2","ROCK","",  -952.031E-03,      -1.96593,      -1.96197,  -955.986E-03,   63.1994E-03
F:/Desktop/DeepOnet_Abaqus/StaticElasticJob6.odb,Step-1,Increment      1: Step Time =    1.000,"PLATE-1",          2949,             1,  -1.28375E-03,   475.735E-03,            0.,"ASSEMBLY_PLATE-1__PICKEDSET2","ROCK","",  -956.095E-03,      -1.94719,      -1.94397,  -959.315E-03,   56.3997E-03
F:/Desktop/DeepOnet_Abaqus/StaticElasticJob6.odb,Step-1,Increment      1: Step Time =    1.000,"PLATE-1",          2950,             1,  -588.902E-03,  -12.3187E-03,            0.,"ASSEMBLY_PLATE-1__PICKEDSET2","ROCK","",      -1.15828,      -1.34199,      -1.33312,      -1.16715,   39.3850E-03
F:/Desktop/DeepOnet_Abaqus/StaticElasticJob6.odb,Step-1,Increment      1: Step Time =    1.000,"PLATE-1",          2951,             1,  -597.998E-03,  -107.101E-03,            0.,"ASSEMBLY_PLATE-1__PICKEDSET2","ROCK","",      -1.08926,      -1.44585,      -1.39869,      -1.13642,   120.803E-03
F:/Desktop/DeepOnet_Abaqus/StaticElasticJob6.odb,Step-1,Increment      1: Step Time =    1.000,"PLATE-1",          2952,             1,  -252.653E-03,  -379.176E-03,            0.,"ASSEMBLY_PLATE-1__PICKEDSET2","ROCK","",  -893.045E-03,      -1.90905,      -1.85208,  -950.020E-03,   233.752E-03
F:/Desktop/DeepOnet_Abaqus/StaticElasticJob6.odb,Step-1,Increment      1: Step Time =    1.000,"PLATE-1",          2953,             1,  -312.899E-03,  -424.393E-03,            0.,"ASSEMBLY_PLATE-1__PICKEDSET2","ROCK","",  -928.111E-03,      -1.82606,      -1.78803,  -966.140E-03,   180.837E-03
F:/Desktop/DeepOnet_Abaqus/StaticElasticJob6.odb,Step-1,Increment      1: Step Time =    1.000,"PLATE-1",          2954,             1,  -263.638E-03,  -495.617E-03,            0.,"ASSEMBLY_PLATE-1__PICKEDSET2","ROCK","",  -923.562E-03,      -1.83121,      -1.81118,  -943.593E-03,   133.340E-03
F:/Desktop/DeepOnet_Abaqus/StaticElasticJob6.odb,Step-1,Increment      1: Step Time =    1.000,"PLATE-1",          2955,             1,   590.289E-03,   70.5643E-03,            0.,"ASSEMBLY_PLATE-1__PICKEDSET2","ROCK","",      -1.15674,      -1.41485,      -1.39088,      -1.18071,   74.9127E-03
F:/Desktop/DeepOnet_Abaqus/StaticElasticJob6.odb,Step-1,Increment      1: Step Time =    1.000,"PLATE-1",          2956,             1,   648.723E-03,   213.239E-03,            0.,"ASSEMBLY_PLATE-1__PICKEDSET2","ROCK","",      -1.06704,      -1.58468,      -1.54738,      -1.10435,   133.862E-03
F:/Desktop/DeepOnet_Abaqus/StaticElasticJob6.odb,Step-1,Increment      1: Step Time =    1.000,"PLATE-1",          2957,             1,   614.129E-03,  -322.229E-03,            0.,"ASSEMBLY_PLATE-1__PICKEDSET2","ROCK","",      -1.01676,      -1.63461,      -1.60027,      -1.05109,  -141.538E-03
F:/Desktop/DeepOnet_Abaqus/StaticElasticJob6.odb,Step-1,Increment      1: Step Time =    1.000,"PLATE-1",          2958,             1,   630.331E-03,  -482.943E-03,            0.,"ASSEMBLY_PLATE-1__PICKEDSET2","ROCK","",  -994.980E-03,      -1.68127,      -1.66514,      -1.01111,  -103.969E-03
F:/Desktop/DeepOnet_Abaqus/StaticElasticJob6.odb,Step-1,Increment      1: Step Time =    1.000,"PLATE-1",          2959,             1,   472.360E-03,  -582.607E-03,            0.,"ASSEMBLY_PLATE-1__PICKEDSET2","ROCK","",  -972.181E-03,      -1.73185,      -1.72083,  -983.204E-03,  -90.8403E-03
F:/Desktop/DeepOnet_Abaqus/StaticElasticJob6.odb,Step-1,Increment      1: Step Time =    1.000,"PLATE-1",          2960,             1,   595.334E-03,   278.318E-03,            0.,"ASSEMBLY_PLATE-1__PICKEDSET2","ROCK","",      -1.00945,      -1.65692,      -1.60905,      -1.05731,   169.409E-03
F:/Desktop/DeepOnet_Abaqus/StaticElasticJob6.odb,Step-1,Increment      1: Step Time =    1.000,"PLATE-1",          2961,             1,      -1.01521,  -434.866E-03,            0.,"ASSEMBLY_PLATE-1__PICKEDSET2","ROCK","",      -1.01141,      -1.61640,      -1.60929,      -1.01852,   65.1847E-03
F:/Desktop/DeepOnet_Abaqus/StaticElasticJob6.odb,Step-1,Increment      1: Step Time =    1.000,"PLATE-1",          2962,             1,  -216.106E-03,   475.871E-03,            0.,"ASSEMBLY_PLATE-1__PICKEDSET2","ROCK","",  -896.800E-03,      -1.86985,      -1.86920,  -897.446E-03,  -25.0737E-03
F:/Desktop/DeepOnet_Abaqus/StaticElasticJob6.odb,Step-1,Increment      1: Step Time =    1.000,"PLATE-1",          2963,             1,   36.3471E-03,  -505.039E-03,            0.,"ASSEMBLY_PLATE-1__PICKEDSET2","ROCK","",  -840.918E-03,      -1.94269,      -1.94199,  -841.612E-03,  -27.6500E-03
F:/Desktop/DeepOnet_Abaqus/StaticElasticJob6.odb,Step-1,Increment      1: Step Time =    1.000,"PLATE-1",          2964,             1,      -1.07924,  -440.051E-03,            0.,"ASSEMBLY_PLATE-1__PICKEDSET2","ROCK","",      -1.01284,      -1.61465,      -1.60865,      -1.01884,   59.7942E-03
F:/Desktop/DeepOnet_Abaqus/StaticElasticJob6.odb,Step-1,Increment      1: Step Time =    1.000,"PLATE-1",          2965,             1,  -614.734E-03,  -449.432E-03,            0.,"ASSEMBLY_PLATE-1__PICKEDSET2","ROCK","",  -975.791E-03,      -1.67449,      -1.65237,  -997.905E-03,   122.320E-03
F:/Desktop/DeepOnet_Abaqus/StaticElasticJob6.odb,Step-1,Increment      1: Step Time =    1.000,"PLATE-1",          2966,             1,  -553.974E-03,  -460.760E-03,            0.,"ASSEMBLY_PLATE-1__PICKEDSET2","ROCK","",  -966.838E-03,      -1.69721,      -1.67442,  -989.632E-03,   126.997E-03
F:/Desktop/DeepOnet_Abaqus/StaticElasticJob6.odb,Step-1,Increment      1: Step Time =    1.000,"PLATE-1",          2967,             1,   572.532E-03,  -245.613E-03,            0.,"ASSEMBLY_PLATE-1__PICKEDSET2","ROCK","",      -1.02959,      -1.59903,      -1.54490,      -1.08372,  -167.017E-03
F:/Desktop/DeepOnet_Abaqus/StaticElasticJob6.odb,Step-1,Increment      1: Step Time =    1.000,"PLATE-1",          2968,             1,  -163.411E-03,   498.445E-03,            0.,"ASSEMBLY_PLATE-1__PICKEDSET2","ROCK","",  -919.278E-03,      -1.87759,      -1.87750,  -919.372E-03,   9.49005E-03
F:/Desktop/DeepOnet_Abaqus/StaticElasticJob6.odb,Step-1,Increment      1: Step Time =    1.000,"PLATE-1",          2969,             1,   215.971E-03,  -482.995E-03,            0.,"ASSEMBLY_PLATE-1__PICKEDSET2","ROCK","",  -901.434E-03,      -1.87128,      -1.85179,  -920.923E-03,  -136.095E-03
F:/Desktop/DeepOnet_Abaqus/StaticElasticJob6.odb,Step-1,Increment      1: Step Time =    1.000,"PLATE-1",          2970,             1,   287.104E-03,  -543.419E-03,            0.,"ASSEMBLY_PLATE-1__PICKEDSET2","ROCK","",  -940.894E-03,      -1.80421,      -1.79125,  -953.847E-03,  -104.950E-03
F:/Desktop/DeepOnet_Abaqus/StaticElasticJob6.odb,Step-1,Increment      1: Step Time =    1.000,"PLATE-1",          2971,             1,   586.592E-03,  -180.842E-03,            0.,"ASSEMBLY_PLATE-1__PICKEDSET2","ROCK","",      -1.06837,      -1.53424,      -1.47797,      -1.12465,  -151.817E-03
F:/Desktop/DeepOnet_Abaqus/StaticElasticJob6.odb,Step-1,Increment      1: Step Time =    1.000,"PLATE-1",          2972,             1,  -292.568E-03,   531.140E-03,            0.,"ASSEMBLY_PLATE-1__PICKEDSET2","ROCK","",  -911.211E-03,      -1.79514,      -1.79413,  -912.221E-03,  -29.8623E-03
F:/Desktop/DeepOnet_Abaqus/StaticElasticJob6.odb,Step-1,Increment      1: Step Time =    1.000,"PLATE-1",          2973,             1,  -365.621E-03,   472.821E-03,            0.,"ASSEMBLY_PLATE-1__PICKEDSET2","ROCK","",  -894.224E-03,      -1.76916,      -1.76069,  -902.696E-03,  -85.6737E-03
F:/Desktop/DeepOnet_Abaqus/StaticElasticJob6.odb,Step-1,Increment      1: Step Time =    1.000,"PLATE-1",          2974,             1,  -54.1726E-03,       1.06704,            0.,"ASSEMBLY_PLATE-1__PICKEDSET2","ROCK","",      -1.04231,      -1.57375,      -1.56989,      -1.04616,   45.1025E-03
F:/Desktop/DeepOnet_Abaqus/StaticElasticJob6.odb,Step-1,Increment      1: Step Time =    1.000,"PLATE-1",          2975,             1,  -400.788E-06,       1.03936,            0.,"ASSEMBLY_PLATE-1__PICKEDSET2","ROCK","",      -1.03988,      -1.57761,      -1.56999,      -1.04750,   63.5494E-03
F:/Desktop/DeepOnet_Abaqus/StaticElasticJob6.odb,Step-1,Increment      1: Step Time =    1.000,"PLATE-1",          2976,             1,   153.844E-03,   542.279E-03,            0.,"ASSEMBLY_PLATE-1__PICKEDSET2","ROCK","",  -928.186E-03,      -1.88594,      -1.87714,  -936.986E-03,   91.3784E-03
F:/Desktop/DeepOnet_Abaqus/StaticElasticJob6.odb,Step-1,Increment      1: Step Time =    1.000,"PLATE-1",          2977,             1,  -437.391E-03,   332.928E-03,            0.,"ASSEMBLY_PLATE-1__PICKEDSET2","ROCK","",  -865.393E-03,      -1.70894,      -1.64628,  -928.060E-03,  -221.214E-03
F:/Desktop/DeepOnet_Abaqus/StaticElasticJob6.odb,Step-1,Increment      1: Step Time =    1.000,"PLATE-1",          2978,             1,  -383.428E-03,   344.831E-03,            0.,"ASSEMBLY_PLATE-1__PICKEDSET2","ROCK","",  -852.048E-03,      -1.74787,      -1.69646,  -903.450E-03,  -208.338E-03
F:/Desktop/DeepOnet_Abaqus/StaticElasticJob6.odb,Step-1,Increment      1: Step Time =    1.000,"PLATE-1",          2979,             1,       1.08754,  -359.846E-03,            0.,"ASSEMBLY_PLATE-1__PICKEDSET2","ROCK","",      -1.03672,      -1.62209,      -1.61980,      -1.03900,  -36.5004E-03
F:/Desktop/DeepOnet_Abaqus/StaticElasticJob6.odb,Step-1,Increment      1: Step Time =    1.000,"PLATE-1",          2980,             1,  -461.342E-03,   319.705E-03,            0.,"ASSEMBLY_PLATE-1__PICKEDSET2","ROCK","",  -900.448E-03,      -1.66272,      -1.60397,  -959.197E-03,  -203.301E-03
F:/Desktop/DeepOnet_Abaqus/StaticElasticJob6.odb,Step-1,Increment      1: Step Time =    1.000,"PLATE-1",          2981,             1,   752.134E-03,   182.530E-03,            0.,"ASSEMBLY_PLATE-1__PICKEDSET2","ROCK","",      -1.09726,      -1.57505,      -1.55725,      -1.11507,   90.4951E-03
F:/Desktop/DeepOnet_Abaqus/StaticElasticJob6.odb,Step-1,Increment      1: Step Time =    1.000,"PLATE-1",          2982,             1,  -53.2264E-03,   591.308E-03,            0.,"ASSEMBLY_PLATE-1__PICKEDSET2","ROCK","",  -970.128E-03,      -1.82106,      -1.81621,  -974.972E-03,   64.0211E-03
F:/Desktop/DeepOnet_Abaqus/StaticElasticJob6.odb,Step-1,Increment      1: Step Time =    1.000,"PLATE-1",          2983,             1,  -450.438E-03,   872.109E-03,            0.,"ASSEMBLY_PLATE-1__PICKEDSET2","ROCK","",  -988.725E-03,      -1.65518,      -1.65494,  -988.962E-03,   12.5650E-03
F:/Desktop/DeepOnet_Abaqus/StaticElasticJob6.odb,Step-1,Increment      1: Step Time =    1.000,"PLATE-1",          2984,             1,  -686.940E-03,   167.574E-03,            0.,"ASSEMBLY_PLATE-1__PICKEDSET2","ROCK","",      -1.07291,      -1.47003,      -1.45522,      -1.08772,  -75.2425E-03
F:/Desktop/DeepOnet_Abaqus/StaticElasticJob6.odb,Step-1,Increment      1: Step Time =    1.000,"PLATE-1",          2985,             1,   207.472E-03,   712.777E-03,            0.,"ASSEMBLY_PLATE-1__PICKEDSET2","ROCK","",  -942.565E-03,      -1.77184,      -1.75512,  -959.286E-03,   116.562E-03
F:/Desktop/DeepOnet_Abaqus/StaticElasticJob6.odb,Step-1,Increment      1: Step Time =    1.000,"PLATE-1",          2986,             1,  -454.931E-03,   355.636E-03,            0.,"ASSEMBLY_PLATE-1__PICKEDSET2","ROCK","",  -896.421E-03,      -1.68484,      -1.64040,  -940.867E-03,  -181.842E-03
F:/Desktop/DeepOnet_Abaqus/StaticElasticJob6.odb,Step-1,Increment      1: Step Time =    1.000,"PLATE-1",          2987,             1,   540.922E-03,  -592.908E-03,            0.,"ASSEMBLY_PLATE-1__PICKEDSET2","ROCK","",  -980.717E-03,      -1.71255,      -1.70240,  -990.859E-03,  -85.5536E-03
F:/Desktop/DeepOnet_Abaqus/StaticElasticJob6.odb,Step-1,Increment      1: Step Time =    1.000,"PLATE-1",          2988,             1,  -263.017E-03,  -556.682E-03,            0.,"ASSEMBLY_PLATE-1__PICKEDSET2","ROCK","",  -933.288E-03,      -1.80941,      -1.79783,  -944.863E-03,   100.039E-03
F:/Desktop/DeepOnet_Abaqus/StaticElasticJob6.odb,Step-1,Increment      1: Step Time =    1.000,"PLATE-1",          2989,             1,   572.784E-03,  -213.514E-03,            0.,"ASSEMBLY_PLATE-1__PICKEDSET2","ROCK","",      -1.04836,      -1.56591,      -1.50790,      -1.10637,  -163.270E-03
F:/Desktop/DeepOnet_Abaqus/StaticElasticJob6.odb,Step-1,Increment      1: Step Time =    1.000,"PLATE-1",          2990,             1,   757.027E-03,   49.5990E-03,            0.,"ASSEMBLY_PLATE-1__PICKEDSET2","ROCK","",      -1.13216,      -1.50578,      -1.50268,      -1.13526,   33.8850E-03
F:/Desktop/DeepOnet_Abaqus/StaticElasticJob6.odb,Step-1,Increment      1: Step Time =    1.000,"PLATE-1",          2991,             1,   254.080E-03,  -535.432E-03,            0.,"ASSEMBLY_PLATE-1__PICKEDSET2","ROCK","",  -928.742E-03,      -1.82367,      -1.81083,  -941.580E-03,  -106.417E-03
F:/Desktop/DeepOnet_Abaqus/StaticElasticJob6.odb,Step-1,Increment      1: Step Time =    1.000,"PLATE-1",          2992,             1,   230.024E-03,  -594.470E-03,            0.,"ASSEMBLY_PLATE-1__PICKEDSET2","ROCK","",  -936.126E-03,      -1.80834,      -1.80124,  -943.226E-03,  -78.3752E-03
F:/Desktop/DeepOnet_Abaqus/StaticElasticJob6.odb,Step-1,Increment      1: Step Time =    1.000,"PLATE-1",          2993,             1,   322.738E-03,  -562.281E-03,            0.,"ASSEMBLY_PLATE-1__PICKEDSET2","ROCK","",  -948.102E-03,      -1.78711,      -1.77525,  -959.965E-03,  -99.0565E-03
F:/Desktop/DeepOnet_Abaqus/StaticElasticJob6.odb,Step-1,Increment      1: Step Time =    1.000,"PLATE-1",          2994,             1,   304.460E-03,  -608.536E-03,            0.,"ASSEMBLY_PLATE-1__PICKEDSET2","ROCK","",  -948.879E-03,      -1.78621,      -1.77862,  -956.473E-03,  -79.3820E-03
F:/Desktop/DeepOnet_Abaqus/StaticElasticJob6.odb,Step-1,Increment      1: Step Time =    1.000,"PLATE-1",          2995,             1,  -250.159E-03,   502.021E-03,            0.,"ASSEMBLY_PLATE-1__PICKEDSET2","ROCK","",  -901.454E-03,      -1.83091,      -1.83005,  -902.307E-03,  -28.1515E-03
F:/Desktop/DeepOnet_Abaqus/StaticElasticJob6.odb,Step-1,Increment      1: Step Time =    1.000,"PLATE-1",          2996,             1,   454.880E-03,  -702.312E-03,            0.,"ASSEMBLY_PLATE-1__PICKEDSET2","ROCK","",  -977.346E-03,      -1.72529,      -1.72007,  -982.563E-03,  -62.2433E-03
F:/Desktop/DeepOnet_Abaqus/StaticElasticJob6.odb,Step-1,Increment      1: Step Time =    1.000,"PLATE-1",          2997,             1,  -86.1917E-03,   625.366E-03,            0.,"ASSEMBLY_PLATE-1__PICKEDSET2","ROCK","",  -971.194E-03,      -1.79509,      -1.79029,  -975.996E-03,   62.7135E-03
F:/Desktop/DeepOnet_Abaqus/StaticElasticJob6.odb,Step-1,Increment      1: Step Time =    1.000,"PLATE-1",          2998,             1,  -434.793E-03,   501.540E-03,            0.,"ASSEMBLY_PLATE-1__PICKEDSET2","ROCK","",  -913.607E-03,      -1.72667,      -1.71792,  -922.360E-03,  -83.9058E-03
F:/Desktop/DeepOnet_Abaqus/StaticElasticJob6.odb,Step-1,Increment      1: Step Time =    1.000,"PLATE-1",          2999,             1,   166.546E-03,  -792.111E-03,            0.,"ASSEMBLY_PLATE-1__PICKEDSET2","ROCK","",  -963.376E-03,      -1.75833,      -1.75751,  -964.198E-03,  -25.5608E-03
F:/Desktop/DeepOnet_Abaqus/StaticElasticJob6.odb,Step-1,Increment      1: Step Time =    1.000,"PLATE-1",          3000,             1,   558.698E-03,  -642.835E-03,            0.,"ASSEMBLY_PLATE-1__PICKEDSET2","ROCK","",  -982.556E-03,      -1.70960,      -1.70220,  -989.958E-03,  -72.9885E-03
F:/Desktop/DeepOnet_Abaqus/StaticElasticJob6.odb,Step-1,Increment      1: Step Time =    1.000,"PLATE-1",          3001,             1,   95.7126E-03,  -591.204E-03,            0.,"ASSEMBLY_PLATE-1__PICKEDSET2","ROCK","",  -905.815E-03,      -1.85380,      -1.85188,  -907.730E-03,  -42.5668E-03
F:/Desktop/DeepOnet_Abaqus/StaticElasticJob6.odb,Step-1,Increment      1: Step Time =    1.000,"PLATE-1",          3002,             1,  -51.0583E-03,  -633.949E-03,            0.,"ASSEMBLY_PLATE-1__PICKEDSET2","ROCK","",  -916.770E-03,      -1.83477,      -1.83418,  -917.357E-03,   23.2090E-03
F:/Desktop/DeepOnet_Abaqus/StaticElasticJob6.odb,Step-1,Increment      1: Step Time =    1.000,"PLATE-1",          3003,             1,  -451.741E-03,   789.070E-03,            0.,"ASSEMBLY_PLATE-1__PICKEDSET2","ROCK","",  -975.347E-03,      -1.67296,      -1.67294,  -975.374E-03,   4.27096E-03
F:/Desktop/DeepOnet_Abaqus/StaticElasticJob6.odb,Step-1,Increment      1: Step Time =    1.000,"PLATE-1",          3004,             1,   713.733E-03,  -256.146E-03,            0.,"ASSEMBLY_PLATE-1__PICKEDSET2","ROCK","",      -1.05922,      -1.58169,      -1.56102,      -1.07989,  -101.838E-03
F:/Desktop/DeepOnet_Abaqus/StaticElasticJob6.odb,Step-1,Increment      1: Step Time =    1.000,"PLATE-1",          3005,             1,  -785.365E-03,  -213.051E-03,            0.,"ASSEMBLY_PLATE-1__PICKEDSET2","ROCK","",      -1.04454,      -1.54824,      -1.53061,      -1.06217,   92.5721E-03
F:/Desktop/DeepOnet_Abaqus/StaticElasticJob6.odb,Step-1,Increment      1: Step Time =    1.000,"PLATE-1",          3006,             1,  -801.406E-03,   164.507E-03,            0.,"ASSEMBLY_PLATE-1__PICKEDSET2","ROCK","",      -1.07102,      -1.49621,      -1.49272,      -1.07452,  -38.3927E-03
F:/Desktop/DeepOnet_Abaqus/StaticElasticJob6.odb,Step-1,Increment      1: Step Time =    1.000,"PLATE-1",          3007,             1,  -290.664E-03,   620.518E-03,            0.,"ASSEMBLY_PLATE-1__PICKEDSET2","ROCK","",  -942.349E-03,      -1.75837,      -1.75828,  -942.437E-03,   8.49676E-03
F:/Desktop/DeepOnet_Abaqus/StaticElasticJob6.odb,Step-1,Increment      1: Step Time =    1.000,"PLATE-1",          3008,             1,   648.681E-03,  -687.346E-03,            0.,"ASSEMBLY_PLATE-1__PICKEDSET2","ROCK","",  -990.060E-03,      -1.69458,      -1.68891,  -995.729E-03,  -62.9423E-03
F:/Desktop/DeepOnet_Abaqus/StaticElasticJob6.odb,Step-1,Increment      1: Step Time =    1.000,"PLATE-1",          3009,             1,  -167.017E-03,  -676.396E-03,            0.,"ASSEMBLY_PLATE-1__PICKEDSET2","ROCK","",  -941.686E-03,      -1.79259,      -1.79032,  -943.960E-03,   43.9304E-03
F:/Desktop/DeepOnet_Abaqus/StaticElasticJob6.odb,Step-1,Increment      1: Step Time =    1.000,"PLATE-1",          3010,             1,  -779.904E-03,   398.235E-03,            0.,"ASSEMBLY_PLATE-1__PICKEDSET2","ROCK","",      -1.00675,      -1.58395,      -1.57448,      -1.01623,  -73.3534E-03
F:/Desktop/DeepOnet_Abaqus/StaticElasticJob6.odb,Step-1,Increment      1: Step Time =    1.000,"PLATE-1",          3011,             1,  -775.402E-03,   444.004E-03,            0.,"ASSEMBLY_PLATE-1__PICKEDSET2","ROCK","",  -999.410E-03,      -1.59657,      -1.58813,      -1.00785,  -70.4968E-03
F:/Desktop/DeepOnet_Abaqus/StaticElasticJob6.odb,Step-1,Increment      1: Step Time =    1.000,"PLATE-1",          3012,             1,   761.668E-03,  -564.122E-03,            0.,"ASSEMBLY_PLATE-1__PICKEDSET2","ROCK","",      -1.00421,      -1.66795,      -1.66003,      -1.01214,  -72.0982E-03
F:/Desktop/DeepOnet_Abaqus/StaticElasticJob6.odb,Step-1,Increment      1: Step Time =    1.000,"PLATE-1",          3013,             1,   720.593E-03,  -626.837E-03,            0.,"ASSEMBLY_PLATE-1__PICKEDSET2","ROCK","",  -997.470E-03,      -1.67963,      -1.67292,      -1.00418,  -67.3427E-03
F:/Desktop/DeepOnet_Abaqus/StaticElasticJob6.odb,Step-1,Increment      1: Step Time =    1.000,"PLATE-1",          3014,             1,  -507.218E-03,   517.633E-03,            0.,"ASSEMBLY_PLATE-1__PICKEDSET2","ROCK","",  -935.310E-03,      -1.69018,      -1.68178,  -943.706E-03,  -79.1668E-03
F:/Desktop/DeepOnet_Abaqus/StaticElasticJob6.odb,Step-1,Increment      1: Step Time =    1.000,"PLATE-1",          3015,             1,   142.879E-03,  -639.678E-03,            0.,"ASSEMBLY_PLATE-1__PICKEDSET2","ROCK","",  -930.578E-03,      -1.81634,      -1.81405,  -932.862E-03,  -44.9245E-03
F:/Desktop/DeepOnet_Abaqus/StaticElasticJob6.odb,Step-1,Increment      1: Step Time =    1.000,"PLATE-1",          3016,             1,   157.985E-03,  -685.165E-03,            0.,"ASSEMBLY_PLATE-1__PICKEDSET2","ROCK","",  -943.843E-03,      -1.79339,      -1.79173,  -945.500E-03,  -37.4803E-03
F:/Desktop/DeepOnet_Abaqus/StaticElasticJob6.odb,Step-1,Increment      1: Step Time =    1.000,"PLATE-1",          3017,             1,  -646.159E-06,   705.297E-03,            0.,"ASSEMBLY_PLATE-1__PICKEDSET2","ROCK","",  -983.738E-03,      -1.75355,      -1.74518,  -992.103E-03,   79.8091E-03
F:/Desktop/DeepOnet_Abaqus/StaticElasticJob6.odb,Step-1,Increment      1: Step Time =    1.000,"PLATE-1",          3018,             1,  -723.515E-03,   459.174E-03,            0.,"ASSEMBLY_PLATE-1__PICKEDSET2","ROCK","",  -988.750E-03,      -1.60847,      -1.59885,  -998.372E-03,  -76.6189E-03
F:/Desktop/DeepOnet_Abaqus/StaticElasticJob6.odb,Step-1,Increment      1: Step Time =    1.000,"PLATE-1",          3019,             1,  -284.108E-03,   703.973E-03,            0.,"ASSEMBLY_PLATE-1__PICKEDSET2","ROCK","",  -963.926E-03,      -1.72563,      -1.72461,  -964.943E-03,   27.8123E-03
F:/Desktop/DeepOnet_Abaqus/StaticElasticJob6.odb,Step-1,Increment      1: Step Time =    1.000,"PLATE-1",          3020,             1,   107.318E-03,  -696.266E-03,            0.,"ASSEMBLY_PLATE-1__PICKEDSET2","ROCK","",  -943.183E-03,      -1.79444,      -1.79348,  -944.143E-03,  -28.5643E-03
F:/Desktop/DeepOnet_Abaqus/StaticElasticJob6.odb,Step-1,Increment      1: Step Time =    1.000,"PLATE-1",          3021,             1,  -564.180E-03,   571.332E-03,            0.,"ASSEMBLY_PLATE-1__PICKEDSET2","ROCK","",  -952.522E-03,      -1.67159,      -1.66645,  -957.660E-03,  -60.5684E-03
F:/Desktop/DeepOnet_Abaqus/StaticElasticJob6.odb,Step-1,Increment      1: Step Time =    1.000,"PLATE-1",          3022,             1,  -447.164E-03,   716.258E-03,            0.,"ASSEMBLY_PLATE-1__PICKEDSET2","ROCK","",  -961.511E-03,      -1.68858,      -1.68847,  -961.623E-03,  -9.03254E-03
F:/Desktop/DeepOnet_Abaqus/StaticElasticJob6.odb,Step-1,Increment      1: Step Time =    1.000,"PLATE-1",          3023,             1,  -418.527E-03,   658.456E-03,            0.,"ASSEMBLY_PLATE-1__PICKEDSET2","ROCK","",  -951.839E-03,      -1.70552,      -1.70530,  -952.059E-03,  -12.8708E-03
